model,variant,split,seed,set,id,label,prob
afroxlmr,strip,template,2026,val,bongo_0004,1,0.999833
afroxlmr,strip,template,2026,val,bongo_0007,1,0.999840
afroxlmr,strip,template,2026,val,bongo_0008,0,0.000172
afroxlmr,strip,template,2026,val,bongo_0031,1,0.999832
afroxlmr,strip,template,2026,val,bongo_0033,0,0.000205
afroxlmr,strip,template,2026,val,bongo_0036,1,0.999808
afroxlmr,strip,template,2026,val,bongo_0046,1,0.999833
afroxlmr,strip,template,2026,val,bongo_0052,1,0.999823
afroxlmr,strip,template,2026,val,bongo_0057,1,0.999790
afroxlmr,strip,template,2026,val,bongo_0063,0,0.000161
afroxlmr,strip,template,2026,val,bongo_0065,0,0.000165
afroxlmr,strip,template,2026,val,bongo_0076,0,0.000204
afroxlmr,strip,template,2026,val,bongo_0081,0,0.000163
afroxlmr,strip,template,2026,val,bongo_0088,1,0.999835
afroxlmr,strip,template,2026,val,bongo_0089,1,0.999834
afroxlmr,strip,template,2026,val,bongo_0095,0,0.000195
afroxlmr,strip,template,2026,val,bongo_0101,1,0.999810
afroxlmr,strip,template,2026,val,bongo_0102,1,0.999832
afroxlmr,strip,template,2026,val,bongo_0103,1,0.999779
afroxlmr,strip,template,2026,val,bongo_0105,0,0.000237
afroxlmr,strip,template,2026,val,bongo_0111,0,0.000408
afroxlmr,strip,template,2026,val,bongo_0120,1,0.999836
afroxlmr,strip,template,2026,val,bongo_0121,0,0.000199
afroxlmr,strip,template,2026,val,bongo_0127,0,0.000174
afroxlmr,strip,template,2026,val,bongo_0145,0,0.000180
afroxlmr,strip,template,2026,val,bongo_0148,0,0.000286
afroxlmr,strip,template,2026,val,bongo_0181,1,0.999789
afroxlmr,strip,template,2026,val,bongo_0186,0,0.000177
afroxlmr,strip,template,2026,val,bongo_0191,0,0.000203
afroxlmr,strip,template,2026,val,bongo_0210,1,0.999820
afroxlmr,strip,template,2026,val,bongo_0226,1,0.999834
afroxlmr,strip,template,2026,val,bongo_0228,1,0.999832
afroxlmr,strip,template,2026,val,bongo_0235,1,0.999833
afroxlmr,strip,template,2026,val,bongo_0243,1,0.999844
afroxlmr,strip,template,2026,val,bongo_0247,1,0.999819
afroxlmr,strip,template,2026,val,bongo_0248,1,0.999823
afroxlmr,strip,template,2026,val,bongo_0264,0,0.000158
afroxlmr,strip,template,2026,val,bongo_0275,0,0.000174
afroxlmr,strip,template,2026,val,bongo_0278,1,0.999833
afroxlmr,strip,template,2026,val,bongo_0312,1,0.999833
afroxlmr,strip,template,2026,val,bongo_0315,1,0.999832
afroxlmr,strip,template,2026,val,bongo_0319,1,0.999833
afroxlmr,strip,template,2026,val,bongo_0353,1,0.999828
afroxlmr,strip,template,2026,val,bongo_0370,1,0.999819
afroxlmr,strip,template,2026,val,bongo_0377,1,0.999812
afroxlmr,strip,template,2026,val,bongo_0393,0,0.000175
afroxlmr,strip,template,2026,val,bongo_0403,1,0.999832
afroxlmr,strip,template,2026,val,bongo_0410,0,0.000244
afroxlmr,strip,template,2026,val,bongo_0411,0,0.000158
afroxlmr,strip,template,2026,val,bongo_0426,0,0.000196
afroxlmr,strip,template,2026,val,bongo_0430,0,0.000291
afroxlmr,strip,template,2026,val,bongo_0438,1,0.999809
afroxlmr,strip,template,2026,val,bongo_0451,1,0.999747
afroxlmr,strip,template,2026,val,bongo_0455,1,0.999823
afroxlmr,strip,template,2026,val,bongo_0466,1,0.999834
afroxlmr,strip,template,2026,val,bongo_0495,0,0.000246
afroxlmr,strip,template,2026,val,bongo_0499,1,0.999821
afroxlmr,strip,template,2026,val,bongo_0502,1,0.999781
afroxlmr,strip,template,2026,val,bongo_0548,0,0.000185
afroxlmr,strip,template,2026,val,bongo_0556,1,0.999818
afroxlmr,strip,template,2026,val,bongo_0557,1,0.999817
afroxlmr,strip,template,2026,val,bongo_0561,0,0.000231
afroxlmr,strip,template,2026,val,bongo_0563,0,0.000163
afroxlmr,strip,template,2026,val,bongo_0570,1,0.999836
afroxlmr,strip,template,2026,val,bongo_0581,0,0.000243
afroxlmr,strip,template,2026,val,bongo_0587,1,0.999816
afroxlmr,strip,template,2026,val,bongo_0593,0,0.000230
afroxlmr,strip,template,2026,val,bongo_0607,0,0.000179
afroxlmr,strip,template,2026,val,bongo_0610,0,0.000350
afroxlmr,strip,template,2026,val,bongo_0632,1,0.999829
afroxlmr,strip,template,2026,val,bongo_0634,0,0.000178
afroxlmr,strip,template,2026,val,bongo_0637,1,0.999820
afroxlmr,strip,template,2026,val,bongo_0643,0,0.000173
afroxlmr,strip,template,2026,val,bongo_0666,1,0.999832
afroxlmr,strip,template,2026,val,bongo_0672,0,0.000155
afroxlmr,strip,template,2026,val,bongo_0680,1,0.999809
afroxlmr,strip,template,2026,val,bongo_0681,0,0.000229
afroxlmr,strip,template,2026,val,bongo_0693,0,0.000189
afroxlmr,strip,template,2026,val,bongo_0694,0,0.000157
afroxlmr,strip,template,2026,val,bongo_0698,1,0.999836
afroxlmr,strip,template,2026,val,bongo_0726,0,0.000302
afroxlmr,strip,template,2026,val,bongo_0742,0,0.000179
afroxlmr,strip,template,2026,val,bongo_0752,0,0.000165
afroxlmr,strip,template,2026,val,bongo_0754,0,0.000289
afroxlmr,strip,template,2026,val,bongo_0762,1,0.999760
afroxlmr,strip,template,2026,val,bongo_0764,1,0.999832
afroxlmr,strip,template,2026,val,bongo_0788,1,0.999834
afroxlmr,strip,template,2026,val,bongo_0805,0,0.000176
afroxlmr,strip,template,2026,val,bongo_0809,0,0.000247
afroxlmr,strip,template,2026,val,bongo_0811,1,0.999829
afroxlmr,strip,template,2026,val,bongo_0823,1,0.999815
afroxlmr,strip,template,2026,val,bongo_0827,1,0.999826
afroxlmr,strip,template,2026,val,bongo_0833,0,0.000222
afroxlmr,strip,template,2026,val,bongo_0844,1,0.999834
afroxlmr,strip,template,2026,val,bongo_0869,1,0.999831
afroxlmr,strip,template,2026,val,bongo_0880,1,0.999834
afroxlmr,strip,template,2026,val,bongo_0886,1,0.999827
afroxlmr,strip,template,2026,val,bongo_0911,1,0.999805
afroxlmr,strip,template,2026,val,bongo_0919,0,0.000168
afroxlmr,strip,template,2026,val,bongo_0921,1,0.999821
afroxlmr,strip,template,2026,val,bongo_0922,0,0.000222
afroxlmr,strip,template,2026,val,bongo_0923,1,0.999825
afroxlmr,strip,template,2026,val,bongo_0943,1,0.999820
afroxlmr,strip,template,2026,val,bongo_0948,1,0.999821
afroxlmr,strip,template,2026,val,bongo_0949,1,0.999819
afroxlmr,strip,template,2026,val,bongo_0959,1,0.999811
afroxlmr,strip,template,2026,val,bongo_0961,1,0.999833
afroxlmr,strip,template,2026,val,bongo_0973,0,0.000166
afroxlmr,strip,template,2026,val,bongo_0988,0,0.000167
afroxlmr,strip,template,2026,val,bongo_0992,0,0.000223
afroxlmr,strip,template,2026,val,bongo_1001,1,0.999828
afroxlmr,strip,template,2026,val,bongo_1028,1,0.999803
afroxlmr,strip,template,2026,val,bongo_1039,0,0.000167
afroxlmr,strip,template,2026,val,bongo_1044,0,0.000176
afroxlmr,strip,template,2026,val,bongo_1082,0,0.000197
afroxlmr,strip,template,2026,val,bongo_1086,1,0.999836
afroxlmr,strip,template,2026,val,bongo_1099,0,0.000196
afroxlmr,strip,template,2026,val,bongo_1101,1,0.999819
afroxlmr,strip,template,2026,val,bongo_1108,0,0.000156
afroxlmr,strip,template,2026,val,bongo_1109,0,0.000171
afroxlmr,strip,template,2026,val,bongo_1120,0,0.000179
afroxlmr,strip,template,2026,val,bongo_1124,0,0.000189
afroxlmr,strip,template,2026,val,bongo_1130,1,0.999832
afroxlmr,strip,template,2026,val,bongo_1132,1,0.999819
afroxlmr,strip,template,2026,val,bongo_1137,1,0.999829
afroxlmr,strip,template,2026,val,bongo_1145,0,0.000163
afroxlmr,strip,template,2026,val,bongo_1153,0,0.000245
afroxlmr,strip,template,2026,val,bongo_1161,0,0.000218
afroxlmr,strip,template,2026,val,bongo_1162,0,0.000224
afroxlmr,strip,template,2026,val,bongo_1163,1,0.999833
afroxlmr,strip,template,2026,val,bongo_1166,1,0.999826
afroxlmr,strip,template,2026,val,bongo_1197,1,0.999804
afroxlmr,strip,template,2026,val,bongo_1203,1,0.999833
afroxlmr,strip,template,2026,val,bongo_1212,0,0.000186
afroxlmr,strip,template,2026,val,bongo_1213,1,0.999793
afroxlmr,strip,template,2026,val,bongo_1216,0,0.000198
afroxlmr,strip,template,2026,val,bongo_1224,1,0.999800
afroxlmr,strip,template,2026,val,bongo_1247,1,0.999812
afroxlmr,strip,template,2026,val,bongo_1251,1,0.999833
afroxlmr,strip,template,2026,val,bongo_1257,1,0.999819
afroxlmr,strip,template,2026,val,bongo_1258,1,0.999832
afroxlmr,strip,template,2026,val,bongo_1265,0,0.000329
afroxlmr,strip,template,2026,val,bongo_1272,0,0.000174
afroxlmr,strip,template,2026,val,bongo_1275,0,0.000231
afroxlmr,strip,template,2026,val,bongo_1296,0,0.000197
afroxlmr,strip,template,2026,val,bongo_1299,1,0.999815
afroxlmr,strip,template,2026,val,bongo_1307,1,0.999811
afroxlmr,strip,template,2026,val,bongo_1328,0,0.000180
afroxlmr,strip,template,2026,val,bongo_1335,0,0.000224
afroxlmr,strip,template,2026,val,bongo_1341,0,0.000184
afroxlmr,strip,template,2026,val,bongo_1349,0,0.000174
afroxlmr,strip,template,2026,val,bongo_1360,0,0.000172
afroxlmr,strip,template,2026,test,bongo_0025,1,0.999820
afroxlmr,strip,template,2026,test,bongo_0029,0,0.000307
afroxlmr,strip,template,2026,test,bongo_0039,1,0.999837
afroxlmr,strip,template,2026,test,bongo_0047,1,0.999832
afroxlmr,strip,template,2026,test,bongo_0053,0,0.000212
afroxlmr,strip,template,2026,test,bongo_0055,1,0.000327
afroxlmr,strip,template,2026,test,bongo_0061,1,0.254703
afroxlmr,strip,template,2026,test,bongo_0097,0,0.000201
afroxlmr,strip,template,2026,test,bongo_0107,0,0.000198
afroxlmr,strip,template,2026,test,bongo_0110,0,0.000238
afroxlmr,strip,template,2026,test,bongo_0112,1,0.003349
afroxlmr,strip,template,2026,test,bongo_0115,0,0.000175
afroxlmr,strip,template,2026,test,bongo_0143,0,0.000203
afroxlmr,strip,template,2026,test,bongo_0146,1,0.999833
afroxlmr,strip,template,2026,test,bongo_0154,1,0.999825
afroxlmr,strip,template,2026,test,bongo_0159,1,0.995923
afroxlmr,strip,template,2026,test,bongo_0160,0,0.000171
afroxlmr,strip,template,2026,test,bongo_0172,0,0.000450
afroxlmr,strip,template,2026,test,bongo_0173,1,0.979957
afroxlmr,strip,template,2026,test,bongo_0175,0,0.000188
afroxlmr,strip,template,2026,test,bongo_0182,0,0.000195
afroxlmr,strip,template,2026,test,bongo_0195,1,0.999815
afroxlmr,strip,template,2026,test,bongo_0197,0,0.000189
afroxlmr,strip,template,2026,test,bongo_0201,1,0.999831
afroxlmr,strip,template,2026,test,bongo_0203,1,0.999812
afroxlmr,strip,template,2026,test,bongo_0250,1,0.001318
afroxlmr,strip,template,2026,test,bongo_0253,0,0.000182
afroxlmr,strip,template,2026,test,bongo_0255,1,0.000523
afroxlmr,strip,template,2026,test,bongo_0265,1,0.000318
afroxlmr,strip,template,2026,test,bongo_0271,0,0.000163
afroxlmr,strip,template,2026,test,bongo_0300,0,0.000181
afroxlmr,strip,template,2026,test,bongo_0306,0,0.000185
afroxlmr,strip,template,2026,test,bongo_0356,1,0.000955
afroxlmr,strip,template,2026,test,bongo_0360,1,0.999838
afroxlmr,strip,template,2026,test,bongo_0361,1,0.999820
afroxlmr,strip,template,2026,test,bongo_0363,0,0.000229
afroxlmr,strip,template,2026,test,bongo_0368,0,0.000176
afroxlmr,strip,template,2026,test,bongo_0372,0,0.000157
afroxlmr,strip,template,2026,test,bongo_0380,1,0.001195
afroxlmr,strip,template,2026,test,bongo_0389,0,0.000169
afroxlmr,strip,template,2026,test,bongo_0395,0,0.000212
afroxlmr,strip,template,2026,test,bongo_0405,1,0.999791
afroxlmr,strip,template,2026,test,bongo_0424,1,0.999835
afroxlmr,strip,template,2026,test,bongo_0427,0,0.000342
afroxlmr,strip,template,2026,test,bongo_0434,1,0.142741
afroxlmr,strip,template,2026,test,bongo_0463,0,0.000256
afroxlmr,strip,template,2026,test,bongo_0476,1,0.999814
afroxlmr,strip,template,2026,test,bongo_0510,1,0.999809
afroxlmr,strip,template,2026,test,bongo_0531,0,0.000218
afroxlmr,strip,template,2026,test,bongo_0542,0,0.000169
afroxlmr,strip,template,2026,test,bongo_0545,0,0.000166
afroxlmr,strip,template,2026,test,bongo_0560,1,0.999839
afroxlmr,strip,template,2026,test,bongo_0565,1,0.001365
afroxlmr,strip,template,2026,test,bongo_0566,1,0.999828
afroxlmr,strip,template,2026,test,bongo_0571,0,0.000245
afroxlmr,strip,template,2026,test,bongo_0577,1,0.999802
afroxlmr,strip,template,2026,test,bongo_0580,1,0.999809
afroxlmr,strip,template,2026,test,bongo_0621,1,0.999791
afroxlmr,strip,template,2026,test,bongo_0624,1,0.999810
afroxlmr,strip,template,2026,test,bongo_0630,0,0.000160
afroxlmr,strip,template,2026,test,bongo_0638,1,0.999824
afroxlmr,strip,template,2026,test,bongo_0648,0,0.000334
afroxlmr,strip,template,2026,test,bongo_0674,0,0.000190
afroxlmr,strip,template,2026,test,bongo_0685,0,0.000203
afroxlmr,strip,template,2026,test,bongo_0697,1,0.001872
afroxlmr,strip,template,2026,test,bongo_0701,0,0.000172
afroxlmr,strip,template,2026,test,bongo_0706,1,0.158261
afroxlmr,strip,template,2026,test,bongo_0719,1,0.997105
afroxlmr,strip,template,2026,test,bongo_0721,1,0.999798
afroxlmr,strip,template,2026,test,bongo_0724,1,0.000624
afroxlmr,strip,template,2026,test,bongo_0729,1,0.999821
afroxlmr,strip,template,2026,test,bongo_0741,0,0.000167
afroxlmr,strip,template,2026,test,bongo_0749,1,0.996673
afroxlmr,strip,template,2026,test,bongo_0769,1,0.999746
afroxlmr,strip,template,2026,test,bongo_0770,1,0.000327
afroxlmr,strip,template,2026,test,bongo_0778,1,0.000348
afroxlmr,strip,template,2026,test,bongo_0787,1,0.999833
afroxlmr,strip,template,2026,test,bongo_0795,0,0.000360
afroxlmr,strip,template,2026,test,bongo_0806,1,0.021903
afroxlmr,strip,template,2026,test,bongo_0807,1,0.999794
afroxlmr,strip,template,2026,test,bongo_0818,0,0.000261
afroxlmr,strip,template,2026,test,bongo_0819,0,0.000202
afroxlmr,strip,template,2026,test,bongo_0835,0,0.000185
afroxlmr,strip,template,2026,test,bongo_0840,1,0.999839
afroxlmr,strip,template,2026,test,bongo_0855,1,0.005540
afroxlmr,strip,template,2026,test,bongo_0856,0,0.000177
afroxlmr,strip,template,2026,test,bongo_0864,1,0.999841
afroxlmr,strip,template,2026,test,bongo_0871,1,0.999833
afroxlmr,strip,template,2026,test,bongo_0872,0,0.000196
afroxlmr,strip,template,2026,test,bongo_0904,0,0.000191
afroxlmr,strip,template,2026,test,bongo_0905,1,0.999836
afroxlmr,strip,template,2026,test,bongo_0909,1,0.999807
afroxlmr,strip,template,2026,test,bongo_0917,1,0.000470
afroxlmr,strip,template,2026,test,bongo_0918,1,0.999811
afroxlmr,strip,template,2026,test,bongo_0950,0,0.000206
afroxlmr,strip,template,2026,test,bongo_0955,1,0.999811
afroxlmr,strip,template,2026,test,bongo_0956,0,0.000184
afroxlmr,strip,template,2026,test,bongo_0971,0,0.000180
afroxlmr,strip,template,2026,test,bongo_0983,0,0.000173
afroxlmr,strip,template,2026,test,bongo_0989,1,0.999835
afroxlmr,strip,template,2026,test,bongo_0994,0,0.000181
afroxlmr,strip,template,2026,test,bongo_1003,1,0.999839
afroxlmr,strip,template,2026,test,bongo_1006,0,0.000178
afroxlmr,strip,template,2026,test,bongo_1012,1,0.000757
afroxlmr,strip,template,2026,test,bongo_1015,0,0.000177
afroxlmr,strip,template,2026,test,bongo_1022,1,0.000399
afroxlmr,strip,template,2026,test,bongo_1037,0,0.000191
afroxlmr,strip,template,2026,test,bongo_1040,0,0.000190
afroxlmr,strip,template,2026,test,bongo_1042,1,0.999793
afroxlmr,strip,template,2026,test,bongo_1047,1,0.999835
afroxlmr,strip,template,2026,test,bongo_1050,0,0.000178
afroxlmr,strip,template,2026,test,bongo_1052,1,0.999812
afroxlmr,strip,template,2026,test,bongo_1059,0,0.000349
afroxlmr,strip,template,2026,test,bongo_1071,0,0.000179
afroxlmr,strip,template,2026,test,bongo_1090,0,0.000246
afroxlmr,strip,template,2026,test,bongo_1104,1,0.999824
afroxlmr,strip,template,2026,test,bongo_1115,0,0.000170
afroxlmr,strip,template,2026,test,bongo_1123,0,0.000159
afroxlmr,strip,template,2026,test,bongo_1125,0,0.000265
afroxlmr,strip,template,2026,test,bongo_1127,1,0.015016
afroxlmr,strip,template,2026,test,bongo_1131,1,0.999790
afroxlmr,strip,template,2026,test,bongo_1134,1,0.002945
afroxlmr,strip,template,2026,test,bongo_1135,0,0.000188
afroxlmr,strip,template,2026,test,bongo_1136,1,0.999831
afroxlmr,strip,template,2026,test,bongo_1138,1,0.999841
afroxlmr,strip,template,2026,test,bongo_1140,1,0.999822
afroxlmr,strip,template,2026,test,bongo_1154,1,0.999831
afroxlmr,strip,template,2026,test,bongo_1155,0,0.000182
afroxlmr,strip,template,2026,test,bongo_1171,1,0.999826
afroxlmr,strip,template,2026,test,bongo_1181,1,0.999809
afroxlmr,strip,template,2026,test,bongo_1185,1,0.000291
afroxlmr,strip,template,2026,test,bongo_1194,0,0.000160
afroxlmr,strip,template,2026,test,bongo_1195,1,0.000400
afroxlmr,strip,template,2026,test,bongo_1198,0,0.000184
afroxlmr,strip,template,2026,test,bongo_1204,1,0.000798
afroxlmr,strip,template,2026,test,bongo_1220,1,0.999832
afroxlmr,strip,template,2026,test,bongo_1233,1,0.999824
afroxlmr,strip,template,2026,test,bongo_1236,0,0.000186
afroxlmr,strip,template,2026,test,bongo_1240,1,0.000596
afroxlmr,strip,template,2026,test,bongo_1244,0,0.000171
afroxlmr,strip,template,2026,test,bongo_1249,0,0.000197
afroxlmr,strip,template,2026,test,bongo_1253,0,0.015056
afroxlmr,strip,template,2026,test,bongo_1260,0,0.000163
afroxlmr,strip,template,2026,test,bongo_1262,0,0.000827
afroxlmr,strip,template,2026,test,bongo_1278,1,0.000659
afroxlmr,strip,template,2026,test,bongo_1285,0,0.000179
afroxlmr,strip,template,2026,test,bongo_1293,1,0.999833
afroxlmr,strip,template,2026,test,bongo_1316,0,0.000193
afroxlmr,strip,template,2026,test,bongo_1327,1,0.000271
afroxlmr,strip,template,2026,test,bongo_1330,0,0.000212
afroxlmr,strip,template,2026,test,bongo_1359,0,0.000209
afroxlmr,strip,template,2026,test,bongo_1375,0,0.000198
afroxlmr,strip,template,2026,test_lookalike_1,bongo_0025,1,0.999824
afroxlmr,strip,template,2026,test_lookalike_1,bongo_0029,0,0.000307
afroxlmr,strip,template,2026,test_lookalike_1,bongo_0039,1,0.999835
afroxlmr,strip,template,2026,test_lookalike_1,bongo_0047,1,0.999831
afroxlmr,strip,template,2026,test_lookalike_1,bongo_0053,0,0.000212
afroxlmr,strip,template,2026,test_lookalike_1,bongo_0055,1,0.995398
afroxlmr,strip,template,2026,test_lookalike_1,bongo_0061,1,0.573354
afroxlmr,strip,template,2026,test_lookalike_1,bongo_0097,0,0.000201
afroxlmr,strip,template,2026,test_lookalike_1,bongo_0107,0,0.000198
afroxlmr,strip,template,2026,test_lookalike_1,bongo_0110,0,0.000238
afroxlmr,strip,template,2026,test_lookalike_1,bongo_0112,1,0.994859
afroxlmr,strip,template,2026,test_lookalike_1,bongo_0115,0,0.000175
afroxlmr,strip,template,2026,test_lookalike_1,bongo_0143,0,0.000203
afroxlmr,strip,template,2026,test_lookalike_1,bongo_0146,1,0.999838
afroxlmr,strip,template,2026,test_lookalike_1,bongo_0154,1,0.999830
afroxlmr,strip,template,2026,test_lookalike_1,bongo_0159,1,0.997448
afroxlmr,strip,template,2026,test_lookalike_1,bongo_0160,0,0.000171
afroxlmr,strip,template,2026,test_lookalike_1,bongo_0172,0,0.000450
afroxlmr,strip,template,2026,test_lookalike_1,bongo_0173,1,0.999598
afroxlmr,strip,template,2026,test_lookalike_1,bongo_0175,0,0.000188
afroxlmr,strip,template,2026,test_lookalike_1,bongo_0182,0,0.000195
afroxlmr,strip,template,2026,test_lookalike_1,bongo_0195,1,0.999823
afroxlmr,strip,template,2026,test_lookalike_1,bongo_0197,0,0.000189
afroxlmr,strip,template,2026,test_lookalike_1,bongo_0201,1,0.999826
afroxlmr,strip,template,2026,test_lookalike_1,bongo_0203,1,0.999815
afroxlmr,strip,template,2026,test_lookalike_1,bongo_0250,1,0.884526
afroxlmr,strip,template,2026,test_lookalike_1,bongo_0253,0,0.000182
afroxlmr,strip,template,2026,test_lookalike_1,bongo_0255,1,0.000390
afroxlmr,strip,template,2026,test_lookalike_1,bongo_0265,1,0.000250
afroxlmr,strip,template,2026,test_lookalike_1,bongo_0271,0,0.000163
afroxlmr,strip,template,2026,test_lookalike_1,bongo_0300,0,0.000181
afroxlmr,strip,template,2026,test_lookalike_1,bongo_0306,0,0.000185
afroxlmr,strip,template,2026,test_lookalike_1,bongo_0356,1,0.984284
afroxlmr,strip,template,2026,test_lookalike_1,bongo_0360,1,0.999841
afroxlmr,strip,template,2026,test_lookalike_1,bongo_0361,1,0.999823
afroxlmr,strip,template,2026,test_lookalike_1,bongo_0363,0,0.000229
afroxlmr,strip,template,2026,test_lookalike_1,bongo_0368,0,0.000176
afroxlmr,strip,template,2026,test_lookalike_1,bongo_0372,0,0.000157
afroxlmr,strip,template,2026,test_lookalike_1,bongo_0380,1,0.929951
afroxlmr,strip,template,2026,test_lookalike_1,bongo_0389,0,0.000169
afroxlmr,strip,template,2026,test_lookalike_1,bongo_0395,0,0.000212
afroxlmr,strip,template,2026,test_lookalike_1,bongo_0405,1,0.999825
afroxlmr,strip,template,2026,test_lookalike_1,bongo_0424,1,0.999832
afroxlmr,strip,template,2026,test_lookalike_1,bongo_0427,0,0.000342
afroxlmr,strip,template,2026,test_lookalike_1,bongo_0434,1,0.999025
afroxlmr,strip,template,2026,test_lookalike_1,bongo_0463,0,0.000256
afroxlmr,strip,template,2026,test_lookalike_1,bongo_0476,1,0.999821
afroxlmr,strip,template,2026,test_lookalike_1,bongo_0510,1,0.999815
afroxlmr,strip,template,2026,test_lookalike_1,bongo_0531,0,0.000218
afroxlmr,strip,template,2026,test_lookalike_1,bongo_0542,0,0.000169
afroxlmr,strip,template,2026,test_lookalike_1,bongo_0545,0,0.000166
afroxlmr,strip,template,2026,test_lookalike_1,bongo_0560,1,0.999839
afroxlmr,strip,template,2026,test_lookalike_1,bongo_0565,1,0.958352
afroxlmr,strip,template,2026,test_lookalike_1,bongo_0566,1,0.999833
afroxlmr,strip,template,2026,test_lookalike_1,bongo_0571,0,0.000245
afroxlmr,strip,template,2026,test_lookalike_1,bongo_0577,1,0.999803
afroxlmr,strip,template,2026,test_lookalike_1,bongo_0580,1,0.999822
afroxlmr,strip,template,2026,test_lookalike_1,bongo_0621,1,0.999821
afroxlmr,strip,template,2026,test_lookalike_1,bongo_0624,1,0.999800
afroxlmr,strip,template,2026,test_lookalike_1,bongo_0630,0,0.000160
afroxlmr,strip,template,2026,test_lookalike_1,bongo_0638,1,0.999831
afroxlmr,strip,template,2026,test_lookalike_1,bongo_0648,0,0.000334
afroxlmr,strip,template,2026,test_lookalike_1,bongo_0674,0,0.000190
afroxlmr,strip,template,2026,test_lookalike_1,bongo_0685,0,0.000203
afroxlmr,strip,template,2026,test_lookalike_1,bongo_0697,1,0.992993
afroxlmr,strip,template,2026,test_lookalike_1,bongo_0701,0,0.000172
afroxlmr,strip,template,2026,test_lookalike_1,bongo_0706,1,0.990772
afroxlmr,strip,template,2026,test_lookalike_1,bongo_0719,1,0.999632
afroxlmr,strip,template,2026,test_lookalike_1,bongo_0721,1,0.999766
afroxlmr,strip,template,2026,test_lookalike_1,bongo_0724,1,0.213298
afroxlmr,strip,template,2026,test_lookalike_1,bongo_0729,1,0.999830
afroxlmr,strip,template,2026,test_lookalike_1,bongo_0741,0,0.000167
afroxlmr,strip,template,2026,test_lookalike_1,bongo_0749,1,0.999647
afroxlmr,strip,template,2026,test_lookalike_1,bongo_0769,1,0.999759
afroxlmr,strip,template,2026,test_lookalike_1,bongo_0770,1,0.986161
afroxlmr,strip,template,2026,test_lookalike_1,bongo_0778,1,0.993430
afroxlmr,strip,template,2026,test_lookalike_1,bongo_0787,1,0.999843
afroxlmr,strip,template,2026,test_lookalike_1,bongo_0795,0,0.000360
afroxlmr,strip,template,2026,test_lookalike_1,bongo_0806,1,0.069355
afroxlmr,strip,template,2026,test_lookalike_1,bongo_0807,1,0.999815
afroxlmr,strip,template,2026,test_lookalike_1,bongo_0818,0,0.000261
afroxlmr,strip,template,2026,test_lookalike_1,bongo_0819,0,0.000202
afroxlmr,strip,template,2026,test_lookalike_1,bongo_0835,0,0.000185
afroxlmr,strip,template,2026,test_lookalike_1,bongo_0840,1,0.999844
afroxlmr,strip,template,2026,test_lookalike_1,bongo_0855,1,0.997953
afroxlmr,strip,template,2026,test_lookalike_1,bongo_0856,0,0.000177
afroxlmr,strip,template,2026,test_lookalike_1,bongo_0864,1,0.999831
afroxlmr,strip,template,2026,test_lookalike_1,bongo_0871,1,0.999820
afroxlmr,strip,template,2026,test_lookalike_1,bongo_0872,0,0.000196
afroxlmr,strip,template,2026,test_lookalike_1,bongo_0904,0,0.000191
afroxlmr,strip,template,2026,test_lookalike_1,bongo_0905,1,0.999830
afroxlmr,strip,template,2026,test_lookalike_1,bongo_0909,1,0.999823
afroxlmr,strip,template,2026,test_lookalike_1,bongo_0917,1,0.000896
afroxlmr,strip,template,2026,test_lookalike_1,bongo_0918,1,0.999824
afroxlmr,strip,template,2026,test_lookalike_1,bongo_0950,0,0.000206
afroxlmr,strip,template,2026,test_lookalike_1,bongo_0955,1,0.999821
afroxlmr,strip,template,2026,test_lookalike_1,bongo_0956,0,0.000184
afroxlmr,strip,template,2026,test_lookalike_1,bongo_0971,0,0.000180
afroxlmr,strip,template,2026,test_lookalike_1,bongo_0983,0,0.000173
afroxlmr,strip,template,2026,test_lookalike_1,bongo_0989,1,0.999816
afroxlmr,strip,template,2026,test_lookalike_1,bongo_0994,0,0.000181
afroxlmr,strip,template,2026,test_lookalike_1,bongo_1003,1,0.999839
afroxlmr,strip,template,2026,test_lookalike_1,bongo_1006,0,0.000178
afroxlmr,strip,template,2026,test_lookalike_1,bongo_1012,1,0.989792
afroxlmr,strip,template,2026,test_lookalike_1,bongo_1015,0,0.000177
afroxlmr,strip,template,2026,test_lookalike_1,bongo_1022,1,0.999182
afroxlmr,strip,template,2026,test_lookalike_1,bongo_1037,0,0.000191
afroxlmr,strip,template,2026,test_lookalike_1,bongo_1040,0,0.000190
afroxlmr,strip,template,2026,test_lookalike_1,bongo_1042,1,0.999836
afroxlmr,strip,template,2026,test_lookalike_1,bongo_1047,1,0.999829
afroxlmr,strip,template,2026,test_lookalike_1,bongo_1050,0,0.000178
afroxlmr,strip,template,2026,test_lookalike_1,bongo_1052,1,0.999816
afroxlmr,strip,template,2026,test_lookalike_1,bongo_1059,0,0.000349
afroxlmr,strip,template,2026,test_lookalike_1,bongo_1071,0,0.000179
afroxlmr,strip,template,2026,test_lookalike_1,bongo_1090,0,0.000246
afroxlmr,strip,template,2026,test_lookalike_1,bongo_1104,1,0.999810
afroxlmr,strip,template,2026,test_lookalike_1,bongo_1115,0,0.000170
afroxlmr,strip,template,2026,test_lookalike_1,bongo_1123,0,0.000159
afroxlmr,strip,template,2026,test_lookalike_1,bongo_1125,0,0.000265
afroxlmr,strip,template,2026,test_lookalike_1,bongo_1127,1,0.988917
afroxlmr,strip,template,2026,test_lookalike_1,bongo_1131,1,0.999758
afroxlmr,strip,template,2026,test_lookalike_1,bongo_1134,1,0.539447
afroxlmr,strip,template,2026,test_lookalike_1,bongo_1135,0,0.000188
afroxlmr,strip,template,2026,test_lookalike_1,bongo_1136,1,0.999835
afroxlmr,strip,template,2026,test_lookalike_1,bongo_1138,1,0.999842
afroxlmr,strip,template,2026,test_lookalike_1,bongo_1140,1,0.999807
afroxlmr,strip,template,2026,test_lookalike_1,bongo_1154,1,0.999828
afroxlmr,strip,template,2026,test_lookalike_1,bongo_1155,0,0.000182
afroxlmr,strip,template,2026,test_lookalike_1,bongo_1171,1,0.999821
afroxlmr,strip,template,2026,test_lookalike_1,bongo_1181,1,0.999823
afroxlmr,strip,template,2026,test_lookalike_1,bongo_1185,1,0.000582
afroxlmr,strip,template,2026,test_lookalike_1,bongo_1194,0,0.000160
afroxlmr,strip,template,2026,test_lookalike_1,bongo_1195,1,0.987634
afroxlmr,strip,template,2026,test_lookalike_1,bongo_1198,0,0.000184
afroxlmr,strip,template,2026,test_lookalike_1,bongo_1204,1,0.994050
afroxlmr,strip,template,2026,test_lookalike_1,bongo_1220,1,0.999828
afroxlmr,strip,template,2026,test_lookalike_1,bongo_1233,1,0.999828
afroxlmr,strip,template,2026,test_lookalike_1,bongo_1236,0,0.000186
afroxlmr,strip,template,2026,test_lookalike_1,bongo_1240,1,0.007829
afroxlmr,strip,template,2026,test_lookalike_1,bongo_1244,0,0.000171
afroxlmr,strip,template,2026,test_lookalike_1,bongo_1249,0,0.000197
afroxlmr,strip,template,2026,test_lookalike_1,bongo_1253,0,0.015056
afroxlmr,strip,template,2026,test_lookalike_1,bongo_1260,0,0.000163
afroxlmr,strip,template,2026,test_lookalike_1,bongo_1262,0,0.000827
afroxlmr,strip,template,2026,test_lookalike_1,bongo_1278,1,0.015580
afroxlmr,strip,template,2026,test_lookalike_1,bongo_1285,0,0.000179
afroxlmr,strip,template,2026,test_lookalike_1,bongo_1293,1,0.999839
afroxlmr,strip,template,2026,test_lookalike_1,bongo_1316,0,0.000193
afroxlmr,strip,template,2026,test_lookalike_1,bongo_1327,1,0.000853
afroxlmr,strip,template,2026,test_lookalike_1,bongo_1330,0,0.000212
afroxlmr,strip,template,2026,test_lookalike_1,bongo_1359,0,0.000209
afroxlmr,strip,template,2026,test_lookalike_1,bongo_1375,0,0.000198
afroxlmr,strip,template,2026,test_lookalike_3,bongo_0025,1,0.999839
afroxlmr,strip,template,2026,test_lookalike_3,bongo_0029,0,0.000307
afroxlmr,strip,template,2026,test_lookalike_3,bongo_0039,1,0.999845
afroxlmr,strip,template,2026,test_lookalike_3,bongo_0047,1,0.999814
afroxlmr,strip,template,2026,test_lookalike_3,bongo_0053,0,0.000212
afroxlmr,strip,template,2026,test_lookalike_3,bongo_0055,1,0.993491
afroxlmr,strip,template,2026,test_lookalike_3,bongo_0061,1,0.221750
afroxlmr,strip,template,2026,test_lookalike_3,bongo_0097,0,0.000201
afroxlmr,strip,template,2026,test_lookalike_3,bongo_0107,0,0.000198
afroxlmr,strip,template,2026,test_lookalike_3,bongo_0110,0,0.000238
afroxlmr,strip,template,2026,test_lookalike_3,bongo_0112,1,0.997772
afroxlmr,strip,template,2026,test_lookalike_3,bongo_0115,0,0.000175
afroxlmr,strip,template,2026,test_lookalike_3,bongo_0143,0,0.000203
afroxlmr,strip,template,2026,test_lookalike_3,bongo_0146,1,0.999830
afroxlmr,strip,template,2026,test_lookalike_3,bongo_0154,1,0.999834
afroxlmr,strip,template,2026,test_lookalike_3,bongo_0159,1,0.999605
afroxlmr,strip,template,2026,test_lookalike_3,bongo_0160,0,0.000171
afroxlmr,strip,template,2026,test_lookalike_3,bongo_0172,0,0.000450
afroxlmr,strip,template,2026,test_lookalike_3,bongo_0173,1,0.999510
afroxlmr,strip,template,2026,test_lookalike_3,bongo_0175,0,0.000188
afroxlmr,strip,template,2026,test_lookalike_3,bongo_0182,0,0.000195
afroxlmr,strip,template,2026,test_lookalike_3,bongo_0195,1,0.999804
afroxlmr,strip,template,2026,test_lookalike_3,bongo_0197,0,0.000189
afroxlmr,strip,template,2026,test_lookalike_3,bongo_0201,1,0.999835
afroxlmr,strip,template,2026,test_lookalike_3,bongo_0203,1,0.999778
afroxlmr,strip,template,2026,test_lookalike_3,bongo_0250,1,0.990183
afroxlmr,strip,template,2026,test_lookalike_3,bongo_0253,0,0.000182
afroxlmr,strip,template,2026,test_lookalike_3,bongo_0255,1,0.804567
afroxlmr,strip,template,2026,test_lookalike_3,bongo_0265,1,0.002112
afroxlmr,strip,template,2026,test_lookalike_3,bongo_0271,0,0.000163
afroxlmr,strip,template,2026,test_lookalike_3,bongo_0300,0,0.000181
afroxlmr,strip,template,2026,test_lookalike_3,bongo_0306,0,0.000185
afroxlmr,strip,template,2026,test_lookalike_3,bongo_0356,1,0.412152
afroxlmr,strip,template,2026,test_lookalike_3,bongo_0360,1,0.999840
afroxlmr,strip,template,2026,test_lookalike_3,bongo_0361,1,0.999731
afroxlmr,strip,template,2026,test_lookalike_3,bongo_0363,0,0.000229
afroxlmr,strip,template,2026,test_lookalike_3,bongo_0368,0,0.000176
afroxlmr,strip,template,2026,test_lookalike_3,bongo_0372,0,0.000157
afroxlmr,strip,template,2026,test_lookalike_3,bongo_0380,1,0.979428
afroxlmr,strip,template,2026,test_lookalike_3,bongo_0389,0,0.000169
afroxlmr,strip,template,2026,test_lookalike_3,bongo_0395,0,0.000212
afroxlmr,strip,template,2026,test_lookalike_3,bongo_0405,1,0.999783
afroxlmr,strip,template,2026,test_lookalike_3,bongo_0424,1,0.999836
afroxlmr,strip,template,2026,test_lookalike_3,bongo_0427,0,0.000342
afroxlmr,strip,template,2026,test_lookalike_3,bongo_0434,1,0.999370
afroxlmr,strip,template,2026,test_lookalike_3,bongo_0463,0,0.000256
afroxlmr,strip,template,2026,test_lookalike_3,bongo_0476,1,0.999463
afroxlmr,strip,template,2026,test_lookalike_3,bongo_0510,1,0.999833
afroxlmr,strip,template,2026,test_lookalike_3,bongo_0531,0,0.000218
afroxlmr,strip,template,2026,test_lookalike_3,bongo_0542,0,0.000169
afroxlmr,strip,template,2026,test_lookalike_3,bongo_0545,0,0.000166
afroxlmr,strip,template,2026,test_lookalike_3,bongo_0560,1,0.999835
afroxlmr,strip,template,2026,test_lookalike_3,bongo_0565,1,0.769301
afroxlmr,strip,template,2026,test_lookalike_3,bongo_0566,1,0.999833
afroxlmr,strip,template,2026,test_lookalike_3,bongo_0571,0,0.000245
afroxlmr,strip,template,2026,test_lookalike_3,bongo_0577,1,0.999822
afroxlmr,strip,template,2026,test_lookalike_3,bongo_0580,1,0.999775
afroxlmr,strip,template,2026,test_lookalike_3,bongo_0621,1,0.999673
afroxlmr,strip,template,2026,test_lookalike_3,bongo_0624,1,0.999837
afroxlmr,strip,template,2026,test_lookalike_3,bongo_0630,0,0.000160
afroxlmr,strip,template,2026,test_lookalike_3,bongo_0638,1,0.999800
afroxlmr,strip,template,2026,test_lookalike_3,bongo_0648,0,0.000334
afroxlmr,strip,template,2026,test_lookalike_3,bongo_0674,0,0.000190
afroxlmr,strip,template,2026,test_lookalike_3,bongo_0685,0,0.000203
afroxlmr,strip,template,2026,test_lookalike_3,bongo_0697,1,0.998635
afroxlmr,strip,template,2026,test_lookalike_3,bongo_0701,0,0.000172
afroxlmr,strip,template,2026,test_lookalike_3,bongo_0706,1,0.997248
afroxlmr,strip,template,2026,test_lookalike_3,bongo_0719,1,0.999171
afroxlmr,strip,template,2026,test_lookalike_3,bongo_0721,1,0.999825
afroxlmr,strip,template,2026,test_lookalike_3,bongo_0724,1,0.948342
afroxlmr,strip,template,2026,test_lookalike_3,bongo_0729,1,0.999789
afroxlmr,strip,template,2026,test_lookalike_3,bongo_0741,0,0.000167
afroxlmr,strip,template,2026,test_lookalike_3,bongo_0749,1,0.999481
afroxlmr,strip,template,2026,test_lookalike_3,bongo_0769,1,0.999825
afroxlmr,strip,template,2026,test_lookalike_3,bongo_0770,1,0.110297
afroxlmr,strip,template,2026,test_lookalike_3,bongo_0778,1,0.975787
afroxlmr,strip,template,2026,test_lookalike_3,bongo_0787,1,0.999835
afroxlmr,strip,template,2026,test_lookalike_3,bongo_0795,0,0.000360
afroxlmr,strip,template,2026,test_lookalike_3,bongo_0806,1,0.877298
afroxlmr,strip,template,2026,test_lookalike_3,bongo_0807,1,0.999826
afroxlmr,strip,template,2026,test_lookalike_3,bongo_0818,0,0.000261
afroxlmr,strip,template,2026,test_lookalike_3,bongo_0819,0,0.000202
afroxlmr,strip,template,2026,test_lookalike_3,bongo_0835,0,0.000185
afroxlmr,strip,template,2026,test_lookalike_3,bongo_0840,1,0.999836
afroxlmr,strip,template,2026,test_lookalike_3,bongo_0855,1,0.527130
afroxlmr,strip,template,2026,test_lookalike_3,bongo_0856,0,0.000177
afroxlmr,strip,template,2026,test_lookalike_3,bongo_0864,1,0.999835
afroxlmr,strip,template,2026,test_lookalike_3,bongo_0871,1,0.999838
afroxlmr,strip,template,2026,test_lookalike_3,bongo_0872,0,0.000196
afroxlmr,strip,template,2026,test_lookalike_3,bongo_0904,0,0.000191
afroxlmr,strip,template,2026,test_lookalike_3,bongo_0905,1,0.999841
afroxlmr,strip,template,2026,test_lookalike_3,bongo_0909,1,0.999818
afroxlmr,strip,template,2026,test_lookalike_3,bongo_0917,1,0.981404
afroxlmr,strip,template,2026,test_lookalike_3,bongo_0918,1,0.999787
afroxlmr,strip,template,2026,test_lookalike_3,bongo_0950,0,0.000206
afroxlmr,strip,template,2026,test_lookalike_3,bongo_0955,1,0.999825
afroxlmr,strip,template,2026,test_lookalike_3,bongo_0956,0,0.000184
afroxlmr,strip,template,2026,test_lookalike_3,bongo_0971,0,0.000180
afroxlmr,strip,template,2026,test_lookalike_3,bongo_0983,0,0.000173
afroxlmr,strip,template,2026,test_lookalike_3,bongo_0989,1,0.999840
afroxlmr,strip,template,2026,test_lookalike_3,bongo_0994,0,0.000181
afroxlmr,strip,template,2026,test_lookalike_3,bongo_1003,1,0.999839
afroxlmr,strip,template,2026,test_lookalike_3,bongo_1006,0,0.000178
afroxlmr,strip,template,2026,test_lookalike_3,bongo_1012,1,0.891900
afroxlmr,strip,template,2026,test_lookalike_3,bongo_1015,0,0.000177
afroxlmr,strip,template,2026,test_lookalike_3,bongo_1022,1,0.764500
afroxlmr,strip,template,2026,test_lookalike_3,bongo_1037,0,0.000191
afroxlmr,strip,template,2026,test_lookalike_3,bongo_1040,0,0.000190
afroxlmr,strip,template,2026,test_lookalike_3,bongo_1042,1,0.999791
afroxlmr,strip,template,2026,test_lookalike_3,bongo_1047,1,0.999841
afroxlmr,strip,template,2026,test_lookalike_3,bongo_1050,0,0.000178
afroxlmr,strip,template,2026,test_lookalike_3,bongo_1052,1,0.999828
afroxlmr,strip,template,2026,test_lookalike_3,bongo_1059,0,0.000349
afroxlmr,strip,template,2026,test_lookalike_3,bongo_1071,0,0.000179
afroxlmr,strip,template,2026,test_lookalike_3,bongo_1090,0,0.000246
afroxlmr,strip,template,2026,test_lookalike_3,bongo_1104,1,0.999835
afroxlmr,strip,template,2026,test_lookalike_3,bongo_1115,0,0.000170
afroxlmr,strip,template,2026,test_lookalike_3,bongo_1123,0,0.000159
afroxlmr,strip,template,2026,test_lookalike_3,bongo_1125,0,0.000265
afroxlmr,strip,template,2026,test_lookalike_3,bongo_1127,1,0.997657
afroxlmr,strip,template,2026,test_lookalike_3,bongo_1131,1,0.999813
afroxlmr,strip,template,2026,test_lookalike_3,bongo_1134,1,0.043950
afroxlmr,strip,template,2026,test_lookalike_3,bongo_1135,0,0.000188
afroxlmr,strip,template,2026,test_lookalike_3,bongo_1136,1,0.999834
afroxlmr,strip,template,2026,test_lookalike_3,bongo_1138,1,0.999832
afroxlmr,strip,template,2026,test_lookalike_3,bongo_1140,1,0.999806
afroxlmr,strip,template,2026,test_lookalike_3,bongo_1154,1,0.999720
afroxlmr,strip,template,2026,test_lookalike_3,bongo_1155,0,0.000182
afroxlmr,strip,template,2026,test_lookalike_3,bongo_1171,1,0.999833
afroxlmr,strip,template,2026,test_lookalike_3,bongo_1181,1,0.999772
afroxlmr,strip,template,2026,test_lookalike_3,bongo_1185,1,0.195616
afroxlmr,strip,template,2026,test_lookalike_3,bongo_1194,0,0.000160
afroxlmr,strip,template,2026,test_lookalike_3,bongo_1195,1,0.822243
afroxlmr,strip,template,2026,test_lookalike_3,bongo_1198,0,0.000184
afroxlmr,strip,template,2026,test_lookalike_3,bongo_1204,1,0.019600
afroxlmr,strip,template,2026,test_lookalike_3,bongo_1220,1,0.999828
afroxlmr,strip,template,2026,test_lookalike_3,bongo_1233,1,0.999816
afroxlmr,strip,template,2026,test_lookalike_3,bongo_1236,0,0.000186
afroxlmr,strip,template,2026,test_lookalike_3,bongo_1240,1,0.656683
afroxlmr,strip,template,2026,test_lookalike_3,bongo_1244,0,0.000171
afroxlmr,strip,template,2026,test_lookalike_3,bongo_1249,0,0.000197
afroxlmr,strip,template,2026,test_lookalike_3,bongo_1253,0,0.015056
afroxlmr,strip,template,2026,test_lookalike_3,bongo_1260,0,0.000163
afroxlmr,strip,template,2026,test_lookalike_3,bongo_1262,0,0.000827
afroxlmr,strip,template,2026,test_lookalike_3,bongo_1278,1,0.977652
afroxlmr,strip,template,2026,test_lookalike_3,bongo_1285,0,0.000179
afroxlmr,strip,template,2026,test_lookalike_3,bongo_1293,1,0.999823
afroxlmr,strip,template,2026,test_lookalike_3,bongo_1316,0,0.000193
afroxlmr,strip,template,2026,test_lookalike_3,bongo_1327,1,0.001403
afroxlmr,strip,template,2026,test_lookalike_3,bongo_1330,0,0.000212
afroxlmr,strip,template,2026,test_lookalike_3,bongo_1359,0,0.000209
afroxlmr,strip,template,2026,test_lookalike_3,bongo_1375,0,0.000198
afroxlmr,strip,template,2026,test_lookalike_all,bongo_0025,1,0.999833
afroxlmr,strip,template,2026,test_lookalike_all,bongo_0029,0,0.000307
afroxlmr,strip,template,2026,test_lookalike_all,bongo_0039,1,0.999837
afroxlmr,strip,template,2026,test_lookalike_all,bongo_0047,1,0.999351
afroxlmr,strip,template,2026,test_lookalike_all,bongo_0053,0,0.000212
afroxlmr,strip,template,2026,test_lookalike_all,bongo_0055,1,0.968601
afroxlmr,strip,template,2026,test_lookalike_all,bongo_0061,1,0.960981
afroxlmr,strip,template,2026,test_lookalike_all,bongo_0097,0,0.000201
afroxlmr,strip,template,2026,test_lookalike_all,bongo_0107,0,0.000198
afroxlmr,strip,template,2026,test_lookalike_all,bongo_0110,0,0.000238
afroxlmr,strip,template,2026,test_lookalike_all,bongo_0112,1,0.988240
afroxlmr,strip,template,2026,test_lookalike_all,bongo_0115,0,0.000175
afroxlmr,strip,template,2026,test_lookalike_all,bongo_0143,0,0.000203
afroxlmr,strip,template,2026,test_lookalike_all,bongo_0146,1,0.999753
afroxlmr,strip,template,2026,test_lookalike_all,bongo_0154,1,0.998878
afroxlmr,strip,template,2026,test_lookalike_all,bongo_0159,1,0.959436
afroxlmr,strip,template,2026,test_lookalike_all,bongo_0160,0,0.000171
afroxlmr,strip,template,2026,test_lookalike_all,bongo_0172,0,0.000450
afroxlmr,strip,template,2026,test_lookalike_all,bongo_0173,1,0.999689
afroxlmr,strip,template,2026,test_lookalike_all,bongo_0175,0,0.000188
afroxlmr,strip,template,2026,test_lookalike_all,bongo_0182,0,0.000195
afroxlmr,strip,template,2026,test_lookalike_all,bongo_0195,1,0.999757
afroxlmr,strip,template,2026,test_lookalike_all,bongo_0197,0,0.000189
afroxlmr,strip,template,2026,test_lookalike_all,bongo_0201,1,0.999801
afroxlmr,strip,template,2026,test_lookalike_all,bongo_0203,1,0.999758
afroxlmr,strip,template,2026,test_lookalike_all,bongo_0250,1,0.996573
afroxlmr,strip,template,2026,test_lookalike_all,bongo_0253,0,0.000182
afroxlmr,strip,template,2026,test_lookalike_all,bongo_0255,1,0.952496
afroxlmr,strip,template,2026,test_lookalike_all,bongo_0265,1,0.994819
afroxlmr,strip,template,2026,test_lookalike_all,bongo_0271,0,0.000163
afroxlmr,strip,template,2026,test_lookalike_all,bongo_0300,0,0.000181
afroxlmr,strip,template,2026,test_lookalike_all,bongo_0306,0,0.000185
afroxlmr,strip,template,2026,test_lookalike_all,bongo_0356,1,0.981394
afroxlmr,strip,template,2026,test_lookalike_all,bongo_0360,1,0.999796
afroxlmr,strip,template,2026,test_lookalike_all,bongo_0361,1,0.999636
afroxlmr,strip,template,2026,test_lookalike_all,bongo_0363,0,0.000229
afroxlmr,strip,template,2026,test_lookalike_all,bongo_0368,0,0.000176
afroxlmr,strip,template,2026,test_lookalike_all,bongo_0372,0,0.000157
afroxlmr,strip,template,2026,test_lookalike_all,bongo_0380,1,0.871567
afroxlmr,strip,template,2026,test_lookalike_all,bongo_0389,0,0.000169
afroxlmr,strip,template,2026,test_lookalike_all,bongo_0395,0,0.000212
afroxlmr,strip,template,2026,test_lookalike_all,bongo_0405,1,0.999340
afroxlmr,strip,template,2026,test_lookalike_all,bongo_0424,1,0.999829
afroxlmr,strip,template,2026,test_lookalike_all,bongo_0427,0,0.000342
afroxlmr,strip,template,2026,test_lookalike_all,bongo_0434,1,0.999283
afroxlmr,strip,template,2026,test_lookalike_all,bongo_0463,0,0.000256
afroxlmr,strip,template,2026,test_lookalike_all,bongo_0476,1,0.998931
afroxlmr,strip,template,2026,test_lookalike_all,bongo_0510,1,0.999838
afroxlmr,strip,template,2026,test_lookalike_all,bongo_0531,0,0.000218
afroxlmr,strip,template,2026,test_lookalike_all,bongo_0542,0,0.000169
afroxlmr,strip,template,2026,test_lookalike_all,bongo_0545,0,0.000166
afroxlmr,strip,template,2026,test_lookalike_all,bongo_0560,1,0.999398
afroxlmr,strip,template,2026,test_lookalike_all,bongo_0565,1,0.999327
afroxlmr,strip,template,2026,test_lookalike_all,bongo_0566,1,0.999429
afroxlmr,strip,template,2026,test_lookalike_all,bongo_0571,0,0.000245
afroxlmr,strip,template,2026,test_lookalike_all,bongo_0577,1,0.998728
afroxlmr,strip,template,2026,test_lookalike_all,bongo_0580,1,0.999754
afroxlmr,strip,template,2026,test_lookalike_all,bongo_0621,1,0.999785
afroxlmr,strip,template,2026,test_lookalike_all,bongo_0624,1,0.999795
afroxlmr,strip,template,2026,test_lookalike_all,bongo_0630,0,0.000160
afroxlmr,strip,template,2026,test_lookalike_all,bongo_0638,1,0.999446
afroxlmr,strip,template,2026,test_lookalike_all,bongo_0648,0,0.000334
afroxlmr,strip,template,2026,test_lookalike_all,bongo_0674,0,0.000190
afroxlmr,strip,template,2026,test_lookalike_all,bongo_0685,0,0.000203
afroxlmr,strip,template,2026,test_lookalike_all,bongo_0697,1,0.976371
afroxlmr,strip,template,2026,test_lookalike_all,bongo_0701,0,0.000172
afroxlmr,strip,template,2026,test_lookalike_all,bongo_0706,1,0.998839
afroxlmr,strip,template,2026,test_lookalike_all,bongo_0719,1,0.997000
afroxlmr,strip,template,2026,test_lookalike_all,bongo_0721,1,0.999825
afroxlmr,strip,template,2026,test_lookalike_all,bongo_0724,1,0.998615
afroxlmr,strip,template,2026,test_lookalike_all,bongo_0729,1,0.999736
afroxlmr,strip,template,2026,test_lookalike_all,bongo_0741,0,0.000167
afroxlmr,strip,template,2026,test_lookalike_all,bongo_0749,1,0.998933
afroxlmr,strip,template,2026,test_lookalike_all,bongo_0769,1,0.999683
afroxlmr,strip,template,2026,test_lookalike_all,bongo_0770,1,0.974455
afroxlmr,strip,template,2026,test_lookalike_all,bongo_0778,1,0.999620
afroxlmr,strip,template,2026,test_lookalike_all,bongo_0787,1,0.999763
afroxlmr,strip,template,2026,test_lookalike_all,bongo_0795,0,0.000360
afroxlmr,strip,template,2026,test_lookalike_all,bongo_0806,1,0.998760
afroxlmr,strip,template,2026,test_lookalike_all,bongo_0807,1,0.999806
afroxlmr,strip,template,2026,test_lookalike_all,bongo_0818,0,0.000261
afroxlmr,strip,template,2026,test_lookalike_all,bongo_0819,0,0.000202
afroxlmr,strip,template,2026,test_lookalike_all,bongo_0835,0,0.000185
afroxlmr,strip,template,2026,test_lookalike_all,bongo_0840,1,0.999717
afroxlmr,strip,template,2026,test_lookalike_all,bongo_0855,1,0.995935
afroxlmr,strip,template,2026,test_lookalike_all,bongo_0856,0,0.000177
afroxlmr,strip,template,2026,test_lookalike_all,bongo_0864,1,0.999640
afroxlmr,strip,template,2026,test_lookalike_all,bongo_0871,1,0.999774
afroxlmr,strip,template,2026,test_lookalike_all,bongo_0872,0,0.000196
afroxlmr,strip,template,2026,test_lookalike_all,bongo_0904,0,0.000191
afroxlmr,strip,template,2026,test_lookalike_all,bongo_0905,1,0.999757
afroxlmr,strip,template,2026,test_lookalike_all,bongo_0909,1,0.999154
afroxlmr,strip,template,2026,test_lookalike_all,bongo_0917,1,0.960550
afroxlmr,strip,template,2026,test_lookalike_all,bongo_0918,1,0.999553
afroxlmr,strip,template,2026,test_lookalike_all,bongo_0950,0,0.000206
afroxlmr,strip,template,2026,test_lookalike_all,bongo_0955,1,0.999727
afroxlmr,strip,template,2026,test_lookalike_all,bongo_0956,0,0.000184
afroxlmr,strip,template,2026,test_lookalike_all,bongo_0971,0,0.000180
afroxlmr,strip,template,2026,test_lookalike_all,bongo_0983,0,0.000173
afroxlmr,strip,template,2026,test_lookalike_all,bongo_0989,1,0.999819
afroxlmr,strip,template,2026,test_lookalike_all,bongo_0994,0,0.000181
afroxlmr,strip,template,2026,test_lookalike_all,bongo_1003,1,0.997921
afroxlmr,strip,template,2026,test_lookalike_all,bongo_1006,0,0.000178
afroxlmr,strip,template,2026,test_lookalike_all,bongo_1012,1,0.999668
afroxlmr,strip,template,2026,test_lookalike_all,bongo_1015,0,0.000177
afroxlmr,strip,template,2026,test_lookalike_all,bongo_1022,1,0.998611
afroxlmr,strip,template,2026,test_lookalike_all,bongo_1037,0,0.000191
afroxlmr,strip,template,2026,test_lookalike_all,bongo_1040,0,0.000190
afroxlmr,strip,template,2026,test_lookalike_all,bongo_1042,1,0.999800
afroxlmr,strip,template,2026,test_lookalike_all,bongo_1047,1,0.999646
afroxlmr,strip,template,2026,test_lookalike_all,bongo_1050,0,0.000178
afroxlmr,strip,template,2026,test_lookalike_all,bongo_1052,1,0.999339
afroxlmr,strip,template,2026,test_lookalike_all,bongo_1059,0,0.000349
afroxlmr,strip,template,2026,test_lookalike_all,bongo_1071,0,0.000179
afroxlmr,strip,template,2026,test_lookalike_all,bongo_1090,0,0.000246
afroxlmr,strip,template,2026,test_lookalike_all,bongo_1104,1,0.999684
afroxlmr,strip,template,2026,test_lookalike_all,bongo_1115,0,0.000170
afroxlmr,strip,template,2026,test_lookalike_all,bongo_1123,0,0.000159
afroxlmr,strip,template,2026,test_lookalike_all,bongo_1125,0,0.000265
afroxlmr,strip,template,2026,test_lookalike_all,bongo_1127,1,0.999645
afroxlmr,strip,template,2026,test_lookalike_all,bongo_1131,1,0.999769
afroxlmr,strip,template,2026,test_lookalike_all,bongo_1134,1,0.996616
afroxlmr,strip,template,2026,test_lookalike_all,bongo_1135,0,0.000188
afroxlmr,strip,template,2026,test_lookalike_all,bongo_1136,1,0.999595
afroxlmr,strip,template,2026,test_lookalike_all,bongo_1138,1,0.999760
afroxlmr,strip,template,2026,test_lookalike_all,bongo_1140,1,0.999538
afroxlmr,strip,template,2026,test_lookalike_all,bongo_1154,1,0.999735
afroxlmr,strip,template,2026,test_lookalike_all,bongo_1155,0,0.000182
afroxlmr,strip,template,2026,test_lookalike_all,bongo_1171,1,0.999726
afroxlmr,strip,template,2026,test_lookalike_all,bongo_1181,1,0.999801
afroxlmr,strip,template,2026,test_lookalike_all,bongo_1185,1,0.863356
afroxlmr,strip,template,2026,test_lookalike_all,bongo_1194,0,0.000160
afroxlmr,strip,template,2026,test_lookalike_all,bongo_1195,1,0.981050
afroxlmr,strip,template,2026,test_lookalike_all,bongo_1198,0,0.000184
afroxlmr,strip,template,2026,test_lookalike_all,bongo_1204,1,0.996396
afroxlmr,strip,template,2026,test_lookalike_all,bongo_1220,1,0.999761
afroxlmr,strip,template,2026,test_lookalike_all,bongo_1233,1,0.999802
afroxlmr,strip,template,2026,test_lookalike_all,bongo_1236,0,0.000186
afroxlmr,strip,template,2026,test_lookalike_all,bongo_1240,1,0.874143
afroxlmr,strip,template,2026,test_lookalike_all,bongo_1244,0,0.000171
afroxlmr,strip,template,2026,test_lookalike_all,bongo_1249,0,0.000197
afroxlmr,strip,template,2026,test_lookalike_all,bongo_1253,0,0.015056
afroxlmr,strip,template,2026,test_lookalike_all,bongo_1260,0,0.000163
afroxlmr,strip,template,2026,test_lookalike_all,bongo_1262,0,0.000827
afroxlmr,strip,template,2026,test_lookalike_all,bongo_1278,1,0.982181
afroxlmr,strip,template,2026,test_lookalike_all,bongo_1285,0,0.000179
afroxlmr,strip,template,2026,test_lookalike_all,bongo_1293,1,0.999555
afroxlmr,strip,template,2026,test_lookalike_all,bongo_1316,0,0.000193
afroxlmr,strip,template,2026,test_lookalike_all,bongo_1327,1,0.742074
afroxlmr,strip,template,2026,test_lookalike_all,bongo_1330,0,0.000212
afroxlmr,strip,template,2026,test_lookalike_all,bongo_1359,0,0.000209
afroxlmr,strip,template,2026,test_lookalike_all,bongo_1375,0,0.000198
afroxlmr,strip,template,2026,test_structural_1,bongo_0025,1,0.999821
afroxlmr,strip,template,2026,test_structural_1,bongo_0029,0,0.000307
afroxlmr,strip,template,2026,test_structural_1,bongo_0039,1,0.999843
afroxlmr,strip,template,2026,test_structural_1,bongo_0047,1,0.999826
afroxlmr,strip,template,2026,test_structural_1,bongo_0053,0,0.000212
afroxlmr,strip,template,2026,test_structural_1,bongo_0055,1,0.000435
afroxlmr,strip,template,2026,test_structural_1,bongo_0061,1,0.960503
afroxlmr,strip,template,2026,test_structural_1,bongo_0097,0,0.000201
afroxlmr,strip,template,2026,test_structural_1,bongo_0107,0,0.000198
afroxlmr,strip,template,2026,test_structural_1,bongo_0110,0,0.000238
afroxlmr,strip,template,2026,test_structural_1,bongo_0112,1,0.869858
afroxlmr,strip,template,2026,test_structural_1,bongo_0115,0,0.000175
afroxlmr,strip,template,2026,test_structural_1,bongo_0143,0,0.000203
afroxlmr,strip,template,2026,test_structural_1,bongo_0146,1,0.999833
afroxlmr,strip,template,2026,test_structural_1,bongo_0154,1,0.999823
afroxlmr,strip,template,2026,test_structural_1,bongo_0159,1,0.826457
afroxlmr,strip,template,2026,test_structural_1,bongo_0160,0,0.000171
afroxlmr,strip,template,2026,test_structural_1,bongo_0172,0,0.000450
afroxlmr,strip,template,2026,test_structural_1,bongo_0173,1,0.399005
afroxlmr,strip,template,2026,test_structural_1,bongo_0175,0,0.000188
afroxlmr,strip,template,2026,test_structural_1,bongo_0182,0,0.000195
afroxlmr,strip,template,2026,test_structural_1,bongo_0195,1,0.999827
afroxlmr,strip,template,2026,test_structural_1,bongo_0197,0,0.000189
afroxlmr,strip,template,2026,test_structural_1,bongo_0201,1,0.999827
afroxlmr,strip,template,2026,test_structural_1,bongo_0203,1,0.999822
afroxlmr,strip,template,2026,test_structural_1,bongo_0250,1,0.009506
afroxlmr,strip,template,2026,test_structural_1,bongo_0253,0,0.000182
afroxlmr,strip,template,2026,test_structural_1,bongo_0255,1,0.003119
afroxlmr,strip,template,2026,test_structural_1,bongo_0265,1,0.000484
afroxlmr,strip,template,2026,test_structural_1,bongo_0271,0,0.000163
afroxlmr,strip,template,2026,test_structural_1,bongo_0300,0,0.000181
afroxlmr,strip,template,2026,test_structural_1,bongo_0306,0,0.000185
afroxlmr,strip,template,2026,test_structural_1,bongo_0356,1,0.002837
afroxlmr,strip,template,2026,test_structural_1,bongo_0360,1,0.999840
afroxlmr,strip,template,2026,test_structural_1,bongo_0361,1,0.999825
afroxlmr,strip,template,2026,test_structural_1,bongo_0363,0,0.000229
afroxlmr,strip,template,2026,test_structural_1,bongo_0368,0,0.000176
afroxlmr,strip,template,2026,test_structural_1,bongo_0372,0,0.000157
afroxlmr,strip,template,2026,test_structural_1,bongo_0380,1,0.003578
afroxlmr,strip,template,2026,test_structural_1,bongo_0389,0,0.000169
afroxlmr,strip,template,2026,test_structural_1,bongo_0395,0,0.000212
afroxlmr,strip,template,2026,test_structural_1,bongo_0405,1,0.999826
afroxlmr,strip,template,2026,test_structural_1,bongo_0424,1,0.999831
afroxlmr,strip,template,2026,test_structural_1,bongo_0427,0,0.000342
afroxlmr,strip,template,2026,test_structural_1,bongo_0434,1,0.821522
afroxlmr,strip,template,2026,test_structural_1,bongo_0463,0,0.000256
afroxlmr,strip,template,2026,test_structural_1,bongo_0476,1,0.999826
afroxlmr,strip,template,2026,test_structural_1,bongo_0510,1,0.999815
afroxlmr,strip,template,2026,test_structural_1,bongo_0531,0,0.000218
afroxlmr,strip,template,2026,test_structural_1,bongo_0542,0,0.000169
afroxlmr,strip,template,2026,test_structural_1,bongo_0545,0,0.000166
afroxlmr,strip,template,2026,test_structural_1,bongo_0560,1,0.999838
afroxlmr,strip,template,2026,test_structural_1,bongo_0565,1,0.005995
afroxlmr,strip,template,2026,test_structural_1,bongo_0566,1,0.999824
afroxlmr,strip,template,2026,test_structural_1,bongo_0571,0,0.000245
afroxlmr,strip,template,2026,test_structural_1,bongo_0577,1,0.999807
afroxlmr,strip,template,2026,test_structural_1,bongo_0580,1,0.999822
afroxlmr,strip,template,2026,test_structural_1,bongo_0621,1,0.999820
afroxlmr,strip,template,2026,test_structural_1,bongo_0624,1,0.999813
afroxlmr,strip,template,2026,test_structural_1,bongo_0630,0,0.000160
afroxlmr,strip,template,2026,test_structural_1,bongo_0638,1,0.999835
afroxlmr,strip,template,2026,test_structural_1,bongo_0648,0,0.000334
afroxlmr,strip,template,2026,test_structural_1,bongo_0674,0,0.000190
afroxlmr,strip,template,2026,test_structural_1,bongo_0685,0,0.000203
afroxlmr,strip,template,2026,test_structural_1,bongo_0697,1,0.003231
afroxlmr,strip,template,2026,test_structural_1,bongo_0701,0,0.000172
afroxlmr,strip,template,2026,test_structural_1,bongo_0706,1,0.959275
afroxlmr,strip,template,2026,test_structural_1,bongo_0719,1,0.972812
afroxlmr,strip,template,2026,test_structural_1,bongo_0721,1,0.999777
afroxlmr,strip,template,2026,test_structural_1,bongo_0724,1,0.003662
afroxlmr,strip,template,2026,test_structural_1,bongo_0729,1,0.999821
afroxlmr,strip,template,2026,test_structural_1,bongo_0741,0,0.000167
afroxlmr,strip,template,2026,test_structural_1,bongo_0749,1,0.982251
afroxlmr,strip,template,2026,test_structural_1,bongo_0769,1,0.999807
afroxlmr,strip,template,2026,test_structural_1,bongo_0770,1,0.002071
afroxlmr,strip,template,2026,test_structural_1,bongo_0778,1,0.662615
afroxlmr,strip,template,2026,test_structural_1,bongo_0787,1,0.999833
afroxlmr,strip,template,2026,test_structural_1,bongo_0795,0,0.000360
afroxlmr,strip,template,2026,test_structural_1,bongo_0806,1,0.916435
afroxlmr,strip,template,2026,test_structural_1,bongo_0807,1,0.999826
afroxlmr,strip,template,2026,test_structural_1,bongo_0818,0,0.000261
afroxlmr,strip,template,2026,test_structural_1,bongo_0819,0,0.000202
afroxlmr,strip,template,2026,test_structural_1,bongo_0835,0,0.000185
afroxlmr,strip,template,2026,test_structural_1,bongo_0840,1,0.999841
afroxlmr,strip,template,2026,test_structural_1,bongo_0855,1,0.072142
afroxlmr,strip,template,2026,test_structural_1,bongo_0856,0,0.000177
afroxlmr,strip,template,2026,test_structural_1,bongo_0864,1,0.999827
afroxlmr,strip,template,2026,test_structural_1,bongo_0871,1,0.999829
afroxlmr,strip,template,2026,test_structural_1,bongo_0872,0,0.000196
afroxlmr,strip,template,2026,test_structural_1,bongo_0904,0,0.000191
afroxlmr,strip,template,2026,test_structural_1,bongo_0905,1,0.999824
afroxlmr,strip,template,2026,test_structural_1,bongo_0909,1,0.999814
afroxlmr,strip,template,2026,test_structural_1,bongo_0917,1,0.000698
afroxlmr,strip,template,2026,test_structural_1,bongo_0918,1,0.999817
afroxlmr,strip,template,2026,test_structural_1,bongo_0950,0,0.000206
afroxlmr,strip,template,2026,test_structural_1,bongo_0955,1,0.999819
afroxlmr,strip,template,2026,test_structural_1,bongo_0956,0,0.000184
afroxlmr,strip,template,2026,test_structural_1,bongo_0971,0,0.000180
afroxlmr,strip,template,2026,test_structural_1,bongo_0983,0,0.000173
afroxlmr,strip,template,2026,test_structural_1,bongo_0989,1,0.999822
afroxlmr,strip,template,2026,test_structural_1,bongo_0994,0,0.000181
afroxlmr,strip,template,2026,test_structural_1,bongo_1003,1,0.999835
afroxlmr,strip,template,2026,test_structural_1,bongo_1006,0,0.000178
afroxlmr,strip,template,2026,test_structural_1,bongo_1012,1,0.001585
afroxlmr,strip,template,2026,test_structural_1,bongo_1015,0,0.000177
afroxlmr,strip,template,2026,test_structural_1,bongo_1022,1,0.010040
afroxlmr,strip,template,2026,test_structural_1,bongo_1037,0,0.000191
afroxlmr,strip,template,2026,test_structural_1,bongo_1040,0,0.000190
afroxlmr,strip,template,2026,test_structural_1,bongo_1042,1,0.999824
afroxlmr,strip,template,2026,test_structural_1,bongo_1047,1,0.999825
afroxlmr,strip,template,2026,test_structural_1,bongo_1050,0,0.000178
afroxlmr,strip,template,2026,test_structural_1,bongo_1052,1,0.999818
afroxlmr,strip,template,2026,test_structural_1,bongo_1059,0,0.000349
afroxlmr,strip,template,2026,test_structural_1,bongo_1071,0,0.000179
afroxlmr,strip,template,2026,test_structural_1,bongo_1090,0,0.000246
afroxlmr,strip,template,2026,test_structural_1,bongo_1104,1,0.999824
afroxlmr,strip,template,2026,test_structural_1,bongo_1115,0,0.000170
afroxlmr,strip,template,2026,test_structural_1,bongo_1123,0,0.000159
afroxlmr,strip,template,2026,test_structural_1,bongo_1125,0,0.000265
afroxlmr,strip,template,2026,test_structural_1,bongo_1127,1,0.959685
afroxlmr,strip,template,2026,test_structural_1,bongo_1131,1,0.999779
afroxlmr,strip,template,2026,test_structural_1,bongo_1134,1,0.032866
afroxlmr,strip,template,2026,test_structural_1,bongo_1135,0,0.000188
afroxlmr,strip,template,2026,test_structural_1,bongo_1136,1,0.999831
afroxlmr,strip,template,2026,test_structural_1,bongo_1138,1,0.999833
afroxlmr,strip,template,2026,test_structural_1,bongo_1140,1,0.999827
afroxlmr,strip,template,2026,test_structural_1,bongo_1154,1,0.999831
afroxlmr,strip,template,2026,test_structural_1,bongo_1155,0,0.000182
afroxlmr,strip,template,2026,test_structural_1,bongo_1171,1,0.999826
afroxlmr,strip,template,2026,test_structural_1,bongo_1181,1,0.999826
afroxlmr,strip,template,2026,test_structural_1,bongo_1185,1,0.000311
afroxlmr,strip,template,2026,test_structural_1,bongo_1194,0,0.000160
afroxlmr,strip,template,2026,test_structural_1,bongo_1195,1,0.000615
afroxlmr,strip,template,2026,test_structural_1,bongo_1198,0,0.000184
afroxlmr,strip,template,2026,test_structural_1,bongo_1204,1,0.182896
afroxlmr,strip,template,2026,test_structural_1,bongo_1220,1,0.999839
afroxlmr,strip,template,2026,test_structural_1,bongo_1233,1,0.999826
afroxlmr,strip,template,2026,test_structural_1,bongo_1236,0,0.000186
afroxlmr,strip,template,2026,test_structural_1,bongo_1240,1,0.025895
afroxlmr,strip,template,2026,test_structural_1,bongo_1244,0,0.000171
afroxlmr,strip,template,2026,test_structural_1,bongo_1249,0,0.000197
afroxlmr,strip,template,2026,test_structural_1,bongo_1253,0,0.015056
afroxlmr,strip,template,2026,test_structural_1,bongo_1260,0,0.000163
afroxlmr,strip,template,2026,test_structural_1,bongo_1262,0,0.000827
afroxlmr,strip,template,2026,test_structural_1,bongo_1278,1,0.001347
afroxlmr,strip,template,2026,test_structural_1,bongo_1285,0,0.000179
afroxlmr,strip,template,2026,test_structural_1,bongo_1293,1,0.999835
afroxlmr,strip,template,2026,test_structural_1,bongo_1316,0,0.000193
afroxlmr,strip,template,2026,test_structural_1,bongo_1327,1,0.001161
afroxlmr,strip,template,2026,test_structural_1,bongo_1330,0,0.000212
afroxlmr,strip,template,2026,test_structural_1,bongo_1359,0,0.000209
afroxlmr,strip,template,2026,test_structural_1,bongo_1375,0,0.000198
afroxlmr,strip,template,2026,test_structural_3,bongo_0025,1,0.999826
afroxlmr,strip,template,2026,test_structural_3,bongo_0029,0,0.000307
afroxlmr,strip,template,2026,test_structural_3,bongo_0039,1,0.999814
afroxlmr,strip,template,2026,test_structural_3,bongo_0047,1,0.999811
afroxlmr,strip,template,2026,test_structural_3,bongo_0053,0,0.000212
afroxlmr,strip,template,2026,test_structural_3,bongo_0055,1,0.131726
afroxlmr,strip,template,2026,test_structural_3,bongo_0061,1,0.122453
afroxlmr,strip,template,2026,test_structural_3,bongo_0097,0,0.000201
afroxlmr,strip,template,2026,test_structural_3,bongo_0107,0,0.000198
afroxlmr,strip,template,2026,test_structural_3,bongo_0110,0,0.000238
afroxlmr,strip,template,2026,test_structural_3,bongo_0112,1,0.047814
afroxlmr,strip,template,2026,test_structural_3,bongo_0115,0,0.000175
afroxlmr,strip,template,2026,test_structural_3,bongo_0143,0,0.000203
afroxlmr,strip,template,2026,test_structural_3,bongo_0146,1,0.999777
afroxlmr,strip,template,2026,test_structural_3,bongo_0154,1,0.999813
afroxlmr,strip,template,2026,test_structural_3,bongo_0159,1,0.995111
afroxlmr,strip,template,2026,test_structural_3,bongo_0160,0,0.000171
afroxlmr,strip,template,2026,test_structural_3,bongo_0172,0,0.000450
afroxlmr,strip,template,2026,test_structural_3,bongo_0173,1,0.999674
afroxlmr,strip,template,2026,test_structural_3,bongo_0175,0,0.000188
afroxlmr,strip,template,2026,test_structural_3,bongo_0182,0,0.000195
afroxlmr,strip,template,2026,test_structural_3,bongo_0195,1,0.999821
afroxlmr,strip,template,2026,test_structural_3,bongo_0197,0,0.000189
afroxlmr,strip,template,2026,test_structural_3,bongo_0201,1,0.999828
afroxlmr,strip,template,2026,test_structural_3,bongo_0203,1,0.999713
afroxlmr,strip,template,2026,test_structural_3,bongo_0250,1,0.901085
afroxlmr,strip,template,2026,test_structural_3,bongo_0253,0,0.000182
afroxlmr,strip,template,2026,test_structural_3,bongo_0255,1,0.906216
afroxlmr,strip,template,2026,test_structural_3,bongo_0265,1,0.998453
afroxlmr,strip,template,2026,test_structural_3,bongo_0271,0,0.000163
afroxlmr,strip,template,2026,test_structural_3,bongo_0300,0,0.000181
afroxlmr,strip,template,2026,test_structural_3,bongo_0306,0,0.000185
afroxlmr,strip,template,2026,test_structural_3,bongo_0356,1,0.261146
afroxlmr,strip,template,2026,test_structural_3,bongo_0360,1,0.999844
afroxlmr,strip,template,2026,test_structural_3,bongo_0361,1,0.999520
afroxlmr,strip,template,2026,test_structural_3,bongo_0363,0,0.000229
afroxlmr,strip,template,2026,test_structural_3,bongo_0368,0,0.000176
afroxlmr,strip,template,2026,test_structural_3,bongo_0372,0,0.000157
afroxlmr,strip,template,2026,test_structural_3,bongo_0380,1,0.002045
afroxlmr,strip,template,2026,test_structural_3,bongo_0389,0,0.000169
afroxlmr,strip,template,2026,test_structural_3,bongo_0395,0,0.000212
afroxlmr,strip,template,2026,test_structural_3,bongo_0405,1,0.999814
afroxlmr,strip,template,2026,test_structural_3,bongo_0424,1,0.999835
afroxlmr,strip,template,2026,test_structural_3,bongo_0427,0,0.000342
afroxlmr,strip,template,2026,test_structural_3,bongo_0434,1,0.907854
afroxlmr,strip,template,2026,test_structural_3,bongo_0463,0,0.000256
afroxlmr,strip,template,2026,test_structural_3,bongo_0476,1,0.999774
afroxlmr,strip,template,2026,test_structural_3,bongo_0510,1,0.999794
afroxlmr,strip,template,2026,test_structural_3,bongo_0531,0,0.000218
afroxlmr,strip,template,2026,test_structural_3,bongo_0542,0,0.000169
afroxlmr,strip,template,2026,test_structural_3,bongo_0545,0,0.000166
afroxlmr,strip,template,2026,test_structural_3,bongo_0560,1,0.999835
afroxlmr,strip,template,2026,test_structural_3,bongo_0565,1,0.048875
afroxlmr,strip,template,2026,test_structural_3,bongo_0566,1,0.999788
afroxlmr,strip,template,2026,test_structural_3,bongo_0571,0,0.000245
afroxlmr,strip,template,2026,test_structural_3,bongo_0577,1,0.999768
afroxlmr,strip,template,2026,test_structural_3,bongo_0580,1,0.999741
afroxlmr,strip,template,2026,test_structural_3,bongo_0621,1,0.999622
afroxlmr,strip,template,2026,test_structural_3,bongo_0624,1,0.999820
afroxlmr,strip,template,2026,test_structural_3,bongo_0630,0,0.000160
afroxlmr,strip,template,2026,test_structural_3,bongo_0638,1,0.999828
afroxlmr,strip,template,2026,test_structural_3,bongo_0648,0,0.000334
afroxlmr,strip,template,2026,test_structural_3,bongo_0674,0,0.000190
afroxlmr,strip,template,2026,test_structural_3,bongo_0685,0,0.000203
afroxlmr,strip,template,2026,test_structural_3,bongo_0697,1,0.051561
afroxlmr,strip,template,2026,test_structural_3,bongo_0701,0,0.000172
afroxlmr,strip,template,2026,test_structural_3,bongo_0706,1,0.995252
afroxlmr,strip,template,2026,test_structural_3,bongo_0719,1,0.989375
afroxlmr,strip,template,2026,test_structural_3,bongo_0721,1,0.999707
afroxlmr,strip,template,2026,test_structural_3,bongo_0724,1,0.003603
afroxlmr,strip,template,2026,test_structural_3,bongo_0729,1,0.999832
afroxlmr,strip,template,2026,test_structural_3,bongo_0741,0,0.000167
afroxlmr,strip,template,2026,test_structural_3,bongo_0749,1,0.999215
afroxlmr,strip,template,2026,test_structural_3,bongo_0769,1,0.999766
afroxlmr,strip,template,2026,test_structural_3,bongo_0770,1,0.738384
afroxlmr,strip,template,2026,test_structural_3,bongo_0778,1,0.011908
afroxlmr,strip,template,2026,test_structural_3,bongo_0787,1,0.999839
afroxlmr,strip,template,2026,test_structural_3,bongo_0795,0,0.000360
afroxlmr,strip,template,2026,test_structural_3,bongo_0806,1,0.998080
afroxlmr,strip,template,2026,test_structural_3,bongo_0807,1,0.999826
afroxlmr,strip,template,2026,test_structural_3,bongo_0818,0,0.000261
afroxlmr,strip,template,2026,test_structural_3,bongo_0819,0,0.000202
afroxlmr,strip,template,2026,test_structural_3,bongo_0835,0,0.000185
afroxlmr,strip,template,2026,test_structural_3,bongo_0840,1,0.999843
afroxlmr,strip,template,2026,test_structural_3,bongo_0855,1,0.535527
afroxlmr,strip,template,2026,test_structural_3,bongo_0856,0,0.000177
afroxlmr,strip,template,2026,test_structural_3,bongo_0864,1,0.999800
afroxlmr,strip,template,2026,test_structural_3,bongo_0871,1,0.999835
afroxlmr,strip,template,2026,test_structural_3,bongo_0872,0,0.000196
afroxlmr,strip,template,2026,test_structural_3,bongo_0904,0,0.000191
afroxlmr,strip,template,2026,test_structural_3,bongo_0905,1,0.999832
afroxlmr,strip,template,2026,test_structural_3,bongo_0909,1,0.999791
afroxlmr,strip,template,2026,test_structural_3,bongo_0917,1,0.948393
afroxlmr,strip,template,2026,test_structural_3,bongo_0918,1,0.999775
afroxlmr,strip,template,2026,test_structural_3,bongo_0950,0,0.000206
afroxlmr,strip,template,2026,test_structural_3,bongo_0955,1,0.999823
afroxlmr,strip,template,2026,test_structural_3,bongo_0956,0,0.000184
afroxlmr,strip,template,2026,test_structural_3,bongo_0971,0,0.000180
afroxlmr,strip,template,2026,test_structural_3,bongo_0983,0,0.000173
afroxlmr,strip,template,2026,test_structural_3,bongo_0989,1,0.999838
afroxlmr,strip,template,2026,test_structural_3,bongo_0994,0,0.000181
afroxlmr,strip,template,2026,test_structural_3,bongo_1003,1,0.999826
afroxlmr,strip,template,2026,test_structural_3,bongo_1006,0,0.000178
afroxlmr,strip,template,2026,test_structural_3,bongo_1012,1,0.314034
afroxlmr,strip,template,2026,test_structural_3,bongo_1015,0,0.000177
afroxlmr,strip,template,2026,test_structural_3,bongo_1022,1,0.927515
afroxlmr,strip,template,2026,test_structural_3,bongo_1037,0,0.000191
afroxlmr,strip,template,2026,test_structural_3,bongo_1040,0,0.000190
afroxlmr,strip,template,2026,test_structural_3,bongo_1042,1,0.999819
afroxlmr,strip,template,2026,test_structural_3,bongo_1047,1,0.999800
afroxlmr,strip,template,2026,test_structural_3,bongo_1050,0,0.000178
afroxlmr,strip,template,2026,test_structural_3,bongo_1052,1,0.999811
afroxlmr,strip,template,2026,test_structural_3,bongo_1059,0,0.000349
afroxlmr,strip,template,2026,test_structural_3,bongo_1071,0,0.000179
afroxlmr,strip,template,2026,test_structural_3,bongo_1090,0,0.000246
afroxlmr,strip,template,2026,test_structural_3,bongo_1104,1,0.999825
afroxlmr,strip,template,2026,test_structural_3,bongo_1115,0,0.000170
afroxlmr,strip,template,2026,test_structural_3,bongo_1123,0,0.000159
afroxlmr,strip,template,2026,test_structural_3,bongo_1125,0,0.000265
afroxlmr,strip,template,2026,test_structural_3,bongo_1127,1,0.997740
afroxlmr,strip,template,2026,test_structural_3,bongo_1131,1,0.999833
afroxlmr,strip,template,2026,test_structural_3,bongo_1134,1,0.935657
afroxlmr,strip,template,2026,test_structural_3,bongo_1135,0,0.000188
afroxlmr,strip,template,2026,test_structural_3,bongo_1136,1,0.999824
afroxlmr,strip,template,2026,test_structural_3,bongo_1138,1,0.999838
afroxlmr,strip,template,2026,test_structural_3,bongo_1140,1,0.999820
afroxlmr,strip,template,2026,test_structural_3,bongo_1154,1,0.999828
afroxlmr,strip,template,2026,test_structural_3,bongo_1155,0,0.000182
afroxlmr,strip,template,2026,test_structural_3,bongo_1171,1,0.999826
afroxlmr,strip,template,2026,test_structural_3,bongo_1181,1,0.999808
afroxlmr,strip,template,2026,test_structural_3,bongo_1185,1,0.000600
afroxlmr,strip,template,2026,test_structural_3,bongo_1194,0,0.000160
afroxlmr,strip,template,2026,test_structural_3,bongo_1195,1,0.471780
afroxlmr,strip,template,2026,test_structural_3,bongo_1198,0,0.000184
afroxlmr,strip,template,2026,test_structural_3,bongo_1204,1,0.992355
afroxlmr,strip,template,2026,test_structural_3,bongo_1220,1,0.999832
afroxlmr,strip,template,2026,test_structural_3,bongo_1233,1,0.999739
afroxlmr,strip,template,2026,test_structural_3,bongo_1236,0,0.000186
afroxlmr,strip,template,2026,test_structural_3,bongo_1240,1,0.072229
afroxlmr,strip,template,2026,test_structural_3,bongo_1244,0,0.000171
afroxlmr,strip,template,2026,test_structural_3,bongo_1249,0,0.000197
afroxlmr,strip,template,2026,test_structural_3,bongo_1253,0,0.015056
afroxlmr,strip,template,2026,test_structural_3,bongo_1260,0,0.000163
afroxlmr,strip,template,2026,test_structural_3,bongo_1262,0,0.000827
afroxlmr,strip,template,2026,test_structural_3,bongo_1278,1,0.997181
afroxlmr,strip,template,2026,test_structural_3,bongo_1285,0,0.000179
afroxlmr,strip,template,2026,test_structural_3,bongo_1293,1,0.999786
afroxlmr,strip,template,2026,test_structural_3,bongo_1316,0,0.000193
afroxlmr,strip,template,2026,test_structural_3,bongo_1327,1,0.002604
afroxlmr,strip,template,2026,test_structural_3,bongo_1330,0,0.000212
afroxlmr,strip,template,2026,test_structural_3,bongo_1359,0,0.000209
afroxlmr,strip,template,2026,test_structural_3,bongo_1375,0,0.000198
afroxlmr,strip,template,2026,test_structural_all,bongo_0025,1,0.999814
afroxlmr,strip,template,2026,test_structural_all,bongo_0029,0,0.000307
afroxlmr,strip,template,2026,test_structural_all,bongo_0039,1,0.999801
afroxlmr,strip,template,2026,test_structural_all,bongo_0047,1,0.999718
afroxlmr,strip,template,2026,test_structural_all,bongo_0053,0,0.000212
afroxlmr,strip,template,2026,test_structural_all,bongo_0055,1,0.980604
afroxlmr,strip,template,2026,test_structural_all,bongo_0061,1,0.970155
afroxlmr,strip,template,2026,test_structural_all,bongo_0097,0,0.000201
afroxlmr,strip,template,2026,test_structural_all,bongo_0107,0,0.000198
afroxlmr,strip,template,2026,test_structural_all,bongo_0110,0,0.000238
afroxlmr,strip,template,2026,test_structural_all,bongo_0112,1,0.719106
afroxlmr,strip,template,2026,test_structural_all,bongo_0115,0,0.000175
afroxlmr,strip,template,2026,test_structural_all,bongo_0143,0,0.000203
afroxlmr,strip,template,2026,test_structural_all,bongo_0146,1,0.999148
afroxlmr,strip,template,2026,test_structural_all,bongo_0154,1,0.937586
afroxlmr,strip,template,2026,test_structural_all,bongo_0159,1,0.963353
afroxlmr,strip,template,2026,test_structural_all,bongo_0160,0,0.000171
afroxlmr,strip,template,2026,test_structural_all,bongo_0172,0,0.000450
afroxlmr,strip,template,2026,test_structural_all,bongo_0173,1,0.997535
afroxlmr,strip,template,2026,test_structural_all,bongo_0175,0,0.000188
afroxlmr,strip,template,2026,test_structural_all,bongo_0182,0,0.000195
afroxlmr,strip,template,2026,test_structural_all,bongo_0195,1,0.999489
afroxlmr,strip,template,2026,test_structural_all,bongo_0197,0,0.000189
afroxlmr,strip,template,2026,test_structural_all,bongo_0201,1,0.999800
afroxlmr,strip,template,2026,test_structural_all,bongo_0203,1,0.998707
afroxlmr,strip,template,2026,test_structural_all,bongo_0250,1,0.999669
afroxlmr,strip,template,2026,test_structural_all,bongo_0253,0,0.000182
afroxlmr,strip,template,2026,test_structural_all,bongo_0255,1,0.995174
afroxlmr,strip,template,2026,test_structural_all,bongo_0265,1,0.999423
afroxlmr,strip,template,2026,test_structural_all,bongo_0271,0,0.000163
afroxlmr,strip,template,2026,test_structural_all,bongo_0300,0,0.000181
afroxlmr,strip,template,2026,test_structural_all,bongo_0306,0,0.000185
afroxlmr,strip,template,2026,test_structural_all,bongo_0356,1,0.999075
afroxlmr,strip,template,2026,test_structural_all,bongo_0360,1,0.999824
afroxlmr,strip,template,2026,test_structural_all,bongo_0361,1,0.999663
afroxlmr,strip,template,2026,test_structural_all,bongo_0363,0,0.000229
afroxlmr,strip,template,2026,test_structural_all,bongo_0368,0,0.000176
afroxlmr,strip,template,2026,test_structural_all,bongo_0372,0,0.000157
afroxlmr,strip,template,2026,test_structural_all,bongo_0380,1,0.307796
afroxlmr,strip,template,2026,test_structural_all,bongo_0389,0,0.000169
afroxlmr,strip,template,2026,test_structural_all,bongo_0395,0,0.000212
afroxlmr,strip,template,2026,test_structural_all,bongo_0405,1,0.999407
afroxlmr,strip,template,2026,test_structural_all,bongo_0424,1,0.999780
afroxlmr,strip,template,2026,test_structural_all,bongo_0427,0,0.000342
afroxlmr,strip,template,2026,test_structural_all,bongo_0434,1,0.998431
afroxlmr,strip,template,2026,test_structural_all,bongo_0463,0,0.000256
afroxlmr,strip,template,2026,test_structural_all,bongo_0476,1,0.999794
afroxlmr,strip,template,2026,test_structural_all,bongo_0510,1,0.999682
afroxlmr,strip,template,2026,test_structural_all,bongo_0531,0,0.000218
afroxlmr,strip,template,2026,test_structural_all,bongo_0542,0,0.000169
afroxlmr,strip,template,2026,test_structural_all,bongo_0545,0,0.000166
afroxlmr,strip,template,2026,test_structural_all,bongo_0560,1,0.993392
afroxlmr,strip,template,2026,test_structural_all,bongo_0565,1,0.820916
afroxlmr,strip,template,2026,test_structural_all,bongo_0566,1,0.999572
afroxlmr,strip,template,2026,test_structural_all,bongo_0571,0,0.000245
afroxlmr,strip,template,2026,test_structural_all,bongo_0577,1,0.997973
afroxlmr,strip,template,2026,test_structural_all,bongo_0580,1,0.999780
afroxlmr,strip,template,2026,test_structural_all,bongo_0621,1,0.999711
afroxlmr,strip,template,2026,test_structural_all,bongo_0624,1,0.999689
afroxlmr,strip,template,2026,test_structural_all,bongo_0630,0,0.000160
afroxlmr,strip,template,2026,test_structural_all,bongo_0638,1,0.999180
afroxlmr,strip,template,2026,test_structural_all,bongo_0648,0,0.000334
afroxlmr,strip,template,2026,test_structural_all,bongo_0674,0,0.000190
afroxlmr,strip,template,2026,test_structural_all,bongo_0685,0,0.000203
afroxlmr,strip,template,2026,test_structural_all,bongo_0697,1,0.999648
afroxlmr,strip,template,2026,test_structural_all,bongo_0701,0,0.000172
afroxlmr,strip,template,2026,test_structural_all,bongo_0706,1,0.999145
afroxlmr,strip,template,2026,test_structural_all,bongo_0719,1,0.986621
afroxlmr,strip,template,2026,test_structural_all,bongo_0721,1,0.999787
afroxlmr,strip,template,2026,test_structural_all,bongo_0724,1,0.996670
afroxlmr,strip,template,2026,test_structural_all,bongo_0729,1,0.997244
afroxlmr,strip,template,2026,test_structural_all,bongo_0741,0,0.000167
afroxlmr,strip,template,2026,test_structural_all,bongo_0749,1,0.999521
afroxlmr,strip,template,2026,test_structural_all,bongo_0769,1,0.999490
afroxlmr,strip,template,2026,test_structural_all,bongo_0770,1,0.356759
afroxlmr,strip,template,2026,test_structural_all,bongo_0778,1,0.870749
afroxlmr,strip,template,2026,test_structural_all,bongo_0787,1,0.999212
afroxlmr,strip,template,2026,test_structural_all,bongo_0795,0,0.000360
afroxlmr,strip,template,2026,test_structural_all,bongo_0806,1,0.787108
afroxlmr,strip,template,2026,test_structural_all,bongo_0807,1,0.999814
afroxlmr,strip,template,2026,test_structural_all,bongo_0818,0,0.000261
afroxlmr,strip,template,2026,test_structural_all,bongo_0819,0,0.000202
afroxlmr,strip,template,2026,test_structural_all,bongo_0835,0,0.000185
afroxlmr,strip,template,2026,test_structural_all,bongo_0840,1,0.999781
afroxlmr,strip,template,2026,test_structural_all,bongo_0855,1,0.983527
afroxlmr,strip,template,2026,test_structural_all,bongo_0856,0,0.000177
afroxlmr,strip,template,2026,test_structural_all,bongo_0864,1,0.998516
afroxlmr,strip,template,2026,test_structural_all,bongo_0871,1,0.998899
afroxlmr,strip,template,2026,test_structural_all,bongo_0872,0,0.000196
afroxlmr,strip,template,2026,test_structural_all,bongo_0904,0,0.000191
afroxlmr,strip,template,2026,test_structural_all,bongo_0905,1,0.999392
afroxlmr,strip,template,2026,test_structural_all,bongo_0909,1,0.999709
afroxlmr,strip,template,2026,test_structural_all,bongo_0917,1,0.991331
afroxlmr,strip,template,2026,test_structural_all,bongo_0918,1,0.999805
afroxlmr,strip,template,2026,test_structural_all,bongo_0950,0,0.000206
afroxlmr,strip,template,2026,test_structural_all,bongo_0955,1,0.999780
afroxlmr,strip,template,2026,test_structural_all,bongo_0956,0,0.000184
afroxlmr,strip,template,2026,test_structural_all,bongo_0971,0,0.000180
afroxlmr,strip,template,2026,test_structural_all,bongo_0983,0,0.000173
afroxlmr,strip,template,2026,test_structural_all,bongo_0989,1,0.998664
afroxlmr,strip,template,2026,test_structural_all,bongo_0994,0,0.000181
afroxlmr,strip,template,2026,test_structural_all,bongo_1003,1,0.998746
afroxlmr,strip,template,2026,test_structural_all,bongo_1006,0,0.000178
afroxlmr,strip,template,2026,test_structural_all,bongo_1012,1,0.457597
afroxlmr,strip,template,2026,test_structural_all,bongo_1015,0,0.000177
afroxlmr,strip,template,2026,test_structural_all,bongo_1022,1,0.247225
afroxlmr,strip,template,2026,test_structural_all,bongo_1037,0,0.000191
afroxlmr,strip,template,2026,test_structural_all,bongo_1040,0,0.000190
afroxlmr,strip,template,2026,test_structural_all,bongo_1042,1,0.998915
afroxlmr,strip,template,2026,test_structural_all,bongo_1047,1,0.999810
afroxlmr,strip,template,2026,test_structural_all,bongo_1050,0,0.000178
afroxlmr,strip,template,2026,test_structural_all,bongo_1052,1,0.995970
afroxlmr,strip,template,2026,test_structural_all,bongo_1059,0,0.000349
afroxlmr,strip,template,2026,test_structural_all,bongo_1071,0,0.000179
afroxlmr,strip,template,2026,test_structural_all,bongo_1090,0,0.000246
afroxlmr,strip,template,2026,test_structural_all,bongo_1104,1,0.999725
afroxlmr,strip,template,2026,test_structural_all,bongo_1115,0,0.000170
afroxlmr,strip,template,2026,test_structural_all,bongo_1123,0,0.000159
afroxlmr,strip,template,2026,test_structural_all,bongo_1125,0,0.000265
afroxlmr,strip,template,2026,test_structural_all,bongo_1127,1,0.998932
afroxlmr,strip,template,2026,test_structural_all,bongo_1131,1,0.999671
afroxlmr,strip,template,2026,test_structural_all,bongo_1134,1,0.777327
afroxlmr,strip,template,2026,test_structural_all,bongo_1135,0,0.000188
afroxlmr,strip,template,2026,test_structural_all,bongo_1136,1,0.999771
afroxlmr,strip,template,2026,test_structural_all,bongo_1138,1,0.998930
afroxlmr,strip,template,2026,test_structural_all,bongo_1140,1,0.999663
afroxlmr,strip,template,2026,test_structural_all,bongo_1154,1,0.999125
afroxlmr,strip,template,2026,test_structural_all,bongo_1155,0,0.000182
afroxlmr,strip,template,2026,test_structural_all,bongo_1171,1,0.999777
afroxlmr,strip,template,2026,test_structural_all,bongo_1181,1,0.999787
afroxlmr,strip,template,2026,test_structural_all,bongo_1185,1,0.998492
afroxlmr,strip,template,2026,test_structural_all,bongo_1194,0,0.000160
afroxlmr,strip,template,2026,test_structural_all,bongo_1195,1,0.999681
afroxlmr,strip,template,2026,test_structural_all,bongo_1198,0,0.000184
afroxlmr,strip,template,2026,test_structural_all,bongo_1204,1,0.181431
afroxlmr,strip,template,2026,test_structural_all,bongo_1220,1,0.997619
afroxlmr,strip,template,2026,test_structural_all,bongo_1233,1,0.999632
afroxlmr,strip,template,2026,test_structural_all,bongo_1236,0,0.000186
afroxlmr,strip,template,2026,test_structural_all,bongo_1240,1,0.996716
afroxlmr,strip,template,2026,test_structural_all,bongo_1244,0,0.000171
afroxlmr,strip,template,2026,test_structural_all,bongo_1249,0,0.000197
afroxlmr,strip,template,2026,test_structural_all,bongo_1253,0,0.015056
afroxlmr,strip,template,2026,test_structural_all,bongo_1260,0,0.000163
afroxlmr,strip,template,2026,test_structural_all,bongo_1262,0,0.000827
afroxlmr,strip,template,2026,test_structural_all,bongo_1278,1,0.547148
afroxlmr,strip,template,2026,test_structural_all,bongo_1285,0,0.000179
afroxlmr,strip,template,2026,test_structural_all,bongo_1293,1,0.998979
afroxlmr,strip,template,2026,test_structural_all,bongo_1316,0,0.000193
afroxlmr,strip,template,2026,test_structural_all,bongo_1327,1,0.769989
afroxlmr,strip,template,2026,test_structural_all,bongo_1330,0,0.000212
afroxlmr,strip,template,2026,test_structural_all,bongo_1359,0,0.000209
afroxlmr,strip,template,2026,test_structural_all,bongo_1375,0,0.000198
afroxlmr,strip,template,2026,test_codeswitch_1,bongo_0025,1,0.999824
afroxlmr,strip,template,2026,test_codeswitch_1,bongo_0029,0,0.000307
afroxlmr,strip,template,2026,test_codeswitch_1,bongo_0039,1,0.999839
afroxlmr,strip,template,2026,test_codeswitch_1,bongo_0047,1,0.999828
afroxlmr,strip,template,2026,test_codeswitch_1,bongo_0053,0,0.000212
afroxlmr,strip,template,2026,test_codeswitch_1,bongo_0055,1,0.000298
afroxlmr,strip,template,2026,test_codeswitch_1,bongo_0061,1,0.254703
afroxlmr,strip,template,2026,test_codeswitch_1,bongo_0097,0,0.000201
afroxlmr,strip,template,2026,test_codeswitch_1,bongo_0107,0,0.000198
afroxlmr,strip,template,2026,test_codeswitch_1,bongo_0110,0,0.000238
afroxlmr,strip,template,2026,test_codeswitch_1,bongo_0112,1,0.001981
afroxlmr,strip,template,2026,test_codeswitch_1,bongo_0115,0,0.000175
afroxlmr,strip,template,2026,test_codeswitch_1,bongo_0143,0,0.000203
afroxlmr,strip,template,2026,test_codeswitch_1,bongo_0146,1,0.999826
afroxlmr,strip,template,2026,test_codeswitch_1,bongo_0154,1,0.999826
afroxlmr,strip,template,2026,test_codeswitch_1,bongo_0159,1,0.995145
afroxlmr,strip,template,2026,test_codeswitch_1,bongo_0160,0,0.000171
afroxlmr,strip,template,2026,test_codeswitch_1,bongo_0172,0,0.000450
afroxlmr,strip,template,2026,test_codeswitch_1,bongo_0173,1,0.969090
afroxlmr,strip,template,2026,test_codeswitch_1,bongo_0175,0,0.000188
afroxlmr,strip,template,2026,test_codeswitch_1,bongo_0182,0,0.000195
afroxlmr,strip,template,2026,test_codeswitch_1,bongo_0195,1,0.999811
afroxlmr,strip,template,2026,test_codeswitch_1,bongo_0197,0,0.000189
afroxlmr,strip,template,2026,test_codeswitch_1,bongo_0201,1,0.999828
afroxlmr,strip,template,2026,test_codeswitch_1,bongo_0203,1,0.999813
afroxlmr,strip,template,2026,test_codeswitch_1,bongo_0250,1,0.001118
afroxlmr,strip,template,2026,test_codeswitch_1,bongo_0253,0,0.000182
afroxlmr,strip,template,2026,test_codeswitch_1,bongo_0255,1,0.000568
afroxlmr,strip,template,2026,test_codeswitch_1,bongo_0265,1,0.000306
afroxlmr,strip,template,2026,test_codeswitch_1,bongo_0271,0,0.000163
afroxlmr,strip,template,2026,test_codeswitch_1,bongo_0300,0,0.000181
afroxlmr,strip,template,2026,test_codeswitch_1,bongo_0306,0,0.000185
afroxlmr,strip,template,2026,test_codeswitch_1,bongo_0356,1,0.000804
afroxlmr,strip,template,2026,test_codeswitch_1,bongo_0360,1,0.999842
afroxlmr,strip,template,2026,test_codeswitch_1,bongo_0361,1,0.999822
afroxlmr,strip,template,2026,test_codeswitch_1,bongo_0363,0,0.000229
afroxlmr,strip,template,2026,test_codeswitch_1,bongo_0368,0,0.000176
afroxlmr,strip,template,2026,test_codeswitch_1,bongo_0372,0,0.000157
afroxlmr,strip,template,2026,test_codeswitch_1,bongo_0380,1,0.001230
afroxlmr,strip,template,2026,test_codeswitch_1,bongo_0389,0,0.000169
afroxlmr,strip,template,2026,test_codeswitch_1,bongo_0395,0,0.000212
afroxlmr,strip,template,2026,test_codeswitch_1,bongo_0405,1,0.999777
afroxlmr,strip,template,2026,test_codeswitch_1,bongo_0424,1,0.999834
afroxlmr,strip,template,2026,test_codeswitch_1,bongo_0427,0,0.000342
afroxlmr,strip,template,2026,test_codeswitch_1,bongo_0434,1,0.158059
afroxlmr,strip,template,2026,test_codeswitch_1,bongo_0463,0,0.000256
afroxlmr,strip,template,2026,test_codeswitch_1,bongo_0476,1,0.999806
afroxlmr,strip,template,2026,test_codeswitch_1,bongo_0510,1,0.999812
afroxlmr,strip,template,2026,test_codeswitch_1,bongo_0531,0,0.000218
afroxlmr,strip,template,2026,test_codeswitch_1,bongo_0542,0,0.000169
afroxlmr,strip,template,2026,test_codeswitch_1,bongo_0545,0,0.000166
afroxlmr,strip,template,2026,test_codeswitch_1,bongo_0560,1,0.999838
afroxlmr,strip,template,2026,test_codeswitch_1,bongo_0565,1,0.001246
afroxlmr,strip,template,2026,test_codeswitch_1,bongo_0566,1,0.999825
afroxlmr,strip,template,2026,test_codeswitch_1,bongo_0571,0,0.000245
afroxlmr,strip,template,2026,test_codeswitch_1,bongo_0577,1,0.999807
afroxlmr,strip,template,2026,test_codeswitch_1,bongo_0580,1,0.999799
afroxlmr,strip,template,2026,test_codeswitch_1,bongo_0621,1,0.999794
afroxlmr,strip,template,2026,test_codeswitch_1,bongo_0624,1,0.999815
afroxlmr,strip,template,2026,test_codeswitch_1,bongo_0630,0,0.000160
afroxlmr,strip,template,2026,test_codeswitch_1,bongo_0638,1,0.999824
afroxlmr,strip,template,2026,test_codeswitch_1,bongo_0648,0,0.000334
afroxlmr,strip,template,2026,test_codeswitch_1,bongo_0674,0,0.000190
afroxlmr,strip,template,2026,test_codeswitch_1,bongo_0685,0,0.000203
afroxlmr,strip,template,2026,test_codeswitch_1,bongo_0697,1,0.001781
afroxlmr,strip,template,2026,test_codeswitch_1,bongo_0701,0,0.000172
afroxlmr,strip,template,2026,test_codeswitch_1,bongo_0706,1,0.101233
afroxlmr,strip,template,2026,test_codeswitch_1,bongo_0719,1,0.996978
afroxlmr,strip,template,2026,test_codeswitch_1,bongo_0721,1,0.999754
afroxlmr,strip,template,2026,test_codeswitch_1,bongo_0724,1,0.000609
afroxlmr,strip,template,2026,test_codeswitch_1,bongo_0729,1,0.999816
afroxlmr,strip,template,2026,test_codeswitch_1,bongo_0741,0,0.000167
afroxlmr,strip,template,2026,test_codeswitch_1,bongo_0749,1,0.995484
afroxlmr,strip,template,2026,test_codeswitch_1,bongo_0769,1,0.999744
afroxlmr,strip,template,2026,test_codeswitch_1,bongo_0770,1,0.000309
afroxlmr,strip,template,2026,test_codeswitch_1,bongo_0778,1,0.000311
afroxlmr,strip,template,2026,test_codeswitch_1,bongo_0787,1,0.999842
afroxlmr,strip,template,2026,test_codeswitch_1,bongo_0795,0,0.000360
afroxlmr,strip,template,2026,test_codeswitch_1,bongo_0806,1,0.019074
afroxlmr,strip,template,2026,test_codeswitch_1,bongo_0807,1,0.999805
afroxlmr,strip,template,2026,test_codeswitch_1,bongo_0818,0,0.000261
afroxlmr,strip,template,2026,test_codeswitch_1,bongo_0819,0,0.000202
afroxlmr,strip,template,2026,test_codeswitch_1,bongo_0835,0,0.000185
afroxlmr,strip,template,2026,test_codeswitch_1,bongo_0840,1,0.999843
afroxlmr,strip,template,2026,test_codeswitch_1,bongo_0855,1,0.004031
afroxlmr,strip,template,2026,test_codeswitch_1,bongo_0856,0,0.000177
afroxlmr,strip,template,2026,test_codeswitch_1,bongo_0864,1,0.999819
afroxlmr,strip,template,2026,test_codeswitch_1,bongo_0871,1,0.999834
afroxlmr,strip,template,2026,test_codeswitch_1,bongo_0872,0,0.000196
afroxlmr,strip,template,2026,test_codeswitch_1,bongo_0904,0,0.000191
afroxlmr,strip,template,2026,test_codeswitch_1,bongo_0905,1,0.999819
afroxlmr,strip,template,2026,test_codeswitch_1,bongo_0909,1,0.999812
afroxlmr,strip,template,2026,test_codeswitch_1,bongo_0917,1,0.000454
afroxlmr,strip,template,2026,test_codeswitch_1,bongo_0918,1,0.999817
afroxlmr,strip,template,2026,test_codeswitch_1,bongo_0950,0,0.000206
afroxlmr,strip,template,2026,test_codeswitch_1,bongo_0955,1,0.999801
afroxlmr,strip,template,2026,test_codeswitch_1,bongo_0956,0,0.000184
afroxlmr,strip,template,2026,test_codeswitch_1,bongo_0971,0,0.000180
afroxlmr,strip,template,2026,test_codeswitch_1,bongo_0983,0,0.000173
afroxlmr,strip,template,2026,test_codeswitch_1,bongo_0989,1,0.999833
afroxlmr,strip,template,2026,test_codeswitch_1,bongo_0994,0,0.000181
afroxlmr,strip,template,2026,test_codeswitch_1,bongo_1003,1,0.999837
afroxlmr,strip,template,2026,test_codeswitch_1,bongo_1006,0,0.000178
afroxlmr,strip,template,2026,test_codeswitch_1,bongo_1012,1,0.000654
afroxlmr,strip,template,2026,test_codeswitch_1,bongo_1015,0,0.000177
afroxlmr,strip,template,2026,test_codeswitch_1,bongo_1022,1,0.000368
afroxlmr,strip,template,2026,test_codeswitch_1,bongo_1037,0,0.000191
afroxlmr,strip,template,2026,test_codeswitch_1,bongo_1040,0,0.000190
afroxlmr,strip,template,2026,test_codeswitch_1,bongo_1042,1,0.999801
afroxlmr,strip,template,2026,test_codeswitch_1,bongo_1047,1,0.999824
afroxlmr,strip,template,2026,test_codeswitch_1,bongo_1050,0,0.000178
afroxlmr,strip,template,2026,test_codeswitch_1,bongo_1052,1,0.999815
afroxlmr,strip,template,2026,test_codeswitch_1,bongo_1059,0,0.000349
afroxlmr,strip,template,2026,test_codeswitch_1,bongo_1071,0,0.000179
afroxlmr,strip,template,2026,test_codeswitch_1,bongo_1090,0,0.000246
afroxlmr,strip,template,2026,test_codeswitch_1,bongo_1104,1,0.999825
afroxlmr,strip,template,2026,test_codeswitch_1,bongo_1115,0,0.000170
afroxlmr,strip,template,2026,test_codeswitch_1,bongo_1123,0,0.000159
afroxlmr,strip,template,2026,test_codeswitch_1,bongo_1125,0,0.000265
afroxlmr,strip,template,2026,test_codeswitch_1,bongo_1127,1,0.016345
afroxlmr,strip,template,2026,test_codeswitch_1,bongo_1131,1,0.999775
afroxlmr,strip,template,2026,test_codeswitch_1,bongo_1134,1,0.002570
afroxlmr,strip,template,2026,test_codeswitch_1,bongo_1135,0,0.000188
afroxlmr,strip,template,2026,test_codeswitch_1,bongo_1136,1,0.999834
afroxlmr,strip,template,2026,test_codeswitch_1,bongo_1138,1,0.999835
afroxlmr,strip,template,2026,test_codeswitch_1,bongo_1140,1,0.999820
afroxlmr,strip,template,2026,test_codeswitch_1,bongo_1154,1,0.999834
afroxlmr,strip,template,2026,test_codeswitch_1,bongo_1155,0,0.000182
afroxlmr,strip,template,2026,test_codeswitch_1,bongo_1171,1,0.999826
afroxlmr,strip,template,2026,test_codeswitch_1,bongo_1181,1,0.999803
afroxlmr,strip,template,2026,test_codeswitch_1,bongo_1185,1,0.000296
afroxlmr,strip,template,2026,test_codeswitch_1,bongo_1194,0,0.000160
afroxlmr,strip,template,2026,test_codeswitch_1,bongo_1195,1,0.000368
afroxlmr,strip,template,2026,test_codeswitch_1,bongo_1198,0,0.000184
afroxlmr,strip,template,2026,test_codeswitch_1,bongo_1204,1,0.000720
afroxlmr,strip,template,2026,test_codeswitch_1,bongo_1220,1,0.999836
afroxlmr,strip,template,2026,test_codeswitch_1,bongo_1233,1,0.999824
afroxlmr,strip,template,2026,test_codeswitch_1,bongo_1236,0,0.000186
afroxlmr,strip,template,2026,test_codeswitch_1,bongo_1240,1,0.000630
afroxlmr,strip,template,2026,test_codeswitch_1,bongo_1244,0,0.000171
afroxlmr,strip,template,2026,test_codeswitch_1,bongo_1249,0,0.000197
afroxlmr,strip,template,2026,test_codeswitch_1,bongo_1253,0,0.015056
afroxlmr,strip,template,2026,test_codeswitch_1,bongo_1260,0,0.000163
afroxlmr,strip,template,2026,test_codeswitch_1,bongo_1262,0,0.000827
afroxlmr,strip,template,2026,test_codeswitch_1,bongo_1278,1,0.000575
afroxlmr,strip,template,2026,test_codeswitch_1,bongo_1285,0,0.000179
afroxlmr,strip,template,2026,test_codeswitch_1,bongo_1293,1,0.999831
afroxlmr,strip,template,2026,test_codeswitch_1,bongo_1316,0,0.000193
afroxlmr,strip,template,2026,test_codeswitch_1,bongo_1327,1,0.000268
afroxlmr,strip,template,2026,test_codeswitch_1,bongo_1330,0,0.000212
afroxlmr,strip,template,2026,test_codeswitch_1,bongo_1359,0,0.000209
afroxlmr,strip,template,2026,test_codeswitch_1,bongo_1375,0,0.000198
afroxlmr,strip,template,2026,test_codeswitch_3,bongo_0025,1,0.999819
afroxlmr,strip,template,2026,test_codeswitch_3,bongo_0029,0,0.000307
afroxlmr,strip,template,2026,test_codeswitch_3,bongo_0039,1,0.999842
afroxlmr,strip,template,2026,test_codeswitch_3,bongo_0047,1,0.999828
afroxlmr,strip,template,2026,test_codeswitch_3,bongo_0053,0,0.000212
afroxlmr,strip,template,2026,test_codeswitch_3,bongo_0055,1,0.000521
afroxlmr,strip,template,2026,test_codeswitch_3,bongo_0061,1,0.254703
afroxlmr,strip,template,2026,test_codeswitch_3,bongo_0097,0,0.000201
afroxlmr,strip,template,2026,test_codeswitch_3,bongo_0107,0,0.000198
afroxlmr,strip,template,2026,test_codeswitch_3,bongo_0110,0,0.000238
afroxlmr,strip,template,2026,test_codeswitch_3,bongo_0112,1,0.234293
afroxlmr,strip,template,2026,test_codeswitch_3,bongo_0115,0,0.000175
afroxlmr,strip,template,2026,test_codeswitch_3,bongo_0143,0,0.000203
afroxlmr,strip,template,2026,test_codeswitch_3,bongo_0146,1,0.999821
afroxlmr,strip,template,2026,test_codeswitch_3,bongo_0154,1,0.999821
afroxlmr,strip,template,2026,test_codeswitch_3,bongo_0159,1,0.996129
afroxlmr,strip,template,2026,test_codeswitch_3,bongo_0160,0,0.000171
afroxlmr,strip,template,2026,test_codeswitch_3,bongo_0172,0,0.000450
afroxlmr,strip,template,2026,test_codeswitch_3,bongo_0173,1,0.994062
afroxlmr,strip,template,2026,test_codeswitch_3,bongo_0175,0,0.000188
afroxlmr,strip,template,2026,test_codeswitch_3,bongo_0182,0,0.000195
afroxlmr,strip,template,2026,test_codeswitch_3,bongo_0195,1,0.999811
afroxlmr,strip,template,2026,test_codeswitch_3,bongo_0197,0,0.000189
afroxlmr,strip,template,2026,test_codeswitch_3,bongo_0201,1,0.999832
afroxlmr,strip,template,2026,test_codeswitch_3,bongo_0203,1,0.999781
afroxlmr,strip,template,2026,test_codeswitch_3,bongo_0250,1,0.011115
afroxlmr,strip,template,2026,test_codeswitch_3,bongo_0253,0,0.000182
afroxlmr,strip,template,2026,test_codeswitch_3,bongo_0255,1,0.005189
afroxlmr,strip,template,2026,test_codeswitch_3,bongo_0265,1,0.000635
afroxlmr,strip,template,2026,test_codeswitch_3,bongo_0271,0,0.000163
afroxlmr,strip,template,2026,test_codeswitch_3,bongo_0300,0,0.000181
afroxlmr,strip,template,2026,test_codeswitch_3,bongo_0306,0,0.000185
afroxlmr,strip,template,2026,test_codeswitch_3,bongo_0356,1,0.004883
afroxlmr,strip,template,2026,test_codeswitch_3,bongo_0360,1,0.999837
afroxlmr,strip,template,2026,test_codeswitch_3,bongo_0361,1,0.999807
afroxlmr,strip,template,2026,test_codeswitch_3,bongo_0363,0,0.000229
afroxlmr,strip,template,2026,test_codeswitch_3,bongo_0368,0,0.000176
afroxlmr,strip,template,2026,test_codeswitch_3,bongo_0372,0,0.000157
afroxlmr,strip,template,2026,test_codeswitch_3,bongo_0380,1,0.023268
afroxlmr,strip,template,2026,test_codeswitch_3,bongo_0389,0,0.000169
afroxlmr,strip,template,2026,test_codeswitch_3,bongo_0395,0,0.000212
afroxlmr,strip,template,2026,test_codeswitch_3,bongo_0405,1,0.999789
afroxlmr,strip,template,2026,test_codeswitch_3,bongo_0424,1,0.999833
afroxlmr,strip,template,2026,test_codeswitch_3,bongo_0427,0,0.000342
afroxlmr,strip,template,2026,test_codeswitch_3,bongo_0434,1,0.806419
afroxlmr,strip,template,2026,test_codeswitch_3,bongo_0463,0,0.000256
afroxlmr,strip,template,2026,test_codeswitch_3,bongo_0476,1,0.999806
afroxlmr,strip,template,2026,test_codeswitch_3,bongo_0510,1,0.999819
afroxlmr,strip,template,2026,test_codeswitch_3,bongo_0531,0,0.000218
afroxlmr,strip,template,2026,test_codeswitch_3,bongo_0542,0,0.000169
afroxlmr,strip,template,2026,test_codeswitch_3,bongo_0545,0,0.000166
afroxlmr,strip,template,2026,test_codeswitch_3,bongo_0560,1,0.999838
afroxlmr,strip,template,2026,test_codeswitch_3,bongo_0565,1,0.040132
afroxlmr,strip,template,2026,test_codeswitch_3,bongo_0566,1,0.999823
afroxlmr,strip,template,2026,test_codeswitch_3,bongo_0571,0,0.000245
afroxlmr,strip,template,2026,test_codeswitch_3,bongo_0577,1,0.999805
afroxlmr,strip,template,2026,test_codeswitch_3,bongo_0580,1,0.999799
afroxlmr,strip,template,2026,test_codeswitch_3,bongo_0621,1,0.999779
afroxlmr,strip,template,2026,test_codeswitch_3,bongo_0624,1,0.999817
afroxlmr,strip,template,2026,test_codeswitch_3,bongo_0630,0,0.000160
afroxlmr,strip,template,2026,test_codeswitch_3,bongo_0638,1,0.999818
afroxlmr,strip,template,2026,test_codeswitch_3,bongo_0648,0,0.000334
afroxlmr,strip,template,2026,test_codeswitch_3,bongo_0674,0,0.000190
afroxlmr,strip,template,2026,test_codeswitch_3,bongo_0685,0,0.000203
afroxlmr,strip,template,2026,test_codeswitch_3,bongo_0697,1,0.027353
afroxlmr,strip,template,2026,test_codeswitch_3,bongo_0701,0,0.000172
afroxlmr,strip,template,2026,test_codeswitch_3,bongo_0706,1,0.921977
afroxlmr,strip,template,2026,test_codeswitch_3,bongo_0719,1,0.998768
afroxlmr,strip,template,2026,test_codeswitch_3,bongo_0721,1,0.999787
afroxlmr,strip,template,2026,test_codeswitch_3,bongo_0724,1,0.006594
afroxlmr,strip,template,2026,test_codeswitch_3,bongo_0729,1,0.999816
afroxlmr,strip,template,2026,test_codeswitch_3,bongo_0741,0,0.000167
afroxlmr,strip,template,2026,test_codeswitch_3,bongo_0749,1,0.997185
afroxlmr,strip,template,2026,test_codeswitch_3,bongo_0769,1,0.999793
afroxlmr,strip,template,2026,test_codeswitch_3,bongo_0770,1,0.000585
afroxlmr,strip,template,2026,test_codeswitch_3,bongo_0778,1,0.000684
afroxlmr,strip,template,2026,test_codeswitch_3,bongo_0787,1,0.999836
afroxlmr,strip,template,2026,test_codeswitch_3,bongo_0795,0,0.000360
afroxlmr,strip,template,2026,test_codeswitch_3,bongo_0806,1,0.727397
afroxlmr,strip,template,2026,test_codeswitch_3,bongo_0807,1,0.999813
afroxlmr,strip,template,2026,test_codeswitch_3,bongo_0818,0,0.000261
afroxlmr,strip,template,2026,test_codeswitch_3,bongo_0819,0,0.000202
afroxlmr,strip,template,2026,test_codeswitch_3,bongo_0835,0,0.000185
afroxlmr,strip,template,2026,test_codeswitch_3,bongo_0840,1,0.999840
afroxlmr,strip,template,2026,test_codeswitch_3,bongo_0855,1,0.543775
afroxlmr,strip,template,2026,test_codeswitch_3,bongo_0856,0,0.000177
afroxlmr,strip,template,2026,test_codeswitch_3,bongo_0864,1,0.999830
afroxlmr,strip,template,2026,test_codeswitch_3,bongo_0871,1,0.999831
afroxlmr,strip,template,2026,test_codeswitch_3,bongo_0872,0,0.000196
afroxlmr,strip,template,2026,test_codeswitch_3,bongo_0904,0,0.000191
afroxlmr,strip,template,2026,test_codeswitch_3,bongo_0905,1,0.999827
afroxlmr,strip,template,2026,test_codeswitch_3,bongo_0909,1,0.999821
afroxlmr,strip,template,2026,test_codeswitch_3,bongo_0917,1,0.001168
afroxlmr,strip,template,2026,test_codeswitch_3,bongo_0918,1,0.999813
afroxlmr,strip,template,2026,test_codeswitch_3,bongo_0950,0,0.000206
afroxlmr,strip,template,2026,test_codeswitch_3,bongo_0955,1,0.999773
afroxlmr,strip,template,2026,test_codeswitch_3,bongo_0956,0,0.000184
afroxlmr,strip,template,2026,test_codeswitch_3,bongo_0971,0,0.000180
afroxlmr,strip,template,2026,test_codeswitch_3,bongo_0983,0,0.000173
afroxlmr,strip,template,2026,test_codeswitch_3,bongo_0989,1,0.999835
afroxlmr,strip,template,2026,test_codeswitch_3,bongo_0994,0,0.000181
afroxlmr,strip,template,2026,test_codeswitch_3,bongo_1003,1,0.999837
afroxlmr,strip,template,2026,test_codeswitch_3,bongo_1006,0,0.000178
afroxlmr,strip,template,2026,test_codeswitch_3,bongo_1012,1,0.005094
afroxlmr,strip,template,2026,test_codeswitch_3,bongo_1015,0,0.000177
afroxlmr,strip,template,2026,test_codeswitch_3,bongo_1022,1,0.001338
afroxlmr,strip,template,2026,test_codeswitch_3,bongo_1037,0,0.000191
afroxlmr,strip,template,2026,test_codeswitch_3,bongo_1040,0,0.000190
afroxlmr,strip,template,2026,test_codeswitch_3,bongo_1042,1,0.999795
afroxlmr,strip,template,2026,test_codeswitch_3,bongo_1047,1,0.999828
afroxlmr,strip,template,2026,test_codeswitch_3,bongo_1050,0,0.000178
afroxlmr,strip,template,2026,test_codeswitch_3,bongo_1052,1,0.999818
afroxlmr,strip,template,2026,test_codeswitch_3,bongo_1059,0,0.000349
afroxlmr,strip,template,2026,test_codeswitch_3,bongo_1071,0,0.000179
afroxlmr,strip,template,2026,test_codeswitch_3,bongo_1090,0,0.000246
afroxlmr,strip,template,2026,test_codeswitch_3,bongo_1104,1,0.999821
afroxlmr,strip,template,2026,test_codeswitch_3,bongo_1115,0,0.000170
afroxlmr,strip,template,2026,test_codeswitch_3,bongo_1123,0,0.000159
afroxlmr,strip,template,2026,test_codeswitch_3,bongo_1125,0,0.000265
afroxlmr,strip,template,2026,test_codeswitch_3,bongo_1127,1,0.376172
afroxlmr,strip,template,2026,test_codeswitch_3,bongo_1131,1,0.999777
afroxlmr,strip,template,2026,test_codeswitch_3,bongo_1134,1,0.223799
afroxlmr,strip,template,2026,test_codeswitch_3,bongo_1135,0,0.000188
afroxlmr,strip,template,2026,test_codeswitch_3,bongo_1136,1,0.999834
afroxlmr,strip,template,2026,test_codeswitch_3,bongo_1138,1,0.999837
afroxlmr,strip,template,2026,test_codeswitch_3,bongo_1140,1,0.999819
afroxlmr,strip,template,2026,test_codeswitch_3,bongo_1154,1,0.999841
afroxlmr,strip,template,2026,test_codeswitch_3,bongo_1155,0,0.000182
afroxlmr,strip,template,2026,test_codeswitch_3,bongo_1171,1,0.999824
afroxlmr,strip,template,2026,test_codeswitch_3,bongo_1181,1,0.999803
afroxlmr,strip,template,2026,test_codeswitch_3,bongo_1185,1,0.000691
afroxlmr,strip,template,2026,test_codeswitch_3,bongo_1194,0,0.000160
afroxlmr,strip,template,2026,test_codeswitch_3,bongo_1195,1,0.001488
afroxlmr,strip,template,2026,test_codeswitch_3,bongo_1198,0,0.000184
afroxlmr,strip,template,2026,test_codeswitch_3,bongo_1204,1,0.001894
afroxlmr,strip,template,2026,test_codeswitch_3,bongo_1220,1,0.999842
afroxlmr,strip,template,2026,test_codeswitch_3,bongo_1233,1,0.999820
afroxlmr,strip,template,2026,test_codeswitch_3,bongo_1236,0,0.000186
afroxlmr,strip,template,2026,test_codeswitch_3,bongo_1240,1,0.006147
afroxlmr,strip,template,2026,test_codeswitch_3,bongo_1244,0,0.000171
afroxlmr,strip,template,2026,test_codeswitch_3,bongo_1249,0,0.000197
afroxlmr,strip,template,2026,test_codeswitch_3,bongo_1253,0,0.015056
afroxlmr,strip,template,2026,test_codeswitch_3,bongo_1260,0,0.000163
afroxlmr,strip,template,2026,test_codeswitch_3,bongo_1262,0,0.000827
afroxlmr,strip,template,2026,test_codeswitch_3,bongo_1278,1,0.001901
afroxlmr,strip,template,2026,test_codeswitch_3,bongo_1285,0,0.000179
afroxlmr,strip,template,2026,test_codeswitch_3,bongo_1293,1,0.999838
afroxlmr,strip,template,2026,test_codeswitch_3,bongo_1316,0,0.000193
afroxlmr,strip,template,2026,test_codeswitch_3,bongo_1327,1,0.000401
afroxlmr,strip,template,2026,test_codeswitch_3,bongo_1330,0,0.000212
afroxlmr,strip,template,2026,test_codeswitch_3,bongo_1359,0,0.000209
afroxlmr,strip,template,2026,test_codeswitch_3,bongo_1375,0,0.000198
afroxlmr,strip,template,2026,test_codeswitch_all,bongo_0025,1,0.999819
afroxlmr,strip,template,2026,test_codeswitch_all,bongo_0029,0,0.000307
afroxlmr,strip,template,2026,test_codeswitch_all,bongo_0039,1,0.999842
afroxlmr,strip,template,2026,test_codeswitch_all,bongo_0047,1,0.999828
afroxlmr,strip,template,2026,test_codeswitch_all,bongo_0053,0,0.000212
afroxlmr,strip,template,2026,test_codeswitch_all,bongo_0055,1,0.000521
afroxlmr,strip,template,2026,test_codeswitch_all,bongo_0061,1,0.254703
afroxlmr,strip,template,2026,test_codeswitch_all,bongo_0097,0,0.000201
afroxlmr,strip,template,2026,test_codeswitch_all,bongo_0107,0,0.000198
afroxlmr,strip,template,2026,test_codeswitch_all,bongo_0110,0,0.000238
afroxlmr,strip,template,2026,test_codeswitch_all,bongo_0112,1,0.234293
afroxlmr,strip,template,2026,test_codeswitch_all,bongo_0115,0,0.000175
afroxlmr,strip,template,2026,test_codeswitch_all,bongo_0143,0,0.000203
afroxlmr,strip,template,2026,test_codeswitch_all,bongo_0146,1,0.999823
afroxlmr,strip,template,2026,test_codeswitch_all,bongo_0154,1,0.999821
afroxlmr,strip,template,2026,test_codeswitch_all,bongo_0159,1,0.996129
afroxlmr,strip,template,2026,test_codeswitch_all,bongo_0160,0,0.000171
afroxlmr,strip,template,2026,test_codeswitch_all,bongo_0172,0,0.000450
afroxlmr,strip,template,2026,test_codeswitch_all,bongo_0173,1,0.994062
afroxlmr,strip,template,2026,test_codeswitch_all,bongo_0175,0,0.000188
afroxlmr,strip,template,2026,test_codeswitch_all,bongo_0182,0,0.000195
afroxlmr,strip,template,2026,test_codeswitch_all,bongo_0195,1,0.999811
afroxlmr,strip,template,2026,test_codeswitch_all,bongo_0197,0,0.000189
afroxlmr,strip,template,2026,test_codeswitch_all,bongo_0201,1,0.999832
afroxlmr,strip,template,2026,test_codeswitch_all,bongo_0203,1,0.999743
afroxlmr,strip,template,2026,test_codeswitch_all,bongo_0250,1,0.011115
afroxlmr,strip,template,2026,test_codeswitch_all,bongo_0253,0,0.000182
afroxlmr,strip,template,2026,test_codeswitch_all,bongo_0255,1,0.005189
afroxlmr,strip,template,2026,test_codeswitch_all,bongo_0265,1,0.000635
afroxlmr,strip,template,2026,test_codeswitch_all,bongo_0271,0,0.000163
afroxlmr,strip,template,2026,test_codeswitch_all,bongo_0300,0,0.000181
afroxlmr,strip,template,2026,test_codeswitch_all,bongo_0306,0,0.000185
afroxlmr,strip,template,2026,test_codeswitch_all,bongo_0356,1,0.004883
afroxlmr,strip,template,2026,test_codeswitch_all,bongo_0360,1,0.999828
afroxlmr,strip,template,2026,test_codeswitch_all,bongo_0361,1,0.999775
afroxlmr,strip,template,2026,test_codeswitch_all,bongo_0363,0,0.000229
afroxlmr,strip,template,2026,test_codeswitch_all,bongo_0368,0,0.000176
afroxlmr,strip,template,2026,test_codeswitch_all,bongo_0372,0,0.000157
afroxlmr,strip,template,2026,test_codeswitch_all,bongo_0380,1,0.023268
afroxlmr,strip,template,2026,test_codeswitch_all,bongo_0389,0,0.000169
afroxlmr,strip,template,2026,test_codeswitch_all,bongo_0395,0,0.000212
afroxlmr,strip,template,2026,test_codeswitch_all,bongo_0405,1,0.999789
afroxlmr,strip,template,2026,test_codeswitch_all,bongo_0424,1,0.999832
afroxlmr,strip,template,2026,test_codeswitch_all,bongo_0427,0,0.000342
afroxlmr,strip,template,2026,test_codeswitch_all,bongo_0434,1,0.806419
afroxlmr,strip,template,2026,test_codeswitch_all,bongo_0463,0,0.000256
afroxlmr,strip,template,2026,test_codeswitch_all,bongo_0476,1,0.999806
afroxlmr,strip,template,2026,test_codeswitch_all,bongo_0510,1,0.999819
afroxlmr,strip,template,2026,test_codeswitch_all,bongo_0531,0,0.000218
afroxlmr,strip,template,2026,test_codeswitch_all,bongo_0542,0,0.000169
afroxlmr,strip,template,2026,test_codeswitch_all,bongo_0545,0,0.000166
afroxlmr,strip,template,2026,test_codeswitch_all,bongo_0560,1,0.999838
afroxlmr,strip,template,2026,test_codeswitch_all,bongo_0565,1,0.040132
afroxlmr,strip,template,2026,test_codeswitch_all,bongo_0566,1,0.999821
afroxlmr,strip,template,2026,test_codeswitch_all,bongo_0571,0,0.000245
afroxlmr,strip,template,2026,test_codeswitch_all,bongo_0577,1,0.999805
afroxlmr,strip,template,2026,test_codeswitch_all,bongo_0580,1,0.999799
afroxlmr,strip,template,2026,test_codeswitch_all,bongo_0621,1,0.999779
afroxlmr,strip,template,2026,test_codeswitch_all,bongo_0624,1,0.999817
afroxlmr,strip,template,2026,test_codeswitch_all,bongo_0630,0,0.000160
afroxlmr,strip,template,2026,test_codeswitch_all,bongo_0638,1,0.999821
afroxlmr,strip,template,2026,test_codeswitch_all,bongo_0648,0,0.000334
afroxlmr,strip,template,2026,test_codeswitch_all,bongo_0674,0,0.000190
afroxlmr,strip,template,2026,test_codeswitch_all,bongo_0685,0,0.000203
afroxlmr,strip,template,2026,test_codeswitch_all,bongo_0697,1,0.027353
afroxlmr,strip,template,2026,test_codeswitch_all,bongo_0701,0,0.000172
afroxlmr,strip,template,2026,test_codeswitch_all,bongo_0706,1,0.921977
afroxlmr,strip,template,2026,test_codeswitch_all,bongo_0719,1,0.998768
afroxlmr,strip,template,2026,test_codeswitch_all,bongo_0721,1,0.999787
afroxlmr,strip,template,2026,test_codeswitch_all,bongo_0724,1,0.006594
afroxlmr,strip,template,2026,test_codeswitch_all,bongo_0729,1,0.999816
afroxlmr,strip,template,2026,test_codeswitch_all,bongo_0741,0,0.000167
afroxlmr,strip,template,2026,test_codeswitch_all,bongo_0749,1,0.997185
afroxlmr,strip,template,2026,test_codeswitch_all,bongo_0769,1,0.999793
afroxlmr,strip,template,2026,test_codeswitch_all,bongo_0770,1,0.000585
afroxlmr,strip,template,2026,test_codeswitch_all,bongo_0778,1,0.000684
afroxlmr,strip,template,2026,test_codeswitch_all,bongo_0787,1,0.999829
afroxlmr,strip,template,2026,test_codeswitch_all,bongo_0795,0,0.000360
afroxlmr,strip,template,2026,test_codeswitch_all,bongo_0806,1,0.727397
afroxlmr,strip,template,2026,test_codeswitch_all,bongo_0807,1,0.999813
afroxlmr,strip,template,2026,test_codeswitch_all,bongo_0818,0,0.000261
afroxlmr,strip,template,2026,test_codeswitch_all,bongo_0819,0,0.000202
afroxlmr,strip,template,2026,test_codeswitch_all,bongo_0835,0,0.000185
afroxlmr,strip,template,2026,test_codeswitch_all,bongo_0840,1,0.999834
afroxlmr,strip,template,2026,test_codeswitch_all,bongo_0855,1,0.543775
afroxlmr,strip,template,2026,test_codeswitch_all,bongo_0856,0,0.000177
afroxlmr,strip,template,2026,test_codeswitch_all,bongo_0864,1,0.999830
afroxlmr,strip,template,2026,test_codeswitch_all,bongo_0871,1,0.999831
afroxlmr,strip,template,2026,test_codeswitch_all,bongo_0872,0,0.000196
afroxlmr,strip,template,2026,test_codeswitch_all,bongo_0904,0,0.000191
afroxlmr,strip,template,2026,test_codeswitch_all,bongo_0905,1,0.999827
afroxlmr,strip,template,2026,test_codeswitch_all,bongo_0909,1,0.999821
afroxlmr,strip,template,2026,test_codeswitch_all,bongo_0917,1,0.001168
afroxlmr,strip,template,2026,test_codeswitch_all,bongo_0918,1,0.999813
afroxlmr,strip,template,2026,test_codeswitch_all,bongo_0950,0,0.000206
afroxlmr,strip,template,2026,test_codeswitch_all,bongo_0955,1,0.999786
afroxlmr,strip,template,2026,test_codeswitch_all,bongo_0956,0,0.000184
afroxlmr,strip,template,2026,test_codeswitch_all,bongo_0971,0,0.000180
afroxlmr,strip,template,2026,test_codeswitch_all,bongo_0983,0,0.000173
afroxlmr,strip,template,2026,test_codeswitch_all,bongo_0989,1,0.999835
afroxlmr,strip,template,2026,test_codeswitch_all,bongo_0994,0,0.000181
afroxlmr,strip,template,2026,test_codeswitch_all,bongo_1003,1,0.999837
afroxlmr,strip,template,2026,test_codeswitch_all,bongo_1006,0,0.000178
afroxlmr,strip,template,2026,test_codeswitch_all,bongo_1012,1,0.005094
afroxlmr,strip,template,2026,test_codeswitch_all,bongo_1015,0,0.000177
afroxlmr,strip,template,2026,test_codeswitch_all,bongo_1022,1,0.001338
afroxlmr,strip,template,2026,test_codeswitch_all,bongo_1037,0,0.000191
afroxlmr,strip,template,2026,test_codeswitch_all,bongo_1040,0,0.000190
afroxlmr,strip,template,2026,test_codeswitch_all,bongo_1042,1,0.999801
afroxlmr,strip,template,2026,test_codeswitch_all,bongo_1047,1,0.999828
afroxlmr,strip,template,2026,test_codeswitch_all,bongo_1050,0,0.000178
afroxlmr,strip,template,2026,test_codeswitch_all,bongo_1052,1,0.999818
afroxlmr,strip,template,2026,test_codeswitch_all,bongo_1059,0,0.000349
afroxlmr,strip,template,2026,test_codeswitch_all,bongo_1071,0,0.000179
afroxlmr,strip,template,2026,test_codeswitch_all,bongo_1090,0,0.000246
afroxlmr,strip,template,2026,test_codeswitch_all,bongo_1104,1,0.999822
afroxlmr,strip,template,2026,test_codeswitch_all,bongo_1115,0,0.000170
afroxlmr,strip,template,2026,test_codeswitch_all,bongo_1123,0,0.000159
afroxlmr,strip,template,2026,test_codeswitch_all,bongo_1125,0,0.000265
afroxlmr,strip,template,2026,test_codeswitch_all,bongo_1127,1,0.376172
afroxlmr,strip,template,2026,test_codeswitch_all,bongo_1131,1,0.999759
afroxlmr,strip,template,2026,test_codeswitch_all,bongo_1134,1,0.223799
afroxlmr,strip,template,2026,test_codeswitch_all,bongo_1135,0,0.000188
afroxlmr,strip,template,2026,test_codeswitch_all,bongo_1136,1,0.999834
afroxlmr,strip,template,2026,test_codeswitch_all,bongo_1138,1,0.999837
afroxlmr,strip,template,2026,test_codeswitch_all,bongo_1140,1,0.999819
afroxlmr,strip,template,2026,test_codeswitch_all,bongo_1154,1,0.999839
afroxlmr,strip,template,2026,test_codeswitch_all,bongo_1155,0,0.000182
afroxlmr,strip,template,2026,test_codeswitch_all,bongo_1171,1,0.999826
afroxlmr,strip,template,2026,test_codeswitch_all,bongo_1181,1,0.999803
afroxlmr,strip,template,2026,test_codeswitch_all,bongo_1185,1,0.000691
afroxlmr,strip,template,2026,test_codeswitch_all,bongo_1194,0,0.000160
afroxlmr,strip,template,2026,test_codeswitch_all,bongo_1195,1,0.001488
afroxlmr,strip,template,2026,test_codeswitch_all,bongo_1198,0,0.000184
afroxlmr,strip,template,2026,test_codeswitch_all,bongo_1204,1,0.001894
afroxlmr,strip,template,2026,test_codeswitch_all,bongo_1220,1,0.999842
afroxlmr,strip,template,2026,test_codeswitch_all,bongo_1233,1,0.999815
afroxlmr,strip,template,2026,test_codeswitch_all,bongo_1236,0,0.000186
afroxlmr,strip,template,2026,test_codeswitch_all,bongo_1240,1,0.006147
afroxlmr,strip,template,2026,test_codeswitch_all,bongo_1244,0,0.000171
afroxlmr,strip,template,2026,test_codeswitch_all,bongo_1249,0,0.000197
afroxlmr,strip,template,2026,test_codeswitch_all,bongo_1253,0,0.015056
afroxlmr,strip,template,2026,test_codeswitch_all,bongo_1260,0,0.000163
afroxlmr,strip,template,2026,test_codeswitch_all,bongo_1262,0,0.000827
afroxlmr,strip,template,2026,test_codeswitch_all,bongo_1278,1,0.001901
afroxlmr,strip,template,2026,test_codeswitch_all,bongo_1285,0,0.000179
afroxlmr,strip,template,2026,test_codeswitch_all,bongo_1293,1,0.999839
afroxlmr,strip,template,2026,test_codeswitch_all,bongo_1316,0,0.000193
afroxlmr,strip,template,2026,test_codeswitch_all,bongo_1327,1,0.000401
afroxlmr,strip,template,2026,test_codeswitch_all,bongo_1330,0,0.000212
afroxlmr,strip,template,2026,test_codeswitch_all,bongo_1359,0,0.000209
afroxlmr,strip,template,2026,test_codeswitch_all,bongo_1375,0,0.000198
afroxlmr,strip,template,2026,chichewa,chi_0000,1,0.999699
afroxlmr,strip,template,2026,chichewa,chi_0001,1,0.999543
afroxlmr,strip,template,2026,chichewa,chi_0002,0,0.000447
afroxlmr,strip,template,2026,chichewa,chi_0003,0,0.999784
afroxlmr,strip,template,2026,chichewa,chi_0004,1,0.993994
afroxlmr,strip,template,2026,chichewa,chi_0005,1,0.667843
afroxlmr,strip,template,2026,chichewa,chi_0006,0,0.999716
afroxlmr,strip,template,2026,chichewa,chi_0007,0,0.000247
afroxlmr,strip,template,2026,chichewa,chi_0008,1,0.000544
afroxlmr,strip,template,2026,chichewa,chi_0009,1,0.999619
afroxlmr,strip,template,2026,chichewa,chi_0010,0,0.999643
afroxlmr,strip,template,2026,chichewa,chi_0011,0,0.976508
afroxlmr,strip,template,2026,chichewa,chi_0012,0,0.000751
afroxlmr,strip,template,2026,chichewa,chi_0013,1,0.995078
afroxlmr,strip,template,2026,chichewa,chi_0014,1,0.982271
afroxlmr,strip,template,2026,chichewa,chi_0015,0,0.000701
afroxlmr,strip,template,2026,chichewa,chi_0016,0,0.001862
afroxlmr,strip,template,2026,chichewa,chi_0017,0,0.001306
afroxlmr,strip,template,2026,chichewa,chi_0018,1,0.999783
afroxlmr,strip,template,2026,chichewa,chi_0019,1,0.000857
afroxlmr,strip,template,2026,chichewa,chi_0020,0,0.000792
afroxlmr,strip,template,2026,chichewa,chi_0021,1,0.999085
afroxlmr,strip,template,2026,chichewa,chi_0022,0,0.000984
afroxlmr,strip,template,2026,chichewa,chi_0023,1,0.992535
afroxlmr,strip,template,2026,chichewa,chi_0024,1,0.003237
afroxlmr,strip,template,2026,chichewa,chi_0025,0,0.998619
afroxlmr,strip,template,2026,chichewa,chi_0026,0,0.995412
afroxlmr,strip,template,2026,chichewa,chi_0027,1,0.998564
afroxlmr,strip,template,2026,chichewa,chi_0028,1,0.999532
afroxlmr,strip,template,2026,chichewa,chi_0029,0,0.000484
afroxlmr,strip,template,2026,chichewa,chi_0030,0,0.000247
afroxlmr,strip,template,2026,chichewa,chi_0031,1,0.999211
afroxlmr,strip,template,2026,chichewa,chi_0032,1,0.584140
afroxlmr,strip,template,2026,chichewa,chi_0033,1,0.998282
afroxlmr,strip,template,2026,chichewa,chi_0034,1,0.875505
afroxlmr,strip,template,2026,chichewa,chi_0035,0,0.000350
afroxlmr,strip,template,2026,chichewa,chi_0036,0,0.000339
afroxlmr,strip,template,2026,chichewa,chi_0037,0,0.999662
afroxlmr,strip,template,2026,chichewa,chi_0038,0,0.999475
afroxlmr,strip,template,2026,chichewa,chi_0039,0,0.999645
afroxlmr,strip,template,2026,chichewa,chi_0040,1,0.976306
afroxlmr,strip,template,2026,chichewa,chi_0041,1,0.898841
afroxlmr,strip,template,2026,chichewa,chi_0042,0,0.000360
afroxlmr,strip,template,2026,chichewa,chi_0043,0,0.000591
afroxlmr,strip,template,2026,chichewa,chi_0044,0,0.999533
afroxlmr,strip,template,2026,chichewa,chi_0045,1,0.004784
afroxlmr,strip,template,2026,chichewa,chi_0046,1,0.663805
afroxlmr,strip,template,2026,chichewa,chi_0047,1,0.864543
afroxlmr,strip,template,2026,chichewa,chi_0048,0,0.999532
afroxlmr,strip,template,2026,chichewa,chi_0049,0,0.999728
afroxlmr,strip,template,2026,chichewa,chi_0050,0,0.968975
afroxlmr,strip,template,2026,chichewa,chi_0051,1,0.000497
afroxlmr,strip,template,2026,chichewa,chi_0052,0,0.001025
afroxlmr,strip,template,2026,chichewa,chi_0053,0,0.000606
afroxlmr,strip,template,2026,chichewa,chi_0054,1,0.083896
afroxlmr,strip,template,2026,chichewa,chi_0055,1,0.937313
afroxlmr,strip,template,2026,chichewa,chi_0056,0,0.000348
afroxlmr,strip,template,2026,chichewa,chi_0057,1,0.000589
afroxlmr,strip,template,2026,chichewa,chi_0058,1,0.000521
afroxlmr,strip,template,2026,chichewa,chi_0059,0,0.999533
afroxlmr,strip,template,2026,chichewa,chi_0060,0,0.000244
afroxlmr,strip,template,2026,chichewa,chi_0061,1,0.000392
afroxlmr,strip,template,2026,chichewa,chi_0062,0,0.000195
afroxlmr,strip,template,2026,chichewa,chi_0063,1,0.999364
afroxlmr,strip,template,2026,chichewa,chi_0064,1,0.853805
afroxlmr,strip,template,2026,chichewa,chi_0065,1,0.000231
afroxlmr,strip,template,2026,chichewa,chi_0066,0,0.000195
afroxlmr,strip,template,2026,chichewa,chi_0067,0,0.000260
afroxlmr,strip,template,2026,chichewa,chi_0068,0,0.000171
afroxlmr,strip,template,2026,chichewa,chi_0069,1,0.002424
afroxlmr,strip,template,2026,chichewa,chi_0070,1,0.004938
afroxlmr,strip,template,2026,chichewa,chi_0071,0,0.000214
afroxlmr,strip,template,2026,chichewa,chi_0072,0,0.000333
afroxlmr,strip,template,2026,chichewa,chi_0073,1,0.152518
afroxlmr,strip,template,2026,chichewa,chi_0074,1,0.237238
afroxlmr,strip,template,2026,chichewa,chi_0075,0,0.001107
afroxlmr,strip,template,2026,chichewa,chi_0076,0,0.002741
afroxlmr,strip,template,2026,chichewa,chi_0077,0,0.001480
afroxlmr,strip,template,2026,chichewa,chi_0078,1,0.003256
afroxlmr,strip,template,2026,chichewa,chi_0079,1,0.999543
afroxlmr,strip,template,2026,chichewa,chi_0080,1,0.021265
afroxlmr,strip,template,2026,chichewa,chi_0081,1,0.002303
afroxlmr,strip,template,2026,chichewa,chi_0082,0,0.000202
afroxlmr,strip,template,2026,chichewa,chi_0083,0,0.000221
afroxlmr,strip,template,2026,chichewa,chi_0084,0,0.001271
afroxlmr,strip,template,2026,chichewa,chi_0085,1,0.999715
afroxlmr,strip,template,2026,chichewa,chi_0086,1,0.999802
afroxlmr,strip,template,2026,chichewa,chi_0087,0,0.003143
afroxlmr,strip,template,2026,chichewa,chi_0088,0,0.000673
afroxlmr,strip,template,2026,chichewa,chi_0089,0,0.000531
afroxlmr,strip,template,2026,chichewa,chi_0090,1,0.058270
afroxlmr,strip,template,2026,chichewa,chi_0091,0,0.001375
afroxlmr,strip,template,2026,chichewa,chi_0092,0,0.000538
afroxlmr,strip,template,2026,chichewa,chi_0093,0,0.000549
afroxlmr,strip,template,2026,chichewa,chi_0094,1,0.999712
afroxlmr,strip,template,2026,chichewa,chi_0095,1,0.999265
afroxlmr,strip,template,2026,chichewa,chi_0096,0,0.000166
afroxlmr,strip,template,2026,chichewa,chi_0097,0,0.999566
afroxlmr,strip,template,2026,chichewa,chi_0098,1,0.002441
afroxlmr,strip,template,2026,chichewa,chi_0099,1,0.999768
afroxlmr,strip,template,2026,chichewa,chi_0100,0,0.000515
afroxlmr,strip,template,2026,chichewa,chi_0101,1,0.999756
afroxlmr,strip,template,2026,chichewa,chi_0102,0,0.000414
afroxlmr,strip,template,2026,chichewa,chi_0103,0,0.000537
afroxlmr,strip,template,2026,chichewa,chi_0104,0,0.000626
afroxlmr,strip,template,2026,chichewa,chi_0105,1,0.000640
afroxlmr,strip,template,2026,chichewa,chi_0106,1,0.000305
afroxlmr,strip,template,2026,chichewa,chi_0107,1,0.856162
afroxlmr,strip,template,2026,chichewa,chi_0108,0,0.000801
afroxlmr,strip,template,2026,chichewa,chi_0109,0,0.003171
afroxlmr,strip,template,2026,chichewa,chi_0110,0,0.000768
afroxlmr,strip,template,2026,chichewa,chi_0111,1,0.990162
afroxlmr,strip,template,2026,chichewa,chi_0112,1,0.116097
afroxlmr,strip,template,2026,chichewa,chi_0113,1,0.998372
afroxlmr,strip,template,2026,chichewa,chi_0114,0,0.000309
afroxlmr,strip,template,2026,chichewa,chi_0115,0,0.000333
afroxlmr,strip,template,2026,chichewa,chi_0116,0,0.000380
afroxlmr,strip,template,2026,chichewa,chi_0117,1,0.482765
afroxlmr,strip,template,2026,chichewa,chi_0118,1,0.998658
afroxlmr,strip,template,2026,chichewa,chi_0119,1,0.001672
afroxlmr,strip,template,2026,chichewa,chi_0120,0,0.000288
afroxlmr,strip,template,2026,chichewa,chi_0121,0,0.000239
afroxlmr,strip,template,2026,chichewa,chi_0122,0,0.000268
afroxlmr,strip,template,2026,chichewa,chi_0123,1,0.999264
afroxlmr,strip,template,2026,chichewa,chi_0124,1,0.998409
afroxlmr,strip,template,2026,chichewa,chi_0125,1,0.998664
afroxlmr,strip,template,2026,chichewa,chi_0126,0,0.000253
afroxlmr,strip,template,2026,chichewa,chi_0127,0,0.000211
afroxlmr,strip,template,2026,chichewa,chi_0128,0,0.000406
afroxlmr,strip,template,2026,chichewa,chi_0129,1,0.999280
afroxlmr,strip,template,2026,chichewa,chi_0130,1,0.935051
afroxlmr,strip,template,2026,chichewa,chi_0131,0,0.001438
afroxlmr,strip,template,2026,chichewa,chi_0132,0,0.000751
afroxlmr,strip,template,2026,chichewa,chi_0133,0,0.980716
afroxlmr,strip,template,2026,chichewa,chi_0134,1,0.990798
afroxlmr,strip,template,2026,chichewa,chi_0135,0,0.999705
afroxlmr,strip,template,2026,chichewa,chi_0136,1,0.984268
afroxlmr,strip,template,2026,chichewa,chi_0137,0,0.002126
afroxlmr,strip,template,2026,chichewa,chi_0138,0,0.000620
afroxlmr,strip,template,2026,chichewa,chi_0139,0,0.002130
afroxlmr,strip,template,2026,chichewa,chi_0140,1,0.966700
afroxlmr,strip,template,2026,chichewa,chi_0141,0,0.001651
afroxlmr,strip,template,2026,chichewa,chi_0142,0,0.006702
afroxlmr,strip,template,2026,chichewa,chi_0143,0,0.996717
afroxlmr,strip,template,2026,chichewa,chi_0144,1,0.995753
afroxlmr,strip,template,2026,chichewa,chi_0145,0,0.025718
afroxlmr,strip,template,2026,chichewa,chi_0146,0,0.000390
afroxlmr,strip,template,2026,chichewa,chi_0147,1,0.366954
afroxlmr,strip,template,2026,chichewa,chi_0148,1,0.999560
afroxlmr,strip,template,2026,chichewa,chi_0149,0,0.000255
afroxlmr,strip,template,2026,chichewa,chi_0150,0,0.000280
afroxlmr,strip,template,2026,chichewa,chi_0151,1,0.999460
afroxlmr,strip,template,2026,chichewa,chi_0152,0,0.000368
afroxlmr,strip,template,2026,chichewa,chi_0153,0,0.000273
afroxlmr,strip,template,2026,chichewa,chi_0154,0,0.000414
afroxlmr,strip,template,2026,chichewa,chi_0155,1,0.999159
afroxlmr,strip,template,2026,chichewa,chi_0156,1,0.998515
afroxlmr,strip,template,2026,chichewa,chi_0157,1,0.999754
afroxlmr,strip,template,2026,chichewa,chi_0158,0,0.999750
afroxlmr,strip,template,2026,chichewa,chi_0159,0,0.000398
afroxlmr,strip,template,2026,chichewa,chi_0160,0,0.000255
afroxlmr,strip,template,2026,chichewa,chi_0161,1,0.998623
afroxlmr,strip,template,2026,chichewa,chi_0162,1,0.998767
afroxlmr,strip,template,2026,chichewa,chi_0163,1,0.999633
afroxlmr,strip,template,2026,chichewa,chi_0164,1,0.999707
afroxlmr,strip,template,2026,chichewa,chi_0165,0,0.000272
afroxlmr,strip,template,2026,chichewa,chi_0166,0,0.000242
afroxlmr,strip,template,2026,chichewa,chi_0167,1,0.999321
afroxlmr,strip,template,2026,chichewa,chi_0168,1,0.983014
afroxlmr,strip,template,2026,chichewa,chi_0169,0,0.000265
afroxlmr,strip,template,2026,chichewa,chi_0170,0,0.000197
afroxlmr,strip,template,2026,chichewa,chi_0171,1,0.952190
afroxlmr,strip,template,2026,chichewa,chi_0172,1,0.000328
afroxlmr,strip,template,2026,chichewa,chi_0173,0,0.000274
afroxlmr,strip,template,2026,chichewa,chi_0174,0,0.000209
afroxlmr,strip,template,2026,chichewa,chi_0175,0,0.000487
afroxlmr,strip,template,2026,chichewa,chi_0176,1,0.999098
afroxlmr,strip,template,2026,chichewa,chi_0177,1,0.996505
afroxlmr,strip,template,2026,chichewa,chi_0178,0,0.000211
afroxlmr,strip,template,2026,chichewa,chi_0179,1,0.018400
afroxlmr,strip,template,2026,chichewa,chi_0180,1,0.000439
afroxlmr,strip,template,2026,chichewa,chi_0181,1,0.000546
afroxlmr,strip,template,2026,chichewa,chi_0182,0,0.654583
afroxlmr,strip,template,2026,chichewa,chi_0183,0,0.000243
afroxlmr,strip,template,2026,chichewa,chi_0184,0,0.000206
afroxlmr,strip,template,2026,chichewa,chi_0185,1,0.000900
afroxlmr,strip,template,2026,chichewa,chi_0186,1,0.001196
afroxlmr,strip,template,2026,chichewa,chi_0187,1,0.000939
afroxlmr,strip,template,2026,chichewa,chi_0188,0,0.000181
afroxlmr,strip,template,2026,chichewa,chi_0189,0,0.000579
afroxlmr,strip,template,2026,chichewa,chi_0190,1,0.004729
afroxlmr,strip,template,2026,chichewa,chi_0191,1,0.999738
afroxlmr,strip,template,2026,chichewa,chi_0192,0,0.000210
afroxlmr,strip,template,2026,chichewa,chi_0193,0,0.000411
afroxlmr,strip,template,2026,chichewa,chi_0194,0,0.000374
afroxlmr,strip,template,2026,chichewa,chi_0195,0,0.000200
afroxlmr,strip,template,2026,chichewa,chi_0196,1,0.999815
afroxlmr,strip,template,2026,chichewa,chi_0197,1,0.982832
afroxlmr,strip,template,2026,chichewa,chi_0198,1,0.998813
afroxlmr,strip,template,2026,chichewa,chi_0199,1,0.092910
afroxlmr,strip,template,2026,chichewa,chi_0200,1,0.999622
afroxlmr,strip,template,2026,chichewa,chi_0201,0,0.000329
afroxlmr,strip,template,2026,chichewa,chi_0202,1,0.999771
afroxlmr,strip,template,2026,chichewa,chi_0203,1,0.997613
afroxlmr,strip,template,2026,chichewa,chi_0204,1,0.999641
afroxlmr,strip,template,2026,chichewa,chi_0205,0,0.000455
afroxlmr,strip,template,2026,chichewa,chi_0206,0,0.000421
afroxlmr,strip,template,2026,chichewa,chi_0207,1,0.996877
afroxlmr,strip,template,2026,chichewa,chi_0208,1,0.996911
afroxlmr,strip,template,2026,chichewa,chi_0209,1,0.999291
afroxlmr,strip,template,2026,chichewa,chi_0210,0,0.000223
afroxlmr,strip,template,2026,chichewa,chi_0211,0,0.000232
afroxlmr,strip,template,2026,chichewa,chi_0212,1,0.999753
afroxlmr,strip,template,2026,chichewa,chi_0213,1,0.999790
afroxlmr,strip,template,2026,chichewa,chi_0214,1,0.999811
afroxlmr,strip,template,2026,chichewa,chi_0215,0,0.997490
afroxlmr,strip,template,2026,chichewa,chi_0216,0,0.000270
afroxlmr,strip,template,2026,chichewa,chi_0217,1,0.999799
afroxlmr,strip,template,2026,chichewa,chi_0218,1,0.730266
afroxlmr,strip,template,2026,chichewa,chi_0219,1,0.939659
afroxlmr,strip,template,2026,chichewa,chi_0220,0,0.000367
afroxlmr,strip,template,2026,chichewa,chi_0221,0,0.000434
afroxlmr,strip,template,2026,chichewa,chi_0222,0,0.000225
afroxlmr,strip,template,2026,chichewa,chi_0223,1,0.999485
afroxlmr,strip,template,2026,chichewa,chi_0224,1,0.999630
afroxlmr,strip,template,2026,chichewa,chi_0225,0,0.000979
afroxlmr,strip,template,2026,chichewa,chi_0226,0,0.000293
afroxlmr,strip,template,2026,chichewa,chi_0227,0,0.000256
afroxlmr,strip,template,2026,chichewa,chi_0228,0,0.000309
afroxlmr,strip,template,2026,chichewa,chi_0229,1,0.999734
afroxlmr,strip,template,2026,chichewa,chi_0230,1,0.999675
afroxlmr,strip,template,2026,chichewa,chi_0231,1,0.002065
afroxlmr,strip,template,2026,chichewa,chi_0232,0,0.000994
afroxlmr,strip,template,2026,chichewa,chi_0233,1,0.997020
afroxlmr,strip,template,2026,chichewa,chi_0234,0,0.700464
afroxlmr,strip,template,2026,chichewa,chi_0235,0,0.001750
afroxlmr,strip,template,2026,chichewa,chi_0236,1,0.999815
afroxlmr,strip,template,2026,chichewa,chi_0237,1,0.999816
afroxlmr,strip,template,2026,chichewa,chi_0238,0,0.000275
afroxlmr,strip,template,2026,chichewa,chi_0239,0,0.000222
afroxlmr,strip,template,2026,chichewa,chi_0240,0,0.000336
afroxlmr,strip,template,2026,chichewa,chi_0241,0,0.000260
afroxlmr,strip,template,2026,chichewa,chi_0242,1,0.999446
afroxlmr,strip,template,2026,chichewa,chi_0243,1,0.999211
afroxlmr,strip,template,2026,chichewa,chi_0244,0,0.000586
afroxlmr,strip,template,2026,chichewa,chi_0245,1,0.793142
afroxlmr,strip,template,2026,chichewa,chi_0246,1,0.000423
afroxlmr,strip,template,2026,chichewa,chi_0247,1,0.999699
afroxlmr,strip,template,2026,chichewa,chi_0248,0,0.001025
afroxlmr,strip,template,2026,chichewa,chi_0249,0,0.000226
afroxlmr,strip,template,2026,chichewa,chi_0250,0,0.000461
afroxlmr,strip,template,2026,chichewa,chi_0251,0,0.000468
afroxlmr,strip,template,2026,chichewa,chi_0252,0,0.000205
afroxlmr,strip,template,2026,chichewa,chi_0253,0,0.000348
afroxlmr,strip,template,2026,chichewa,chi_0254,1,0.996803
afroxlmr,strip,template,2026,chichewa,chi_0255,1,0.995544
afroxlmr,strip,template,2026,chichewa,chi_0256,0,0.000418
afroxlmr,strip,template,2026,chichewa,chi_0257,0,0.000252
afroxlmr,strip,template,2026,chichewa,chi_0258,1,0.046643
afroxlmr,strip,template,2026,chichewa,chi_0259,0,0.000583
afroxlmr,strip,template,2026,chichewa,chi_0260,1,0.999645
afroxlmr,strip,template,2026,chichewa,chi_0261,1,0.999761
afroxlmr,strip,template,2026,chichewa,chi_0262,1,0.999604
afroxlmr,strip,template,2026,chichewa,chi_0263,0,0.001711
afroxlmr,strip,template,2026,chichewa,chi_0264,0,0.000797
afroxlmr,strip,template,2026,chichewa,chi_0265,0,0.827022
afroxlmr,strip,template,2026,chichewa,chi_0266,1,0.997094
afroxlmr,strip,template,2026,chichewa,chi_0267,1,0.999589
afroxlmr,strip,template,2026,chichewa,chi_0268,1,0.011090
afroxlmr,strip,template,2026,chichewa,chi_0269,0,0.321798
afroxlmr,strip,template,2026,chichewa,chi_0270,0,0.000386
afroxlmr,strip,template,2026,chichewa,chi_0271,0,0.000348
afroxlmr,strip,template,2026,chichewa,chi_0272,1,0.001272
afroxlmr,strip,template,2026,chichewa,chi_0273,1,0.575100
afroxlmr,strip,template,2026,chichewa,chi_0274,1,0.999586
afroxlmr,strip,template,2026,chichewa,chi_0275,1,0.006154
afroxlmr,strip,template,2026,chichewa,chi_0276,0,0.000207
afroxlmr,strip,template,2026,chichewa,chi_0277,1,0.000837
afroxlmr,strip,template,2026,chichewa,chi_0278,1,0.001130
afroxlmr,strip,template,2026,chichewa,chi_0279,0,0.979971
afroxlmr,strip,template,2026,chichewa,chi_0280,0,0.000353
afroxlmr,strip,template,2026,chichewa,chi_0281,1,0.999713
afroxlmr,strip,template,2026,chichewa,chi_0282,0,0.000948
afroxlmr,strip,template,2026,chichewa,chi_0283,0,0.000303
afroxlmr,strip,template,2026,chichewa,chi_0284,1,0.999753
afroxlmr,strip,template,2026,chichewa,chi_0285,1,0.999783
afroxlmr,strip,template,2026,chichewa,chi_0286,1,0.009812
afroxlmr,strip,template,2026,chichewa,chi_0287,0,0.086638
afroxlmr,strip,template,2026,chichewa,chi_0288,0,0.000356
afroxlmr,strip,template,2026,chichewa,chi_0289,0,0.000947
afroxlmr,strip,template,2026,chichewa,chi_0290,1,0.998772
afroxlmr,strip,template,2026,chichewa,chi_0291,1,0.856267
afroxlmr,strip,template,2026,chichewa,chi_0292,0,0.001391
afroxlmr,strip,template,2026,chichewa,chi_0293,0,0.999789
afroxlmr,strip,template,2026,chichewa,chi_0294,0,0.999536
afroxlmr,strip,template,2026,chichewa,chi_0295,1,0.999625
afroxlmr,strip,template,2026,chichewa,chi_0296,1,0.999172
afroxlmr,strip,template,2026,chichewa,chi_0297,0,0.999392
afroxlmr,strip,template,2026,chichewa,chi_0298,0,0.252237
afroxlmr,strip,template,2026,chichewa,chi_0299,0,0.107503
afroxlmr,strip,template,2026,chichewa,chi_0300,1,0.999634
afroxlmr,strip,template,2026,chichewa,chi_0301,1,0.999443
afroxlmr,strip,template,2026,chichewa,chi_0302,1,0.999686
afroxlmr,strip,template,2026,chichewa,chi_0303,0,0.999770
afroxlmr,strip,template,2026,chichewa,chi_0304,0,0.999774
afroxlmr,strip,template,2026,chichewa,chi_0305,0,0.999765
afroxlmr,strip,template,2026,chichewa,chi_0306,0,0.999693
afroxlmr,strip,template,2026,chichewa,chi_0307,1,0.999743
afroxlmr,strip,template,2026,chichewa,chi_0308,1,0.999268
afroxlmr,strip,template,2026,chichewa,chi_0309,1,0.999588
afroxlmr,strip,template,2026,chichewa,chi_0310,1,0.999678
afroxlmr,strip,template,2026,chichewa,chi_0311,0,0.999037
afroxlmr,strip,template,2026,chichewa,chi_0312,0,0.999670
afroxlmr,strip,template,2026,chichewa,chi_0313,0,0.999752
afroxlmr,strip,template,2026,chichewa,chi_0314,1,0.999683
afroxlmr,strip,template,2026,chichewa,chi_0315,1,0.999705
afroxlmr,strip,template,2026,chichewa,chi_0316,0,0.999778
afroxlmr,strip,template,2026,chichewa,chi_0317,0,0.999452
afroxlmr,strip,template,2026,chichewa,chi_0318,1,0.829780
afroxlmr,strip,template,2026,chichewa,chi_0319,1,0.998299
afroxlmr,strip,template,2026,chichewa,chi_0320,0,0.000248
afroxlmr,strip,template,2026,chichewa,chi_0321,1,0.995553
afroxlmr,strip,template,2026,chichewa,chi_0322,0,0.999632
afroxlmr,strip,template,2026,chichewa,chi_0323,0,0.999810
afroxlmr,strip,template,2026,chichewa,chi_0324,0,0.999808
afroxlmr,strip,template,2026,chichewa,chi_0325,0,0.999758
afroxlmr,strip,template,2026,chichewa,chi_0326,1,0.997761
afroxlmr,strip,template,2026,chichewa,chi_0327,1,0.999275
afroxlmr,strip,template,2026,chichewa,chi_0328,0,0.996658
afroxlmr,strip,template,2026,chichewa,chi_0329,0,0.999639
afroxlmr,strip,template,2026,chichewa,chi_0330,0,0.985404
afroxlmr,strip,template,2026,chichewa,chi_0331,1,0.998697
afroxlmr,strip,template,2026,chichewa,chi_0332,0,0.000277
afroxlmr,strip,template,2026,chichewa,chi_0333,0,0.000353
afroxlmr,strip,template,2026,chichewa,chi_0334,0,0.000383
afroxlmr,strip,template,2026,chichewa,chi_0335,0,0.000257
afroxlmr,strip,template,2026,chichewa,chi_0336,1,0.999725
afroxlmr,strip,template,2026,chichewa,chi_0337,1,0.001053
afroxlmr,strip,template,2026,chichewa,chi_0338,1,0.999681
afroxlmr,strip,template,2026,chichewa,chi_0339,0,0.000210
afroxlmr,strip,template,2026,chichewa,chi_0340,0,0.000316
afroxlmr,strip,template,2026,chichewa,chi_0341,0,0.000230
afroxlmr,strip,template,2026,chichewa,chi_0342,1,0.999776
afroxlmr,strip,template,2026,chichewa,chi_0343,1,0.998383
afroxlmr,strip,template,2026,chichewa,chi_0344,1,0.999129
afroxlmr,strip,template,2026,chichewa,chi_0345,0,0.000181
afroxlmr,strip,template,2026,chichewa,chi_0346,0,0.000227
afroxlmr,strip,template,2026,chichewa,chi_0347,1,0.999513
afroxlmr,strip,template,2026,chichewa,chi_0348,0,0.070070
afroxlmr,strip,template,2026,chichewa,chi_0349,0,0.002075
afroxlmr,strip,template,2026,chichewa,chi_0350,1,0.999789
afroxlmr,strip,template,2026,chichewa,chi_0351,1,0.999477
afroxlmr,strip,template,2026,chichewa,chi_0352,1,0.295470
afroxlmr,strip,template,2026,chichewa,chi_0353,1,0.000664
afroxlmr,strip,template,2026,chichewa,chi_0354,1,0.072225
afroxlmr,strip,template,2026,chichewa,chi_0355,0,0.999524
afroxlmr,strip,template,2026,chichewa,chi_0356,0,0.000434
afroxlmr,strip,template,2026,chichewa,chi_0357,0,0.000270
afroxlmr,strip,template,2026,chichewa,chi_0358,0,0.000275
afroxlmr,strip,template,2026,chichewa,chi_0359,1,0.399599
afroxlmr,strip,template,2026,chichewa,chi_0360,0,0.998892
afroxlmr,strip,template,2026,chichewa,chi_0361,1,0.998862
afroxlmr,strip,template,2026,chichewa,chi_0362,1,0.999624
afroxlmr,strip,template,2026,chichewa,chi_0363,1,0.021429
afroxlmr,strip,template,2026,chichewa,chi_0364,0,0.000637
afroxlmr,strip,template,2026,chichewa,chi_0365,0,0.000317
afroxlmr,strip,template,2026,chichewa,chi_0366,0,0.000254
afroxlmr,strip,template,2026,chichewa,chi_0367,1,0.002060
afroxlmr,strip,template,2026,chichewa,chi_0368,1,0.003331
afroxlmr,strip,template,2026,chichewa,chi_0369,0,0.000377
afroxlmr,strip,template,2026,chichewa,chi_0370,0,0.000300
afroxlmr,strip,template,2026,chichewa,chi_0371,0,0.000186
afroxlmr,strip,template,2026,chichewa,chi_0372,1,0.112824
afroxlmr,strip,template,2026,chichewa,chi_0373,1,0.900623
afroxlmr,strip,template,2026,chichewa,chi_0374,0,0.000228
afroxlmr,strip,template,2026,chichewa,chi_0375,0,0.000299
afroxlmr,strip,template,2026,chichewa,chi_0376,1,0.998502
afroxlmr,strip,template,2026,chichewa,chi_0377,1,0.999282
afroxlmr,strip,template,2026,chichewa,chi_0378,0,0.000221
afroxlmr,strip,template,2026,chichewa,chi_0379,0,0.000223
afroxlmr,strip,template,2026,chichewa,chi_0380,1,0.384403
afroxlmr,strip,template,2026,chichewa,chi_0381,1,0.996095
afroxlmr,strip,template,2026,chichewa,chi_0382,0,0.000271
afroxlmr,strip,template,2026,chichewa,chi_0383,0,0.000286
afroxlmr,strip,template,2026,chichewa,chi_0384,1,0.018271
afroxlmr,strip,template,2026,chichewa,chi_0385,1,0.000365
afroxlmr,strip,template,2026,chichewa,chi_0386,1,0.999379
afroxlmr,strip,template,2026,chichewa,chi_0387,1,0.263044
afroxlmr,strip,template,2026,chichewa,chi_0388,0,0.000196
afroxlmr,strip,template,2026,chichewa,chi_0389,1,0.031766
afroxlmr,strip,template,2026,chichewa,chi_0390,0,0.000634
afroxlmr,strip,template,2026,chichewa,chi_0391,0,0.006997
afroxlmr,strip,template,2026,chichewa,chi_0392,1,0.999719
afroxlmr,strip,template,2026,chichewa,chi_0393,0,0.000614
afroxlmr,strip,template,2026,chichewa,chi_0394,0,0.001355
afroxlmr,strip,template,2026,chichewa,chi_0395,1,0.999740
afroxlmr,strip,template,2026,chichewa,chi_0396,0,0.000486
afroxlmr,strip,template,2026,chichewa,chi_0397,0,0.001123
afroxlmr,strip,template,2026,chichewa,chi_0398,0,0.001271
afroxlmr,strip,template,2026,chichewa,chi_0399,0,0.004079
afroxlmr,strip,template,2026,chichewa,chi_0400,0,0.000654
afroxlmr,strip,template,2026,chichewa,chi_0401,0,0.000455
afroxlmr,strip,template,2026,chichewa,chi_0402,0,0.000358
afroxlmr,strip,template,2026,chichewa,chi_0403,0,0.000390
afroxlmr,strip,template,2026,chichewa,chi_0404,0,0.000378
afroxlmr,strip,template,2026,chichewa,chi_0405,0,0.000293
afroxlmr,strip,template,2026,chichewa,chi_0406,0,0.000558
afroxlmr,strip,template,2026,chichewa,chi_0407,0,0.000417
afroxlmr,strip,template,2026,chichewa,chi_0408,0,0.000500
afroxlmr,strip,template,2026,chichewa,chi_0409,0,0.001006
afroxlmr,strip,template,2026,chichewa,chi_0410,0,0.001275
afroxlmr,strip,template,2026,chichewa,chi_0411,1,0.999708
afroxlmr,strip,template,2026,chichewa,chi_0412,1,0.999781
afroxlmr,strip,template,2026,chichewa,chi_0413,1,0.999578
afroxlmr,strip,template,2026,chichewa,chi_0414,0,0.000252
afroxlmr,strip,template,2026,chichewa,chi_0415,0,0.000210
afroxlmr,strip,template,2026,chichewa,chi_0416,1,0.998142
afroxlmr,strip,template,2026,chichewa,chi_0417,1,0.991692
afroxlmr,strip,template,2026,chichewa,chi_0418,1,0.002193
afroxlmr,strip,template,2026,chichewa,chi_0419,0,0.000501
afroxlmr,strip,template,2026,chichewa,chi_0420,1,0.003379
afroxlmr,strip,template,2026,chichewa,chi_0421,0,0.000267
afroxlmr,strip,template,2026,chichewa,chi_0422,0,0.000213
afroxlmr,strip,template,2026,chichewa,chi_0423,1,0.749973
afroxlmr,strip,template,2026,chichewa,chi_0424,1,0.007549
afroxlmr,strip,template,2026,chichewa,chi_0425,0,0.000258
afroxlmr,strip,template,2026,chichewa,chi_0426,1,0.829311
afroxlmr,strip,template,2026,chichewa,chi_0427,1,0.897634
afroxlmr,strip,template,2026,chichewa,chi_0428,1,0.998589
afroxlmr,strip,template,2026,chichewa,chi_0429,0,0.023249
afroxlmr,strip,template,2026,chichewa,chi_0430,0,0.030039
afroxlmr,strip,template,2026,chichewa,chi_0431,0,0.009878
afroxlmr,strip,template,2026,chichewa,chi_0432,1,0.998979
afroxlmr,strip,template,2026,chichewa,chi_0433,1,0.997865
afroxlmr,strip,template,2026,chichewa,chi_0434,1,0.999641
afroxlmr,strip,template,2026,chichewa,chi_0435,1,0.999408
afroxlmr,strip,template,2026,chichewa,chi_0436,1,0.999686
afroxlmr,strip,template,2026,chichewa,chi_0437,1,0.995177
afroxlmr,strip,template,2026,chichewa,chi_0438,1,0.999236
afroxlmr,strip,template,2026,chichewa,chi_0439,1,0.085252
afroxlmr,strip,template,2026,chichewa,chi_0440,1,0.998080
afroxlmr,strip,template,2026,chichewa,chi_0441,1,0.999087
afroxlmr,strip,template,2026,chichewa,chi_0442,1,0.997840
afroxlmr,strip,template,2026,chichewa,chi_0443,1,0.396826
afroxlmr,strip,template,2026,chichewa,chi_0444,1,0.999270
afroxlmr,strip,template,2026,chichewa,chi_0445,1,0.999479
afroxlmr,strip,template,2026,chichewa,chi_0446,1,0.988894
afroxlmr,strip,template,2026,chichewa,chi_0447,1,0.067836
afroxlmr,strip,template,2026,chichewa,chi_0448,1,0.965340
afroxlmr,strip,template,2026,chichewa,chi_0449,1,0.983433
afroxlmr,strip,template,2026,chichewa,chi_0450,1,0.998498
afroxlmr,strip,template,2026,chichewa,chi_0451,0,0.997453
afroxlmr,strip,template,2026,chichewa,chi_0452,0,0.000604
afroxlmr,strip,template,2026,chichewa,chi_0453,1,0.999167
afroxlmr,strip,template,2026,chichewa,chi_0454,1,0.988360
afroxlmr,strip,template,2026,chichewa,chi_0455,1,0.083557
afroxlmr,strip,template,2026,chichewa,chi_0456,1,0.999536
afroxlmr,strip,template,2026,chichewa,chi_0457,1,0.999787
afroxlmr,strip,template,2026,chichewa,chi_0458,1,0.999384
afroxlmr,strip,template,2026,chichewa,chi_0459,0,0.001620
afroxlmr,strip,template,2026,chichewa,chi_0460,1,0.998421
afroxlmr,strip,template,2026,chichewa,chi_0461,1,0.998531
afroxlmr,strip,template,2026,chichewa,chi_0462,0,0.564903
afroxlmr,strip,template,2026,chichewa,chi_0463,0,0.757829
afroxlmr,strip,template,2026,chichewa,chi_0464,1,0.997198
afroxlmr,strip,template,2026,chichewa,chi_0465,0,0.960616
afroxlmr,strip,template,2026,chichewa,chi_0466,0,0.002634
afroxlmr,strip,template,2026,chichewa,chi_0467,1,0.998528
afroxlmr,strip,template,2026,chichewa,chi_0468,1,0.999779
afroxlmr,strip,template,2026,chichewa,chi_0469,0,0.032329
afroxlmr,strip,template,2026,chichewa,chi_0470,0,0.026346
afroxlmr,strip,template,2026,chichewa,chi_0471,1,0.542456
afroxlmr,strip,template,2026,chichewa,chi_0472,1,0.999632
afroxlmr,strip,template,2026,chichewa,chi_0473,0,0.003304
afroxlmr,strip,template,2026,chichewa,chi_0474,0,0.001257
afroxlmr,strip,template,2026,chichewa,chi_0475,1,0.999767
afroxlmr,strip,template,2026,chichewa,chi_0476,1,0.984887
afroxlmr,strip,template,2026,chichewa,chi_0477,1,0.999017
afroxlmr,strip,template,2026,chichewa,chi_0478,0,0.999136
afroxlmr,strip,template,2026,chichewa,chi_0479,0,0.999562
afroxlmr,strip,template,2026,chichewa,chi_0480,0,0.000429
afroxlmr,strip,template,2026,chichewa,chi_0481,1,0.929852
afroxlmr,strip,template,2026,chichewa,chi_0482,1,0.999477
afroxlmr,strip,template,2026,chichewa,chi_0483,0,0.999786
afroxlmr,strip,template,2026,chichewa,chi_0484,0,0.998386
afroxlmr,strip,template,2026,chichewa,chi_0485,0,0.999701
afroxlmr,strip,template,2026,chichewa,chi_0486,1,0.998273
afroxlmr,strip,template,2026,chichewa,chi_0487,1,0.999682
afroxlmr,strip,template,2026,chichewa,chi_0488,1,0.998768
afroxlmr,strip,template,2026,chichewa,chi_0489,0,0.991647
afroxlmr,strip,template,2026,chichewa,chi_0490,0,0.999464
afroxlmr,strip,template,2026,chichewa,chi_0491,1,0.978224
afroxlmr,strip,template,2026,chichewa,chi_0492,1,0.998678
afroxlmr,strip,template,2026,chichewa,chi_0493,1,0.986274
afroxlmr,strip,template,2026,chichewa,chi_0494,0,0.999790
afroxlmr,strip,template,2026,chichewa,chi_0495,0,0.001328
afroxlmr,strip,template,2026,chichewa,chi_0496,0,0.003368
afroxlmr,strip,template,2026,chichewa,chi_0497,1,0.892620
afroxlmr,strip,template,2026,chichewa,chi_0498,1,0.417680
afroxlmr,strip,template,2026,chichewa,chi_0499,0,0.062054
afroxlmr,strip,template,2026,chichewa,chi_0500,0,0.272729
afroxlmr,strip,template,2026,chichewa,chi_0501,0,0.975795
afroxlmr,strip,template,2026,chichewa,chi_0502,1,0.005493
afroxlmr,strip,template,2026,chichewa,chi_0503,1,0.997402
afroxlmr,strip,template,2026,chichewa,chi_0504,1,0.987508
afroxlmr,strip,template,2026,chichewa,chi_0505,0,0.000369
afroxlmr,strip,template,2026,chichewa,chi_0506,0,0.000350
afroxlmr,strip,template,2026,chichewa,chi_0507,0,0.000259
afroxlmr,strip,template,2026,chichewa,chi_0508,1,0.839832
afroxlmr,strip,template,2026,chichewa,chi_0509,1,0.166978
afroxlmr,strip,template,2026,chichewa,chi_0510,1,0.112086
afroxlmr,strip,template,2026,chichewa,chi_0511,0,0.356625
afroxlmr,strip,template,2026,chichewa,chi_0512,0,0.998247
afroxlmr,strip,template,2026,chichewa,chi_0513,0,0.998845
afroxlmr,strip,template,2026,chichewa,chi_0514,1,0.998801
afroxlmr,strip,template,2026,chichewa,chi_0515,1,0.680247
afroxlmr,strip,template,2026,chichewa,chi_0516,1,0.956789
afroxlmr,strip,template,2026,chichewa,chi_0517,0,0.000987
afroxlmr,strip,template,2026,chichewa,chi_0518,0,0.000260
afroxlmr,strip,template,2026,chichewa,chi_0519,1,0.001126
afroxlmr,strip,template,2026,chichewa,chi_0520,1,0.711844
afroxlmr,strip,template,2026,chichewa,chi_0521,1,0.995529
afroxlmr,strip,template,2026,chichewa,chi_0522,0,0.999765
afroxlmr,strip,template,2026,chichewa,chi_0523,0,0.999711
afroxlmr,strip,template,2026,chichewa,chi_0524,0,0.005490
afroxlmr,strip,template,2026,chichewa,chi_0525,1,0.994932
afroxlmr,strip,template,2026,chichewa,chi_0526,1,0.172675
afroxlmr,strip,template,2026,chichewa,chi_0527,1,0.997966
afroxlmr,strip,template,2026,chichewa,chi_0528,0,0.000189
afroxlmr,strip,template,2026,chichewa,chi_0529,0,0.000264
afroxlmr,strip,template,2026,chichewa,chi_0530,0,0.000190
afroxlmr,strip,template,2026,chichewa,chi_0531,1,0.978322
afroxlmr,strip,template,2026,chichewa,chi_0532,1,0.658955
afroxlmr,strip,template,2026,chichewa,chi_0533,1,0.411208
afroxlmr,strip,template,2026,chichewa,chi_0534,0,0.012522
afroxlmr,strip,template,2026,chichewa,chi_0535,0,0.000544
afroxlmr,strip,template,2026,chichewa,chi_0536,0,0.001836
afroxlmr,strip,template,2026,chichewa,chi_0537,1,0.981551
afroxlmr,strip,template,2026,chichewa,chi_0538,1,0.621490
afroxlmr,strip,template,2026,chichewa,chi_0539,1,0.040920
afroxlmr,strip,template,2026,chichewa,chi_0540,0,0.126503
afroxlmr,strip,template,2026,chichewa,chi_0541,0,0.012549
afroxlmr,strip,template,2026,chichewa,chi_0542,0,0.000296
afroxlmr,strip,template,2026,chichewa,chi_0543,1,0.185293
afroxlmr,strip,template,2026,chichewa,chi_0544,1,0.827016
afroxlmr,strip,template,2026,chichewa,chi_0545,1,0.993913
afroxlmr,strip,template,2026,chichewa,chi_0546,0,0.162610
afroxlmr,strip,template,2026,chichewa,chi_0547,0,0.964413
afroxlmr,strip,template,2026,chichewa,chi_0548,0,0.005553
afroxlmr,strip,template,2026,chichewa,chi_0549,1,0.994850
afroxlmr,strip,template,2026,chichewa,chi_0550,1,0.793795
afroxlmr,strip,template,2026,chichewa,chi_0551,1,0.999448
afroxlmr,strip,template,2026,chichewa,chi_0552,0,0.001880
afroxlmr,strip,template,2026,chichewa,chi_0553,0,0.000237
afroxlmr,strip,template,2026,chichewa,chi_0554,1,0.001128
afroxlmr,strip,template,2026,chichewa,chi_0555,1,0.000308
afroxlmr,strip,template,2026,chichewa,chi_0556,1,0.001520
afroxlmr,strip,template,2026,chichewa,chi_0557,0,0.999786
afroxlmr,strip,template,2026,chichewa,chi_0558,0,0.017903
afroxlmr,strip,template,2026,chichewa,chi_0559,0,0.999503
afroxlmr,strip,template,2026,chichewa,chi_0560,1,0.900801
afroxlmr,strip,template,2026,chichewa,chi_0561,1,0.957858
afroxlmr,strip,template,2026,chichewa,chi_0562,1,0.999221
afroxlmr,strip,template,2026,chichewa,chi_0563,0,0.997444
afroxlmr,strip,template,2026,chichewa,chi_0564,0,0.999741
afroxlmr,strip,template,2026,chichewa,chi_0565,0,0.991877
afroxlmr,strip,template,2026,chichewa,chi_0566,0,0.000432
afroxlmr,strip,template,2026,chichewa,chi_0567,1,0.930316
afroxlmr,strip,template,2026,chichewa,chi_0568,1,0.999538
afroxlmr,strip,template,2026,chichewa,chi_0569,1,0.999659
afroxlmr,strip,template,2026,chichewa,chi_0570,1,0.975451
afroxlmr,strip,template,2026,chichewa,chi_0571,0,0.998632
afroxlmr,strip,template,2026,chichewa,chi_0572,1,0.967902
afroxlmr,strip,template,2026,chichewa,chi_0573,1,0.993645
afroxlmr,strip,template,2026,chichewa,chi_0574,1,0.999032
afroxlmr,strip,template,2026,chichewa,chi_0575,0,0.999103
afroxlmr,strip,template,2026,chichewa,chi_0576,1,0.636743
afroxlmr,strip,template,2026,chichewa,chi_0577,1,0.000358
afroxlmr,strip,template,2026,chichewa,chi_0578,0,0.000404
afroxlmr,strip,template,2026,chichewa,chi_0579,0,0.000231
afroxlmr,strip,template,2026,chichewa,chi_0580,0,0.000456
afroxlmr,strip,template,2026,chichewa,chi_0581,1,0.000556
afroxlmr,strip,template,2026,chichewa,chi_0582,0,0.000263
afroxlmr,strip,template,2026,chichewa,chi_0583,0,0.000295
afroxlmr,strip,template,2026,chichewa,chi_0584,0,0.000497
afroxlmr,strip,template,2026,chichewa,chi_0585,0,0.000637
afroxlmr,strip,template,2026,chichewa,chi_0586,0,0.000252
afroxlmr,strip,template,2026,chichewa,chi_0587,0,0.000302
afroxlmr,strip,template,2026,chichewa,chi_0588,0,0.000744
afroxlmr,strip,template,2026,chichewa,chi_0589,1,0.999689
afroxlmr,strip,template,2026,chichewa,chi_0590,1,0.002762
afroxlmr,strip,template,2026,chichewa,chi_0591,1,0.977567
afroxlmr,strip,template,2026,chichewa,chi_0592,0,0.000316
afroxlmr,strip,template,2026,chichewa,chi_0593,0,0.000372
afroxlmr,strip,template,2026,chichewa,chi_0594,0,0.000378
afroxlmr,strip,template,2026,chichewa,chi_0595,1,0.000580
afroxlmr,strip,template,2026,chichewa,chi_0596,1,0.999537
afroxlmr,strip,template,2026,chichewa,chi_0597,1,0.008799
afroxlmr,strip,template,2026,chichewa,chi_0598,1,0.010624
afroxlmr,strip,template,2026,chichewa,chi_0599,0,0.000742
afroxlmr,strip,template,2026,chichewa,chi_0600,0,0.000836
afroxlmr,strip,template,2026,chichewa,chi_0601,0,0.001276
afroxlmr,strip,template,2026,chichewa,chi_0602,1,0.999163
afroxlmr,strip,template,2026,chichewa,chi_0603,0,0.000496
afroxlmr,strip,template,2026,chichewa,chi_0604,0,0.999738
afroxlmr,strip,template,2026,chichewa,chi_0605,0,0.998647
afroxlmr,strip,template,2026,chichewa,chi_0606,1,0.000268
afroxlmr,strip,template,2026,chichewa,chi_0607,0,0.000470
afroxlmr,strip,template,2026,chichewa,chi_0608,0,0.000368
afroxlmr,strip,template,2026,chichewa,chi_0609,0,0.002163
afroxlmr,strip,template,2026,chichewa,chi_0610,1,0.979990
afroxlmr,strip,template,2026,chichewa,chi_0611,0,0.000326
afroxlmr,strip,template,2026,chichewa,chi_0612,0,0.000228
afroxlmr,strip,template,2026,chichewa,chi_0613,0,0.000223
afroxlmr,strip,template,2026,chichewa,chi_0614,0,0.000265
afroxlmr,strip,template,2026,chichewa,chi_0615,1,0.804059
afroxlmr,strip,template,2026,chichewa,chi_0616,0,0.000402
afroxlmr,strip,template,2026,chichewa,chi_0617,0,0.000321
afroxlmr,strip,template,2026,chichewa,chi_0618,1,0.778339
afroxlmr,strip,template,2026,chichewa,chi_0619,1,0.999589
afroxlmr,strip,template,2026,chichewa,chi_0620,1,0.000690
afroxlmr,strip,template,2026,chichewa,chi_0621,0,0.000190
afroxlmr,strip,template,2026,chichewa,chi_0622,0,0.000212
afroxlmr,strip,template,2026,chichewa,chi_0623,0,0.999369
afroxlmr,strip,template,2026,chichewa,chi_0624,1,0.056598
afroxlmr,strip,template,2026,chichewa,chi_0625,0,0.999712
afroxlmr,strip,template,2026,chichewa,chi_0626,0,0.000645
afroxlmr,strip,template,2026,chichewa,chi_0627,0,0.000210
afroxlmr,strip,template,2026,chichewa,chi_0628,0,0.998833
afroxlmr,strip,template,2026,chichewa,chi_0629,0,0.260457
afroxlmr,strip,template,2026,chichewa,chi_0630,1,0.962870
afroxlmr,strip,template,2026,chichewa,chi_0631,1,0.999114
afroxlmr,strip,template,2026,chichewa,chi_0632,0,0.573234
afroxlmr,strip,template,2026,chichewa,chi_0633,0,0.918403
afroxlmr,strip,template,2026,chichewa,chi_0634,1,0.999483
afroxlmr,strip,template,2026,chichewa,chi_0635,1,0.952796
afroxlmr,strip,template,2026,chichewa,chi_0636,1,0.999243
afroxlmr,strip,template,2026,chichewa,chi_0637,0,0.018809
afroxlmr,strip,template,2026,chichewa,chi_0638,0,0.996421
afroxlmr,strip,template,2026,chichewa,chi_0639,0,0.001158
afroxlmr,strip,template,2026,chichewa,chi_0640,0,0.999741
afroxlmr,strip,template,2026,chichewa,chi_0641,1,0.432888
afroxlmr,strip,template,2026,chichewa,chi_0642,1,0.072879
afroxlmr,strip,template,2026,chichewa,chi_0643,1,0.497436
afroxlmr,strip,template,2026,chichewa,chi_0644,0,0.997161
afroxlmr,strip,template,2026,chichewa,chi_0645,1,0.999811
afroxlmr,strip,template,2026,chichewa,chi_0646,1,0.999806
afroxlmr,strip,template,2026,chichewa,chi_0647,1,0.999707
afroxlmr,strip,template,2026,chichewa,chi_0648,1,0.999694
afroxlmr,strip,template,2026,chichewa,chi_0649,1,0.999769
afroxlmr,strip,template,2026,chichewa,chi_0650,1,0.999825
afroxlmr,strip,template,2026,chichewa,chi_0651,1,0.995273
afroxlmr,strip,template,2026,chichewa,chi_0652,1,0.999828
afroxlmr,strip,template,2026,chichewa,chi_0653,1,0.999676
afroxlmr,strip,template,2026,chichewa,chi_0654,1,0.998825
afroxlmr,strip,template,2026,chichewa,chi_0655,1,0.999601
afroxlmr,strip,template,2026,chichewa,chi_0656,1,0.793720
afroxlmr,strip,template,2026,chichewa,chi_0657,1,0.999704
afroxlmr,strip,template,2026,chichewa,chi_0658,1,0.999748
afroxlmr,strip,template,2026,chichewa,chi_0659,1,0.999802
afroxlmr,strip,template,2026,chichewa,chi_0660,1,0.999739
afroxlmr,strip,template,2026,chichewa,chi_0661,1,0.996794
afroxlmr,strip,template,2026,chichewa,chi_0662,1,0.994234
afroxlmr,strip,template,2026,chichewa,chi_0663,1,0.997856
afroxlmr,strip,template,2026,chichewa,chi_0664,1,0.989230
afroxlmr,strip,template,2026,chichewa,chi_0665,1,0.999223
afroxlmr,strip,template,2026,chichewa,chi_0666,1,0.996500
afroxlmr,strip,template,2026,chichewa,chi_0667,1,0.999503
afroxlmr,strip,template,2026,chichewa,chi_0668,0,0.000230
afroxlmr,strip,template,2026,chichewa,chi_0669,0,0.000458
afroxlmr,strip,template,2026,chichewa,chi_0670,0,0.999734
afroxlmr,strip,template,2026,chichewa,chi_0671,0,0.999682
afroxlmr,strip,template,2026,chichewa,chi_0672,0,0.002577
afroxlmr,strip,template,2026,chichewa,chi_0673,0,0.999555
afroxlmr,strip,template,2026,chichewa,chi_0674,0,0.999739
afroxlmr,strip,template,2026,chichewa,chi_0675,0,0.999758
afroxlmr,strip,template,2026,chichewa,chi_0676,0,0.999049
afroxlmr,strip,template,2026,chichewa,chi_0677,0,0.999196
afroxlmr,strip,template,2026,chichewa,chi_0678,0,0.994453
afroxlmr,strip,template,2026,chichewa,chi_0679,0,0.901156
afroxlmr,strip,template,2026,chichewa,chi_0680,0,0.999717
afroxlmr,strip,template,2026,chichewa,chi_0681,0,0.999771
afroxlmr,strip,template,2026,chichewa,chi_0682,0,0.999351
afroxlmr,strip,template,2026,chichewa,chi_0683,0,0.999476
afroxlmr,strip,template,2026,chichewa,chi_0684,0,0.998029
afroxlmr,strip,template,2026,chichewa,chi_0685,0,0.999798
afroxlmr,strip,template,2026,chichewa,chi_0686,0,0.999595
afroxlmr,strip,template,2026,chichewa,chi_0687,0,0.733994
afroxlmr,strip,template,2026,chichewa,chi_0688,0,0.999534
afroxlmr,strip,template,2026,chichewa,chi_0689,0,0.996616
afroxlmr,strip,template,2026,chichewa,chi_0690,0,0.605077
afroxlmr,strip,template,2026,chichewa,chi_0691,0,0.000330
afroxlmr,strip,template,2026,chichewa,chi_0692,0,0.063219
afroxlmr,strip,template,2026,chichewa,chi_0693,0,0.994584
afroxlmr,strip,template,2026,chichewa,chi_0694,0,0.999153
afroxlmr,strip,template,2026,chichewa,chi_0695,0,0.992258
afroxlmr,strip,template,2026,chichewa,chi_0696,0,0.963431
afroxlmr,strip,template,2026,chichewa,chi_0697,0,0.055250
afroxlmr,strip,template,2026,chichewa,chi_0698,0,0.999297
afroxlmr,strip,template,2026,chichewa,chi_0699,0,0.999397
afroxlmr,strip,template,2026,chichewa,chi_0700,0,0.999226
afroxlmr,strip,template,2026,chichewa,chi_0701,0,0.999359
afroxlmr,strip,template,2026,chichewa,chi_0702,0,0.999544
afroxlmr,strip,template,2026,chichewa,chi_0703,0,0.999712
afroxlmr,strip,template,2026,chichewa,chi_0704,0,0.988653
afroxlmr,strip,template,2026,chichewa,chi_0705,0,0.999659
afroxlmr,strip,template,2026,chichewa,chi_0706,0,0.999629
afroxlmr,strip,template,2026,chichewa,chi_0707,0,0.999485
afroxlmr,strip,template,2026,chichewa,chi_0708,0,0.999726
afroxlmr,strip,template,2026,chichewa,chi_0709,0,0.999716
afroxlmr,strip,template,2026,chichewa,chi_0710,0,0.000527
afroxlmr,strip,template,2026,chichewa,chi_0711,0,0.999777
afroxlmr,strip,template,2026,chichewa,chi_0712,0,0.999763
afroxlmr,strip,template,2026,chichewa,chi_0713,0,0.975665
afroxlmr,strip,template,2026,chichewa,chi_0714,0,0.991339
afroxlmr,strip,template,2026,chichewa,chi_0715,0,0.999428
afroxlmr,strip,template,2026,chichewa,chi_0716,0,0.999385
afroxlmr,strip,template,2026,chichewa,chi_0717,0,0.999186
afroxlmr,strip,template,2026,chichewa,chi_0718,0,0.996722
afroxlmr,strip,template,2026,chichewa,chi_0719,0,0.999463
afroxlmr,strip,template,2026,chichewa,chi_0720,0,0.992889
afroxlmr,strip,template,2026,chichewa,chi_0721,0,0.999684
afroxlmr,strip,template,2026,chichewa,chi_0722,0,0.427187
afroxlmr,strip,template,2026,chichewa,chi_0723,0,0.025156
afroxlmr,strip,template,2026,chichewa,chi_0724,0,0.999213
afroxlmr,strip,template,2026,chichewa,chi_0725,0,0.999509
afroxlmr,strip,template,2026,chichewa,chi_0726,0,0.999445
afroxlmr,strip,template,2026,chichewa,chi_0727,0,0.999654
afroxlmr,strip,template,2026,chichewa,chi_0728,0,0.999764
afroxlmr,strip,template,2026,chichewa,chi_0729,0,0.999784
afroxlmr,strip,template,2026,chichewa,chi_0730,0,0.879068
afroxlmr,strip,template,2026,chichewa,chi_0731,0,0.999245
afroxlmr,strip,template,2026,chichewa,chi_0732,0,0.999798
afroxlmr,strip,template,2026,val+norm,bongo_0004,1,0.999833
afroxlmr,strip,template,2026,val+norm,bongo_0007,1,0.999840
afroxlmr,strip,template,2026,val+norm,bongo_0008,0,0.000172
afroxlmr,strip,template,2026,val+norm,bongo_0031,1,0.999832
afroxlmr,strip,template,2026,val+norm,bongo_0033,0,0.000205
afroxlmr,strip,template,2026,val+norm,bongo_0036,1,0.999808
afroxlmr,strip,template,2026,val+norm,bongo_0046,1,0.999833
afroxlmr,strip,template,2026,val+norm,bongo_0052,1,0.999823
afroxlmr,strip,template,2026,val+norm,bongo_0057,1,0.999790
afroxlmr,strip,template,2026,val+norm,bongo_0063,0,0.000161
afroxlmr,strip,template,2026,val+norm,bongo_0065,0,0.000165
afroxlmr,strip,template,2026,val+norm,bongo_0076,0,0.000204
afroxlmr,strip,template,2026,val+norm,bongo_0081,0,0.000163
afroxlmr,strip,template,2026,val+norm,bongo_0088,1,0.999835
afroxlmr,strip,template,2026,val+norm,bongo_0089,1,0.999834
afroxlmr,strip,template,2026,val+norm,bongo_0095,0,0.000195
afroxlmr,strip,template,2026,val+norm,bongo_0101,1,0.999810
afroxlmr,strip,template,2026,val+norm,bongo_0102,1,0.999832
afroxlmr,strip,template,2026,val+norm,bongo_0103,1,0.999779
afroxlmr,strip,template,2026,val+norm,bongo_0105,0,0.000237
afroxlmr,strip,template,2026,val+norm,bongo_0111,0,0.000408
afroxlmr,strip,template,2026,val+norm,bongo_0120,1,0.999836
afroxlmr,strip,template,2026,val+norm,bongo_0121,0,0.000199
afroxlmr,strip,template,2026,val+norm,bongo_0127,0,0.000174
afroxlmr,strip,template,2026,val+norm,bongo_0145,0,0.000180
afroxlmr,strip,template,2026,val+norm,bongo_0148,0,0.000286
afroxlmr,strip,template,2026,val+norm,bongo_0181,1,0.999789
afroxlmr,strip,template,2026,val+norm,bongo_0186,0,0.000177
afroxlmr,strip,template,2026,val+norm,bongo_0191,0,0.000203
afroxlmr,strip,template,2026,val+norm,bongo_0210,1,0.999820
afroxlmr,strip,template,2026,val+norm,bongo_0226,1,0.999834
afroxlmr,strip,template,2026,val+norm,bongo_0228,1,0.999832
afroxlmr,strip,template,2026,val+norm,bongo_0235,1,0.999833
afroxlmr,strip,template,2026,val+norm,bongo_0243,1,0.999844
afroxlmr,strip,template,2026,val+norm,bongo_0247,1,0.999819
afroxlmr,strip,template,2026,val+norm,bongo_0248,1,0.999823
afroxlmr,strip,template,2026,val+norm,bongo_0264,0,0.000158
afroxlmr,strip,template,2026,val+norm,bongo_0275,0,0.000174
afroxlmr,strip,template,2026,val+norm,bongo_0278,1,0.999833
afroxlmr,strip,template,2026,val+norm,bongo_0312,1,0.999833
afroxlmr,strip,template,2026,val+norm,bongo_0315,1,0.999832
afroxlmr,strip,template,2026,val+norm,bongo_0319,1,0.999833
afroxlmr,strip,template,2026,val+norm,bongo_0353,1,0.999828
afroxlmr,strip,template,2026,val+norm,bongo_0370,1,0.999824
afroxlmr,strip,template,2026,val+norm,bongo_0377,1,0.999812
afroxlmr,strip,template,2026,val+norm,bongo_0393,0,0.000175
afroxlmr,strip,template,2026,val+norm,bongo_0403,1,0.999832
afroxlmr,strip,template,2026,val+norm,bongo_0410,0,0.000244
afroxlmr,strip,template,2026,val+norm,bongo_0411,0,0.000158
afroxlmr,strip,template,2026,val+norm,bongo_0426,0,0.000196
afroxlmr,strip,template,2026,val+norm,bongo_0430,0,0.000291
afroxlmr,strip,template,2026,val+norm,bongo_0438,1,0.999809
afroxlmr,strip,template,2026,val+norm,bongo_0451,1,0.999747
afroxlmr,strip,template,2026,val+norm,bongo_0455,1,0.999823
afroxlmr,strip,template,2026,val+norm,bongo_0466,1,0.999834
afroxlmr,strip,template,2026,val+norm,bongo_0495,0,0.000246
afroxlmr,strip,template,2026,val+norm,bongo_0499,1,0.999821
afroxlmr,strip,template,2026,val+norm,bongo_0502,1,0.999781
afroxlmr,strip,template,2026,val+norm,bongo_0548,0,0.000185
afroxlmr,strip,template,2026,val+norm,bongo_0556,1,0.999818
afroxlmr,strip,template,2026,val+norm,bongo_0557,1,0.999817
afroxlmr,strip,template,2026,val+norm,bongo_0561,0,0.000231
afroxlmr,strip,template,2026,val+norm,bongo_0563,0,0.000163
afroxlmr,strip,template,2026,val+norm,bongo_0570,1,0.999836
afroxlmr,strip,template,2026,val+norm,bongo_0581,0,0.000243
afroxlmr,strip,template,2026,val+norm,bongo_0587,1,0.999816
afroxlmr,strip,template,2026,val+norm,bongo_0593,0,0.000230
afroxlmr,strip,template,2026,val+norm,bongo_0607,0,0.000179
afroxlmr,strip,template,2026,val+norm,bongo_0610,0,0.000350
afroxlmr,strip,template,2026,val+norm,bongo_0632,1,0.999829
afroxlmr,strip,template,2026,val+norm,bongo_0634,0,0.000178
afroxlmr,strip,template,2026,val+norm,bongo_0637,1,0.999820
afroxlmr,strip,template,2026,val+norm,bongo_0643,0,0.000173
afroxlmr,strip,template,2026,val+norm,bongo_0666,1,0.999832
afroxlmr,strip,template,2026,val+norm,bongo_0672,0,0.000155
afroxlmr,strip,template,2026,val+norm,bongo_0680,1,0.999809
afroxlmr,strip,template,2026,val+norm,bongo_0681,0,0.000229
afroxlmr,strip,template,2026,val+norm,bongo_0693,0,0.000189
afroxlmr,strip,template,2026,val+norm,bongo_0694,0,0.000157
afroxlmr,strip,template,2026,val+norm,bongo_0698,1,0.999836
afroxlmr,strip,template,2026,val+norm,bongo_0726,0,0.000302
afroxlmr,strip,template,2026,val+norm,bongo_0742,0,0.000179
afroxlmr,strip,template,2026,val+norm,bongo_0752,0,0.000165
afroxlmr,strip,template,2026,val+norm,bongo_0754,0,0.000289
afroxlmr,strip,template,2026,val+norm,bongo_0762,1,0.999760
afroxlmr,strip,template,2026,val+norm,bongo_0764,1,0.999832
afroxlmr,strip,template,2026,val+norm,bongo_0788,1,0.999834
afroxlmr,strip,template,2026,val+norm,bongo_0805,0,0.000176
afroxlmr,strip,template,2026,val+norm,bongo_0809,0,0.000247
afroxlmr,strip,template,2026,val+norm,bongo_0811,1,0.999829
afroxlmr,strip,template,2026,val+norm,bongo_0823,1,0.999815
afroxlmr,strip,template,2026,val+norm,bongo_0827,1,0.999826
afroxlmr,strip,template,2026,val+norm,bongo_0833,0,0.000222
afroxlmr,strip,template,2026,val+norm,bongo_0844,1,0.999834
afroxlmr,strip,template,2026,val+norm,bongo_0869,1,0.999831
afroxlmr,strip,template,2026,val+norm,bongo_0880,1,0.999834
afroxlmr,strip,template,2026,val+norm,bongo_0886,1,0.999827
afroxlmr,strip,template,2026,val+norm,bongo_0911,1,0.999805
afroxlmr,strip,template,2026,val+norm,bongo_0919,0,0.000168
afroxlmr,strip,template,2026,val+norm,bongo_0921,1,0.999821
afroxlmr,strip,template,2026,val+norm,bongo_0922,0,0.000222
afroxlmr,strip,template,2026,val+norm,bongo_0923,1,0.999825
afroxlmr,strip,template,2026,val+norm,bongo_0943,1,0.999820
afroxlmr,strip,template,2026,val+norm,bongo_0948,1,0.999821
afroxlmr,strip,template,2026,val+norm,bongo_0949,1,0.999819
afroxlmr,strip,template,2026,val+norm,bongo_0959,1,0.999811
afroxlmr,strip,template,2026,val+norm,bongo_0961,1,0.999829
afroxlmr,strip,template,2026,val+norm,bongo_0973,0,0.000166
afroxlmr,strip,template,2026,val+norm,bongo_0988,0,0.000167
afroxlmr,strip,template,2026,val+norm,bongo_0992,0,0.000223
afroxlmr,strip,template,2026,val+norm,bongo_1001,1,0.999828
afroxlmr,strip,template,2026,val+norm,bongo_1028,1,0.999803
afroxlmr,strip,template,2026,val+norm,bongo_1039,0,0.000167
afroxlmr,strip,template,2026,val+norm,bongo_1044,0,0.000176
afroxlmr,strip,template,2026,val+norm,bongo_1082,0,0.000197
afroxlmr,strip,template,2026,val+norm,bongo_1086,1,0.999836
afroxlmr,strip,template,2026,val+norm,bongo_1099,0,0.000196
afroxlmr,strip,template,2026,val+norm,bongo_1101,1,0.999819
afroxlmr,strip,template,2026,val+norm,bongo_1108,0,0.000156
afroxlmr,strip,template,2026,val+norm,bongo_1109,0,0.000171
afroxlmr,strip,template,2026,val+norm,bongo_1120,0,0.000179
afroxlmr,strip,template,2026,val+norm,bongo_1124,0,0.000189
afroxlmr,strip,template,2026,val+norm,bongo_1130,1,0.999832
afroxlmr,strip,template,2026,val+norm,bongo_1132,1,0.999819
afroxlmr,strip,template,2026,val+norm,bongo_1137,1,0.999829
afroxlmr,strip,template,2026,val+norm,bongo_1145,0,0.000163
afroxlmr,strip,template,2026,val+norm,bongo_1153,0,0.000245
afroxlmr,strip,template,2026,val+norm,bongo_1161,0,0.000218
afroxlmr,strip,template,2026,val+norm,bongo_1162,0,0.000224
afroxlmr,strip,template,2026,val+norm,bongo_1163,1,0.999833
afroxlmr,strip,template,2026,val+norm,bongo_1166,1,0.999826
afroxlmr,strip,template,2026,val+norm,bongo_1197,1,0.999804
afroxlmr,strip,template,2026,val+norm,bongo_1203,1,0.999833
afroxlmr,strip,template,2026,val+norm,bongo_1212,0,0.000186
afroxlmr,strip,template,2026,val+norm,bongo_1213,1,0.999793
afroxlmr,strip,template,2026,val+norm,bongo_1216,0,0.000198
afroxlmr,strip,template,2026,val+norm,bongo_1224,1,0.999800
afroxlmr,strip,template,2026,val+norm,bongo_1247,1,0.999817
afroxlmr,strip,template,2026,val+norm,bongo_1251,1,0.999833
afroxlmr,strip,template,2026,val+norm,bongo_1257,1,0.999819
afroxlmr,strip,template,2026,val+norm,bongo_1258,1,0.999832
afroxlmr,strip,template,2026,val+norm,bongo_1265,0,0.000329
afroxlmr,strip,template,2026,val+norm,bongo_1272,0,0.000174
afroxlmr,strip,template,2026,val+norm,bongo_1275,0,0.000231
afroxlmr,strip,template,2026,val+norm,bongo_1296,0,0.000197
afroxlmr,strip,template,2026,val+norm,bongo_1299,1,0.999815
afroxlmr,strip,template,2026,val+norm,bongo_1307,1,0.999811
afroxlmr,strip,template,2026,val+norm,bongo_1328,0,0.000180
afroxlmr,strip,template,2026,val+norm,bongo_1335,0,0.000224
afroxlmr,strip,template,2026,val+norm,bongo_1341,0,0.000184
afroxlmr,strip,template,2026,val+norm,bongo_1349,0,0.000174
afroxlmr,strip,template,2026,val+norm,bongo_1360,0,0.000172
afroxlmr,strip,template,2026,test+norm,bongo_0025,1,0.999820
afroxlmr,strip,template,2026,test+norm,bongo_0029,0,0.000307
afroxlmr,strip,template,2026,test+norm,bongo_0039,1,0.999837
afroxlmr,strip,template,2026,test+norm,bongo_0047,1,0.999832
afroxlmr,strip,template,2026,test+norm,bongo_0053,0,0.000212
afroxlmr,strip,template,2026,test+norm,bongo_0055,1,0.000327
afroxlmr,strip,template,2026,test+norm,bongo_0061,1,0.254703
afroxlmr,strip,template,2026,test+norm,bongo_0097,0,0.000201
afroxlmr,strip,template,2026,test+norm,bongo_0107,0,0.000198
afroxlmr,strip,template,2026,test+norm,bongo_0110,0,0.000238
afroxlmr,strip,template,2026,test+norm,bongo_0112,1,0.003349
afroxlmr,strip,template,2026,test+norm,bongo_0115,0,0.000175
afroxlmr,strip,template,2026,test+norm,bongo_0143,0,0.000203
afroxlmr,strip,template,2026,test+norm,bongo_0146,1,0.999833
afroxlmr,strip,template,2026,test+norm,bongo_0154,1,0.999825
afroxlmr,strip,template,2026,test+norm,bongo_0159,1,0.995923
afroxlmr,strip,template,2026,test+norm,bongo_0160,0,0.000171
afroxlmr,strip,template,2026,test+norm,bongo_0172,0,0.000450
afroxlmr,strip,template,2026,test+norm,bongo_0173,1,0.979957
afroxlmr,strip,template,2026,test+norm,bongo_0175,0,0.000188
afroxlmr,strip,template,2026,test+norm,bongo_0182,0,0.000195
afroxlmr,strip,template,2026,test+norm,bongo_0195,1,0.999815
afroxlmr,strip,template,2026,test+norm,bongo_0197,0,0.000189
afroxlmr,strip,template,2026,test+norm,bongo_0201,1,0.999831
afroxlmr,strip,template,2026,test+norm,bongo_0203,1,0.999812
afroxlmr,strip,template,2026,test+norm,bongo_0250,1,0.001318
afroxlmr,strip,template,2026,test+norm,bongo_0253,0,0.000182
afroxlmr,strip,template,2026,test+norm,bongo_0255,1,0.000523
afroxlmr,strip,template,2026,test+norm,bongo_0265,1,0.000318
afroxlmr,strip,template,2026,test+norm,bongo_0271,0,0.000163
afroxlmr,strip,template,2026,test+norm,bongo_0300,0,0.000181
afroxlmr,strip,template,2026,test+norm,bongo_0306,0,0.000185
afroxlmr,strip,template,2026,test+norm,bongo_0356,1,0.000955
afroxlmr,strip,template,2026,test+norm,bongo_0360,1,0.999838
afroxlmr,strip,template,2026,test+norm,bongo_0361,1,0.999820
afroxlmr,strip,template,2026,test+norm,bongo_0363,0,0.000229
afroxlmr,strip,template,2026,test+norm,bongo_0368,0,0.000176
afroxlmr,strip,template,2026,test+norm,bongo_0372,0,0.000157
afroxlmr,strip,template,2026,test+norm,bongo_0380,1,0.001195
afroxlmr,strip,template,2026,test+norm,bongo_0389,0,0.000169
afroxlmr,strip,template,2026,test+norm,bongo_0395,0,0.000212
afroxlmr,strip,template,2026,test+norm,bongo_0405,1,0.999791
afroxlmr,strip,template,2026,test+norm,bongo_0424,1,0.999835
afroxlmr,strip,template,2026,test+norm,bongo_0427,0,0.000342
afroxlmr,strip,template,2026,test+norm,bongo_0434,1,0.142741
afroxlmr,strip,template,2026,test+norm,bongo_0463,0,0.000256
afroxlmr,strip,template,2026,test+norm,bongo_0476,1,0.999814
afroxlmr,strip,template,2026,test+norm,bongo_0510,1,0.999809
afroxlmr,strip,template,2026,test+norm,bongo_0531,0,0.000218
afroxlmr,strip,template,2026,test+norm,bongo_0542,0,0.000169
afroxlmr,strip,template,2026,test+norm,bongo_0545,0,0.000166
afroxlmr,strip,template,2026,test+norm,bongo_0560,1,0.999839
afroxlmr,strip,template,2026,test+norm,bongo_0565,1,0.001365
afroxlmr,strip,template,2026,test+norm,bongo_0566,1,0.999828
afroxlmr,strip,template,2026,test+norm,bongo_0571,0,0.000245
afroxlmr,strip,template,2026,test+norm,bongo_0577,1,0.999802
afroxlmr,strip,template,2026,test+norm,bongo_0580,1,0.999809
afroxlmr,strip,template,2026,test+norm,bongo_0621,1,0.999791
afroxlmr,strip,template,2026,test+norm,bongo_0624,1,0.999810
afroxlmr,strip,template,2026,test+norm,bongo_0630,0,0.000160
afroxlmr,strip,template,2026,test+norm,bongo_0638,1,0.999824
afroxlmr,strip,template,2026,test+norm,bongo_0648,0,0.000334
afroxlmr,strip,template,2026,test+norm,bongo_0674,0,0.000190
afroxlmr,strip,template,2026,test+norm,bongo_0685,0,0.000203
afroxlmr,strip,template,2026,test+norm,bongo_0697,1,0.001872
afroxlmr,strip,template,2026,test+norm,bongo_0701,0,0.000172
afroxlmr,strip,template,2026,test+norm,bongo_0706,1,0.158261
afroxlmr,strip,template,2026,test+norm,bongo_0719,1,0.997105
afroxlmr,strip,template,2026,test+norm,bongo_0721,1,0.999798
afroxlmr,strip,template,2026,test+norm,bongo_0724,1,0.000624
afroxlmr,strip,template,2026,test+norm,bongo_0729,1,0.999821
afroxlmr,strip,template,2026,test+norm,bongo_0741,0,0.000167
afroxlmr,strip,template,2026,test+norm,bongo_0749,1,0.996673
afroxlmr,strip,template,2026,test+norm,bongo_0769,1,0.999746
afroxlmr,strip,template,2026,test+norm,bongo_0770,1,0.000327
afroxlmr,strip,template,2026,test+norm,bongo_0778,1,0.000348
afroxlmr,strip,template,2026,test+norm,bongo_0787,1,0.999833
afroxlmr,strip,template,2026,test+norm,bongo_0795,0,0.000360
afroxlmr,strip,template,2026,test+norm,bongo_0806,1,0.021903
afroxlmr,strip,template,2026,test+norm,bongo_0807,1,0.999794
afroxlmr,strip,template,2026,test+norm,bongo_0818,0,0.000261
afroxlmr,strip,template,2026,test+norm,bongo_0819,0,0.000202
afroxlmr,strip,template,2026,test+norm,bongo_0835,0,0.000185
afroxlmr,strip,template,2026,test+norm,bongo_0840,1,0.999839
afroxlmr,strip,template,2026,test+norm,bongo_0855,1,0.005540
afroxlmr,strip,template,2026,test+norm,bongo_0856,0,0.000177
afroxlmr,strip,template,2026,test+norm,bongo_0864,1,0.999841
afroxlmr,strip,template,2026,test+norm,bongo_0871,1,0.999833
afroxlmr,strip,template,2026,test+norm,bongo_0872,0,0.000196
afroxlmr,strip,template,2026,test+norm,bongo_0904,0,0.000191
afroxlmr,strip,template,2026,test+norm,bongo_0905,1,0.999836
afroxlmr,strip,template,2026,test+norm,bongo_0909,1,0.999807
afroxlmr,strip,template,2026,test+norm,bongo_0917,1,0.000470
afroxlmr,strip,template,2026,test+norm,bongo_0918,1,0.999811
afroxlmr,strip,template,2026,test+norm,bongo_0950,0,0.000206
afroxlmr,strip,template,2026,test+norm,bongo_0955,1,0.999811
afroxlmr,strip,template,2026,test+norm,bongo_0956,0,0.000184
afroxlmr,strip,template,2026,test+norm,bongo_0971,0,0.000180
afroxlmr,strip,template,2026,test+norm,bongo_0983,0,0.000173
afroxlmr,strip,template,2026,test+norm,bongo_0989,1,0.999835
afroxlmr,strip,template,2026,test+norm,bongo_0994,0,0.000181
afroxlmr,strip,template,2026,test+norm,bongo_1003,1,0.999839
afroxlmr,strip,template,2026,test+norm,bongo_1006,0,0.000178
afroxlmr,strip,template,2026,test+norm,bongo_1012,1,0.000757
afroxlmr,strip,template,2026,test+norm,bongo_1015,0,0.000177
afroxlmr,strip,template,2026,test+norm,bongo_1022,1,0.000399
afroxlmr,strip,template,2026,test+norm,bongo_1037,0,0.000191
afroxlmr,strip,template,2026,test+norm,bongo_1040,0,0.000190
afroxlmr,strip,template,2026,test+norm,bongo_1042,1,0.999793
afroxlmr,strip,template,2026,test+norm,bongo_1047,1,0.999835
afroxlmr,strip,template,2026,test+norm,bongo_1050,0,0.000178
afroxlmr,strip,template,2026,test+norm,bongo_1052,1,0.999812
afroxlmr,strip,template,2026,test+norm,bongo_1059,0,0.000349
afroxlmr,strip,template,2026,test+norm,bongo_1071,0,0.000179
afroxlmr,strip,template,2026,test+norm,bongo_1090,0,0.000246
afroxlmr,strip,template,2026,test+norm,bongo_1104,1,0.999824
afroxlmr,strip,template,2026,test+norm,bongo_1115,0,0.000170
afroxlmr,strip,template,2026,test+norm,bongo_1123,0,0.000159
afroxlmr,strip,template,2026,test+norm,bongo_1125,0,0.000265
afroxlmr,strip,template,2026,test+norm,bongo_1127,1,0.015016
afroxlmr,strip,template,2026,test+norm,bongo_1131,1,0.999790
afroxlmr,strip,template,2026,test+norm,bongo_1134,1,0.002945
afroxlmr,strip,template,2026,test+norm,bongo_1135,0,0.000188
afroxlmr,strip,template,2026,test+norm,bongo_1136,1,0.999831
afroxlmr,strip,template,2026,test+norm,bongo_1138,1,0.999841
afroxlmr,strip,template,2026,test+norm,bongo_1140,1,0.999822
afroxlmr,strip,template,2026,test+norm,bongo_1154,1,0.999831
afroxlmr,strip,template,2026,test+norm,bongo_1155,0,0.000182
afroxlmr,strip,template,2026,test+norm,bongo_1171,1,0.999826
afroxlmr,strip,template,2026,test+norm,bongo_1181,1,0.999809
afroxlmr,strip,template,2026,test+norm,bongo_1185,1,0.000291
afroxlmr,strip,template,2026,test+norm,bongo_1194,0,0.000160
afroxlmr,strip,template,2026,test+norm,bongo_1195,1,0.000400
afroxlmr,strip,template,2026,test+norm,bongo_1198,0,0.000184
afroxlmr,strip,template,2026,test+norm,bongo_1204,1,0.000798
afroxlmr,strip,template,2026,test+norm,bongo_1220,1,0.999832
afroxlmr,strip,template,2026,test+norm,bongo_1233,1,0.999824
afroxlmr,strip,template,2026,test+norm,bongo_1236,0,0.000186
afroxlmr,strip,template,2026,test+norm,bongo_1240,1,0.000596
afroxlmr,strip,template,2026,test+norm,bongo_1244,0,0.000171
afroxlmr,strip,template,2026,test+norm,bongo_1249,0,0.000197
afroxlmr,strip,template,2026,test+norm,bongo_1253,0,0.015056
afroxlmr,strip,template,2026,test+norm,bongo_1260,0,0.000163
afroxlmr,strip,template,2026,test+norm,bongo_1262,0,0.000827
afroxlmr,strip,template,2026,test+norm,bongo_1278,1,0.000659
afroxlmr,strip,template,2026,test+norm,bongo_1285,0,0.000179
afroxlmr,strip,template,2026,test+norm,bongo_1293,1,0.999833
afroxlmr,strip,template,2026,test+norm,bongo_1316,0,0.000193
afroxlmr,strip,template,2026,test+norm,bongo_1327,1,0.000271
afroxlmr,strip,template,2026,test+norm,bongo_1330,0,0.000212
afroxlmr,strip,template,2026,test+norm,bongo_1359,0,0.000209
afroxlmr,strip,template,2026,test+norm,bongo_1375,0,0.000198
afroxlmr,strip,template,2026,test_lookalike_1+norm,bongo_0025,1,0.999820
afroxlmr,strip,template,2026,test_lookalike_1+norm,bongo_0029,0,0.000307
afroxlmr,strip,template,2026,test_lookalike_1+norm,bongo_0039,1,0.999837
afroxlmr,strip,template,2026,test_lookalike_1+norm,bongo_0047,1,0.999832
afroxlmr,strip,template,2026,test_lookalike_1+norm,bongo_0053,0,0.000212
afroxlmr,strip,template,2026,test_lookalike_1+norm,bongo_0055,1,0.000327
afroxlmr,strip,template,2026,test_lookalike_1+norm,bongo_0061,1,0.254703
afroxlmr,strip,template,2026,test_lookalike_1+norm,bongo_0097,0,0.000201
afroxlmr,strip,template,2026,test_lookalike_1+norm,bongo_0107,0,0.000198
afroxlmr,strip,template,2026,test_lookalike_1+norm,bongo_0110,0,0.000238
afroxlmr,strip,template,2026,test_lookalike_1+norm,bongo_0112,1,0.003349
afroxlmr,strip,template,2026,test_lookalike_1+norm,bongo_0115,0,0.000175
afroxlmr,strip,template,2026,test_lookalike_1+norm,bongo_0143,0,0.000203
afroxlmr,strip,template,2026,test_lookalike_1+norm,bongo_0146,1,0.999833
afroxlmr,strip,template,2026,test_lookalike_1+norm,bongo_0154,1,0.999825
afroxlmr,strip,template,2026,test_lookalike_1+norm,bongo_0159,1,0.934937
afroxlmr,strip,template,2026,test_lookalike_1+norm,bongo_0160,0,0.000171
afroxlmr,strip,template,2026,test_lookalike_1+norm,bongo_0172,0,0.000450
afroxlmr,strip,template,2026,test_lookalike_1+norm,bongo_0173,1,0.894924
afroxlmr,strip,template,2026,test_lookalike_1+norm,bongo_0175,0,0.000188
afroxlmr,strip,template,2026,test_lookalike_1+norm,bongo_0182,0,0.000195
afroxlmr,strip,template,2026,test_lookalike_1+norm,bongo_0195,1,0.999815
afroxlmr,strip,template,2026,test_lookalike_1+norm,bongo_0197,0,0.000189
afroxlmr,strip,template,2026,test_lookalike_1+norm,bongo_0201,1,0.999831
afroxlmr,strip,template,2026,test_lookalike_1+norm,bongo_0203,1,0.999812
afroxlmr,strip,template,2026,test_lookalike_1+norm,bongo_0250,1,0.001318
afroxlmr,strip,template,2026,test_lookalike_1+norm,bongo_0253,0,0.000182
afroxlmr,strip,template,2026,test_lookalike_1+norm,bongo_0255,1,0.000523
afroxlmr,strip,template,2026,test_lookalike_1+norm,bongo_0265,1,0.000318
afroxlmr,strip,template,2026,test_lookalike_1+norm,bongo_0271,0,0.000163
afroxlmr,strip,template,2026,test_lookalike_1+norm,bongo_0300,0,0.000181
afroxlmr,strip,template,2026,test_lookalike_1+norm,bongo_0306,0,0.000185
afroxlmr,strip,template,2026,test_lookalike_1+norm,bongo_0356,1,0.000955
afroxlmr,strip,template,2026,test_lookalike_1+norm,bongo_0360,1,0.999838
afroxlmr,strip,template,2026,test_lookalike_1+norm,bongo_0361,1,0.999820
afroxlmr,strip,template,2026,test_lookalike_1+norm,bongo_0363,0,0.000229
afroxlmr,strip,template,2026,test_lookalike_1+norm,bongo_0368,0,0.000176
afroxlmr,strip,template,2026,test_lookalike_1+norm,bongo_0372,0,0.000157
afroxlmr,strip,template,2026,test_lookalike_1+norm,bongo_0380,1,0.001195
afroxlmr,strip,template,2026,test_lookalike_1+norm,bongo_0389,0,0.000169
afroxlmr,strip,template,2026,test_lookalike_1+norm,bongo_0395,0,0.000212
afroxlmr,strip,template,2026,test_lookalike_1+norm,bongo_0405,1,0.999791
afroxlmr,strip,template,2026,test_lookalike_1+norm,bongo_0424,1,0.999835
afroxlmr,strip,template,2026,test_lookalike_1+norm,bongo_0427,0,0.000342
afroxlmr,strip,template,2026,test_lookalike_1+norm,bongo_0434,1,0.433464
afroxlmr,strip,template,2026,test_lookalike_1+norm,bongo_0463,0,0.000256
afroxlmr,strip,template,2026,test_lookalike_1+norm,bongo_0476,1,0.999814
afroxlmr,strip,template,2026,test_lookalike_1+norm,bongo_0510,1,0.999809
afroxlmr,strip,template,2026,test_lookalike_1+norm,bongo_0531,0,0.000218
afroxlmr,strip,template,2026,test_lookalike_1+norm,bongo_0542,0,0.000169
afroxlmr,strip,template,2026,test_lookalike_1+norm,bongo_0545,0,0.000166
afroxlmr,strip,template,2026,test_lookalike_1+norm,bongo_0560,1,0.999839
afroxlmr,strip,template,2026,test_lookalike_1+norm,bongo_0565,1,0.001365
afroxlmr,strip,template,2026,test_lookalike_1+norm,bongo_0566,1,0.999828
afroxlmr,strip,template,2026,test_lookalike_1+norm,bongo_0571,0,0.000245
afroxlmr,strip,template,2026,test_lookalike_1+norm,bongo_0577,1,0.999802
afroxlmr,strip,template,2026,test_lookalike_1+norm,bongo_0580,1,0.999809
afroxlmr,strip,template,2026,test_lookalike_1+norm,bongo_0621,1,0.999791
afroxlmr,strip,template,2026,test_lookalike_1+norm,bongo_0624,1,0.999810
afroxlmr,strip,template,2026,test_lookalike_1+norm,bongo_0630,0,0.000160
afroxlmr,strip,template,2026,test_lookalike_1+norm,bongo_0638,1,0.999824
afroxlmr,strip,template,2026,test_lookalike_1+norm,bongo_0648,0,0.000334
afroxlmr,strip,template,2026,test_lookalike_1+norm,bongo_0674,0,0.000190
afroxlmr,strip,template,2026,test_lookalike_1+norm,bongo_0685,0,0.000203
afroxlmr,strip,template,2026,test_lookalike_1+norm,bongo_0697,1,0.001872
afroxlmr,strip,template,2026,test_lookalike_1+norm,bongo_0701,0,0.000172
afroxlmr,strip,template,2026,test_lookalike_1+norm,bongo_0706,1,0.320998
afroxlmr,strip,template,2026,test_lookalike_1+norm,bongo_0719,1,0.997105
afroxlmr,strip,template,2026,test_lookalike_1+norm,bongo_0721,1,0.999780
afroxlmr,strip,template,2026,test_lookalike_1+norm,bongo_0724,1,0.000624
afroxlmr,strip,template,2026,test_lookalike_1+norm,bongo_0729,1,0.999821
afroxlmr,strip,template,2026,test_lookalike_1+norm,bongo_0741,0,0.000167
afroxlmr,strip,template,2026,test_lookalike_1+norm,bongo_0749,1,0.996673
afroxlmr,strip,template,2026,test_lookalike_1+norm,bongo_0769,1,0.999746
afroxlmr,strip,template,2026,test_lookalike_1+norm,bongo_0770,1,0.000327
afroxlmr,strip,template,2026,test_lookalike_1+norm,bongo_0778,1,0.000348
afroxlmr,strip,template,2026,test_lookalike_1+norm,bongo_0787,1,0.999833
afroxlmr,strip,template,2026,test_lookalike_1+norm,bongo_0795,0,0.000360
afroxlmr,strip,template,2026,test_lookalike_1+norm,bongo_0806,1,0.021903
afroxlmr,strip,template,2026,test_lookalike_1+norm,bongo_0807,1,0.999794
afroxlmr,strip,template,2026,test_lookalike_1+norm,bongo_0818,0,0.000261
afroxlmr,strip,template,2026,test_lookalike_1+norm,bongo_0819,0,0.000202
afroxlmr,strip,template,2026,test_lookalike_1+norm,bongo_0835,0,0.000185
afroxlmr,strip,template,2026,test_lookalike_1+norm,bongo_0840,1,0.999839
afroxlmr,strip,template,2026,test_lookalike_1+norm,bongo_0855,1,0.005540
afroxlmr,strip,template,2026,test_lookalike_1+norm,bongo_0856,0,0.000177
afroxlmr,strip,template,2026,test_lookalike_1+norm,bongo_0864,1,0.999841
afroxlmr,strip,template,2026,test_lookalike_1+norm,bongo_0871,1,0.999833
afroxlmr,strip,template,2026,test_lookalike_1+norm,bongo_0872,0,0.000196
afroxlmr,strip,template,2026,test_lookalike_1+norm,bongo_0904,0,0.000191
afroxlmr,strip,template,2026,test_lookalike_1+norm,bongo_0905,1,0.999836
afroxlmr,strip,template,2026,test_lookalike_1+norm,bongo_0909,1,0.999807
afroxlmr,strip,template,2026,test_lookalike_1+norm,bongo_0917,1,0.000470
afroxlmr,strip,template,2026,test_lookalike_1+norm,bongo_0918,1,0.999811
afroxlmr,strip,template,2026,test_lookalike_1+norm,bongo_0950,0,0.000206
afroxlmr,strip,template,2026,test_lookalike_1+norm,bongo_0955,1,0.999811
afroxlmr,strip,template,2026,test_lookalike_1+norm,bongo_0956,0,0.000184
afroxlmr,strip,template,2026,test_lookalike_1+norm,bongo_0971,0,0.000180
afroxlmr,strip,template,2026,test_lookalike_1+norm,bongo_0983,0,0.000173
afroxlmr,strip,template,2026,test_lookalike_1+norm,bongo_0989,1,0.999835
afroxlmr,strip,template,2026,test_lookalike_1+norm,bongo_0994,0,0.000181
afroxlmr,strip,template,2026,test_lookalike_1+norm,bongo_1003,1,0.999839
afroxlmr,strip,template,2026,test_lookalike_1+norm,bongo_1006,0,0.000178
afroxlmr,strip,template,2026,test_lookalike_1+norm,bongo_1012,1,0.000757
afroxlmr,strip,template,2026,test_lookalike_1+norm,bongo_1015,0,0.000177
afroxlmr,strip,template,2026,test_lookalike_1+norm,bongo_1022,1,0.000399
afroxlmr,strip,template,2026,test_lookalike_1+norm,bongo_1037,0,0.000191
afroxlmr,strip,template,2026,test_lookalike_1+norm,bongo_1040,0,0.000190
afroxlmr,strip,template,2026,test_lookalike_1+norm,bongo_1042,1,0.999793
afroxlmr,strip,template,2026,test_lookalike_1+norm,bongo_1047,1,0.999835
afroxlmr,strip,template,2026,test_lookalike_1+norm,bongo_1050,0,0.000178
afroxlmr,strip,template,2026,test_lookalike_1+norm,bongo_1052,1,0.999812
afroxlmr,strip,template,2026,test_lookalike_1+norm,bongo_1059,0,0.000349
afroxlmr,strip,template,2026,test_lookalike_1+norm,bongo_1071,0,0.000179
afroxlmr,strip,template,2026,test_lookalike_1+norm,bongo_1090,0,0.000246
afroxlmr,strip,template,2026,test_lookalike_1+norm,bongo_1104,1,0.999824
afroxlmr,strip,template,2026,test_lookalike_1+norm,bongo_1115,0,0.000170
afroxlmr,strip,template,2026,test_lookalike_1+norm,bongo_1123,0,0.000159
afroxlmr,strip,template,2026,test_lookalike_1+norm,bongo_1125,0,0.000265
afroxlmr,strip,template,2026,test_lookalike_1+norm,bongo_1127,1,0.015016
afroxlmr,strip,template,2026,test_lookalike_1+norm,bongo_1131,1,0.999790
afroxlmr,strip,template,2026,test_lookalike_1+norm,bongo_1134,1,0.002945
afroxlmr,strip,template,2026,test_lookalike_1+norm,bongo_1135,0,0.000188
afroxlmr,strip,template,2026,test_lookalike_1+norm,bongo_1136,1,0.999831
afroxlmr,strip,template,2026,test_lookalike_1+norm,bongo_1138,1,0.999841
afroxlmr,strip,template,2026,test_lookalike_1+norm,bongo_1140,1,0.999822
afroxlmr,strip,template,2026,test_lookalike_1+norm,bongo_1154,1,0.999831
afroxlmr,strip,template,2026,test_lookalike_1+norm,bongo_1155,0,0.000182
afroxlmr,strip,template,2026,test_lookalike_1+norm,bongo_1171,1,0.999826
afroxlmr,strip,template,2026,test_lookalike_1+norm,bongo_1181,1,0.999809
afroxlmr,strip,template,2026,test_lookalike_1+norm,bongo_1185,1,0.000291
afroxlmr,strip,template,2026,test_lookalike_1+norm,bongo_1194,0,0.000160
afroxlmr,strip,template,2026,test_lookalike_1+norm,bongo_1195,1,0.000400
afroxlmr,strip,template,2026,test_lookalike_1+norm,bongo_1198,0,0.000184
afroxlmr,strip,template,2026,test_lookalike_1+norm,bongo_1204,1,0.000798
afroxlmr,strip,template,2026,test_lookalike_1+norm,bongo_1220,1,0.999827
afroxlmr,strip,template,2026,test_lookalike_1+norm,bongo_1233,1,0.999824
afroxlmr,strip,template,2026,test_lookalike_1+norm,bongo_1236,0,0.000186
afroxlmr,strip,template,2026,test_lookalike_1+norm,bongo_1240,1,0.000596
afroxlmr,strip,template,2026,test_lookalike_1+norm,bongo_1244,0,0.000171
afroxlmr,strip,template,2026,test_lookalike_1+norm,bongo_1249,0,0.000197
afroxlmr,strip,template,2026,test_lookalike_1+norm,bongo_1253,0,0.015056
afroxlmr,strip,template,2026,test_lookalike_1+norm,bongo_1260,0,0.000163
afroxlmr,strip,template,2026,test_lookalike_1+norm,bongo_1262,0,0.000827
afroxlmr,strip,template,2026,test_lookalike_1+norm,bongo_1278,1,0.000659
afroxlmr,strip,template,2026,test_lookalike_1+norm,bongo_1285,0,0.000179
afroxlmr,strip,template,2026,test_lookalike_1+norm,bongo_1293,1,0.999833
afroxlmr,strip,template,2026,test_lookalike_1+norm,bongo_1316,0,0.000193
afroxlmr,strip,template,2026,test_lookalike_1+norm,bongo_1327,1,0.000271
afroxlmr,strip,template,2026,test_lookalike_1+norm,bongo_1330,0,0.000212
afroxlmr,strip,template,2026,test_lookalike_1+norm,bongo_1359,0,0.000209
afroxlmr,strip,template,2026,test_lookalike_1+norm,bongo_1375,0,0.000198
afroxlmr,strip,template,2026,test_lookalike_3+norm,bongo_0025,1,0.999820
afroxlmr,strip,template,2026,test_lookalike_3+norm,bongo_0029,0,0.000307
afroxlmr,strip,template,2026,test_lookalike_3+norm,bongo_0039,1,0.999837
afroxlmr,strip,template,2026,test_lookalike_3+norm,bongo_0047,1,0.999832
afroxlmr,strip,template,2026,test_lookalike_3+norm,bongo_0053,0,0.000212
afroxlmr,strip,template,2026,test_lookalike_3+norm,bongo_0055,1,0.000327
afroxlmr,strip,template,2026,test_lookalike_3+norm,bongo_0061,1,0.254703
afroxlmr,strip,template,2026,test_lookalike_3+norm,bongo_0097,0,0.000201
afroxlmr,strip,template,2026,test_lookalike_3+norm,bongo_0107,0,0.000198
afroxlmr,strip,template,2026,test_lookalike_3+norm,bongo_0110,0,0.000238
afroxlmr,strip,template,2026,test_lookalike_3+norm,bongo_0112,1,0.003349
afroxlmr,strip,template,2026,test_lookalike_3+norm,bongo_0115,0,0.000175
afroxlmr,strip,template,2026,test_lookalike_3+norm,bongo_0143,0,0.000203
afroxlmr,strip,template,2026,test_lookalike_3+norm,bongo_0146,1,0.999833
afroxlmr,strip,template,2026,test_lookalike_3+norm,bongo_0154,1,0.999825
afroxlmr,strip,template,2026,test_lookalike_3+norm,bongo_0159,1,0.995923
afroxlmr,strip,template,2026,test_lookalike_3+norm,bongo_0160,0,0.000171
afroxlmr,strip,template,2026,test_lookalike_3+norm,bongo_0172,0,0.000450
afroxlmr,strip,template,2026,test_lookalike_3+norm,bongo_0173,1,0.835844
afroxlmr,strip,template,2026,test_lookalike_3+norm,bongo_0175,0,0.000188
afroxlmr,strip,template,2026,test_lookalike_3+norm,bongo_0182,0,0.000195
afroxlmr,strip,template,2026,test_lookalike_3+norm,bongo_0195,1,0.999815
afroxlmr,strip,template,2026,test_lookalike_3+norm,bongo_0197,0,0.000189
afroxlmr,strip,template,2026,test_lookalike_3+norm,bongo_0201,1,0.999833
afroxlmr,strip,template,2026,test_lookalike_3+norm,bongo_0203,1,0.999812
afroxlmr,strip,template,2026,test_lookalike_3+norm,bongo_0250,1,0.001318
afroxlmr,strip,template,2026,test_lookalike_3+norm,bongo_0253,0,0.000182
afroxlmr,strip,template,2026,test_lookalike_3+norm,bongo_0255,1,0.000523
afroxlmr,strip,template,2026,test_lookalike_3+norm,bongo_0265,1,0.000318
afroxlmr,strip,template,2026,test_lookalike_3+norm,bongo_0271,0,0.000163
afroxlmr,strip,template,2026,test_lookalike_3+norm,bongo_0300,0,0.000181
afroxlmr,strip,template,2026,test_lookalike_3+norm,bongo_0306,0,0.000185
afroxlmr,strip,template,2026,test_lookalike_3+norm,bongo_0356,1,0.000955
afroxlmr,strip,template,2026,test_lookalike_3+norm,bongo_0360,1,0.999838
afroxlmr,strip,template,2026,test_lookalike_3+norm,bongo_0361,1,0.999820
afroxlmr,strip,template,2026,test_lookalike_3+norm,bongo_0363,0,0.000229
afroxlmr,strip,template,2026,test_lookalike_3+norm,bongo_0368,0,0.000176
afroxlmr,strip,template,2026,test_lookalike_3+norm,bongo_0372,0,0.000157
afroxlmr,strip,template,2026,test_lookalike_3+norm,bongo_0380,1,0.001195
afroxlmr,strip,template,2026,test_lookalike_3+norm,bongo_0389,0,0.000169
afroxlmr,strip,template,2026,test_lookalike_3+norm,bongo_0395,0,0.000212
afroxlmr,strip,template,2026,test_lookalike_3+norm,bongo_0405,1,0.999791
afroxlmr,strip,template,2026,test_lookalike_3+norm,bongo_0424,1,0.999834
afroxlmr,strip,template,2026,test_lookalike_3+norm,bongo_0427,0,0.000342
afroxlmr,strip,template,2026,test_lookalike_3+norm,bongo_0434,1,0.269822
afroxlmr,strip,template,2026,test_lookalike_3+norm,bongo_0463,0,0.000256
afroxlmr,strip,template,2026,test_lookalike_3+norm,bongo_0476,1,0.999814
afroxlmr,strip,template,2026,test_lookalike_3+norm,bongo_0510,1,0.999809
afroxlmr,strip,template,2026,test_lookalike_3+norm,bongo_0531,0,0.000218
afroxlmr,strip,template,2026,test_lookalike_3+norm,bongo_0542,0,0.000169
afroxlmr,strip,template,2026,test_lookalike_3+norm,bongo_0545,0,0.000166
afroxlmr,strip,template,2026,test_lookalike_3+norm,bongo_0560,1,0.999839
afroxlmr,strip,template,2026,test_lookalike_3+norm,bongo_0565,1,0.001365
afroxlmr,strip,template,2026,test_lookalike_3+norm,bongo_0566,1,0.999828
afroxlmr,strip,template,2026,test_lookalike_3+norm,bongo_0571,0,0.000245
afroxlmr,strip,template,2026,test_lookalike_3+norm,bongo_0577,1,0.999799
afroxlmr,strip,template,2026,test_lookalike_3+norm,bongo_0580,1,0.999809
afroxlmr,strip,template,2026,test_lookalike_3+norm,bongo_0621,1,0.999791
afroxlmr,strip,template,2026,test_lookalike_3+norm,bongo_0624,1,0.999810
afroxlmr,strip,template,2026,test_lookalike_3+norm,bongo_0630,0,0.000160
afroxlmr,strip,template,2026,test_lookalike_3+norm,bongo_0638,1,0.999824
afroxlmr,strip,template,2026,test_lookalike_3+norm,bongo_0648,0,0.000334
afroxlmr,strip,template,2026,test_lookalike_3+norm,bongo_0674,0,0.000190
afroxlmr,strip,template,2026,test_lookalike_3+norm,bongo_0685,0,0.000203
afroxlmr,strip,template,2026,test_lookalike_3+norm,bongo_0697,1,0.001872
afroxlmr,strip,template,2026,test_lookalike_3+norm,bongo_0701,0,0.000172
afroxlmr,strip,template,2026,test_lookalike_3+norm,bongo_0706,1,0.158261
afroxlmr,strip,template,2026,test_lookalike_3+norm,bongo_0719,1,0.997105
afroxlmr,strip,template,2026,test_lookalike_3+norm,bongo_0721,1,0.999798
afroxlmr,strip,template,2026,test_lookalike_3+norm,bongo_0724,1,0.000624
afroxlmr,strip,template,2026,test_lookalike_3+norm,bongo_0729,1,0.999821
afroxlmr,strip,template,2026,test_lookalike_3+norm,bongo_0741,0,0.000167
afroxlmr,strip,template,2026,test_lookalike_3+norm,bongo_0749,1,0.996673
afroxlmr,strip,template,2026,test_lookalike_3+norm,bongo_0769,1,0.999746
afroxlmr,strip,template,2026,test_lookalike_3+norm,bongo_0770,1,0.000327
afroxlmr,strip,template,2026,test_lookalike_3+norm,bongo_0778,1,0.000348
afroxlmr,strip,template,2026,test_lookalike_3+norm,bongo_0787,1,0.999833
afroxlmr,strip,template,2026,test_lookalike_3+norm,bongo_0795,0,0.000360
afroxlmr,strip,template,2026,test_lookalike_3+norm,bongo_0806,1,0.021903
afroxlmr,strip,template,2026,test_lookalike_3+norm,bongo_0807,1,0.999794
afroxlmr,strip,template,2026,test_lookalike_3+norm,bongo_0818,0,0.000261
afroxlmr,strip,template,2026,test_lookalike_3+norm,bongo_0819,0,0.000202
afroxlmr,strip,template,2026,test_lookalike_3+norm,bongo_0835,0,0.000185
afroxlmr,strip,template,2026,test_lookalike_3+norm,bongo_0840,1,0.999839
afroxlmr,strip,template,2026,test_lookalike_3+norm,bongo_0855,1,0.005540
afroxlmr,strip,template,2026,test_lookalike_3+norm,bongo_0856,0,0.000177
afroxlmr,strip,template,2026,test_lookalike_3+norm,bongo_0864,1,0.999841
afroxlmr,strip,template,2026,test_lookalike_3+norm,bongo_0871,1,0.999833
afroxlmr,strip,template,2026,test_lookalike_3+norm,bongo_0872,0,0.000196
afroxlmr,strip,template,2026,test_lookalike_3+norm,bongo_0904,0,0.000191
afroxlmr,strip,template,2026,test_lookalike_3+norm,bongo_0905,1,0.999836
afroxlmr,strip,template,2026,test_lookalike_3+norm,bongo_0909,1,0.999807
afroxlmr,strip,template,2026,test_lookalike_3+norm,bongo_0917,1,0.000470
afroxlmr,strip,template,2026,test_lookalike_3+norm,bongo_0918,1,0.999811
afroxlmr,strip,template,2026,test_lookalike_3+norm,bongo_0950,0,0.000206
afroxlmr,strip,template,2026,test_lookalike_3+norm,bongo_0955,1,0.999811
afroxlmr,strip,template,2026,test_lookalike_3+norm,bongo_0956,0,0.000184
afroxlmr,strip,template,2026,test_lookalike_3+norm,bongo_0971,0,0.000180
afroxlmr,strip,template,2026,test_lookalike_3+norm,bongo_0983,0,0.000173
afroxlmr,strip,template,2026,test_lookalike_3+norm,bongo_0989,1,0.999835
afroxlmr,strip,template,2026,test_lookalike_3+norm,bongo_0994,0,0.000181
afroxlmr,strip,template,2026,test_lookalike_3+norm,bongo_1003,1,0.999839
afroxlmr,strip,template,2026,test_lookalike_3+norm,bongo_1006,0,0.000178
afroxlmr,strip,template,2026,test_lookalike_3+norm,bongo_1012,1,0.000757
afroxlmr,strip,template,2026,test_lookalike_3+norm,bongo_1015,0,0.000177
afroxlmr,strip,template,2026,test_lookalike_3+norm,bongo_1022,1,0.000399
afroxlmr,strip,template,2026,test_lookalike_3+norm,bongo_1037,0,0.000191
afroxlmr,strip,template,2026,test_lookalike_3+norm,bongo_1040,0,0.000190
afroxlmr,strip,template,2026,test_lookalike_3+norm,bongo_1042,1,0.999793
afroxlmr,strip,template,2026,test_lookalike_3+norm,bongo_1047,1,0.999835
afroxlmr,strip,template,2026,test_lookalike_3+norm,bongo_1050,0,0.000178
afroxlmr,strip,template,2026,test_lookalike_3+norm,bongo_1052,1,0.999812
afroxlmr,strip,template,2026,test_lookalike_3+norm,bongo_1059,0,0.000349
afroxlmr,strip,template,2026,test_lookalike_3+norm,bongo_1071,0,0.000179
afroxlmr,strip,template,2026,test_lookalike_3+norm,bongo_1090,0,0.000246
afroxlmr,strip,template,2026,test_lookalike_3+norm,bongo_1104,1,0.999824
afroxlmr,strip,template,2026,test_lookalike_3+norm,bongo_1115,0,0.000170
afroxlmr,strip,template,2026,test_lookalike_3+norm,bongo_1123,0,0.000159
afroxlmr,strip,template,2026,test_lookalike_3+norm,bongo_1125,0,0.000265
afroxlmr,strip,template,2026,test_lookalike_3+norm,bongo_1127,1,0.015016
afroxlmr,strip,template,2026,test_lookalike_3+norm,bongo_1131,1,0.999790
afroxlmr,strip,template,2026,test_lookalike_3+norm,bongo_1134,1,0.002945
afroxlmr,strip,template,2026,test_lookalike_3+norm,bongo_1135,0,0.000188
afroxlmr,strip,template,2026,test_lookalike_3+norm,bongo_1136,1,0.999831
afroxlmr,strip,template,2026,test_lookalike_3+norm,bongo_1138,1,0.999841
afroxlmr,strip,template,2026,test_lookalike_3+norm,bongo_1140,1,0.999822
afroxlmr,strip,template,2026,test_lookalike_3+norm,bongo_1154,1,0.999831
afroxlmr,strip,template,2026,test_lookalike_3+norm,bongo_1155,0,0.000182
afroxlmr,strip,template,2026,test_lookalike_3+norm,bongo_1171,1,0.999826
afroxlmr,strip,template,2026,test_lookalike_3+norm,bongo_1181,1,0.999809
afroxlmr,strip,template,2026,test_lookalike_3+norm,bongo_1185,1,0.000291
afroxlmr,strip,template,2026,test_lookalike_3+norm,bongo_1194,0,0.000160
afroxlmr,strip,template,2026,test_lookalike_3+norm,bongo_1195,1,0.000400
afroxlmr,strip,template,2026,test_lookalike_3+norm,bongo_1198,0,0.000184
afroxlmr,strip,template,2026,test_lookalike_3+norm,bongo_1204,1,0.000798
afroxlmr,strip,template,2026,test_lookalike_3+norm,bongo_1220,1,0.999832
afroxlmr,strip,template,2026,test_lookalike_3+norm,bongo_1233,1,0.999824
afroxlmr,strip,template,2026,test_lookalike_3+norm,bongo_1236,0,0.000186
afroxlmr,strip,template,2026,test_lookalike_3+norm,bongo_1240,1,0.000596
afroxlmr,strip,template,2026,test_lookalike_3+norm,bongo_1244,0,0.000171
afroxlmr,strip,template,2026,test_lookalike_3+norm,bongo_1249,0,0.000197
afroxlmr,strip,template,2026,test_lookalike_3+norm,bongo_1253,0,0.015056
afroxlmr,strip,template,2026,test_lookalike_3+norm,bongo_1260,0,0.000163
afroxlmr,strip,template,2026,test_lookalike_3+norm,bongo_1262,0,0.000827
afroxlmr,strip,template,2026,test_lookalike_3+norm,bongo_1278,1,0.000659
afroxlmr,strip,template,2026,test_lookalike_3+norm,bongo_1285,0,0.000179
afroxlmr,strip,template,2026,test_lookalike_3+norm,bongo_1293,1,0.999833
afroxlmr,strip,template,2026,test_lookalike_3+norm,bongo_1316,0,0.000193
afroxlmr,strip,template,2026,test_lookalike_3+norm,bongo_1327,1,0.000271
afroxlmr,strip,template,2026,test_lookalike_3+norm,bongo_1330,0,0.000212
afroxlmr,strip,template,2026,test_lookalike_3+norm,bongo_1359,0,0.000209
afroxlmr,strip,template,2026,test_lookalike_3+norm,bongo_1375,0,0.000198
afroxlmr,strip,template,2026,test_lookalike_all+norm,bongo_0025,1,0.999820
afroxlmr,strip,template,2026,test_lookalike_all+norm,bongo_0029,0,0.000307
afroxlmr,strip,template,2026,test_lookalike_all+norm,bongo_0039,1,0.999837
afroxlmr,strip,template,2026,test_lookalike_all+norm,bongo_0047,1,0.999831
afroxlmr,strip,template,2026,test_lookalike_all+norm,bongo_0053,0,0.000212
afroxlmr,strip,template,2026,test_lookalike_all+norm,bongo_0055,1,0.000546
afroxlmr,strip,template,2026,test_lookalike_all+norm,bongo_0061,1,0.254703
afroxlmr,strip,template,2026,test_lookalike_all+norm,bongo_0097,0,0.000201
afroxlmr,strip,template,2026,test_lookalike_all+norm,bongo_0107,0,0.000198
afroxlmr,strip,template,2026,test_lookalike_all+norm,bongo_0110,0,0.000238
afroxlmr,strip,template,2026,test_lookalike_all+norm,bongo_0112,1,0.003349
afroxlmr,strip,template,2026,test_lookalike_all+norm,bongo_0115,0,0.000175
afroxlmr,strip,template,2026,test_lookalike_all+norm,bongo_0143,0,0.000203
afroxlmr,strip,template,2026,test_lookalike_all+norm,bongo_0146,1,0.999833
afroxlmr,strip,template,2026,test_lookalike_all+norm,bongo_0154,1,0.999830
afroxlmr,strip,template,2026,test_lookalike_all+norm,bongo_0159,1,0.995923
afroxlmr,strip,template,2026,test_lookalike_all+norm,bongo_0160,0,0.000171
afroxlmr,strip,template,2026,test_lookalike_all+norm,bongo_0172,0,0.000450
afroxlmr,strip,template,2026,test_lookalike_all+norm,bongo_0173,1,0.894924
afroxlmr,strip,template,2026,test_lookalike_all+norm,bongo_0175,0,0.000188
afroxlmr,strip,template,2026,test_lookalike_all+norm,bongo_0182,0,0.000195
afroxlmr,strip,template,2026,test_lookalike_all+norm,bongo_0195,1,0.999826
afroxlmr,strip,template,2026,test_lookalike_all+norm,bongo_0197,0,0.000189
afroxlmr,strip,template,2026,test_lookalike_all+norm,bongo_0201,1,0.999834
afroxlmr,strip,template,2026,test_lookalike_all+norm,bongo_0203,1,0.999812
afroxlmr,strip,template,2026,test_lookalike_all+norm,bongo_0250,1,0.001318
afroxlmr,strip,template,2026,test_lookalike_all+norm,bongo_0253,0,0.000182
afroxlmr,strip,template,2026,test_lookalike_all+norm,bongo_0255,1,0.000523
afroxlmr,strip,template,2026,test_lookalike_all+norm,bongo_0265,1,0.000318
afroxlmr,strip,template,2026,test_lookalike_all+norm,bongo_0271,0,0.000163
afroxlmr,strip,template,2026,test_lookalike_all+norm,bongo_0300,0,0.000181
afroxlmr,strip,template,2026,test_lookalike_all+norm,bongo_0306,0,0.000185
afroxlmr,strip,template,2026,test_lookalike_all+norm,bongo_0356,1,0.000955
afroxlmr,strip,template,2026,test_lookalike_all+norm,bongo_0360,1,0.999836
afroxlmr,strip,template,2026,test_lookalike_all+norm,bongo_0361,1,0.999820
afroxlmr,strip,template,2026,test_lookalike_all+norm,bongo_0363,0,0.000229
afroxlmr,strip,template,2026,test_lookalike_all+norm,bongo_0368,0,0.000176
afroxlmr,strip,template,2026,test_lookalike_all+norm,bongo_0372,0,0.000157
afroxlmr,strip,template,2026,test_lookalike_all+norm,bongo_0380,1,0.001195
afroxlmr,strip,template,2026,test_lookalike_all+norm,bongo_0389,0,0.000169
afroxlmr,strip,template,2026,test_lookalike_all+norm,bongo_0395,0,0.000212
afroxlmr,strip,template,2026,test_lookalike_all+norm,bongo_0405,1,0.999791
afroxlmr,strip,template,2026,test_lookalike_all+norm,bongo_0424,1,0.999837
afroxlmr,strip,template,2026,test_lookalike_all+norm,bongo_0427,0,0.000342
afroxlmr,strip,template,2026,test_lookalike_all+norm,bongo_0434,1,0.142741
afroxlmr,strip,template,2026,test_lookalike_all+norm,bongo_0463,0,0.000256
afroxlmr,strip,template,2026,test_lookalike_all+norm,bongo_0476,1,0.999814
afroxlmr,strip,template,2026,test_lookalike_all+norm,bongo_0510,1,0.999803
afroxlmr,strip,template,2026,test_lookalike_all+norm,bongo_0531,0,0.000218
afroxlmr,strip,template,2026,test_lookalike_all+norm,bongo_0542,0,0.000169
afroxlmr,strip,template,2026,test_lookalike_all+norm,bongo_0545,0,0.000166
afroxlmr,strip,template,2026,test_lookalike_all+norm,bongo_0560,1,0.999839
afroxlmr,strip,template,2026,test_lookalike_all+norm,bongo_0565,1,0.007851
afroxlmr,strip,template,2026,test_lookalike_all+norm,bongo_0566,1,0.999828
afroxlmr,strip,template,2026,test_lookalike_all+norm,bongo_0571,0,0.000245
afroxlmr,strip,template,2026,test_lookalike_all+norm,bongo_0577,1,0.999802
afroxlmr,strip,template,2026,test_lookalike_all+norm,bongo_0580,1,0.999809
afroxlmr,strip,template,2026,test_lookalike_all+norm,bongo_0621,1,0.999791
afroxlmr,strip,template,2026,test_lookalike_all+norm,bongo_0624,1,0.999810
afroxlmr,strip,template,2026,test_lookalike_all+norm,bongo_0630,0,0.000160
afroxlmr,strip,template,2026,test_lookalike_all+norm,bongo_0638,1,0.999824
afroxlmr,strip,template,2026,test_lookalike_all+norm,bongo_0648,0,0.000334
afroxlmr,strip,template,2026,test_lookalike_all+norm,bongo_0674,0,0.000190
afroxlmr,strip,template,2026,test_lookalike_all+norm,bongo_0685,0,0.000203
afroxlmr,strip,template,2026,test_lookalike_all+norm,bongo_0697,1,0.001872
afroxlmr,strip,template,2026,test_lookalike_all+norm,bongo_0701,0,0.000172
afroxlmr,strip,template,2026,test_lookalike_all+norm,bongo_0706,1,0.158261
afroxlmr,strip,template,2026,test_lookalike_all+norm,bongo_0719,1,0.997105
afroxlmr,strip,template,2026,test_lookalike_all+norm,bongo_0721,1,0.999811
afroxlmr,strip,template,2026,test_lookalike_all+norm,bongo_0724,1,0.000624
afroxlmr,strip,template,2026,test_lookalike_all+norm,bongo_0729,1,0.999821
afroxlmr,strip,template,2026,test_lookalike_all+norm,bongo_0741,0,0.000167
afroxlmr,strip,template,2026,test_lookalike_all+norm,bongo_0749,1,0.996641
afroxlmr,strip,template,2026,test_lookalike_all+norm,bongo_0769,1,0.999746
afroxlmr,strip,template,2026,test_lookalike_all+norm,bongo_0770,1,0.000327
afroxlmr,strip,template,2026,test_lookalike_all+norm,bongo_0778,1,0.000348
afroxlmr,strip,template,2026,test_lookalike_all+norm,bongo_0787,1,0.999833
afroxlmr,strip,template,2026,test_lookalike_all+norm,bongo_0795,0,0.000360
afroxlmr,strip,template,2026,test_lookalike_all+norm,bongo_0806,1,0.002519
afroxlmr,strip,template,2026,test_lookalike_all+norm,bongo_0807,1,0.999794
afroxlmr,strip,template,2026,test_lookalike_all+norm,bongo_0818,0,0.000261
afroxlmr,strip,template,2026,test_lookalike_all+norm,bongo_0819,0,0.000202
afroxlmr,strip,template,2026,test_lookalike_all+norm,bongo_0835,0,0.000185
afroxlmr,strip,template,2026,test_lookalike_all+norm,bongo_0840,1,0.999839
afroxlmr,strip,template,2026,test_lookalike_all+norm,bongo_0855,1,0.005540
afroxlmr,strip,template,2026,test_lookalike_all+norm,bongo_0856,0,0.000177
afroxlmr,strip,template,2026,test_lookalike_all+norm,bongo_0864,1,0.999841
afroxlmr,strip,template,2026,test_lookalike_all+norm,bongo_0871,1,0.999833
afroxlmr,strip,template,2026,test_lookalike_all+norm,bongo_0872,0,0.000196
afroxlmr,strip,template,2026,test_lookalike_all+norm,bongo_0904,0,0.000191
afroxlmr,strip,template,2026,test_lookalike_all+norm,bongo_0905,1,0.999836
afroxlmr,strip,template,2026,test_lookalike_all+norm,bongo_0909,1,0.999807
afroxlmr,strip,template,2026,test_lookalike_all+norm,bongo_0917,1,0.000897
afroxlmr,strip,template,2026,test_lookalike_all+norm,bongo_0918,1,0.999811
afroxlmr,strip,template,2026,test_lookalike_all+norm,bongo_0950,0,0.000206
afroxlmr,strip,template,2026,test_lookalike_all+norm,bongo_0955,1,0.999804
afroxlmr,strip,template,2026,test_lookalike_all+norm,bongo_0956,0,0.000184
afroxlmr,strip,template,2026,test_lookalike_all+norm,bongo_0971,0,0.000180
afroxlmr,strip,template,2026,test_lookalike_all+norm,bongo_0983,0,0.000173
afroxlmr,strip,template,2026,test_lookalike_all+norm,bongo_0989,1,0.999831
afroxlmr,strip,template,2026,test_lookalike_all+norm,bongo_0994,0,0.000181
afroxlmr,strip,template,2026,test_lookalike_all+norm,bongo_1003,1,0.999839
afroxlmr,strip,template,2026,test_lookalike_all+norm,bongo_1006,0,0.000178
afroxlmr,strip,template,2026,test_lookalike_all+norm,bongo_1012,1,0.013467
afroxlmr,strip,template,2026,test_lookalike_all+norm,bongo_1015,0,0.000177
afroxlmr,strip,template,2026,test_lookalike_all+norm,bongo_1022,1,0.000767
afroxlmr,strip,template,2026,test_lookalike_all+norm,bongo_1037,0,0.000191
afroxlmr,strip,template,2026,test_lookalike_all+norm,bongo_1040,0,0.000190
afroxlmr,strip,template,2026,test_lookalike_all+norm,bongo_1042,1,0.999793
afroxlmr,strip,template,2026,test_lookalike_all+norm,bongo_1047,1,0.999835
afroxlmr,strip,template,2026,test_lookalike_all+norm,bongo_1050,0,0.000178
afroxlmr,strip,template,2026,test_lookalike_all+norm,bongo_1052,1,0.999812
afroxlmr,strip,template,2026,test_lookalike_all+norm,bongo_1059,0,0.000349
afroxlmr,strip,template,2026,test_lookalike_all+norm,bongo_1071,0,0.000179
afroxlmr,strip,template,2026,test_lookalike_all+norm,bongo_1090,0,0.000246
afroxlmr,strip,template,2026,test_lookalike_all+norm,bongo_1104,1,0.999824
afroxlmr,strip,template,2026,test_lookalike_all+norm,bongo_1115,0,0.000170
afroxlmr,strip,template,2026,test_lookalike_all+norm,bongo_1123,0,0.000159
afroxlmr,strip,template,2026,test_lookalike_all+norm,bongo_1125,0,0.000265
afroxlmr,strip,template,2026,test_lookalike_all+norm,bongo_1127,1,0.170891
afroxlmr,strip,template,2026,test_lookalike_all+norm,bongo_1131,1,0.999790
afroxlmr,strip,template,2026,test_lookalike_all+norm,bongo_1134,1,0.002945
afroxlmr,strip,template,2026,test_lookalike_all+norm,bongo_1135,0,0.000188
afroxlmr,strip,template,2026,test_lookalike_all+norm,bongo_1136,1,0.999833
afroxlmr,strip,template,2026,test_lookalike_all+norm,bongo_1138,1,0.999841
afroxlmr,strip,template,2026,test_lookalike_all+norm,bongo_1140,1,0.999822
afroxlmr,strip,template,2026,test_lookalike_all+norm,bongo_1154,1,0.999832
afroxlmr,strip,template,2026,test_lookalike_all+norm,bongo_1155,0,0.000182
afroxlmr,strip,template,2026,test_lookalike_all+norm,bongo_1171,1,0.999826
afroxlmr,strip,template,2026,test_lookalike_all+norm,bongo_1181,1,0.999811
afroxlmr,strip,template,2026,test_lookalike_all+norm,bongo_1185,1,0.000291
afroxlmr,strip,template,2026,test_lookalike_all+norm,bongo_1194,0,0.000160
afroxlmr,strip,template,2026,test_lookalike_all+norm,bongo_1195,1,0.000752
afroxlmr,strip,template,2026,test_lookalike_all+norm,bongo_1198,0,0.000184
afroxlmr,strip,template,2026,test_lookalike_all+norm,bongo_1204,1,0.000798
afroxlmr,strip,template,2026,test_lookalike_all+norm,bongo_1220,1,0.999829
afroxlmr,strip,template,2026,test_lookalike_all+norm,bongo_1233,1,0.999824
afroxlmr,strip,template,2026,test_lookalike_all+norm,bongo_1236,0,0.000186
afroxlmr,strip,template,2026,test_lookalike_all+norm,bongo_1240,1,0.000596
afroxlmr,strip,template,2026,test_lookalike_all+norm,bongo_1244,0,0.000171
afroxlmr,strip,template,2026,test_lookalike_all+norm,bongo_1249,0,0.000197
afroxlmr,strip,template,2026,test_lookalike_all+norm,bongo_1253,0,0.015056
afroxlmr,strip,template,2026,test_lookalike_all+norm,bongo_1260,0,0.000163
afroxlmr,strip,template,2026,test_lookalike_all+norm,bongo_1262,0,0.000827
afroxlmr,strip,template,2026,test_lookalike_all+norm,bongo_1278,1,0.000659
afroxlmr,strip,template,2026,test_lookalike_all+norm,bongo_1285,0,0.000179
afroxlmr,strip,template,2026,test_lookalike_all+norm,bongo_1293,1,0.999833
afroxlmr,strip,template,2026,test_lookalike_all+norm,bongo_1316,0,0.000193
afroxlmr,strip,template,2026,test_lookalike_all+norm,bongo_1327,1,0.000271
afroxlmr,strip,template,2026,test_lookalike_all+norm,bongo_1330,0,0.000212
afroxlmr,strip,template,2026,test_lookalike_all+norm,bongo_1359,0,0.000209
afroxlmr,strip,template,2026,test_lookalike_all+norm,bongo_1375,0,0.000198
afroxlmr,strip,template,2026,test_structural_1+norm,bongo_0025,1,0.999821
afroxlmr,strip,template,2026,test_structural_1+norm,bongo_0029,0,0.000307
afroxlmr,strip,template,2026,test_structural_1+norm,bongo_0039,1,0.999843
afroxlmr,strip,template,2026,test_structural_1+norm,bongo_0047,1,0.999832
afroxlmr,strip,template,2026,test_structural_1+norm,bongo_0053,0,0.000212
afroxlmr,strip,template,2026,test_structural_1+norm,bongo_0055,1,0.000435
afroxlmr,strip,template,2026,test_structural_1+norm,bongo_0061,1,0.254703
afroxlmr,strip,template,2026,test_structural_1+norm,bongo_0097,0,0.000201
afroxlmr,strip,template,2026,test_structural_1+norm,bongo_0107,0,0.000198
afroxlmr,strip,template,2026,test_structural_1+norm,bongo_0110,0,0.000238
afroxlmr,strip,template,2026,test_structural_1+norm,bongo_0112,1,0.895971
afroxlmr,strip,template,2026,test_structural_1+norm,bongo_0115,0,0.000175
afroxlmr,strip,template,2026,test_structural_1+norm,bongo_0143,0,0.000203
afroxlmr,strip,template,2026,test_structural_1+norm,bongo_0146,1,0.999833
afroxlmr,strip,template,2026,test_structural_1+norm,bongo_0154,1,0.999825
afroxlmr,strip,template,2026,test_structural_1+norm,bongo_0159,1,0.998441
afroxlmr,strip,template,2026,test_structural_1+norm,bongo_0160,0,0.000171
afroxlmr,strip,template,2026,test_structural_1+norm,bongo_0172,0,0.000450
afroxlmr,strip,template,2026,test_structural_1+norm,bongo_0173,1,0.992976
afroxlmr,strip,template,2026,test_structural_1+norm,bongo_0175,0,0.000188
afroxlmr,strip,template,2026,test_structural_1+norm,bongo_0182,0,0.000195
afroxlmr,strip,template,2026,test_structural_1+norm,bongo_0195,1,0.999815
afroxlmr,strip,template,2026,test_structural_1+norm,bongo_0197,0,0.000189
afroxlmr,strip,template,2026,test_structural_1+norm,bongo_0201,1,0.999827
afroxlmr,strip,template,2026,test_structural_1+norm,bongo_0203,1,0.999812
afroxlmr,strip,template,2026,test_structural_1+norm,bongo_0250,1,0.015817
afroxlmr,strip,template,2026,test_structural_1+norm,bongo_0253,0,0.000182
afroxlmr,strip,template,2026,test_structural_1+norm,bongo_0255,1,0.000523
afroxlmr,strip,template,2026,test_structural_1+norm,bongo_0265,1,0.000318
afroxlmr,strip,template,2026,test_structural_1+norm,bongo_0271,0,0.000163
afroxlmr,strip,template,2026,test_structural_1+norm,bongo_0300,0,0.000181
afroxlmr,strip,template,2026,test_structural_1+norm,bongo_0306,0,0.000185
afroxlmr,strip,template,2026,test_structural_1+norm,bongo_0356,1,0.005496
afroxlmr,strip,template,2026,test_structural_1+norm,bongo_0360,1,0.999838
afroxlmr,strip,template,2026,test_structural_1+norm,bongo_0361,1,0.999820
afroxlmr,strip,template,2026,test_structural_1+norm,bongo_0363,0,0.000229
afroxlmr,strip,template,2026,test_structural_1+norm,bongo_0368,0,0.000176
afroxlmr,strip,template,2026,test_structural_1+norm,bongo_0372,0,0.000157
afroxlmr,strip,template,2026,test_structural_1+norm,bongo_0380,1,0.014876
afroxlmr,strip,template,2026,test_structural_1+norm,bongo_0389,0,0.000169
afroxlmr,strip,template,2026,test_structural_1+norm,bongo_0395,0,0.000212
afroxlmr,strip,template,2026,test_structural_1+norm,bongo_0405,1,0.999791
afroxlmr,strip,template,2026,test_structural_1+norm,bongo_0424,1,0.999831
afroxlmr,strip,template,2026,test_structural_1+norm,bongo_0427,0,0.000342
afroxlmr,strip,template,2026,test_structural_1+norm,bongo_0434,1,0.888979
afroxlmr,strip,template,2026,test_structural_1+norm,bongo_0463,0,0.000256
afroxlmr,strip,template,2026,test_structural_1+norm,bongo_0476,1,0.999826
afroxlmr,strip,template,2026,test_structural_1+norm,bongo_0510,1,0.999815
afroxlmr,strip,template,2026,test_structural_1+norm,bongo_0531,0,0.000218
afroxlmr,strip,template,2026,test_structural_1+norm,bongo_0542,0,0.000169
afroxlmr,strip,template,2026,test_structural_1+norm,bongo_0545,0,0.000166
afroxlmr,strip,template,2026,test_structural_1+norm,bongo_0560,1,0.999839
afroxlmr,strip,template,2026,test_structural_1+norm,bongo_0565,1,0.022633
afroxlmr,strip,template,2026,test_structural_1+norm,bongo_0566,1,0.999828
afroxlmr,strip,template,2026,test_structural_1+norm,bongo_0571,0,0.000245
afroxlmr,strip,template,2026,test_structural_1+norm,bongo_0577,1,0.999807
afroxlmr,strip,template,2026,test_structural_1+norm,bongo_0580,1,0.999809
afroxlmr,strip,template,2026,test_structural_1+norm,bongo_0621,1,0.999791
afroxlmr,strip,template,2026,test_structural_1+norm,bongo_0624,1,0.999810
afroxlmr,strip,template,2026,test_structural_1+norm,bongo_0630,0,0.000160
afroxlmr,strip,template,2026,test_structural_1+norm,bongo_0638,1,0.999824
afroxlmr,strip,template,2026,test_structural_1+norm,bongo_0648,0,0.000334
afroxlmr,strip,template,2026,test_structural_1+norm,bongo_0674,0,0.000190
afroxlmr,strip,template,2026,test_structural_1+norm,bongo_0685,0,0.000203
afroxlmr,strip,template,2026,test_structural_1+norm,bongo_0697,1,0.030863
afroxlmr,strip,template,2026,test_structural_1+norm,bongo_0701,0,0.000172
afroxlmr,strip,template,2026,test_structural_1+norm,bongo_0706,1,0.914335
afroxlmr,strip,template,2026,test_structural_1+norm,bongo_0719,1,0.999480
afroxlmr,strip,template,2026,test_structural_1+norm,bongo_0721,1,0.999797
afroxlmr,strip,template,2026,test_structural_1+norm,bongo_0724,1,0.000624
afroxlmr,strip,template,2026,test_structural_1+norm,bongo_0729,1,0.999821
afroxlmr,strip,template,2026,test_structural_1+norm,bongo_0741,0,0.000167
afroxlmr,strip,template,2026,test_structural_1+norm,bongo_0749,1,0.999499
afroxlmr,strip,template,2026,test_structural_1+norm,bongo_0769,1,0.999746
afroxlmr,strip,template,2026,test_structural_1+norm,bongo_0770,1,0.000573
afroxlmr,strip,template,2026,test_structural_1+norm,bongo_0778,1,0.005166
afroxlmr,strip,template,2026,test_structural_1+norm,bongo_0787,1,0.999833
afroxlmr,strip,template,2026,test_structural_1+norm,bongo_0795,0,0.000360
afroxlmr,strip,template,2026,test_structural_1+norm,bongo_0806,1,0.021903
afroxlmr,strip,template,2026,test_structural_1+norm,bongo_0807,1,0.999794
afroxlmr,strip,template,2026,test_structural_1+norm,bongo_0818,0,0.000261
afroxlmr,strip,template,2026,test_structural_1+norm,bongo_0819,0,0.000202
afroxlmr,strip,template,2026,test_structural_1+norm,bongo_0835,0,0.000185
afroxlmr,strip,template,2026,test_structural_1+norm,bongo_0840,1,0.999839
afroxlmr,strip,template,2026,test_structural_1+norm,bongo_0855,1,0.072142
afroxlmr,strip,template,2026,test_structural_1+norm,bongo_0856,0,0.000177
afroxlmr,strip,template,2026,test_structural_1+norm,bongo_0864,1,0.999841
afroxlmr,strip,template,2026,test_structural_1+norm,bongo_0871,1,0.999829
afroxlmr,strip,template,2026,test_structural_1+norm,bongo_0872,0,0.000196
afroxlmr,strip,template,2026,test_structural_1+norm,bongo_0904,0,0.000191
afroxlmr,strip,template,2026,test_structural_1+norm,bongo_0905,1,0.999836
afroxlmr,strip,template,2026,test_structural_1+norm,bongo_0909,1,0.999807
afroxlmr,strip,template,2026,test_structural_1+norm,bongo_0917,1,0.000698
afroxlmr,strip,template,2026,test_structural_1+norm,bongo_0918,1,0.999817
afroxlmr,strip,template,2026,test_structural_1+norm,bongo_0950,0,0.000206
afroxlmr,strip,template,2026,test_structural_1+norm,bongo_0955,1,0.999811
afroxlmr,strip,template,2026,test_structural_1+norm,bongo_0956,0,0.000184
afroxlmr,strip,template,2026,test_structural_1+norm,bongo_0971,0,0.000180
afroxlmr,strip,template,2026,test_structural_1+norm,bongo_0983,0,0.000173
afroxlmr,strip,template,2026,test_structural_1+norm,bongo_0989,1,0.999835
afroxlmr,strip,template,2026,test_structural_1+norm,bongo_0994,0,0.000181
afroxlmr,strip,template,2026,test_structural_1+norm,bongo_1003,1,0.999839
afroxlmr,strip,template,2026,test_structural_1+norm,bongo_1006,0,0.000178
afroxlmr,strip,template,2026,test_structural_1+norm,bongo_1012,1,0.001585
afroxlmr,strip,template,2026,test_structural_1+norm,bongo_1015,0,0.000177
afroxlmr,strip,template,2026,test_structural_1+norm,bongo_1022,1,0.000972
afroxlmr,strip,template,2026,test_structural_1+norm,bongo_1037,0,0.000191
afroxlmr,strip,template,2026,test_structural_1+norm,bongo_1040,0,0.000190
afroxlmr,strip,template,2026,test_structural_1+norm,bongo_1042,1,0.999824
afroxlmr,strip,template,2026,test_structural_1+norm,bongo_1047,1,0.999835
afroxlmr,strip,template,2026,test_structural_1+norm,bongo_1050,0,0.000178
afroxlmr,strip,template,2026,test_structural_1+norm,bongo_1052,1,0.999812
afroxlmr,strip,template,2026,test_structural_1+norm,bongo_1059,0,0.000349
afroxlmr,strip,template,2026,test_structural_1+norm,bongo_1071,0,0.000179
afroxlmr,strip,template,2026,test_structural_1+norm,bongo_1090,0,0.000246
afroxlmr,strip,template,2026,test_structural_1+norm,bongo_1104,1,0.999824
afroxlmr,strip,template,2026,test_structural_1+norm,bongo_1115,0,0.000170
afroxlmr,strip,template,2026,test_structural_1+norm,bongo_1123,0,0.000159
afroxlmr,strip,template,2026,test_structural_1+norm,bongo_1125,0,0.000265
afroxlmr,strip,template,2026,test_structural_1+norm,bongo_1127,1,0.899666
afroxlmr,strip,template,2026,test_structural_1+norm,bongo_1131,1,0.999790
afroxlmr,strip,template,2026,test_structural_1+norm,bongo_1134,1,0.002945
afroxlmr,strip,template,2026,test_structural_1+norm,bongo_1135,0,0.000188
afroxlmr,strip,template,2026,test_structural_1+norm,bongo_1136,1,0.999831
afroxlmr,strip,template,2026,test_structural_1+norm,bongo_1138,1,0.999841
afroxlmr,strip,template,2026,test_structural_1+norm,bongo_1140,1,0.999822
afroxlmr,strip,template,2026,test_structural_1+norm,bongo_1154,1,0.999831
afroxlmr,strip,template,2026,test_structural_1+norm,bongo_1155,0,0.000182
afroxlmr,strip,template,2026,test_structural_1+norm,bongo_1171,1,0.999826
afroxlmr,strip,template,2026,test_structural_1+norm,bongo_1181,1,0.999826
afroxlmr,strip,template,2026,test_structural_1+norm,bongo_1185,1,0.000311
afroxlmr,strip,template,2026,test_structural_1+norm,bongo_1194,0,0.000160
afroxlmr,strip,template,2026,test_structural_1+norm,bongo_1195,1,0.000615
afroxlmr,strip,template,2026,test_structural_1+norm,bongo_1198,0,0.000184
afroxlmr,strip,template,2026,test_structural_1+norm,bongo_1204,1,0.410563
afroxlmr,strip,template,2026,test_structural_1+norm,bongo_1220,1,0.999839
afroxlmr,strip,template,2026,test_structural_1+norm,bongo_1233,1,0.999826
afroxlmr,strip,template,2026,test_structural_1+norm,bongo_1236,0,0.000186
afroxlmr,strip,template,2026,test_structural_1+norm,bongo_1240,1,0.000596
afroxlmr,strip,template,2026,test_structural_1+norm,bongo_1244,0,0.000171
afroxlmr,strip,template,2026,test_structural_1+norm,bongo_1249,0,0.000197
afroxlmr,strip,template,2026,test_structural_1+norm,bongo_1253,0,0.015056
afroxlmr,strip,template,2026,test_structural_1+norm,bongo_1260,0,0.000163
afroxlmr,strip,template,2026,test_structural_1+norm,bongo_1262,0,0.000827
afroxlmr,strip,template,2026,test_structural_1+norm,bongo_1278,1,0.000659
afroxlmr,strip,template,2026,test_structural_1+norm,bongo_1285,0,0.000179
afroxlmr,strip,template,2026,test_structural_1+norm,bongo_1293,1,0.999833
afroxlmr,strip,template,2026,test_structural_1+norm,bongo_1316,0,0.000193
afroxlmr,strip,template,2026,test_structural_1+norm,bongo_1327,1,0.000271
afroxlmr,strip,template,2026,test_structural_1+norm,bongo_1330,0,0.000212
afroxlmr,strip,template,2026,test_structural_1+norm,bongo_1359,0,0.000209
afroxlmr,strip,template,2026,test_structural_1+norm,bongo_1375,0,0.000198
afroxlmr,strip,template,2026,test_structural_3+norm,bongo_0025,1,0.999821
afroxlmr,strip,template,2026,test_structural_3+norm,bongo_0029,0,0.000307
afroxlmr,strip,template,2026,test_structural_3+norm,bongo_0039,1,0.999835
afroxlmr,strip,template,2026,test_structural_3+norm,bongo_0047,1,0.999832
afroxlmr,strip,template,2026,test_structural_3+norm,bongo_0053,0,0.000212
afroxlmr,strip,template,2026,test_structural_3+norm,bongo_0055,1,0.000559
afroxlmr,strip,template,2026,test_structural_3+norm,bongo_0061,1,0.961982
afroxlmr,strip,template,2026,test_structural_3+norm,bongo_0097,0,0.000201
afroxlmr,strip,template,2026,test_structural_3+norm,bongo_0107,0,0.000198
afroxlmr,strip,template,2026,test_structural_3+norm,bongo_0110,0,0.000238
afroxlmr,strip,template,2026,test_structural_3+norm,bongo_0112,1,0.031031
afroxlmr,strip,template,2026,test_structural_3+norm,bongo_0115,0,0.000175
afroxlmr,strip,template,2026,test_structural_3+norm,bongo_0143,0,0.000203
afroxlmr,strip,template,2026,test_structural_3+norm,bongo_0146,1,0.999839
afroxlmr,strip,template,2026,test_structural_3+norm,bongo_0154,1,0.999815
afroxlmr,strip,template,2026,test_structural_3+norm,bongo_0159,1,0.999435
afroxlmr,strip,template,2026,test_structural_3+norm,bongo_0160,0,0.000171
afroxlmr,strip,template,2026,test_structural_3+norm,bongo_0172,0,0.000450
afroxlmr,strip,template,2026,test_structural_3+norm,bongo_0173,1,0.994649
afroxlmr,strip,template,2026,test_structural_3+norm,bongo_0175,0,0.000188
afroxlmr,strip,template,2026,test_structural_3+norm,bongo_0182,0,0.000195
afroxlmr,strip,template,2026,test_structural_3+norm,bongo_0195,1,0.999831
afroxlmr,strip,template,2026,test_structural_3+norm,bongo_0197,0,0.000189
afroxlmr,strip,template,2026,test_structural_3+norm,bongo_0201,1,0.999831
afroxlmr,strip,template,2026,test_structural_3+norm,bongo_0203,1,0.999807
afroxlmr,strip,template,2026,test_structural_3+norm,bongo_0250,1,0.015817
afroxlmr,strip,template,2026,test_structural_3+norm,bongo_0253,0,0.000182
afroxlmr,strip,template,2026,test_structural_3+norm,bongo_0255,1,0.001747
afroxlmr,strip,template,2026,test_structural_3+norm,bongo_0265,1,0.000363
afroxlmr,strip,template,2026,test_structural_3+norm,bongo_0271,0,0.000163
afroxlmr,strip,template,2026,test_structural_3+norm,bongo_0300,0,0.000181
afroxlmr,strip,template,2026,test_structural_3+norm,bongo_0306,0,0.000185
afroxlmr,strip,template,2026,test_structural_3+norm,bongo_0356,1,0.005496
afroxlmr,strip,template,2026,test_structural_3+norm,bongo_0360,1,0.999841
afroxlmr,strip,template,2026,test_structural_3+norm,bongo_0361,1,0.999734
afroxlmr,strip,template,2026,test_structural_3+norm,bongo_0363,0,0.000229
afroxlmr,strip,template,2026,test_structural_3+norm,bongo_0368,0,0.000176
afroxlmr,strip,template,2026,test_structural_3+norm,bongo_0372,0,0.000157
afroxlmr,strip,template,2026,test_structural_3+norm,bongo_0380,1,0.077457
afroxlmr,strip,template,2026,test_structural_3+norm,bongo_0389,0,0.000169
afroxlmr,strip,template,2026,test_structural_3+norm,bongo_0395,0,0.000212
afroxlmr,strip,template,2026,test_structural_3+norm,bongo_0405,1,0.999762
afroxlmr,strip,template,2026,test_structural_3+norm,bongo_0424,1,0.999831
afroxlmr,strip,template,2026,test_structural_3+norm,bongo_0427,0,0.000342
afroxlmr,strip,template,2026,test_structural_3+norm,bongo_0434,1,0.695568
afroxlmr,strip,template,2026,test_structural_3+norm,bongo_0463,0,0.000256
afroxlmr,strip,template,2026,test_structural_3+norm,bongo_0476,1,0.999817
afroxlmr,strip,template,2026,test_structural_3+norm,bongo_0510,1,0.999813
afroxlmr,strip,template,2026,test_structural_3+norm,bongo_0531,0,0.000218
afroxlmr,strip,template,2026,test_structural_3+norm,bongo_0542,0,0.000169
afroxlmr,strip,template,2026,test_structural_3+norm,bongo_0545,0,0.000166
afroxlmr,strip,template,2026,test_structural_3+norm,bongo_0560,1,0.999837
afroxlmr,strip,template,2026,test_structural_3+norm,bongo_0565,1,0.011794
afroxlmr,strip,template,2026,test_structural_3+norm,bongo_0566,1,0.999828
afroxlmr,strip,template,2026,test_structural_3+norm,bongo_0571,0,0.000245
afroxlmr,strip,template,2026,test_structural_3+norm,bongo_0577,1,0.999819
afroxlmr,strip,template,2026,test_structural_3+norm,bongo_0580,1,0.999801
afroxlmr,strip,template,2026,test_structural_3+norm,bongo_0621,1,0.999794
afroxlmr,strip,template,2026,test_structural_3+norm,bongo_0624,1,0.999809
afroxlmr,strip,template,2026,test_structural_3+norm,bongo_0630,0,0.000160
afroxlmr,strip,template,2026,test_structural_3+norm,bongo_0638,1,0.999831
afroxlmr,strip,template,2026,test_structural_3+norm,bongo_0648,0,0.000334
afroxlmr,strip,template,2026,test_structural_3+norm,bongo_0674,0,0.000190
afroxlmr,strip,template,2026,test_structural_3+norm,bongo_0685,0,0.000203
afroxlmr,strip,template,2026,test_structural_3+norm,bongo_0697,1,0.932267
afroxlmr,strip,template,2026,test_structural_3+norm,bongo_0701,0,0.000172
afroxlmr,strip,template,2026,test_structural_3+norm,bongo_0706,1,0.042956
afroxlmr,strip,template,2026,test_structural_3+norm,bongo_0719,1,0.998633
afroxlmr,strip,template,2026,test_structural_3+norm,bongo_0721,1,0.999792
afroxlmr,strip,template,2026,test_structural_3+norm,bongo_0724,1,0.001769
afroxlmr,strip,template,2026,test_structural_3+norm,bongo_0729,1,0.999828
afroxlmr,strip,template,2026,test_structural_3+norm,bongo_0741,0,0.000167
afroxlmr,strip,template,2026,test_structural_3+norm,bongo_0749,1,0.998454
afroxlmr,strip,template,2026,test_structural_3+norm,bongo_0769,1,0.999746
afroxlmr,strip,template,2026,test_structural_3+norm,bongo_0770,1,0.007703
afroxlmr,strip,template,2026,test_structural_3+norm,bongo_0778,1,0.000614
afroxlmr,strip,template,2026,test_structural_3+norm,bongo_0787,1,0.999833
afroxlmr,strip,template,2026,test_structural_3+norm,bongo_0795,0,0.000360
afroxlmr,strip,template,2026,test_structural_3+norm,bongo_0806,1,0.194791
afroxlmr,strip,template,2026,test_structural_3+norm,bongo_0807,1,0.999811
afroxlmr,strip,template,2026,test_structural_3+norm,bongo_0818,0,0.000261
afroxlmr,strip,template,2026,test_structural_3+norm,bongo_0819,0,0.000202
afroxlmr,strip,template,2026,test_structural_3+norm,bongo_0835,0,0.000185
afroxlmr,strip,template,2026,test_structural_3+norm,bongo_0840,1,0.999839
afroxlmr,strip,template,2026,test_structural_3+norm,bongo_0855,1,0.474289
afroxlmr,strip,template,2026,test_structural_3+norm,bongo_0856,0,0.000177
afroxlmr,strip,template,2026,test_structural_3+norm,bongo_0864,1,0.999841
afroxlmr,strip,template,2026,test_structural_3+norm,bongo_0871,1,0.999829
afroxlmr,strip,template,2026,test_structural_3+norm,bongo_0872,0,0.000196
afroxlmr,strip,template,2026,test_structural_3+norm,bongo_0904,0,0.000191
afroxlmr,strip,template,2026,test_structural_3+norm,bongo_0905,1,0.999833
afroxlmr,strip,template,2026,test_structural_3+norm,bongo_0909,1,0.999807
afroxlmr,strip,template,2026,test_structural_3+norm,bongo_0917,1,0.000543
afroxlmr,strip,template,2026,test_structural_3+norm,bongo_0918,1,0.999811
afroxlmr,strip,template,2026,test_structural_3+norm,bongo_0950,0,0.000206
afroxlmr,strip,template,2026,test_structural_3+norm,bongo_0955,1,0.999806
afroxlmr,strip,template,2026,test_structural_3+norm,bongo_0956,0,0.000184
afroxlmr,strip,template,2026,test_structural_3+norm,bongo_0971,0,0.000180
afroxlmr,strip,template,2026,test_structural_3+norm,bongo_0983,0,0.000173
afroxlmr,strip,template,2026,test_structural_3+norm,bongo_0989,1,0.999826
afroxlmr,strip,template,2026,test_structural_3+norm,bongo_0994,0,0.000181
afroxlmr,strip,template,2026,test_structural_3+norm,bongo_1003,1,0.999838
afroxlmr,strip,template,2026,test_structural_3+norm,bongo_1006,0,0.000178
afroxlmr,strip,template,2026,test_structural_3+norm,bongo_1012,1,0.004808
afroxlmr,strip,template,2026,test_structural_3+norm,bongo_1015,0,0.000177
afroxlmr,strip,template,2026,test_structural_3+norm,bongo_1022,1,0.011746
afroxlmr,strip,template,2026,test_structural_3+norm,bongo_1037,0,0.000191
afroxlmr,strip,template,2026,test_structural_3+norm,bongo_1040,0,0.000190
afroxlmr,strip,template,2026,test_structural_3+norm,bongo_1042,1,0.999793
afroxlmr,strip,template,2026,test_structural_3+norm,bongo_1047,1,0.999835
afroxlmr,strip,template,2026,test_structural_3+norm,bongo_1050,0,0.000178
afroxlmr,strip,template,2026,test_structural_3+norm,bongo_1052,1,0.999812
afroxlmr,strip,template,2026,test_structural_3+norm,bongo_1059,0,0.000349
afroxlmr,strip,template,2026,test_structural_3+norm,bongo_1071,0,0.000179
afroxlmr,strip,template,2026,test_structural_3+norm,bongo_1090,0,0.000246
afroxlmr,strip,template,2026,test_structural_3+norm,bongo_1104,1,0.999824
afroxlmr,strip,template,2026,test_structural_3+norm,bongo_1115,0,0.000170
afroxlmr,strip,template,2026,test_structural_3+norm,bongo_1123,0,0.000159
afroxlmr,strip,template,2026,test_structural_3+norm,bongo_1125,0,0.000265
afroxlmr,strip,template,2026,test_structural_3+norm,bongo_1127,1,0.124323
afroxlmr,strip,template,2026,test_structural_3+norm,bongo_1131,1,0.999777
afroxlmr,strip,template,2026,test_structural_3+norm,bongo_1134,1,0.004049
afroxlmr,strip,template,2026,test_structural_3+norm,bongo_1135,0,0.000188
afroxlmr,strip,template,2026,test_structural_3+norm,bongo_1136,1,0.999834
afroxlmr,strip,template,2026,test_structural_3+norm,bongo_1138,1,0.999838
afroxlmr,strip,template,2026,test_structural_3+norm,bongo_1140,1,0.999822
afroxlmr,strip,template,2026,test_structural_3+norm,bongo_1154,1,0.999831
afroxlmr,strip,template,2026,test_structural_3+norm,bongo_1155,0,0.000182
afroxlmr,strip,template,2026,test_structural_3+norm,bongo_1171,1,0.999821
afroxlmr,strip,template,2026,test_structural_3+norm,bongo_1181,1,0.999828
afroxlmr,strip,template,2026,test_structural_3+norm,bongo_1185,1,0.000296
afroxlmr,strip,template,2026,test_structural_3+norm,bongo_1194,0,0.000160
afroxlmr,strip,template,2026,test_structural_3+norm,bongo_1195,1,0.000615
afroxlmr,strip,template,2026,test_structural_3+norm,bongo_1198,0,0.000184
afroxlmr,strip,template,2026,test_structural_3+norm,bongo_1204,1,0.003546
afroxlmr,strip,template,2026,test_structural_3+norm,bongo_1220,1,0.999832
afroxlmr,strip,template,2026,test_structural_3+norm,bongo_1233,1,0.999827
afroxlmr,strip,template,2026,test_structural_3+norm,bongo_1236,0,0.000186
afroxlmr,strip,template,2026,test_structural_3+norm,bongo_1240,1,0.000570
afroxlmr,strip,template,2026,test_structural_3+norm,bongo_1244,0,0.000171
afroxlmr,strip,template,2026,test_structural_3+norm,bongo_1249,0,0.000197
afroxlmr,strip,template,2026,test_structural_3+norm,bongo_1253,0,0.015056
afroxlmr,strip,template,2026,test_structural_3+norm,bongo_1260,0,0.000163
afroxlmr,strip,template,2026,test_structural_3+norm,bongo_1262,0,0.000827
afroxlmr,strip,template,2026,test_structural_3+norm,bongo_1278,1,0.003199
afroxlmr,strip,template,2026,test_structural_3+norm,bongo_1285,0,0.000179
afroxlmr,strip,template,2026,test_structural_3+norm,bongo_1293,1,0.999829
afroxlmr,strip,template,2026,test_structural_3+norm,bongo_1316,0,0.000193
afroxlmr,strip,template,2026,test_structural_3+norm,bongo_1327,1,0.000269
afroxlmr,strip,template,2026,test_structural_3+norm,bongo_1330,0,0.000212
afroxlmr,strip,template,2026,test_structural_3+norm,bongo_1359,0,0.000209
afroxlmr,strip,template,2026,test_structural_3+norm,bongo_1375,0,0.000198
afroxlmr,strip,template,2026,test_structural_all+norm,bongo_0025,1,0.999828
afroxlmr,strip,template,2026,test_structural_all+norm,bongo_0029,0,0.000307
afroxlmr,strip,template,2026,test_structural_all+norm,bongo_0039,1,0.999837
afroxlmr,strip,template,2026,test_structural_all+norm,bongo_0047,1,0.999816
afroxlmr,strip,template,2026,test_structural_all+norm,bongo_0053,0,0.000212
afroxlmr,strip,template,2026,test_structural_all+norm,bongo_0055,1,0.617164
afroxlmr,strip,template,2026,test_structural_all+norm,bongo_0061,1,0.998788
afroxlmr,strip,template,2026,test_structural_all+norm,bongo_0097,0,0.000201
afroxlmr,strip,template,2026,test_structural_all+norm,bongo_0107,0,0.000198
afroxlmr,strip,template,2026,test_structural_all+norm,bongo_0110,0,0.000238
afroxlmr,strip,template,2026,test_structural_all+norm,bongo_0112,1,0.999491
afroxlmr,strip,template,2026,test_structural_all+norm,bongo_0115,0,0.000175
afroxlmr,strip,template,2026,test_structural_all+norm,bongo_0143,0,0.000203
afroxlmr,strip,template,2026,test_structural_all+norm,bongo_0146,1,0.999833
afroxlmr,strip,template,2026,test_structural_all+norm,bongo_0154,1,0.999803
afroxlmr,strip,template,2026,test_structural_all+norm,bongo_0159,1,0.315942
afroxlmr,strip,template,2026,test_structural_all+norm,bongo_0160,0,0.000171
afroxlmr,strip,template,2026,test_structural_all+norm,bongo_0172,0,0.000450
afroxlmr,strip,template,2026,test_structural_all+norm,bongo_0173,1,0.928573
afroxlmr,strip,template,2026,test_structural_all+norm,bongo_0175,0,0.000188
afroxlmr,strip,template,2026,test_structural_all+norm,bongo_0182,0,0.000195
afroxlmr,strip,template,2026,test_structural_all+norm,bongo_0195,1,0.999827
afroxlmr,strip,template,2026,test_structural_all+norm,bongo_0197,0,0.000189
afroxlmr,strip,template,2026,test_structural_all+norm,bongo_0201,1,0.999824
afroxlmr,strip,template,2026,test_structural_all+norm,bongo_0203,1,0.999805
afroxlmr,strip,template,2026,test_structural_all+norm,bongo_0250,1,0.999639
afroxlmr,strip,template,2026,test_structural_all+norm,bongo_0253,0,0.000182
afroxlmr,strip,template,2026,test_structural_all+norm,bongo_0255,1,0.996833
afroxlmr,strip,template,2026,test_structural_all+norm,bongo_0265,1,0.015253
afroxlmr,strip,template,2026,test_structural_all+norm,bongo_0271,0,0.000163
afroxlmr,strip,template,2026,test_structural_all+norm,bongo_0300,0,0.000181
afroxlmr,strip,template,2026,test_structural_all+norm,bongo_0306,0,0.000185
afroxlmr,strip,template,2026,test_structural_all+norm,bongo_0356,1,0.989814
afroxlmr,strip,template,2026,test_structural_all+norm,bongo_0360,1,0.999829
afroxlmr,strip,template,2026,test_structural_all+norm,bongo_0361,1,0.999818
afroxlmr,strip,template,2026,test_structural_all+norm,bongo_0363,0,0.000229
afroxlmr,strip,template,2026,test_structural_all+norm,bongo_0368,0,0.000176
afroxlmr,strip,template,2026,test_structural_all+norm,bongo_0372,0,0.000157
afroxlmr,strip,template,2026,test_structural_all+norm,bongo_0380,1,0.999150
afroxlmr,strip,template,2026,test_structural_all+norm,bongo_0389,0,0.000169
afroxlmr,strip,template,2026,test_structural_all+norm,bongo_0395,0,0.000212
afroxlmr,strip,template,2026,test_structural_all+norm,bongo_0405,1,0.999785
afroxlmr,strip,template,2026,test_structural_all+norm,bongo_0424,1,0.999832
afroxlmr,strip,template,2026,test_structural_all+norm,bongo_0427,0,0.000342
afroxlmr,strip,template,2026,test_structural_all+norm,bongo_0434,1,0.999074
afroxlmr,strip,template,2026,test_structural_all+norm,bongo_0463,0,0.000256
afroxlmr,strip,template,2026,test_structural_all+norm,bongo_0476,1,0.999819
afroxlmr,strip,template,2026,test_structural_all+norm,bongo_0510,1,0.999810
afroxlmr,strip,template,2026,test_structural_all+norm,bongo_0531,0,0.000218
afroxlmr,strip,template,2026,test_structural_all+norm,bongo_0542,0,0.000169
afroxlmr,strip,template,2026,test_structural_all+norm,bongo_0545,0,0.000166
afroxlmr,strip,template,2026,test_structural_all+norm,bongo_0560,1,0.999834
afroxlmr,strip,template,2026,test_structural_all+norm,bongo_0565,1,0.999676
afroxlmr,strip,template,2026,test_structural_all+norm,bongo_0566,1,0.999830
afroxlmr,strip,template,2026,test_structural_all+norm,bongo_0571,0,0.000245
afroxlmr,strip,template,2026,test_structural_all+norm,bongo_0577,1,0.999824
afroxlmr,strip,template,2026,test_structural_all+norm,bongo_0580,1,0.999817
afroxlmr,strip,template,2026,test_structural_all+norm,bongo_0621,1,0.999797
afroxlmr,strip,template,2026,test_structural_all+norm,bongo_0624,1,0.999828
afroxlmr,strip,template,2026,test_structural_all+norm,bongo_0630,0,0.000160
afroxlmr,strip,template,2026,test_structural_all+norm,bongo_0638,1,0.999827
afroxlmr,strip,template,2026,test_structural_all+norm,bongo_0648,0,0.000334
afroxlmr,strip,template,2026,test_structural_all+norm,bongo_0674,0,0.000190
afroxlmr,strip,template,2026,test_structural_all+norm,bongo_0685,0,0.000203
afroxlmr,strip,template,2026,test_structural_all+norm,bongo_0697,1,0.999584
afroxlmr,strip,template,2026,test_structural_all+norm,bongo_0701,0,0.000172
afroxlmr,strip,template,2026,test_structural_all+norm,bongo_0706,1,0.999055
afroxlmr,strip,template,2026,test_structural_all+norm,bongo_0719,1,0.999101
afroxlmr,strip,template,2026,test_structural_all+norm,bongo_0721,1,0.999790
afroxlmr,strip,template,2026,test_structural_all+norm,bongo_0724,1,0.010869
afroxlmr,strip,template,2026,test_structural_all+norm,bongo_0729,1,0.999827
afroxlmr,strip,template,2026,test_structural_all+norm,bongo_0741,0,0.000167
afroxlmr,strip,template,2026,test_structural_all+norm,bongo_0749,1,0.999652
afroxlmr,strip,template,2026,test_structural_all+norm,bongo_0769,1,0.999812
afroxlmr,strip,template,2026,test_structural_all+norm,bongo_0770,1,0.996897
afroxlmr,strip,template,2026,test_structural_all+norm,bongo_0778,1,0.999427
afroxlmr,strip,template,2026,test_structural_all+norm,bongo_0787,1,0.999834
afroxlmr,strip,template,2026,test_structural_all+norm,bongo_0795,0,0.000360
afroxlmr,strip,template,2026,test_structural_all+norm,bongo_0806,1,0.020985
afroxlmr,strip,template,2026,test_structural_all+norm,bongo_0807,1,0.999805
afroxlmr,strip,template,2026,test_structural_all+norm,bongo_0818,0,0.000261
afroxlmr,strip,template,2026,test_structural_all+norm,bongo_0819,0,0.000202
afroxlmr,strip,template,2026,test_structural_all+norm,bongo_0835,0,0.000185
afroxlmr,strip,template,2026,test_structural_all+norm,bongo_0840,1,0.999834
afroxlmr,strip,template,2026,test_structural_all+norm,bongo_0855,1,0.988827
afroxlmr,strip,template,2026,test_structural_all+norm,bongo_0856,0,0.000177
afroxlmr,strip,template,2026,test_structural_all+norm,bongo_0864,1,0.999838
afroxlmr,strip,template,2026,test_structural_all+norm,bongo_0871,1,0.999836
afroxlmr,strip,template,2026,test_structural_all+norm,bongo_0872,0,0.000196
afroxlmr,strip,template,2026,test_structural_all+norm,bongo_0904,0,0.000191
afroxlmr,strip,template,2026,test_structural_all+norm,bongo_0905,1,0.999837
afroxlmr,strip,template,2026,test_structural_all+norm,bongo_0909,1,0.999829
afroxlmr,strip,template,2026,test_structural_all+norm,bongo_0917,1,0.398194
afroxlmr,strip,template,2026,test_structural_all+norm,bongo_0918,1,0.999831
afroxlmr,strip,template,2026,test_structural_all+norm,bongo_0950,0,0.000206
afroxlmr,strip,template,2026,test_structural_all+norm,bongo_0955,1,0.999808
afroxlmr,strip,template,2026,test_structural_all+norm,bongo_0956,0,0.000184
afroxlmr,strip,template,2026,test_structural_all+norm,bongo_0971,0,0.000180
afroxlmr,strip,template,2026,test_structural_all+norm,bongo_0983,0,0.000173
afroxlmr,strip,template,2026,test_structural_all+norm,bongo_0989,1,0.999829
afroxlmr,strip,template,2026,test_structural_all+norm,bongo_0994,0,0.000181
afroxlmr,strip,template,2026,test_structural_all+norm,bongo_1003,1,0.999832
afroxlmr,strip,template,2026,test_structural_all+norm,bongo_1006,0,0.000178
afroxlmr,strip,template,2026,test_structural_all+norm,bongo_1012,1,0.998650
afroxlmr,strip,template,2026,test_structural_all+norm,bongo_1015,0,0.000177
afroxlmr,strip,template,2026,test_structural_all+norm,bongo_1022,1,0.998164
afroxlmr,strip,template,2026,test_structural_all+norm,bongo_1037,0,0.000191
afroxlmr,strip,template,2026,test_structural_all+norm,bongo_1040,0,0.000190
afroxlmr,strip,template,2026,test_structural_all+norm,bongo_1042,1,0.999801
afroxlmr,strip,template,2026,test_structural_all+norm,bongo_1047,1,0.999835
afroxlmr,strip,template,2026,test_structural_all+norm,bongo_1050,0,0.000178
afroxlmr,strip,template,2026,test_structural_all+norm,bongo_1052,1,0.999808
afroxlmr,strip,template,2026,test_structural_all+norm,bongo_1059,0,0.000349
afroxlmr,strip,template,2026,test_structural_all+norm,bongo_1071,0,0.000179
afroxlmr,strip,template,2026,test_structural_all+norm,bongo_1090,0,0.000246
afroxlmr,strip,template,2026,test_structural_all+norm,bongo_1104,1,0.999828
afroxlmr,strip,template,2026,test_structural_all+norm,bongo_1115,0,0.000170
afroxlmr,strip,template,2026,test_structural_all+norm,bongo_1123,0,0.000159
afroxlmr,strip,template,2026,test_structural_all+norm,bongo_1125,0,0.000265
afroxlmr,strip,template,2026,test_structural_all+norm,bongo_1127,1,0.999280
afroxlmr,strip,template,2026,test_structural_all+norm,bongo_1131,1,0.999777
afroxlmr,strip,template,2026,test_structural_all+norm,bongo_1134,1,0.927766
afroxlmr,strip,template,2026,test_structural_all+norm,bongo_1135,0,0.000188
afroxlmr,strip,template,2026,test_structural_all+norm,bongo_1136,1,0.999831
afroxlmr,strip,template,2026,test_structural_all+norm,bongo_1138,1,0.999836
afroxlmr,strip,template,2026,test_structural_all+norm,bongo_1140,1,0.999830
afroxlmr,strip,template,2026,test_structural_all+norm,bongo_1154,1,0.999831
afroxlmr,strip,template,2026,test_structural_all+norm,bongo_1155,0,0.000182
afroxlmr,strip,template,2026,test_structural_all+norm,bongo_1171,1,0.999827
afroxlmr,strip,template,2026,test_structural_all+norm,bongo_1181,1,0.999824
afroxlmr,strip,template,2026,test_structural_all+norm,bongo_1185,1,0.986199
afroxlmr,strip,template,2026,test_structural_all+norm,bongo_1194,0,0.000160
afroxlmr,strip,template,2026,test_structural_all+norm,bongo_1195,1,0.994793
afroxlmr,strip,template,2026,test_structural_all+norm,bongo_1198,0,0.000184
afroxlmr,strip,template,2026,test_structural_all+norm,bongo_1204,1,0.997713
afroxlmr,strip,template,2026,test_structural_all+norm,bongo_1220,1,0.999834
afroxlmr,strip,template,2026,test_structural_all+norm,bongo_1233,1,0.999785
afroxlmr,strip,template,2026,test_structural_all+norm,bongo_1236,0,0.000186
afroxlmr,strip,template,2026,test_structural_all+norm,bongo_1240,1,0.999386
afroxlmr,strip,template,2026,test_structural_all+norm,bongo_1244,0,0.000171
afroxlmr,strip,template,2026,test_structural_all+norm,bongo_1249,0,0.000197
afroxlmr,strip,template,2026,test_structural_all+norm,bongo_1253,0,0.015056
afroxlmr,strip,template,2026,test_structural_all+norm,bongo_1260,0,0.000163
afroxlmr,strip,template,2026,test_structural_all+norm,bongo_1262,0,0.000827
afroxlmr,strip,template,2026,test_structural_all+norm,bongo_1278,1,0.013982
afroxlmr,strip,template,2026,test_structural_all+norm,bongo_1285,0,0.000179
afroxlmr,strip,template,2026,test_structural_all+norm,bongo_1293,1,0.999822
afroxlmr,strip,template,2026,test_structural_all+norm,bongo_1316,0,0.000193
afroxlmr,strip,template,2026,test_structural_all+norm,bongo_1327,1,0.980077
afroxlmr,strip,template,2026,test_structural_all+norm,bongo_1330,0,0.000212
afroxlmr,strip,template,2026,test_structural_all+norm,bongo_1359,0,0.000209
afroxlmr,strip,template,2026,test_structural_all+norm,bongo_1375,0,0.000198
afroxlmr,strip,template,2026,test_codeswitch_1+norm,bongo_0025,1,0.999824
afroxlmr,strip,template,2026,test_codeswitch_1+norm,bongo_0029,0,0.000307
afroxlmr,strip,template,2026,test_codeswitch_1+norm,bongo_0039,1,0.999839
afroxlmr,strip,template,2026,test_codeswitch_1+norm,bongo_0047,1,0.999828
afroxlmr,strip,template,2026,test_codeswitch_1+norm,bongo_0053,0,0.000212
afroxlmr,strip,template,2026,test_codeswitch_1+norm,bongo_0055,1,0.000298
afroxlmr,strip,template,2026,test_codeswitch_1+norm,bongo_0061,1,0.254703
afroxlmr,strip,template,2026,test_codeswitch_1+norm,bongo_0097,0,0.000201
afroxlmr,strip,template,2026,test_codeswitch_1+norm,bongo_0107,0,0.000198
afroxlmr,strip,template,2026,test_codeswitch_1+norm,bongo_0110,0,0.000238
afroxlmr,strip,template,2026,test_codeswitch_1+norm,bongo_0112,1,0.001981
afroxlmr,strip,template,2026,test_codeswitch_1+norm,bongo_0115,0,0.000175
afroxlmr,strip,template,2026,test_codeswitch_1+norm,bongo_0143,0,0.000203
afroxlmr,strip,template,2026,test_codeswitch_1+norm,bongo_0146,1,0.999826
afroxlmr,strip,template,2026,test_codeswitch_1+norm,bongo_0154,1,0.999826
afroxlmr,strip,template,2026,test_codeswitch_1+norm,bongo_0159,1,0.995145
afroxlmr,strip,template,2026,test_codeswitch_1+norm,bongo_0160,0,0.000171
afroxlmr,strip,template,2026,test_codeswitch_1+norm,bongo_0172,0,0.000450
afroxlmr,strip,template,2026,test_codeswitch_1+norm,bongo_0173,1,0.969090
afroxlmr,strip,template,2026,test_codeswitch_1+norm,bongo_0175,0,0.000188
afroxlmr,strip,template,2026,test_codeswitch_1+norm,bongo_0182,0,0.000195
afroxlmr,strip,template,2026,test_codeswitch_1+norm,bongo_0195,1,0.999811
afroxlmr,strip,template,2026,test_codeswitch_1+norm,bongo_0197,0,0.000189
afroxlmr,strip,template,2026,test_codeswitch_1+norm,bongo_0201,1,0.999828
afroxlmr,strip,template,2026,test_codeswitch_1+norm,bongo_0203,1,0.999813
afroxlmr,strip,template,2026,test_codeswitch_1+norm,bongo_0250,1,0.001118
afroxlmr,strip,template,2026,test_codeswitch_1+norm,bongo_0253,0,0.000182
afroxlmr,strip,template,2026,test_codeswitch_1+norm,bongo_0255,1,0.000568
afroxlmr,strip,template,2026,test_codeswitch_1+norm,bongo_0265,1,0.000306
afroxlmr,strip,template,2026,test_codeswitch_1+norm,bongo_0271,0,0.000163
afroxlmr,strip,template,2026,test_codeswitch_1+norm,bongo_0300,0,0.000181
afroxlmr,strip,template,2026,test_codeswitch_1+norm,bongo_0306,0,0.000185
afroxlmr,strip,template,2026,test_codeswitch_1+norm,bongo_0356,1,0.000804
afroxlmr,strip,template,2026,test_codeswitch_1+norm,bongo_0360,1,0.999842
afroxlmr,strip,template,2026,test_codeswitch_1+norm,bongo_0361,1,0.999822
afroxlmr,strip,template,2026,test_codeswitch_1+norm,bongo_0363,0,0.000229
afroxlmr,strip,template,2026,test_codeswitch_1+norm,bongo_0368,0,0.000176
afroxlmr,strip,template,2026,test_codeswitch_1+norm,bongo_0372,0,0.000157
afroxlmr,strip,template,2026,test_codeswitch_1+norm,bongo_0380,1,0.001230
afroxlmr,strip,template,2026,test_codeswitch_1+norm,bongo_0389,0,0.000169
afroxlmr,strip,template,2026,test_codeswitch_1+norm,bongo_0395,0,0.000212
afroxlmr,strip,template,2026,test_codeswitch_1+norm,bongo_0405,1,0.999777
afroxlmr,strip,template,2026,test_codeswitch_1+norm,bongo_0424,1,0.999834
afroxlmr,strip,template,2026,test_codeswitch_1+norm,bongo_0427,0,0.000342
afroxlmr,strip,template,2026,test_codeswitch_1+norm,bongo_0434,1,0.158059
afroxlmr,strip,template,2026,test_codeswitch_1+norm,bongo_0463,0,0.000256
afroxlmr,strip,template,2026,test_codeswitch_1+norm,bongo_0476,1,0.999806
afroxlmr,strip,template,2026,test_codeswitch_1+norm,bongo_0510,1,0.999812
afroxlmr,strip,template,2026,test_codeswitch_1+norm,bongo_0531,0,0.000218
afroxlmr,strip,template,2026,test_codeswitch_1+norm,bongo_0542,0,0.000169
afroxlmr,strip,template,2026,test_codeswitch_1+norm,bongo_0545,0,0.000166
afroxlmr,strip,template,2026,test_codeswitch_1+norm,bongo_0560,1,0.999838
afroxlmr,strip,template,2026,test_codeswitch_1+norm,bongo_0565,1,0.001246
afroxlmr,strip,template,2026,test_codeswitch_1+norm,bongo_0566,1,0.999825
afroxlmr,strip,template,2026,test_codeswitch_1+norm,bongo_0571,0,0.000245
afroxlmr,strip,template,2026,test_codeswitch_1+norm,bongo_0577,1,0.999807
afroxlmr,strip,template,2026,test_codeswitch_1+norm,bongo_0580,1,0.999799
afroxlmr,strip,template,2026,test_codeswitch_1+norm,bongo_0621,1,0.999794
afroxlmr,strip,template,2026,test_codeswitch_1+norm,bongo_0624,1,0.999815
afroxlmr,strip,template,2026,test_codeswitch_1+norm,bongo_0630,0,0.000160
afroxlmr,strip,template,2026,test_codeswitch_1+norm,bongo_0638,1,0.999824
afroxlmr,strip,template,2026,test_codeswitch_1+norm,bongo_0648,0,0.000334
afroxlmr,strip,template,2026,test_codeswitch_1+norm,bongo_0674,0,0.000190
afroxlmr,strip,template,2026,test_codeswitch_1+norm,bongo_0685,0,0.000203
afroxlmr,strip,template,2026,test_codeswitch_1+norm,bongo_0697,1,0.001781
afroxlmr,strip,template,2026,test_codeswitch_1+norm,bongo_0701,0,0.000172
afroxlmr,strip,template,2026,test_codeswitch_1+norm,bongo_0706,1,0.101233
afroxlmr,strip,template,2026,test_codeswitch_1+norm,bongo_0719,1,0.996978
afroxlmr,strip,template,2026,test_codeswitch_1+norm,bongo_0721,1,0.999754
afroxlmr,strip,template,2026,test_codeswitch_1+norm,bongo_0724,1,0.000609
afroxlmr,strip,template,2026,test_codeswitch_1+norm,bongo_0729,1,0.999816
afroxlmr,strip,template,2026,test_codeswitch_1+norm,bongo_0741,0,0.000167
afroxlmr,strip,template,2026,test_codeswitch_1+norm,bongo_0749,1,0.995484
afroxlmr,strip,template,2026,test_codeswitch_1+norm,bongo_0769,1,0.999744
afroxlmr,strip,template,2026,test_codeswitch_1+norm,bongo_0770,1,0.000309
afroxlmr,strip,template,2026,test_codeswitch_1+norm,bongo_0778,1,0.000311
afroxlmr,strip,template,2026,test_codeswitch_1+norm,bongo_0787,1,0.999842
afroxlmr,strip,template,2026,test_codeswitch_1+norm,bongo_0795,0,0.000360
afroxlmr,strip,template,2026,test_codeswitch_1+norm,bongo_0806,1,0.019074
afroxlmr,strip,template,2026,test_codeswitch_1+norm,bongo_0807,1,0.999805
afroxlmr,strip,template,2026,test_codeswitch_1+norm,bongo_0818,0,0.000261
afroxlmr,strip,template,2026,test_codeswitch_1+norm,bongo_0819,0,0.000202
afroxlmr,strip,template,2026,test_codeswitch_1+norm,bongo_0835,0,0.000185
afroxlmr,strip,template,2026,test_codeswitch_1+norm,bongo_0840,1,0.999843
afroxlmr,strip,template,2026,test_codeswitch_1+norm,bongo_0855,1,0.004031
afroxlmr,strip,template,2026,test_codeswitch_1+norm,bongo_0856,0,0.000177
afroxlmr,strip,template,2026,test_codeswitch_1+norm,bongo_0864,1,0.999819
afroxlmr,strip,template,2026,test_codeswitch_1+norm,bongo_0871,1,0.999834
afroxlmr,strip,template,2026,test_codeswitch_1+norm,bongo_0872,0,0.000196
afroxlmr,strip,template,2026,test_codeswitch_1+norm,bongo_0904,0,0.000191
afroxlmr,strip,template,2026,test_codeswitch_1+norm,bongo_0905,1,0.999819
afroxlmr,strip,template,2026,test_codeswitch_1+norm,bongo_0909,1,0.999812
afroxlmr,strip,template,2026,test_codeswitch_1+norm,bongo_0917,1,0.000454
afroxlmr,strip,template,2026,test_codeswitch_1+norm,bongo_0918,1,0.999817
afroxlmr,strip,template,2026,test_codeswitch_1+norm,bongo_0950,0,0.000206
afroxlmr,strip,template,2026,test_codeswitch_1+norm,bongo_0955,1,0.999801
afroxlmr,strip,template,2026,test_codeswitch_1+norm,bongo_0956,0,0.000184
afroxlmr,strip,template,2026,test_codeswitch_1+norm,bongo_0971,0,0.000180
afroxlmr,strip,template,2026,test_codeswitch_1+norm,bongo_0983,0,0.000173
afroxlmr,strip,template,2026,test_codeswitch_1+norm,bongo_0989,1,0.999833
afroxlmr,strip,template,2026,test_codeswitch_1+norm,bongo_0994,0,0.000181
afroxlmr,strip,template,2026,test_codeswitch_1+norm,bongo_1003,1,0.999837
afroxlmr,strip,template,2026,test_codeswitch_1+norm,bongo_1006,0,0.000178
afroxlmr,strip,template,2026,test_codeswitch_1+norm,bongo_1012,1,0.000654
afroxlmr,strip,template,2026,test_codeswitch_1+norm,bongo_1015,0,0.000177
afroxlmr,strip,template,2026,test_codeswitch_1+norm,bongo_1022,1,0.000368
afroxlmr,strip,template,2026,test_codeswitch_1+norm,bongo_1037,0,0.000191
afroxlmr,strip,template,2026,test_codeswitch_1+norm,bongo_1040,0,0.000190
afroxlmr,strip,template,2026,test_codeswitch_1+norm,bongo_1042,1,0.999801
afroxlmr,strip,template,2026,test_codeswitch_1+norm,bongo_1047,1,0.999824
afroxlmr,strip,template,2026,test_codeswitch_1+norm,bongo_1050,0,0.000178
afroxlmr,strip,template,2026,test_codeswitch_1+norm,bongo_1052,1,0.999815
afroxlmr,strip,template,2026,test_codeswitch_1+norm,bongo_1059,0,0.000349
afroxlmr,strip,template,2026,test_codeswitch_1+norm,bongo_1071,0,0.000179
afroxlmr,strip,template,2026,test_codeswitch_1+norm,bongo_1090,0,0.000246
afroxlmr,strip,template,2026,test_codeswitch_1+norm,bongo_1104,1,0.999825
afroxlmr,strip,template,2026,test_codeswitch_1+norm,bongo_1115,0,0.000170
afroxlmr,strip,template,2026,test_codeswitch_1+norm,bongo_1123,0,0.000159
afroxlmr,strip,template,2026,test_codeswitch_1+norm,bongo_1125,0,0.000265
afroxlmr,strip,template,2026,test_codeswitch_1+norm,bongo_1127,1,0.016345
afroxlmr,strip,template,2026,test_codeswitch_1+norm,bongo_1131,1,0.999775
afroxlmr,strip,template,2026,test_codeswitch_1+norm,bongo_1134,1,0.002570
afroxlmr,strip,template,2026,test_codeswitch_1+norm,bongo_1135,0,0.000188
afroxlmr,strip,template,2026,test_codeswitch_1+norm,bongo_1136,1,0.999834
afroxlmr,strip,template,2026,test_codeswitch_1+norm,bongo_1138,1,0.999835
afroxlmr,strip,template,2026,test_codeswitch_1+norm,bongo_1140,1,0.999820
afroxlmr,strip,template,2026,test_codeswitch_1+norm,bongo_1154,1,0.999834
afroxlmr,strip,template,2026,test_codeswitch_1+norm,bongo_1155,0,0.000182
afroxlmr,strip,template,2026,test_codeswitch_1+norm,bongo_1171,1,0.999826
afroxlmr,strip,template,2026,test_codeswitch_1+norm,bongo_1181,1,0.999803
afroxlmr,strip,template,2026,test_codeswitch_1+norm,bongo_1185,1,0.000296
afroxlmr,strip,template,2026,test_codeswitch_1+norm,bongo_1194,0,0.000160
afroxlmr,strip,template,2026,test_codeswitch_1+norm,bongo_1195,1,0.000368
afroxlmr,strip,template,2026,test_codeswitch_1+norm,bongo_1198,0,0.000184
afroxlmr,strip,template,2026,test_codeswitch_1+norm,bongo_1204,1,0.000720
afroxlmr,strip,template,2026,test_codeswitch_1+norm,bongo_1220,1,0.999836
afroxlmr,strip,template,2026,test_codeswitch_1+norm,bongo_1233,1,0.999824
afroxlmr,strip,template,2026,test_codeswitch_1+norm,bongo_1236,0,0.000186
afroxlmr,strip,template,2026,test_codeswitch_1+norm,bongo_1240,1,0.000630
afroxlmr,strip,template,2026,test_codeswitch_1+norm,bongo_1244,0,0.000171
afroxlmr,strip,template,2026,test_codeswitch_1+norm,bongo_1249,0,0.000197
afroxlmr,strip,template,2026,test_codeswitch_1+norm,bongo_1253,0,0.015056
afroxlmr,strip,template,2026,test_codeswitch_1+norm,bongo_1260,0,0.000163
afroxlmr,strip,template,2026,test_codeswitch_1+norm,bongo_1262,0,0.000827
afroxlmr,strip,template,2026,test_codeswitch_1+norm,bongo_1278,1,0.000575
afroxlmr,strip,template,2026,test_codeswitch_1+norm,bongo_1285,0,0.000179
afroxlmr,strip,template,2026,test_codeswitch_1+norm,bongo_1293,1,0.999831
afroxlmr,strip,template,2026,test_codeswitch_1+norm,bongo_1316,0,0.000193
afroxlmr,strip,template,2026,test_codeswitch_1+norm,bongo_1327,1,0.000268
afroxlmr,strip,template,2026,test_codeswitch_1+norm,bongo_1330,0,0.000212
afroxlmr,strip,template,2026,test_codeswitch_1+norm,bongo_1359,0,0.000209
afroxlmr,strip,template,2026,test_codeswitch_1+norm,bongo_1375,0,0.000198
afroxlmr,strip,template,2026,test_codeswitch_3+norm,bongo_0025,1,0.999819
afroxlmr,strip,template,2026,test_codeswitch_3+norm,bongo_0029,0,0.000307
afroxlmr,strip,template,2026,test_codeswitch_3+norm,bongo_0039,1,0.999842
afroxlmr,strip,template,2026,test_codeswitch_3+norm,bongo_0047,1,0.999828
afroxlmr,strip,template,2026,test_codeswitch_3+norm,bongo_0053,0,0.000212
afroxlmr,strip,template,2026,test_codeswitch_3+norm,bongo_0055,1,0.000521
afroxlmr,strip,template,2026,test_codeswitch_3+norm,bongo_0061,1,0.254703
afroxlmr,strip,template,2026,test_codeswitch_3+norm,bongo_0097,0,0.000201
afroxlmr,strip,template,2026,test_codeswitch_3+norm,bongo_0107,0,0.000198
afroxlmr,strip,template,2026,test_codeswitch_3+norm,bongo_0110,0,0.000238
afroxlmr,strip,template,2026,test_codeswitch_3+norm,bongo_0112,1,0.234293
afroxlmr,strip,template,2026,test_codeswitch_3+norm,bongo_0115,0,0.000175
afroxlmr,strip,template,2026,test_codeswitch_3+norm,bongo_0143,0,0.000203
afroxlmr,strip,template,2026,test_codeswitch_3+norm,bongo_0146,1,0.999821
afroxlmr,strip,template,2026,test_codeswitch_3+norm,bongo_0154,1,0.999821
afroxlmr,strip,template,2026,test_codeswitch_3+norm,bongo_0159,1,0.996129
afroxlmr,strip,template,2026,test_codeswitch_3+norm,bongo_0160,0,0.000171
afroxlmr,strip,template,2026,test_codeswitch_3+norm,bongo_0172,0,0.000450
afroxlmr,strip,template,2026,test_codeswitch_3+norm,bongo_0173,1,0.994062
afroxlmr,strip,template,2026,test_codeswitch_3+norm,bongo_0175,0,0.000188
afroxlmr,strip,template,2026,test_codeswitch_3+norm,bongo_0182,0,0.000195
afroxlmr,strip,template,2026,test_codeswitch_3+norm,bongo_0195,1,0.999811
afroxlmr,strip,template,2026,test_codeswitch_3+norm,bongo_0197,0,0.000189
afroxlmr,strip,template,2026,test_codeswitch_3+norm,bongo_0201,1,0.999832
afroxlmr,strip,template,2026,test_codeswitch_3+norm,bongo_0203,1,0.999781
afroxlmr,strip,template,2026,test_codeswitch_3+norm,bongo_0250,1,0.011115
afroxlmr,strip,template,2026,test_codeswitch_3+norm,bongo_0253,0,0.000182
afroxlmr,strip,template,2026,test_codeswitch_3+norm,bongo_0255,1,0.005189
afroxlmr,strip,template,2026,test_codeswitch_3+norm,bongo_0265,1,0.000635
afroxlmr,strip,template,2026,test_codeswitch_3+norm,bongo_0271,0,0.000163
afroxlmr,strip,template,2026,test_codeswitch_3+norm,bongo_0300,0,0.000181
afroxlmr,strip,template,2026,test_codeswitch_3+norm,bongo_0306,0,0.000185
afroxlmr,strip,template,2026,test_codeswitch_3+norm,bongo_0356,1,0.004883
afroxlmr,strip,template,2026,test_codeswitch_3+norm,bongo_0360,1,0.999837
afroxlmr,strip,template,2026,test_codeswitch_3+norm,bongo_0361,1,0.999807
afroxlmr,strip,template,2026,test_codeswitch_3+norm,bongo_0363,0,0.000229
afroxlmr,strip,template,2026,test_codeswitch_3+norm,bongo_0368,0,0.000176
afroxlmr,strip,template,2026,test_codeswitch_3+norm,bongo_0372,0,0.000157
afroxlmr,strip,template,2026,test_codeswitch_3+norm,bongo_0380,1,0.023268
afroxlmr,strip,template,2026,test_codeswitch_3+norm,bongo_0389,0,0.000169
afroxlmr,strip,template,2026,test_codeswitch_3+norm,bongo_0395,0,0.000212
afroxlmr,strip,template,2026,test_codeswitch_3+norm,bongo_0405,1,0.999789
afroxlmr,strip,template,2026,test_codeswitch_3+norm,bongo_0424,1,0.999833
afroxlmr,strip,template,2026,test_codeswitch_3+norm,bongo_0427,0,0.000342
afroxlmr,strip,template,2026,test_codeswitch_3+norm,bongo_0434,1,0.806419
afroxlmr,strip,template,2026,test_codeswitch_3+norm,bongo_0463,0,0.000256
afroxlmr,strip,template,2026,test_codeswitch_3+norm,bongo_0476,1,0.999806
afroxlmr,strip,template,2026,test_codeswitch_3+norm,bongo_0510,1,0.999819
afroxlmr,strip,template,2026,test_codeswitch_3+norm,bongo_0531,0,0.000218
afroxlmr,strip,template,2026,test_codeswitch_3+norm,bongo_0542,0,0.000169
afroxlmr,strip,template,2026,test_codeswitch_3+norm,bongo_0545,0,0.000166
afroxlmr,strip,template,2026,test_codeswitch_3+norm,bongo_0560,1,0.999838
afroxlmr,strip,template,2026,test_codeswitch_3+norm,bongo_0565,1,0.040132
afroxlmr,strip,template,2026,test_codeswitch_3+norm,bongo_0566,1,0.999823
afroxlmr,strip,template,2026,test_codeswitch_3+norm,bongo_0571,0,0.000245
afroxlmr,strip,template,2026,test_codeswitch_3+norm,bongo_0577,1,0.999805
afroxlmr,strip,template,2026,test_codeswitch_3+norm,bongo_0580,1,0.999799
afroxlmr,strip,template,2026,test_codeswitch_3+norm,bongo_0621,1,0.999779
afroxlmr,strip,template,2026,test_codeswitch_3+norm,bongo_0624,1,0.999817
afroxlmr,strip,template,2026,test_codeswitch_3+norm,bongo_0630,0,0.000160
afroxlmr,strip,template,2026,test_codeswitch_3+norm,bongo_0638,1,0.999818
afroxlmr,strip,template,2026,test_codeswitch_3+norm,bongo_0648,0,0.000334
afroxlmr,strip,template,2026,test_codeswitch_3+norm,bongo_0674,0,0.000190
afroxlmr,strip,template,2026,test_codeswitch_3+norm,bongo_0685,0,0.000203
afroxlmr,strip,template,2026,test_codeswitch_3+norm,bongo_0697,1,0.027353
afroxlmr,strip,template,2026,test_codeswitch_3+norm,bongo_0701,0,0.000172
afroxlmr,strip,template,2026,test_codeswitch_3+norm,bongo_0706,1,0.921977
afroxlmr,strip,template,2026,test_codeswitch_3+norm,bongo_0719,1,0.998768
afroxlmr,strip,template,2026,test_codeswitch_3+norm,bongo_0721,1,0.999787
afroxlmr,strip,template,2026,test_codeswitch_3+norm,bongo_0724,1,0.006594
afroxlmr,strip,template,2026,test_codeswitch_3+norm,bongo_0729,1,0.999816
afroxlmr,strip,template,2026,test_codeswitch_3+norm,bongo_0741,0,0.000167
afroxlmr,strip,template,2026,test_codeswitch_3+norm,bongo_0749,1,0.997185
afroxlmr,strip,template,2026,test_codeswitch_3+norm,bongo_0769,1,0.999793
afroxlmr,strip,template,2026,test_codeswitch_3+norm,bongo_0770,1,0.000585
afroxlmr,strip,template,2026,test_codeswitch_3+norm,bongo_0778,1,0.000684
afroxlmr,strip,template,2026,test_codeswitch_3+norm,bongo_0787,1,0.999836
afroxlmr,strip,template,2026,test_codeswitch_3+norm,bongo_0795,0,0.000360
afroxlmr,strip,template,2026,test_codeswitch_3+norm,bongo_0806,1,0.727397
afroxlmr,strip,template,2026,test_codeswitch_3+norm,bongo_0807,1,0.999813
afroxlmr,strip,template,2026,test_codeswitch_3+norm,bongo_0818,0,0.000261
afroxlmr,strip,template,2026,test_codeswitch_3+norm,bongo_0819,0,0.000202
afroxlmr,strip,template,2026,test_codeswitch_3+norm,bongo_0835,0,0.000185
afroxlmr,strip,template,2026,test_codeswitch_3+norm,bongo_0840,1,0.999840
afroxlmr,strip,template,2026,test_codeswitch_3+norm,bongo_0855,1,0.543775
afroxlmr,strip,template,2026,test_codeswitch_3+norm,bongo_0856,0,0.000177
afroxlmr,strip,template,2026,test_codeswitch_3+norm,bongo_0864,1,0.999830
afroxlmr,strip,template,2026,test_codeswitch_3+norm,bongo_0871,1,0.999831
afroxlmr,strip,template,2026,test_codeswitch_3+norm,bongo_0872,0,0.000196
afroxlmr,strip,template,2026,test_codeswitch_3+norm,bongo_0904,0,0.000191
afroxlmr,strip,template,2026,test_codeswitch_3+norm,bongo_0905,1,0.999827
afroxlmr,strip,template,2026,test_codeswitch_3+norm,bongo_0909,1,0.999821
afroxlmr,strip,template,2026,test_codeswitch_3+norm,bongo_0917,1,0.001168
afroxlmr,strip,template,2026,test_codeswitch_3+norm,bongo_0918,1,0.999813
afroxlmr,strip,template,2026,test_codeswitch_3+norm,bongo_0950,0,0.000206
afroxlmr,strip,template,2026,test_codeswitch_3+norm,bongo_0955,1,0.999773
afroxlmr,strip,template,2026,test_codeswitch_3+norm,bongo_0956,0,0.000184
afroxlmr,strip,template,2026,test_codeswitch_3+norm,bongo_0971,0,0.000180
afroxlmr,strip,template,2026,test_codeswitch_3+norm,bongo_0983,0,0.000173
afroxlmr,strip,template,2026,test_codeswitch_3+norm,bongo_0989,1,0.999835
afroxlmr,strip,template,2026,test_codeswitch_3+norm,bongo_0994,0,0.000181
afroxlmr,strip,template,2026,test_codeswitch_3+norm,bongo_1003,1,0.999837
afroxlmr,strip,template,2026,test_codeswitch_3+norm,bongo_1006,0,0.000178
afroxlmr,strip,template,2026,test_codeswitch_3+norm,bongo_1012,1,0.005094
afroxlmr,strip,template,2026,test_codeswitch_3+norm,bongo_1015,0,0.000177
afroxlmr,strip,template,2026,test_codeswitch_3+norm,bongo_1022,1,0.001338
afroxlmr,strip,template,2026,test_codeswitch_3+norm,bongo_1037,0,0.000191
afroxlmr,strip,template,2026,test_codeswitch_3+norm,bongo_1040,0,0.000190
afroxlmr,strip,template,2026,test_codeswitch_3+norm,bongo_1042,1,0.999795
afroxlmr,strip,template,2026,test_codeswitch_3+norm,bongo_1047,1,0.999828
afroxlmr,strip,template,2026,test_codeswitch_3+norm,bongo_1050,0,0.000178
afroxlmr,strip,template,2026,test_codeswitch_3+norm,bongo_1052,1,0.999818
afroxlmr,strip,template,2026,test_codeswitch_3+norm,bongo_1059,0,0.000349
afroxlmr,strip,template,2026,test_codeswitch_3+norm,bongo_1071,0,0.000179
afroxlmr,strip,template,2026,test_codeswitch_3+norm,bongo_1090,0,0.000246
afroxlmr,strip,template,2026,test_codeswitch_3+norm,bongo_1104,1,0.999821
afroxlmr,strip,template,2026,test_codeswitch_3+norm,bongo_1115,0,0.000170
afroxlmr,strip,template,2026,test_codeswitch_3+norm,bongo_1123,0,0.000159
afroxlmr,strip,template,2026,test_codeswitch_3+norm,bongo_1125,0,0.000265
afroxlmr,strip,template,2026,test_codeswitch_3+norm,bongo_1127,1,0.376172
afroxlmr,strip,template,2026,test_codeswitch_3+norm,bongo_1131,1,0.999777
afroxlmr,strip,template,2026,test_codeswitch_3+norm,bongo_1134,1,0.223799
afroxlmr,strip,template,2026,test_codeswitch_3+norm,bongo_1135,0,0.000188
afroxlmr,strip,template,2026,test_codeswitch_3+norm,bongo_1136,1,0.999834
afroxlmr,strip,template,2026,test_codeswitch_3+norm,bongo_1138,1,0.999837
afroxlmr,strip,template,2026,test_codeswitch_3+norm,bongo_1140,1,0.999819
afroxlmr,strip,template,2026,test_codeswitch_3+norm,bongo_1154,1,0.999841
afroxlmr,strip,template,2026,test_codeswitch_3+norm,bongo_1155,0,0.000182
afroxlmr,strip,template,2026,test_codeswitch_3+norm,bongo_1171,1,0.999824
afroxlmr,strip,template,2026,test_codeswitch_3+norm,bongo_1181,1,0.999803
afroxlmr,strip,template,2026,test_codeswitch_3+norm,bongo_1185,1,0.000691
afroxlmr,strip,template,2026,test_codeswitch_3+norm,bongo_1194,0,0.000160
afroxlmr,strip,template,2026,test_codeswitch_3+norm,bongo_1195,1,0.001488
afroxlmr,strip,template,2026,test_codeswitch_3+norm,bongo_1198,0,0.000184
afroxlmr,strip,template,2026,test_codeswitch_3+norm,bongo_1204,1,0.001894
afroxlmr,strip,template,2026,test_codeswitch_3+norm,bongo_1220,1,0.999842
afroxlmr,strip,template,2026,test_codeswitch_3+norm,bongo_1233,1,0.999820
afroxlmr,strip,template,2026,test_codeswitch_3+norm,bongo_1236,0,0.000186
afroxlmr,strip,template,2026,test_codeswitch_3+norm,bongo_1240,1,0.006147
afroxlmr,strip,template,2026,test_codeswitch_3+norm,bongo_1244,0,0.000171
afroxlmr,strip,template,2026,test_codeswitch_3+norm,bongo_1249,0,0.000197
afroxlmr,strip,template,2026,test_codeswitch_3+norm,bongo_1253,0,0.015056
afroxlmr,strip,template,2026,test_codeswitch_3+norm,bongo_1260,0,0.000163
afroxlmr,strip,template,2026,test_codeswitch_3+norm,bongo_1262,0,0.000827
afroxlmr,strip,template,2026,test_codeswitch_3+norm,bongo_1278,1,0.001901
afroxlmr,strip,template,2026,test_codeswitch_3+norm,bongo_1285,0,0.000179
afroxlmr,strip,template,2026,test_codeswitch_3+norm,bongo_1293,1,0.999838
afroxlmr,strip,template,2026,test_codeswitch_3+norm,bongo_1316,0,0.000193
afroxlmr,strip,template,2026,test_codeswitch_3+norm,bongo_1327,1,0.000401
afroxlmr,strip,template,2026,test_codeswitch_3+norm,bongo_1330,0,0.000212
afroxlmr,strip,template,2026,test_codeswitch_3+norm,bongo_1359,0,0.000209
afroxlmr,strip,template,2026,test_codeswitch_3+norm,bongo_1375,0,0.000198
afroxlmr,strip,template,2026,test_codeswitch_all+norm,bongo_0025,1,0.999819
afroxlmr,strip,template,2026,test_codeswitch_all+norm,bongo_0029,0,0.000307
afroxlmr,strip,template,2026,test_codeswitch_all+norm,bongo_0039,1,0.999842
afroxlmr,strip,template,2026,test_codeswitch_all+norm,bongo_0047,1,0.999828
afroxlmr,strip,template,2026,test_codeswitch_all+norm,bongo_0053,0,0.000212
afroxlmr,strip,template,2026,test_codeswitch_all+norm,bongo_0055,1,0.000521
afroxlmr,strip,template,2026,test_codeswitch_all+norm,bongo_0061,1,0.254703
afroxlmr,strip,template,2026,test_codeswitch_all+norm,bongo_0097,0,0.000201
afroxlmr,strip,template,2026,test_codeswitch_all+norm,bongo_0107,0,0.000198
afroxlmr,strip,template,2026,test_codeswitch_all+norm,bongo_0110,0,0.000238
afroxlmr,strip,template,2026,test_codeswitch_all+norm,bongo_0112,1,0.234293
afroxlmr,strip,template,2026,test_codeswitch_all+norm,bongo_0115,0,0.000175
afroxlmr,strip,template,2026,test_codeswitch_all+norm,bongo_0143,0,0.000203
afroxlmr,strip,template,2026,test_codeswitch_all+norm,bongo_0146,1,0.999823
afroxlmr,strip,template,2026,test_codeswitch_all+norm,bongo_0154,1,0.999821
afroxlmr,strip,template,2026,test_codeswitch_all+norm,bongo_0159,1,0.996129
afroxlmr,strip,template,2026,test_codeswitch_all+norm,bongo_0160,0,0.000171
afroxlmr,strip,template,2026,test_codeswitch_all+norm,bongo_0172,0,0.000450
afroxlmr,strip,template,2026,test_codeswitch_all+norm,bongo_0173,1,0.994062
afroxlmr,strip,template,2026,test_codeswitch_all+norm,bongo_0175,0,0.000188
afroxlmr,strip,template,2026,test_codeswitch_all+norm,bongo_0182,0,0.000195
afroxlmr,strip,template,2026,test_codeswitch_all+norm,bongo_0195,1,0.999811
afroxlmr,strip,template,2026,test_codeswitch_all+norm,bongo_0197,0,0.000189
afroxlmr,strip,template,2026,test_codeswitch_all+norm,bongo_0201,1,0.999832
afroxlmr,strip,template,2026,test_codeswitch_all+norm,bongo_0203,1,0.999743
afroxlmr,strip,template,2026,test_codeswitch_all+norm,bongo_0250,1,0.011115
afroxlmr,strip,template,2026,test_codeswitch_all+norm,bongo_0253,0,0.000182
afroxlmr,strip,template,2026,test_codeswitch_all+norm,bongo_0255,1,0.005189
afroxlmr,strip,template,2026,test_codeswitch_all+norm,bongo_0265,1,0.000635
afroxlmr,strip,template,2026,test_codeswitch_all+norm,bongo_0271,0,0.000163
afroxlmr,strip,template,2026,test_codeswitch_all+norm,bongo_0300,0,0.000181
afroxlmr,strip,template,2026,test_codeswitch_all+norm,bongo_0306,0,0.000185
afroxlmr,strip,template,2026,test_codeswitch_all+norm,bongo_0356,1,0.004883
afroxlmr,strip,template,2026,test_codeswitch_all+norm,bongo_0360,1,0.999828
afroxlmr,strip,template,2026,test_codeswitch_all+norm,bongo_0361,1,0.999775
afroxlmr,strip,template,2026,test_codeswitch_all+norm,bongo_0363,0,0.000229
afroxlmr,strip,template,2026,test_codeswitch_all+norm,bongo_0368,0,0.000176
afroxlmr,strip,template,2026,test_codeswitch_all+norm,bongo_0372,0,0.000157
afroxlmr,strip,template,2026,test_codeswitch_all+norm,bongo_0380,1,0.023268
afroxlmr,strip,template,2026,test_codeswitch_all+norm,bongo_0389,0,0.000169
afroxlmr,strip,template,2026,test_codeswitch_all+norm,bongo_0395,0,0.000212
afroxlmr,strip,template,2026,test_codeswitch_all+norm,bongo_0405,1,0.999789
afroxlmr,strip,template,2026,test_codeswitch_all+norm,bongo_0424,1,0.999832
afroxlmr,strip,template,2026,test_codeswitch_all+norm,bongo_0427,0,0.000342
afroxlmr,strip,template,2026,test_codeswitch_all+norm,bongo_0434,1,0.806419
afroxlmr,strip,template,2026,test_codeswitch_all+norm,bongo_0463,0,0.000256
afroxlmr,strip,template,2026,test_codeswitch_all+norm,bongo_0476,1,0.999806
afroxlmr,strip,template,2026,test_codeswitch_all+norm,bongo_0510,1,0.999819
afroxlmr,strip,template,2026,test_codeswitch_all+norm,bongo_0531,0,0.000218
afroxlmr,strip,template,2026,test_codeswitch_all+norm,bongo_0542,0,0.000169
afroxlmr,strip,template,2026,test_codeswitch_all+norm,bongo_0545,0,0.000166
afroxlmr,strip,template,2026,test_codeswitch_all+norm,bongo_0560,1,0.999838
afroxlmr,strip,template,2026,test_codeswitch_all+norm,bongo_0565,1,0.040132
afroxlmr,strip,template,2026,test_codeswitch_all+norm,bongo_0566,1,0.999821
afroxlmr,strip,template,2026,test_codeswitch_all+norm,bongo_0571,0,0.000245
afroxlmr,strip,template,2026,test_codeswitch_all+norm,bongo_0577,1,0.999805
afroxlmr,strip,template,2026,test_codeswitch_all+norm,bongo_0580,1,0.999799
afroxlmr,strip,template,2026,test_codeswitch_all+norm,bongo_0621,1,0.999779
afroxlmr,strip,template,2026,test_codeswitch_all+norm,bongo_0624,1,0.999817
afroxlmr,strip,template,2026,test_codeswitch_all+norm,bongo_0630,0,0.000160
afroxlmr,strip,template,2026,test_codeswitch_all+norm,bongo_0638,1,0.999821
afroxlmr,strip,template,2026,test_codeswitch_all+norm,bongo_0648,0,0.000334
afroxlmr,strip,template,2026,test_codeswitch_all+norm,bongo_0674,0,0.000190
afroxlmr,strip,template,2026,test_codeswitch_all+norm,bongo_0685,0,0.000203
afroxlmr,strip,template,2026,test_codeswitch_all+norm,bongo_0697,1,0.027353
afroxlmr,strip,template,2026,test_codeswitch_all+norm,bongo_0701,0,0.000172
afroxlmr,strip,template,2026,test_codeswitch_all+norm,bongo_0706,1,0.921977
afroxlmr,strip,template,2026,test_codeswitch_all+norm,bongo_0719,1,0.998768
afroxlmr,strip,template,2026,test_codeswitch_all+norm,bongo_0721,1,0.999787
afroxlmr,strip,template,2026,test_codeswitch_all+norm,bongo_0724,1,0.006594
afroxlmr,strip,template,2026,test_codeswitch_all+norm,bongo_0729,1,0.999816
afroxlmr,strip,template,2026,test_codeswitch_all+norm,bongo_0741,0,0.000167
afroxlmr,strip,template,2026,test_codeswitch_all+norm,bongo_0749,1,0.997185
afroxlmr,strip,template,2026,test_codeswitch_all+norm,bongo_0769,1,0.999793
afroxlmr,strip,template,2026,test_codeswitch_all+norm,bongo_0770,1,0.000585
afroxlmr,strip,template,2026,test_codeswitch_all+norm,bongo_0778,1,0.000684
afroxlmr,strip,template,2026,test_codeswitch_all+norm,bongo_0787,1,0.999829
afroxlmr,strip,template,2026,test_codeswitch_all+norm,bongo_0795,0,0.000360
afroxlmr,strip,template,2026,test_codeswitch_all+norm,bongo_0806,1,0.727397
afroxlmr,strip,template,2026,test_codeswitch_all+norm,bongo_0807,1,0.999813
afroxlmr,strip,template,2026,test_codeswitch_all+norm,bongo_0818,0,0.000261
afroxlmr,strip,template,2026,test_codeswitch_all+norm,bongo_0819,0,0.000202
afroxlmr,strip,template,2026,test_codeswitch_all+norm,bongo_0835,0,0.000185
afroxlmr,strip,template,2026,test_codeswitch_all+norm,bongo_0840,1,0.999834
afroxlmr,strip,template,2026,test_codeswitch_all+norm,bongo_0855,1,0.543775
afroxlmr,strip,template,2026,test_codeswitch_all+norm,bongo_0856,0,0.000177
afroxlmr,strip,template,2026,test_codeswitch_all+norm,bongo_0864,1,0.999830
afroxlmr,strip,template,2026,test_codeswitch_all+norm,bongo_0871,1,0.999831
afroxlmr,strip,template,2026,test_codeswitch_all+norm,bongo_0872,0,0.000196
afroxlmr,strip,template,2026,test_codeswitch_all+norm,bongo_0904,0,0.000191
afroxlmr,strip,template,2026,test_codeswitch_all+norm,bongo_0905,1,0.999827
afroxlmr,strip,template,2026,test_codeswitch_all+norm,bongo_0909,1,0.999821
afroxlmr,strip,template,2026,test_codeswitch_all+norm,bongo_0917,1,0.001168
afroxlmr,strip,template,2026,test_codeswitch_all+norm,bongo_0918,1,0.999813
afroxlmr,strip,template,2026,test_codeswitch_all+norm,bongo_0950,0,0.000206
afroxlmr,strip,template,2026,test_codeswitch_all+norm,bongo_0955,1,0.999786
afroxlmr,strip,template,2026,test_codeswitch_all+norm,bongo_0956,0,0.000184
afroxlmr,strip,template,2026,test_codeswitch_all+norm,bongo_0971,0,0.000180
afroxlmr,strip,template,2026,test_codeswitch_all+norm,bongo_0983,0,0.000173
afroxlmr,strip,template,2026,test_codeswitch_all+norm,bongo_0989,1,0.999835
afroxlmr,strip,template,2026,test_codeswitch_all+norm,bongo_0994,0,0.000181
afroxlmr,strip,template,2026,test_codeswitch_all+norm,bongo_1003,1,0.999837
afroxlmr,strip,template,2026,test_codeswitch_all+norm,bongo_1006,0,0.000178
afroxlmr,strip,template,2026,test_codeswitch_all+norm,bongo_1012,1,0.005094
afroxlmr,strip,template,2026,test_codeswitch_all+norm,bongo_1015,0,0.000177
afroxlmr,strip,template,2026,test_codeswitch_all+norm,bongo_1022,1,0.001338
afroxlmr,strip,template,2026,test_codeswitch_all+norm,bongo_1037,0,0.000191
afroxlmr,strip,template,2026,test_codeswitch_all+norm,bongo_1040,0,0.000190
afroxlmr,strip,template,2026,test_codeswitch_all+norm,bongo_1042,1,0.999801
afroxlmr,strip,template,2026,test_codeswitch_all+norm,bongo_1047,1,0.999828
afroxlmr,strip,template,2026,test_codeswitch_all+norm,bongo_1050,0,0.000178
afroxlmr,strip,template,2026,test_codeswitch_all+norm,bongo_1052,1,0.999818
afroxlmr,strip,template,2026,test_codeswitch_all+norm,bongo_1059,0,0.000349
afroxlmr,strip,template,2026,test_codeswitch_all+norm,bongo_1071,0,0.000179
afroxlmr,strip,template,2026,test_codeswitch_all+norm,bongo_1090,0,0.000246
afroxlmr,strip,template,2026,test_codeswitch_all+norm,bongo_1104,1,0.999822
afroxlmr,strip,template,2026,test_codeswitch_all+norm,bongo_1115,0,0.000170
afroxlmr,strip,template,2026,test_codeswitch_all+norm,bongo_1123,0,0.000159
afroxlmr,strip,template,2026,test_codeswitch_all+norm,bongo_1125,0,0.000265
afroxlmr,strip,template,2026,test_codeswitch_all+norm,bongo_1127,1,0.376172
afroxlmr,strip,template,2026,test_codeswitch_all+norm,bongo_1131,1,0.999759
afroxlmr,strip,template,2026,test_codeswitch_all+norm,bongo_1134,1,0.223799
afroxlmr,strip,template,2026,test_codeswitch_all+norm,bongo_1135,0,0.000188
afroxlmr,strip,template,2026,test_codeswitch_all+norm,bongo_1136,1,0.999834
afroxlmr,strip,template,2026,test_codeswitch_all+norm,bongo_1138,1,0.999837
afroxlmr,strip,template,2026,test_codeswitch_all+norm,bongo_1140,1,0.999819
afroxlmr,strip,template,2026,test_codeswitch_all+norm,bongo_1154,1,0.999839
afroxlmr,strip,template,2026,test_codeswitch_all+norm,bongo_1155,0,0.000182
afroxlmr,strip,template,2026,test_codeswitch_all+norm,bongo_1171,1,0.999826
afroxlmr,strip,template,2026,test_codeswitch_all+norm,bongo_1181,1,0.999803
afroxlmr,strip,template,2026,test_codeswitch_all+norm,bongo_1185,1,0.000691
afroxlmr,strip,template,2026,test_codeswitch_all+norm,bongo_1194,0,0.000160
afroxlmr,strip,template,2026,test_codeswitch_all+norm,bongo_1195,1,0.001488
afroxlmr,strip,template,2026,test_codeswitch_all+norm,bongo_1198,0,0.000184
afroxlmr,strip,template,2026,test_codeswitch_all+norm,bongo_1204,1,0.001894
afroxlmr,strip,template,2026,test_codeswitch_all+norm,bongo_1220,1,0.999842
afroxlmr,strip,template,2026,test_codeswitch_all+norm,bongo_1233,1,0.999815
afroxlmr,strip,template,2026,test_codeswitch_all+norm,bongo_1236,0,0.000186
afroxlmr,strip,template,2026,test_codeswitch_all+norm,bongo_1240,1,0.006147
afroxlmr,strip,template,2026,test_codeswitch_all+norm,bongo_1244,0,0.000171
afroxlmr,strip,template,2026,test_codeswitch_all+norm,bongo_1249,0,0.000197
afroxlmr,strip,template,2026,test_codeswitch_all+norm,bongo_1253,0,0.015056
afroxlmr,strip,template,2026,test_codeswitch_all+norm,bongo_1260,0,0.000163
afroxlmr,strip,template,2026,test_codeswitch_all+norm,bongo_1262,0,0.000827
afroxlmr,strip,template,2026,test_codeswitch_all+norm,bongo_1278,1,0.001901
afroxlmr,strip,template,2026,test_codeswitch_all+norm,bongo_1285,0,0.000179
afroxlmr,strip,template,2026,test_codeswitch_all+norm,bongo_1293,1,0.999839
afroxlmr,strip,template,2026,test_codeswitch_all+norm,bongo_1316,0,0.000193
afroxlmr,strip,template,2026,test_codeswitch_all+norm,bongo_1327,1,0.000401
afroxlmr,strip,template,2026,test_codeswitch_all+norm,bongo_1330,0,0.000212
afroxlmr,strip,template,2026,test_codeswitch_all+norm,bongo_1359,0,0.000209
afroxlmr,strip,template,2026,test_codeswitch_all+norm,bongo_1375,0,0.000198
afroxlmr,strip,template,2026,chichewa+norm,chi_0000,1,0.999699
afroxlmr,strip,template,2026,chichewa+norm,chi_0001,1,0.999543
afroxlmr,strip,template,2026,chichewa+norm,chi_0002,0,0.000447
afroxlmr,strip,template,2026,chichewa+norm,chi_0003,0,0.999793
afroxlmr,strip,template,2026,chichewa+norm,chi_0004,1,0.993994
afroxlmr,strip,template,2026,chichewa+norm,chi_0005,1,0.667843
afroxlmr,strip,template,2026,chichewa+norm,chi_0006,0,0.999747
afroxlmr,strip,template,2026,chichewa+norm,chi_0007,0,0.000247
afroxlmr,strip,template,2026,chichewa+norm,chi_0008,1,0.000544
afroxlmr,strip,template,2026,chichewa+norm,chi_0009,1,0.999619
afroxlmr,strip,template,2026,chichewa+norm,chi_0010,0,0.999643
afroxlmr,strip,template,2026,chichewa+norm,chi_0011,0,0.976508
afroxlmr,strip,template,2026,chichewa+norm,chi_0012,0,0.000751
afroxlmr,strip,template,2026,chichewa+norm,chi_0013,1,0.995078
afroxlmr,strip,template,2026,chichewa+norm,chi_0014,1,0.982271
afroxlmr,strip,template,2026,chichewa+norm,chi_0015,0,0.000701
afroxlmr,strip,template,2026,chichewa+norm,chi_0016,0,0.001862
afroxlmr,strip,template,2026,chichewa+norm,chi_0017,0,0.001306
afroxlmr,strip,template,2026,chichewa+norm,chi_0018,1,0.999783
afroxlmr,strip,template,2026,chichewa+norm,chi_0019,1,0.000857
afroxlmr,strip,template,2026,chichewa+norm,chi_0020,0,0.000792
afroxlmr,strip,template,2026,chichewa+norm,chi_0021,1,0.999085
afroxlmr,strip,template,2026,chichewa+norm,chi_0022,0,0.000984
afroxlmr,strip,template,2026,chichewa+norm,chi_0023,1,0.992535
afroxlmr,strip,template,2026,chichewa+norm,chi_0024,1,0.003237
afroxlmr,strip,template,2026,chichewa+norm,chi_0025,0,0.998619
afroxlmr,strip,template,2026,chichewa+norm,chi_0026,0,0.995412
afroxlmr,strip,template,2026,chichewa+norm,chi_0027,1,0.998564
afroxlmr,strip,template,2026,chichewa+norm,chi_0028,1,0.999532
afroxlmr,strip,template,2026,chichewa+norm,chi_0029,0,0.000484
afroxlmr,strip,template,2026,chichewa+norm,chi_0030,0,0.000247
afroxlmr,strip,template,2026,chichewa+norm,chi_0031,1,0.999211
afroxlmr,strip,template,2026,chichewa+norm,chi_0032,1,0.584140
afroxlmr,strip,template,2026,chichewa+norm,chi_0033,1,0.998282
afroxlmr,strip,template,2026,chichewa+norm,chi_0034,1,0.875505
afroxlmr,strip,template,2026,chichewa+norm,chi_0035,0,0.000350
afroxlmr,strip,template,2026,chichewa+norm,chi_0036,0,0.000339
afroxlmr,strip,template,2026,chichewa+norm,chi_0037,0,0.999662
afroxlmr,strip,template,2026,chichewa+norm,chi_0038,0,0.999475
afroxlmr,strip,template,2026,chichewa+norm,chi_0039,0,0.999645
afroxlmr,strip,template,2026,chichewa+norm,chi_0040,1,0.976306
afroxlmr,strip,template,2026,chichewa+norm,chi_0041,1,0.898841
afroxlmr,strip,template,2026,chichewa+norm,chi_0042,0,0.000360
afroxlmr,strip,template,2026,chichewa+norm,chi_0043,0,0.000591
afroxlmr,strip,template,2026,chichewa+norm,chi_0044,0,0.999533
afroxlmr,strip,template,2026,chichewa+norm,chi_0045,1,0.004784
afroxlmr,strip,template,2026,chichewa+norm,chi_0046,1,0.663805
afroxlmr,strip,template,2026,chichewa+norm,chi_0047,1,0.864543
afroxlmr,strip,template,2026,chichewa+norm,chi_0048,0,0.999532
afroxlmr,strip,template,2026,chichewa+norm,chi_0049,0,0.999767
afroxlmr,strip,template,2026,chichewa+norm,chi_0050,0,0.968975
afroxlmr,strip,template,2026,chichewa+norm,chi_0051,1,0.000497
afroxlmr,strip,template,2026,chichewa+norm,chi_0052,0,0.001025
afroxlmr,strip,template,2026,chichewa+norm,chi_0053,0,0.000606
afroxlmr,strip,template,2026,chichewa+norm,chi_0054,1,0.050575
afroxlmr,strip,template,2026,chichewa+norm,chi_0055,1,0.937313
afroxlmr,strip,template,2026,chichewa+norm,chi_0056,0,0.000348
afroxlmr,strip,template,2026,chichewa+norm,chi_0057,1,0.000589
afroxlmr,strip,template,2026,chichewa+norm,chi_0058,1,0.000521
afroxlmr,strip,template,2026,chichewa+norm,chi_0059,0,0.999533
afroxlmr,strip,template,2026,chichewa+norm,chi_0060,0,0.000244
afroxlmr,strip,template,2026,chichewa+norm,chi_0061,1,0.000392
afroxlmr,strip,template,2026,chichewa+norm,chi_0062,0,0.000195
afroxlmr,strip,template,2026,chichewa+norm,chi_0063,1,0.999364
afroxlmr,strip,template,2026,chichewa+norm,chi_0064,1,0.853805
afroxlmr,strip,template,2026,chichewa+norm,chi_0065,1,0.000231
afroxlmr,strip,template,2026,chichewa+norm,chi_0066,0,0.000195
afroxlmr,strip,template,2026,chichewa+norm,chi_0067,0,0.000260
afroxlmr,strip,template,2026,chichewa+norm,chi_0068,0,0.000171
afroxlmr,strip,template,2026,chichewa+norm,chi_0069,1,0.002424
afroxlmr,strip,template,2026,chichewa+norm,chi_0070,1,0.004938
afroxlmr,strip,template,2026,chichewa+norm,chi_0071,0,0.000214
afroxlmr,strip,template,2026,chichewa+norm,chi_0072,0,0.000333
afroxlmr,strip,template,2026,chichewa+norm,chi_0073,1,0.152518
afroxlmr,strip,template,2026,chichewa+norm,chi_0074,1,0.237238
afroxlmr,strip,template,2026,chichewa+norm,chi_0075,0,0.001107
afroxlmr,strip,template,2026,chichewa+norm,chi_0076,0,0.002741
afroxlmr,strip,template,2026,chichewa+norm,chi_0077,0,0.001480
afroxlmr,strip,template,2026,chichewa+norm,chi_0078,1,0.003256
afroxlmr,strip,template,2026,chichewa+norm,chi_0079,1,0.999611
afroxlmr,strip,template,2026,chichewa+norm,chi_0080,1,0.021265
afroxlmr,strip,template,2026,chichewa+norm,chi_0081,1,0.002303
afroxlmr,strip,template,2026,chichewa+norm,chi_0082,0,0.000202
afroxlmr,strip,template,2026,chichewa+norm,chi_0083,0,0.000221
afroxlmr,strip,template,2026,chichewa+norm,chi_0084,0,0.001271
afroxlmr,strip,template,2026,chichewa+norm,chi_0085,1,0.999715
afroxlmr,strip,template,2026,chichewa+norm,chi_0086,1,0.999802
afroxlmr,strip,template,2026,chichewa+norm,chi_0087,0,0.003143
afroxlmr,strip,template,2026,chichewa+norm,chi_0088,0,0.000673
afroxlmr,strip,template,2026,chichewa+norm,chi_0089,0,0.000531
afroxlmr,strip,template,2026,chichewa+norm,chi_0090,1,0.058270
afroxlmr,strip,template,2026,chichewa+norm,chi_0091,0,0.001375
afroxlmr,strip,template,2026,chichewa+norm,chi_0092,0,0.000538
afroxlmr,strip,template,2026,chichewa+norm,chi_0093,0,0.000549
afroxlmr,strip,template,2026,chichewa+norm,chi_0094,1,0.999712
afroxlmr,strip,template,2026,chichewa+norm,chi_0095,1,0.999265
afroxlmr,strip,template,2026,chichewa+norm,chi_0096,0,0.000166
afroxlmr,strip,template,2026,chichewa+norm,chi_0097,0,0.999566
afroxlmr,strip,template,2026,chichewa+norm,chi_0098,1,0.966146
afroxlmr,strip,template,2026,chichewa+norm,chi_0099,1,0.999767
afroxlmr,strip,template,2026,chichewa+norm,chi_0100,0,0.000515
afroxlmr,strip,template,2026,chichewa+norm,chi_0101,1,0.999756
afroxlmr,strip,template,2026,chichewa+norm,chi_0102,0,0.000414
afroxlmr,strip,template,2026,chichewa+norm,chi_0103,0,0.000537
afroxlmr,strip,template,2026,chichewa+norm,chi_0104,0,0.000626
afroxlmr,strip,template,2026,chichewa+norm,chi_0105,1,0.000640
afroxlmr,strip,template,2026,chichewa+norm,chi_0106,1,0.000305
afroxlmr,strip,template,2026,chichewa+norm,chi_0107,1,0.856162
afroxlmr,strip,template,2026,chichewa+norm,chi_0108,0,0.000801
afroxlmr,strip,template,2026,chichewa+norm,chi_0109,0,0.003171
afroxlmr,strip,template,2026,chichewa+norm,chi_0110,0,0.000768
afroxlmr,strip,template,2026,chichewa+norm,chi_0111,1,0.990162
afroxlmr,strip,template,2026,chichewa+norm,chi_0112,1,0.116097
afroxlmr,strip,template,2026,chichewa+norm,chi_0113,1,0.998372
afroxlmr,strip,template,2026,chichewa+norm,chi_0114,0,0.000309
afroxlmr,strip,template,2026,chichewa+norm,chi_0115,0,0.000333
afroxlmr,strip,template,2026,chichewa+norm,chi_0116,0,0.000380
afroxlmr,strip,template,2026,chichewa+norm,chi_0117,1,0.809438
afroxlmr,strip,template,2026,chichewa+norm,chi_0118,1,0.998658
afroxlmr,strip,template,2026,chichewa+norm,chi_0119,1,0.001672
afroxlmr,strip,template,2026,chichewa+norm,chi_0120,0,0.000288
afroxlmr,strip,template,2026,chichewa+norm,chi_0121,0,0.000239
afroxlmr,strip,template,2026,chichewa+norm,chi_0122,0,0.000268
afroxlmr,strip,template,2026,chichewa+norm,chi_0123,1,0.999264
afroxlmr,strip,template,2026,chichewa+norm,chi_0124,1,0.998409
afroxlmr,strip,template,2026,chichewa+norm,chi_0125,1,0.998664
afroxlmr,strip,template,2026,chichewa+norm,chi_0126,0,0.000253
afroxlmr,strip,template,2026,chichewa+norm,chi_0127,0,0.000211
afroxlmr,strip,template,2026,chichewa+norm,chi_0128,0,0.000406
afroxlmr,strip,template,2026,chichewa+norm,chi_0129,1,0.999280
afroxlmr,strip,template,2026,chichewa+norm,chi_0130,1,0.935051
afroxlmr,strip,template,2026,chichewa+norm,chi_0131,0,0.001438
afroxlmr,strip,template,2026,chichewa+norm,chi_0132,0,0.000751
afroxlmr,strip,template,2026,chichewa+norm,chi_0133,0,0.980716
afroxlmr,strip,template,2026,chichewa+norm,chi_0134,1,0.990798
afroxlmr,strip,template,2026,chichewa+norm,chi_0135,0,0.999705
afroxlmr,strip,template,2026,chichewa+norm,chi_0136,1,0.984268
afroxlmr,strip,template,2026,chichewa+norm,chi_0137,0,0.002126
afroxlmr,strip,template,2026,chichewa+norm,chi_0138,0,0.000620
afroxlmr,strip,template,2026,chichewa+norm,chi_0139,0,0.002130
afroxlmr,strip,template,2026,chichewa+norm,chi_0140,1,0.966700
afroxlmr,strip,template,2026,chichewa+norm,chi_0141,0,0.001651
afroxlmr,strip,template,2026,chichewa+norm,chi_0142,0,0.006702
afroxlmr,strip,template,2026,chichewa+norm,chi_0143,0,0.996717
afroxlmr,strip,template,2026,chichewa+norm,chi_0144,1,0.996860
afroxlmr,strip,template,2026,chichewa+norm,chi_0145,0,0.025718
afroxlmr,strip,template,2026,chichewa+norm,chi_0146,0,0.000390
afroxlmr,strip,template,2026,chichewa+norm,chi_0147,1,0.366954
afroxlmr,strip,template,2026,chichewa+norm,chi_0148,1,0.999560
afroxlmr,strip,template,2026,chichewa+norm,chi_0149,0,0.000255
afroxlmr,strip,template,2026,chichewa+norm,chi_0150,0,0.000280
afroxlmr,strip,template,2026,chichewa+norm,chi_0151,1,0.999460
afroxlmr,strip,template,2026,chichewa+norm,chi_0152,0,0.000368
afroxlmr,strip,template,2026,chichewa+norm,chi_0153,0,0.000273
afroxlmr,strip,template,2026,chichewa+norm,chi_0154,0,0.000414
afroxlmr,strip,template,2026,chichewa+norm,chi_0155,1,0.999159
afroxlmr,strip,template,2026,chichewa+norm,chi_0156,1,0.998515
afroxlmr,strip,template,2026,chichewa+norm,chi_0157,1,0.999754
afroxlmr,strip,template,2026,chichewa+norm,chi_0158,0,0.999766
afroxlmr,strip,template,2026,chichewa+norm,chi_0159,0,0.000398
afroxlmr,strip,template,2026,chichewa+norm,chi_0160,0,0.000255
afroxlmr,strip,template,2026,chichewa+norm,chi_0161,1,0.998623
afroxlmr,strip,template,2026,chichewa+norm,chi_0162,1,0.998767
afroxlmr,strip,template,2026,chichewa+norm,chi_0163,1,0.999633
afroxlmr,strip,template,2026,chichewa+norm,chi_0164,1,0.999707
afroxlmr,strip,template,2026,chichewa+norm,chi_0165,0,0.000272
afroxlmr,strip,template,2026,chichewa+norm,chi_0166,0,0.000242
afroxlmr,strip,template,2026,chichewa+norm,chi_0167,1,0.999321
afroxlmr,strip,template,2026,chichewa+norm,chi_0168,1,0.991502
afroxlmr,strip,template,2026,chichewa+norm,chi_0169,0,0.000265
afroxlmr,strip,template,2026,chichewa+norm,chi_0170,0,0.000197
afroxlmr,strip,template,2026,chichewa+norm,chi_0171,1,0.952190
afroxlmr,strip,template,2026,chichewa+norm,chi_0172,1,0.000328
afroxlmr,strip,template,2026,chichewa+norm,chi_0173,0,0.000274
afroxlmr,strip,template,2026,chichewa+norm,chi_0174,0,0.000209
afroxlmr,strip,template,2026,chichewa+norm,chi_0175,0,0.000487
afroxlmr,strip,template,2026,chichewa+norm,chi_0176,1,0.999098
afroxlmr,strip,template,2026,chichewa+norm,chi_0177,1,0.996505
afroxlmr,strip,template,2026,chichewa+norm,chi_0178,0,0.000211
afroxlmr,strip,template,2026,chichewa+norm,chi_0179,1,0.018400
afroxlmr,strip,template,2026,chichewa+norm,chi_0180,1,0.000439
afroxlmr,strip,template,2026,chichewa+norm,chi_0181,1,0.000546
afroxlmr,strip,template,2026,chichewa+norm,chi_0182,0,0.654583
afroxlmr,strip,template,2026,chichewa+norm,chi_0183,0,0.000243
afroxlmr,strip,template,2026,chichewa+norm,chi_0184,0,0.000206
afroxlmr,strip,template,2026,chichewa+norm,chi_0185,1,0.000900
afroxlmr,strip,template,2026,chichewa+norm,chi_0186,1,0.001196
afroxlmr,strip,template,2026,chichewa+norm,chi_0187,1,0.000939
afroxlmr,strip,template,2026,chichewa+norm,chi_0188,0,0.000181
afroxlmr,strip,template,2026,chichewa+norm,chi_0189,0,0.000579
afroxlmr,strip,template,2026,chichewa+norm,chi_0190,1,0.004729
afroxlmr,strip,template,2026,chichewa+norm,chi_0191,1,0.999738
afroxlmr,strip,template,2026,chichewa+norm,chi_0192,0,0.000210
afroxlmr,strip,template,2026,chichewa+norm,chi_0193,0,0.000411
afroxlmr,strip,template,2026,chichewa+norm,chi_0194,0,0.000374
afroxlmr,strip,template,2026,chichewa+norm,chi_0195,0,0.000200
afroxlmr,strip,template,2026,chichewa+norm,chi_0196,1,0.999815
afroxlmr,strip,template,2026,chichewa+norm,chi_0197,1,0.982832
afroxlmr,strip,template,2026,chichewa+norm,chi_0198,1,0.998813
afroxlmr,strip,template,2026,chichewa+norm,chi_0199,1,0.092910
afroxlmr,strip,template,2026,chichewa+norm,chi_0200,1,0.999622
afroxlmr,strip,template,2026,chichewa+norm,chi_0201,0,0.000329
afroxlmr,strip,template,2026,chichewa+norm,chi_0202,1,0.999771
afroxlmr,strip,template,2026,chichewa+norm,chi_0203,1,0.997613
afroxlmr,strip,template,2026,chichewa+norm,chi_0204,1,0.999641
afroxlmr,strip,template,2026,chichewa+norm,chi_0205,0,0.000455
afroxlmr,strip,template,2026,chichewa+norm,chi_0206,0,0.000421
afroxlmr,strip,template,2026,chichewa+norm,chi_0207,1,0.998963
afroxlmr,strip,template,2026,chichewa+norm,chi_0208,1,0.996911
afroxlmr,strip,template,2026,chichewa+norm,chi_0209,1,0.998993
afroxlmr,strip,template,2026,chichewa+norm,chi_0210,0,0.000223
afroxlmr,strip,template,2026,chichewa+norm,chi_0211,0,0.000232
afroxlmr,strip,template,2026,chichewa+norm,chi_0212,1,0.999755
afroxlmr,strip,template,2026,chichewa+norm,chi_0213,1,0.999790
afroxlmr,strip,template,2026,chichewa+norm,chi_0214,1,0.999811
afroxlmr,strip,template,2026,chichewa+norm,chi_0215,0,0.997490
afroxlmr,strip,template,2026,chichewa+norm,chi_0216,0,0.000270
afroxlmr,strip,template,2026,chichewa+norm,chi_0217,1,0.999799
afroxlmr,strip,template,2026,chichewa+norm,chi_0218,1,0.730266
afroxlmr,strip,template,2026,chichewa+norm,chi_0219,1,0.939659
afroxlmr,strip,template,2026,chichewa+norm,chi_0220,0,0.000367
afroxlmr,strip,template,2026,chichewa+norm,chi_0221,0,0.000434
afroxlmr,strip,template,2026,chichewa+norm,chi_0222,0,0.000225
afroxlmr,strip,template,2026,chichewa+norm,chi_0223,1,0.999553
afroxlmr,strip,template,2026,chichewa+norm,chi_0224,1,0.999630
afroxlmr,strip,template,2026,chichewa+norm,chi_0225,0,0.000979
afroxlmr,strip,template,2026,chichewa+norm,chi_0226,0,0.000293
afroxlmr,strip,template,2026,chichewa+norm,chi_0227,0,0.000256
afroxlmr,strip,template,2026,chichewa+norm,chi_0228,0,0.000309
afroxlmr,strip,template,2026,chichewa+norm,chi_0229,1,0.999746
afroxlmr,strip,template,2026,chichewa+norm,chi_0230,1,0.999675
afroxlmr,strip,template,2026,chichewa+norm,chi_0231,1,0.002065
afroxlmr,strip,template,2026,chichewa+norm,chi_0232,0,0.000994
afroxlmr,strip,template,2026,chichewa+norm,chi_0233,1,0.997020
afroxlmr,strip,template,2026,chichewa+norm,chi_0234,0,0.700464
afroxlmr,strip,template,2026,chichewa+norm,chi_0235,0,0.001750
afroxlmr,strip,template,2026,chichewa+norm,chi_0236,1,0.999815
afroxlmr,strip,template,2026,chichewa+norm,chi_0237,1,0.999816
afroxlmr,strip,template,2026,chichewa+norm,chi_0238,0,0.000275
afroxlmr,strip,template,2026,chichewa+norm,chi_0239,0,0.000222
afroxlmr,strip,template,2026,chichewa+norm,chi_0240,0,0.000336
afroxlmr,strip,template,2026,chichewa+norm,chi_0241,0,0.000260
afroxlmr,strip,template,2026,chichewa+norm,chi_0242,1,0.999446
afroxlmr,strip,template,2026,chichewa+norm,chi_0243,1,0.999211
afroxlmr,strip,template,2026,chichewa+norm,chi_0244,0,0.000586
afroxlmr,strip,template,2026,chichewa+norm,chi_0245,1,0.793142
afroxlmr,strip,template,2026,chichewa+norm,chi_0246,1,0.000423
afroxlmr,strip,template,2026,chichewa+norm,chi_0247,1,0.999699
afroxlmr,strip,template,2026,chichewa+norm,chi_0248,0,0.001025
afroxlmr,strip,template,2026,chichewa+norm,chi_0249,0,0.000226
afroxlmr,strip,template,2026,chichewa+norm,chi_0250,0,0.000461
afroxlmr,strip,template,2026,chichewa+norm,chi_0251,0,0.000468
afroxlmr,strip,template,2026,chichewa+norm,chi_0252,0,0.000205
afroxlmr,strip,template,2026,chichewa+norm,chi_0253,0,0.000348
afroxlmr,strip,template,2026,chichewa+norm,chi_0254,1,0.996803
afroxlmr,strip,template,2026,chichewa+norm,chi_0255,1,0.995544
afroxlmr,strip,template,2026,chichewa+norm,chi_0256,0,0.000418
afroxlmr,strip,template,2026,chichewa+norm,chi_0257,0,0.000252
afroxlmr,strip,template,2026,chichewa+norm,chi_0258,1,0.046643
afroxlmr,strip,template,2026,chichewa+norm,chi_0259,0,0.000583
afroxlmr,strip,template,2026,chichewa+norm,chi_0260,1,0.999645
afroxlmr,strip,template,2026,chichewa+norm,chi_0261,1,0.999761
afroxlmr,strip,template,2026,chichewa+norm,chi_0262,1,0.999546
afroxlmr,strip,template,2026,chichewa+norm,chi_0263,0,0.001711
afroxlmr,strip,template,2026,chichewa+norm,chi_0264,0,0.000797
afroxlmr,strip,template,2026,chichewa+norm,chi_0265,0,0.827022
afroxlmr,strip,template,2026,chichewa+norm,chi_0266,1,0.997094
afroxlmr,strip,template,2026,chichewa+norm,chi_0267,1,0.999589
afroxlmr,strip,template,2026,chichewa+norm,chi_0268,1,0.011090
afroxlmr,strip,template,2026,chichewa+norm,chi_0269,0,0.321798
afroxlmr,strip,template,2026,chichewa+norm,chi_0270,0,0.000386
afroxlmr,strip,template,2026,chichewa+norm,chi_0271,0,0.000348
afroxlmr,strip,template,2026,chichewa+norm,chi_0272,1,0.001272
afroxlmr,strip,template,2026,chichewa+norm,chi_0273,1,0.575100
afroxlmr,strip,template,2026,chichewa+norm,chi_0274,1,0.999625
afroxlmr,strip,template,2026,chichewa+norm,chi_0275,1,0.006154
afroxlmr,strip,template,2026,chichewa+norm,chi_0276,0,0.000207
afroxlmr,strip,template,2026,chichewa+norm,chi_0277,1,0.000720
afroxlmr,strip,template,2026,chichewa+norm,chi_0278,1,0.001130
afroxlmr,strip,template,2026,chichewa+norm,chi_0279,0,0.979971
afroxlmr,strip,template,2026,chichewa+norm,chi_0280,0,0.000353
afroxlmr,strip,template,2026,chichewa+norm,chi_0281,1,0.999720
afroxlmr,strip,template,2026,chichewa+norm,chi_0282,0,0.000948
afroxlmr,strip,template,2026,chichewa+norm,chi_0283,0,0.000303
afroxlmr,strip,template,2026,chichewa+norm,chi_0284,1,0.999753
afroxlmr,strip,template,2026,chichewa+norm,chi_0285,1,0.999783
afroxlmr,strip,template,2026,chichewa+norm,chi_0286,1,0.009812
afroxlmr,strip,template,2026,chichewa+norm,chi_0287,0,0.086638
afroxlmr,strip,template,2026,chichewa+norm,chi_0288,0,0.000356
afroxlmr,strip,template,2026,chichewa+norm,chi_0289,0,0.003073
afroxlmr,strip,template,2026,chichewa+norm,chi_0290,1,0.998772
afroxlmr,strip,template,2026,chichewa+norm,chi_0291,1,0.856267
afroxlmr,strip,template,2026,chichewa+norm,chi_0292,0,0.002786
afroxlmr,strip,template,2026,chichewa+norm,chi_0293,0,0.999812
afroxlmr,strip,template,2026,chichewa+norm,chi_0294,0,0.999605
afroxlmr,strip,template,2026,chichewa+norm,chi_0295,1,0.999625
afroxlmr,strip,template,2026,chichewa+norm,chi_0296,1,0.999172
afroxlmr,strip,template,2026,chichewa+norm,chi_0297,0,0.999392
afroxlmr,strip,template,2026,chichewa+norm,chi_0298,0,0.252237
afroxlmr,strip,template,2026,chichewa+norm,chi_0299,0,0.107503
afroxlmr,strip,template,2026,chichewa+norm,chi_0300,1,0.999634
afroxlmr,strip,template,2026,chichewa+norm,chi_0301,1,0.999443
afroxlmr,strip,template,2026,chichewa+norm,chi_0302,1,0.999686
afroxlmr,strip,template,2026,chichewa+norm,chi_0303,0,0.999786
afroxlmr,strip,template,2026,chichewa+norm,chi_0304,0,0.999786
afroxlmr,strip,template,2026,chichewa+norm,chi_0305,0,0.999783
afroxlmr,strip,template,2026,chichewa+norm,chi_0306,0,0.999735
afroxlmr,strip,template,2026,chichewa+norm,chi_0307,1,0.999743
afroxlmr,strip,template,2026,chichewa+norm,chi_0308,1,0.999268
afroxlmr,strip,template,2026,chichewa+norm,chi_0309,1,0.999588
afroxlmr,strip,template,2026,chichewa+norm,chi_0310,1,0.999678
afroxlmr,strip,template,2026,chichewa+norm,chi_0311,0,0.999037
afroxlmr,strip,template,2026,chichewa+norm,chi_0312,0,0.999670
afroxlmr,strip,template,2026,chichewa+norm,chi_0313,0,0.999752
afroxlmr,strip,template,2026,chichewa+norm,chi_0314,1,0.999683
afroxlmr,strip,template,2026,chichewa+norm,chi_0315,1,0.999705
afroxlmr,strip,template,2026,chichewa+norm,chi_0316,0,0.999778
afroxlmr,strip,template,2026,chichewa+norm,chi_0317,0,0.999452
afroxlmr,strip,template,2026,chichewa+norm,chi_0318,1,0.829780
afroxlmr,strip,template,2026,chichewa+norm,chi_0319,1,0.998299
afroxlmr,strip,template,2026,chichewa+norm,chi_0320,0,0.000248
afroxlmr,strip,template,2026,chichewa+norm,chi_0321,1,0.995553
afroxlmr,strip,template,2026,chichewa+norm,chi_0322,0,0.999632
afroxlmr,strip,template,2026,chichewa+norm,chi_0323,0,0.999805
afroxlmr,strip,template,2026,chichewa+norm,chi_0324,0,0.999806
afroxlmr,strip,template,2026,chichewa+norm,chi_0325,0,0.999758
afroxlmr,strip,template,2026,chichewa+norm,chi_0326,1,0.997761
afroxlmr,strip,template,2026,chichewa+norm,chi_0327,1,0.999275
afroxlmr,strip,template,2026,chichewa+norm,chi_0328,0,0.996658
afroxlmr,strip,template,2026,chichewa+norm,chi_0329,0,0.999639
afroxlmr,strip,template,2026,chichewa+norm,chi_0330,0,0.985404
afroxlmr,strip,template,2026,chichewa+norm,chi_0331,1,0.998681
afroxlmr,strip,template,2026,chichewa+norm,chi_0332,0,0.000277
afroxlmr,strip,template,2026,chichewa+norm,chi_0333,0,0.000353
afroxlmr,strip,template,2026,chichewa+norm,chi_0334,0,0.000383
afroxlmr,strip,template,2026,chichewa+norm,chi_0335,0,0.000257
afroxlmr,strip,template,2026,chichewa+norm,chi_0336,1,0.999725
afroxlmr,strip,template,2026,chichewa+norm,chi_0337,1,0.001053
afroxlmr,strip,template,2026,chichewa+norm,chi_0338,1,0.999709
afroxlmr,strip,template,2026,chichewa+norm,chi_0339,0,0.000210
afroxlmr,strip,template,2026,chichewa+norm,chi_0340,0,0.000316
afroxlmr,strip,template,2026,chichewa+norm,chi_0341,0,0.000230
afroxlmr,strip,template,2026,chichewa+norm,chi_0342,1,0.999776
afroxlmr,strip,template,2026,chichewa+norm,chi_0343,1,0.997525
afroxlmr,strip,template,2026,chichewa+norm,chi_0344,1,0.999129
afroxlmr,strip,template,2026,chichewa+norm,chi_0345,0,0.000181
afroxlmr,strip,template,2026,chichewa+norm,chi_0346,0,0.000227
afroxlmr,strip,template,2026,chichewa+norm,chi_0347,1,0.999554
afroxlmr,strip,template,2026,chichewa+norm,chi_0348,0,0.070070
afroxlmr,strip,template,2026,chichewa+norm,chi_0349,0,0.070858
afroxlmr,strip,template,2026,chichewa+norm,chi_0350,1,0.999789
afroxlmr,strip,template,2026,chichewa+norm,chi_0351,1,0.999477
afroxlmr,strip,template,2026,chichewa+norm,chi_0352,1,0.746160
afroxlmr,strip,template,2026,chichewa+norm,chi_0353,1,0.000507
afroxlmr,strip,template,2026,chichewa+norm,chi_0354,1,0.072225
afroxlmr,strip,template,2026,chichewa+norm,chi_0355,0,0.999524
afroxlmr,strip,template,2026,chichewa+norm,chi_0356,0,0.000434
afroxlmr,strip,template,2026,chichewa+norm,chi_0357,0,0.000270
afroxlmr,strip,template,2026,chichewa+norm,chi_0358,0,0.000275
afroxlmr,strip,template,2026,chichewa+norm,chi_0359,1,0.399599
afroxlmr,strip,template,2026,chichewa+norm,chi_0360,0,0.998892
afroxlmr,strip,template,2026,chichewa+norm,chi_0361,1,0.998862
afroxlmr,strip,template,2026,chichewa+norm,chi_0362,1,0.999624
afroxlmr,strip,template,2026,chichewa+norm,chi_0363,1,0.021429
afroxlmr,strip,template,2026,chichewa+norm,chi_0364,0,0.000637
afroxlmr,strip,template,2026,chichewa+norm,chi_0365,0,0.000317
afroxlmr,strip,template,2026,chichewa+norm,chi_0366,0,0.000254
afroxlmr,strip,template,2026,chichewa+norm,chi_0367,1,0.002060
afroxlmr,strip,template,2026,chichewa+norm,chi_0368,1,0.003331
afroxlmr,strip,template,2026,chichewa+norm,chi_0369,0,0.000377
afroxlmr,strip,template,2026,chichewa+norm,chi_0370,0,0.000300
afroxlmr,strip,template,2026,chichewa+norm,chi_0371,0,0.000186
afroxlmr,strip,template,2026,chichewa+norm,chi_0372,1,0.112824
afroxlmr,strip,template,2026,chichewa+norm,chi_0373,1,0.900623
afroxlmr,strip,template,2026,chichewa+norm,chi_0374,0,0.000228
afroxlmr,strip,template,2026,chichewa+norm,chi_0375,0,0.000299
afroxlmr,strip,template,2026,chichewa+norm,chi_0376,1,0.998502
afroxlmr,strip,template,2026,chichewa+norm,chi_0377,1,0.999282
afroxlmr,strip,template,2026,chichewa+norm,chi_0378,0,0.000221
afroxlmr,strip,template,2026,chichewa+norm,chi_0379,0,0.000223
afroxlmr,strip,template,2026,chichewa+norm,chi_0380,1,0.384403
afroxlmr,strip,template,2026,chichewa+norm,chi_0381,1,0.996095
afroxlmr,strip,template,2026,chichewa+norm,chi_0382,0,0.000271
afroxlmr,strip,template,2026,chichewa+norm,chi_0383,0,0.000286
afroxlmr,strip,template,2026,chichewa+norm,chi_0384,1,0.018271
afroxlmr,strip,template,2026,chichewa+norm,chi_0385,1,0.000365
afroxlmr,strip,template,2026,chichewa+norm,chi_0386,1,0.999379
afroxlmr,strip,template,2026,chichewa+norm,chi_0387,1,0.263044
afroxlmr,strip,template,2026,chichewa+norm,chi_0388,0,0.000196
afroxlmr,strip,template,2026,chichewa+norm,chi_0389,1,0.031766
afroxlmr,strip,template,2026,chichewa+norm,chi_0390,0,0.000858
afroxlmr,strip,template,2026,chichewa+norm,chi_0391,0,0.006997
afroxlmr,strip,template,2026,chichewa+norm,chi_0392,1,0.999719
afroxlmr,strip,template,2026,chichewa+norm,chi_0393,0,0.000614
afroxlmr,strip,template,2026,chichewa+norm,chi_0394,0,0.001355
afroxlmr,strip,template,2026,chichewa+norm,chi_0395,1,0.999760
afroxlmr,strip,template,2026,chichewa+norm,chi_0396,0,0.000486
afroxlmr,strip,template,2026,chichewa+norm,chi_0397,0,0.002357
afroxlmr,strip,template,2026,chichewa+norm,chi_0398,0,0.002206
afroxlmr,strip,template,2026,chichewa+norm,chi_0399,0,0.765486
afroxlmr,strip,template,2026,chichewa+norm,chi_0400,0,0.000654
afroxlmr,strip,template,2026,chichewa+norm,chi_0401,0,0.000455
afroxlmr,strip,template,2026,chichewa+norm,chi_0402,0,0.000358
afroxlmr,strip,template,2026,chichewa+norm,chi_0403,0,0.000709
afroxlmr,strip,template,2026,chichewa+norm,chi_0404,0,0.000378
afroxlmr,strip,template,2026,chichewa+norm,chi_0405,0,0.000293
afroxlmr,strip,template,2026,chichewa+norm,chi_0406,0,0.000558
afroxlmr,strip,template,2026,chichewa+norm,chi_0407,0,0.000417
afroxlmr,strip,template,2026,chichewa+norm,chi_0408,0,0.000500
afroxlmr,strip,template,2026,chichewa+norm,chi_0409,0,0.001006
afroxlmr,strip,template,2026,chichewa+norm,chi_0410,0,0.001275
afroxlmr,strip,template,2026,chichewa+norm,chi_0411,1,0.999708
afroxlmr,strip,template,2026,chichewa+norm,chi_0412,1,0.999781
afroxlmr,strip,template,2026,chichewa+norm,chi_0413,1,0.999578
afroxlmr,strip,template,2026,chichewa+norm,chi_0414,0,0.000252
afroxlmr,strip,template,2026,chichewa+norm,chi_0415,0,0.000210
afroxlmr,strip,template,2026,chichewa+norm,chi_0416,1,0.998142
afroxlmr,strip,template,2026,chichewa+norm,chi_0417,1,0.991692
afroxlmr,strip,template,2026,chichewa+norm,chi_0418,1,0.002193
afroxlmr,strip,template,2026,chichewa+norm,chi_0419,0,0.000501
afroxlmr,strip,template,2026,chichewa+norm,chi_0420,1,0.003379
afroxlmr,strip,template,2026,chichewa+norm,chi_0421,0,0.000267
afroxlmr,strip,template,2026,chichewa+norm,chi_0422,0,0.000213
afroxlmr,strip,template,2026,chichewa+norm,chi_0423,1,0.749973
afroxlmr,strip,template,2026,chichewa+norm,chi_0424,1,0.007549
afroxlmr,strip,template,2026,chichewa+norm,chi_0425,0,0.000258
afroxlmr,strip,template,2026,chichewa+norm,chi_0426,1,0.829311
afroxlmr,strip,template,2026,chichewa+norm,chi_0427,1,0.897634
afroxlmr,strip,template,2026,chichewa+norm,chi_0428,1,0.998589
afroxlmr,strip,template,2026,chichewa+norm,chi_0429,0,0.023249
afroxlmr,strip,template,2026,chichewa+norm,chi_0430,0,0.030039
afroxlmr,strip,template,2026,chichewa+norm,chi_0431,0,0.009878
afroxlmr,strip,template,2026,chichewa+norm,chi_0432,1,0.998979
afroxlmr,strip,template,2026,chichewa+norm,chi_0433,1,0.997865
afroxlmr,strip,template,2026,chichewa+norm,chi_0434,1,0.999641
afroxlmr,strip,template,2026,chichewa+norm,chi_0435,1,0.999408
afroxlmr,strip,template,2026,chichewa+norm,chi_0436,1,0.999686
afroxlmr,strip,template,2026,chichewa+norm,chi_0437,1,0.995177
afroxlmr,strip,template,2026,chichewa+norm,chi_0438,1,0.999236
afroxlmr,strip,template,2026,chichewa+norm,chi_0439,1,0.085252
afroxlmr,strip,template,2026,chichewa+norm,chi_0440,1,0.998080
afroxlmr,strip,template,2026,chichewa+norm,chi_0441,1,0.999087
afroxlmr,strip,template,2026,chichewa+norm,chi_0442,1,0.997840
afroxlmr,strip,template,2026,chichewa+norm,chi_0443,1,0.396826
afroxlmr,strip,template,2026,chichewa+norm,chi_0444,1,0.999270
afroxlmr,strip,template,2026,chichewa+norm,chi_0445,1,0.999479
afroxlmr,strip,template,2026,chichewa+norm,chi_0446,1,0.988894
afroxlmr,strip,template,2026,chichewa+norm,chi_0447,1,0.067836
afroxlmr,strip,template,2026,chichewa+norm,chi_0448,1,0.965340
afroxlmr,strip,template,2026,chichewa+norm,chi_0449,1,0.983433
afroxlmr,strip,template,2026,chichewa+norm,chi_0450,1,0.998498
afroxlmr,strip,template,2026,chichewa+norm,chi_0451,0,0.997453
afroxlmr,strip,template,2026,chichewa+norm,chi_0452,0,0.000604
afroxlmr,strip,template,2026,chichewa+norm,chi_0453,1,0.999167
afroxlmr,strip,template,2026,chichewa+norm,chi_0454,1,0.988360
afroxlmr,strip,template,2026,chichewa+norm,chi_0455,1,0.083557
afroxlmr,strip,template,2026,chichewa+norm,chi_0456,1,0.999536
afroxlmr,strip,template,2026,chichewa+norm,chi_0457,1,0.999787
afroxlmr,strip,template,2026,chichewa+norm,chi_0458,1,0.999642
afroxlmr,strip,template,2026,chichewa+norm,chi_0459,0,0.001620
afroxlmr,strip,template,2026,chichewa+norm,chi_0460,1,0.998421
afroxlmr,strip,template,2026,chichewa+norm,chi_0461,1,0.998531
afroxlmr,strip,template,2026,chichewa+norm,chi_0462,0,0.564903
afroxlmr,strip,template,2026,chichewa+norm,chi_0463,0,0.757829
afroxlmr,strip,template,2026,chichewa+norm,chi_0464,1,0.997198
afroxlmr,strip,template,2026,chichewa+norm,chi_0465,0,0.960616
afroxlmr,strip,template,2026,chichewa+norm,chi_0466,0,0.002634
afroxlmr,strip,template,2026,chichewa+norm,chi_0467,1,0.998528
afroxlmr,strip,template,2026,chichewa+norm,chi_0468,1,0.999779
afroxlmr,strip,template,2026,chichewa+norm,chi_0469,0,0.032329
afroxlmr,strip,template,2026,chichewa+norm,chi_0470,0,0.026346
afroxlmr,strip,template,2026,chichewa+norm,chi_0471,1,0.542456
afroxlmr,strip,template,2026,chichewa+norm,chi_0472,1,0.999632
afroxlmr,strip,template,2026,chichewa+norm,chi_0473,0,0.003304
afroxlmr,strip,template,2026,chichewa+norm,chi_0474,0,0.001257
afroxlmr,strip,template,2026,chichewa+norm,chi_0475,1,0.999767
afroxlmr,strip,template,2026,chichewa+norm,chi_0476,1,0.984887
afroxlmr,strip,template,2026,chichewa+norm,chi_0477,1,0.999017
afroxlmr,strip,template,2026,chichewa+norm,chi_0478,0,0.999136
afroxlmr,strip,template,2026,chichewa+norm,chi_0479,0,0.999562
afroxlmr,strip,template,2026,chichewa+norm,chi_0480,0,0.000429
afroxlmr,strip,template,2026,chichewa+norm,chi_0481,1,0.929852
afroxlmr,strip,template,2026,chichewa+norm,chi_0482,1,0.999477
afroxlmr,strip,template,2026,chichewa+norm,chi_0483,0,0.999786
afroxlmr,strip,template,2026,chichewa+norm,chi_0484,0,0.998386
afroxlmr,strip,template,2026,chichewa+norm,chi_0485,0,0.999701
afroxlmr,strip,template,2026,chichewa+norm,chi_0486,1,0.998273
afroxlmr,strip,template,2026,chichewa+norm,chi_0487,1,0.999682
afroxlmr,strip,template,2026,chichewa+norm,chi_0488,1,0.998768
afroxlmr,strip,template,2026,chichewa+norm,chi_0489,0,0.991647
afroxlmr,strip,template,2026,chichewa+norm,chi_0490,0,0.999464
afroxlmr,strip,template,2026,chichewa+norm,chi_0491,1,0.978224
afroxlmr,strip,template,2026,chichewa+norm,chi_0492,1,0.998678
afroxlmr,strip,template,2026,chichewa+norm,chi_0493,1,0.986274
afroxlmr,strip,template,2026,chichewa+norm,chi_0494,0,0.999792
afroxlmr,strip,template,2026,chichewa+norm,chi_0495,0,0.001328
afroxlmr,strip,template,2026,chichewa+norm,chi_0496,0,0.003368
afroxlmr,strip,template,2026,chichewa+norm,chi_0497,1,0.892620
afroxlmr,strip,template,2026,chichewa+norm,chi_0498,1,0.417680
afroxlmr,strip,template,2026,chichewa+norm,chi_0499,0,0.062054
afroxlmr,strip,template,2026,chichewa+norm,chi_0500,0,0.272729
afroxlmr,strip,template,2026,chichewa+norm,chi_0501,0,0.975795
afroxlmr,strip,template,2026,chichewa+norm,chi_0502,1,0.005493
afroxlmr,strip,template,2026,chichewa+norm,chi_0503,1,0.997402
afroxlmr,strip,template,2026,chichewa+norm,chi_0504,1,0.987508
afroxlmr,strip,template,2026,chichewa+norm,chi_0505,0,0.000369
afroxlmr,strip,template,2026,chichewa+norm,chi_0506,0,0.000350
afroxlmr,strip,template,2026,chichewa+norm,chi_0507,0,0.000259
afroxlmr,strip,template,2026,chichewa+norm,chi_0508,1,0.839832
afroxlmr,strip,template,2026,chichewa+norm,chi_0509,1,0.166978
afroxlmr,strip,template,2026,chichewa+norm,chi_0510,1,0.112086
afroxlmr,strip,template,2026,chichewa+norm,chi_0511,0,0.188328
afroxlmr,strip,template,2026,chichewa+norm,chi_0512,0,0.998247
afroxlmr,strip,template,2026,chichewa+norm,chi_0513,0,0.998845
afroxlmr,strip,template,2026,chichewa+norm,chi_0514,1,0.998801
afroxlmr,strip,template,2026,chichewa+norm,chi_0515,1,0.680247
afroxlmr,strip,template,2026,chichewa+norm,chi_0516,1,0.956789
afroxlmr,strip,template,2026,chichewa+norm,chi_0517,0,0.000987
afroxlmr,strip,template,2026,chichewa+norm,chi_0518,0,0.000260
afroxlmr,strip,template,2026,chichewa+norm,chi_0519,1,0.001126
afroxlmr,strip,template,2026,chichewa+norm,chi_0520,1,0.711844
afroxlmr,strip,template,2026,chichewa+norm,chi_0521,1,0.995529
afroxlmr,strip,template,2026,chichewa+norm,chi_0522,0,0.999765
afroxlmr,strip,template,2026,chichewa+norm,chi_0523,0,0.999711
afroxlmr,strip,template,2026,chichewa+norm,chi_0524,0,0.005490
afroxlmr,strip,template,2026,chichewa+norm,chi_0525,1,0.994932
afroxlmr,strip,template,2026,chichewa+norm,chi_0526,1,0.172675
afroxlmr,strip,template,2026,chichewa+norm,chi_0527,1,0.997966
afroxlmr,strip,template,2026,chichewa+norm,chi_0528,0,0.000189
afroxlmr,strip,template,2026,chichewa+norm,chi_0529,0,0.000264
afroxlmr,strip,template,2026,chichewa+norm,chi_0530,0,0.000190
afroxlmr,strip,template,2026,chichewa+norm,chi_0531,1,0.978322
afroxlmr,strip,template,2026,chichewa+norm,chi_0532,1,0.658955
afroxlmr,strip,template,2026,chichewa+norm,chi_0533,1,0.411208
afroxlmr,strip,template,2026,chichewa+norm,chi_0534,0,0.012522
afroxlmr,strip,template,2026,chichewa+norm,chi_0535,0,0.000544
afroxlmr,strip,template,2026,chichewa+norm,chi_0536,0,0.001836
afroxlmr,strip,template,2026,chichewa+norm,chi_0537,1,0.981551
afroxlmr,strip,template,2026,chichewa+norm,chi_0538,1,0.621490
afroxlmr,strip,template,2026,chichewa+norm,chi_0539,1,0.040920
afroxlmr,strip,template,2026,chichewa+norm,chi_0540,0,0.126503
afroxlmr,strip,template,2026,chichewa+norm,chi_0541,0,0.012549
afroxlmr,strip,template,2026,chichewa+norm,chi_0542,0,0.000296
afroxlmr,strip,template,2026,chichewa+norm,chi_0543,1,0.185293
afroxlmr,strip,template,2026,chichewa+norm,chi_0544,1,0.827016
afroxlmr,strip,template,2026,chichewa+norm,chi_0545,1,0.993913
afroxlmr,strip,template,2026,chichewa+norm,chi_0546,0,0.162610
afroxlmr,strip,template,2026,chichewa+norm,chi_0547,0,0.964413
afroxlmr,strip,template,2026,chichewa+norm,chi_0548,0,0.005553
afroxlmr,strip,template,2026,chichewa+norm,chi_0549,1,0.994850
afroxlmr,strip,template,2026,chichewa+norm,chi_0550,1,0.793795
afroxlmr,strip,template,2026,chichewa+norm,chi_0551,1,0.999448
afroxlmr,strip,template,2026,chichewa+norm,chi_0552,0,0.001880
afroxlmr,strip,template,2026,chichewa+norm,chi_0553,0,0.000237
afroxlmr,strip,template,2026,chichewa+norm,chi_0554,1,0.001128
afroxlmr,strip,template,2026,chichewa+norm,chi_0555,1,0.000308
afroxlmr,strip,template,2026,chichewa+norm,chi_0556,1,0.001520
afroxlmr,strip,template,2026,chichewa+norm,chi_0557,0,0.999786
afroxlmr,strip,template,2026,chichewa+norm,chi_0558,0,0.017903
afroxlmr,strip,template,2026,chichewa+norm,chi_0559,0,0.999503
afroxlmr,strip,template,2026,chichewa+norm,chi_0560,1,0.900801
afroxlmr,strip,template,2026,chichewa+norm,chi_0561,1,0.957858
afroxlmr,strip,template,2026,chichewa+norm,chi_0562,1,0.999221
afroxlmr,strip,template,2026,chichewa+norm,chi_0563,0,0.997444
afroxlmr,strip,template,2026,chichewa+norm,chi_0564,0,0.999741
afroxlmr,strip,template,2026,chichewa+norm,chi_0565,0,0.991877
afroxlmr,strip,template,2026,chichewa+norm,chi_0566,0,0.000432
afroxlmr,strip,template,2026,chichewa+norm,chi_0567,1,0.930316
afroxlmr,strip,template,2026,chichewa+norm,chi_0568,1,0.999538
afroxlmr,strip,template,2026,chichewa+norm,chi_0569,1,0.999659
afroxlmr,strip,template,2026,chichewa+norm,chi_0570,1,0.975451
afroxlmr,strip,template,2026,chichewa+norm,chi_0571,0,0.998632
afroxlmr,strip,template,2026,chichewa+norm,chi_0572,1,0.967902
afroxlmr,strip,template,2026,chichewa+norm,chi_0573,1,0.993645
afroxlmr,strip,template,2026,chichewa+norm,chi_0574,1,0.999032
afroxlmr,strip,template,2026,chichewa+norm,chi_0575,0,0.999103
afroxlmr,strip,template,2026,chichewa+norm,chi_0576,1,0.888424
afroxlmr,strip,template,2026,chichewa+norm,chi_0577,1,0.000358
afroxlmr,strip,template,2026,chichewa+norm,chi_0578,0,0.000404
afroxlmr,strip,template,2026,chichewa+norm,chi_0579,0,0.000231
afroxlmr,strip,template,2026,chichewa+norm,chi_0580,0,0.000456
afroxlmr,strip,template,2026,chichewa+norm,chi_0581,1,0.000556
afroxlmr,strip,template,2026,chichewa+norm,chi_0582,0,0.000263
afroxlmr,strip,template,2026,chichewa+norm,chi_0583,0,0.000295
afroxlmr,strip,template,2026,chichewa+norm,chi_0584,0,0.000497
afroxlmr,strip,template,2026,chichewa+norm,chi_0585,0,0.000637
afroxlmr,strip,template,2026,chichewa+norm,chi_0586,0,0.000252
afroxlmr,strip,template,2026,chichewa+norm,chi_0587,0,0.000302
afroxlmr,strip,template,2026,chichewa+norm,chi_0588,0,0.000744
afroxlmr,strip,template,2026,chichewa+norm,chi_0589,1,0.999689
afroxlmr,strip,template,2026,chichewa+norm,chi_0590,1,0.002762
afroxlmr,strip,template,2026,chichewa+norm,chi_0591,1,0.977567
afroxlmr,strip,template,2026,chichewa+norm,chi_0592,0,0.000316
afroxlmr,strip,template,2026,chichewa+norm,chi_0593,0,0.000372
afroxlmr,strip,template,2026,chichewa+norm,chi_0594,0,0.000378
afroxlmr,strip,template,2026,chichewa+norm,chi_0595,1,0.000580
afroxlmr,strip,template,2026,chichewa+norm,chi_0596,1,0.999537
afroxlmr,strip,template,2026,chichewa+norm,chi_0597,1,0.008799
afroxlmr,strip,template,2026,chichewa+norm,chi_0598,1,0.010624
afroxlmr,strip,template,2026,chichewa+norm,chi_0599,0,0.000742
afroxlmr,strip,template,2026,chichewa+norm,chi_0600,0,0.000836
afroxlmr,strip,template,2026,chichewa+norm,chi_0601,0,0.001276
afroxlmr,strip,template,2026,chichewa+norm,chi_0602,1,0.999163
afroxlmr,strip,template,2026,chichewa+norm,chi_0603,0,0.000748
afroxlmr,strip,template,2026,chichewa+norm,chi_0604,0,0.999738
afroxlmr,strip,template,2026,chichewa+norm,chi_0605,0,0.998647
afroxlmr,strip,template,2026,chichewa+norm,chi_0606,1,0.000268
afroxlmr,strip,template,2026,chichewa+norm,chi_0607,0,0.000470
afroxlmr,strip,template,2026,chichewa+norm,chi_0608,0,0.000368
afroxlmr,strip,template,2026,chichewa+norm,chi_0609,0,0.002163
afroxlmr,strip,template,2026,chichewa+norm,chi_0610,1,0.979990
afroxlmr,strip,template,2026,chichewa+norm,chi_0611,0,0.000326
afroxlmr,strip,template,2026,chichewa+norm,chi_0612,0,0.000228
afroxlmr,strip,template,2026,chichewa+norm,chi_0613,0,0.000223
afroxlmr,strip,template,2026,chichewa+norm,chi_0614,0,0.000265
afroxlmr,strip,template,2026,chichewa+norm,chi_0615,1,0.804059
afroxlmr,strip,template,2026,chichewa+norm,chi_0616,0,0.000402
afroxlmr,strip,template,2026,chichewa+norm,chi_0617,0,0.000321
afroxlmr,strip,template,2026,chichewa+norm,chi_0618,1,0.778339
afroxlmr,strip,template,2026,chichewa+norm,chi_0619,1,0.999589
afroxlmr,strip,template,2026,chichewa+norm,chi_0620,1,0.000690
afroxlmr,strip,template,2026,chichewa+norm,chi_0621,0,0.000190
afroxlmr,strip,template,2026,chichewa+norm,chi_0622,0,0.000212
afroxlmr,strip,template,2026,chichewa+norm,chi_0623,0,0.999369
afroxlmr,strip,template,2026,chichewa+norm,chi_0624,1,0.056598
afroxlmr,strip,template,2026,chichewa+norm,chi_0625,0,0.999712
afroxlmr,strip,template,2026,chichewa+norm,chi_0626,0,0.000645
afroxlmr,strip,template,2026,chichewa+norm,chi_0627,0,0.000210
afroxlmr,strip,template,2026,chichewa+norm,chi_0628,0,0.998833
afroxlmr,strip,template,2026,chichewa+norm,chi_0629,0,0.260457
afroxlmr,strip,template,2026,chichewa+norm,chi_0630,1,0.962870
afroxlmr,strip,template,2026,chichewa+norm,chi_0631,1,0.999114
afroxlmr,strip,template,2026,chichewa+norm,chi_0632,0,0.573234
afroxlmr,strip,template,2026,chichewa+norm,chi_0633,0,0.918403
afroxlmr,strip,template,2026,chichewa+norm,chi_0634,1,0.999483
afroxlmr,strip,template,2026,chichewa+norm,chi_0635,1,0.952796
afroxlmr,strip,template,2026,chichewa+norm,chi_0636,1,0.999243
afroxlmr,strip,template,2026,chichewa+norm,chi_0637,0,0.018809
afroxlmr,strip,template,2026,chichewa+norm,chi_0638,0,0.996421
afroxlmr,strip,template,2026,chichewa+norm,chi_0639,0,0.001158
afroxlmr,strip,template,2026,chichewa+norm,chi_0640,0,0.999741
afroxlmr,strip,template,2026,chichewa+norm,chi_0641,1,0.432888
afroxlmr,strip,template,2026,chichewa+norm,chi_0642,1,0.072879
afroxlmr,strip,template,2026,chichewa+norm,chi_0643,1,0.497436
afroxlmr,strip,template,2026,chichewa+norm,chi_0644,0,0.997161
afroxlmr,strip,template,2026,chichewa+norm,chi_0645,1,0.999809
afroxlmr,strip,template,2026,chichewa+norm,chi_0646,1,0.999810
afroxlmr,strip,template,2026,chichewa+norm,chi_0647,1,0.999707
afroxlmr,strip,template,2026,chichewa+norm,chi_0648,1,0.999694
afroxlmr,strip,template,2026,chichewa+norm,chi_0649,1,0.999769
afroxlmr,strip,template,2026,chichewa+norm,chi_0650,1,0.999823
afroxlmr,strip,template,2026,chichewa+norm,chi_0651,1,0.995273
afroxlmr,strip,template,2026,chichewa+norm,chi_0652,1,0.999828
afroxlmr,strip,template,2026,chichewa+norm,chi_0653,1,0.999676
afroxlmr,strip,template,2026,chichewa+norm,chi_0654,1,0.998825
afroxlmr,strip,template,2026,chichewa+norm,chi_0655,1,0.999601
afroxlmr,strip,template,2026,chichewa+norm,chi_0656,1,0.793720
afroxlmr,strip,template,2026,chichewa+norm,chi_0657,1,0.999715
afroxlmr,strip,template,2026,chichewa+norm,chi_0658,1,0.999748
afroxlmr,strip,template,2026,chichewa+norm,chi_0659,1,0.999786
afroxlmr,strip,template,2026,chichewa+norm,chi_0660,1,0.999739
afroxlmr,strip,template,2026,chichewa+norm,chi_0661,1,0.995810
afroxlmr,strip,template,2026,chichewa+norm,chi_0662,1,0.994234
afroxlmr,strip,template,2026,chichewa+norm,chi_0663,1,0.997856
afroxlmr,strip,template,2026,chichewa+norm,chi_0664,1,0.989230
afroxlmr,strip,template,2026,chichewa+norm,chi_0665,1,0.999223
afroxlmr,strip,template,2026,chichewa+norm,chi_0666,1,0.996500
afroxlmr,strip,template,2026,chichewa+norm,chi_0667,1,0.999503
afroxlmr,strip,template,2026,chichewa+norm,chi_0668,0,0.000230
afroxlmr,strip,template,2026,chichewa+norm,chi_0669,0,0.000458
afroxlmr,strip,template,2026,chichewa+norm,chi_0670,0,0.999734
afroxlmr,strip,template,2026,chichewa+norm,chi_0671,0,0.999682
afroxlmr,strip,template,2026,chichewa+norm,chi_0672,0,0.002577
afroxlmr,strip,template,2026,chichewa+norm,chi_0673,0,0.999555
afroxlmr,strip,template,2026,chichewa+norm,chi_0674,0,0.999739
afroxlmr,strip,template,2026,chichewa+norm,chi_0675,0,0.999758
afroxlmr,strip,template,2026,chichewa+norm,chi_0676,0,0.999049
afroxlmr,strip,template,2026,chichewa+norm,chi_0677,0,0.999196
afroxlmr,strip,template,2026,chichewa+norm,chi_0678,0,0.994453
afroxlmr,strip,template,2026,chichewa+norm,chi_0679,0,0.901156
afroxlmr,strip,template,2026,chichewa+norm,chi_0680,0,0.999717
afroxlmr,strip,template,2026,chichewa+norm,chi_0681,0,0.999771
afroxlmr,strip,template,2026,chichewa+norm,chi_0682,0,0.999351
afroxlmr,strip,template,2026,chichewa+norm,chi_0683,0,0.999476
afroxlmr,strip,template,2026,chichewa+norm,chi_0684,0,0.998029
afroxlmr,strip,template,2026,chichewa+norm,chi_0685,0,0.999795
afroxlmr,strip,template,2026,chichewa+norm,chi_0686,0,0.999595
afroxlmr,strip,template,2026,chichewa+norm,chi_0687,0,0.733994
afroxlmr,strip,template,2026,chichewa+norm,chi_0688,0,0.999534
afroxlmr,strip,template,2026,chichewa+norm,chi_0689,0,0.996616
afroxlmr,strip,template,2026,chichewa+norm,chi_0690,0,0.605077
afroxlmr,strip,template,2026,chichewa+norm,chi_0691,0,0.000330
afroxlmr,strip,template,2026,chichewa+norm,chi_0692,0,0.063219
afroxlmr,strip,template,2026,chichewa+norm,chi_0693,0,0.994584
afroxlmr,strip,template,2026,chichewa+norm,chi_0694,0,0.999153
afroxlmr,strip,template,2026,chichewa+norm,chi_0695,0,0.992258
afroxlmr,strip,template,2026,chichewa+norm,chi_0696,0,0.963431
afroxlmr,strip,template,2026,chichewa+norm,chi_0697,0,0.055250
afroxlmr,strip,template,2026,chichewa+norm,chi_0698,0,0.999297
afroxlmr,strip,template,2026,chichewa+norm,chi_0699,0,0.999397
afroxlmr,strip,template,2026,chichewa+norm,chi_0700,0,0.999226
afroxlmr,strip,template,2026,chichewa+norm,chi_0701,0,0.999359
afroxlmr,strip,template,2026,chichewa+norm,chi_0702,0,0.999544
afroxlmr,strip,template,2026,chichewa+norm,chi_0703,0,0.999712
afroxlmr,strip,template,2026,chichewa+norm,chi_0704,0,0.995396
afroxlmr,strip,template,2026,chichewa+norm,chi_0705,0,0.999684
afroxlmr,strip,template,2026,chichewa+norm,chi_0706,0,0.999629
afroxlmr,strip,template,2026,chichewa+norm,chi_0707,0,0.999485
afroxlmr,strip,template,2026,chichewa+norm,chi_0708,0,0.999756
afroxlmr,strip,template,2026,chichewa+norm,chi_0709,0,0.999751
afroxlmr,strip,template,2026,chichewa+norm,chi_0710,0,0.000527
afroxlmr,strip,template,2026,chichewa+norm,chi_0711,0,0.999777
afroxlmr,strip,template,2026,chichewa+norm,chi_0712,0,0.999759
afroxlmr,strip,template,2026,chichewa+norm,chi_0713,0,0.975665
afroxlmr,strip,template,2026,chichewa+norm,chi_0714,0,0.991339
afroxlmr,strip,template,2026,chichewa+norm,chi_0715,0,0.999428
afroxlmr,strip,template,2026,chichewa+norm,chi_0716,0,0.999385
afroxlmr,strip,template,2026,chichewa+norm,chi_0717,0,0.999186
afroxlmr,strip,template,2026,chichewa+norm,chi_0718,0,0.996722
afroxlmr,strip,template,2026,chichewa+norm,chi_0719,0,0.999463
afroxlmr,strip,template,2026,chichewa+norm,chi_0720,0,0.992889
afroxlmr,strip,template,2026,chichewa+norm,chi_0721,0,0.999684
afroxlmr,strip,template,2026,chichewa+norm,chi_0722,0,0.427187
afroxlmr,strip,template,2026,chichewa+norm,chi_0723,0,0.025156
afroxlmr,strip,template,2026,chichewa+norm,chi_0724,0,0.999213
afroxlmr,strip,template,2026,chichewa+norm,chi_0725,0,0.999509
afroxlmr,strip,template,2026,chichewa+norm,chi_0726,0,0.999445
afroxlmr,strip,template,2026,chichewa+norm,chi_0727,0,0.999654
afroxlmr,strip,template,2026,chichewa+norm,chi_0728,0,0.999773
afroxlmr,strip,template,2026,chichewa+norm,chi_0729,0,0.999795
afroxlmr,strip,template,2026,chichewa+norm,chi_0730,0,0.879068
afroxlmr,strip,template,2026,chichewa+norm,chi_0731,0,0.999245
afroxlmr,strip,template,2026,chichewa+norm,chi_0732,0,0.999823
