model,variant,split,seed,set,id,label,prob
afroxlmr,clean,template,13,val,bongo_0004,1,0.998741
afroxlmr,clean,template,13,val,bongo_0007,1,0.997176
afroxlmr,clean,template,13,val,bongo_0008,0,0.001173
afroxlmr,clean,template,13,val,bongo_0031,1,0.998709
afroxlmr,clean,template,13,val,bongo_0033,0,0.001141
afroxlmr,clean,template,13,val,bongo_0036,1,0.998644
afroxlmr,clean,template,13,val,bongo_0046,1,0.998724
afroxlmr,clean,template,13,val,bongo_0052,1,0.998790
afroxlmr,clean,template,13,val,bongo_0057,1,0.998705
afroxlmr,clean,template,13,val,bongo_0063,0,0.001124
afroxlmr,clean,template,13,val,bongo_0065,0,0.001143
afroxlmr,clean,template,13,val,bongo_0076,0,0.001680
afroxlmr,clean,template,13,val,bongo_0081,0,0.001031
afroxlmr,clean,template,13,val,bongo_0088,1,0.998841
afroxlmr,clean,template,13,val,bongo_0089,1,0.998711
afroxlmr,clean,template,13,val,bongo_0095,0,0.001159
afroxlmr,clean,template,13,val,bongo_0101,1,0.998769
afroxlmr,clean,template,13,val,bongo_0102,1,0.998785
afroxlmr,clean,template,13,val,bongo_0103,1,0.997664
afroxlmr,clean,template,13,val,bongo_0105,0,0.001197
afroxlmr,clean,template,13,val,bongo_0111,0,0.002990
afroxlmr,clean,template,13,val,bongo_0120,1,0.998724
afroxlmr,clean,template,13,val,bongo_0121,0,0.001304
afroxlmr,clean,template,13,val,bongo_0127,0,0.001107
afroxlmr,clean,template,13,val,bongo_0145,0,0.001105
afroxlmr,clean,template,13,val,bongo_0148,0,0.002198
afroxlmr,clean,template,13,val,bongo_0181,1,0.997826
afroxlmr,clean,template,13,val,bongo_0186,0,0.001062
afroxlmr,clean,template,13,val,bongo_0191,0,0.001473
afroxlmr,clean,template,13,val,bongo_0210,1,0.998661
afroxlmr,clean,template,13,val,bongo_0226,1,0.998730
afroxlmr,clean,template,13,val,bongo_0228,1,0.998711
afroxlmr,clean,template,13,val,bongo_0235,1,0.998741
afroxlmr,clean,template,13,val,bongo_0243,1,0.998831
afroxlmr,clean,template,13,val,bongo_0247,1,0.998843
afroxlmr,clean,template,13,val,bongo_0248,1,0.998784
afroxlmr,clean,template,13,val,bongo_0264,0,0.001285
afroxlmr,clean,template,13,val,bongo_0275,0,0.001106
afroxlmr,clean,template,13,val,bongo_0278,1,0.998848
afroxlmr,clean,template,13,val,bongo_0312,1,0.998737
afroxlmr,clean,template,13,val,bongo_0315,1,0.998689
afroxlmr,clean,template,13,val,bongo_0319,1,0.998538
afroxlmr,clean,template,13,val,bongo_0353,1,0.998746
afroxlmr,clean,template,13,val,bongo_0370,1,0.998648
afroxlmr,clean,template,13,val,bongo_0377,1,0.998815
afroxlmr,clean,template,13,val,bongo_0393,0,0.001122
afroxlmr,clean,template,13,val,bongo_0403,1,0.998810
afroxlmr,clean,template,13,val,bongo_0410,0,0.001253
afroxlmr,clean,template,13,val,bongo_0411,0,0.001177
afroxlmr,clean,template,13,val,bongo_0426,0,0.001242
afroxlmr,clean,template,13,val,bongo_0430,0,0.002157
afroxlmr,clean,template,13,val,bongo_0438,1,0.998696
afroxlmr,clean,template,13,val,bongo_0451,1,0.998743
afroxlmr,clean,template,13,val,bongo_0455,1,0.998722
afroxlmr,clean,template,13,val,bongo_0466,1,0.998828
afroxlmr,clean,template,13,val,bongo_0495,0,0.001716
afroxlmr,clean,template,13,val,bongo_0499,1,0.998784
afroxlmr,clean,template,13,val,bongo_0502,1,0.998840
afroxlmr,clean,template,13,val,bongo_0548,0,0.001286
afroxlmr,clean,template,13,val,bongo_0556,1,0.998844
afroxlmr,clean,template,13,val,bongo_0557,1,0.998831
afroxlmr,clean,template,13,val,bongo_0561,0,0.001642
afroxlmr,clean,template,13,val,bongo_0563,0,0.001506
afroxlmr,clean,template,13,val,bongo_0570,1,0.998680
afroxlmr,clean,template,13,val,bongo_0581,0,0.001770
afroxlmr,clean,template,13,val,bongo_0587,1,0.998840
afroxlmr,clean,template,13,val,bongo_0593,0,0.001535
afroxlmr,clean,template,13,val,bongo_0607,0,0.000990
afroxlmr,clean,template,13,val,bongo_0610,0,0.001284
afroxlmr,clean,template,13,val,bongo_0632,1,0.998629
afroxlmr,clean,template,13,val,bongo_0634,0,0.001202
afroxlmr,clean,template,13,val,bongo_0637,1,0.998672
afroxlmr,clean,template,13,val,bongo_0643,0,0.001028
afroxlmr,clean,template,13,val,bongo_0666,1,0.998777
afroxlmr,clean,template,13,val,bongo_0672,0,0.001066
afroxlmr,clean,template,13,val,bongo_0680,1,0.998723
afroxlmr,clean,template,13,val,bongo_0681,0,0.001336
afroxlmr,clean,template,13,val,bongo_0693,0,0.001119
afroxlmr,clean,template,13,val,bongo_0694,0,0.001188
afroxlmr,clean,template,13,val,bongo_0698,1,0.998755
afroxlmr,clean,template,13,val,bongo_0726,0,0.001806
afroxlmr,clean,template,13,val,bongo_0742,0,0.001227
afroxlmr,clean,template,13,val,bongo_0752,0,0.001113
afroxlmr,clean,template,13,val,bongo_0754,0,0.001380
afroxlmr,clean,template,13,val,bongo_0762,1,0.998648
afroxlmr,clean,template,13,val,bongo_0764,1,0.998610
afroxlmr,clean,template,13,val,bongo_0788,1,0.998845
afroxlmr,clean,template,13,val,bongo_0805,0,0.001179
afroxlmr,clean,template,13,val,bongo_0809,0,0.001355
afroxlmr,clean,template,13,val,bongo_0811,1,0.998788
afroxlmr,clean,template,13,val,bongo_0823,1,0.998748
afroxlmr,clean,template,13,val,bongo_0827,1,0.998764
afroxlmr,clean,template,13,val,bongo_0833,0,0.001607
afroxlmr,clean,template,13,val,bongo_0844,1,0.998718
afroxlmr,clean,template,13,val,bongo_0869,1,0.998747
afroxlmr,clean,template,13,val,bongo_0880,1,0.998820
afroxlmr,clean,template,13,val,bongo_0886,1,0.998727
afroxlmr,clean,template,13,val,bongo_0911,1,0.998736
afroxlmr,clean,template,13,val,bongo_0919,0,0.001197
afroxlmr,clean,template,13,val,bongo_0921,1,0.998817
afroxlmr,clean,template,13,val,bongo_0922,0,0.001295
afroxlmr,clean,template,13,val,bongo_0923,1,0.998734
afroxlmr,clean,template,13,val,bongo_0943,1,0.998596
afroxlmr,clean,template,13,val,bongo_0948,1,0.998745
afroxlmr,clean,template,13,val,bongo_0949,1,0.998815
afroxlmr,clean,template,13,val,bongo_0959,1,0.998594
afroxlmr,clean,template,13,val,bongo_0961,1,0.998736
afroxlmr,clean,template,13,val,bongo_0973,0,0.001017
afroxlmr,clean,template,13,val,bongo_0988,0,0.001078
afroxlmr,clean,template,13,val,bongo_0992,0,0.001647
afroxlmr,clean,template,13,val,bongo_1001,1,0.998862
afroxlmr,clean,template,13,val,bongo_1028,1,0.998851
afroxlmr,clean,template,13,val,bongo_1039,0,0.001057
afroxlmr,clean,template,13,val,bongo_1044,0,0.001166
afroxlmr,clean,template,13,val,bongo_1082,0,0.001165
afroxlmr,clean,template,13,val,bongo_1086,1,0.997960
afroxlmr,clean,template,13,val,bongo_1099,0,0.001639
afroxlmr,clean,template,13,val,bongo_1101,1,0.998837
afroxlmr,clean,template,13,val,bongo_1108,0,0.001081
afroxlmr,clean,template,13,val,bongo_1109,0,0.001144
afroxlmr,clean,template,13,val,bongo_1120,0,0.001101
afroxlmr,clean,template,13,val,bongo_1124,0,0.001107
afroxlmr,clean,template,13,val,bongo_1130,1,0.998639
afroxlmr,clean,template,13,val,bongo_1132,1,0.998661
afroxlmr,clean,template,13,val,bongo_1137,1,0.998788
afroxlmr,clean,template,13,val,bongo_1145,0,0.001178
afroxlmr,clean,template,13,val,bongo_1153,0,0.001496
afroxlmr,clean,template,13,val,bongo_1161,0,0.001156
afroxlmr,clean,template,13,val,bongo_1162,0,0.002771
afroxlmr,clean,template,13,val,bongo_1163,1,0.998677
afroxlmr,clean,template,13,val,bongo_1166,1,0.998804
afroxlmr,clean,template,13,val,bongo_1197,1,0.998804
afroxlmr,clean,template,13,val,bongo_1203,1,0.998852
afroxlmr,clean,template,13,val,bongo_1212,0,0.001159
afroxlmr,clean,template,13,val,bongo_1213,1,0.998694
afroxlmr,clean,template,13,val,bongo_1216,0,0.001527
afroxlmr,clean,template,13,val,bongo_1224,1,0.997972
afroxlmr,clean,template,13,val,bongo_1247,1,0.998784
afroxlmr,clean,template,13,val,bongo_1251,1,0.998706
afroxlmr,clean,template,13,val,bongo_1257,1,0.998757
afroxlmr,clean,template,13,val,bongo_1258,1,0.998728
afroxlmr,clean,template,13,val,bongo_1265,0,0.001100
afroxlmr,clean,template,13,val,bongo_1272,0,0.001200
afroxlmr,clean,template,13,val,bongo_1275,0,0.001225
afroxlmr,clean,template,13,val,bongo_1296,0,0.001257
afroxlmr,clean,template,13,val,bongo_1299,1,0.998668
afroxlmr,clean,template,13,val,bongo_1307,1,0.998863
afroxlmr,clean,template,13,val,bongo_1328,0,0.001045
afroxlmr,clean,template,13,val,bongo_1335,0,0.001642
afroxlmr,clean,template,13,val,bongo_1341,0,0.001085
afroxlmr,clean,template,13,val,bongo_1349,0,0.001100
afroxlmr,clean,template,13,val,bongo_1360,0,0.937469
afroxlmr,clean,template,13,test,bongo_0025,1,0.998715
afroxlmr,clean,template,13,test,bongo_0029,0,0.002252
afroxlmr,clean,template,13,test,bongo_0039,1,0.998784
afroxlmr,clean,template,13,test,bongo_0047,1,0.998744
afroxlmr,clean,template,13,test,bongo_0053,0,0.001284
afroxlmr,clean,template,13,test,bongo_0055,1,0.001784
afroxlmr,clean,template,13,test,bongo_0061,1,0.991511
afroxlmr,clean,template,13,test,bongo_0097,0,0.001153
afroxlmr,clean,template,13,test,bongo_0107,0,0.001240
afroxlmr,clean,template,13,test,bongo_0110,0,0.002024
afroxlmr,clean,template,13,test,bongo_0112,1,0.003454
afroxlmr,clean,template,13,test,bongo_0115,0,0.001164
afroxlmr,clean,template,13,test,bongo_0143,0,0.001076
afroxlmr,clean,template,13,test,bongo_0146,1,0.998796
afroxlmr,clean,template,13,test,bongo_0154,1,0.998785
afroxlmr,clean,template,13,test,bongo_0159,1,0.759771
afroxlmr,clean,template,13,test,bongo_0160,0,0.001252
afroxlmr,clean,template,13,test,bongo_0172,0,0.002504
afroxlmr,clean,template,13,test,bongo_0173,1,0.657709
afroxlmr,clean,template,13,test,bongo_0175,0,0.002639
afroxlmr,clean,template,13,test,bongo_0182,0,0.001301
afroxlmr,clean,template,13,test,bongo_0195,1,0.998740
afroxlmr,clean,template,13,test,bongo_0197,0,0.001128
afroxlmr,clean,template,13,test,bongo_0201,1,0.998666
afroxlmr,clean,template,13,test,bongo_0203,1,0.998796
afroxlmr,clean,template,13,test,bongo_0250,1,0.003388
afroxlmr,clean,template,13,test,bongo_0253,0,0.001094
afroxlmr,clean,template,13,test,bongo_0255,1,0.002145
afroxlmr,clean,template,13,test,bongo_0265,1,0.001546
afroxlmr,clean,template,13,test,bongo_0271,0,0.001573
afroxlmr,clean,template,13,test,bongo_0300,0,0.001272
afroxlmr,clean,template,13,test,bongo_0306,0,0.001098
afroxlmr,clean,template,13,test,bongo_0356,1,0.002345
afroxlmr,clean,template,13,test,bongo_0360,1,0.998836
afroxlmr,clean,template,13,test,bongo_0361,1,0.998790
afroxlmr,clean,template,13,test,bongo_0363,0,0.001000
afroxlmr,clean,template,13,test,bongo_0368,0,0.001134
afroxlmr,clean,template,13,test,bongo_0372,0,0.001077
afroxlmr,clean,template,13,test,bongo_0380,1,0.002572
afroxlmr,clean,template,13,test,bongo_0389,0,0.001317
afroxlmr,clean,template,13,test,bongo_0395,0,0.001781
afroxlmr,clean,template,13,test,bongo_0405,1,0.998724
afroxlmr,clean,template,13,test,bongo_0424,1,0.998730
afroxlmr,clean,template,13,test,bongo_0427,0,0.001134
afroxlmr,clean,template,13,test,bongo_0434,1,0.291592
afroxlmr,clean,template,13,test,bongo_0463,0,0.001170
afroxlmr,clean,template,13,test,bongo_0476,1,0.998770
afroxlmr,clean,template,13,test,bongo_0510,1,0.998801
afroxlmr,clean,template,13,test,bongo_0531,0,0.001301
afroxlmr,clean,template,13,test,bongo_0542,0,0.001146
afroxlmr,clean,template,13,test,bongo_0545,0,0.001121
afroxlmr,clean,template,13,test,bongo_0560,1,0.997728
afroxlmr,clean,template,13,test,bongo_0565,1,0.002224
afroxlmr,clean,template,13,test,bongo_0566,1,0.998762
afroxlmr,clean,template,13,test,bongo_0571,0,0.001602
afroxlmr,clean,template,13,test,bongo_0577,1,0.998723
afroxlmr,clean,template,13,test,bongo_0580,1,0.998731
afroxlmr,clean,template,13,test,bongo_0621,1,0.998674
afroxlmr,clean,template,13,test,bongo_0624,1,0.998845
afroxlmr,clean,template,13,test,bongo_0630,0,0.001146
afroxlmr,clean,template,13,test,bongo_0638,1,0.998782
afroxlmr,clean,template,13,test,bongo_0648,0,0.001597
afroxlmr,clean,template,13,test,bongo_0674,0,0.001150
afroxlmr,clean,template,13,test,bongo_0685,0,0.001291
afroxlmr,clean,template,13,test,bongo_0697,1,0.002367
afroxlmr,clean,template,13,test,bongo_0701,0,0.001368
afroxlmr,clean,template,13,test,bongo_0706,1,0.166158
afroxlmr,clean,template,13,test,bongo_0719,1,0.701106
afroxlmr,clean,template,13,test,bongo_0721,1,0.998560
afroxlmr,clean,template,13,test,bongo_0724,1,0.002204
afroxlmr,clean,template,13,test,bongo_0729,1,0.998699
afroxlmr,clean,template,13,test,bongo_0741,0,0.001082
afroxlmr,clean,template,13,test,bongo_0749,1,0.638230
afroxlmr,clean,template,13,test,bongo_0769,1,0.998524
afroxlmr,clean,template,13,test,bongo_0770,1,0.002028
afroxlmr,clean,template,13,test,bongo_0778,1,0.001560
afroxlmr,clean,template,13,test,bongo_0787,1,0.998836
afroxlmr,clean,template,13,test,bongo_0795,0,0.001888
afroxlmr,clean,template,13,test,bongo_0806,1,0.017923
afroxlmr,clean,template,13,test,bongo_0807,1,0.998835
afroxlmr,clean,template,13,test,bongo_0818,0,0.002183
afroxlmr,clean,template,13,test,bongo_0819,0,0.001196
afroxlmr,clean,template,13,test,bongo_0835,0,0.001090
afroxlmr,clean,template,13,test,bongo_0840,1,0.998836
afroxlmr,clean,template,13,test,bongo_0855,1,0.003500
afroxlmr,clean,template,13,test,bongo_0856,0,0.001148
afroxlmr,clean,template,13,test,bongo_0864,1,0.998782
afroxlmr,clean,template,13,test,bongo_0871,1,0.998863
afroxlmr,clean,template,13,test,bongo_0872,0,0.001263
afroxlmr,clean,template,13,test,bongo_0904,0,0.001154
afroxlmr,clean,template,13,test,bongo_0905,1,0.998827
afroxlmr,clean,template,13,test,bongo_0909,1,0.998764
afroxlmr,clean,template,13,test,bongo_0917,1,0.002130
afroxlmr,clean,template,13,test,bongo_0918,1,0.998784
afroxlmr,clean,template,13,test,bongo_0950,0,0.001346
afroxlmr,clean,template,13,test,bongo_0955,1,0.998834
afroxlmr,clean,template,13,test,bongo_0956,0,0.001234
afroxlmr,clean,template,13,test,bongo_0971,0,0.001087
afroxlmr,clean,template,13,test,bongo_0983,0,0.001099
afroxlmr,clean,template,13,test,bongo_0989,1,0.998838
afroxlmr,clean,template,13,test,bongo_0994,0,0.001217
afroxlmr,clean,template,13,test,bongo_1003,1,0.997362
afroxlmr,clean,template,13,test,bongo_1006,0,0.001115
afroxlmr,clean,template,13,test,bongo_1012,1,0.001977
afroxlmr,clean,template,13,test,bongo_1015,0,0.001047
afroxlmr,clean,template,13,test,bongo_1022,1,0.001903
afroxlmr,clean,template,13,test,bongo_1037,0,0.001123
afroxlmr,clean,template,13,test,bongo_1040,0,0.001238
afroxlmr,clean,template,13,test,bongo_1042,1,0.998732
afroxlmr,clean,template,13,test,bongo_1047,1,0.998813
afroxlmr,clean,template,13,test,bongo_1050,0,0.001298
afroxlmr,clean,template,13,test,bongo_1052,1,0.998701
afroxlmr,clean,template,13,test,bongo_1059,0,0.001738
afroxlmr,clean,template,13,test,bongo_1071,0,0.001579
afroxlmr,clean,template,13,test,bongo_1090,0,0.002337
afroxlmr,clean,template,13,test,bongo_1104,1,0.998787
afroxlmr,clean,template,13,test,bongo_1115,0,0.001107
afroxlmr,clean,template,13,test,bongo_1123,0,0.001220
afroxlmr,clean,template,13,test,bongo_1125,0,0.002226
afroxlmr,clean,template,13,test,bongo_1127,1,0.073295
afroxlmr,clean,template,13,test,bongo_1131,1,0.998556
afroxlmr,clean,template,13,test,bongo_1134,1,0.016462
afroxlmr,clean,template,13,test,bongo_1135,0,0.001374
afroxlmr,clean,template,13,test,bongo_1136,1,0.998708
afroxlmr,clean,template,13,test,bongo_1138,1,0.998795
afroxlmr,clean,template,13,test,bongo_1140,1,0.998798
afroxlmr,clean,template,13,test,bongo_1154,1,0.998797
afroxlmr,clean,template,13,test,bongo_1155,0,0.001248
afroxlmr,clean,template,13,test,bongo_1171,1,0.998762
afroxlmr,clean,template,13,test,bongo_1181,1,0.998754
afroxlmr,clean,template,13,test,bongo_1185,1,0.001609
afroxlmr,clean,template,13,test,bongo_1194,0,0.001160
afroxlmr,clean,template,13,test,bongo_1195,1,0.002106
afroxlmr,clean,template,13,test,bongo_1198,0,0.001107
afroxlmr,clean,template,13,test,bongo_1204,1,0.002603
afroxlmr,clean,template,13,test,bongo_1220,1,0.998817
afroxlmr,clean,template,13,test,bongo_1233,1,0.998797
afroxlmr,clean,template,13,test,bongo_1236,0,0.001233
afroxlmr,clean,template,13,test,bongo_1240,1,0.002095
afroxlmr,clean,template,13,test,bongo_1244,0,0.001130
afroxlmr,clean,template,13,test,bongo_1249,0,0.001247
afroxlmr,clean,template,13,test,bongo_1253,0,0.004738
afroxlmr,clean,template,13,test,bongo_1260,0,0.001080
afroxlmr,clean,template,13,test,bongo_1262,0,0.002381
afroxlmr,clean,template,13,test,bongo_1278,1,0.001794
afroxlmr,clean,template,13,test,bongo_1285,0,0.001453
afroxlmr,clean,template,13,test,bongo_1293,1,0.998829
afroxlmr,clean,template,13,test,bongo_1316,0,0.001671
afroxlmr,clean,template,13,test,bongo_1327,1,0.001590
afroxlmr,clean,template,13,test,bongo_1330,0,0.002069
afroxlmr,clean,template,13,test,bongo_1359,0,0.001196
afroxlmr,clean,template,13,test,bongo_1375,0,0.001379
afroxlmr,clean,template,13,test_lookalike_1,bongo_0025,1,0.998693
afroxlmr,clean,template,13,test_lookalike_1,bongo_0029,0,0.002252
afroxlmr,clean,template,13,test_lookalike_1,bongo_0039,1,0.998578
afroxlmr,clean,template,13,test_lookalike_1,bongo_0047,1,0.998692
afroxlmr,clean,template,13,test_lookalike_1,bongo_0053,0,0.001284
afroxlmr,clean,template,13,test_lookalike_1,bongo_0055,1,0.316919
afroxlmr,clean,template,13,test_lookalike_1,bongo_0061,1,0.991437
afroxlmr,clean,template,13,test_lookalike_1,bongo_0097,0,0.001153
afroxlmr,clean,template,13,test_lookalike_1,bongo_0107,0,0.001240
afroxlmr,clean,template,13,test_lookalike_1,bongo_0110,0,0.002024
afroxlmr,clean,template,13,test_lookalike_1,bongo_0112,1,0.008393
afroxlmr,clean,template,13,test_lookalike_1,bongo_0115,0,0.001164
afroxlmr,clean,template,13,test_lookalike_1,bongo_0143,0,0.001076
afroxlmr,clean,template,13,test_lookalike_1,bongo_0146,1,0.998775
afroxlmr,clean,template,13,test_lookalike_1,bongo_0154,1,0.998756
afroxlmr,clean,template,13,test_lookalike_1,bongo_0159,1,0.987291
afroxlmr,clean,template,13,test_lookalike_1,bongo_0160,0,0.001252
afroxlmr,clean,template,13,test_lookalike_1,bongo_0172,0,0.002504
afroxlmr,clean,template,13,test_lookalike_1,bongo_0173,1,0.994836
afroxlmr,clean,template,13,test_lookalike_1,bongo_0175,0,0.002639
afroxlmr,clean,template,13,test_lookalike_1,bongo_0182,0,0.001301
afroxlmr,clean,template,13,test_lookalike_1,bongo_0195,1,0.998611
afroxlmr,clean,template,13,test_lookalike_1,bongo_0197,0,0.001128
afroxlmr,clean,template,13,test_lookalike_1,bongo_0201,1,0.998516
afroxlmr,clean,template,13,test_lookalike_1,bongo_0203,1,0.998754
afroxlmr,clean,template,13,test_lookalike_1,bongo_0250,1,0.006093
afroxlmr,clean,template,13,test_lookalike_1,bongo_0253,0,0.001094
afroxlmr,clean,template,13,test_lookalike_1,bongo_0255,1,0.005128
afroxlmr,clean,template,13,test_lookalike_1,bongo_0265,1,0.002106
afroxlmr,clean,template,13,test_lookalike_1,bongo_0271,0,0.001573
afroxlmr,clean,template,13,test_lookalike_1,bongo_0300,0,0.001272
afroxlmr,clean,template,13,test_lookalike_1,bongo_0306,0,0.001098
afroxlmr,clean,template,13,test_lookalike_1,bongo_0356,1,0.041843
afroxlmr,clean,template,13,test_lookalike_1,bongo_0360,1,0.998774
afroxlmr,clean,template,13,test_lookalike_1,bongo_0361,1,0.998814
afroxlmr,clean,template,13,test_lookalike_1,bongo_0363,0,0.001000
afroxlmr,clean,template,13,test_lookalike_1,bongo_0368,0,0.001134
afroxlmr,clean,template,13,test_lookalike_1,bongo_0372,0,0.001077
afroxlmr,clean,template,13,test_lookalike_1,bongo_0380,1,0.230404
afroxlmr,clean,template,13,test_lookalike_1,bongo_0389,0,0.001317
afroxlmr,clean,template,13,test_lookalike_1,bongo_0395,0,0.001781
afroxlmr,clean,template,13,test_lookalike_1,bongo_0405,1,0.998610
afroxlmr,clean,template,13,test_lookalike_1,bongo_0424,1,0.998563
afroxlmr,clean,template,13,test_lookalike_1,bongo_0427,0,0.001134
afroxlmr,clean,template,13,test_lookalike_1,bongo_0434,1,0.982120
afroxlmr,clean,template,13,test_lookalike_1,bongo_0463,0,0.001170
afroxlmr,clean,template,13,test_lookalike_1,bongo_0476,1,0.998622
afroxlmr,clean,template,13,test_lookalike_1,bongo_0510,1,0.998657
afroxlmr,clean,template,13,test_lookalike_1,bongo_0531,0,0.001301
afroxlmr,clean,template,13,test_lookalike_1,bongo_0542,0,0.001146
afroxlmr,clean,template,13,test_lookalike_1,bongo_0545,0,0.001121
afroxlmr,clean,template,13,test_lookalike_1,bongo_0560,1,0.997849
afroxlmr,clean,template,13,test_lookalike_1,bongo_0565,1,0.026723
afroxlmr,clean,template,13,test_lookalike_1,bongo_0566,1,0.998652
afroxlmr,clean,template,13,test_lookalike_1,bongo_0571,0,0.001602
afroxlmr,clean,template,13,test_lookalike_1,bongo_0577,1,0.998624
afroxlmr,clean,template,13,test_lookalike_1,bongo_0580,1,0.998654
afroxlmr,clean,template,13,test_lookalike_1,bongo_0621,1,0.998686
afroxlmr,clean,template,13,test_lookalike_1,bongo_0624,1,0.998797
afroxlmr,clean,template,13,test_lookalike_1,bongo_0630,0,0.001146
afroxlmr,clean,template,13,test_lookalike_1,bongo_0638,1,0.998674
afroxlmr,clean,template,13,test_lookalike_1,bongo_0648,0,0.001597
afroxlmr,clean,template,13,test_lookalike_1,bongo_0674,0,0.001150
afroxlmr,clean,template,13,test_lookalike_1,bongo_0685,0,0.001291
afroxlmr,clean,template,13,test_lookalike_1,bongo_0697,1,0.027787
afroxlmr,clean,template,13,test_lookalike_1,bongo_0701,0,0.001368
afroxlmr,clean,template,13,test_lookalike_1,bongo_0706,1,0.981625
afroxlmr,clean,template,13,test_lookalike_1,bongo_0719,1,0.974701
afroxlmr,clean,template,13,test_lookalike_1,bongo_0721,1,0.998252
afroxlmr,clean,template,13,test_lookalike_1,bongo_0724,1,0.005324
afroxlmr,clean,template,13,test_lookalike_1,bongo_0729,1,0.998432
afroxlmr,clean,template,13,test_lookalike_1,bongo_0741,0,0.001082
afroxlmr,clean,template,13,test_lookalike_1,bongo_0749,1,0.979553
afroxlmr,clean,template,13,test_lookalike_1,bongo_0769,1,0.998353
afroxlmr,clean,template,13,test_lookalike_1,bongo_0770,1,0.077925
afroxlmr,clean,template,13,test_lookalike_1,bongo_0778,1,0.015874
afroxlmr,clean,template,13,test_lookalike_1,bongo_0787,1,0.998721
afroxlmr,clean,template,13,test_lookalike_1,bongo_0795,0,0.001888
afroxlmr,clean,template,13,test_lookalike_1,bongo_0806,1,0.007034
afroxlmr,clean,template,13,test_lookalike_1,bongo_0807,1,0.998751
afroxlmr,clean,template,13,test_lookalike_1,bongo_0818,0,0.002183
afroxlmr,clean,template,13,test_lookalike_1,bongo_0819,0,0.001196
afroxlmr,clean,template,13,test_lookalike_1,bongo_0835,0,0.001090
afroxlmr,clean,template,13,test_lookalike_1,bongo_0840,1,0.998785
afroxlmr,clean,template,13,test_lookalike_1,bongo_0855,1,0.008690
afroxlmr,clean,template,13,test_lookalike_1,bongo_0856,0,0.001148
afroxlmr,clean,template,13,test_lookalike_1,bongo_0864,1,0.998595
afroxlmr,clean,template,13,test_lookalike_1,bongo_0871,1,0.998779
afroxlmr,clean,template,13,test_lookalike_1,bongo_0872,0,0.001263
afroxlmr,clean,template,13,test_lookalike_1,bongo_0904,0,0.001154
afroxlmr,clean,template,13,test_lookalike_1,bongo_0905,1,0.998465
afroxlmr,clean,template,13,test_lookalike_1,bongo_0909,1,0.998620
afroxlmr,clean,template,13,test_lookalike_1,bongo_0917,1,0.001924
afroxlmr,clean,template,13,test_lookalike_1,bongo_0918,1,0.998767
afroxlmr,clean,template,13,test_lookalike_1,bongo_0950,0,0.001346
afroxlmr,clean,template,13,test_lookalike_1,bongo_0955,1,0.998644
afroxlmr,clean,template,13,test_lookalike_1,bongo_0956,0,0.001234
afroxlmr,clean,template,13,test_lookalike_1,bongo_0971,0,0.001087
afroxlmr,clean,template,13,test_lookalike_1,bongo_0983,0,0.001099
afroxlmr,clean,template,13,test_lookalike_1,bongo_0989,1,0.998677
afroxlmr,clean,template,13,test_lookalike_1,bongo_0994,0,0.001217
afroxlmr,clean,template,13,test_lookalike_1,bongo_1003,1,0.997247
afroxlmr,clean,template,13,test_lookalike_1,bongo_1006,0,0.001115
afroxlmr,clean,template,13,test_lookalike_1,bongo_1012,1,0.207335
afroxlmr,clean,template,13,test_lookalike_1,bongo_1015,0,0.001047
afroxlmr,clean,template,13,test_lookalike_1,bongo_1022,1,0.728400
afroxlmr,clean,template,13,test_lookalike_1,bongo_1037,0,0.001123
afroxlmr,clean,template,13,test_lookalike_1,bongo_1040,0,0.001238
afroxlmr,clean,template,13,test_lookalike_1,bongo_1042,1,0.998727
afroxlmr,clean,template,13,test_lookalike_1,bongo_1047,1,0.998769
afroxlmr,clean,template,13,test_lookalike_1,bongo_1050,0,0.001298
afroxlmr,clean,template,13,test_lookalike_1,bongo_1052,1,0.998642
afroxlmr,clean,template,13,test_lookalike_1,bongo_1059,0,0.001738
afroxlmr,clean,template,13,test_lookalike_1,bongo_1071,0,0.001579
afroxlmr,clean,template,13,test_lookalike_1,bongo_1090,0,0.002337
afroxlmr,clean,template,13,test_lookalike_1,bongo_1104,1,0.998622
afroxlmr,clean,template,13,test_lookalike_1,bongo_1115,0,0.001107
afroxlmr,clean,template,13,test_lookalike_1,bongo_1123,0,0.001220
afroxlmr,clean,template,13,test_lookalike_1,bongo_1125,0,0.002226
afroxlmr,clean,template,13,test_lookalike_1,bongo_1127,1,0.962663
afroxlmr,clean,template,13,test_lookalike_1,bongo_1131,1,0.998353
afroxlmr,clean,template,13,test_lookalike_1,bongo_1134,1,0.035034
afroxlmr,clean,template,13,test_lookalike_1,bongo_1135,0,0.001374
afroxlmr,clean,template,13,test_lookalike_1,bongo_1136,1,0.998730
afroxlmr,clean,template,13,test_lookalike_1,bongo_1138,1,0.998196
afroxlmr,clean,template,13,test_lookalike_1,bongo_1140,1,0.998630
afroxlmr,clean,template,13,test_lookalike_1,bongo_1154,1,0.998761
afroxlmr,clean,template,13,test_lookalike_1,bongo_1155,0,0.001248
afroxlmr,clean,template,13,test_lookalike_1,bongo_1171,1,0.998627
afroxlmr,clean,template,13,test_lookalike_1,bongo_1181,1,0.998564
afroxlmr,clean,template,13,test_lookalike_1,bongo_1185,1,0.001789
afroxlmr,clean,template,13,test_lookalike_1,bongo_1194,0,0.001160
afroxlmr,clean,template,13,test_lookalike_1,bongo_1195,1,0.022579
afroxlmr,clean,template,13,test_lookalike_1,bongo_1198,0,0.001107
afroxlmr,clean,template,13,test_lookalike_1,bongo_1204,1,0.119874
afroxlmr,clean,template,13,test_lookalike_1,bongo_1220,1,0.998522
afroxlmr,clean,template,13,test_lookalike_1,bongo_1233,1,0.998776
afroxlmr,clean,template,13,test_lookalike_1,bongo_1236,0,0.001233
afroxlmr,clean,template,13,test_lookalike_1,bongo_1240,1,0.003744
afroxlmr,clean,template,13,test_lookalike_1,bongo_1244,0,0.001130
afroxlmr,clean,template,13,test_lookalike_1,bongo_1249,0,0.001247
afroxlmr,clean,template,13,test_lookalike_1,bongo_1253,0,0.004738
afroxlmr,clean,template,13,test_lookalike_1,bongo_1260,0,0.001080
afroxlmr,clean,template,13,test_lookalike_1,bongo_1262,0,0.002381
afroxlmr,clean,template,13,test_lookalike_1,bongo_1278,1,0.008766
afroxlmr,clean,template,13,test_lookalike_1,bongo_1285,0,0.001453
afroxlmr,clean,template,13,test_lookalike_1,bongo_1293,1,0.998723
afroxlmr,clean,template,13,test_lookalike_1,bongo_1316,0,0.001671
afroxlmr,clean,template,13,test_lookalike_1,bongo_1327,1,0.004586
afroxlmr,clean,template,13,test_lookalike_1,bongo_1330,0,0.002069
afroxlmr,clean,template,13,test_lookalike_1,bongo_1359,0,0.001196
afroxlmr,clean,template,13,test_lookalike_1,bongo_1375,0,0.001379
afroxlmr,clean,template,13,test_lookalike_3,bongo_0025,1,0.998625
afroxlmr,clean,template,13,test_lookalike_3,bongo_0029,0,0.002252
afroxlmr,clean,template,13,test_lookalike_3,bongo_0039,1,0.998669
afroxlmr,clean,template,13,test_lookalike_3,bongo_0047,1,0.998528
afroxlmr,clean,template,13,test_lookalike_3,bongo_0053,0,0.001284
afroxlmr,clean,template,13,test_lookalike_3,bongo_0055,1,0.015530
afroxlmr,clean,template,13,test_lookalike_3,bongo_0061,1,0.989890
afroxlmr,clean,template,13,test_lookalike_3,bongo_0097,0,0.001153
afroxlmr,clean,template,13,test_lookalike_3,bongo_0107,0,0.001240
afroxlmr,clean,template,13,test_lookalike_3,bongo_0110,0,0.002024
afroxlmr,clean,template,13,test_lookalike_3,bongo_0112,1,0.013909
afroxlmr,clean,template,13,test_lookalike_3,bongo_0115,0,0.001164
afroxlmr,clean,template,13,test_lookalike_3,bongo_0143,0,0.001076
afroxlmr,clean,template,13,test_lookalike_3,bongo_0146,1,0.998660
afroxlmr,clean,template,13,test_lookalike_3,bongo_0154,1,0.998517
afroxlmr,clean,template,13,test_lookalike_3,bongo_0159,1,0.964221
afroxlmr,clean,template,13,test_lookalike_3,bongo_0160,0,0.001252
afroxlmr,clean,template,13,test_lookalike_3,bongo_0172,0,0.002504
afroxlmr,clean,template,13,test_lookalike_3,bongo_0173,1,0.970252
afroxlmr,clean,template,13,test_lookalike_3,bongo_0175,0,0.002639
afroxlmr,clean,template,13,test_lookalike_3,bongo_0182,0,0.001301
afroxlmr,clean,template,13,test_lookalike_3,bongo_0195,1,0.998139
afroxlmr,clean,template,13,test_lookalike_3,bongo_0197,0,0.001128
afroxlmr,clean,template,13,test_lookalike_3,bongo_0201,1,0.998678
afroxlmr,clean,template,13,test_lookalike_3,bongo_0203,1,0.998657
afroxlmr,clean,template,13,test_lookalike_3,bongo_0250,1,0.007617
afroxlmr,clean,template,13,test_lookalike_3,bongo_0253,0,0.001094
afroxlmr,clean,template,13,test_lookalike_3,bongo_0255,1,0.008230
afroxlmr,clean,template,13,test_lookalike_3,bongo_0265,1,0.002256
afroxlmr,clean,template,13,test_lookalike_3,bongo_0271,0,0.001573
afroxlmr,clean,template,13,test_lookalike_3,bongo_0300,0,0.001272
afroxlmr,clean,template,13,test_lookalike_3,bongo_0306,0,0.001098
afroxlmr,clean,template,13,test_lookalike_3,bongo_0356,1,0.015237
afroxlmr,clean,template,13,test_lookalike_3,bongo_0360,1,0.998666
afroxlmr,clean,template,13,test_lookalike_3,bongo_0361,1,0.998599
afroxlmr,clean,template,13,test_lookalike_3,bongo_0363,0,0.001000
afroxlmr,clean,template,13,test_lookalike_3,bongo_0368,0,0.001134
afroxlmr,clean,template,13,test_lookalike_3,bongo_0372,0,0.001077
afroxlmr,clean,template,13,test_lookalike_3,bongo_0380,1,0.016603
afroxlmr,clean,template,13,test_lookalike_3,bongo_0389,0,0.001317
afroxlmr,clean,template,13,test_lookalike_3,bongo_0395,0,0.001781
afroxlmr,clean,template,13,test_lookalike_3,bongo_0405,1,0.997793
afroxlmr,clean,template,13,test_lookalike_3,bongo_0424,1,0.998584
afroxlmr,clean,template,13,test_lookalike_3,bongo_0427,0,0.001134
afroxlmr,clean,template,13,test_lookalike_3,bongo_0434,1,0.953077
afroxlmr,clean,template,13,test_lookalike_3,bongo_0463,0,0.001170
afroxlmr,clean,template,13,test_lookalike_3,bongo_0476,1,0.998295
afroxlmr,clean,template,13,test_lookalike_3,bongo_0510,1,0.998556
afroxlmr,clean,template,13,test_lookalike_3,bongo_0531,0,0.001301
afroxlmr,clean,template,13,test_lookalike_3,bongo_0542,0,0.001146
afroxlmr,clean,template,13,test_lookalike_3,bongo_0545,0,0.001121
afroxlmr,clean,template,13,test_lookalike_3,bongo_0560,1,0.997428
afroxlmr,clean,template,13,test_lookalike_3,bongo_0565,1,0.045057
afroxlmr,clean,template,13,test_lookalike_3,bongo_0566,1,0.998097
afroxlmr,clean,template,13,test_lookalike_3,bongo_0571,0,0.001602
afroxlmr,clean,template,13,test_lookalike_3,bongo_0577,1,0.998551
afroxlmr,clean,template,13,test_lookalike_3,bongo_0580,1,0.998093
afroxlmr,clean,template,13,test_lookalike_3,bongo_0621,1,0.998610
afroxlmr,clean,template,13,test_lookalike_3,bongo_0624,1,0.998629
afroxlmr,clean,template,13,test_lookalike_3,bongo_0630,0,0.001146
afroxlmr,clean,template,13,test_lookalike_3,bongo_0638,1,0.998309
afroxlmr,clean,template,13,test_lookalike_3,bongo_0648,0,0.001597
afroxlmr,clean,template,13,test_lookalike_3,bongo_0674,0,0.001150
afroxlmr,clean,template,13,test_lookalike_3,bongo_0685,0,0.001291
afroxlmr,clean,template,13,test_lookalike_3,bongo_0697,1,0.113345
afroxlmr,clean,template,13,test_lookalike_3,bongo_0701,0,0.001368
afroxlmr,clean,template,13,test_lookalike_3,bongo_0706,1,0.960451
afroxlmr,clean,template,13,test_lookalike_3,bongo_0719,1,0.929613
afroxlmr,clean,template,13,test_lookalike_3,bongo_0721,1,0.998366
afroxlmr,clean,template,13,test_lookalike_3,bongo_0724,1,0.005313
afroxlmr,clean,template,13,test_lookalike_3,bongo_0729,1,0.998267
afroxlmr,clean,template,13,test_lookalike_3,bongo_0741,0,0.001082
afroxlmr,clean,template,13,test_lookalike_3,bongo_0749,1,0.954179
afroxlmr,clean,template,13,test_lookalike_3,bongo_0769,1,0.998389
afroxlmr,clean,template,13,test_lookalike_3,bongo_0770,1,0.007611
afroxlmr,clean,template,13,test_lookalike_3,bongo_0778,1,0.018480
afroxlmr,clean,template,13,test_lookalike_3,bongo_0787,1,0.998511
afroxlmr,clean,template,13,test_lookalike_3,bongo_0795,0,0.001888
afroxlmr,clean,template,13,test_lookalike_3,bongo_0806,1,0.023381
afroxlmr,clean,template,13,test_lookalike_3,bongo_0807,1,0.998689
afroxlmr,clean,template,13,test_lookalike_3,bongo_0818,0,0.002183
afroxlmr,clean,template,13,test_lookalike_3,bongo_0819,0,0.001196
afroxlmr,clean,template,13,test_lookalike_3,bongo_0835,0,0.001090
afroxlmr,clean,template,13,test_lookalike_3,bongo_0840,1,0.998762
afroxlmr,clean,template,13,test_lookalike_3,bongo_0855,1,0.006624
afroxlmr,clean,template,13,test_lookalike_3,bongo_0856,0,0.001148
afroxlmr,clean,template,13,test_lookalike_3,bongo_0864,1,0.998641
afroxlmr,clean,template,13,test_lookalike_3,bongo_0871,1,0.998621
afroxlmr,clean,template,13,test_lookalike_3,bongo_0872,0,0.001263
afroxlmr,clean,template,13,test_lookalike_3,bongo_0904,0,0.001154
afroxlmr,clean,template,13,test_lookalike_3,bongo_0905,1,0.998464
afroxlmr,clean,template,13,test_lookalike_3,bongo_0909,1,0.998519
afroxlmr,clean,template,13,test_lookalike_3,bongo_0917,1,0.029928
afroxlmr,clean,template,13,test_lookalike_3,bongo_0918,1,0.998495
afroxlmr,clean,template,13,test_lookalike_3,bongo_0950,0,0.001346
afroxlmr,clean,template,13,test_lookalike_3,bongo_0955,1,0.998378
afroxlmr,clean,template,13,test_lookalike_3,bongo_0956,0,0.001234
afroxlmr,clean,template,13,test_lookalike_3,bongo_0971,0,0.001087
afroxlmr,clean,template,13,test_lookalike_3,bongo_0983,0,0.001099
afroxlmr,clean,template,13,test_lookalike_3,bongo_0989,1,0.998587
afroxlmr,clean,template,13,test_lookalike_3,bongo_0994,0,0.001217
afroxlmr,clean,template,13,test_lookalike_3,bongo_1003,1,0.997483
afroxlmr,clean,template,13,test_lookalike_3,bongo_1006,0,0.001115
afroxlmr,clean,template,13,test_lookalike_3,bongo_1012,1,0.031714
afroxlmr,clean,template,13,test_lookalike_3,bongo_1015,0,0.001047
afroxlmr,clean,template,13,test_lookalike_3,bongo_1022,1,0.005894
afroxlmr,clean,template,13,test_lookalike_3,bongo_1037,0,0.001123
afroxlmr,clean,template,13,test_lookalike_3,bongo_1040,0,0.001238
afroxlmr,clean,template,13,test_lookalike_3,bongo_1042,1,0.998189
afroxlmr,clean,template,13,test_lookalike_3,bongo_1047,1,0.998598
afroxlmr,clean,template,13,test_lookalike_3,bongo_1050,0,0.001298
afroxlmr,clean,template,13,test_lookalike_3,bongo_1052,1,0.998297
afroxlmr,clean,template,13,test_lookalike_3,bongo_1059,0,0.001738
afroxlmr,clean,template,13,test_lookalike_3,bongo_1071,0,0.001579
afroxlmr,clean,template,13,test_lookalike_3,bongo_1090,0,0.002337
afroxlmr,clean,template,13,test_lookalike_3,bongo_1104,1,0.998580
afroxlmr,clean,template,13,test_lookalike_3,bongo_1115,0,0.001107
afroxlmr,clean,template,13,test_lookalike_3,bongo_1123,0,0.001220
afroxlmr,clean,template,13,test_lookalike_3,bongo_1125,0,0.002226
afroxlmr,clean,template,13,test_lookalike_3,bongo_1127,1,0.854493
afroxlmr,clean,template,13,test_lookalike_3,bongo_1131,1,0.998325
afroxlmr,clean,template,13,test_lookalike_3,bongo_1134,1,0.039925
afroxlmr,clean,template,13,test_lookalike_3,bongo_1135,0,0.001374
afroxlmr,clean,template,13,test_lookalike_3,bongo_1136,1,0.998607
afroxlmr,clean,template,13,test_lookalike_3,bongo_1138,1,0.998194
afroxlmr,clean,template,13,test_lookalike_3,bongo_1140,1,0.998329
afroxlmr,clean,template,13,test_lookalike_3,bongo_1154,1,0.998113
afroxlmr,clean,template,13,test_lookalike_3,bongo_1155,0,0.001248
afroxlmr,clean,template,13,test_lookalike_3,bongo_1171,1,0.998413
afroxlmr,clean,template,13,test_lookalike_3,bongo_1181,1,0.998101
afroxlmr,clean,template,13,test_lookalike_3,bongo_1185,1,0.005038
afroxlmr,clean,template,13,test_lookalike_3,bongo_1194,0,0.001160
afroxlmr,clean,template,13,test_lookalike_3,bongo_1195,1,0.062672
afroxlmr,clean,template,13,test_lookalike_3,bongo_1198,0,0.001107
afroxlmr,clean,template,13,test_lookalike_3,bongo_1204,1,0.009295
afroxlmr,clean,template,13,test_lookalike_3,bongo_1220,1,0.998722
afroxlmr,clean,template,13,test_lookalike_3,bongo_1233,1,0.998527
afroxlmr,clean,template,13,test_lookalike_3,bongo_1236,0,0.001233
afroxlmr,clean,template,13,test_lookalike_3,bongo_1240,1,0.008265
afroxlmr,clean,template,13,test_lookalike_3,bongo_1244,0,0.001130
afroxlmr,clean,template,13,test_lookalike_3,bongo_1249,0,0.001247
afroxlmr,clean,template,13,test_lookalike_3,bongo_1253,0,0.004738
afroxlmr,clean,template,13,test_lookalike_3,bongo_1260,0,0.001080
afroxlmr,clean,template,13,test_lookalike_3,bongo_1262,0,0.002381
afroxlmr,clean,template,13,test_lookalike_3,bongo_1278,1,0.007190
afroxlmr,clean,template,13,test_lookalike_3,bongo_1285,0,0.001453
afroxlmr,clean,template,13,test_lookalike_3,bongo_1293,1,0.998461
afroxlmr,clean,template,13,test_lookalike_3,bongo_1316,0,0.001671
afroxlmr,clean,template,13,test_lookalike_3,bongo_1327,1,0.006914
afroxlmr,clean,template,13,test_lookalike_3,bongo_1330,0,0.002069
afroxlmr,clean,template,13,test_lookalike_3,bongo_1359,0,0.001196
afroxlmr,clean,template,13,test_lookalike_3,bongo_1375,0,0.001379
afroxlmr,clean,template,13,test_lookalike_all,bongo_0025,1,0.998409
afroxlmr,clean,template,13,test_lookalike_all,bongo_0029,0,0.002252
afroxlmr,clean,template,13,test_lookalike_all,bongo_0039,1,0.998464
afroxlmr,clean,template,13,test_lookalike_all,bongo_0047,1,0.997980
afroxlmr,clean,template,13,test_lookalike_all,bongo_0053,0,0.001284
afroxlmr,clean,template,13,test_lookalike_all,bongo_0055,1,0.556137
afroxlmr,clean,template,13,test_lookalike_all,bongo_0061,1,0.995256
afroxlmr,clean,template,13,test_lookalike_all,bongo_0097,0,0.001153
afroxlmr,clean,template,13,test_lookalike_all,bongo_0107,0,0.001240
afroxlmr,clean,template,13,test_lookalike_all,bongo_0110,0,0.002024
afroxlmr,clean,template,13,test_lookalike_all,bongo_0112,1,0.234213
afroxlmr,clean,template,13,test_lookalike_all,bongo_0115,0,0.001164
afroxlmr,clean,template,13,test_lookalike_all,bongo_0143,0,0.001076
afroxlmr,clean,template,13,test_lookalike_all,bongo_0146,1,0.998429
afroxlmr,clean,template,13,test_lookalike_all,bongo_0154,1,0.997986
afroxlmr,clean,template,13,test_lookalike_all,bongo_0159,1,0.725364
afroxlmr,clean,template,13,test_lookalike_all,bongo_0160,0,0.001252
afroxlmr,clean,template,13,test_lookalike_all,bongo_0172,0,0.002504
afroxlmr,clean,template,13,test_lookalike_all,bongo_0173,1,0.951926
afroxlmr,clean,template,13,test_lookalike_all,bongo_0175,0,0.002639
afroxlmr,clean,template,13,test_lookalike_all,bongo_0182,0,0.001301
afroxlmr,clean,template,13,test_lookalike_all,bongo_0195,1,0.998120
afroxlmr,clean,template,13,test_lookalike_all,bongo_0197,0,0.001128
afroxlmr,clean,template,13,test_lookalike_all,bongo_0201,1,0.998274
afroxlmr,clean,template,13,test_lookalike_all,bongo_0203,1,0.998449
afroxlmr,clean,template,13,test_lookalike_all,bongo_0250,1,0.543944
afroxlmr,clean,template,13,test_lookalike_all,bongo_0253,0,0.001094
afroxlmr,clean,template,13,test_lookalike_all,bongo_0255,1,0.298920
afroxlmr,clean,template,13,test_lookalike_all,bongo_0265,1,0.618471
afroxlmr,clean,template,13,test_lookalike_all,bongo_0271,0,0.001573
afroxlmr,clean,template,13,test_lookalike_all,bongo_0300,0,0.001272
afroxlmr,clean,template,13,test_lookalike_all,bongo_0306,0,0.001098
afroxlmr,clean,template,13,test_lookalike_all,bongo_0356,1,0.717662
afroxlmr,clean,template,13,test_lookalike_all,bongo_0360,1,0.998295
afroxlmr,clean,template,13,test_lookalike_all,bongo_0361,1,0.998517
afroxlmr,clean,template,13,test_lookalike_all,bongo_0363,0,0.001000
afroxlmr,clean,template,13,test_lookalike_all,bongo_0368,0,0.001134
afroxlmr,clean,template,13,test_lookalike_all,bongo_0372,0,0.001077
afroxlmr,clean,template,13,test_lookalike_all,bongo_0380,1,0.097346
afroxlmr,clean,template,13,test_lookalike_all,bongo_0389,0,0.001317
afroxlmr,clean,template,13,test_lookalike_all,bongo_0395,0,0.001781
afroxlmr,clean,template,13,test_lookalike_all,bongo_0405,1,0.998258
afroxlmr,clean,template,13,test_lookalike_all,bongo_0424,1,0.998552
afroxlmr,clean,template,13,test_lookalike_all,bongo_0427,0,0.001134
afroxlmr,clean,template,13,test_lookalike_all,bongo_0434,1,0.847921
afroxlmr,clean,template,13,test_lookalike_all,bongo_0463,0,0.001170
afroxlmr,clean,template,13,test_lookalike_all,bongo_0476,1,0.998112
afroxlmr,clean,template,13,test_lookalike_all,bongo_0510,1,0.998613
afroxlmr,clean,template,13,test_lookalike_all,bongo_0531,0,0.001301
afroxlmr,clean,template,13,test_lookalike_all,bongo_0542,0,0.001146
afroxlmr,clean,template,13,test_lookalike_all,bongo_0545,0,0.001121
afroxlmr,clean,template,13,test_lookalike_all,bongo_0560,1,0.994897
afroxlmr,clean,template,13,test_lookalike_all,bongo_0565,1,0.580184
afroxlmr,clean,template,13,test_lookalike_all,bongo_0566,1,0.997987
afroxlmr,clean,template,13,test_lookalike_all,bongo_0571,0,0.001602
afroxlmr,clean,template,13,test_lookalike_all,bongo_0577,1,0.997815
afroxlmr,clean,template,13,test_lookalike_all,bongo_0580,1,0.998038
afroxlmr,clean,template,13,test_lookalike_all,bongo_0621,1,0.998460
afroxlmr,clean,template,13,test_lookalike_all,bongo_0624,1,0.998194
afroxlmr,clean,template,13,test_lookalike_all,bongo_0630,0,0.001146
afroxlmr,clean,template,13,test_lookalike_all,bongo_0638,1,0.997869
afroxlmr,clean,template,13,test_lookalike_all,bongo_0648,0,0.001597
afroxlmr,clean,template,13,test_lookalike_all,bongo_0674,0,0.001150
afroxlmr,clean,template,13,test_lookalike_all,bongo_0685,0,0.001291
afroxlmr,clean,template,13,test_lookalike_all,bongo_0697,1,0.346971
afroxlmr,clean,template,13,test_lookalike_all,bongo_0701,0,0.001368
afroxlmr,clean,template,13,test_lookalike_all,bongo_0706,1,0.892491
afroxlmr,clean,template,13,test_lookalike_all,bongo_0719,1,0.926668
afroxlmr,clean,template,13,test_lookalike_all,bongo_0721,1,0.998473
afroxlmr,clean,template,13,test_lookalike_all,bongo_0724,1,0.533752
afroxlmr,clean,template,13,test_lookalike_all,bongo_0729,1,0.998036
afroxlmr,clean,template,13,test_lookalike_all,bongo_0741,0,0.001082
afroxlmr,clean,template,13,test_lookalike_all,bongo_0749,1,0.757691
afroxlmr,clean,template,13,test_lookalike_all,bongo_0769,1,0.998343
afroxlmr,clean,template,13,test_lookalike_all,bongo_0770,1,0.289287
afroxlmr,clean,template,13,test_lookalike_all,bongo_0778,1,0.809244
afroxlmr,clean,template,13,test_lookalike_all,bongo_0787,1,0.998308
afroxlmr,clean,template,13,test_lookalike_all,bongo_0795,0,0.001888
afroxlmr,clean,template,13,test_lookalike_all,bongo_0806,1,0.719563
afroxlmr,clean,template,13,test_lookalike_all,bongo_0807,1,0.998282
afroxlmr,clean,template,13,test_lookalike_all,bongo_0818,0,0.002183
afroxlmr,clean,template,13,test_lookalike_all,bongo_0819,0,0.001196
afroxlmr,clean,template,13,test_lookalike_all,bongo_0835,0,0.001090
afroxlmr,clean,template,13,test_lookalike_all,bongo_0840,1,0.998273
afroxlmr,clean,template,13,test_lookalike_all,bongo_0855,1,0.247062
afroxlmr,clean,template,13,test_lookalike_all,bongo_0856,0,0.001148
afroxlmr,clean,template,13,test_lookalike_all,bongo_0864,1,0.998191
afroxlmr,clean,template,13,test_lookalike_all,bongo_0871,1,0.998015
afroxlmr,clean,template,13,test_lookalike_all,bongo_0872,0,0.001263
afroxlmr,clean,template,13,test_lookalike_all,bongo_0904,0,0.001154
afroxlmr,clean,template,13,test_lookalike_all,bongo_0905,1,0.998269
afroxlmr,clean,template,13,test_lookalike_all,bongo_0909,1,0.998130
afroxlmr,clean,template,13,test_lookalike_all,bongo_0917,1,0.225959
afroxlmr,clean,template,13,test_lookalike_all,bongo_0918,1,0.998078
afroxlmr,clean,template,13,test_lookalike_all,bongo_0950,0,0.001346
afroxlmr,clean,template,13,test_lookalike_all,bongo_0955,1,0.998310
afroxlmr,clean,template,13,test_lookalike_all,bongo_0956,0,0.001234
afroxlmr,clean,template,13,test_lookalike_all,bongo_0971,0,0.001087
afroxlmr,clean,template,13,test_lookalike_all,bongo_0983,0,0.001099
afroxlmr,clean,template,13,test_lookalike_all,bongo_0989,1,0.998238
afroxlmr,clean,template,13,test_lookalike_all,bongo_0994,0,0.001217
afroxlmr,clean,template,13,test_lookalike_all,bongo_1003,1,0.984005
afroxlmr,clean,template,13,test_lookalike_all,bongo_1006,0,0.001115
afroxlmr,clean,template,13,test_lookalike_all,bongo_1012,1,0.563303
afroxlmr,clean,template,13,test_lookalike_all,bongo_1015,0,0.001047
afroxlmr,clean,template,13,test_lookalike_all,bongo_1022,1,0.772655
afroxlmr,clean,template,13,test_lookalike_all,bongo_1037,0,0.001123
afroxlmr,clean,template,13,test_lookalike_all,bongo_1040,0,0.001238
afroxlmr,clean,template,13,test_lookalike_all,bongo_1042,1,0.998377
afroxlmr,clean,template,13,test_lookalike_all,bongo_1047,1,0.998143
afroxlmr,clean,template,13,test_lookalike_all,bongo_1050,0,0.001298
afroxlmr,clean,template,13,test_lookalike_all,bongo_1052,1,0.997913
afroxlmr,clean,template,13,test_lookalike_all,bongo_1059,0,0.001738
afroxlmr,clean,template,13,test_lookalike_all,bongo_1071,0,0.001579
afroxlmr,clean,template,13,test_lookalike_all,bongo_1090,0,0.002337
afroxlmr,clean,template,13,test_lookalike_all,bongo_1104,1,0.998374
afroxlmr,clean,template,13,test_lookalike_all,bongo_1115,0,0.001107
afroxlmr,clean,template,13,test_lookalike_all,bongo_1123,0,0.001220
afroxlmr,clean,template,13,test_lookalike_all,bongo_1125,0,0.002226
afroxlmr,clean,template,13,test_lookalike_all,bongo_1127,1,0.975143
afroxlmr,clean,template,13,test_lookalike_all,bongo_1131,1,0.998502
afroxlmr,clean,template,13,test_lookalike_all,bongo_1134,1,0.624397
afroxlmr,clean,template,13,test_lookalike_all,bongo_1135,0,0.001374
afroxlmr,clean,template,13,test_lookalike_all,bongo_1136,1,0.998243
afroxlmr,clean,template,13,test_lookalike_all,bongo_1138,1,0.997973
afroxlmr,clean,template,13,test_lookalike_all,bongo_1140,1,0.998140
afroxlmr,clean,template,13,test_lookalike_all,bongo_1154,1,0.997810
afroxlmr,clean,template,13,test_lookalike_all,bongo_1155,0,0.001248
afroxlmr,clean,template,13,test_lookalike_all,bongo_1171,1,0.998314
afroxlmr,clean,template,13,test_lookalike_all,bongo_1181,1,0.997998
afroxlmr,clean,template,13,test_lookalike_all,bongo_1185,1,0.359577
afroxlmr,clean,template,13,test_lookalike_all,bongo_1194,0,0.001160
afroxlmr,clean,template,13,test_lookalike_all,bongo_1195,1,0.526112
afroxlmr,clean,template,13,test_lookalike_all,bongo_1198,0,0.001107
afroxlmr,clean,template,13,test_lookalike_all,bongo_1204,1,0.578377
afroxlmr,clean,template,13,test_lookalike_all,bongo_1220,1,0.998204
afroxlmr,clean,template,13,test_lookalike_all,bongo_1233,1,0.998361
afroxlmr,clean,template,13,test_lookalike_all,bongo_1236,0,0.001233
afroxlmr,clean,template,13,test_lookalike_all,bongo_1240,1,0.297947
afroxlmr,clean,template,13,test_lookalike_all,bongo_1244,0,0.001130
afroxlmr,clean,template,13,test_lookalike_all,bongo_1249,0,0.001247
afroxlmr,clean,template,13,test_lookalike_all,bongo_1253,0,0.004738
afroxlmr,clean,template,13,test_lookalike_all,bongo_1260,0,0.001080
afroxlmr,clean,template,13,test_lookalike_all,bongo_1262,0,0.002381
afroxlmr,clean,template,13,test_lookalike_all,bongo_1278,1,0.673004
afroxlmr,clean,template,13,test_lookalike_all,bongo_1285,0,0.001453
afroxlmr,clean,template,13,test_lookalike_all,bongo_1293,1,0.998188
afroxlmr,clean,template,13,test_lookalike_all,bongo_1316,0,0.001671
afroxlmr,clean,template,13,test_lookalike_all,bongo_1327,1,0.192270
afroxlmr,clean,template,13,test_lookalike_all,bongo_1330,0,0.002069
afroxlmr,clean,template,13,test_lookalike_all,bongo_1359,0,0.001196
afroxlmr,clean,template,13,test_lookalike_all,bongo_1375,0,0.001379
afroxlmr,clean,template,13,test_structural_1,bongo_0025,1,0.998754
afroxlmr,clean,template,13,test_structural_1,bongo_0029,0,0.002252
afroxlmr,clean,template,13,test_structural_1,bongo_0039,1,0.998574
afroxlmr,clean,template,13,test_structural_1,bongo_0047,1,0.998812
afroxlmr,clean,template,13,test_structural_1,bongo_0053,0,0.001284
afroxlmr,clean,template,13,test_structural_1,bongo_0055,1,0.002002
afroxlmr,clean,template,13,test_structural_1,bongo_0061,1,0.993504
afroxlmr,clean,template,13,test_structural_1,bongo_0097,0,0.001153
afroxlmr,clean,template,13,test_structural_1,bongo_0107,0,0.001240
afroxlmr,clean,template,13,test_structural_1,bongo_0110,0,0.002024
afroxlmr,clean,template,13,test_structural_1,bongo_0112,1,0.009928
afroxlmr,clean,template,13,test_structural_1,bongo_0115,0,0.001164
afroxlmr,clean,template,13,test_structural_1,bongo_0143,0,0.001076
afroxlmr,clean,template,13,test_structural_1,bongo_0146,1,0.998800
afroxlmr,clean,template,13,test_structural_1,bongo_0154,1,0.998788
afroxlmr,clean,template,13,test_structural_1,bongo_0159,1,0.310747
afroxlmr,clean,template,13,test_structural_1,bongo_0160,0,0.001252
afroxlmr,clean,template,13,test_structural_1,bongo_0172,0,0.002504
afroxlmr,clean,template,13,test_structural_1,bongo_0173,1,0.237318
afroxlmr,clean,template,13,test_structural_1,bongo_0175,0,0.002639
afroxlmr,clean,template,13,test_structural_1,bongo_0182,0,0.001301
afroxlmr,clean,template,13,test_structural_1,bongo_0195,1,0.998671
afroxlmr,clean,template,13,test_structural_1,bongo_0197,0,0.001128
afroxlmr,clean,template,13,test_structural_1,bongo_0201,1,0.998599
afroxlmr,clean,template,13,test_structural_1,bongo_0203,1,0.998791
afroxlmr,clean,template,13,test_structural_1,bongo_0250,1,0.012510
afroxlmr,clean,template,13,test_structural_1,bongo_0253,0,0.001094
afroxlmr,clean,template,13,test_structural_1,bongo_0255,1,0.002707
afroxlmr,clean,template,13,test_structural_1,bongo_0265,1,0.001989
afroxlmr,clean,template,13,test_structural_1,bongo_0271,0,0.001573
afroxlmr,clean,template,13,test_structural_1,bongo_0300,0,0.001272
afroxlmr,clean,template,13,test_structural_1,bongo_0306,0,0.001098
afroxlmr,clean,template,13,test_structural_1,bongo_0356,1,0.004253
afroxlmr,clean,template,13,test_structural_1,bongo_0360,1,0.998837
afroxlmr,clean,template,13,test_structural_1,bongo_0361,1,0.998797
afroxlmr,clean,template,13,test_structural_1,bongo_0363,0,0.001000
afroxlmr,clean,template,13,test_structural_1,bongo_0368,0,0.001134
afroxlmr,clean,template,13,test_structural_1,bongo_0372,0,0.001077
afroxlmr,clean,template,13,test_structural_1,bongo_0380,1,0.006309
afroxlmr,clean,template,13,test_structural_1,bongo_0389,0,0.001317
afroxlmr,clean,template,13,test_structural_1,bongo_0395,0,0.001781
afroxlmr,clean,template,13,test_structural_1,bongo_0405,1,0.998768
afroxlmr,clean,template,13,test_structural_1,bongo_0424,1,0.998657
afroxlmr,clean,template,13,test_structural_1,bongo_0427,0,0.001134
afroxlmr,clean,template,13,test_structural_1,bongo_0434,1,0.555208
afroxlmr,clean,template,13,test_structural_1,bongo_0463,0,0.001170
afroxlmr,clean,template,13,test_structural_1,bongo_0476,1,0.998672
afroxlmr,clean,template,13,test_structural_1,bongo_0510,1,0.998698
afroxlmr,clean,template,13,test_structural_1,bongo_0531,0,0.001301
afroxlmr,clean,template,13,test_structural_1,bongo_0542,0,0.001146
afroxlmr,clean,template,13,test_structural_1,bongo_0545,0,0.001121
afroxlmr,clean,template,13,test_structural_1,bongo_0560,1,0.997872
afroxlmr,clean,template,13,test_structural_1,bongo_0565,1,0.004748
afroxlmr,clean,template,13,test_structural_1,bongo_0566,1,0.998802
afroxlmr,clean,template,13,test_structural_1,bongo_0571,0,0.001602
afroxlmr,clean,template,13,test_structural_1,bongo_0577,1,0.998653
afroxlmr,clean,template,13,test_structural_1,bongo_0580,1,0.998684
afroxlmr,clean,template,13,test_structural_1,bongo_0621,1,0.998711
afroxlmr,clean,template,13,test_structural_1,bongo_0624,1,0.998816
afroxlmr,clean,template,13,test_structural_1,bongo_0630,0,0.001146
afroxlmr,clean,template,13,test_structural_1,bongo_0638,1,0.998734
afroxlmr,clean,template,13,test_structural_1,bongo_0648,0,0.001597
afroxlmr,clean,template,13,test_structural_1,bongo_0674,0,0.001150
afroxlmr,clean,template,13,test_structural_1,bongo_0685,0,0.001291
afroxlmr,clean,template,13,test_structural_1,bongo_0697,1,0.004071
afroxlmr,clean,template,13,test_structural_1,bongo_0701,0,0.001368
afroxlmr,clean,template,13,test_structural_1,bongo_0706,1,0.530094
afroxlmr,clean,template,13,test_structural_1,bongo_0719,1,0.615454
afroxlmr,clean,template,13,test_structural_1,bongo_0721,1,0.998700
afroxlmr,clean,template,13,test_structural_1,bongo_0724,1,0.002779
afroxlmr,clean,template,13,test_structural_1,bongo_0729,1,0.998689
afroxlmr,clean,template,13,test_structural_1,bongo_0741,0,0.001082
afroxlmr,clean,template,13,test_structural_1,bongo_0749,1,0.633327
afroxlmr,clean,template,13,test_structural_1,bongo_0769,1,0.998609
afroxlmr,clean,template,13,test_structural_1,bongo_0770,1,0.009470
afroxlmr,clean,template,13,test_structural_1,bongo_0778,1,0.021256
afroxlmr,clean,template,13,test_structural_1,bongo_0787,1,0.998842
afroxlmr,clean,template,13,test_structural_1,bongo_0795,0,0.001888
afroxlmr,clean,template,13,test_structural_1,bongo_0806,1,0.028191
afroxlmr,clean,template,13,test_structural_1,bongo_0807,1,0.998740
afroxlmr,clean,template,13,test_structural_1,bongo_0818,0,0.002183
afroxlmr,clean,template,13,test_structural_1,bongo_0819,0,0.001196
afroxlmr,clean,template,13,test_structural_1,bongo_0835,0,0.001090
afroxlmr,clean,template,13,test_structural_1,bongo_0840,1,0.998848
afroxlmr,clean,template,13,test_structural_1,bongo_0855,1,0.005055
afroxlmr,clean,template,13,test_structural_1,bongo_0856,0,0.001148
afroxlmr,clean,template,13,test_structural_1,bongo_0864,1,0.998621
afroxlmr,clean,template,13,test_structural_1,bongo_0871,1,0.998841
afroxlmr,clean,template,13,test_structural_1,bongo_0872,0,0.001263
afroxlmr,clean,template,13,test_structural_1,bongo_0904,0,0.001154
afroxlmr,clean,template,13,test_structural_1,bongo_0905,1,0.998671
afroxlmr,clean,template,13,test_structural_1,bongo_0909,1,0.998729
afroxlmr,clean,template,13,test_structural_1,bongo_0917,1,0.002141
afroxlmr,clean,template,13,test_structural_1,bongo_0918,1,0.998733
afroxlmr,clean,template,13,test_structural_1,bongo_0950,0,0.001346
afroxlmr,clean,template,13,test_structural_1,bongo_0955,1,0.998802
afroxlmr,clean,template,13,test_structural_1,bongo_0956,0,0.001234
afroxlmr,clean,template,13,test_structural_1,bongo_0971,0,0.001087
afroxlmr,clean,template,13,test_structural_1,bongo_0983,0,0.001099
afroxlmr,clean,template,13,test_structural_1,bongo_0989,1,0.998843
afroxlmr,clean,template,13,test_structural_1,bongo_0994,0,0.001217
afroxlmr,clean,template,13,test_structural_1,bongo_1003,1,0.997273
afroxlmr,clean,template,13,test_structural_1,bongo_1006,0,0.001115
afroxlmr,clean,template,13,test_structural_1,bongo_1012,1,0.002281
afroxlmr,clean,template,13,test_structural_1,bongo_1015,0,0.001047
afroxlmr,clean,template,13,test_structural_1,bongo_1022,1,0.011508
afroxlmr,clean,template,13,test_structural_1,bongo_1037,0,0.001123
afroxlmr,clean,template,13,test_structural_1,bongo_1040,0,0.001238
afroxlmr,clean,template,13,test_structural_1,bongo_1042,1,0.998727
afroxlmr,clean,template,13,test_structural_1,bongo_1047,1,0.998614
afroxlmr,clean,template,13,test_structural_1,bongo_1050,0,0.001298
afroxlmr,clean,template,13,test_structural_1,bongo_1052,1,0.998687
afroxlmr,clean,template,13,test_structural_1,bongo_1059,0,0.001738
afroxlmr,clean,template,13,test_structural_1,bongo_1071,0,0.001579
afroxlmr,clean,template,13,test_structural_1,bongo_1090,0,0.002337
afroxlmr,clean,template,13,test_structural_1,bongo_1104,1,0.998785
afroxlmr,clean,template,13,test_structural_1,bongo_1115,0,0.001107
afroxlmr,clean,template,13,test_structural_1,bongo_1123,0,0.001220
afroxlmr,clean,template,13,test_structural_1,bongo_1125,0,0.002226
afroxlmr,clean,template,13,test_structural_1,bongo_1127,1,0.906240
afroxlmr,clean,template,13,test_structural_1,bongo_1131,1,0.998733
afroxlmr,clean,template,13,test_structural_1,bongo_1134,1,0.017214
afroxlmr,clean,template,13,test_structural_1,bongo_1135,0,0.001374
afroxlmr,clean,template,13,test_structural_1,bongo_1136,1,0.998706
afroxlmr,clean,template,13,test_structural_1,bongo_1138,1,0.998618
afroxlmr,clean,template,13,test_structural_1,bongo_1140,1,0.998759
afroxlmr,clean,template,13,test_structural_1,bongo_1154,1,0.998762
afroxlmr,clean,template,13,test_structural_1,bongo_1155,0,0.001248
afroxlmr,clean,template,13,test_structural_1,bongo_1171,1,0.998713
afroxlmr,clean,template,13,test_structural_1,bongo_1181,1,0.998542
afroxlmr,clean,template,13,test_structural_1,bongo_1185,1,0.001889
afroxlmr,clean,template,13,test_structural_1,bongo_1194,0,0.001160
afroxlmr,clean,template,13,test_structural_1,bongo_1195,1,0.002428
afroxlmr,clean,template,13,test_structural_1,bongo_1198,0,0.001107
afroxlmr,clean,template,13,test_structural_1,bongo_1204,1,0.007495
afroxlmr,clean,template,13,test_structural_1,bongo_1220,1,0.998657
afroxlmr,clean,template,13,test_structural_1,bongo_1233,1,0.998736
afroxlmr,clean,template,13,test_structural_1,bongo_1236,0,0.001233
afroxlmr,clean,template,13,test_structural_1,bongo_1240,1,0.006152
afroxlmr,clean,template,13,test_structural_1,bongo_1244,0,0.001130
afroxlmr,clean,template,13,test_structural_1,bongo_1249,0,0.001247
afroxlmr,clean,template,13,test_structural_1,bongo_1253,0,0.004738
afroxlmr,clean,template,13,test_structural_1,bongo_1260,0,0.001080
afroxlmr,clean,template,13,test_structural_1,bongo_1262,0,0.002381
afroxlmr,clean,template,13,test_structural_1,bongo_1278,1,0.002239
afroxlmr,clean,template,13,test_structural_1,bongo_1285,0,0.001453
afroxlmr,clean,template,13,test_structural_1,bongo_1293,1,0.998838
afroxlmr,clean,template,13,test_structural_1,bongo_1316,0,0.001671
afroxlmr,clean,template,13,test_structural_1,bongo_1327,1,0.003744
afroxlmr,clean,template,13,test_structural_1,bongo_1330,0,0.002069
afroxlmr,clean,template,13,test_structural_1,bongo_1359,0,0.001196
afroxlmr,clean,template,13,test_structural_1,bongo_1375,0,0.001379
afroxlmr,clean,template,13,test_structural_3,bongo_0025,1,0.998766
afroxlmr,clean,template,13,test_structural_3,bongo_0029,0,0.002252
afroxlmr,clean,template,13,test_structural_3,bongo_0039,1,0.998632
afroxlmr,clean,template,13,test_structural_3,bongo_0047,1,0.998653
afroxlmr,clean,template,13,test_structural_3,bongo_0053,0,0.001284
afroxlmr,clean,template,13,test_structural_3,bongo_0055,1,0.026354
afroxlmr,clean,template,13,test_structural_3,bongo_0061,1,0.992999
afroxlmr,clean,template,13,test_structural_3,bongo_0097,0,0.001153
afroxlmr,clean,template,13,test_structural_3,bongo_0107,0,0.001240
afroxlmr,clean,template,13,test_structural_3,bongo_0110,0,0.002024
afroxlmr,clean,template,13,test_structural_3,bongo_0112,1,0.011140
afroxlmr,clean,template,13,test_structural_3,bongo_0115,0,0.001164
afroxlmr,clean,template,13,test_structural_3,bongo_0143,0,0.001076
afroxlmr,clean,template,13,test_structural_3,bongo_0146,1,0.998704
afroxlmr,clean,template,13,test_structural_3,bongo_0154,1,0.998793
afroxlmr,clean,template,13,test_structural_3,bongo_0159,1,0.349201
afroxlmr,clean,template,13,test_structural_3,bongo_0160,0,0.001252
afroxlmr,clean,template,13,test_structural_3,bongo_0172,0,0.002504
afroxlmr,clean,template,13,test_structural_3,bongo_0173,1,0.973955
afroxlmr,clean,template,13,test_structural_3,bongo_0175,0,0.002639
afroxlmr,clean,template,13,test_structural_3,bongo_0182,0,0.001301
afroxlmr,clean,template,13,test_structural_3,bongo_0195,1,0.998588
afroxlmr,clean,template,13,test_structural_3,bongo_0197,0,0.001128
afroxlmr,clean,template,13,test_structural_3,bongo_0201,1,0.998504
afroxlmr,clean,template,13,test_structural_3,bongo_0203,1,0.998707
afroxlmr,clean,template,13,test_structural_3,bongo_0250,1,0.053986
afroxlmr,clean,template,13,test_structural_3,bongo_0253,0,0.001094
afroxlmr,clean,template,13,test_structural_3,bongo_0255,1,0.008406
afroxlmr,clean,template,13,test_structural_3,bongo_0265,1,0.016862
afroxlmr,clean,template,13,test_structural_3,bongo_0271,0,0.001573
afroxlmr,clean,template,13,test_structural_3,bongo_0300,0,0.001272
afroxlmr,clean,template,13,test_structural_3,bongo_0306,0,0.001098
afroxlmr,clean,template,13,test_structural_3,bongo_0356,1,0.030916
afroxlmr,clean,template,13,test_structural_3,bongo_0360,1,0.998775
afroxlmr,clean,template,13,test_structural_3,bongo_0361,1,0.998619
afroxlmr,clean,template,13,test_structural_3,bongo_0363,0,0.001000
afroxlmr,clean,template,13,test_structural_3,bongo_0368,0,0.001134
afroxlmr,clean,template,13,test_structural_3,bongo_0372,0,0.001077
afroxlmr,clean,template,13,test_structural_3,bongo_0380,1,0.003893
afroxlmr,clean,template,13,test_structural_3,bongo_0389,0,0.001317
afroxlmr,clean,template,13,test_structural_3,bongo_0395,0,0.001781
afroxlmr,clean,template,13,test_structural_3,bongo_0405,1,0.998648
afroxlmr,clean,template,13,test_structural_3,bongo_0424,1,0.998644
afroxlmr,clean,template,13,test_structural_3,bongo_0427,0,0.001134
afroxlmr,clean,template,13,test_structural_3,bongo_0434,1,0.378352
afroxlmr,clean,template,13,test_structural_3,bongo_0463,0,0.001170
afroxlmr,clean,template,13,test_structural_3,bongo_0476,1,0.998581
afroxlmr,clean,template,13,test_structural_3,bongo_0510,1,0.998611
afroxlmr,clean,template,13,test_structural_3,bongo_0531,0,0.001301
afroxlmr,clean,template,13,test_structural_3,bongo_0542,0,0.001146
afroxlmr,clean,template,13,test_structural_3,bongo_0545,0,0.001121
afroxlmr,clean,template,13,test_structural_3,bongo_0560,1,0.997990
afroxlmr,clean,template,13,test_structural_3,bongo_0565,1,0.003147
afroxlmr,clean,template,13,test_structural_3,bongo_0566,1,0.998721
afroxlmr,clean,template,13,test_structural_3,bongo_0571,0,0.001602
afroxlmr,clean,template,13,test_structural_3,bongo_0577,1,0.998744
afroxlmr,clean,template,13,test_structural_3,bongo_0580,1,0.998580
afroxlmr,clean,template,13,test_structural_3,bongo_0621,1,0.998626
afroxlmr,clean,template,13,test_structural_3,bongo_0624,1,0.998769
afroxlmr,clean,template,13,test_structural_3,bongo_0630,0,0.001146
afroxlmr,clean,template,13,test_structural_3,bongo_0638,1,0.998710
afroxlmr,clean,template,13,test_structural_3,bongo_0648,0,0.001597
afroxlmr,clean,template,13,test_structural_3,bongo_0674,0,0.001150
afroxlmr,clean,template,13,test_structural_3,bongo_0685,0,0.001291
afroxlmr,clean,template,13,test_structural_3,bongo_0697,1,0.009199
afroxlmr,clean,template,13,test_structural_3,bongo_0701,0,0.001368
afroxlmr,clean,template,13,test_structural_3,bongo_0706,1,0.072437
afroxlmr,clean,template,13,test_structural_3,bongo_0719,1,0.340306
afroxlmr,clean,template,13,test_structural_3,bongo_0721,1,0.998583
afroxlmr,clean,template,13,test_structural_3,bongo_0724,1,0.002465
afroxlmr,clean,template,13,test_structural_3,bongo_0729,1,0.998649
afroxlmr,clean,template,13,test_structural_3,bongo_0741,0,0.001082
afroxlmr,clean,template,13,test_structural_3,bongo_0749,1,0.649029
afroxlmr,clean,template,13,test_structural_3,bongo_0769,1,0.998575
afroxlmr,clean,template,13,test_structural_3,bongo_0770,1,0.058380
afroxlmr,clean,template,13,test_structural_3,bongo_0778,1,0.017362
afroxlmr,clean,template,13,test_structural_3,bongo_0787,1,0.998853
afroxlmr,clean,template,13,test_structural_3,bongo_0795,0,0.001888
afroxlmr,clean,template,13,test_structural_3,bongo_0806,1,0.014820
afroxlmr,clean,template,13,test_structural_3,bongo_0807,1,0.998628
afroxlmr,clean,template,13,test_structural_3,bongo_0818,0,0.002183
afroxlmr,clean,template,13,test_structural_3,bongo_0819,0,0.001196
afroxlmr,clean,template,13,test_structural_3,bongo_0835,0,0.001090
afroxlmr,clean,template,13,test_structural_3,bongo_0840,1,0.998838
afroxlmr,clean,template,13,test_structural_3,bongo_0855,1,0.007842
afroxlmr,clean,template,13,test_structural_3,bongo_0856,0,0.001148
afroxlmr,clean,template,13,test_structural_3,bongo_0864,1,0.998657
afroxlmr,clean,template,13,test_structural_3,bongo_0871,1,0.998788
afroxlmr,clean,template,13,test_structural_3,bongo_0872,0,0.001263
afroxlmr,clean,template,13,test_structural_3,bongo_0904,0,0.001154
afroxlmr,clean,template,13,test_structural_3,bongo_0905,1,0.998771
afroxlmr,clean,template,13,test_structural_3,bongo_0909,1,0.998523
afroxlmr,clean,template,13,test_structural_3,bongo_0917,1,0.006962
afroxlmr,clean,template,13,test_structural_3,bongo_0918,1,0.998668
afroxlmr,clean,template,13,test_structural_3,bongo_0950,0,0.001346
afroxlmr,clean,template,13,test_structural_3,bongo_0955,1,0.998800
afroxlmr,clean,template,13,test_structural_3,bongo_0956,0,0.001234
afroxlmr,clean,template,13,test_structural_3,bongo_0971,0,0.001087
afroxlmr,clean,template,13,test_structural_3,bongo_0983,0,0.001099
afroxlmr,clean,template,13,test_structural_3,bongo_0989,1,0.998736
afroxlmr,clean,template,13,test_structural_3,bongo_0994,0,0.001217
afroxlmr,clean,template,13,test_structural_3,bongo_1003,1,0.997503
afroxlmr,clean,template,13,test_structural_3,bongo_1006,0,0.001115
afroxlmr,clean,template,13,test_structural_3,bongo_1012,1,0.018573
afroxlmr,clean,template,13,test_structural_3,bongo_1015,0,0.001047
afroxlmr,clean,template,13,test_structural_3,bongo_1022,1,0.035806
afroxlmr,clean,template,13,test_structural_3,bongo_1037,0,0.001123
afroxlmr,clean,template,13,test_structural_3,bongo_1040,0,0.001238
afroxlmr,clean,template,13,test_structural_3,bongo_1042,1,0.998675
afroxlmr,clean,template,13,test_structural_3,bongo_1047,1,0.998667
afroxlmr,clean,template,13,test_structural_3,bongo_1050,0,0.001298
afroxlmr,clean,template,13,test_structural_3,bongo_1052,1,0.998563
afroxlmr,clean,template,13,test_structural_3,bongo_1059,0,0.001738
afroxlmr,clean,template,13,test_structural_3,bongo_1071,0,0.001579
afroxlmr,clean,template,13,test_structural_3,bongo_1090,0,0.002337
afroxlmr,clean,template,13,test_structural_3,bongo_1104,1,0.998740
afroxlmr,clean,template,13,test_structural_3,bongo_1115,0,0.001107
afroxlmr,clean,template,13,test_structural_3,bongo_1123,0,0.001220
afroxlmr,clean,template,13,test_structural_3,bongo_1125,0,0.002226
afroxlmr,clean,template,13,test_structural_3,bongo_1127,1,0.624846
afroxlmr,clean,template,13,test_structural_3,bongo_1131,1,0.998776
afroxlmr,clean,template,13,test_structural_3,bongo_1134,1,0.015070
afroxlmr,clean,template,13,test_structural_3,bongo_1135,0,0.001374
afroxlmr,clean,template,13,test_structural_3,bongo_1136,1,0.998601
afroxlmr,clean,template,13,test_structural_3,bongo_1138,1,0.998457
afroxlmr,clean,template,13,test_structural_3,bongo_1140,1,0.998644
afroxlmr,clean,template,13,test_structural_3,bongo_1154,1,0.998691
afroxlmr,clean,template,13,test_structural_3,bongo_1155,0,0.001248
afroxlmr,clean,template,13,test_structural_3,bongo_1171,1,0.998703
afroxlmr,clean,template,13,test_structural_3,bongo_1181,1,0.998660
afroxlmr,clean,template,13,test_structural_3,bongo_1185,1,0.001552
afroxlmr,clean,template,13,test_structural_3,bongo_1194,0,0.001160
afroxlmr,clean,template,13,test_structural_3,bongo_1195,1,0.012699
afroxlmr,clean,template,13,test_structural_3,bongo_1198,0,0.001107
afroxlmr,clean,template,13,test_structural_3,bongo_1204,1,0.005635
afroxlmr,clean,template,13,test_structural_3,bongo_1220,1,0.998744
afroxlmr,clean,template,13,test_structural_3,bongo_1233,1,0.998764
afroxlmr,clean,template,13,test_structural_3,bongo_1236,0,0.001233
afroxlmr,clean,template,13,test_structural_3,bongo_1240,1,0.003057
afroxlmr,clean,template,13,test_structural_3,bongo_1244,0,0.001130
afroxlmr,clean,template,13,test_structural_3,bongo_1249,0,0.001247
afroxlmr,clean,template,13,test_structural_3,bongo_1253,0,0.004738
afroxlmr,clean,template,13,test_structural_3,bongo_1260,0,0.001080
afroxlmr,clean,template,13,test_structural_3,bongo_1262,0,0.002381
afroxlmr,clean,template,13,test_structural_3,bongo_1278,1,0.025761
afroxlmr,clean,template,13,test_structural_3,bongo_1285,0,0.001453
afroxlmr,clean,template,13,test_structural_3,bongo_1293,1,0.998596
afroxlmr,clean,template,13,test_structural_3,bongo_1316,0,0.001671
afroxlmr,clean,template,13,test_structural_3,bongo_1327,1,0.002915
afroxlmr,clean,template,13,test_structural_3,bongo_1330,0,0.002069
afroxlmr,clean,template,13,test_structural_3,bongo_1359,0,0.001196
afroxlmr,clean,template,13,test_structural_3,bongo_1375,0,0.001379
afroxlmr,clean,template,13,test_structural_all,bongo_0025,1,0.998675
afroxlmr,clean,template,13,test_structural_all,bongo_0029,0,0.002252
afroxlmr,clean,template,13,test_structural_all,bongo_0039,1,0.998670
afroxlmr,clean,template,13,test_structural_all,bongo_0047,1,0.998691
afroxlmr,clean,template,13,test_structural_all,bongo_0053,0,0.001284
afroxlmr,clean,template,13,test_structural_all,bongo_0055,1,0.208017
afroxlmr,clean,template,13,test_structural_all,bongo_0061,1,0.991554
afroxlmr,clean,template,13,test_structural_all,bongo_0097,0,0.001153
afroxlmr,clean,template,13,test_structural_all,bongo_0107,0,0.001240
afroxlmr,clean,template,13,test_structural_all,bongo_0110,0,0.002024
afroxlmr,clean,template,13,test_structural_all,bongo_0112,1,0.186728
afroxlmr,clean,template,13,test_structural_all,bongo_0115,0,0.001164
afroxlmr,clean,template,13,test_structural_all,bongo_0143,0,0.001076
afroxlmr,clean,template,13,test_structural_all,bongo_0146,1,0.998564
afroxlmr,clean,template,13,test_structural_all,bongo_0154,1,0.962945
afroxlmr,clean,template,13,test_structural_all,bongo_0159,1,0.453342
afroxlmr,clean,template,13,test_structural_all,bongo_0160,0,0.001252
afroxlmr,clean,template,13,test_structural_all,bongo_0172,0,0.002504
afroxlmr,clean,template,13,test_structural_all,bongo_0173,1,0.697950
afroxlmr,clean,template,13,test_structural_all,bongo_0175,0,0.002639
afroxlmr,clean,template,13,test_structural_all,bongo_0182,0,0.001301
afroxlmr,clean,template,13,test_structural_all,bongo_0195,1,0.998409
afroxlmr,clean,template,13,test_structural_all,bongo_0197,0,0.001128
afroxlmr,clean,template,13,test_structural_all,bongo_0201,1,0.998542
afroxlmr,clean,template,13,test_structural_all,bongo_0203,1,0.998547
afroxlmr,clean,template,13,test_structural_all,bongo_0250,1,0.367441
afroxlmr,clean,template,13,test_structural_all,bongo_0253,0,0.001094
afroxlmr,clean,template,13,test_structural_all,bongo_0255,1,0.079438
afroxlmr,clean,template,13,test_structural_all,bongo_0265,1,0.787786
afroxlmr,clean,template,13,test_structural_all,bongo_0271,0,0.001573
afroxlmr,clean,template,13,test_structural_all,bongo_0300,0,0.001272
afroxlmr,clean,template,13,test_structural_all,bongo_0306,0,0.001098
afroxlmr,clean,template,13,test_structural_all,bongo_0356,1,0.555516
afroxlmr,clean,template,13,test_structural_all,bongo_0360,1,0.998732
afroxlmr,clean,template,13,test_structural_all,bongo_0361,1,0.998635
afroxlmr,clean,template,13,test_structural_all,bongo_0363,0,0.001000
afroxlmr,clean,template,13,test_structural_all,bongo_0368,0,0.001134
afroxlmr,clean,template,13,test_structural_all,bongo_0372,0,0.001077
afroxlmr,clean,template,13,test_structural_all,bongo_0380,1,0.213093
afroxlmr,clean,template,13,test_structural_all,bongo_0389,0,0.001317
afroxlmr,clean,template,13,test_structural_all,bongo_0395,0,0.001781
afroxlmr,clean,template,13,test_structural_all,bongo_0405,1,0.998566
afroxlmr,clean,template,13,test_structural_all,bongo_0424,1,0.998614
afroxlmr,clean,template,13,test_structural_all,bongo_0427,0,0.001134
afroxlmr,clean,template,13,test_structural_all,bongo_0434,1,0.912349
afroxlmr,clean,template,13,test_structural_all,bongo_0463,0,0.001170
afroxlmr,clean,template,13,test_structural_all,bongo_0476,1,0.998541
afroxlmr,clean,template,13,test_structural_all,bongo_0510,1,0.998665
afroxlmr,clean,template,13,test_structural_all,bongo_0531,0,0.001301
afroxlmr,clean,template,13,test_structural_all,bongo_0542,0,0.001146
afroxlmr,clean,template,13,test_structural_all,bongo_0545,0,0.001121
afroxlmr,clean,template,13,test_structural_all,bongo_0560,1,0.985095
afroxlmr,clean,template,13,test_structural_all,bongo_0565,1,0.390632
afroxlmr,clean,template,13,test_structural_all,bongo_0566,1,0.998435
afroxlmr,clean,template,13,test_structural_all,bongo_0571,0,0.001602
afroxlmr,clean,template,13,test_structural_all,bongo_0577,1,0.998418
afroxlmr,clean,template,13,test_structural_all,bongo_0580,1,0.998589
afroxlmr,clean,template,13,test_structural_all,bongo_0621,1,0.998686
afroxlmr,clean,template,13,test_structural_all,bongo_0624,1,0.998678
afroxlmr,clean,template,13,test_structural_all,bongo_0630,0,0.001146
afroxlmr,clean,template,13,test_structural_all,bongo_0638,1,0.998583
afroxlmr,clean,template,13,test_structural_all,bongo_0648,0,0.001597
afroxlmr,clean,template,13,test_structural_all,bongo_0674,0,0.001150
afroxlmr,clean,template,13,test_structural_all,bongo_0685,0,0.001291
afroxlmr,clean,template,13,test_structural_all,bongo_0697,1,0.576644
afroxlmr,clean,template,13,test_structural_all,bongo_0701,0,0.001368
afroxlmr,clean,template,13,test_structural_all,bongo_0706,1,0.817121
afroxlmr,clean,template,13,test_structural_all,bongo_0719,1,0.332917
afroxlmr,clean,template,13,test_structural_all,bongo_0721,1,0.998556
afroxlmr,clean,template,13,test_structural_all,bongo_0724,1,0.115536
afroxlmr,clean,template,13,test_structural_all,bongo_0729,1,0.998418
afroxlmr,clean,template,13,test_structural_all,bongo_0741,0,0.001082
afroxlmr,clean,template,13,test_structural_all,bongo_0749,1,0.960209
afroxlmr,clean,template,13,test_structural_all,bongo_0769,1,0.998563
afroxlmr,clean,template,13,test_structural_all,bongo_0770,1,0.125012
afroxlmr,clean,template,13,test_structural_all,bongo_0778,1,0.208023
afroxlmr,clean,template,13,test_structural_all,bongo_0787,1,0.998599
afroxlmr,clean,template,13,test_structural_all,bongo_0795,0,0.001888
afroxlmr,clean,template,13,test_structural_all,bongo_0806,1,0.615202
afroxlmr,clean,template,13,test_structural_all,bongo_0807,1,0.998676
afroxlmr,clean,template,13,test_structural_all,bongo_0818,0,0.002183
afroxlmr,clean,template,13,test_structural_all,bongo_0819,0,0.001196
afroxlmr,clean,template,13,test_structural_all,bongo_0835,0,0.001090
afroxlmr,clean,template,13,test_structural_all,bongo_0840,1,0.998681
afroxlmr,clean,template,13,test_structural_all,bongo_0855,1,0.183319
afroxlmr,clean,template,13,test_structural_all,bongo_0856,0,0.001148
afroxlmr,clean,template,13,test_structural_all,bongo_0864,1,0.998280
afroxlmr,clean,template,13,test_structural_all,bongo_0871,1,0.998619
afroxlmr,clean,template,13,test_structural_all,bongo_0872,0,0.001263
afroxlmr,clean,template,13,test_structural_all,bongo_0904,0,0.001154
afroxlmr,clean,template,13,test_structural_all,bongo_0905,1,0.998627
afroxlmr,clean,template,13,test_structural_all,bongo_0909,1,0.998511
afroxlmr,clean,template,13,test_structural_all,bongo_0917,1,0.209207
afroxlmr,clean,template,13,test_structural_all,bongo_0918,1,0.998730
afroxlmr,clean,template,13,test_structural_all,bongo_0950,0,0.001346
afroxlmr,clean,template,13,test_structural_all,bongo_0955,1,0.998732
afroxlmr,clean,template,13,test_structural_all,bongo_0956,0,0.001234
afroxlmr,clean,template,13,test_structural_all,bongo_0971,0,0.001087
afroxlmr,clean,template,13,test_structural_all,bongo_0983,0,0.001099
afroxlmr,clean,template,13,test_structural_all,bongo_0989,1,0.998635
afroxlmr,clean,template,13,test_structural_all,bongo_0994,0,0.001217
afroxlmr,clean,template,13,test_structural_all,bongo_1003,1,0.990632
afroxlmr,clean,template,13,test_structural_all,bongo_1006,0,0.001115
afroxlmr,clean,template,13,test_structural_all,bongo_1012,1,0.183453
afroxlmr,clean,template,13,test_structural_all,bongo_1015,0,0.001047
afroxlmr,clean,template,13,test_structural_all,bongo_1022,1,0.177830
afroxlmr,clean,template,13,test_structural_all,bongo_1037,0,0.001123
afroxlmr,clean,template,13,test_structural_all,bongo_1040,0,0.001238
afroxlmr,clean,template,13,test_structural_all,bongo_1042,1,0.998441
afroxlmr,clean,template,13,test_structural_all,bongo_1047,1,0.998597
afroxlmr,clean,template,13,test_structural_all,bongo_1050,0,0.001298
afroxlmr,clean,template,13,test_structural_all,bongo_1052,1,0.998561
afroxlmr,clean,template,13,test_structural_all,bongo_1059,0,0.001738
afroxlmr,clean,template,13,test_structural_all,bongo_1071,0,0.001579
afroxlmr,clean,template,13,test_structural_all,bongo_1090,0,0.002337
afroxlmr,clean,template,13,test_structural_all,bongo_1104,1,0.998690
afroxlmr,clean,template,13,test_structural_all,bongo_1115,0,0.001107
afroxlmr,clean,template,13,test_structural_all,bongo_1123,0,0.001220
afroxlmr,clean,template,13,test_structural_all,bongo_1125,0,0.002226
afroxlmr,clean,template,13,test_structural_all,bongo_1127,1,0.768749
afroxlmr,clean,template,13,test_structural_all,bongo_1131,1,0.998702
afroxlmr,clean,template,13,test_structural_all,bongo_1134,1,0.400618
afroxlmr,clean,template,13,test_structural_all,bongo_1135,0,0.001374
afroxlmr,clean,template,13,test_structural_all,bongo_1136,1,0.998417
afroxlmr,clean,template,13,test_structural_all,bongo_1138,1,0.998486
afroxlmr,clean,template,13,test_structural_all,bongo_1140,1,0.998561
afroxlmr,clean,template,13,test_structural_all,bongo_1154,1,0.998534
afroxlmr,clean,template,13,test_structural_all,bongo_1155,0,0.001248
afroxlmr,clean,template,13,test_structural_all,bongo_1171,1,0.998639
afroxlmr,clean,template,13,test_structural_all,bongo_1181,1,0.998514
afroxlmr,clean,template,13,test_structural_all,bongo_1185,1,0.745019
afroxlmr,clean,template,13,test_structural_all,bongo_1194,0,0.001160
afroxlmr,clean,template,13,test_structural_all,bongo_1195,1,0.130090
afroxlmr,clean,template,13,test_structural_all,bongo_1198,0,0.001107
afroxlmr,clean,template,13,test_structural_all,bongo_1204,1,0.218926
afroxlmr,clean,template,13,test_structural_all,bongo_1220,1,0.998429
afroxlmr,clean,template,13,test_structural_all,bongo_1233,1,0.998682
afroxlmr,clean,template,13,test_structural_all,bongo_1236,0,0.001233
afroxlmr,clean,template,13,test_structural_all,bongo_1240,1,0.466503
afroxlmr,clean,template,13,test_structural_all,bongo_1244,0,0.001130
afroxlmr,clean,template,13,test_structural_all,bongo_1249,0,0.001247
afroxlmr,clean,template,13,test_structural_all,bongo_1253,0,0.004738
afroxlmr,clean,template,13,test_structural_all,bongo_1260,0,0.001080
afroxlmr,clean,template,13,test_structural_all,bongo_1262,0,0.002381
afroxlmr,clean,template,13,test_structural_all,bongo_1278,1,0.302642
afroxlmr,clean,template,13,test_structural_all,bongo_1285,0,0.001453
afroxlmr,clean,template,13,test_structural_all,bongo_1293,1,0.998618
afroxlmr,clean,template,13,test_structural_all,bongo_1316,0,0.001671
afroxlmr,clean,template,13,test_structural_all,bongo_1327,1,0.320663
afroxlmr,clean,template,13,test_structural_all,bongo_1330,0,0.002069
afroxlmr,clean,template,13,test_structural_all,bongo_1359,0,0.001196
afroxlmr,clean,template,13,test_structural_all,bongo_1375,0,0.001379
afroxlmr,clean,template,13,test_codeswitch_1,bongo_0025,1,0.998713
afroxlmr,clean,template,13,test_codeswitch_1,bongo_0029,0,0.002252
afroxlmr,clean,template,13,test_codeswitch_1,bongo_0039,1,0.998771
afroxlmr,clean,template,13,test_codeswitch_1,bongo_0047,1,0.998723
afroxlmr,clean,template,13,test_codeswitch_1,bongo_0053,0,0.001284
afroxlmr,clean,template,13,test_codeswitch_1,bongo_0055,1,0.002222
afroxlmr,clean,template,13,test_codeswitch_1,bongo_0061,1,0.991511
afroxlmr,clean,template,13,test_codeswitch_1,bongo_0097,0,0.001153
afroxlmr,clean,template,13,test_codeswitch_1,bongo_0107,0,0.001240
afroxlmr,clean,template,13,test_codeswitch_1,bongo_0110,0,0.002024
afroxlmr,clean,template,13,test_codeswitch_1,bongo_0112,1,0.003913
afroxlmr,clean,template,13,test_codeswitch_1,bongo_0115,0,0.001164
afroxlmr,clean,template,13,test_codeswitch_1,bongo_0143,0,0.001076
afroxlmr,clean,template,13,test_codeswitch_1,bongo_0146,1,0.998796
afroxlmr,clean,template,13,test_codeswitch_1,bongo_0154,1,0.998811
afroxlmr,clean,template,13,test_codeswitch_1,bongo_0159,1,0.840454
afroxlmr,clean,template,13,test_codeswitch_1,bongo_0160,0,0.001252
afroxlmr,clean,template,13,test_codeswitch_1,bongo_0172,0,0.002504
afroxlmr,clean,template,13,test_codeswitch_1,bongo_0173,1,0.732029
afroxlmr,clean,template,13,test_codeswitch_1,bongo_0175,0,0.002639
afroxlmr,clean,template,13,test_codeswitch_1,bongo_0182,0,0.001301
afroxlmr,clean,template,13,test_codeswitch_1,bongo_0195,1,0.998683
afroxlmr,clean,template,13,test_codeswitch_1,bongo_0197,0,0.001128
afroxlmr,clean,template,13,test_codeswitch_1,bongo_0201,1,0.998662
afroxlmr,clean,template,13,test_codeswitch_1,bongo_0203,1,0.998774
afroxlmr,clean,template,13,test_codeswitch_1,bongo_0250,1,0.004265
afroxlmr,clean,template,13,test_codeswitch_1,bongo_0253,0,0.001094
afroxlmr,clean,template,13,test_codeswitch_1,bongo_0255,1,0.003122
afroxlmr,clean,template,13,test_codeswitch_1,bongo_0265,1,0.002099
afroxlmr,clean,template,13,test_codeswitch_1,bongo_0271,0,0.001573
afroxlmr,clean,template,13,test_codeswitch_1,bongo_0300,0,0.001272
afroxlmr,clean,template,13,test_codeswitch_1,bongo_0306,0,0.001098
afroxlmr,clean,template,13,test_codeswitch_1,bongo_0356,1,0.003171
afroxlmr,clean,template,13,test_codeswitch_1,bongo_0360,1,0.998814
afroxlmr,clean,template,13,test_codeswitch_1,bongo_0361,1,0.998775
afroxlmr,clean,template,13,test_codeswitch_1,bongo_0363,0,0.001000
afroxlmr,clean,template,13,test_codeswitch_1,bongo_0368,0,0.001134
afroxlmr,clean,template,13,test_codeswitch_1,bongo_0372,0,0.001077
afroxlmr,clean,template,13,test_codeswitch_1,bongo_0380,1,0.003595
afroxlmr,clean,template,13,test_codeswitch_1,bongo_0389,0,0.001317
afroxlmr,clean,template,13,test_codeswitch_1,bongo_0395,0,0.001781
afroxlmr,clean,template,13,test_codeswitch_1,bongo_0405,1,0.998700
afroxlmr,clean,template,13,test_codeswitch_1,bongo_0424,1,0.998699
afroxlmr,clean,template,13,test_codeswitch_1,bongo_0427,0,0.001134
afroxlmr,clean,template,13,test_codeswitch_1,bongo_0434,1,0.480684
afroxlmr,clean,template,13,test_codeswitch_1,bongo_0463,0,0.001170
afroxlmr,clean,template,13,test_codeswitch_1,bongo_0476,1,0.998682
afroxlmr,clean,template,13,test_codeswitch_1,bongo_0510,1,0.998705
afroxlmr,clean,template,13,test_codeswitch_1,bongo_0531,0,0.001301
afroxlmr,clean,template,13,test_codeswitch_1,bongo_0542,0,0.001146
afroxlmr,clean,template,13,test_codeswitch_1,bongo_0545,0,0.001121
afroxlmr,clean,template,13,test_codeswitch_1,bongo_0560,1,0.997771
afroxlmr,clean,template,13,test_codeswitch_1,bongo_0565,1,0.002656
afroxlmr,clean,template,13,test_codeswitch_1,bongo_0566,1,0.998757
afroxlmr,clean,template,13,test_codeswitch_1,bongo_0571,0,0.001602
afroxlmr,clean,template,13,test_codeswitch_1,bongo_0577,1,0.998648
afroxlmr,clean,template,13,test_codeswitch_1,bongo_0580,1,0.998640
afroxlmr,clean,template,13,test_codeswitch_1,bongo_0621,1,0.998660
afroxlmr,clean,template,13,test_codeswitch_1,bongo_0624,1,0.998777
afroxlmr,clean,template,13,test_codeswitch_1,bongo_0630,0,0.001146
afroxlmr,clean,template,13,test_codeswitch_1,bongo_0638,1,0.998789
afroxlmr,clean,template,13,test_codeswitch_1,bongo_0648,0,0.001597
afroxlmr,clean,template,13,test_codeswitch_1,bongo_0674,0,0.001150
afroxlmr,clean,template,13,test_codeswitch_1,bongo_0685,0,0.001291
afroxlmr,clean,template,13,test_codeswitch_1,bongo_0697,1,0.002894
afroxlmr,clean,template,13,test_codeswitch_1,bongo_0701,0,0.001368
afroxlmr,clean,template,13,test_codeswitch_1,bongo_0706,1,0.309501
afroxlmr,clean,template,13,test_codeswitch_1,bongo_0719,1,0.809565
afroxlmr,clean,template,13,test_codeswitch_1,bongo_0721,1,0.998536
afroxlmr,clean,template,13,test_codeswitch_1,bongo_0724,1,0.002853
afroxlmr,clean,template,13,test_codeswitch_1,bongo_0729,1,0.998669
afroxlmr,clean,template,13,test_codeswitch_1,bongo_0741,0,0.001082
afroxlmr,clean,template,13,test_codeswitch_1,bongo_0749,1,0.748525
afroxlmr,clean,template,13,test_codeswitch_1,bongo_0769,1,0.998560
afroxlmr,clean,template,13,test_codeswitch_1,bongo_0770,1,0.002526
afroxlmr,clean,template,13,test_codeswitch_1,bongo_0778,1,0.001893
afroxlmr,clean,template,13,test_codeswitch_1,bongo_0787,1,0.998820
afroxlmr,clean,template,13,test_codeswitch_1,bongo_0795,0,0.001888
afroxlmr,clean,template,13,test_codeswitch_1,bongo_0806,1,0.031465
afroxlmr,clean,template,13,test_codeswitch_1,bongo_0807,1,0.998755
afroxlmr,clean,template,13,test_codeswitch_1,bongo_0818,0,0.002183
afroxlmr,clean,template,13,test_codeswitch_1,bongo_0819,0,0.001196
afroxlmr,clean,template,13,test_codeswitch_1,bongo_0835,0,0.001090
afroxlmr,clean,template,13,test_codeswitch_1,bongo_0840,1,0.998815
afroxlmr,clean,template,13,test_codeswitch_1,bongo_0855,1,0.003949
afroxlmr,clean,template,13,test_codeswitch_1,bongo_0856,0,0.001148
afroxlmr,clean,template,13,test_codeswitch_1,bongo_0864,1,0.998785
afroxlmr,clean,template,13,test_codeswitch_1,bongo_0871,1,0.998767
afroxlmr,clean,template,13,test_codeswitch_1,bongo_0872,0,0.001263
afroxlmr,clean,template,13,test_codeswitch_1,bongo_0904,0,0.001154
afroxlmr,clean,template,13,test_codeswitch_1,bongo_0905,1,0.998779
afroxlmr,clean,template,13,test_codeswitch_1,bongo_0909,1,0.998707
afroxlmr,clean,template,13,test_codeswitch_1,bongo_0917,1,0.002978
afroxlmr,clean,template,13,test_codeswitch_1,bongo_0918,1,0.998725
afroxlmr,clean,template,13,test_codeswitch_1,bongo_0950,0,0.001346
afroxlmr,clean,template,13,test_codeswitch_1,bongo_0955,1,0.998814
afroxlmr,clean,template,13,test_codeswitch_1,bongo_0956,0,0.001234
afroxlmr,clean,template,13,test_codeswitch_1,bongo_0971,0,0.001087
afroxlmr,clean,template,13,test_codeswitch_1,bongo_0983,0,0.001099
afroxlmr,clean,template,13,test_codeswitch_1,bongo_0989,1,0.998763
afroxlmr,clean,template,13,test_codeswitch_1,bongo_0994,0,0.001217
afroxlmr,clean,template,13,test_codeswitch_1,bongo_1003,1,0.997086
afroxlmr,clean,template,13,test_codeswitch_1,bongo_1006,0,0.001115
afroxlmr,clean,template,13,test_codeswitch_1,bongo_1012,1,0.002473
afroxlmr,clean,template,13,test_codeswitch_1,bongo_1015,0,0.001047
afroxlmr,clean,template,13,test_codeswitch_1,bongo_1022,1,0.002448
afroxlmr,clean,template,13,test_codeswitch_1,bongo_1037,0,0.001123
afroxlmr,clean,template,13,test_codeswitch_1,bongo_1040,0,0.001238
afroxlmr,clean,template,13,test_codeswitch_1,bongo_1042,1,0.998741
afroxlmr,clean,template,13,test_codeswitch_1,bongo_1047,1,0.998770
afroxlmr,clean,template,13,test_codeswitch_1,bongo_1050,0,0.001298
afroxlmr,clean,template,13,test_codeswitch_1,bongo_1052,1,0.998681
afroxlmr,clean,template,13,test_codeswitch_1,bongo_1059,0,0.001738
afroxlmr,clean,template,13,test_codeswitch_1,bongo_1071,0,0.001579
afroxlmr,clean,template,13,test_codeswitch_1,bongo_1090,0,0.002337
afroxlmr,clean,template,13,test_codeswitch_1,bongo_1104,1,0.998792
afroxlmr,clean,template,13,test_codeswitch_1,bongo_1115,0,0.001107
afroxlmr,clean,template,13,test_codeswitch_1,bongo_1123,0,0.001220
afroxlmr,clean,template,13,test_codeswitch_1,bongo_1125,0,0.002226
afroxlmr,clean,template,13,test_codeswitch_1,bongo_1127,1,0.151273
afroxlmr,clean,template,13,test_codeswitch_1,bongo_1131,1,0.998451
afroxlmr,clean,template,13,test_codeswitch_1,bongo_1134,1,0.032473
afroxlmr,clean,template,13,test_codeswitch_1,bongo_1135,0,0.001374
afroxlmr,clean,template,13,test_codeswitch_1,bongo_1136,1,0.998742
afroxlmr,clean,template,13,test_codeswitch_1,bongo_1138,1,0.998784
afroxlmr,clean,template,13,test_codeswitch_1,bongo_1140,1,0.998746
afroxlmr,clean,template,13,test_codeswitch_1,bongo_1154,1,0.998704
afroxlmr,clean,template,13,test_codeswitch_1,bongo_1155,0,0.001248
afroxlmr,clean,template,13,test_codeswitch_1,bongo_1171,1,0.998769
afroxlmr,clean,template,13,test_codeswitch_1,bongo_1181,1,0.998645
afroxlmr,clean,template,13,test_codeswitch_1,bongo_1185,1,0.001927
afroxlmr,clean,template,13,test_codeswitch_1,bongo_1194,0,0.001160
afroxlmr,clean,template,13,test_codeswitch_1,bongo_1195,1,0.002414
afroxlmr,clean,template,13,test_codeswitch_1,bongo_1198,0,0.001107
afroxlmr,clean,template,13,test_codeswitch_1,bongo_1204,1,0.003348
afroxlmr,clean,template,13,test_codeswitch_1,bongo_1220,1,0.998826
afroxlmr,clean,template,13,test_codeswitch_1,bongo_1233,1,0.998785
afroxlmr,clean,template,13,test_codeswitch_1,bongo_1236,0,0.001233
afroxlmr,clean,template,13,test_codeswitch_1,bongo_1240,1,0.003143
afroxlmr,clean,template,13,test_codeswitch_1,bongo_1244,0,0.001130
afroxlmr,clean,template,13,test_codeswitch_1,bongo_1249,0,0.001247
afroxlmr,clean,template,13,test_codeswitch_1,bongo_1253,0,0.004738
afroxlmr,clean,template,13,test_codeswitch_1,bongo_1260,0,0.001080
afroxlmr,clean,template,13,test_codeswitch_1,bongo_1262,0,0.002381
afroxlmr,clean,template,13,test_codeswitch_1,bongo_1278,1,0.002413
afroxlmr,clean,template,13,test_codeswitch_1,bongo_1285,0,0.001453
afroxlmr,clean,template,13,test_codeswitch_1,bongo_1293,1,0.998728
afroxlmr,clean,template,13,test_codeswitch_1,bongo_1316,0,0.001671
afroxlmr,clean,template,13,test_codeswitch_1,bongo_1327,1,0.001854
afroxlmr,clean,template,13,test_codeswitch_1,bongo_1330,0,0.002069
afroxlmr,clean,template,13,test_codeswitch_1,bongo_1359,0,0.001196
afroxlmr,clean,template,13,test_codeswitch_1,bongo_1375,0,0.001379
afroxlmr,clean,template,13,test_codeswitch_3,bongo_0025,1,0.998667
afroxlmr,clean,template,13,test_codeswitch_3,bongo_0029,0,0.002252
afroxlmr,clean,template,13,test_codeswitch_3,bongo_0039,1,0.998773
afroxlmr,clean,template,13,test_codeswitch_3,bongo_0047,1,0.998723
afroxlmr,clean,template,13,test_codeswitch_3,bongo_0053,0,0.001284
afroxlmr,clean,template,13,test_codeswitch_3,bongo_0055,1,0.002225
afroxlmr,clean,template,13,test_codeswitch_3,bongo_0061,1,0.991511
afroxlmr,clean,template,13,test_codeswitch_3,bongo_0097,0,0.001153
afroxlmr,clean,template,13,test_codeswitch_3,bongo_0107,0,0.001240
afroxlmr,clean,template,13,test_codeswitch_3,bongo_0110,0,0.002024
afroxlmr,clean,template,13,test_codeswitch_3,bongo_0112,1,0.004872
afroxlmr,clean,template,13,test_codeswitch_3,bongo_0115,0,0.001164
afroxlmr,clean,template,13,test_codeswitch_3,bongo_0143,0,0.001076
afroxlmr,clean,template,13,test_codeswitch_3,bongo_0146,1,0.998753
afroxlmr,clean,template,13,test_codeswitch_3,bongo_0154,1,0.998721
afroxlmr,clean,template,13,test_codeswitch_3,bongo_0159,1,0.807967
afroxlmr,clean,template,13,test_codeswitch_3,bongo_0160,0,0.001252
afroxlmr,clean,template,13,test_codeswitch_3,bongo_0172,0,0.002504
afroxlmr,clean,template,13,test_codeswitch_3,bongo_0173,1,0.857794
afroxlmr,clean,template,13,test_codeswitch_3,bongo_0175,0,0.002639
afroxlmr,clean,template,13,test_codeswitch_3,bongo_0182,0,0.001301
afroxlmr,clean,template,13,test_codeswitch_3,bongo_0195,1,0.998683
afroxlmr,clean,template,13,test_codeswitch_3,bongo_0197,0,0.001128
afroxlmr,clean,template,13,test_codeswitch_3,bongo_0201,1,0.998669
afroxlmr,clean,template,13,test_codeswitch_3,bongo_0203,1,0.998736
afroxlmr,clean,template,13,test_codeswitch_3,bongo_0250,1,0.003521
afroxlmr,clean,template,13,test_codeswitch_3,bongo_0253,0,0.001094
afroxlmr,clean,template,13,test_codeswitch_3,bongo_0255,1,0.003261
afroxlmr,clean,template,13,test_codeswitch_3,bongo_0265,1,0.002061
afroxlmr,clean,template,13,test_codeswitch_3,bongo_0271,0,0.001573
afroxlmr,clean,template,13,test_codeswitch_3,bongo_0300,0,0.001272
afroxlmr,clean,template,13,test_codeswitch_3,bongo_0306,0,0.001098
afroxlmr,clean,template,13,test_codeswitch_3,bongo_0356,1,0.003790
afroxlmr,clean,template,13,test_codeswitch_3,bongo_0360,1,0.998806
afroxlmr,clean,template,13,test_codeswitch_3,bongo_0361,1,0.998758
afroxlmr,clean,template,13,test_codeswitch_3,bongo_0363,0,0.001000
afroxlmr,clean,template,13,test_codeswitch_3,bongo_0368,0,0.001134
afroxlmr,clean,template,13,test_codeswitch_3,bongo_0372,0,0.001077
afroxlmr,clean,template,13,test_codeswitch_3,bongo_0380,1,0.003870
afroxlmr,clean,template,13,test_codeswitch_3,bongo_0389,0,0.001317
afroxlmr,clean,template,13,test_codeswitch_3,bongo_0395,0,0.001781
afroxlmr,clean,template,13,test_codeswitch_3,bongo_0405,1,0.998659
afroxlmr,clean,template,13,test_codeswitch_3,bongo_0424,1,0.998688
afroxlmr,clean,template,13,test_codeswitch_3,bongo_0427,0,0.001134
afroxlmr,clean,template,13,test_codeswitch_3,bongo_0434,1,0.318581
afroxlmr,clean,template,13,test_codeswitch_3,bongo_0463,0,0.001170
afroxlmr,clean,template,13,test_codeswitch_3,bongo_0476,1,0.998682
afroxlmr,clean,template,13,test_codeswitch_3,bongo_0510,1,0.998671
afroxlmr,clean,template,13,test_codeswitch_3,bongo_0531,0,0.001301
afroxlmr,clean,template,13,test_codeswitch_3,bongo_0542,0,0.001146
afroxlmr,clean,template,13,test_codeswitch_3,bongo_0545,0,0.001121
afroxlmr,clean,template,13,test_codeswitch_3,bongo_0560,1,0.997771
afroxlmr,clean,template,13,test_codeswitch_3,bongo_0565,1,0.003211
afroxlmr,clean,template,13,test_codeswitch_3,bongo_0566,1,0.998723
afroxlmr,clean,template,13,test_codeswitch_3,bongo_0571,0,0.001602
afroxlmr,clean,template,13,test_codeswitch_3,bongo_0577,1,0.998658
afroxlmr,clean,template,13,test_codeswitch_3,bongo_0580,1,0.998640
afroxlmr,clean,template,13,test_codeswitch_3,bongo_0621,1,0.998619
afroxlmr,clean,template,13,test_codeswitch_3,bongo_0624,1,0.998731
afroxlmr,clean,template,13,test_codeswitch_3,bongo_0630,0,0.001146
afroxlmr,clean,template,13,test_codeswitch_3,bongo_0638,1,0.998715
afroxlmr,clean,template,13,test_codeswitch_3,bongo_0648,0,0.001597
afroxlmr,clean,template,13,test_codeswitch_3,bongo_0674,0,0.001150
afroxlmr,clean,template,13,test_codeswitch_3,bongo_0685,0,0.001291
afroxlmr,clean,template,13,test_codeswitch_3,bongo_0697,1,0.003837
afroxlmr,clean,template,13,test_codeswitch_3,bongo_0701,0,0.001368
afroxlmr,clean,template,13,test_codeswitch_3,bongo_0706,1,0.296326
afroxlmr,clean,template,13,test_codeswitch_3,bongo_0719,1,0.909014
afroxlmr,clean,template,13,test_codeswitch_3,bongo_0721,1,0.998571
afroxlmr,clean,template,13,test_codeswitch_3,bongo_0724,1,0.003407
afroxlmr,clean,template,13,test_codeswitch_3,bongo_0729,1,0.998669
afroxlmr,clean,template,13,test_codeswitch_3,bongo_0741,0,0.001082
afroxlmr,clean,template,13,test_codeswitch_3,bongo_0749,1,0.762482
afroxlmr,clean,template,13,test_codeswitch_3,bongo_0769,1,0.998567
afroxlmr,clean,template,13,test_codeswitch_3,bongo_0770,1,0.002996
afroxlmr,clean,template,13,test_codeswitch_3,bongo_0778,1,0.002139
afroxlmr,clean,template,13,test_codeswitch_3,bongo_0787,1,0.998811
afroxlmr,clean,template,13,test_codeswitch_3,bongo_0795,0,0.001888
afroxlmr,clean,template,13,test_codeswitch_3,bongo_0806,1,0.021586
afroxlmr,clean,template,13,test_codeswitch_3,bongo_0807,1,0.998708
afroxlmr,clean,template,13,test_codeswitch_3,bongo_0818,0,0.002183
afroxlmr,clean,template,13,test_codeswitch_3,bongo_0819,0,0.001196
afroxlmr,clean,template,13,test_codeswitch_3,bongo_0835,0,0.001090
afroxlmr,clean,template,13,test_codeswitch_3,bongo_0840,1,0.998820
afroxlmr,clean,template,13,test_codeswitch_3,bongo_0855,1,0.005102
afroxlmr,clean,template,13,test_codeswitch_3,bongo_0856,0,0.001148
afroxlmr,clean,template,13,test_codeswitch_3,bongo_0864,1,0.998801
afroxlmr,clean,template,13,test_codeswitch_3,bongo_0871,1,0.998743
afroxlmr,clean,template,13,test_codeswitch_3,bongo_0872,0,0.001263
afroxlmr,clean,template,13,test_codeswitch_3,bongo_0904,0,0.001154
afroxlmr,clean,template,13,test_codeswitch_3,bongo_0905,1,0.998782
afroxlmr,clean,template,13,test_codeswitch_3,bongo_0909,1,0.998690
afroxlmr,clean,template,13,test_codeswitch_3,bongo_0917,1,0.002567
afroxlmr,clean,template,13,test_codeswitch_3,bongo_0918,1,0.998686
afroxlmr,clean,template,13,test_codeswitch_3,bongo_0950,0,0.001346
afroxlmr,clean,template,13,test_codeswitch_3,bongo_0955,1,0.998814
afroxlmr,clean,template,13,test_codeswitch_3,bongo_0956,0,0.001234
afroxlmr,clean,template,13,test_codeswitch_3,bongo_0971,0,0.001087
afroxlmr,clean,template,13,test_codeswitch_3,bongo_0983,0,0.001099
afroxlmr,clean,template,13,test_codeswitch_3,bongo_0989,1,0.998743
afroxlmr,clean,template,13,test_codeswitch_3,bongo_0994,0,0.001217
afroxlmr,clean,template,13,test_codeswitch_3,bongo_1003,1,0.997086
afroxlmr,clean,template,13,test_codeswitch_3,bongo_1006,0,0.001115
afroxlmr,clean,template,13,test_codeswitch_3,bongo_1012,1,0.002764
afroxlmr,clean,template,13,test_codeswitch_3,bongo_1015,0,0.001047
afroxlmr,clean,template,13,test_codeswitch_3,bongo_1022,1,0.002601
afroxlmr,clean,template,13,test_codeswitch_3,bongo_1037,0,0.001123
afroxlmr,clean,template,13,test_codeswitch_3,bongo_1040,0,0.001238
afroxlmr,clean,template,13,test_codeswitch_3,bongo_1042,1,0.998716
afroxlmr,clean,template,13,test_codeswitch_3,bongo_1047,1,0.998763
afroxlmr,clean,template,13,test_codeswitch_3,bongo_1050,0,0.001298
afroxlmr,clean,template,13,test_codeswitch_3,bongo_1052,1,0.998643
afroxlmr,clean,template,13,test_codeswitch_3,bongo_1059,0,0.001738
afroxlmr,clean,template,13,test_codeswitch_3,bongo_1071,0,0.001579
afroxlmr,clean,template,13,test_codeswitch_3,bongo_1090,0,0.002337
afroxlmr,clean,template,13,test_codeswitch_3,bongo_1104,1,0.998779
afroxlmr,clean,template,13,test_codeswitch_3,bongo_1115,0,0.001107
afroxlmr,clean,template,13,test_codeswitch_3,bongo_1123,0,0.001220
afroxlmr,clean,template,13,test_codeswitch_3,bongo_1125,0,0.002226
afroxlmr,clean,template,13,test_codeswitch_3,bongo_1127,1,0.249120
afroxlmr,clean,template,13,test_codeswitch_3,bongo_1131,1,0.998701
afroxlmr,clean,template,13,test_codeswitch_3,bongo_1134,1,0.015161
afroxlmr,clean,template,13,test_codeswitch_3,bongo_1135,0,0.001374
afroxlmr,clean,template,13,test_codeswitch_3,bongo_1136,1,0.998742
afroxlmr,clean,template,13,test_codeswitch_3,bongo_1138,1,0.998790
afroxlmr,clean,template,13,test_codeswitch_3,bongo_1140,1,0.998723
afroxlmr,clean,template,13,test_codeswitch_3,bongo_1154,1,0.998732
afroxlmr,clean,template,13,test_codeswitch_3,bongo_1155,0,0.001248
afroxlmr,clean,template,13,test_codeswitch_3,bongo_1171,1,0.998770
afroxlmr,clean,template,13,test_codeswitch_3,bongo_1181,1,0.998645
afroxlmr,clean,template,13,test_codeswitch_3,bongo_1185,1,0.002444
afroxlmr,clean,template,13,test_codeswitch_3,bongo_1194,0,0.001160
afroxlmr,clean,template,13,test_codeswitch_3,bongo_1195,1,0.004151
afroxlmr,clean,template,13,test_codeswitch_3,bongo_1198,0,0.001107
afroxlmr,clean,template,13,test_codeswitch_3,bongo_1204,1,0.003261
afroxlmr,clean,template,13,test_codeswitch_3,bongo_1220,1,0.998827
afroxlmr,clean,template,13,test_codeswitch_3,bongo_1233,1,0.998736
afroxlmr,clean,template,13,test_codeswitch_3,bongo_1236,0,0.001233
afroxlmr,clean,template,13,test_codeswitch_3,bongo_1240,1,0.003795
afroxlmr,clean,template,13,test_codeswitch_3,bongo_1244,0,0.001130
afroxlmr,clean,template,13,test_codeswitch_3,bongo_1249,0,0.001247
afroxlmr,clean,template,13,test_codeswitch_3,bongo_1253,0,0.004738
afroxlmr,clean,template,13,test_codeswitch_3,bongo_1260,0,0.001080
afroxlmr,clean,template,13,test_codeswitch_3,bongo_1262,0,0.002381
afroxlmr,clean,template,13,test_codeswitch_3,bongo_1278,1,0.002673
afroxlmr,clean,template,13,test_codeswitch_3,bongo_1285,0,0.001453
afroxlmr,clean,template,13,test_codeswitch_3,bongo_1293,1,0.998742
afroxlmr,clean,template,13,test_codeswitch_3,bongo_1316,0,0.001671
afroxlmr,clean,template,13,test_codeswitch_3,bongo_1327,1,0.002134
afroxlmr,clean,template,13,test_codeswitch_3,bongo_1330,0,0.002069
afroxlmr,clean,template,13,test_codeswitch_3,bongo_1359,0,0.001196
afroxlmr,clean,template,13,test_codeswitch_3,bongo_1375,0,0.001379
afroxlmr,clean,template,13,test_codeswitch_all,bongo_0025,1,0.998667
afroxlmr,clean,template,13,test_codeswitch_all,bongo_0029,0,0.002252
afroxlmr,clean,template,13,test_codeswitch_all,bongo_0039,1,0.998773
afroxlmr,clean,template,13,test_codeswitch_all,bongo_0047,1,0.998723
afroxlmr,clean,template,13,test_codeswitch_all,bongo_0053,0,0.001284
afroxlmr,clean,template,13,test_codeswitch_all,bongo_0055,1,0.002225
afroxlmr,clean,template,13,test_codeswitch_all,bongo_0061,1,0.991511
afroxlmr,clean,template,13,test_codeswitch_all,bongo_0097,0,0.001153
afroxlmr,clean,template,13,test_codeswitch_all,bongo_0107,0,0.001240
afroxlmr,clean,template,13,test_codeswitch_all,bongo_0110,0,0.002024
afroxlmr,clean,template,13,test_codeswitch_all,bongo_0112,1,0.004872
afroxlmr,clean,template,13,test_codeswitch_all,bongo_0115,0,0.001164
afroxlmr,clean,template,13,test_codeswitch_all,bongo_0143,0,0.001076
afroxlmr,clean,template,13,test_codeswitch_all,bongo_0146,1,0.998736
afroxlmr,clean,template,13,test_codeswitch_all,bongo_0154,1,0.998721
afroxlmr,clean,template,13,test_codeswitch_all,bongo_0159,1,0.807967
afroxlmr,clean,template,13,test_codeswitch_all,bongo_0160,0,0.001252
afroxlmr,clean,template,13,test_codeswitch_all,bongo_0172,0,0.002504
afroxlmr,clean,template,13,test_codeswitch_all,bongo_0173,1,0.857794
afroxlmr,clean,template,13,test_codeswitch_all,bongo_0175,0,0.002639
afroxlmr,clean,template,13,test_codeswitch_all,bongo_0182,0,0.001301
afroxlmr,clean,template,13,test_codeswitch_all,bongo_0195,1,0.998683
afroxlmr,clean,template,13,test_codeswitch_all,bongo_0197,0,0.001128
afroxlmr,clean,template,13,test_codeswitch_all,bongo_0201,1,0.998694
afroxlmr,clean,template,13,test_codeswitch_all,bongo_0203,1,0.998726
afroxlmr,clean,template,13,test_codeswitch_all,bongo_0250,1,0.003521
afroxlmr,clean,template,13,test_codeswitch_all,bongo_0253,0,0.001094
afroxlmr,clean,template,13,test_codeswitch_all,bongo_0255,1,0.003261
afroxlmr,clean,template,13,test_codeswitch_all,bongo_0265,1,0.002061
afroxlmr,clean,template,13,test_codeswitch_all,bongo_0271,0,0.001573
afroxlmr,clean,template,13,test_codeswitch_all,bongo_0300,0,0.001272
afroxlmr,clean,template,13,test_codeswitch_all,bongo_0306,0,0.001098
afroxlmr,clean,template,13,test_codeswitch_all,bongo_0356,1,0.003790
afroxlmr,clean,template,13,test_codeswitch_all,bongo_0360,1,0.998759
afroxlmr,clean,template,13,test_codeswitch_all,bongo_0361,1,0.998745
afroxlmr,clean,template,13,test_codeswitch_all,bongo_0363,0,0.001000
afroxlmr,clean,template,13,test_codeswitch_all,bongo_0368,0,0.001134
afroxlmr,clean,template,13,test_codeswitch_all,bongo_0372,0,0.001077
afroxlmr,clean,template,13,test_codeswitch_all,bongo_0380,1,0.003870
afroxlmr,clean,template,13,test_codeswitch_all,bongo_0389,0,0.001317
afroxlmr,clean,template,13,test_codeswitch_all,bongo_0395,0,0.001781
afroxlmr,clean,template,13,test_codeswitch_all,bongo_0405,1,0.998659
afroxlmr,clean,template,13,test_codeswitch_all,bongo_0424,1,0.998720
afroxlmr,clean,template,13,test_codeswitch_all,bongo_0427,0,0.001134
afroxlmr,clean,template,13,test_codeswitch_all,bongo_0434,1,0.318581
afroxlmr,clean,template,13,test_codeswitch_all,bongo_0463,0,0.001170
afroxlmr,clean,template,13,test_codeswitch_all,bongo_0476,1,0.998682
afroxlmr,clean,template,13,test_codeswitch_all,bongo_0510,1,0.998671
afroxlmr,clean,template,13,test_codeswitch_all,bongo_0531,0,0.001301
afroxlmr,clean,template,13,test_codeswitch_all,bongo_0542,0,0.001146
afroxlmr,clean,template,13,test_codeswitch_all,bongo_0545,0,0.001121
afroxlmr,clean,template,13,test_codeswitch_all,bongo_0560,1,0.997771
afroxlmr,clean,template,13,test_codeswitch_all,bongo_0565,1,0.003211
afroxlmr,clean,template,13,test_codeswitch_all,bongo_0566,1,0.998725
afroxlmr,clean,template,13,test_codeswitch_all,bongo_0571,0,0.001602
afroxlmr,clean,template,13,test_codeswitch_all,bongo_0577,1,0.998658
afroxlmr,clean,template,13,test_codeswitch_all,bongo_0580,1,0.998640
afroxlmr,clean,template,13,test_codeswitch_all,bongo_0621,1,0.998619
afroxlmr,clean,template,13,test_codeswitch_all,bongo_0624,1,0.998731
afroxlmr,clean,template,13,test_codeswitch_all,bongo_0630,0,0.001146
afroxlmr,clean,template,13,test_codeswitch_all,bongo_0638,1,0.998721
afroxlmr,clean,template,13,test_codeswitch_all,bongo_0648,0,0.001597
afroxlmr,clean,template,13,test_codeswitch_all,bongo_0674,0,0.001150
afroxlmr,clean,template,13,test_codeswitch_all,bongo_0685,0,0.001291
afroxlmr,clean,template,13,test_codeswitch_all,bongo_0697,1,0.003837
afroxlmr,clean,template,13,test_codeswitch_all,bongo_0701,0,0.001368
afroxlmr,clean,template,13,test_codeswitch_all,bongo_0706,1,0.296326
afroxlmr,clean,template,13,test_codeswitch_all,bongo_0719,1,0.909014
afroxlmr,clean,template,13,test_codeswitch_all,bongo_0721,1,0.998571
afroxlmr,clean,template,13,test_codeswitch_all,bongo_0724,1,0.003407
afroxlmr,clean,template,13,test_codeswitch_all,bongo_0729,1,0.998669
afroxlmr,clean,template,13,test_codeswitch_all,bongo_0741,0,0.001082
afroxlmr,clean,template,13,test_codeswitch_all,bongo_0749,1,0.762482
afroxlmr,clean,template,13,test_codeswitch_all,bongo_0769,1,0.998567
afroxlmr,clean,template,13,test_codeswitch_all,bongo_0770,1,0.002996
afroxlmr,clean,template,13,test_codeswitch_all,bongo_0778,1,0.002139
afroxlmr,clean,template,13,test_codeswitch_all,bongo_0787,1,0.998770
afroxlmr,clean,template,13,test_codeswitch_all,bongo_0795,0,0.001888
afroxlmr,clean,template,13,test_codeswitch_all,bongo_0806,1,0.021586
afroxlmr,clean,template,13,test_codeswitch_all,bongo_0807,1,0.998708
afroxlmr,clean,template,13,test_codeswitch_all,bongo_0818,0,0.002183
afroxlmr,clean,template,13,test_codeswitch_all,bongo_0819,0,0.001196
afroxlmr,clean,template,13,test_codeswitch_all,bongo_0835,0,0.001090
afroxlmr,clean,template,13,test_codeswitch_all,bongo_0840,1,0.998781
afroxlmr,clean,template,13,test_codeswitch_all,bongo_0855,1,0.005102
afroxlmr,clean,template,13,test_codeswitch_all,bongo_0856,0,0.001148
afroxlmr,clean,template,13,test_codeswitch_all,bongo_0864,1,0.998801
afroxlmr,clean,template,13,test_codeswitch_all,bongo_0871,1,0.998743
afroxlmr,clean,template,13,test_codeswitch_all,bongo_0872,0,0.001263
afroxlmr,clean,template,13,test_codeswitch_all,bongo_0904,0,0.001154
afroxlmr,clean,template,13,test_codeswitch_all,bongo_0905,1,0.998782
afroxlmr,clean,template,13,test_codeswitch_all,bongo_0909,1,0.998690
afroxlmr,clean,template,13,test_codeswitch_all,bongo_0917,1,0.002567
afroxlmr,clean,template,13,test_codeswitch_all,bongo_0918,1,0.998686
afroxlmr,clean,template,13,test_codeswitch_all,bongo_0950,0,0.001346
afroxlmr,clean,template,13,test_codeswitch_all,bongo_0955,1,0.998822
afroxlmr,clean,template,13,test_codeswitch_all,bongo_0956,0,0.001234
afroxlmr,clean,template,13,test_codeswitch_all,bongo_0971,0,0.001087
afroxlmr,clean,template,13,test_codeswitch_all,bongo_0983,0,0.001099
afroxlmr,clean,template,13,test_codeswitch_all,bongo_0989,1,0.998743
afroxlmr,clean,template,13,test_codeswitch_all,bongo_0994,0,0.001217
afroxlmr,clean,template,13,test_codeswitch_all,bongo_1003,1,0.997086
afroxlmr,clean,template,13,test_codeswitch_all,bongo_1006,0,0.001115
afroxlmr,clean,template,13,test_codeswitch_all,bongo_1012,1,0.002764
afroxlmr,clean,template,13,test_codeswitch_all,bongo_1015,0,0.001047
afroxlmr,clean,template,13,test_codeswitch_all,bongo_1022,1,0.002601
afroxlmr,clean,template,13,test_codeswitch_all,bongo_1037,0,0.001123
afroxlmr,clean,template,13,test_codeswitch_all,bongo_1040,0,0.001238
afroxlmr,clean,template,13,test_codeswitch_all,bongo_1042,1,0.998696
afroxlmr,clean,template,13,test_codeswitch_all,bongo_1047,1,0.998763
afroxlmr,clean,template,13,test_codeswitch_all,bongo_1050,0,0.001298
afroxlmr,clean,template,13,test_codeswitch_all,bongo_1052,1,0.998643
afroxlmr,clean,template,13,test_codeswitch_all,bongo_1059,0,0.001738
afroxlmr,clean,template,13,test_codeswitch_all,bongo_1071,0,0.001579
afroxlmr,clean,template,13,test_codeswitch_all,bongo_1090,0,0.002337
afroxlmr,clean,template,13,test_codeswitch_all,bongo_1104,1,0.998794
afroxlmr,clean,template,13,test_codeswitch_all,bongo_1115,0,0.001107
afroxlmr,clean,template,13,test_codeswitch_all,bongo_1123,0,0.001220
afroxlmr,clean,template,13,test_codeswitch_all,bongo_1125,0,0.002226
afroxlmr,clean,template,13,test_codeswitch_all,bongo_1127,1,0.249120
afroxlmr,clean,template,13,test_codeswitch_all,bongo_1131,1,0.998727
afroxlmr,clean,template,13,test_codeswitch_all,bongo_1134,1,0.015161
afroxlmr,clean,template,13,test_codeswitch_all,bongo_1135,0,0.001374
afroxlmr,clean,template,13,test_codeswitch_all,bongo_1136,1,0.998742
afroxlmr,clean,template,13,test_codeswitch_all,bongo_1138,1,0.998790
afroxlmr,clean,template,13,test_codeswitch_all,bongo_1140,1,0.998723
afroxlmr,clean,template,13,test_codeswitch_all,bongo_1154,1,0.998707
afroxlmr,clean,template,13,test_codeswitch_all,bongo_1155,0,0.001248
afroxlmr,clean,template,13,test_codeswitch_all,bongo_1171,1,0.998793
afroxlmr,clean,template,13,test_codeswitch_all,bongo_1181,1,0.998645
afroxlmr,clean,template,13,test_codeswitch_all,bongo_1185,1,0.002444
afroxlmr,clean,template,13,test_codeswitch_all,bongo_1194,0,0.001160
afroxlmr,clean,template,13,test_codeswitch_all,bongo_1195,1,0.004151
afroxlmr,clean,template,13,test_codeswitch_all,bongo_1198,0,0.001107
afroxlmr,clean,template,13,test_codeswitch_all,bongo_1204,1,0.003261
afroxlmr,clean,template,13,test_codeswitch_all,bongo_1220,1,0.998827
afroxlmr,clean,template,13,test_codeswitch_all,bongo_1233,1,0.998733
afroxlmr,clean,template,13,test_codeswitch_all,bongo_1236,0,0.001233
afroxlmr,clean,template,13,test_codeswitch_all,bongo_1240,1,0.003795
afroxlmr,clean,template,13,test_codeswitch_all,bongo_1244,0,0.001130
afroxlmr,clean,template,13,test_codeswitch_all,bongo_1249,0,0.001247
afroxlmr,clean,template,13,test_codeswitch_all,bongo_1253,0,0.004738
afroxlmr,clean,template,13,test_codeswitch_all,bongo_1260,0,0.001080
afroxlmr,clean,template,13,test_codeswitch_all,bongo_1262,0,0.002381
afroxlmr,clean,template,13,test_codeswitch_all,bongo_1278,1,0.002673
afroxlmr,clean,template,13,test_codeswitch_all,bongo_1285,0,0.001453
afroxlmr,clean,template,13,test_codeswitch_all,bongo_1293,1,0.998735
afroxlmr,clean,template,13,test_codeswitch_all,bongo_1316,0,0.001671
afroxlmr,clean,template,13,test_codeswitch_all,bongo_1327,1,0.002134
afroxlmr,clean,template,13,test_codeswitch_all,bongo_1330,0,0.002069
afroxlmr,clean,template,13,test_codeswitch_all,bongo_1359,0,0.001196
afroxlmr,clean,template,13,test_codeswitch_all,bongo_1375,0,0.001379
afroxlmr,clean,template,13,chichewa,chi_0000,1,0.998585
afroxlmr,clean,template,13,chichewa,chi_0001,1,0.998669
afroxlmr,clean,template,13,chichewa,chi_0002,0,0.007181
afroxlmr,clean,template,13,chichewa,chi_0003,0,0.997820
afroxlmr,clean,template,13,chichewa,chi_0004,1,0.998523
afroxlmr,clean,template,13,chichewa,chi_0005,1,0.998229
afroxlmr,clean,template,13,chichewa,chi_0006,0,0.996637
afroxlmr,clean,template,13,chichewa,chi_0007,0,0.002963
afroxlmr,clean,template,13,chichewa,chi_0008,1,0.006172
afroxlmr,clean,template,13,chichewa,chi_0009,1,0.007104
afroxlmr,clean,template,13,chichewa,chi_0010,0,0.018760
afroxlmr,clean,template,13,chichewa,chi_0011,0,0.002599
afroxlmr,clean,template,13,chichewa,chi_0012,0,0.002662
afroxlmr,clean,template,13,chichewa,chi_0013,1,0.998338
afroxlmr,clean,template,13,chichewa,chi_0014,1,0.998057
afroxlmr,clean,template,13,chichewa,chi_0015,0,0.008888
afroxlmr,clean,template,13,chichewa,chi_0016,0,0.022585
afroxlmr,clean,template,13,chichewa,chi_0017,0,0.001957
afroxlmr,clean,template,13,chichewa,chi_0018,1,0.998697
afroxlmr,clean,template,13,chichewa,chi_0019,1,0.008508
afroxlmr,clean,template,13,chichewa,chi_0020,0,0.012541
afroxlmr,clean,template,13,chichewa,chi_0021,1,0.998548
afroxlmr,clean,template,13,chichewa,chi_0022,0,0.003821
afroxlmr,clean,template,13,chichewa,chi_0023,1,0.998497
afroxlmr,clean,template,13,chichewa,chi_0024,1,0.998396
afroxlmr,clean,template,13,chichewa,chi_0025,0,0.995536
afroxlmr,clean,template,13,chichewa,chi_0026,0,0.007634
afroxlmr,clean,template,13,chichewa,chi_0027,1,0.998573
afroxlmr,clean,template,13,chichewa,chi_0028,1,0.998486
afroxlmr,clean,template,13,chichewa,chi_0029,0,0.003050
afroxlmr,clean,template,13,chichewa,chi_0030,0,0.002357
afroxlmr,clean,template,13,chichewa,chi_0031,1,0.998444
afroxlmr,clean,template,13,chichewa,chi_0032,1,0.998190
afroxlmr,clean,template,13,chichewa,chi_0033,1,0.134977
afroxlmr,clean,template,13,chichewa,chi_0034,1,0.998199
afroxlmr,clean,template,13,chichewa,chi_0035,0,0.004025
afroxlmr,clean,template,13,chichewa,chi_0036,0,0.002345
afroxlmr,clean,template,13,chichewa,chi_0037,0,0.997657
afroxlmr,clean,template,13,chichewa,chi_0038,0,0.998544
afroxlmr,clean,template,13,chichewa,chi_0039,0,0.018038
afroxlmr,clean,template,13,chichewa,chi_0040,1,0.998234
afroxlmr,clean,template,13,chichewa,chi_0041,1,0.998285
afroxlmr,clean,template,13,chichewa,chi_0042,0,0.001490
afroxlmr,clean,template,13,chichewa,chi_0043,0,0.002278
afroxlmr,clean,template,13,chichewa,chi_0044,0,0.960000
afroxlmr,clean,template,13,chichewa,chi_0045,1,0.997425
afroxlmr,clean,template,13,chichewa,chi_0046,1,0.009863
afroxlmr,clean,template,13,chichewa,chi_0047,1,0.998444
afroxlmr,clean,template,13,chichewa,chi_0048,0,0.911133
afroxlmr,clean,template,13,chichewa,chi_0049,0,0.998491
afroxlmr,clean,template,13,chichewa,chi_0050,0,0.055888
afroxlmr,clean,template,13,chichewa,chi_0051,1,0.012638
afroxlmr,clean,template,13,chichewa,chi_0052,0,0.002726
afroxlmr,clean,template,13,chichewa,chi_0053,0,0.002437
afroxlmr,clean,template,13,chichewa,chi_0054,1,0.997620
afroxlmr,clean,template,13,chichewa,chi_0055,1,0.998329
afroxlmr,clean,template,13,chichewa,chi_0056,0,0.001671
afroxlmr,clean,template,13,chichewa,chi_0057,1,0.010454
afroxlmr,clean,template,13,chichewa,chi_0058,1,0.010318
afroxlmr,clean,template,13,chichewa,chi_0059,0,0.996526
afroxlmr,clean,template,13,chichewa,chi_0060,0,0.003478
afroxlmr,clean,template,13,chichewa,chi_0061,1,0.007449
afroxlmr,clean,template,13,chichewa,chi_0062,0,0.001219
afroxlmr,clean,template,13,chichewa,chi_0063,1,0.996579
afroxlmr,clean,template,13,chichewa,chi_0064,1,0.998469
afroxlmr,clean,template,13,chichewa,chi_0065,1,0.005035
afroxlmr,clean,template,13,chichewa,chi_0066,0,0.001815
afroxlmr,clean,template,13,chichewa,chi_0067,0,0.001590
afroxlmr,clean,template,13,chichewa,chi_0068,0,0.001736
afroxlmr,clean,template,13,chichewa,chi_0069,1,0.997384
afroxlmr,clean,template,13,chichewa,chi_0070,1,0.997377
afroxlmr,clean,template,13,chichewa,chi_0071,0,0.001497
afroxlmr,clean,template,13,chichewa,chi_0072,0,0.003108
afroxlmr,clean,template,13,chichewa,chi_0073,1,0.998422
afroxlmr,clean,template,13,chichewa,chi_0074,1,0.998279
afroxlmr,clean,template,13,chichewa,chi_0075,0,0.017174
afroxlmr,clean,template,13,chichewa,chi_0076,0,0.041161
afroxlmr,clean,template,13,chichewa,chi_0077,0,0.028907
afroxlmr,clean,template,13,chichewa,chi_0078,1,0.014197
afroxlmr,clean,template,13,chichewa,chi_0079,1,0.998445
afroxlmr,clean,template,13,chichewa,chi_0080,1,0.998257
afroxlmr,clean,template,13,chichewa,chi_0081,1,0.005828
afroxlmr,clean,template,13,chichewa,chi_0082,0,0.001731
afroxlmr,clean,template,13,chichewa,chi_0083,0,0.001760
afroxlmr,clean,template,13,chichewa,chi_0084,0,0.025918
afroxlmr,clean,template,13,chichewa,chi_0085,1,0.998568
afroxlmr,clean,template,13,chichewa,chi_0086,1,0.998637
afroxlmr,clean,template,13,chichewa,chi_0087,0,0.028627
afroxlmr,clean,template,13,chichewa,chi_0088,0,0.042964
afroxlmr,clean,template,13,chichewa,chi_0089,0,0.013453
afroxlmr,clean,template,13,chichewa,chi_0090,1,0.003334
afroxlmr,clean,template,13,chichewa,chi_0091,0,0.004217
afroxlmr,clean,template,13,chichewa,chi_0092,0,0.009996
afroxlmr,clean,template,13,chichewa,chi_0093,0,0.009955
afroxlmr,clean,template,13,chichewa,chi_0094,1,0.998557
afroxlmr,clean,template,13,chichewa,chi_0095,1,0.051909
afroxlmr,clean,template,13,chichewa,chi_0096,0,0.001157
afroxlmr,clean,template,13,chichewa,chi_0097,0,0.022560
afroxlmr,clean,template,13,chichewa,chi_0098,1,0.997916
afroxlmr,clean,template,13,chichewa,chi_0099,1,0.998658
afroxlmr,clean,template,13,chichewa,chi_0100,0,0.002348
afroxlmr,clean,template,13,chichewa,chi_0101,1,0.997771
afroxlmr,clean,template,13,chichewa,chi_0102,0,0.005430
afroxlmr,clean,template,13,chichewa,chi_0103,0,0.010800
afroxlmr,clean,template,13,chichewa,chi_0104,0,0.005407
afroxlmr,clean,template,13,chichewa,chi_0105,1,0.002638
afroxlmr,clean,template,13,chichewa,chi_0106,1,0.998137
afroxlmr,clean,template,13,chichewa,chi_0107,1,0.098708
afroxlmr,clean,template,13,chichewa,chi_0108,0,0.006730
afroxlmr,clean,template,13,chichewa,chi_0109,0,0.042527
afroxlmr,clean,template,13,chichewa,chi_0110,0,0.020000
afroxlmr,clean,template,13,chichewa,chi_0111,1,0.998586
afroxlmr,clean,template,13,chichewa,chi_0112,1,0.044000
afroxlmr,clean,template,13,chichewa,chi_0113,1,0.998589
afroxlmr,clean,template,13,chichewa,chi_0114,0,0.003382
afroxlmr,clean,template,13,chichewa,chi_0115,0,0.001387
afroxlmr,clean,template,13,chichewa,chi_0116,0,0.001834
afroxlmr,clean,template,13,chichewa,chi_0117,1,0.022499
afroxlmr,clean,template,13,chichewa,chi_0118,1,0.072082
afroxlmr,clean,template,13,chichewa,chi_0119,1,0.010259
afroxlmr,clean,template,13,chichewa,chi_0120,0,0.001514
afroxlmr,clean,template,13,chichewa,chi_0121,0,0.002768
afroxlmr,clean,template,13,chichewa,chi_0122,0,0.001323
afroxlmr,clean,template,13,chichewa,chi_0123,1,0.998632
afroxlmr,clean,template,13,chichewa,chi_0124,1,0.369701
afroxlmr,clean,template,13,chichewa,chi_0125,1,0.027233
afroxlmr,clean,template,13,chichewa,chi_0126,0,0.001546
afroxlmr,clean,template,13,chichewa,chi_0127,0,0.002248
afroxlmr,clean,template,13,chichewa,chi_0128,0,0.002558
afroxlmr,clean,template,13,chichewa,chi_0129,1,0.513942
afroxlmr,clean,template,13,chichewa,chi_0130,1,0.998198
afroxlmr,clean,template,13,chichewa,chi_0131,0,0.023519
afroxlmr,clean,template,13,chichewa,chi_0132,0,0.003315
afroxlmr,clean,template,13,chichewa,chi_0133,0,0.994127
afroxlmr,clean,template,13,chichewa,chi_0134,1,0.132706
afroxlmr,clean,template,13,chichewa,chi_0135,0,0.007782
afroxlmr,clean,template,13,chichewa,chi_0136,1,0.998505
afroxlmr,clean,template,13,chichewa,chi_0137,0,0.004569
afroxlmr,clean,template,13,chichewa,chi_0138,0,0.001724
afroxlmr,clean,template,13,chichewa,chi_0139,0,0.993825
afroxlmr,clean,template,13,chichewa,chi_0140,1,0.998368
afroxlmr,clean,template,13,chichewa,chi_0141,0,0.002277
afroxlmr,clean,template,13,chichewa,chi_0142,0,0.003226
afroxlmr,clean,template,13,chichewa,chi_0143,0,0.017240
afroxlmr,clean,template,13,chichewa,chi_0144,1,0.998573
afroxlmr,clean,template,13,chichewa,chi_0145,0,0.005999
afroxlmr,clean,template,13,chichewa,chi_0146,0,0.001525
afroxlmr,clean,template,13,chichewa,chi_0147,1,0.998392
afroxlmr,clean,template,13,chichewa,chi_0148,1,0.995100
afroxlmr,clean,template,13,chichewa,chi_0149,0,0.001300
afroxlmr,clean,template,13,chichewa,chi_0150,0,0.004228
afroxlmr,clean,template,13,chichewa,chi_0151,1,0.004583
afroxlmr,clean,template,13,chichewa,chi_0152,0,0.002209
afroxlmr,clean,template,13,chichewa,chi_0153,0,0.001827
afroxlmr,clean,template,13,chichewa,chi_0154,0,0.001861
afroxlmr,clean,template,13,chichewa,chi_0155,1,0.998601
afroxlmr,clean,template,13,chichewa,chi_0156,1,0.138646
afroxlmr,clean,template,13,chichewa,chi_0157,1,0.266803
afroxlmr,clean,template,13,chichewa,chi_0158,0,0.997059
afroxlmr,clean,template,13,chichewa,chi_0159,0,0.001920
afroxlmr,clean,template,13,chichewa,chi_0160,0,0.001393
afroxlmr,clean,template,13,chichewa,chi_0161,1,0.083293
afroxlmr,clean,template,13,chichewa,chi_0162,1,0.076319
afroxlmr,clean,template,13,chichewa,chi_0163,1,0.062911
afroxlmr,clean,template,13,chichewa,chi_0164,1,0.054948
afroxlmr,clean,template,13,chichewa,chi_0165,0,0.003397
afroxlmr,clean,template,13,chichewa,chi_0166,0,0.001242
afroxlmr,clean,template,13,chichewa,chi_0167,1,0.027586
afroxlmr,clean,template,13,chichewa,chi_0168,1,0.998494
afroxlmr,clean,template,13,chichewa,chi_0169,0,0.001767
afroxlmr,clean,template,13,chichewa,chi_0170,0,0.001604
afroxlmr,clean,template,13,chichewa,chi_0171,1,0.998378
afroxlmr,clean,template,13,chichewa,chi_0172,1,0.003313
afroxlmr,clean,template,13,chichewa,chi_0173,0,0.001635
afroxlmr,clean,template,13,chichewa,chi_0174,0,0.001342
afroxlmr,clean,template,13,chichewa,chi_0175,0,0.001430
afroxlmr,clean,template,13,chichewa,chi_0176,1,0.998375
afroxlmr,clean,template,13,chichewa,chi_0177,1,0.998551
afroxlmr,clean,template,13,chichewa,chi_0178,0,0.001492
afroxlmr,clean,template,13,chichewa,chi_0179,1,0.998264
afroxlmr,clean,template,13,chichewa,chi_0180,1,0.004781
afroxlmr,clean,template,13,chichewa,chi_0181,1,0.997519
afroxlmr,clean,template,13,chichewa,chi_0182,0,0.001409
afroxlmr,clean,template,13,chichewa,chi_0183,0,0.002651
afroxlmr,clean,template,13,chichewa,chi_0184,0,0.001481
afroxlmr,clean,template,13,chichewa,chi_0185,1,0.998267
afroxlmr,clean,template,13,chichewa,chi_0186,1,0.004355
afroxlmr,clean,template,13,chichewa,chi_0187,1,0.013111
afroxlmr,clean,template,13,chichewa,chi_0188,0,0.001411
afroxlmr,clean,template,13,chichewa,chi_0189,0,0.001659
afroxlmr,clean,template,13,chichewa,chi_0190,1,0.062907
afroxlmr,clean,template,13,chichewa,chi_0191,1,0.983684
afroxlmr,clean,template,13,chichewa,chi_0192,0,0.001484
afroxlmr,clean,template,13,chichewa,chi_0193,0,0.001628
afroxlmr,clean,template,13,chichewa,chi_0194,0,0.002430
afroxlmr,clean,template,13,chichewa,chi_0195,0,0.001469
afroxlmr,clean,template,13,chichewa,chi_0196,1,0.998525
afroxlmr,clean,template,13,chichewa,chi_0197,1,0.998467
afroxlmr,clean,template,13,chichewa,chi_0198,1,0.685140
afroxlmr,clean,template,13,chichewa,chi_0199,1,0.747581
afroxlmr,clean,template,13,chichewa,chi_0200,1,0.998569
afroxlmr,clean,template,13,chichewa,chi_0201,0,0.002680
afroxlmr,clean,template,13,chichewa,chi_0202,1,0.998512
afroxlmr,clean,template,13,chichewa,chi_0203,1,0.936360
afroxlmr,clean,template,13,chichewa,chi_0204,1,0.998622
afroxlmr,clean,template,13,chichewa,chi_0205,0,0.005916
afroxlmr,clean,template,13,chichewa,chi_0206,0,0.001754
afroxlmr,clean,template,13,chichewa,chi_0207,1,0.998650
afroxlmr,clean,template,13,chichewa,chi_0208,1,0.902143
afroxlmr,clean,template,13,chichewa,chi_0209,1,0.907224
afroxlmr,clean,template,13,chichewa,chi_0210,0,0.002218
afroxlmr,clean,template,13,chichewa,chi_0211,0,0.002052
afroxlmr,clean,template,13,chichewa,chi_0212,1,0.998615
afroxlmr,clean,template,13,chichewa,chi_0213,1,0.998573
afroxlmr,clean,template,13,chichewa,chi_0214,1,0.997972
afroxlmr,clean,template,13,chichewa,chi_0215,0,0.003077
afroxlmr,clean,template,13,chichewa,chi_0216,0,0.001266
afroxlmr,clean,template,13,chichewa,chi_0217,1,0.998679
afroxlmr,clean,template,13,chichewa,chi_0218,1,0.095765
afroxlmr,clean,template,13,chichewa,chi_0219,1,0.998421
afroxlmr,clean,template,13,chichewa,chi_0220,0,0.006324
afroxlmr,clean,template,13,chichewa,chi_0221,0,0.002266
afroxlmr,clean,template,13,chichewa,chi_0222,0,0.001512
afroxlmr,clean,template,13,chichewa,chi_0223,1,0.995224
afroxlmr,clean,template,13,chichewa,chi_0224,1,0.997205
afroxlmr,clean,template,13,chichewa,chi_0225,0,0.003418
afroxlmr,clean,template,13,chichewa,chi_0226,0,0.001747
afroxlmr,clean,template,13,chichewa,chi_0227,0,0.002048
afroxlmr,clean,template,13,chichewa,chi_0228,0,0.002974
afroxlmr,clean,template,13,chichewa,chi_0229,1,0.998659
afroxlmr,clean,template,13,chichewa,chi_0230,1,0.997989
afroxlmr,clean,template,13,chichewa,chi_0231,1,0.003465
afroxlmr,clean,template,13,chichewa,chi_0232,0,0.004195
afroxlmr,clean,template,13,chichewa,chi_0233,1,0.998338
afroxlmr,clean,template,13,chichewa,chi_0234,0,0.044772
afroxlmr,clean,template,13,chichewa,chi_0235,0,0.995796
afroxlmr,clean,template,13,chichewa,chi_0236,1,0.998747
afroxlmr,clean,template,13,chichewa,chi_0237,1,0.998670
afroxlmr,clean,template,13,chichewa,chi_0238,0,0.003168
afroxlmr,clean,template,13,chichewa,chi_0239,0,0.002382
afroxlmr,clean,template,13,chichewa,chi_0240,0,0.001315
afroxlmr,clean,template,13,chichewa,chi_0241,0,0.001396
afroxlmr,clean,template,13,chichewa,chi_0242,1,0.998585
afroxlmr,clean,template,13,chichewa,chi_0243,1,0.998594
afroxlmr,clean,template,13,chichewa,chi_0244,0,0.005606
afroxlmr,clean,template,13,chichewa,chi_0245,1,0.995354
afroxlmr,clean,template,13,chichewa,chi_0246,1,0.002681
afroxlmr,clean,template,13,chichewa,chi_0247,1,0.971523
afroxlmr,clean,template,13,chichewa,chi_0248,0,0.006042
afroxlmr,clean,template,13,chichewa,chi_0249,0,0.001526
afroxlmr,clean,template,13,chichewa,chi_0250,0,0.004102
afroxlmr,clean,template,13,chichewa,chi_0251,0,0.003449
afroxlmr,clean,template,13,chichewa,chi_0252,0,0.003602
afroxlmr,clean,template,13,chichewa,chi_0253,0,0.001809
afroxlmr,clean,template,13,chichewa,chi_0254,1,0.998460
afroxlmr,clean,template,13,chichewa,chi_0255,1,0.998336
afroxlmr,clean,template,13,chichewa,chi_0256,0,0.002082
afroxlmr,clean,template,13,chichewa,chi_0257,0,0.001390
afroxlmr,clean,template,13,chichewa,chi_0258,1,0.995576
afroxlmr,clean,template,13,chichewa,chi_0259,0,0.013270
afroxlmr,clean,template,13,chichewa,chi_0260,1,0.998675
afroxlmr,clean,template,13,chichewa,chi_0261,1,0.998730
afroxlmr,clean,template,13,chichewa,chi_0262,1,0.998534
afroxlmr,clean,template,13,chichewa,chi_0263,0,0.023326
afroxlmr,clean,template,13,chichewa,chi_0264,0,0.004426
afroxlmr,clean,template,13,chichewa,chi_0265,0,0.010533
afroxlmr,clean,template,13,chichewa,chi_0266,1,0.998653
afroxlmr,clean,template,13,chichewa,chi_0267,1,0.998511
afroxlmr,clean,template,13,chichewa,chi_0268,1,0.006994
afroxlmr,clean,template,13,chichewa,chi_0269,0,0.003729
afroxlmr,clean,template,13,chichewa,chi_0270,0,0.002160
afroxlmr,clean,template,13,chichewa,chi_0271,0,0.004417
afroxlmr,clean,template,13,chichewa,chi_0272,1,0.001935
afroxlmr,clean,template,13,chichewa,chi_0273,1,0.998349
afroxlmr,clean,template,13,chichewa,chi_0274,1,0.998377
afroxlmr,clean,template,13,chichewa,chi_0275,1,0.004041
afroxlmr,clean,template,13,chichewa,chi_0276,0,0.001498
afroxlmr,clean,template,13,chichewa,chi_0277,1,0.006578
afroxlmr,clean,template,13,chichewa,chi_0278,1,0.004959
afroxlmr,clean,template,13,chichewa,chi_0279,0,0.002592
afroxlmr,clean,template,13,chichewa,chi_0280,0,0.001322
afroxlmr,clean,template,13,chichewa,chi_0281,1,0.998638
afroxlmr,clean,template,13,chichewa,chi_0282,0,0.002794
afroxlmr,clean,template,13,chichewa,chi_0283,0,0.001340
afroxlmr,clean,template,13,chichewa,chi_0284,1,0.998665
afroxlmr,clean,template,13,chichewa,chi_0285,1,0.998548
afroxlmr,clean,template,13,chichewa,chi_0286,1,0.998019
afroxlmr,clean,template,13,chichewa,chi_0287,0,0.014912
afroxlmr,clean,template,13,chichewa,chi_0288,0,0.005635
afroxlmr,clean,template,13,chichewa,chi_0289,0,0.003272
afroxlmr,clean,template,13,chichewa,chi_0290,1,0.998252
afroxlmr,clean,template,13,chichewa,chi_0291,1,0.998281
afroxlmr,clean,template,13,chichewa,chi_0292,0,0.097481
afroxlmr,clean,template,13,chichewa,chi_0293,0,0.994986
afroxlmr,clean,template,13,chichewa,chi_0294,0,0.991316
afroxlmr,clean,template,13,chichewa,chi_0295,1,0.998670
afroxlmr,clean,template,13,chichewa,chi_0296,1,0.843630
afroxlmr,clean,template,13,chichewa,chi_0297,0,0.020834
afroxlmr,clean,template,13,chichewa,chi_0298,0,0.027613
afroxlmr,clean,template,13,chichewa,chi_0299,0,0.041532
afroxlmr,clean,template,13,chichewa,chi_0300,1,0.998533
afroxlmr,clean,template,13,chichewa,chi_0301,1,0.126132
afroxlmr,clean,template,13,chichewa,chi_0302,1,0.998560
afroxlmr,clean,template,13,chichewa,chi_0303,0,0.997863
afroxlmr,clean,template,13,chichewa,chi_0304,0,0.997788
afroxlmr,clean,template,13,chichewa,chi_0305,0,0.997593
afroxlmr,clean,template,13,chichewa,chi_0306,0,0.997078
afroxlmr,clean,template,13,chichewa,chi_0307,1,0.998645
afroxlmr,clean,template,13,chichewa,chi_0308,1,0.998502
afroxlmr,clean,template,13,chichewa,chi_0309,1,0.998603
afroxlmr,clean,template,13,chichewa,chi_0310,1,0.998662
afroxlmr,clean,template,13,chichewa,chi_0311,0,0.004559
afroxlmr,clean,template,13,chichewa,chi_0312,0,0.997844
afroxlmr,clean,template,13,chichewa,chi_0313,0,0.997749
afroxlmr,clean,template,13,chichewa,chi_0314,1,0.998547
afroxlmr,clean,template,13,chichewa,chi_0315,1,0.998606
afroxlmr,clean,template,13,chichewa,chi_0316,0,0.997842
afroxlmr,clean,template,13,chichewa,chi_0317,0,0.995289
afroxlmr,clean,template,13,chichewa,chi_0318,1,0.053258
afroxlmr,clean,template,13,chichewa,chi_0319,1,0.998539
afroxlmr,clean,template,13,chichewa,chi_0320,0,0.002315
afroxlmr,clean,template,13,chichewa,chi_0321,1,0.998400
afroxlmr,clean,template,13,chichewa,chi_0322,0,0.997460
afroxlmr,clean,template,13,chichewa,chi_0323,0,0.993282
afroxlmr,clean,template,13,chichewa,chi_0324,0,0.994625
afroxlmr,clean,template,13,chichewa,chi_0325,0,0.993433
afroxlmr,clean,template,13,chichewa,chi_0326,1,0.998349
afroxlmr,clean,template,13,chichewa,chi_0327,1,0.998543
afroxlmr,clean,template,13,chichewa,chi_0328,0,0.995755
afroxlmr,clean,template,13,chichewa,chi_0329,0,0.998599
afroxlmr,clean,template,13,chichewa,chi_0330,0,0.995919
afroxlmr,clean,template,13,chichewa,chi_0331,1,0.998605
afroxlmr,clean,template,13,chichewa,chi_0332,0,0.005261
afroxlmr,clean,template,13,chichewa,chi_0333,0,0.001649
afroxlmr,clean,template,13,chichewa,chi_0334,0,0.001807
afroxlmr,clean,template,13,chichewa,chi_0335,0,0.001732
afroxlmr,clean,template,13,chichewa,chi_0336,1,0.998708
afroxlmr,clean,template,13,chichewa,chi_0337,1,0.998596
afroxlmr,clean,template,13,chichewa,chi_0338,1,0.998567
afroxlmr,clean,template,13,chichewa,chi_0339,0,0.001193
afroxlmr,clean,template,13,chichewa,chi_0340,0,0.004039
afroxlmr,clean,template,13,chichewa,chi_0341,0,0.001299
afroxlmr,clean,template,13,chichewa,chi_0342,1,0.998526
afroxlmr,clean,template,13,chichewa,chi_0343,1,0.998514
afroxlmr,clean,template,13,chichewa,chi_0344,1,0.998573
afroxlmr,clean,template,13,chichewa,chi_0345,0,0.001632
afroxlmr,clean,template,13,chichewa,chi_0346,0,0.001252
afroxlmr,clean,template,13,chichewa,chi_0347,1,0.998545
afroxlmr,clean,template,13,chichewa,chi_0348,0,0.024768
afroxlmr,clean,template,13,chichewa,chi_0349,0,0.005342
afroxlmr,clean,template,13,chichewa,chi_0350,1,0.998708
afroxlmr,clean,template,13,chichewa,chi_0351,1,0.998502
afroxlmr,clean,template,13,chichewa,chi_0352,1,0.997995
afroxlmr,clean,template,13,chichewa,chi_0353,1,0.998279
afroxlmr,clean,template,13,chichewa,chi_0354,1,0.003649
afroxlmr,clean,template,13,chichewa,chi_0355,0,0.876064
afroxlmr,clean,template,13,chichewa,chi_0356,0,0.001906
afroxlmr,clean,template,13,chichewa,chi_0357,0,0.001385
afroxlmr,clean,template,13,chichewa,chi_0358,0,0.001174
afroxlmr,clean,template,13,chichewa,chi_0359,1,0.002976
afroxlmr,clean,template,13,chichewa,chi_0360,0,0.111594
afroxlmr,clean,template,13,chichewa,chi_0361,1,0.998506
afroxlmr,clean,template,13,chichewa,chi_0362,1,0.066310
afroxlmr,clean,template,13,chichewa,chi_0363,1,0.998413
afroxlmr,clean,template,13,chichewa,chi_0364,0,0.006842
afroxlmr,clean,template,13,chichewa,chi_0365,0,0.001264
afroxlmr,clean,template,13,chichewa,chi_0366,0,0.001227
afroxlmr,clean,template,13,chichewa,chi_0367,1,0.998357
afroxlmr,clean,template,13,chichewa,chi_0368,1,0.998373
afroxlmr,clean,template,13,chichewa,chi_0369,0,0.001747
afroxlmr,clean,template,13,chichewa,chi_0370,0,0.001553
afroxlmr,clean,template,13,chichewa,chi_0371,0,0.001976
afroxlmr,clean,template,13,chichewa,chi_0372,1,0.005144
afroxlmr,clean,template,13,chichewa,chi_0373,1,0.037088
afroxlmr,clean,template,13,chichewa,chi_0374,0,0.001909
afroxlmr,clean,template,13,chichewa,chi_0375,0,0.001659
afroxlmr,clean,template,13,chichewa,chi_0376,1,0.998428
afroxlmr,clean,template,13,chichewa,chi_0377,1,0.998389
afroxlmr,clean,template,13,chichewa,chi_0378,0,0.001414
afroxlmr,clean,template,13,chichewa,chi_0379,0,0.001208
afroxlmr,clean,template,13,chichewa,chi_0380,1,0.994632
afroxlmr,clean,template,13,chichewa,chi_0381,1,0.998344
afroxlmr,clean,template,13,chichewa,chi_0382,0,0.002453
afroxlmr,clean,template,13,chichewa,chi_0383,0,0.002337
afroxlmr,clean,template,13,chichewa,chi_0384,1,0.997732
afroxlmr,clean,template,13,chichewa,chi_0385,1,0.997248
afroxlmr,clean,template,13,chichewa,chi_0386,1,0.007011
afroxlmr,clean,template,13,chichewa,chi_0387,1,0.998265
afroxlmr,clean,template,13,chichewa,chi_0388,0,0.001212
afroxlmr,clean,template,13,chichewa,chi_0389,1,0.002718
afroxlmr,clean,template,13,chichewa,chi_0390,0,0.004843
afroxlmr,clean,template,13,chichewa,chi_0391,0,0.003701
afroxlmr,clean,template,13,chichewa,chi_0392,1,0.997113
afroxlmr,clean,template,13,chichewa,chi_0393,0,0.003853
afroxlmr,clean,template,13,chichewa,chi_0394,0,0.004441
afroxlmr,clean,template,13,chichewa,chi_0395,1,0.998666
afroxlmr,clean,template,13,chichewa,chi_0396,0,0.004544
afroxlmr,clean,template,13,chichewa,chi_0397,0,0.006169
afroxlmr,clean,template,13,chichewa,chi_0398,0,0.008410
afroxlmr,clean,template,13,chichewa,chi_0399,0,0.017246
afroxlmr,clean,template,13,chichewa,chi_0400,0,0.003204
afroxlmr,clean,template,13,chichewa,chi_0401,0,0.002842
afroxlmr,clean,template,13,chichewa,chi_0402,0,0.004571
afroxlmr,clean,template,13,chichewa,chi_0403,0,0.005482
afroxlmr,clean,template,13,chichewa,chi_0404,0,0.004552
afroxlmr,clean,template,13,chichewa,chi_0405,0,0.002160
afroxlmr,clean,template,13,chichewa,chi_0406,0,0.004520
afroxlmr,clean,template,13,chichewa,chi_0407,0,0.008960
afroxlmr,clean,template,13,chichewa,chi_0408,0,0.001759
afroxlmr,clean,template,13,chichewa,chi_0409,0,0.005471
afroxlmr,clean,template,13,chichewa,chi_0410,0,0.006352
afroxlmr,clean,template,13,chichewa,chi_0411,1,0.998489
afroxlmr,clean,template,13,chichewa,chi_0412,1,0.941606
afroxlmr,clean,template,13,chichewa,chi_0413,1,0.799745
afroxlmr,clean,template,13,chichewa,chi_0414,0,0.002082
afroxlmr,clean,template,13,chichewa,chi_0415,0,0.001281
afroxlmr,clean,template,13,chichewa,chi_0416,1,0.998453
afroxlmr,clean,template,13,chichewa,chi_0417,1,0.998382
afroxlmr,clean,template,13,chichewa,chi_0418,1,0.998123
afroxlmr,clean,template,13,chichewa,chi_0419,0,0.002312
afroxlmr,clean,template,13,chichewa,chi_0420,1,0.007145
afroxlmr,clean,template,13,chichewa,chi_0421,0,0.001836
afroxlmr,clean,template,13,chichewa,chi_0422,0,0.001576
afroxlmr,clean,template,13,chichewa,chi_0423,1,0.027619
afroxlmr,clean,template,13,chichewa,chi_0424,1,0.005679
afroxlmr,clean,template,13,chichewa,chi_0425,0,0.002484
afroxlmr,clean,template,13,chichewa,chi_0426,1,0.008988
afroxlmr,clean,template,13,chichewa,chi_0427,1,0.003558
afroxlmr,clean,template,13,chichewa,chi_0428,1,0.998547
afroxlmr,clean,template,13,chichewa,chi_0429,0,0.149162
afroxlmr,clean,template,13,chichewa,chi_0430,0,0.424761
afroxlmr,clean,template,13,chichewa,chi_0431,0,0.297206
afroxlmr,clean,template,13,chichewa,chi_0432,1,0.998618
afroxlmr,clean,template,13,chichewa,chi_0433,1,0.998621
afroxlmr,clean,template,13,chichewa,chi_0434,1,0.998659
afroxlmr,clean,template,13,chichewa,chi_0435,1,0.998371
afroxlmr,clean,template,13,chichewa,chi_0436,1,0.998390
afroxlmr,clean,template,13,chichewa,chi_0437,1,0.998485
afroxlmr,clean,template,13,chichewa,chi_0438,1,0.998552
afroxlmr,clean,template,13,chichewa,chi_0439,1,0.998507
afroxlmr,clean,template,13,chichewa,chi_0440,1,0.998638
afroxlmr,clean,template,13,chichewa,chi_0441,1,0.998619
afroxlmr,clean,template,13,chichewa,chi_0442,1,0.998608
afroxlmr,clean,template,13,chichewa,chi_0443,1,0.219346
afroxlmr,clean,template,13,chichewa,chi_0444,1,0.998556
afroxlmr,clean,template,13,chichewa,chi_0445,1,0.998594
afroxlmr,clean,template,13,chichewa,chi_0446,1,0.998557
afroxlmr,clean,template,13,chichewa,chi_0447,1,0.557337
afroxlmr,clean,template,13,chichewa,chi_0448,1,0.998070
afroxlmr,clean,template,13,chichewa,chi_0449,1,0.998583
afroxlmr,clean,template,13,chichewa,chi_0450,1,0.998265
afroxlmr,clean,template,13,chichewa,chi_0451,0,0.003723
afroxlmr,clean,template,13,chichewa,chi_0452,0,0.003447
afroxlmr,clean,template,13,chichewa,chi_0453,1,0.998409
afroxlmr,clean,template,13,chichewa,chi_0454,1,0.998526
afroxlmr,clean,template,13,chichewa,chi_0455,1,0.995907
afroxlmr,clean,template,13,chichewa,chi_0456,1,0.998439
afroxlmr,clean,template,13,chichewa,chi_0457,1,0.998713
afroxlmr,clean,template,13,chichewa,chi_0458,1,0.998486
afroxlmr,clean,template,13,chichewa,chi_0459,0,0.022800
afroxlmr,clean,template,13,chichewa,chi_0460,1,0.998599
afroxlmr,clean,template,13,chichewa,chi_0461,1,0.998417
afroxlmr,clean,template,13,chichewa,chi_0462,0,0.013843
afroxlmr,clean,template,13,chichewa,chi_0463,0,0.004081
afroxlmr,clean,template,13,chichewa,chi_0464,1,0.998582
afroxlmr,clean,template,13,chichewa,chi_0465,0,0.001246
afroxlmr,clean,template,13,chichewa,chi_0466,0,0.015437
afroxlmr,clean,template,13,chichewa,chi_0467,1,0.998608
afroxlmr,clean,template,13,chichewa,chi_0468,1,0.998608
afroxlmr,clean,template,13,chichewa,chi_0469,0,0.995385
afroxlmr,clean,template,13,chichewa,chi_0470,0,0.098145
afroxlmr,clean,template,13,chichewa,chi_0471,1,0.114586
afroxlmr,clean,template,13,chichewa,chi_0472,1,0.968994
afroxlmr,clean,template,13,chichewa,chi_0473,0,0.009118
afroxlmr,clean,template,13,chichewa,chi_0474,0,0.003764
afroxlmr,clean,template,13,chichewa,chi_0475,1,0.998625
afroxlmr,clean,template,13,chichewa,chi_0476,1,0.201005
afroxlmr,clean,template,13,chichewa,chi_0477,1,0.998578
afroxlmr,clean,template,13,chichewa,chi_0478,0,0.004549
afroxlmr,clean,template,13,chichewa,chi_0479,0,0.002246
afroxlmr,clean,template,13,chichewa,chi_0480,0,0.004760
afroxlmr,clean,template,13,chichewa,chi_0481,1,0.872598
afroxlmr,clean,template,13,chichewa,chi_0482,1,0.740449
afroxlmr,clean,template,13,chichewa,chi_0483,0,0.205470
afroxlmr,clean,template,13,chichewa,chi_0484,0,0.025466
afroxlmr,clean,template,13,chichewa,chi_0485,0,0.997463
afroxlmr,clean,template,13,chichewa,chi_0486,1,0.386439
afroxlmr,clean,template,13,chichewa,chi_0487,1,0.988148
afroxlmr,clean,template,13,chichewa,chi_0488,1,0.072411
afroxlmr,clean,template,13,chichewa,chi_0489,0,0.993781
afroxlmr,clean,template,13,chichewa,chi_0490,0,0.998579
afroxlmr,clean,template,13,chichewa,chi_0491,1,0.774508
afroxlmr,clean,template,13,chichewa,chi_0492,1,0.967213
afroxlmr,clean,template,13,chichewa,chi_0493,1,0.654593
afroxlmr,clean,template,13,chichewa,chi_0494,0,0.998710
afroxlmr,clean,template,13,chichewa,chi_0495,0,0.994385
afroxlmr,clean,template,13,chichewa,chi_0496,0,0.003591
afroxlmr,clean,template,13,chichewa,chi_0497,1,0.659139
afroxlmr,clean,template,13,chichewa,chi_0498,1,0.578003
afroxlmr,clean,template,13,chichewa,chi_0499,0,0.001781
afroxlmr,clean,template,13,chichewa,chi_0500,0,0.993075
afroxlmr,clean,template,13,chichewa,chi_0501,0,0.108311
afroxlmr,clean,template,13,chichewa,chi_0502,1,0.012010
afroxlmr,clean,template,13,chichewa,chi_0503,1,0.998488
afroxlmr,clean,template,13,chichewa,chi_0504,1,0.158204
afroxlmr,clean,template,13,chichewa,chi_0505,0,0.002468
afroxlmr,clean,template,13,chichewa,chi_0506,0,0.002079
afroxlmr,clean,template,13,chichewa,chi_0507,0,0.002392
afroxlmr,clean,template,13,chichewa,chi_0508,1,0.187812
afroxlmr,clean,template,13,chichewa,chi_0509,1,0.099970
afroxlmr,clean,template,13,chichewa,chi_0510,1,0.251150
afroxlmr,clean,template,13,chichewa,chi_0511,0,0.102186
afroxlmr,clean,template,13,chichewa,chi_0512,0,0.834112
afroxlmr,clean,template,13,chichewa,chi_0513,0,0.885069
afroxlmr,clean,template,13,chichewa,chi_0514,1,0.998466
afroxlmr,clean,template,13,chichewa,chi_0515,1,0.995581
afroxlmr,clean,template,13,chichewa,chi_0516,1,0.870299
afroxlmr,clean,template,13,chichewa,chi_0517,0,0.011013
afroxlmr,clean,template,13,chichewa,chi_0518,0,0.004155
afroxlmr,clean,template,13,chichewa,chi_0519,1,0.002893
afroxlmr,clean,template,13,chichewa,chi_0520,1,0.997082
afroxlmr,clean,template,13,chichewa,chi_0521,1,0.998250
afroxlmr,clean,template,13,chichewa,chi_0522,0,0.884723
afroxlmr,clean,template,13,chichewa,chi_0523,0,0.965258
afroxlmr,clean,template,13,chichewa,chi_0524,0,0.998065
afroxlmr,clean,template,13,chichewa,chi_0525,1,0.995355
afroxlmr,clean,template,13,chichewa,chi_0526,1,0.998120
afroxlmr,clean,template,13,chichewa,chi_0527,1,0.954648
afroxlmr,clean,template,13,chichewa,chi_0528,0,0.003241
afroxlmr,clean,template,13,chichewa,chi_0529,0,0.004262
afroxlmr,clean,template,13,chichewa,chi_0530,0,0.002152
afroxlmr,clean,template,13,chichewa,chi_0531,1,0.998391
afroxlmr,clean,template,13,chichewa,chi_0532,1,0.998554
afroxlmr,clean,template,13,chichewa,chi_0533,1,0.314595
afroxlmr,clean,template,13,chichewa,chi_0534,0,0.004368
afroxlmr,clean,template,13,chichewa,chi_0535,0,0.003033
afroxlmr,clean,template,13,chichewa,chi_0536,0,0.004144
afroxlmr,clean,template,13,chichewa,chi_0537,1,0.588431
afroxlmr,clean,template,13,chichewa,chi_0538,1,0.996073
afroxlmr,clean,template,13,chichewa,chi_0539,1,0.256089
afroxlmr,clean,template,13,chichewa,chi_0540,0,0.015942
afroxlmr,clean,template,13,chichewa,chi_0541,0,0.013260
afroxlmr,clean,template,13,chichewa,chi_0542,0,0.003038
afroxlmr,clean,template,13,chichewa,chi_0543,1,0.100528
afroxlmr,clean,template,13,chichewa,chi_0544,1,0.993300
afroxlmr,clean,template,13,chichewa,chi_0545,1,0.998474
afroxlmr,clean,template,13,chichewa,chi_0546,0,0.004839
afroxlmr,clean,template,13,chichewa,chi_0547,0,0.081703
afroxlmr,clean,template,13,chichewa,chi_0548,0,0.107433
afroxlmr,clean,template,13,chichewa,chi_0549,1,0.998416
afroxlmr,clean,template,13,chichewa,chi_0550,1,0.998481
afroxlmr,clean,template,13,chichewa,chi_0551,1,0.994965
afroxlmr,clean,template,13,chichewa,chi_0552,0,0.015730
afroxlmr,clean,template,13,chichewa,chi_0553,0,0.004024
afroxlmr,clean,template,13,chichewa,chi_0554,1,0.002163
afroxlmr,clean,template,13,chichewa,chi_0555,1,0.002007
afroxlmr,clean,template,13,chichewa,chi_0556,1,0.003099
afroxlmr,clean,template,13,chichewa,chi_0557,0,0.998629
afroxlmr,clean,template,13,chichewa,chi_0558,0,0.012124
afroxlmr,clean,template,13,chichewa,chi_0559,0,0.005415
afroxlmr,clean,template,13,chichewa,chi_0560,1,0.996395
afroxlmr,clean,template,13,chichewa,chi_0561,1,0.996023
afroxlmr,clean,template,13,chichewa,chi_0562,1,0.136662
afroxlmr,clean,template,13,chichewa,chi_0563,0,0.011700
afroxlmr,clean,template,13,chichewa,chi_0564,0,0.559693
afroxlmr,clean,template,13,chichewa,chi_0565,0,0.011131
afroxlmr,clean,template,13,chichewa,chi_0566,0,0.001588
afroxlmr,clean,template,13,chichewa,chi_0567,1,0.244960
afroxlmr,clean,template,13,chichewa,chi_0568,1,0.842539
afroxlmr,clean,template,13,chichewa,chi_0569,1,0.996737
afroxlmr,clean,template,13,chichewa,chi_0570,1,0.994809
afroxlmr,clean,template,13,chichewa,chi_0571,0,0.115349
afroxlmr,clean,template,13,chichewa,chi_0572,1,0.998478
afroxlmr,clean,template,13,chichewa,chi_0573,1,0.260914
afroxlmr,clean,template,13,chichewa,chi_0574,1,0.246976
afroxlmr,clean,template,13,chichewa,chi_0575,0,0.859851
afroxlmr,clean,template,13,chichewa,chi_0576,1,0.998457
afroxlmr,clean,template,13,chichewa,chi_0577,1,0.003490
afroxlmr,clean,template,13,chichewa,chi_0578,0,0.002104
afroxlmr,clean,template,13,chichewa,chi_0579,0,0.001228
afroxlmr,clean,template,13,chichewa,chi_0580,0,0.002120
afroxlmr,clean,template,13,chichewa,chi_0581,1,0.001555
afroxlmr,clean,template,13,chichewa,chi_0582,0,0.001257
afroxlmr,clean,template,13,chichewa,chi_0583,0,0.002166
afroxlmr,clean,template,13,chichewa,chi_0584,0,0.001781
afroxlmr,clean,template,13,chichewa,chi_0585,0,0.002105
afroxlmr,clean,template,13,chichewa,chi_0586,0,0.001832
afroxlmr,clean,template,13,chichewa,chi_0587,0,0.002919
afroxlmr,clean,template,13,chichewa,chi_0588,0,0.014885
afroxlmr,clean,template,13,chichewa,chi_0589,1,0.990538
afroxlmr,clean,template,13,chichewa,chi_0590,1,0.998221
afroxlmr,clean,template,13,chichewa,chi_0591,1,0.996344
afroxlmr,clean,template,13,chichewa,chi_0592,0,0.001356
afroxlmr,clean,template,13,chichewa,chi_0593,0,0.005727
afroxlmr,clean,template,13,chichewa,chi_0594,0,0.001436
afroxlmr,clean,template,13,chichewa,chi_0595,1,0.002110
afroxlmr,clean,template,13,chichewa,chi_0596,1,0.998484
afroxlmr,clean,template,13,chichewa,chi_0597,1,0.006112
afroxlmr,clean,template,13,chichewa,chi_0598,1,0.001776
afroxlmr,clean,template,13,chichewa,chi_0599,0,0.003215
afroxlmr,clean,template,13,chichewa,chi_0600,0,0.003278
afroxlmr,clean,template,13,chichewa,chi_0601,0,0.002697
afroxlmr,clean,template,13,chichewa,chi_0602,1,0.996488
afroxlmr,clean,template,13,chichewa,chi_0603,0,0.002871
afroxlmr,clean,template,13,chichewa,chi_0604,0,0.006185
afroxlmr,clean,template,13,chichewa,chi_0605,0,0.171678
afroxlmr,clean,template,13,chichewa,chi_0606,1,0.002866
afroxlmr,clean,template,13,chichewa,chi_0607,0,0.001853
afroxlmr,clean,template,13,chichewa,chi_0608,0,0.003151
afroxlmr,clean,template,13,chichewa,chi_0609,0,0.003548
afroxlmr,clean,template,13,chichewa,chi_0610,1,0.998416
afroxlmr,clean,template,13,chichewa,chi_0611,0,0.001874
afroxlmr,clean,template,13,chichewa,chi_0612,0,0.001942
afroxlmr,clean,template,13,chichewa,chi_0613,0,0.001395
afroxlmr,clean,template,13,chichewa,chi_0614,0,0.002323
afroxlmr,clean,template,13,chichewa,chi_0615,1,0.998322
afroxlmr,clean,template,13,chichewa,chi_0616,0,0.002221
afroxlmr,clean,template,13,chichewa,chi_0617,0,0.001748
afroxlmr,clean,template,13,chichewa,chi_0618,1,0.246138
afroxlmr,clean,template,13,chichewa,chi_0619,1,0.430133
afroxlmr,clean,template,13,chichewa,chi_0620,1,0.003463
afroxlmr,clean,template,13,chichewa,chi_0621,0,0.001610
afroxlmr,clean,template,13,chichewa,chi_0622,0,0.978134
afroxlmr,clean,template,13,chichewa,chi_0623,0,0.998575
afroxlmr,clean,template,13,chichewa,chi_0624,1,0.070117
afroxlmr,clean,template,13,chichewa,chi_0625,0,0.978308
afroxlmr,clean,template,13,chichewa,chi_0626,0,0.998249
afroxlmr,clean,template,13,chichewa,chi_0627,0,0.002363
afroxlmr,clean,template,13,chichewa,chi_0628,0,0.315912
afroxlmr,clean,template,13,chichewa,chi_0629,0,0.082659
afroxlmr,clean,template,13,chichewa,chi_0630,1,0.998508
afroxlmr,clean,template,13,chichewa,chi_0631,1,0.486943
afroxlmr,clean,template,13,chichewa,chi_0632,0,0.072914
afroxlmr,clean,template,13,chichewa,chi_0633,0,0.994885
afroxlmr,clean,template,13,chichewa,chi_0634,1,0.998617
afroxlmr,clean,template,13,chichewa,chi_0635,1,0.597401
afroxlmr,clean,template,13,chichewa,chi_0636,1,0.809868
afroxlmr,clean,template,13,chichewa,chi_0637,0,0.007442
afroxlmr,clean,template,13,chichewa,chi_0638,0,0.021118
afroxlmr,clean,template,13,chichewa,chi_0639,0,0.005638
afroxlmr,clean,template,13,chichewa,chi_0640,0,0.169004
afroxlmr,clean,template,13,chichewa,chi_0641,1,0.930418
afroxlmr,clean,template,13,chichewa,chi_0642,1,0.995082
afroxlmr,clean,template,13,chichewa,chi_0643,1,0.996112
afroxlmr,clean,template,13,chichewa,chi_0644,0,0.996955
afroxlmr,clean,template,13,chichewa,chi_0645,1,0.998674
afroxlmr,clean,template,13,chichewa,chi_0646,1,0.998662
afroxlmr,clean,template,13,chichewa,chi_0647,1,0.998402
afroxlmr,clean,template,13,chichewa,chi_0648,1,0.998592
afroxlmr,clean,template,13,chichewa,chi_0649,1,0.998597
afroxlmr,clean,template,13,chichewa,chi_0650,1,0.998619
afroxlmr,clean,template,13,chichewa,chi_0651,1,0.998547
afroxlmr,clean,template,13,chichewa,chi_0652,1,0.998858
afroxlmr,clean,template,13,chichewa,chi_0653,1,0.998706
afroxlmr,clean,template,13,chichewa,chi_0654,1,0.998333
afroxlmr,clean,template,13,chichewa,chi_0655,1,0.998645
afroxlmr,clean,template,13,chichewa,chi_0656,1,0.002806
afroxlmr,clean,template,13,chichewa,chi_0657,1,0.998523
afroxlmr,clean,template,13,chichewa,chi_0658,1,0.995401
afroxlmr,clean,template,13,chichewa,chi_0659,1,0.998487
afroxlmr,clean,template,13,chichewa,chi_0660,1,0.998716
afroxlmr,clean,template,13,chichewa,chi_0661,1,0.998390
afroxlmr,clean,template,13,chichewa,chi_0662,1,0.139596
afroxlmr,clean,template,13,chichewa,chi_0663,1,0.038313
afroxlmr,clean,template,13,chichewa,chi_0664,1,0.998292
afroxlmr,clean,template,13,chichewa,chi_0665,1,0.998540
afroxlmr,clean,template,13,chichewa,chi_0666,1,0.998147
afroxlmr,clean,template,13,chichewa,chi_0667,1,0.998568
afroxlmr,clean,template,13,chichewa,chi_0668,0,0.001265
afroxlmr,clean,template,13,chichewa,chi_0669,0,0.002822
afroxlmr,clean,template,13,chichewa,chi_0670,0,0.921714
afroxlmr,clean,template,13,chichewa,chi_0671,0,0.996356
afroxlmr,clean,template,13,chichewa,chi_0672,0,0.003526
afroxlmr,clean,template,13,chichewa,chi_0673,0,0.997371
afroxlmr,clean,template,13,chichewa,chi_0674,0,0.998635
afroxlmr,clean,template,13,chichewa,chi_0675,0,0.998585
afroxlmr,clean,template,13,chichewa,chi_0676,0,0.890157
afroxlmr,clean,template,13,chichewa,chi_0677,0,0.864958
afroxlmr,clean,template,13,chichewa,chi_0678,0,0.996790
afroxlmr,clean,template,13,chichewa,chi_0679,0,0.993631
afroxlmr,clean,template,13,chichewa,chi_0680,0,0.994489
afroxlmr,clean,template,13,chichewa,chi_0681,0,0.998396
afroxlmr,clean,template,13,chichewa,chi_0682,0,0.979613
afroxlmr,clean,template,13,chichewa,chi_0683,0,0.995890
afroxlmr,clean,template,13,chichewa,chi_0684,0,0.996747
afroxlmr,clean,template,13,chichewa,chi_0685,0,0.968782
afroxlmr,clean,template,13,chichewa,chi_0686,0,0.979333
afroxlmr,clean,template,13,chichewa,chi_0687,0,0.810466
afroxlmr,clean,template,13,chichewa,chi_0688,0,0.863643
afroxlmr,clean,template,13,chichewa,chi_0689,0,0.688549
afroxlmr,clean,template,13,chichewa,chi_0690,0,0.811696
afroxlmr,clean,template,13,chichewa,chi_0691,0,0.008046
afroxlmr,clean,template,13,chichewa,chi_0692,0,0.017022
afroxlmr,clean,template,13,chichewa,chi_0693,0,0.995804
afroxlmr,clean,template,13,chichewa,chi_0694,0,0.995922
afroxlmr,clean,template,13,chichewa,chi_0695,0,0.029228
afroxlmr,clean,template,13,chichewa,chi_0696,0,0.001926
afroxlmr,clean,template,13,chichewa,chi_0697,0,0.771959
afroxlmr,clean,template,13,chichewa,chi_0698,0,0.005729
afroxlmr,clean,template,13,chichewa,chi_0699,0,0.990128
afroxlmr,clean,template,13,chichewa,chi_0700,0,0.880225
afroxlmr,clean,template,13,chichewa,chi_0701,0,0.996478
afroxlmr,clean,template,13,chichewa,chi_0702,0,0.720911
afroxlmr,clean,template,13,chichewa,chi_0703,0,0.997398
afroxlmr,clean,template,13,chichewa,chi_0704,0,0.895894
afroxlmr,clean,template,13,chichewa,chi_0705,0,0.996825
afroxlmr,clean,template,13,chichewa,chi_0706,0,0.996094
afroxlmr,clean,template,13,chichewa,chi_0707,0,0.249709
afroxlmr,clean,template,13,chichewa,chi_0708,0,0.997356
afroxlmr,clean,template,13,chichewa,chi_0709,0,0.997369
afroxlmr,clean,template,13,chichewa,chi_0710,0,0.006696
afroxlmr,clean,template,13,chichewa,chi_0711,0,0.997766
afroxlmr,clean,template,13,chichewa,chi_0712,0,0.997393
afroxlmr,clean,template,13,chichewa,chi_0713,0,0.005664
afroxlmr,clean,template,13,chichewa,chi_0714,0,0.004805
afroxlmr,clean,template,13,chichewa,chi_0715,0,0.969740
afroxlmr,clean,template,13,chichewa,chi_0716,0,0.803098
afroxlmr,clean,template,13,chichewa,chi_0717,0,0.721903
afroxlmr,clean,template,13,chichewa,chi_0718,0,0.775308
afroxlmr,clean,template,13,chichewa,chi_0719,0,0.061845
afroxlmr,clean,template,13,chichewa,chi_0720,0,0.025187
afroxlmr,clean,template,13,chichewa,chi_0721,0,0.997330
afroxlmr,clean,template,13,chichewa,chi_0722,0,0.008243
afroxlmr,clean,template,13,chichewa,chi_0723,0,0.008251
afroxlmr,clean,template,13,chichewa,chi_0724,0,0.900231
afroxlmr,clean,template,13,chichewa,chi_0725,0,0.921827
afroxlmr,clean,template,13,chichewa,chi_0726,0,0.997256
afroxlmr,clean,template,13,chichewa,chi_0727,0,0.997385
afroxlmr,clean,template,13,chichewa,chi_0728,0,0.983707
afroxlmr,clean,template,13,chichewa,chi_0729,0,0.993923
afroxlmr,clean,template,13,chichewa,chi_0730,0,0.017665
afroxlmr,clean,template,13,chichewa,chi_0731,0,0.968572
afroxlmr,clean,template,13,chichewa,chi_0732,0,0.997941
afroxlmr,clean,template,13,val+norm,bongo_0004,1,0.998741
afroxlmr,clean,template,13,val+norm,bongo_0007,1,0.997176
afroxlmr,clean,template,13,val+norm,bongo_0008,0,0.001173
afroxlmr,clean,template,13,val+norm,bongo_0031,1,0.998709
afroxlmr,clean,template,13,val+norm,bongo_0033,0,0.001141
afroxlmr,clean,template,13,val+norm,bongo_0036,1,0.998644
afroxlmr,clean,template,13,val+norm,bongo_0046,1,0.998724
afroxlmr,clean,template,13,val+norm,bongo_0052,1,0.998790
afroxlmr,clean,template,13,val+norm,bongo_0057,1,0.998705
afroxlmr,clean,template,13,val+norm,bongo_0063,0,0.001124
afroxlmr,clean,template,13,val+norm,bongo_0065,0,0.001143
afroxlmr,clean,template,13,val+norm,bongo_0076,0,0.001680
afroxlmr,clean,template,13,val+norm,bongo_0081,0,0.001031
afroxlmr,clean,template,13,val+norm,bongo_0088,1,0.998841
afroxlmr,clean,template,13,val+norm,bongo_0089,1,0.998711
afroxlmr,clean,template,13,val+norm,bongo_0095,0,0.001159
afroxlmr,clean,template,13,val+norm,bongo_0101,1,0.998769
afroxlmr,clean,template,13,val+norm,bongo_0102,1,0.998785
afroxlmr,clean,template,13,val+norm,bongo_0103,1,0.997664
afroxlmr,clean,template,13,val+norm,bongo_0105,0,0.001197
afroxlmr,clean,template,13,val+norm,bongo_0111,0,0.002990
afroxlmr,clean,template,13,val+norm,bongo_0120,1,0.998724
afroxlmr,clean,template,13,val+norm,bongo_0121,0,0.001304
afroxlmr,clean,template,13,val+norm,bongo_0127,0,0.001107
afroxlmr,clean,template,13,val+norm,bongo_0145,0,0.001105
afroxlmr,clean,template,13,val+norm,bongo_0148,0,0.002198
afroxlmr,clean,template,13,val+norm,bongo_0181,1,0.997826
afroxlmr,clean,template,13,val+norm,bongo_0186,0,0.001062
afroxlmr,clean,template,13,val+norm,bongo_0191,0,0.001473
afroxlmr,clean,template,13,val+norm,bongo_0210,1,0.998661
afroxlmr,clean,template,13,val+norm,bongo_0226,1,0.998730
afroxlmr,clean,template,13,val+norm,bongo_0228,1,0.998711
afroxlmr,clean,template,13,val+norm,bongo_0235,1,0.998741
afroxlmr,clean,template,13,val+norm,bongo_0243,1,0.998831
afroxlmr,clean,template,13,val+norm,bongo_0247,1,0.998843
afroxlmr,clean,template,13,val+norm,bongo_0248,1,0.998784
afroxlmr,clean,template,13,val+norm,bongo_0264,0,0.001285
afroxlmr,clean,template,13,val+norm,bongo_0275,0,0.001106
afroxlmr,clean,template,13,val+norm,bongo_0278,1,0.998848
afroxlmr,clean,template,13,val+norm,bongo_0312,1,0.998737
afroxlmr,clean,template,13,val+norm,bongo_0315,1,0.998689
afroxlmr,clean,template,13,val+norm,bongo_0319,1,0.998538
afroxlmr,clean,template,13,val+norm,bongo_0353,1,0.998746
afroxlmr,clean,template,13,val+norm,bongo_0370,1,0.998669
afroxlmr,clean,template,13,val+norm,bongo_0377,1,0.998815
afroxlmr,clean,template,13,val+norm,bongo_0393,0,0.001122
afroxlmr,clean,template,13,val+norm,bongo_0403,1,0.998810
afroxlmr,clean,template,13,val+norm,bongo_0410,0,0.001253
afroxlmr,clean,template,13,val+norm,bongo_0411,0,0.001177
afroxlmr,clean,template,13,val+norm,bongo_0426,0,0.001242
afroxlmr,clean,template,13,val+norm,bongo_0430,0,0.002157
afroxlmr,clean,template,13,val+norm,bongo_0438,1,0.998696
afroxlmr,clean,template,13,val+norm,bongo_0451,1,0.998743
afroxlmr,clean,template,13,val+norm,bongo_0455,1,0.998722
afroxlmr,clean,template,13,val+norm,bongo_0466,1,0.998828
afroxlmr,clean,template,13,val+norm,bongo_0495,0,0.001716
afroxlmr,clean,template,13,val+norm,bongo_0499,1,0.998784
afroxlmr,clean,template,13,val+norm,bongo_0502,1,0.998840
afroxlmr,clean,template,13,val+norm,bongo_0548,0,0.001286
afroxlmr,clean,template,13,val+norm,bongo_0556,1,0.998844
afroxlmr,clean,template,13,val+norm,bongo_0557,1,0.998831
afroxlmr,clean,template,13,val+norm,bongo_0561,0,0.001642
afroxlmr,clean,template,13,val+norm,bongo_0563,0,0.001506
afroxlmr,clean,template,13,val+norm,bongo_0570,1,0.998680
afroxlmr,clean,template,13,val+norm,bongo_0581,0,0.001770
afroxlmr,clean,template,13,val+norm,bongo_0587,1,0.998840
afroxlmr,clean,template,13,val+norm,bongo_0593,0,0.001535
afroxlmr,clean,template,13,val+norm,bongo_0607,0,0.000990
afroxlmr,clean,template,13,val+norm,bongo_0610,0,0.001284
afroxlmr,clean,template,13,val+norm,bongo_0632,1,0.998629
afroxlmr,clean,template,13,val+norm,bongo_0634,0,0.001202
afroxlmr,clean,template,13,val+norm,bongo_0637,1,0.998672
afroxlmr,clean,template,13,val+norm,bongo_0643,0,0.001028
afroxlmr,clean,template,13,val+norm,bongo_0666,1,0.998777
afroxlmr,clean,template,13,val+norm,bongo_0672,0,0.001066
afroxlmr,clean,template,13,val+norm,bongo_0680,1,0.998723
afroxlmr,clean,template,13,val+norm,bongo_0681,0,0.001336
afroxlmr,clean,template,13,val+norm,bongo_0693,0,0.001119
afroxlmr,clean,template,13,val+norm,bongo_0694,0,0.001188
afroxlmr,clean,template,13,val+norm,bongo_0698,1,0.998755
afroxlmr,clean,template,13,val+norm,bongo_0726,0,0.001806
afroxlmr,clean,template,13,val+norm,bongo_0742,0,0.001227
afroxlmr,clean,template,13,val+norm,bongo_0752,0,0.001113
afroxlmr,clean,template,13,val+norm,bongo_0754,0,0.001380
afroxlmr,clean,template,13,val+norm,bongo_0762,1,0.998648
afroxlmr,clean,template,13,val+norm,bongo_0764,1,0.998610
afroxlmr,clean,template,13,val+norm,bongo_0788,1,0.998845
afroxlmr,clean,template,13,val+norm,bongo_0805,0,0.001179
afroxlmr,clean,template,13,val+norm,bongo_0809,0,0.001355
afroxlmr,clean,template,13,val+norm,bongo_0811,1,0.998788
afroxlmr,clean,template,13,val+norm,bongo_0823,1,0.998748
afroxlmr,clean,template,13,val+norm,bongo_0827,1,0.998764
afroxlmr,clean,template,13,val+norm,bongo_0833,0,0.001607
afroxlmr,clean,template,13,val+norm,bongo_0844,1,0.998718
afroxlmr,clean,template,13,val+norm,bongo_0869,1,0.998747
afroxlmr,clean,template,13,val+norm,bongo_0880,1,0.998820
afroxlmr,clean,template,13,val+norm,bongo_0886,1,0.998727
afroxlmr,clean,template,13,val+norm,bongo_0911,1,0.998736
afroxlmr,clean,template,13,val+norm,bongo_0919,0,0.001197
afroxlmr,clean,template,13,val+norm,bongo_0921,1,0.998817
afroxlmr,clean,template,13,val+norm,bongo_0922,0,0.001295
afroxlmr,clean,template,13,val+norm,bongo_0923,1,0.998734
afroxlmr,clean,template,13,val+norm,bongo_0943,1,0.998596
afroxlmr,clean,template,13,val+norm,bongo_0948,1,0.998745
afroxlmr,clean,template,13,val+norm,bongo_0949,1,0.998815
afroxlmr,clean,template,13,val+norm,bongo_0959,1,0.998594
afroxlmr,clean,template,13,val+norm,bongo_0961,1,0.998796
afroxlmr,clean,template,13,val+norm,bongo_0973,0,0.001017
afroxlmr,clean,template,13,val+norm,bongo_0988,0,0.001078
afroxlmr,clean,template,13,val+norm,bongo_0992,0,0.001647
afroxlmr,clean,template,13,val+norm,bongo_1001,1,0.998862
afroxlmr,clean,template,13,val+norm,bongo_1028,1,0.998851
afroxlmr,clean,template,13,val+norm,bongo_1039,0,0.001057
afroxlmr,clean,template,13,val+norm,bongo_1044,0,0.001166
afroxlmr,clean,template,13,val+norm,bongo_1082,0,0.001165
afroxlmr,clean,template,13,val+norm,bongo_1086,1,0.997960
afroxlmr,clean,template,13,val+norm,bongo_1099,0,0.001639
afroxlmr,clean,template,13,val+norm,bongo_1101,1,0.998837
afroxlmr,clean,template,13,val+norm,bongo_1108,0,0.001081
afroxlmr,clean,template,13,val+norm,bongo_1109,0,0.001144
afroxlmr,clean,template,13,val+norm,bongo_1120,0,0.001101
afroxlmr,clean,template,13,val+norm,bongo_1124,0,0.001107
afroxlmr,clean,template,13,val+norm,bongo_1130,1,0.998639
afroxlmr,clean,template,13,val+norm,bongo_1132,1,0.998661
afroxlmr,clean,template,13,val+norm,bongo_1137,1,0.998788
afroxlmr,clean,template,13,val+norm,bongo_1145,0,0.001178
afroxlmr,clean,template,13,val+norm,bongo_1153,0,0.001496
afroxlmr,clean,template,13,val+norm,bongo_1161,0,0.001156
afroxlmr,clean,template,13,val+norm,bongo_1162,0,0.002771
afroxlmr,clean,template,13,val+norm,bongo_1163,1,0.998677
afroxlmr,clean,template,13,val+norm,bongo_1166,1,0.998804
afroxlmr,clean,template,13,val+norm,bongo_1197,1,0.998804
afroxlmr,clean,template,13,val+norm,bongo_1203,1,0.998852
afroxlmr,clean,template,13,val+norm,bongo_1212,0,0.001159
afroxlmr,clean,template,13,val+norm,bongo_1213,1,0.998694
afroxlmr,clean,template,13,val+norm,bongo_1216,0,0.001527
afroxlmr,clean,template,13,val+norm,bongo_1224,1,0.997972
afroxlmr,clean,template,13,val+norm,bongo_1247,1,0.998814
afroxlmr,clean,template,13,val+norm,bongo_1251,1,0.998706
afroxlmr,clean,template,13,val+norm,bongo_1257,1,0.998757
afroxlmr,clean,template,13,val+norm,bongo_1258,1,0.998728
afroxlmr,clean,template,13,val+norm,bongo_1265,0,0.001100
afroxlmr,clean,template,13,val+norm,bongo_1272,0,0.001200
afroxlmr,clean,template,13,val+norm,bongo_1275,0,0.001225
afroxlmr,clean,template,13,val+norm,bongo_1296,0,0.001257
afroxlmr,clean,template,13,val+norm,bongo_1299,1,0.998668
afroxlmr,clean,template,13,val+norm,bongo_1307,1,0.998863
afroxlmr,clean,template,13,val+norm,bongo_1328,0,0.001045
afroxlmr,clean,template,13,val+norm,bongo_1335,0,0.001642
afroxlmr,clean,template,13,val+norm,bongo_1341,0,0.001085
afroxlmr,clean,template,13,val+norm,bongo_1349,0,0.001100
afroxlmr,clean,template,13,val+norm,bongo_1360,0,0.937469
afroxlmr,clean,template,13,test+norm,bongo_0025,1,0.998715
afroxlmr,clean,template,13,test+norm,bongo_0029,0,0.002252
afroxlmr,clean,template,13,test+norm,bongo_0039,1,0.998784
afroxlmr,clean,template,13,test+norm,bongo_0047,1,0.998744
afroxlmr,clean,template,13,test+norm,bongo_0053,0,0.001284
afroxlmr,clean,template,13,test+norm,bongo_0055,1,0.001784
afroxlmr,clean,template,13,test+norm,bongo_0061,1,0.991511
afroxlmr,clean,template,13,test+norm,bongo_0097,0,0.001153
afroxlmr,clean,template,13,test+norm,bongo_0107,0,0.001240
afroxlmr,clean,template,13,test+norm,bongo_0110,0,0.002024
afroxlmr,clean,template,13,test+norm,bongo_0112,1,0.003454
afroxlmr,clean,template,13,test+norm,bongo_0115,0,0.001164
afroxlmr,clean,template,13,test+norm,bongo_0143,0,0.001076
afroxlmr,clean,template,13,test+norm,bongo_0146,1,0.998796
afroxlmr,clean,template,13,test+norm,bongo_0154,1,0.998785
afroxlmr,clean,template,13,test+norm,bongo_0159,1,0.759771
afroxlmr,clean,template,13,test+norm,bongo_0160,0,0.001252
afroxlmr,clean,template,13,test+norm,bongo_0172,0,0.002504
afroxlmr,clean,template,13,test+norm,bongo_0173,1,0.657709
afroxlmr,clean,template,13,test+norm,bongo_0175,0,0.002639
afroxlmr,clean,template,13,test+norm,bongo_0182,0,0.001301
afroxlmr,clean,template,13,test+norm,bongo_0195,1,0.998740
afroxlmr,clean,template,13,test+norm,bongo_0197,0,0.001128
afroxlmr,clean,template,13,test+norm,bongo_0201,1,0.998666
afroxlmr,clean,template,13,test+norm,bongo_0203,1,0.998796
afroxlmr,clean,template,13,test+norm,bongo_0250,1,0.003388
afroxlmr,clean,template,13,test+norm,bongo_0253,0,0.001094
afroxlmr,clean,template,13,test+norm,bongo_0255,1,0.002145
afroxlmr,clean,template,13,test+norm,bongo_0265,1,0.001546
afroxlmr,clean,template,13,test+norm,bongo_0271,0,0.001573
afroxlmr,clean,template,13,test+norm,bongo_0300,0,0.001272
afroxlmr,clean,template,13,test+norm,bongo_0306,0,0.001098
afroxlmr,clean,template,13,test+norm,bongo_0356,1,0.002345
afroxlmr,clean,template,13,test+norm,bongo_0360,1,0.998836
afroxlmr,clean,template,13,test+norm,bongo_0361,1,0.998790
afroxlmr,clean,template,13,test+norm,bongo_0363,0,0.001000
afroxlmr,clean,template,13,test+norm,bongo_0368,0,0.001134
afroxlmr,clean,template,13,test+norm,bongo_0372,0,0.001077
afroxlmr,clean,template,13,test+norm,bongo_0380,1,0.002572
afroxlmr,clean,template,13,test+norm,bongo_0389,0,0.001317
afroxlmr,clean,template,13,test+norm,bongo_0395,0,0.001781
afroxlmr,clean,template,13,test+norm,bongo_0405,1,0.998724
afroxlmr,clean,template,13,test+norm,bongo_0424,1,0.998730
afroxlmr,clean,template,13,test+norm,bongo_0427,0,0.001134
afroxlmr,clean,template,13,test+norm,bongo_0434,1,0.291592
afroxlmr,clean,template,13,test+norm,bongo_0463,0,0.001170
afroxlmr,clean,template,13,test+norm,bongo_0476,1,0.998770
afroxlmr,clean,template,13,test+norm,bongo_0510,1,0.998801
afroxlmr,clean,template,13,test+norm,bongo_0531,0,0.001301
afroxlmr,clean,template,13,test+norm,bongo_0542,0,0.001146
afroxlmr,clean,template,13,test+norm,bongo_0545,0,0.001121
afroxlmr,clean,template,13,test+norm,bongo_0560,1,0.997728
afroxlmr,clean,template,13,test+norm,bongo_0565,1,0.002224
afroxlmr,clean,template,13,test+norm,bongo_0566,1,0.998762
afroxlmr,clean,template,13,test+norm,bongo_0571,0,0.001602
afroxlmr,clean,template,13,test+norm,bongo_0577,1,0.998723
afroxlmr,clean,template,13,test+norm,bongo_0580,1,0.998731
afroxlmr,clean,template,13,test+norm,bongo_0621,1,0.998674
afroxlmr,clean,template,13,test+norm,bongo_0624,1,0.998845
afroxlmr,clean,template,13,test+norm,bongo_0630,0,0.001146
afroxlmr,clean,template,13,test+norm,bongo_0638,1,0.998782
afroxlmr,clean,template,13,test+norm,bongo_0648,0,0.001597
afroxlmr,clean,template,13,test+norm,bongo_0674,0,0.001150
afroxlmr,clean,template,13,test+norm,bongo_0685,0,0.001291
afroxlmr,clean,template,13,test+norm,bongo_0697,1,0.002367
afroxlmr,clean,template,13,test+norm,bongo_0701,0,0.001368
afroxlmr,clean,template,13,test+norm,bongo_0706,1,0.166158
afroxlmr,clean,template,13,test+norm,bongo_0719,1,0.701106
afroxlmr,clean,template,13,test+norm,bongo_0721,1,0.998560
afroxlmr,clean,template,13,test+norm,bongo_0724,1,0.002204
afroxlmr,clean,template,13,test+norm,bongo_0729,1,0.998699
afroxlmr,clean,template,13,test+norm,bongo_0741,0,0.001082
afroxlmr,clean,template,13,test+norm,bongo_0749,1,0.638230
afroxlmr,clean,template,13,test+norm,bongo_0769,1,0.998524
afroxlmr,clean,template,13,test+norm,bongo_0770,1,0.002028
afroxlmr,clean,template,13,test+norm,bongo_0778,1,0.001560
afroxlmr,clean,template,13,test+norm,bongo_0787,1,0.998836
afroxlmr,clean,template,13,test+norm,bongo_0795,0,0.001888
afroxlmr,clean,template,13,test+norm,bongo_0806,1,0.017923
afroxlmr,clean,template,13,test+norm,bongo_0807,1,0.998835
afroxlmr,clean,template,13,test+norm,bongo_0818,0,0.002183
afroxlmr,clean,template,13,test+norm,bongo_0819,0,0.001196
afroxlmr,clean,template,13,test+norm,bongo_0835,0,0.001090
afroxlmr,clean,template,13,test+norm,bongo_0840,1,0.998836
afroxlmr,clean,template,13,test+norm,bongo_0855,1,0.003500
afroxlmr,clean,template,13,test+norm,bongo_0856,0,0.001148
afroxlmr,clean,template,13,test+norm,bongo_0864,1,0.998782
afroxlmr,clean,template,13,test+norm,bongo_0871,1,0.998863
afroxlmr,clean,template,13,test+norm,bongo_0872,0,0.001263
afroxlmr,clean,template,13,test+norm,bongo_0904,0,0.001154
afroxlmr,clean,template,13,test+norm,bongo_0905,1,0.998827
afroxlmr,clean,template,13,test+norm,bongo_0909,1,0.998764
afroxlmr,clean,template,13,test+norm,bongo_0917,1,0.002130
afroxlmr,clean,template,13,test+norm,bongo_0918,1,0.998784
afroxlmr,clean,template,13,test+norm,bongo_0950,0,0.001346
afroxlmr,clean,template,13,test+norm,bongo_0955,1,0.998834
afroxlmr,clean,template,13,test+norm,bongo_0956,0,0.001234
afroxlmr,clean,template,13,test+norm,bongo_0971,0,0.001087
afroxlmr,clean,template,13,test+norm,bongo_0983,0,0.001099
afroxlmr,clean,template,13,test+norm,bongo_0989,1,0.998838
afroxlmr,clean,template,13,test+norm,bongo_0994,0,0.001217
afroxlmr,clean,template,13,test+norm,bongo_1003,1,0.997362
afroxlmr,clean,template,13,test+norm,bongo_1006,0,0.001115
afroxlmr,clean,template,13,test+norm,bongo_1012,1,0.001977
afroxlmr,clean,template,13,test+norm,bongo_1015,0,0.001047
afroxlmr,clean,template,13,test+norm,bongo_1022,1,0.001903
afroxlmr,clean,template,13,test+norm,bongo_1037,0,0.001123
afroxlmr,clean,template,13,test+norm,bongo_1040,0,0.001238
afroxlmr,clean,template,13,test+norm,bongo_1042,1,0.998732
afroxlmr,clean,template,13,test+norm,bongo_1047,1,0.998813
afroxlmr,clean,template,13,test+norm,bongo_1050,0,0.001298
afroxlmr,clean,template,13,test+norm,bongo_1052,1,0.998701
afroxlmr,clean,template,13,test+norm,bongo_1059,0,0.001738
afroxlmr,clean,template,13,test+norm,bongo_1071,0,0.001579
afroxlmr,clean,template,13,test+norm,bongo_1090,0,0.002337
afroxlmr,clean,template,13,test+norm,bongo_1104,1,0.998787
afroxlmr,clean,template,13,test+norm,bongo_1115,0,0.001107
afroxlmr,clean,template,13,test+norm,bongo_1123,0,0.001220
afroxlmr,clean,template,13,test+norm,bongo_1125,0,0.002226
afroxlmr,clean,template,13,test+norm,bongo_1127,1,0.073295
afroxlmr,clean,template,13,test+norm,bongo_1131,1,0.998556
afroxlmr,clean,template,13,test+norm,bongo_1134,1,0.016462
afroxlmr,clean,template,13,test+norm,bongo_1135,0,0.001374
afroxlmr,clean,template,13,test+norm,bongo_1136,1,0.998708
afroxlmr,clean,template,13,test+norm,bongo_1138,1,0.998795
afroxlmr,clean,template,13,test+norm,bongo_1140,1,0.998798
afroxlmr,clean,template,13,test+norm,bongo_1154,1,0.998797
afroxlmr,clean,template,13,test+norm,bongo_1155,0,0.001248
afroxlmr,clean,template,13,test+norm,bongo_1171,1,0.998762
afroxlmr,clean,template,13,test+norm,bongo_1181,1,0.998754
afroxlmr,clean,template,13,test+norm,bongo_1185,1,0.001609
afroxlmr,clean,template,13,test+norm,bongo_1194,0,0.001160
afroxlmr,clean,template,13,test+norm,bongo_1195,1,0.002106
afroxlmr,clean,template,13,test+norm,bongo_1198,0,0.001107
afroxlmr,clean,template,13,test+norm,bongo_1204,1,0.002603
afroxlmr,clean,template,13,test+norm,bongo_1220,1,0.998817
afroxlmr,clean,template,13,test+norm,bongo_1233,1,0.998797
afroxlmr,clean,template,13,test+norm,bongo_1236,0,0.001233
afroxlmr,clean,template,13,test+norm,bongo_1240,1,0.002095
afroxlmr,clean,template,13,test+norm,bongo_1244,0,0.001130
afroxlmr,clean,template,13,test+norm,bongo_1249,0,0.001247
afroxlmr,clean,template,13,test+norm,bongo_1253,0,0.004738
afroxlmr,clean,template,13,test+norm,bongo_1260,0,0.001080
afroxlmr,clean,template,13,test+norm,bongo_1262,0,0.002381
afroxlmr,clean,template,13,test+norm,bongo_1278,1,0.001794
afroxlmr,clean,template,13,test+norm,bongo_1285,0,0.001453
afroxlmr,clean,template,13,test+norm,bongo_1293,1,0.998829
afroxlmr,clean,template,13,test+norm,bongo_1316,0,0.001671
afroxlmr,clean,template,13,test+norm,bongo_1327,1,0.001590
afroxlmr,clean,template,13,test+norm,bongo_1330,0,0.002069
afroxlmr,clean,template,13,test+norm,bongo_1359,0,0.001196
afroxlmr,clean,template,13,test+norm,bongo_1375,0,0.001379
afroxlmr,clean,template,13,test_lookalike_1+norm,bongo_0025,1,0.998715
afroxlmr,clean,template,13,test_lookalike_1+norm,bongo_0029,0,0.002252
afroxlmr,clean,template,13,test_lookalike_1+norm,bongo_0039,1,0.998784
afroxlmr,clean,template,13,test_lookalike_1+norm,bongo_0047,1,0.998744
afroxlmr,clean,template,13,test_lookalike_1+norm,bongo_0053,0,0.001284
afroxlmr,clean,template,13,test_lookalike_1+norm,bongo_0055,1,0.001784
afroxlmr,clean,template,13,test_lookalike_1+norm,bongo_0061,1,0.991511
afroxlmr,clean,template,13,test_lookalike_1+norm,bongo_0097,0,0.001153
afroxlmr,clean,template,13,test_lookalike_1+norm,bongo_0107,0,0.001240
afroxlmr,clean,template,13,test_lookalike_1+norm,bongo_0110,0,0.002024
afroxlmr,clean,template,13,test_lookalike_1+norm,bongo_0112,1,0.003454
afroxlmr,clean,template,13,test_lookalike_1+norm,bongo_0115,0,0.001164
afroxlmr,clean,template,13,test_lookalike_1+norm,bongo_0143,0,0.001076
afroxlmr,clean,template,13,test_lookalike_1+norm,bongo_0146,1,0.998796
afroxlmr,clean,template,13,test_lookalike_1+norm,bongo_0154,1,0.998785
afroxlmr,clean,template,13,test_lookalike_1+norm,bongo_0159,1,0.036779
afroxlmr,clean,template,13,test_lookalike_1+norm,bongo_0160,0,0.001252
afroxlmr,clean,template,13,test_lookalike_1+norm,bongo_0172,0,0.002504
afroxlmr,clean,template,13,test_lookalike_1+norm,bongo_0173,1,0.321807
afroxlmr,clean,template,13,test_lookalike_1+norm,bongo_0175,0,0.002639
afroxlmr,clean,template,13,test_lookalike_1+norm,bongo_0182,0,0.001301
afroxlmr,clean,template,13,test_lookalike_1+norm,bongo_0195,1,0.998740
afroxlmr,clean,template,13,test_lookalike_1+norm,bongo_0197,0,0.001128
afroxlmr,clean,template,13,test_lookalike_1+norm,bongo_0201,1,0.998666
afroxlmr,clean,template,13,test_lookalike_1+norm,bongo_0203,1,0.998796
afroxlmr,clean,template,13,test_lookalike_1+norm,bongo_0250,1,0.003388
afroxlmr,clean,template,13,test_lookalike_1+norm,bongo_0253,0,0.001094
afroxlmr,clean,template,13,test_lookalike_1+norm,bongo_0255,1,0.002145
afroxlmr,clean,template,13,test_lookalike_1+norm,bongo_0265,1,0.001546
afroxlmr,clean,template,13,test_lookalike_1+norm,bongo_0271,0,0.001573
afroxlmr,clean,template,13,test_lookalike_1+norm,bongo_0300,0,0.001272
afroxlmr,clean,template,13,test_lookalike_1+norm,bongo_0306,0,0.001098
afroxlmr,clean,template,13,test_lookalike_1+norm,bongo_0356,1,0.002345
afroxlmr,clean,template,13,test_lookalike_1+norm,bongo_0360,1,0.998836
afroxlmr,clean,template,13,test_lookalike_1+norm,bongo_0361,1,0.998790
afroxlmr,clean,template,13,test_lookalike_1+norm,bongo_0363,0,0.001000
afroxlmr,clean,template,13,test_lookalike_1+norm,bongo_0368,0,0.001134
afroxlmr,clean,template,13,test_lookalike_1+norm,bongo_0372,0,0.001077
afroxlmr,clean,template,13,test_lookalike_1+norm,bongo_0380,1,0.002572
afroxlmr,clean,template,13,test_lookalike_1+norm,bongo_0389,0,0.001317
afroxlmr,clean,template,13,test_lookalike_1+norm,bongo_0395,0,0.001781
afroxlmr,clean,template,13,test_lookalike_1+norm,bongo_0405,1,0.998724
afroxlmr,clean,template,13,test_lookalike_1+norm,bongo_0424,1,0.998730
afroxlmr,clean,template,13,test_lookalike_1+norm,bongo_0427,0,0.001134
afroxlmr,clean,template,13,test_lookalike_1+norm,bongo_0434,1,0.452819
afroxlmr,clean,template,13,test_lookalike_1+norm,bongo_0463,0,0.001170
afroxlmr,clean,template,13,test_lookalike_1+norm,bongo_0476,1,0.998770
afroxlmr,clean,template,13,test_lookalike_1+norm,bongo_0510,1,0.998801
afroxlmr,clean,template,13,test_lookalike_1+norm,bongo_0531,0,0.001301
afroxlmr,clean,template,13,test_lookalike_1+norm,bongo_0542,0,0.001146
afroxlmr,clean,template,13,test_lookalike_1+norm,bongo_0545,0,0.001121
afroxlmr,clean,template,13,test_lookalike_1+norm,bongo_0560,1,0.997728
afroxlmr,clean,template,13,test_lookalike_1+norm,bongo_0565,1,0.002224
afroxlmr,clean,template,13,test_lookalike_1+norm,bongo_0566,1,0.998762
afroxlmr,clean,template,13,test_lookalike_1+norm,bongo_0571,0,0.001602
afroxlmr,clean,template,13,test_lookalike_1+norm,bongo_0577,1,0.998723
afroxlmr,clean,template,13,test_lookalike_1+norm,bongo_0580,1,0.998731
afroxlmr,clean,template,13,test_lookalike_1+norm,bongo_0621,1,0.998674
afroxlmr,clean,template,13,test_lookalike_1+norm,bongo_0624,1,0.998845
afroxlmr,clean,template,13,test_lookalike_1+norm,bongo_0630,0,0.001146
afroxlmr,clean,template,13,test_lookalike_1+norm,bongo_0638,1,0.998782
afroxlmr,clean,template,13,test_lookalike_1+norm,bongo_0648,0,0.001597
afroxlmr,clean,template,13,test_lookalike_1+norm,bongo_0674,0,0.001150
afroxlmr,clean,template,13,test_lookalike_1+norm,bongo_0685,0,0.001291
afroxlmr,clean,template,13,test_lookalike_1+norm,bongo_0697,1,0.002367
afroxlmr,clean,template,13,test_lookalike_1+norm,bongo_0701,0,0.001368
afroxlmr,clean,template,13,test_lookalike_1+norm,bongo_0706,1,0.018822
afroxlmr,clean,template,13,test_lookalike_1+norm,bongo_0719,1,0.701106
afroxlmr,clean,template,13,test_lookalike_1+norm,bongo_0721,1,0.998397
afroxlmr,clean,template,13,test_lookalike_1+norm,bongo_0724,1,0.002204
afroxlmr,clean,template,13,test_lookalike_1+norm,bongo_0729,1,0.998699
afroxlmr,clean,template,13,test_lookalike_1+norm,bongo_0741,0,0.001082
afroxlmr,clean,template,13,test_lookalike_1+norm,bongo_0749,1,0.638230
afroxlmr,clean,template,13,test_lookalike_1+norm,bongo_0769,1,0.998524
afroxlmr,clean,template,13,test_lookalike_1+norm,bongo_0770,1,0.002028
afroxlmr,clean,template,13,test_lookalike_1+norm,bongo_0778,1,0.001560
afroxlmr,clean,template,13,test_lookalike_1+norm,bongo_0787,1,0.998836
afroxlmr,clean,template,13,test_lookalike_1+norm,bongo_0795,0,0.001888
afroxlmr,clean,template,13,test_lookalike_1+norm,bongo_0806,1,0.017923
afroxlmr,clean,template,13,test_lookalike_1+norm,bongo_0807,1,0.998835
afroxlmr,clean,template,13,test_lookalike_1+norm,bongo_0818,0,0.002183
afroxlmr,clean,template,13,test_lookalike_1+norm,bongo_0819,0,0.001196
afroxlmr,clean,template,13,test_lookalike_1+norm,bongo_0835,0,0.001090
afroxlmr,clean,template,13,test_lookalike_1+norm,bongo_0840,1,0.998836
afroxlmr,clean,template,13,test_lookalike_1+norm,bongo_0855,1,0.003500
afroxlmr,clean,template,13,test_lookalike_1+norm,bongo_0856,0,0.001148
afroxlmr,clean,template,13,test_lookalike_1+norm,bongo_0864,1,0.998782
afroxlmr,clean,template,13,test_lookalike_1+norm,bongo_0871,1,0.998863
afroxlmr,clean,template,13,test_lookalike_1+norm,bongo_0872,0,0.001263
afroxlmr,clean,template,13,test_lookalike_1+norm,bongo_0904,0,0.001154
afroxlmr,clean,template,13,test_lookalike_1+norm,bongo_0905,1,0.998827
afroxlmr,clean,template,13,test_lookalike_1+norm,bongo_0909,1,0.998764
afroxlmr,clean,template,13,test_lookalike_1+norm,bongo_0917,1,0.002130
afroxlmr,clean,template,13,test_lookalike_1+norm,bongo_0918,1,0.998784
afroxlmr,clean,template,13,test_lookalike_1+norm,bongo_0950,0,0.001346
afroxlmr,clean,template,13,test_lookalike_1+norm,bongo_0955,1,0.998834
afroxlmr,clean,template,13,test_lookalike_1+norm,bongo_0956,0,0.001234
afroxlmr,clean,template,13,test_lookalike_1+norm,bongo_0971,0,0.001087
afroxlmr,clean,template,13,test_lookalike_1+norm,bongo_0983,0,0.001099
afroxlmr,clean,template,13,test_lookalike_1+norm,bongo_0989,1,0.998838
afroxlmr,clean,template,13,test_lookalike_1+norm,bongo_0994,0,0.001217
afroxlmr,clean,template,13,test_lookalike_1+norm,bongo_1003,1,0.997362
afroxlmr,clean,template,13,test_lookalike_1+norm,bongo_1006,0,0.001115
afroxlmr,clean,template,13,test_lookalike_1+norm,bongo_1012,1,0.001977
afroxlmr,clean,template,13,test_lookalike_1+norm,bongo_1015,0,0.001047
afroxlmr,clean,template,13,test_lookalike_1+norm,bongo_1022,1,0.001903
afroxlmr,clean,template,13,test_lookalike_1+norm,bongo_1037,0,0.001123
afroxlmr,clean,template,13,test_lookalike_1+norm,bongo_1040,0,0.001238
afroxlmr,clean,template,13,test_lookalike_1+norm,bongo_1042,1,0.998732
afroxlmr,clean,template,13,test_lookalike_1+norm,bongo_1047,1,0.998813
afroxlmr,clean,template,13,test_lookalike_1+norm,bongo_1050,0,0.001298
afroxlmr,clean,template,13,test_lookalike_1+norm,bongo_1052,1,0.998701
afroxlmr,clean,template,13,test_lookalike_1+norm,bongo_1059,0,0.001738
afroxlmr,clean,template,13,test_lookalike_1+norm,bongo_1071,0,0.001579
afroxlmr,clean,template,13,test_lookalike_1+norm,bongo_1090,0,0.002337
afroxlmr,clean,template,13,test_lookalike_1+norm,bongo_1104,1,0.998787
afroxlmr,clean,template,13,test_lookalike_1+norm,bongo_1115,0,0.001107
afroxlmr,clean,template,13,test_lookalike_1+norm,bongo_1123,0,0.001220
afroxlmr,clean,template,13,test_lookalike_1+norm,bongo_1125,0,0.002226
afroxlmr,clean,template,13,test_lookalike_1+norm,bongo_1127,1,0.073295
afroxlmr,clean,template,13,test_lookalike_1+norm,bongo_1131,1,0.998556
afroxlmr,clean,template,13,test_lookalike_1+norm,bongo_1134,1,0.016462
afroxlmr,clean,template,13,test_lookalike_1+norm,bongo_1135,0,0.001374
afroxlmr,clean,template,13,test_lookalike_1+norm,bongo_1136,1,0.998708
afroxlmr,clean,template,13,test_lookalike_1+norm,bongo_1138,1,0.998795
afroxlmr,clean,template,13,test_lookalike_1+norm,bongo_1140,1,0.998798
afroxlmr,clean,template,13,test_lookalike_1+norm,bongo_1154,1,0.998797
afroxlmr,clean,template,13,test_lookalike_1+norm,bongo_1155,0,0.001248
afroxlmr,clean,template,13,test_lookalike_1+norm,bongo_1171,1,0.998762
afroxlmr,clean,template,13,test_lookalike_1+norm,bongo_1181,1,0.998754
afroxlmr,clean,template,13,test_lookalike_1+norm,bongo_1185,1,0.001609
afroxlmr,clean,template,13,test_lookalike_1+norm,bongo_1194,0,0.001160
afroxlmr,clean,template,13,test_lookalike_1+norm,bongo_1195,1,0.002106
afroxlmr,clean,template,13,test_lookalike_1+norm,bongo_1198,0,0.001107
afroxlmr,clean,template,13,test_lookalike_1+norm,bongo_1204,1,0.002603
afroxlmr,clean,template,13,test_lookalike_1+norm,bongo_1220,1,0.998781
afroxlmr,clean,template,13,test_lookalike_1+norm,bongo_1233,1,0.998797
afroxlmr,clean,template,13,test_lookalike_1+norm,bongo_1236,0,0.001233
afroxlmr,clean,template,13,test_lookalike_1+norm,bongo_1240,1,0.002095
afroxlmr,clean,template,13,test_lookalike_1+norm,bongo_1244,0,0.001130
afroxlmr,clean,template,13,test_lookalike_1+norm,bongo_1249,0,0.001247
afroxlmr,clean,template,13,test_lookalike_1+norm,bongo_1253,0,0.004738
afroxlmr,clean,template,13,test_lookalike_1+norm,bongo_1260,0,0.001080
afroxlmr,clean,template,13,test_lookalike_1+norm,bongo_1262,0,0.002381
afroxlmr,clean,template,13,test_lookalike_1+norm,bongo_1278,1,0.001794
afroxlmr,clean,template,13,test_lookalike_1+norm,bongo_1285,0,0.001453
afroxlmr,clean,template,13,test_lookalike_1+norm,bongo_1293,1,0.998829
afroxlmr,clean,template,13,test_lookalike_1+norm,bongo_1316,0,0.001671
afroxlmr,clean,template,13,test_lookalike_1+norm,bongo_1327,1,0.001590
afroxlmr,clean,template,13,test_lookalike_1+norm,bongo_1330,0,0.002069
afroxlmr,clean,template,13,test_lookalike_1+norm,bongo_1359,0,0.001196
afroxlmr,clean,template,13,test_lookalike_1+norm,bongo_1375,0,0.001379
afroxlmr,clean,template,13,test_lookalike_3+norm,bongo_0025,1,0.998715
afroxlmr,clean,template,13,test_lookalike_3+norm,bongo_0029,0,0.002252
afroxlmr,clean,template,13,test_lookalike_3+norm,bongo_0039,1,0.998784
afroxlmr,clean,template,13,test_lookalike_3+norm,bongo_0047,1,0.998744
afroxlmr,clean,template,13,test_lookalike_3+norm,bongo_0053,0,0.001284
afroxlmr,clean,template,13,test_lookalike_3+norm,bongo_0055,1,0.001784
afroxlmr,clean,template,13,test_lookalike_3+norm,bongo_0061,1,0.991511
afroxlmr,clean,template,13,test_lookalike_3+norm,bongo_0097,0,0.001153
afroxlmr,clean,template,13,test_lookalike_3+norm,bongo_0107,0,0.001240
afroxlmr,clean,template,13,test_lookalike_3+norm,bongo_0110,0,0.002024
afroxlmr,clean,template,13,test_lookalike_3+norm,bongo_0112,1,0.003454
afroxlmr,clean,template,13,test_lookalike_3+norm,bongo_0115,0,0.001164
afroxlmr,clean,template,13,test_lookalike_3+norm,bongo_0143,0,0.001076
afroxlmr,clean,template,13,test_lookalike_3+norm,bongo_0146,1,0.998796
afroxlmr,clean,template,13,test_lookalike_3+norm,bongo_0154,1,0.998785
afroxlmr,clean,template,13,test_lookalike_3+norm,bongo_0159,1,0.759771
afroxlmr,clean,template,13,test_lookalike_3+norm,bongo_0160,0,0.001252
afroxlmr,clean,template,13,test_lookalike_3+norm,bongo_0172,0,0.002504
afroxlmr,clean,template,13,test_lookalike_3+norm,bongo_0173,1,0.161248
afroxlmr,clean,template,13,test_lookalike_3+norm,bongo_0175,0,0.002639
afroxlmr,clean,template,13,test_lookalike_3+norm,bongo_0182,0,0.001301
afroxlmr,clean,template,13,test_lookalike_3+norm,bongo_0195,1,0.998740
afroxlmr,clean,template,13,test_lookalike_3+norm,bongo_0197,0,0.001128
afroxlmr,clean,template,13,test_lookalike_3+norm,bongo_0201,1,0.998611
afroxlmr,clean,template,13,test_lookalike_3+norm,bongo_0203,1,0.998796
afroxlmr,clean,template,13,test_lookalike_3+norm,bongo_0250,1,0.003388
afroxlmr,clean,template,13,test_lookalike_3+norm,bongo_0253,0,0.001094
afroxlmr,clean,template,13,test_lookalike_3+norm,bongo_0255,1,0.002145
afroxlmr,clean,template,13,test_lookalike_3+norm,bongo_0265,1,0.001546
afroxlmr,clean,template,13,test_lookalike_3+norm,bongo_0271,0,0.001573
afroxlmr,clean,template,13,test_lookalike_3+norm,bongo_0300,0,0.001272
afroxlmr,clean,template,13,test_lookalike_3+norm,bongo_0306,0,0.001098
afroxlmr,clean,template,13,test_lookalike_3+norm,bongo_0356,1,0.002345
afroxlmr,clean,template,13,test_lookalike_3+norm,bongo_0360,1,0.998836
afroxlmr,clean,template,13,test_lookalike_3+norm,bongo_0361,1,0.998790
afroxlmr,clean,template,13,test_lookalike_3+norm,bongo_0363,0,0.001000
afroxlmr,clean,template,13,test_lookalike_3+norm,bongo_0368,0,0.001134
afroxlmr,clean,template,13,test_lookalike_3+norm,bongo_0372,0,0.001077
afroxlmr,clean,template,13,test_lookalike_3+norm,bongo_0380,1,0.002572
afroxlmr,clean,template,13,test_lookalike_3+norm,bongo_0389,0,0.001317
afroxlmr,clean,template,13,test_lookalike_3+norm,bongo_0395,0,0.001781
afroxlmr,clean,template,13,test_lookalike_3+norm,bongo_0405,1,0.998724
afroxlmr,clean,template,13,test_lookalike_3+norm,bongo_0424,1,0.998739
afroxlmr,clean,template,13,test_lookalike_3+norm,bongo_0427,0,0.001134
afroxlmr,clean,template,13,test_lookalike_3+norm,bongo_0434,1,0.027841
afroxlmr,clean,template,13,test_lookalike_3+norm,bongo_0463,0,0.001170
afroxlmr,clean,template,13,test_lookalike_3+norm,bongo_0476,1,0.998770
afroxlmr,clean,template,13,test_lookalike_3+norm,bongo_0510,1,0.998801
afroxlmr,clean,template,13,test_lookalike_3+norm,bongo_0531,0,0.001301
afroxlmr,clean,template,13,test_lookalike_3+norm,bongo_0542,0,0.001146
afroxlmr,clean,template,13,test_lookalike_3+norm,bongo_0545,0,0.001121
afroxlmr,clean,template,13,test_lookalike_3+norm,bongo_0560,1,0.997728
afroxlmr,clean,template,13,test_lookalike_3+norm,bongo_0565,1,0.002224
afroxlmr,clean,template,13,test_lookalike_3+norm,bongo_0566,1,0.998762
afroxlmr,clean,template,13,test_lookalike_3+norm,bongo_0571,0,0.001602
afroxlmr,clean,template,13,test_lookalike_3+norm,bongo_0577,1,0.998662
afroxlmr,clean,template,13,test_lookalike_3+norm,bongo_0580,1,0.998731
afroxlmr,clean,template,13,test_lookalike_3+norm,bongo_0621,1,0.998674
afroxlmr,clean,template,13,test_lookalike_3+norm,bongo_0624,1,0.998845
afroxlmr,clean,template,13,test_lookalike_3+norm,bongo_0630,0,0.001146
afroxlmr,clean,template,13,test_lookalike_3+norm,bongo_0638,1,0.998782
afroxlmr,clean,template,13,test_lookalike_3+norm,bongo_0648,0,0.001597
afroxlmr,clean,template,13,test_lookalike_3+norm,bongo_0674,0,0.001150
afroxlmr,clean,template,13,test_lookalike_3+norm,bongo_0685,0,0.001291
afroxlmr,clean,template,13,test_lookalike_3+norm,bongo_0697,1,0.002367
afroxlmr,clean,template,13,test_lookalike_3+norm,bongo_0701,0,0.001368
afroxlmr,clean,template,13,test_lookalike_3+norm,bongo_0706,1,0.166158
afroxlmr,clean,template,13,test_lookalike_3+norm,bongo_0719,1,0.701106
afroxlmr,clean,template,13,test_lookalike_3+norm,bongo_0721,1,0.998560
afroxlmr,clean,template,13,test_lookalike_3+norm,bongo_0724,1,0.002204
afroxlmr,clean,template,13,test_lookalike_3+norm,bongo_0729,1,0.998699
afroxlmr,clean,template,13,test_lookalike_3+norm,bongo_0741,0,0.001082
afroxlmr,clean,template,13,test_lookalike_3+norm,bongo_0749,1,0.638230
afroxlmr,clean,template,13,test_lookalike_3+norm,bongo_0769,1,0.998524
afroxlmr,clean,template,13,test_lookalike_3+norm,bongo_0770,1,0.002028
afroxlmr,clean,template,13,test_lookalike_3+norm,bongo_0778,1,0.001560
afroxlmr,clean,template,13,test_lookalike_3+norm,bongo_0787,1,0.998836
afroxlmr,clean,template,13,test_lookalike_3+norm,bongo_0795,0,0.001888
afroxlmr,clean,template,13,test_lookalike_3+norm,bongo_0806,1,0.017923
afroxlmr,clean,template,13,test_lookalike_3+norm,bongo_0807,1,0.998835
afroxlmr,clean,template,13,test_lookalike_3+norm,bongo_0818,0,0.002183
afroxlmr,clean,template,13,test_lookalike_3+norm,bongo_0819,0,0.001196
afroxlmr,clean,template,13,test_lookalike_3+norm,bongo_0835,0,0.001090
afroxlmr,clean,template,13,test_lookalike_3+norm,bongo_0840,1,0.998836
afroxlmr,clean,template,13,test_lookalike_3+norm,bongo_0855,1,0.003500
afroxlmr,clean,template,13,test_lookalike_3+norm,bongo_0856,0,0.001148
afroxlmr,clean,template,13,test_lookalike_3+norm,bongo_0864,1,0.998782
afroxlmr,clean,template,13,test_lookalike_3+norm,bongo_0871,1,0.998863
afroxlmr,clean,template,13,test_lookalike_3+norm,bongo_0872,0,0.001263
afroxlmr,clean,template,13,test_lookalike_3+norm,bongo_0904,0,0.001154
afroxlmr,clean,template,13,test_lookalike_3+norm,bongo_0905,1,0.998827
afroxlmr,clean,template,13,test_lookalike_3+norm,bongo_0909,1,0.998764
afroxlmr,clean,template,13,test_lookalike_3+norm,bongo_0917,1,0.002130
afroxlmr,clean,template,13,test_lookalike_3+norm,bongo_0918,1,0.998784
afroxlmr,clean,template,13,test_lookalike_3+norm,bongo_0950,0,0.001346
afroxlmr,clean,template,13,test_lookalike_3+norm,bongo_0955,1,0.998834
afroxlmr,clean,template,13,test_lookalike_3+norm,bongo_0956,0,0.001234
afroxlmr,clean,template,13,test_lookalike_3+norm,bongo_0971,0,0.001087
afroxlmr,clean,template,13,test_lookalike_3+norm,bongo_0983,0,0.001099
afroxlmr,clean,template,13,test_lookalike_3+norm,bongo_0989,1,0.998838
afroxlmr,clean,template,13,test_lookalike_3+norm,bongo_0994,0,0.001217
afroxlmr,clean,template,13,test_lookalike_3+norm,bongo_1003,1,0.997362
afroxlmr,clean,template,13,test_lookalike_3+norm,bongo_1006,0,0.001115
afroxlmr,clean,template,13,test_lookalike_3+norm,bongo_1012,1,0.001977
afroxlmr,clean,template,13,test_lookalike_3+norm,bongo_1015,0,0.001047
afroxlmr,clean,template,13,test_lookalike_3+norm,bongo_1022,1,0.001903
afroxlmr,clean,template,13,test_lookalike_3+norm,bongo_1037,0,0.001123
afroxlmr,clean,template,13,test_lookalike_3+norm,bongo_1040,0,0.001238
afroxlmr,clean,template,13,test_lookalike_3+norm,bongo_1042,1,0.998732
afroxlmr,clean,template,13,test_lookalike_3+norm,bongo_1047,1,0.998813
afroxlmr,clean,template,13,test_lookalike_3+norm,bongo_1050,0,0.001298
afroxlmr,clean,template,13,test_lookalike_3+norm,bongo_1052,1,0.998701
afroxlmr,clean,template,13,test_lookalike_3+norm,bongo_1059,0,0.001738
afroxlmr,clean,template,13,test_lookalike_3+norm,bongo_1071,0,0.001579
afroxlmr,clean,template,13,test_lookalike_3+norm,bongo_1090,0,0.002337
afroxlmr,clean,template,13,test_lookalike_3+norm,bongo_1104,1,0.998787
afroxlmr,clean,template,13,test_lookalike_3+norm,bongo_1115,0,0.001107
afroxlmr,clean,template,13,test_lookalike_3+norm,bongo_1123,0,0.001220
afroxlmr,clean,template,13,test_lookalike_3+norm,bongo_1125,0,0.002226
afroxlmr,clean,template,13,test_lookalike_3+norm,bongo_1127,1,0.073295
afroxlmr,clean,template,13,test_lookalike_3+norm,bongo_1131,1,0.998556
afroxlmr,clean,template,13,test_lookalike_3+norm,bongo_1134,1,0.016462
afroxlmr,clean,template,13,test_lookalike_3+norm,bongo_1135,0,0.001374
afroxlmr,clean,template,13,test_lookalike_3+norm,bongo_1136,1,0.998708
afroxlmr,clean,template,13,test_lookalike_3+norm,bongo_1138,1,0.998795
afroxlmr,clean,template,13,test_lookalike_3+norm,bongo_1140,1,0.998798
afroxlmr,clean,template,13,test_lookalike_3+norm,bongo_1154,1,0.998797
afroxlmr,clean,template,13,test_lookalike_3+norm,bongo_1155,0,0.001248
afroxlmr,clean,template,13,test_lookalike_3+norm,bongo_1171,1,0.998762
afroxlmr,clean,template,13,test_lookalike_3+norm,bongo_1181,1,0.998754
afroxlmr,clean,template,13,test_lookalike_3+norm,bongo_1185,1,0.001609
afroxlmr,clean,template,13,test_lookalike_3+norm,bongo_1194,0,0.001160
afroxlmr,clean,template,13,test_lookalike_3+norm,bongo_1195,1,0.002106
afroxlmr,clean,template,13,test_lookalike_3+norm,bongo_1198,0,0.001107
afroxlmr,clean,template,13,test_lookalike_3+norm,bongo_1204,1,0.002603
afroxlmr,clean,template,13,test_lookalike_3+norm,bongo_1220,1,0.998817
afroxlmr,clean,template,13,test_lookalike_3+norm,bongo_1233,1,0.998797
afroxlmr,clean,template,13,test_lookalike_3+norm,bongo_1236,0,0.001233
afroxlmr,clean,template,13,test_lookalike_3+norm,bongo_1240,1,0.002095
afroxlmr,clean,template,13,test_lookalike_3+norm,bongo_1244,0,0.001130
afroxlmr,clean,template,13,test_lookalike_3+norm,bongo_1249,0,0.001247
afroxlmr,clean,template,13,test_lookalike_3+norm,bongo_1253,0,0.004738
afroxlmr,clean,template,13,test_lookalike_3+norm,bongo_1260,0,0.001080
afroxlmr,clean,template,13,test_lookalike_3+norm,bongo_1262,0,0.002381
afroxlmr,clean,template,13,test_lookalike_3+norm,bongo_1278,1,0.001794
afroxlmr,clean,template,13,test_lookalike_3+norm,bongo_1285,0,0.001453
afroxlmr,clean,template,13,test_lookalike_3+norm,bongo_1293,1,0.998829
afroxlmr,clean,template,13,test_lookalike_3+norm,bongo_1316,0,0.001671
afroxlmr,clean,template,13,test_lookalike_3+norm,bongo_1327,1,0.001590
afroxlmr,clean,template,13,test_lookalike_3+norm,bongo_1330,0,0.002069
afroxlmr,clean,template,13,test_lookalike_3+norm,bongo_1359,0,0.001196
afroxlmr,clean,template,13,test_lookalike_3+norm,bongo_1375,0,0.001379
afroxlmr,clean,template,13,test_lookalike_all+norm,bongo_0025,1,0.998715
afroxlmr,clean,template,13,test_lookalike_all+norm,bongo_0029,0,0.002252
afroxlmr,clean,template,13,test_lookalike_all+norm,bongo_0039,1,0.998784
afroxlmr,clean,template,13,test_lookalike_all+norm,bongo_0047,1,0.998733
afroxlmr,clean,template,13,test_lookalike_all+norm,bongo_0053,0,0.001284
afroxlmr,clean,template,13,test_lookalike_all+norm,bongo_0055,1,0.995294
afroxlmr,clean,template,13,test_lookalike_all+norm,bongo_0061,1,0.991511
afroxlmr,clean,template,13,test_lookalike_all+norm,bongo_0097,0,0.001153
afroxlmr,clean,template,13,test_lookalike_all+norm,bongo_0107,0,0.001240
afroxlmr,clean,template,13,test_lookalike_all+norm,bongo_0110,0,0.002024
afroxlmr,clean,template,13,test_lookalike_all+norm,bongo_0112,1,0.003454
afroxlmr,clean,template,13,test_lookalike_all+norm,bongo_0115,0,0.001164
afroxlmr,clean,template,13,test_lookalike_all+norm,bongo_0143,0,0.001076
afroxlmr,clean,template,13,test_lookalike_all+norm,bongo_0146,1,0.998796
afroxlmr,clean,template,13,test_lookalike_all+norm,bongo_0154,1,0.998814
afroxlmr,clean,template,13,test_lookalike_all+norm,bongo_0159,1,0.759771
afroxlmr,clean,template,13,test_lookalike_all+norm,bongo_0160,0,0.001252
afroxlmr,clean,template,13,test_lookalike_all+norm,bongo_0172,0,0.002504
afroxlmr,clean,template,13,test_lookalike_all+norm,bongo_0173,1,0.321807
afroxlmr,clean,template,13,test_lookalike_all+norm,bongo_0175,0,0.002639
afroxlmr,clean,template,13,test_lookalike_all+norm,bongo_0182,0,0.001301
afroxlmr,clean,template,13,test_lookalike_all+norm,bongo_0195,1,0.998619
afroxlmr,clean,template,13,test_lookalike_all+norm,bongo_0197,0,0.001128
afroxlmr,clean,template,13,test_lookalike_all+norm,bongo_0201,1,0.998627
afroxlmr,clean,template,13,test_lookalike_all+norm,bongo_0203,1,0.998796
afroxlmr,clean,template,13,test_lookalike_all+norm,bongo_0250,1,0.003388
afroxlmr,clean,template,13,test_lookalike_all+norm,bongo_0253,0,0.001094
afroxlmr,clean,template,13,test_lookalike_all+norm,bongo_0255,1,0.002145
afroxlmr,clean,template,13,test_lookalike_all+norm,bongo_0265,1,0.001546
afroxlmr,clean,template,13,test_lookalike_all+norm,bongo_0271,0,0.001573
afroxlmr,clean,template,13,test_lookalike_all+norm,bongo_0300,0,0.001272
afroxlmr,clean,template,13,test_lookalike_all+norm,bongo_0306,0,0.001098
afroxlmr,clean,template,13,test_lookalike_all+norm,bongo_0356,1,0.002345
afroxlmr,clean,template,13,test_lookalike_all+norm,bongo_0360,1,0.998821
afroxlmr,clean,template,13,test_lookalike_all+norm,bongo_0361,1,0.998790
afroxlmr,clean,template,13,test_lookalike_all+norm,bongo_0363,0,0.001000
afroxlmr,clean,template,13,test_lookalike_all+norm,bongo_0368,0,0.001134
afroxlmr,clean,template,13,test_lookalike_all+norm,bongo_0372,0,0.001077
afroxlmr,clean,template,13,test_lookalike_all+norm,bongo_0380,1,0.002572
afroxlmr,clean,template,13,test_lookalike_all+norm,bongo_0389,0,0.001317
afroxlmr,clean,template,13,test_lookalike_all+norm,bongo_0395,0,0.001781
afroxlmr,clean,template,13,test_lookalike_all+norm,bongo_0405,1,0.998724
afroxlmr,clean,template,13,test_lookalike_all+norm,bongo_0424,1,0.998754
afroxlmr,clean,template,13,test_lookalike_all+norm,bongo_0427,0,0.001134
afroxlmr,clean,template,13,test_lookalike_all+norm,bongo_0434,1,0.291592
afroxlmr,clean,template,13,test_lookalike_all+norm,bongo_0463,0,0.001170
afroxlmr,clean,template,13,test_lookalike_all+norm,bongo_0476,1,0.998770
afroxlmr,clean,template,13,test_lookalike_all+norm,bongo_0510,1,0.998814
afroxlmr,clean,template,13,test_lookalike_all+norm,bongo_0531,0,0.001301
afroxlmr,clean,template,13,test_lookalike_all+norm,bongo_0542,0,0.001146
afroxlmr,clean,template,13,test_lookalike_all+norm,bongo_0545,0,0.001121
afroxlmr,clean,template,13,test_lookalike_all+norm,bongo_0560,1,0.997770
afroxlmr,clean,template,13,test_lookalike_all+norm,bongo_0565,1,0.995683
afroxlmr,clean,template,13,test_lookalike_all+norm,bongo_0566,1,0.998762
afroxlmr,clean,template,13,test_lookalike_all+norm,bongo_0571,0,0.001602
afroxlmr,clean,template,13,test_lookalike_all+norm,bongo_0577,1,0.998723
afroxlmr,clean,template,13,test_lookalike_all+norm,bongo_0580,1,0.998731
afroxlmr,clean,template,13,test_lookalike_all+norm,bongo_0621,1,0.998674
afroxlmr,clean,template,13,test_lookalike_all+norm,bongo_0624,1,0.998845
afroxlmr,clean,template,13,test_lookalike_all+norm,bongo_0630,0,0.001146
afroxlmr,clean,template,13,test_lookalike_all+norm,bongo_0638,1,0.998782
afroxlmr,clean,template,13,test_lookalike_all+norm,bongo_0648,0,0.001597
afroxlmr,clean,template,13,test_lookalike_all+norm,bongo_0674,0,0.001150
afroxlmr,clean,template,13,test_lookalike_all+norm,bongo_0685,0,0.001291
afroxlmr,clean,template,13,test_lookalike_all+norm,bongo_0697,1,0.002367
afroxlmr,clean,template,13,test_lookalike_all+norm,bongo_0701,0,0.001368
afroxlmr,clean,template,13,test_lookalike_all+norm,bongo_0706,1,0.166158
afroxlmr,clean,template,13,test_lookalike_all+norm,bongo_0719,1,0.701106
afroxlmr,clean,template,13,test_lookalike_all+norm,bongo_0721,1,0.998547
afroxlmr,clean,template,13,test_lookalike_all+norm,bongo_0724,1,0.002204
afroxlmr,clean,template,13,test_lookalike_all+norm,bongo_0729,1,0.998699
afroxlmr,clean,template,13,test_lookalike_all+norm,bongo_0741,0,0.001082
afroxlmr,clean,template,13,test_lookalike_all+norm,bongo_0749,1,0.639683
afroxlmr,clean,template,13,test_lookalike_all+norm,bongo_0769,1,0.998524
afroxlmr,clean,template,13,test_lookalike_all+norm,bongo_0770,1,0.002028
afroxlmr,clean,template,13,test_lookalike_all+norm,bongo_0778,1,0.001560
afroxlmr,clean,template,13,test_lookalike_all+norm,bongo_0787,1,0.998836
afroxlmr,clean,template,13,test_lookalike_all+norm,bongo_0795,0,0.001888
afroxlmr,clean,template,13,test_lookalike_all+norm,bongo_0806,1,0.003958
afroxlmr,clean,template,13,test_lookalike_all+norm,bongo_0807,1,0.998835
afroxlmr,clean,template,13,test_lookalike_all+norm,bongo_0818,0,0.002183
afroxlmr,clean,template,13,test_lookalike_all+norm,bongo_0819,0,0.001196
afroxlmr,clean,template,13,test_lookalike_all+norm,bongo_0835,0,0.001090
afroxlmr,clean,template,13,test_lookalike_all+norm,bongo_0840,1,0.998836
afroxlmr,clean,template,13,test_lookalike_all+norm,bongo_0855,1,0.003500
afroxlmr,clean,template,13,test_lookalike_all+norm,bongo_0856,0,0.001148
afroxlmr,clean,template,13,test_lookalike_all+norm,bongo_0864,1,0.998782
afroxlmr,clean,template,13,test_lookalike_all+norm,bongo_0871,1,0.998863
afroxlmr,clean,template,13,test_lookalike_all+norm,bongo_0872,0,0.001263
afroxlmr,clean,template,13,test_lookalike_all+norm,bongo_0904,0,0.001154
afroxlmr,clean,template,13,test_lookalike_all+norm,bongo_0905,1,0.998827
afroxlmr,clean,template,13,test_lookalike_all+norm,bongo_0909,1,0.998764
afroxlmr,clean,template,13,test_lookalike_all+norm,bongo_0917,1,0.995123
afroxlmr,clean,template,13,test_lookalike_all+norm,bongo_0918,1,0.998784
afroxlmr,clean,template,13,test_lookalike_all+norm,bongo_0950,0,0.001346
afroxlmr,clean,template,13,test_lookalike_all+norm,bongo_0955,1,0.998824
afroxlmr,clean,template,13,test_lookalike_all+norm,bongo_0956,0,0.001234
afroxlmr,clean,template,13,test_lookalike_all+norm,bongo_0971,0,0.001087
afroxlmr,clean,template,13,test_lookalike_all+norm,bongo_0983,0,0.001099
afroxlmr,clean,template,13,test_lookalike_all+norm,bongo_0989,1,0.998823
afroxlmr,clean,template,13,test_lookalike_all+norm,bongo_0994,0,0.001217
afroxlmr,clean,template,13,test_lookalike_all+norm,bongo_1003,1,0.997362
afroxlmr,clean,template,13,test_lookalike_all+norm,bongo_1006,0,0.001115
afroxlmr,clean,template,13,test_lookalike_all+norm,bongo_1012,1,0.003124
afroxlmr,clean,template,13,test_lookalike_all+norm,bongo_1015,0,0.001047
afroxlmr,clean,template,13,test_lookalike_all+norm,bongo_1022,1,0.995368
afroxlmr,clean,template,13,test_lookalike_all+norm,bongo_1037,0,0.001123
afroxlmr,clean,template,13,test_lookalike_all+norm,bongo_1040,0,0.001238
afroxlmr,clean,template,13,test_lookalike_all+norm,bongo_1042,1,0.998732
afroxlmr,clean,template,13,test_lookalike_all+norm,bongo_1047,1,0.998813
afroxlmr,clean,template,13,test_lookalike_all+norm,bongo_1050,0,0.001298
afroxlmr,clean,template,13,test_lookalike_all+norm,bongo_1052,1,0.998701
afroxlmr,clean,template,13,test_lookalike_all+norm,bongo_1059,0,0.001738
afroxlmr,clean,template,13,test_lookalike_all+norm,bongo_1071,0,0.001579
afroxlmr,clean,template,13,test_lookalike_all+norm,bongo_1090,0,0.002337
afroxlmr,clean,template,13,test_lookalike_all+norm,bongo_1104,1,0.998787
afroxlmr,clean,template,13,test_lookalike_all+norm,bongo_1115,0,0.001107
afroxlmr,clean,template,13,test_lookalike_all+norm,bongo_1123,0,0.001220
afroxlmr,clean,template,13,test_lookalike_all+norm,bongo_1125,0,0.002226
afroxlmr,clean,template,13,test_lookalike_all+norm,bongo_1127,1,0.996530
afroxlmr,clean,template,13,test_lookalike_all+norm,bongo_1131,1,0.998556
afroxlmr,clean,template,13,test_lookalike_all+norm,bongo_1134,1,0.016462
afroxlmr,clean,template,13,test_lookalike_all+norm,bongo_1135,0,0.001374
afroxlmr,clean,template,13,test_lookalike_all+norm,bongo_1136,1,0.998607
afroxlmr,clean,template,13,test_lookalike_all+norm,bongo_1138,1,0.998795
afroxlmr,clean,template,13,test_lookalike_all+norm,bongo_1140,1,0.998798
afroxlmr,clean,template,13,test_lookalike_all+norm,bongo_1154,1,0.998817
afroxlmr,clean,template,13,test_lookalike_all+norm,bongo_1155,0,0.001248
afroxlmr,clean,template,13,test_lookalike_all+norm,bongo_1171,1,0.998762
afroxlmr,clean,template,13,test_lookalike_all+norm,bongo_1181,1,0.998787
afroxlmr,clean,template,13,test_lookalike_all+norm,bongo_1185,1,0.001609
afroxlmr,clean,template,13,test_lookalike_all+norm,bongo_1194,0,0.001160
afroxlmr,clean,template,13,test_lookalike_all+norm,bongo_1195,1,0.995557
afroxlmr,clean,template,13,test_lookalike_all+norm,bongo_1198,0,0.001107
afroxlmr,clean,template,13,test_lookalike_all+norm,bongo_1204,1,0.002603
afroxlmr,clean,template,13,test_lookalike_all+norm,bongo_1220,1,0.998752
afroxlmr,clean,template,13,test_lookalike_all+norm,bongo_1233,1,0.998797
afroxlmr,clean,template,13,test_lookalike_all+norm,bongo_1236,0,0.001233
afroxlmr,clean,template,13,test_lookalike_all+norm,bongo_1240,1,0.002095
afroxlmr,clean,template,13,test_lookalike_all+norm,bongo_1244,0,0.001130
afroxlmr,clean,template,13,test_lookalike_all+norm,bongo_1249,0,0.001247
afroxlmr,clean,template,13,test_lookalike_all+norm,bongo_1253,0,0.004738
afroxlmr,clean,template,13,test_lookalike_all+norm,bongo_1260,0,0.001080
afroxlmr,clean,template,13,test_lookalike_all+norm,bongo_1262,0,0.002381
afroxlmr,clean,template,13,test_lookalike_all+norm,bongo_1278,1,0.001794
afroxlmr,clean,template,13,test_lookalike_all+norm,bongo_1285,0,0.001453
afroxlmr,clean,template,13,test_lookalike_all+norm,bongo_1293,1,0.998829
afroxlmr,clean,template,13,test_lookalike_all+norm,bongo_1316,0,0.001671
afroxlmr,clean,template,13,test_lookalike_all+norm,bongo_1327,1,0.001590
afroxlmr,clean,template,13,test_lookalike_all+norm,bongo_1330,0,0.002069
afroxlmr,clean,template,13,test_lookalike_all+norm,bongo_1359,0,0.001196
afroxlmr,clean,template,13,test_lookalike_all+norm,bongo_1375,0,0.001379
afroxlmr,clean,template,13,test_structural_1+norm,bongo_0025,1,0.998754
afroxlmr,clean,template,13,test_structural_1+norm,bongo_0029,0,0.002252
afroxlmr,clean,template,13,test_structural_1+norm,bongo_0039,1,0.998574
afroxlmr,clean,template,13,test_structural_1+norm,bongo_0047,1,0.998744
afroxlmr,clean,template,13,test_structural_1+norm,bongo_0053,0,0.001284
afroxlmr,clean,template,13,test_structural_1+norm,bongo_0055,1,0.002002
afroxlmr,clean,template,13,test_structural_1+norm,bongo_0061,1,0.991511
afroxlmr,clean,template,13,test_structural_1+norm,bongo_0097,0,0.001153
afroxlmr,clean,template,13,test_structural_1+norm,bongo_0107,0,0.001240
afroxlmr,clean,template,13,test_structural_1+norm,bongo_0110,0,0.002024
afroxlmr,clean,template,13,test_structural_1+norm,bongo_0112,1,0.013826
afroxlmr,clean,template,13,test_structural_1+norm,bongo_0115,0,0.001164
afroxlmr,clean,template,13,test_structural_1+norm,bongo_0143,0,0.001076
afroxlmr,clean,template,13,test_structural_1+norm,bongo_0146,1,0.998796
afroxlmr,clean,template,13,test_structural_1+norm,bongo_0154,1,0.998785
afroxlmr,clean,template,13,test_structural_1+norm,bongo_0159,1,0.842861
afroxlmr,clean,template,13,test_structural_1+norm,bongo_0160,0,0.001252
afroxlmr,clean,template,13,test_structural_1+norm,bongo_0172,0,0.002504
afroxlmr,clean,template,13,test_structural_1+norm,bongo_0173,1,0.772021
afroxlmr,clean,template,13,test_structural_1+norm,bongo_0175,0,0.002639
afroxlmr,clean,template,13,test_structural_1+norm,bongo_0182,0,0.001301
afroxlmr,clean,template,13,test_structural_1+norm,bongo_0195,1,0.998740
afroxlmr,clean,template,13,test_structural_1+norm,bongo_0197,0,0.001128
afroxlmr,clean,template,13,test_structural_1+norm,bongo_0201,1,0.998599
afroxlmr,clean,template,13,test_structural_1+norm,bongo_0203,1,0.998796
afroxlmr,clean,template,13,test_structural_1+norm,bongo_0250,1,0.004662
afroxlmr,clean,template,13,test_structural_1+norm,bongo_0253,0,0.001094
afroxlmr,clean,template,13,test_structural_1+norm,bongo_0255,1,0.002145
afroxlmr,clean,template,13,test_structural_1+norm,bongo_0265,1,0.001546
afroxlmr,clean,template,13,test_structural_1+norm,bongo_0271,0,0.001573
afroxlmr,clean,template,13,test_structural_1+norm,bongo_0300,0,0.001272
afroxlmr,clean,template,13,test_structural_1+norm,bongo_0306,0,0.001098
afroxlmr,clean,template,13,test_structural_1+norm,bongo_0356,1,0.003201
afroxlmr,clean,template,13,test_structural_1+norm,bongo_0360,1,0.998836
afroxlmr,clean,template,13,test_structural_1+norm,bongo_0361,1,0.998790
afroxlmr,clean,template,13,test_structural_1+norm,bongo_0363,0,0.001000
afroxlmr,clean,template,13,test_structural_1+norm,bongo_0368,0,0.001134
afroxlmr,clean,template,13,test_structural_1+norm,bongo_0372,0,0.001077
afroxlmr,clean,template,13,test_structural_1+norm,bongo_0380,1,0.003115
afroxlmr,clean,template,13,test_structural_1+norm,bongo_0389,0,0.001317
afroxlmr,clean,template,13,test_structural_1+norm,bongo_0395,0,0.001781
afroxlmr,clean,template,13,test_structural_1+norm,bongo_0405,1,0.998724
afroxlmr,clean,template,13,test_structural_1+norm,bongo_0424,1,0.998657
afroxlmr,clean,template,13,test_structural_1+norm,bongo_0427,0,0.001134
afroxlmr,clean,template,13,test_structural_1+norm,bongo_0434,1,0.470426
afroxlmr,clean,template,13,test_structural_1+norm,bongo_0463,0,0.001170
afroxlmr,clean,template,13,test_structural_1+norm,bongo_0476,1,0.998672
afroxlmr,clean,template,13,test_structural_1+norm,bongo_0510,1,0.998698
afroxlmr,clean,template,13,test_structural_1+norm,bongo_0531,0,0.001301
afroxlmr,clean,template,13,test_structural_1+norm,bongo_0542,0,0.001146
afroxlmr,clean,template,13,test_structural_1+norm,bongo_0545,0,0.001121
afroxlmr,clean,template,13,test_structural_1+norm,bongo_0560,1,0.997728
afroxlmr,clean,template,13,test_structural_1+norm,bongo_0565,1,0.002962
afroxlmr,clean,template,13,test_structural_1+norm,bongo_0566,1,0.998762
afroxlmr,clean,template,13,test_structural_1+norm,bongo_0571,0,0.001602
afroxlmr,clean,template,13,test_structural_1+norm,bongo_0577,1,0.998653
afroxlmr,clean,template,13,test_structural_1+norm,bongo_0580,1,0.998731
afroxlmr,clean,template,13,test_structural_1+norm,bongo_0621,1,0.998674
afroxlmr,clean,template,13,test_structural_1+norm,bongo_0624,1,0.998845
afroxlmr,clean,template,13,test_structural_1+norm,bongo_0630,0,0.001146
afroxlmr,clean,template,13,test_structural_1+norm,bongo_0638,1,0.998782
afroxlmr,clean,template,13,test_structural_1+norm,bongo_0648,0,0.001597
afroxlmr,clean,template,13,test_structural_1+norm,bongo_0674,0,0.001150
afroxlmr,clean,template,13,test_structural_1+norm,bongo_0685,0,0.001291
afroxlmr,clean,template,13,test_structural_1+norm,bongo_0697,1,0.003192
afroxlmr,clean,template,13,test_structural_1+norm,bongo_0701,0,0.001368
afroxlmr,clean,template,13,test_structural_1+norm,bongo_0706,1,0.362062
afroxlmr,clean,template,13,test_structural_1+norm,bongo_0719,1,0.977847
afroxlmr,clean,template,13,test_structural_1+norm,bongo_0721,1,0.998564
afroxlmr,clean,template,13,test_structural_1+norm,bongo_0724,1,0.002204
afroxlmr,clean,template,13,test_structural_1+norm,bongo_0729,1,0.998699
afroxlmr,clean,template,13,test_structural_1+norm,bongo_0741,0,0.001082
afroxlmr,clean,template,13,test_structural_1+norm,bongo_0749,1,0.975601
afroxlmr,clean,template,13,test_structural_1+norm,bongo_0769,1,0.998524
afroxlmr,clean,template,13,test_structural_1+norm,bongo_0770,1,0.002552
afroxlmr,clean,template,13,test_structural_1+norm,bongo_0778,1,0.003798
afroxlmr,clean,template,13,test_structural_1+norm,bongo_0787,1,0.998842
afroxlmr,clean,template,13,test_structural_1+norm,bongo_0795,0,0.001888
afroxlmr,clean,template,13,test_structural_1+norm,bongo_0806,1,0.017923
afroxlmr,clean,template,13,test_structural_1+norm,bongo_0807,1,0.998835
afroxlmr,clean,template,13,test_structural_1+norm,bongo_0818,0,0.002183
afroxlmr,clean,template,13,test_structural_1+norm,bongo_0819,0,0.001196
afroxlmr,clean,template,13,test_structural_1+norm,bongo_0835,0,0.001090
afroxlmr,clean,template,13,test_structural_1+norm,bongo_0840,1,0.998836
afroxlmr,clean,template,13,test_structural_1+norm,bongo_0855,1,0.005055
afroxlmr,clean,template,13,test_structural_1+norm,bongo_0856,0,0.001148
afroxlmr,clean,template,13,test_structural_1+norm,bongo_0864,1,0.998782
afroxlmr,clean,template,13,test_structural_1+norm,bongo_0871,1,0.998841
afroxlmr,clean,template,13,test_structural_1+norm,bongo_0872,0,0.001263
afroxlmr,clean,template,13,test_structural_1+norm,bongo_0904,0,0.001154
afroxlmr,clean,template,13,test_structural_1+norm,bongo_0905,1,0.998827
afroxlmr,clean,template,13,test_structural_1+norm,bongo_0909,1,0.998764
afroxlmr,clean,template,13,test_structural_1+norm,bongo_0917,1,0.002141
afroxlmr,clean,template,13,test_structural_1+norm,bongo_0918,1,0.998733
afroxlmr,clean,template,13,test_structural_1+norm,bongo_0950,0,0.001346
afroxlmr,clean,template,13,test_structural_1+norm,bongo_0955,1,0.998834
afroxlmr,clean,template,13,test_structural_1+norm,bongo_0956,0,0.001234
afroxlmr,clean,template,13,test_structural_1+norm,bongo_0971,0,0.001087
afroxlmr,clean,template,13,test_structural_1+norm,bongo_0983,0,0.001099
afroxlmr,clean,template,13,test_structural_1+norm,bongo_0989,1,0.998838
afroxlmr,clean,template,13,test_structural_1+norm,bongo_0994,0,0.001217
afroxlmr,clean,template,13,test_structural_1+norm,bongo_1003,1,0.997362
afroxlmr,clean,template,13,test_structural_1+norm,bongo_1006,0,0.001115
afroxlmr,clean,template,13,test_structural_1+norm,bongo_1012,1,0.002281
afroxlmr,clean,template,13,test_structural_1+norm,bongo_1015,0,0.001047
afroxlmr,clean,template,13,test_structural_1+norm,bongo_1022,1,0.002423
afroxlmr,clean,template,13,test_structural_1+norm,bongo_1037,0,0.001123
afroxlmr,clean,template,13,test_structural_1+norm,bongo_1040,0,0.001238
afroxlmr,clean,template,13,test_structural_1+norm,bongo_1042,1,0.998727
afroxlmr,clean,template,13,test_structural_1+norm,bongo_1047,1,0.998813
afroxlmr,clean,template,13,test_structural_1+norm,bongo_1050,0,0.001298
afroxlmr,clean,template,13,test_structural_1+norm,bongo_1052,1,0.998701
afroxlmr,clean,template,13,test_structural_1+norm,bongo_1059,0,0.001738
afroxlmr,clean,template,13,test_structural_1+norm,bongo_1071,0,0.001579
afroxlmr,clean,template,13,test_structural_1+norm,bongo_1090,0,0.002337
afroxlmr,clean,template,13,test_structural_1+norm,bongo_1104,1,0.998785
afroxlmr,clean,template,13,test_structural_1+norm,bongo_1115,0,0.001107
afroxlmr,clean,template,13,test_structural_1+norm,bongo_1123,0,0.001220
afroxlmr,clean,template,13,test_structural_1+norm,bongo_1125,0,0.002226
afroxlmr,clean,template,13,test_structural_1+norm,bongo_1127,1,0.751698
afroxlmr,clean,template,13,test_structural_1+norm,bongo_1131,1,0.998556
afroxlmr,clean,template,13,test_structural_1+norm,bongo_1134,1,0.016462
afroxlmr,clean,template,13,test_structural_1+norm,bongo_1135,0,0.001374
afroxlmr,clean,template,13,test_structural_1+norm,bongo_1136,1,0.998708
afroxlmr,clean,template,13,test_structural_1+norm,bongo_1138,1,0.998795
afroxlmr,clean,template,13,test_structural_1+norm,bongo_1140,1,0.998798
afroxlmr,clean,template,13,test_structural_1+norm,bongo_1154,1,0.998762
afroxlmr,clean,template,13,test_structural_1+norm,bongo_1155,0,0.001248
afroxlmr,clean,template,13,test_structural_1+norm,bongo_1171,1,0.998762
afroxlmr,clean,template,13,test_structural_1+norm,bongo_1181,1,0.998542
afroxlmr,clean,template,13,test_structural_1+norm,bongo_1185,1,0.001889
afroxlmr,clean,template,13,test_structural_1+norm,bongo_1194,0,0.001160
afroxlmr,clean,template,13,test_structural_1+norm,bongo_1195,1,0.002428
afroxlmr,clean,template,13,test_structural_1+norm,bongo_1198,0,0.001107
afroxlmr,clean,template,13,test_structural_1+norm,bongo_1204,1,0.006868
afroxlmr,clean,template,13,test_structural_1+norm,bongo_1220,1,0.998657
afroxlmr,clean,template,13,test_structural_1+norm,bongo_1233,1,0.998736
afroxlmr,clean,template,13,test_structural_1+norm,bongo_1236,0,0.001233
afroxlmr,clean,template,13,test_structural_1+norm,bongo_1240,1,0.002095
afroxlmr,clean,template,13,test_structural_1+norm,bongo_1244,0,0.001130
afroxlmr,clean,template,13,test_structural_1+norm,bongo_1249,0,0.001247
afroxlmr,clean,template,13,test_structural_1+norm,bongo_1253,0,0.004738
afroxlmr,clean,template,13,test_structural_1+norm,bongo_1260,0,0.001080
afroxlmr,clean,template,13,test_structural_1+norm,bongo_1262,0,0.002381
afroxlmr,clean,template,13,test_structural_1+norm,bongo_1278,1,0.001794
afroxlmr,clean,template,13,test_structural_1+norm,bongo_1285,0,0.001453
afroxlmr,clean,template,13,test_structural_1+norm,bongo_1293,1,0.998829
afroxlmr,clean,template,13,test_structural_1+norm,bongo_1316,0,0.001671
afroxlmr,clean,template,13,test_structural_1+norm,bongo_1327,1,0.001590
afroxlmr,clean,template,13,test_structural_1+norm,bongo_1330,0,0.002069
afroxlmr,clean,template,13,test_structural_1+norm,bongo_1359,0,0.001196
afroxlmr,clean,template,13,test_structural_1+norm,bongo_1375,0,0.001379
afroxlmr,clean,template,13,test_structural_3+norm,bongo_0025,1,0.998686
afroxlmr,clean,template,13,test_structural_3+norm,bongo_0029,0,0.002252
afroxlmr,clean,template,13,test_structural_3+norm,bongo_0039,1,0.998762
afroxlmr,clean,template,13,test_structural_3+norm,bongo_0047,1,0.998728
afroxlmr,clean,template,13,test_structural_3+norm,bongo_0053,0,0.001284
afroxlmr,clean,template,13,test_structural_3+norm,bongo_0055,1,0.002345
afroxlmr,clean,template,13,test_structural_3+norm,bongo_0061,1,0.993417
afroxlmr,clean,template,13,test_structural_3+norm,bongo_0097,0,0.001153
afroxlmr,clean,template,13,test_structural_3+norm,bongo_0107,0,0.001240
afroxlmr,clean,template,13,test_structural_3+norm,bongo_0110,0,0.002024
afroxlmr,clean,template,13,test_structural_3+norm,bongo_0112,1,0.004229
afroxlmr,clean,template,13,test_structural_3+norm,bongo_0115,0,0.001164
afroxlmr,clean,template,13,test_structural_3+norm,bongo_0143,0,0.001076
afroxlmr,clean,template,13,test_structural_3+norm,bongo_0146,1,0.998805
afroxlmr,clean,template,13,test_structural_3+norm,bongo_0154,1,0.998754
afroxlmr,clean,template,13,test_structural_3+norm,bongo_0159,1,0.983527
afroxlmr,clean,template,13,test_structural_3+norm,bongo_0160,0,0.001252
afroxlmr,clean,template,13,test_structural_3+norm,bongo_0172,0,0.002504
afroxlmr,clean,template,13,test_structural_3+norm,bongo_0173,1,0.747597
afroxlmr,clean,template,13,test_structural_3+norm,bongo_0175,0,0.002639
afroxlmr,clean,template,13,test_structural_3+norm,bongo_0182,0,0.001301
afroxlmr,clean,template,13,test_structural_3+norm,bongo_0195,1,0.998679
afroxlmr,clean,template,13,test_structural_3+norm,bongo_0197,0,0.001128
afroxlmr,clean,template,13,test_structural_3+norm,bongo_0201,1,0.998666
afroxlmr,clean,template,13,test_structural_3+norm,bongo_0203,1,0.998748
afroxlmr,clean,template,13,test_structural_3+norm,bongo_0250,1,0.004662
afroxlmr,clean,template,13,test_structural_3+norm,bongo_0253,0,0.001094
afroxlmr,clean,template,13,test_structural_3+norm,bongo_0255,1,0.003037
afroxlmr,clean,template,13,test_structural_3+norm,bongo_0265,1,0.001724
afroxlmr,clean,template,13,test_structural_3+norm,bongo_0271,0,0.001573
afroxlmr,clean,template,13,test_structural_3+norm,bongo_0300,0,0.001272
afroxlmr,clean,template,13,test_structural_3+norm,bongo_0306,0,0.001098
afroxlmr,clean,template,13,test_structural_3+norm,bongo_0356,1,0.003201
afroxlmr,clean,template,13,test_structural_3+norm,bongo_0360,1,0.998826
afroxlmr,clean,template,13,test_structural_3+norm,bongo_0361,1,0.998682
afroxlmr,clean,template,13,test_structural_3+norm,bongo_0363,0,0.001000
afroxlmr,clean,template,13,test_structural_3+norm,bongo_0368,0,0.001134
afroxlmr,clean,template,13,test_structural_3+norm,bongo_0372,0,0.001077
afroxlmr,clean,template,13,test_structural_3+norm,bongo_0380,1,0.003543
afroxlmr,clean,template,13,test_structural_3+norm,bongo_0389,0,0.001317
afroxlmr,clean,template,13,test_structural_3+norm,bongo_0395,0,0.001781
afroxlmr,clean,template,13,test_structural_3+norm,bongo_0405,1,0.998566
afroxlmr,clean,template,13,test_structural_3+norm,bongo_0424,1,0.998657
afroxlmr,clean,template,13,test_structural_3+norm,bongo_0427,0,0.001134
afroxlmr,clean,template,13,test_structural_3+norm,bongo_0434,1,0.445535
afroxlmr,clean,template,13,test_structural_3+norm,bongo_0463,0,0.001170
afroxlmr,clean,template,13,test_structural_3+norm,bongo_0476,1,0.998748
afroxlmr,clean,template,13,test_structural_3+norm,bongo_0510,1,0.998714
afroxlmr,clean,template,13,test_structural_3+norm,bongo_0531,0,0.001301
afroxlmr,clean,template,13,test_structural_3+norm,bongo_0542,0,0.001146
afroxlmr,clean,template,13,test_structural_3+norm,bongo_0545,0,0.001121
afroxlmr,clean,template,13,test_structural_3+norm,bongo_0560,1,0.997858
afroxlmr,clean,template,13,test_structural_3+norm,bongo_0565,1,0.003043
afroxlmr,clean,template,13,test_structural_3+norm,bongo_0566,1,0.998706
afroxlmr,clean,template,13,test_structural_3+norm,bongo_0571,0,0.001602
afroxlmr,clean,template,13,test_structural_3+norm,bongo_0577,1,0.998749
afroxlmr,clean,template,13,test_structural_3+norm,bongo_0580,1,0.998700
afroxlmr,clean,template,13,test_structural_3+norm,bongo_0621,1,0.998709
afroxlmr,clean,template,13,test_structural_3+norm,bongo_0624,1,0.998790
afroxlmr,clean,template,13,test_structural_3+norm,bongo_0630,0,0.001146
afroxlmr,clean,template,13,test_structural_3+norm,bongo_0638,1,0.998720
afroxlmr,clean,template,13,test_structural_3+norm,bongo_0648,0,0.001597
afroxlmr,clean,template,13,test_structural_3+norm,bongo_0674,0,0.001150
afroxlmr,clean,template,13,test_structural_3+norm,bongo_0685,0,0.001291
afroxlmr,clean,template,13,test_structural_3+norm,bongo_0697,1,0.004438
afroxlmr,clean,template,13,test_structural_3+norm,bongo_0701,0,0.001368
afroxlmr,clean,template,13,test_structural_3+norm,bongo_0706,1,0.016633
afroxlmr,clean,template,13,test_structural_3+norm,bongo_0719,1,0.808538
afroxlmr,clean,template,13,test_structural_3+norm,bongo_0721,1,0.998485
afroxlmr,clean,template,13,test_structural_3+norm,bongo_0724,1,0.002973
afroxlmr,clean,template,13,test_structural_3+norm,bongo_0729,1,0.998756
afroxlmr,clean,template,13,test_structural_3+norm,bongo_0741,0,0.001082
afroxlmr,clean,template,13,test_structural_3+norm,bongo_0749,1,0.584575
afroxlmr,clean,template,13,test_structural_3+norm,bongo_0769,1,0.998524
afroxlmr,clean,template,13,test_structural_3+norm,bongo_0770,1,0.006325
afroxlmr,clean,template,13,test_structural_3+norm,bongo_0778,1,0.001899
afroxlmr,clean,template,13,test_structural_3+norm,bongo_0787,1,0.998842
afroxlmr,clean,template,13,test_structural_3+norm,bongo_0795,0,0.001888
afroxlmr,clean,template,13,test_structural_3+norm,bongo_0806,1,0.021955
afroxlmr,clean,template,13,test_structural_3+norm,bongo_0807,1,0.998749
afroxlmr,clean,template,13,test_structural_3+norm,bongo_0818,0,0.002183
afroxlmr,clean,template,13,test_structural_3+norm,bongo_0819,0,0.001196
afroxlmr,clean,template,13,test_structural_3+norm,bongo_0835,0,0.001090
afroxlmr,clean,template,13,test_structural_3+norm,bongo_0840,1,0.998836
afroxlmr,clean,template,13,test_structural_3+norm,bongo_0855,1,0.004506
afroxlmr,clean,template,13,test_structural_3+norm,bongo_0856,0,0.001148
afroxlmr,clean,template,13,test_structural_3+norm,bongo_0864,1,0.998782
afroxlmr,clean,template,13,test_structural_3+norm,bongo_0871,1,0.998841
afroxlmr,clean,template,13,test_structural_3+norm,bongo_0872,0,0.001263
afroxlmr,clean,template,13,test_structural_3+norm,bongo_0904,0,0.001154
afroxlmr,clean,template,13,test_structural_3+norm,bongo_0905,1,0.998770
afroxlmr,clean,template,13,test_structural_3+norm,bongo_0909,1,0.998764
afroxlmr,clean,template,13,test_structural_3+norm,bongo_0917,1,0.002330
afroxlmr,clean,template,13,test_structural_3+norm,bongo_0918,1,0.998784
afroxlmr,clean,template,13,test_structural_3+norm,bongo_0950,0,0.001346
afroxlmr,clean,template,13,test_structural_3+norm,bongo_0955,1,0.998815
afroxlmr,clean,template,13,test_structural_3+norm,bongo_0956,0,0.001234
afroxlmr,clean,template,13,test_structural_3+norm,bongo_0971,0,0.001087
afroxlmr,clean,template,13,test_structural_3+norm,bongo_0983,0,0.001099
afroxlmr,clean,template,13,test_structural_3+norm,bongo_0989,1,0.998852
afroxlmr,clean,template,13,test_structural_3+norm,bongo_0994,0,0.001217
afroxlmr,clean,template,13,test_structural_3+norm,bongo_1003,1,0.997673
afroxlmr,clean,template,13,test_structural_3+norm,bongo_1006,0,0.001115
afroxlmr,clean,template,13,test_structural_3+norm,bongo_1012,1,0.002446
afroxlmr,clean,template,13,test_structural_3+norm,bongo_1015,0,0.001047
afroxlmr,clean,template,13,test_structural_3+norm,bongo_1022,1,0.005040
afroxlmr,clean,template,13,test_structural_3+norm,bongo_1037,0,0.001123
afroxlmr,clean,template,13,test_structural_3+norm,bongo_1040,0,0.001238
afroxlmr,clean,template,13,test_structural_3+norm,bongo_1042,1,0.998732
afroxlmr,clean,template,13,test_structural_3+norm,bongo_1047,1,0.998813
afroxlmr,clean,template,13,test_structural_3+norm,bongo_1050,0,0.001298
afroxlmr,clean,template,13,test_structural_3+norm,bongo_1052,1,0.998701
afroxlmr,clean,template,13,test_structural_3+norm,bongo_1059,0,0.001738
afroxlmr,clean,template,13,test_structural_3+norm,bongo_1071,0,0.001579
afroxlmr,clean,template,13,test_structural_3+norm,bongo_1090,0,0.002337
afroxlmr,clean,template,13,test_structural_3+norm,bongo_1104,1,0.998787
afroxlmr,clean,template,13,test_structural_3+norm,bongo_1115,0,0.001107
afroxlmr,clean,template,13,test_structural_3+norm,bongo_1123,0,0.001220
afroxlmr,clean,template,13,test_structural_3+norm,bongo_1125,0,0.002226
afroxlmr,clean,template,13,test_structural_3+norm,bongo_1127,1,0.218453
afroxlmr,clean,template,13,test_structural_3+norm,bongo_1131,1,0.998514
afroxlmr,clean,template,13,test_structural_3+norm,bongo_1134,1,0.010724
afroxlmr,clean,template,13,test_structural_3+norm,bongo_1135,0,0.001374
afroxlmr,clean,template,13,test_structural_3+norm,bongo_1136,1,0.998704
afroxlmr,clean,template,13,test_structural_3+norm,bongo_1138,1,0.998457
afroxlmr,clean,template,13,test_structural_3+norm,bongo_1140,1,0.998798
afroxlmr,clean,template,13,test_structural_3+norm,bongo_1154,1,0.998762
afroxlmr,clean,template,13,test_structural_3+norm,bongo_1155,0,0.001248
afroxlmr,clean,template,13,test_structural_3+norm,bongo_1171,1,0.998761
afroxlmr,clean,template,13,test_structural_3+norm,bongo_1181,1,0.998707
afroxlmr,clean,template,13,test_structural_3+norm,bongo_1185,1,0.001939
afroxlmr,clean,template,13,test_structural_3+norm,bongo_1194,0,0.001160
afroxlmr,clean,template,13,test_structural_3+norm,bongo_1195,1,0.002428
afroxlmr,clean,template,13,test_structural_3+norm,bongo_1198,0,0.001107
afroxlmr,clean,template,13,test_structural_3+norm,bongo_1204,1,0.003433
afroxlmr,clean,template,13,test_structural_3+norm,bongo_1220,1,0.998828
afroxlmr,clean,template,13,test_structural_3+norm,bongo_1233,1,0.998821
afroxlmr,clean,template,13,test_structural_3+norm,bongo_1236,0,0.001233
afroxlmr,clean,template,13,test_structural_3+norm,bongo_1240,1,0.002166
afroxlmr,clean,template,13,test_structural_3+norm,bongo_1244,0,0.001130
afroxlmr,clean,template,13,test_structural_3+norm,bongo_1249,0,0.001247
afroxlmr,clean,template,13,test_structural_3+norm,bongo_1253,0,0.004738
afroxlmr,clean,template,13,test_structural_3+norm,bongo_1260,0,0.001080
afroxlmr,clean,template,13,test_structural_3+norm,bongo_1262,0,0.002381
afroxlmr,clean,template,13,test_structural_3+norm,bongo_1278,1,0.002363
afroxlmr,clean,template,13,test_structural_3+norm,bongo_1285,0,0.001453
afroxlmr,clean,template,13,test_structural_3+norm,bongo_1293,1,0.998793
afroxlmr,clean,template,13,test_structural_3+norm,bongo_1316,0,0.001671
afroxlmr,clean,template,13,test_structural_3+norm,bongo_1327,1,0.001768
afroxlmr,clean,template,13,test_structural_3+norm,bongo_1330,0,0.002069
afroxlmr,clean,template,13,test_structural_3+norm,bongo_1359,0,0.001196
afroxlmr,clean,template,13,test_structural_3+norm,bongo_1375,0,0.001379
afroxlmr,clean,template,13,test_structural_all+norm,bongo_0025,1,0.998648
afroxlmr,clean,template,13,test_structural_all+norm,bongo_0029,0,0.002252
afroxlmr,clean,template,13,test_structural_all+norm,bongo_0039,1,0.998597
afroxlmr,clean,template,13,test_structural_all+norm,bongo_0047,1,0.998637
afroxlmr,clean,template,13,test_structural_all+norm,bongo_0053,0,0.001284
afroxlmr,clean,template,13,test_structural_all+norm,bongo_0055,1,0.004093
afroxlmr,clean,template,13,test_structural_all+norm,bongo_0061,1,0.994074
afroxlmr,clean,template,13,test_structural_all+norm,bongo_0097,0,0.001153
afroxlmr,clean,template,13,test_structural_all+norm,bongo_0107,0,0.001240
afroxlmr,clean,template,13,test_structural_all+norm,bongo_0110,0,0.002024
afroxlmr,clean,template,13,test_structural_all+norm,bongo_0112,1,0.031004
afroxlmr,clean,template,13,test_structural_all+norm,bongo_0115,0,0.001164
afroxlmr,clean,template,13,test_structural_all+norm,bongo_0143,0,0.001076
afroxlmr,clean,template,13,test_structural_all+norm,bongo_0146,1,0.998646
afroxlmr,clean,template,13,test_structural_all+norm,bongo_0154,1,0.998669
afroxlmr,clean,template,13,test_structural_all+norm,bongo_0159,1,0.014547
afroxlmr,clean,template,13,test_structural_all+norm,bongo_0160,0,0.001252
afroxlmr,clean,template,13,test_structural_all+norm,bongo_0172,0,0.002504
afroxlmr,clean,template,13,test_structural_all+norm,bongo_0173,1,0.165767
afroxlmr,clean,template,13,test_structural_all+norm,bongo_0175,0,0.002639
afroxlmr,clean,template,13,test_structural_all+norm,bongo_0182,0,0.001301
afroxlmr,clean,template,13,test_structural_all+norm,bongo_0195,1,0.998659
afroxlmr,clean,template,13,test_structural_all+norm,bongo_0197,0,0.001128
afroxlmr,clean,template,13,test_structural_all+norm,bongo_0201,1,0.998656
afroxlmr,clean,template,13,test_structural_all+norm,bongo_0203,1,0.998774
afroxlmr,clean,template,13,test_structural_all+norm,bongo_0250,1,0.008507
afroxlmr,clean,template,13,test_structural_all+norm,bongo_0253,0,0.001094
afroxlmr,clean,template,13,test_structural_all+norm,bongo_0255,1,0.006611
afroxlmr,clean,template,13,test_structural_all+norm,bongo_0265,1,0.005669
afroxlmr,clean,template,13,test_structural_all+norm,bongo_0271,0,0.001573
afroxlmr,clean,template,13,test_structural_all+norm,bongo_0300,0,0.001272
afroxlmr,clean,template,13,test_structural_all+norm,bongo_0306,0,0.001098
afroxlmr,clean,template,13,test_structural_all+norm,bongo_0356,1,0.007747
afroxlmr,clean,template,13,test_structural_all+norm,bongo_0360,1,0.998722
afroxlmr,clean,template,13,test_structural_all+norm,bongo_0361,1,0.998809
afroxlmr,clean,template,13,test_structural_all+norm,bongo_0363,0,0.001000
afroxlmr,clean,template,13,test_structural_all+norm,bongo_0368,0,0.001134
afroxlmr,clean,template,13,test_structural_all+norm,bongo_0372,0,0.001077
afroxlmr,clean,template,13,test_structural_all+norm,bongo_0380,1,0.028467
afroxlmr,clean,template,13,test_structural_all+norm,bongo_0389,0,0.001317
afroxlmr,clean,template,13,test_structural_all+norm,bongo_0395,0,0.001781
afroxlmr,clean,template,13,test_structural_all+norm,bongo_0405,1,0.998733
afroxlmr,clean,template,13,test_structural_all+norm,bongo_0424,1,0.998626
afroxlmr,clean,template,13,test_structural_all+norm,bongo_0427,0,0.001134
afroxlmr,clean,template,13,test_structural_all+norm,bongo_0434,1,0.854703
afroxlmr,clean,template,13,test_structural_all+norm,bongo_0463,0,0.001170
afroxlmr,clean,template,13,test_structural_all+norm,bongo_0476,1,0.998750
afroxlmr,clean,template,13,test_structural_all+norm,bongo_0510,1,0.998640
afroxlmr,clean,template,13,test_structural_all+norm,bongo_0531,0,0.001301
afroxlmr,clean,template,13,test_structural_all+norm,bongo_0542,0,0.001146
afroxlmr,clean,template,13,test_structural_all+norm,bongo_0545,0,0.001121
afroxlmr,clean,template,13,test_structural_all+norm,bongo_0560,1,0.997516
afroxlmr,clean,template,13,test_structural_all+norm,bongo_0565,1,0.034886
afroxlmr,clean,template,13,test_structural_all+norm,bongo_0566,1,0.998540
afroxlmr,clean,template,13,test_structural_all+norm,bongo_0571,0,0.001602
afroxlmr,clean,template,13,test_structural_all+norm,bongo_0577,1,0.998654
afroxlmr,clean,template,13,test_structural_all+norm,bongo_0580,1,0.998588
afroxlmr,clean,template,13,test_structural_all+norm,bongo_0621,1,0.998498
afroxlmr,clean,template,13,test_structural_all+norm,bongo_0624,1,0.998664
afroxlmr,clean,template,13,test_structural_all+norm,bongo_0630,0,0.001146
afroxlmr,clean,template,13,test_structural_all+norm,bongo_0638,1,0.998515
afroxlmr,clean,template,13,test_structural_all+norm,bongo_0648,0,0.001597
afroxlmr,clean,template,13,test_structural_all+norm,bongo_0674,0,0.001150
afroxlmr,clean,template,13,test_structural_all+norm,bongo_0685,0,0.001291
afroxlmr,clean,template,13,test_structural_all+norm,bongo_0697,1,0.014912
afroxlmr,clean,template,13,test_structural_all+norm,bongo_0701,0,0.001368
afroxlmr,clean,template,13,test_structural_all+norm,bongo_0706,1,0.030266
afroxlmr,clean,template,13,test_structural_all+norm,bongo_0719,1,0.203751
afroxlmr,clean,template,13,test_structural_all+norm,bongo_0721,1,0.998364
afroxlmr,clean,template,13,test_structural_all+norm,bongo_0724,1,0.004094
afroxlmr,clean,template,13,test_structural_all+norm,bongo_0729,1,0.998600
afroxlmr,clean,template,13,test_structural_all+norm,bongo_0741,0,0.001082
afroxlmr,clean,template,13,test_structural_all+norm,bongo_0749,1,0.550770
afroxlmr,clean,template,13,test_structural_all+norm,bongo_0769,1,0.998576
afroxlmr,clean,template,13,test_structural_all+norm,bongo_0770,1,0.006142
afroxlmr,clean,template,13,test_structural_all+norm,bongo_0778,1,0.009310
afroxlmr,clean,template,13,test_structural_all+norm,bongo_0787,1,0.998728
afroxlmr,clean,template,13,test_structural_all+norm,bongo_0795,0,0.001888
afroxlmr,clean,template,13,test_structural_all+norm,bongo_0806,1,0.062917
afroxlmr,clean,template,13,test_structural_all+norm,bongo_0807,1,0.998778
afroxlmr,clean,template,13,test_structural_all+norm,bongo_0818,0,0.002183
afroxlmr,clean,template,13,test_structural_all+norm,bongo_0819,0,0.001196
afroxlmr,clean,template,13,test_structural_all+norm,bongo_0835,0,0.001090
afroxlmr,clean,template,13,test_structural_all+norm,bongo_0840,1,0.998708
afroxlmr,clean,template,13,test_structural_all+norm,bongo_0855,1,0.031871
afroxlmr,clean,template,13,test_structural_all+norm,bongo_0856,0,0.001148
afroxlmr,clean,template,13,test_structural_all+norm,bongo_0864,1,0.998636
afroxlmr,clean,template,13,test_structural_all+norm,bongo_0871,1,0.998626
afroxlmr,clean,template,13,test_structural_all+norm,bongo_0872,0,0.001263
afroxlmr,clean,template,13,test_structural_all+norm,bongo_0904,0,0.001154
afroxlmr,clean,template,13,test_structural_all+norm,bongo_0905,1,0.998573
afroxlmr,clean,template,13,test_structural_all+norm,bongo_0909,1,0.998657
afroxlmr,clean,template,13,test_structural_all+norm,bongo_0917,1,0.003371
afroxlmr,clean,template,13,test_structural_all+norm,bongo_0918,1,0.998717
afroxlmr,clean,template,13,test_structural_all+norm,bongo_0950,0,0.001346
afroxlmr,clean,template,13,test_structural_all+norm,bongo_0955,1,0.998760
afroxlmr,clean,template,13,test_structural_all+norm,bongo_0956,0,0.001234
afroxlmr,clean,template,13,test_structural_all+norm,bongo_0971,0,0.001087
afroxlmr,clean,template,13,test_structural_all+norm,bongo_0983,0,0.001099
afroxlmr,clean,template,13,test_structural_all+norm,bongo_0989,1,0.998621
afroxlmr,clean,template,13,test_structural_all+norm,bongo_0994,0,0.001217
afroxlmr,clean,template,13,test_structural_all+norm,bongo_1003,1,0.997597
afroxlmr,clean,template,13,test_structural_all+norm,bongo_1006,0,0.001115
afroxlmr,clean,template,13,test_structural_all+norm,bongo_1012,1,0.011901
afroxlmr,clean,template,13,test_structural_all+norm,bongo_1015,0,0.001047
afroxlmr,clean,template,13,test_structural_all+norm,bongo_1022,1,0.007578
afroxlmr,clean,template,13,test_structural_all+norm,bongo_1037,0,0.001123
afroxlmr,clean,template,13,test_structural_all+norm,bongo_1040,0,0.001238
afroxlmr,clean,template,13,test_structural_all+norm,bongo_1042,1,0.998610
afroxlmr,clean,template,13,test_structural_all+norm,bongo_1047,1,0.998746
afroxlmr,clean,template,13,test_structural_all+norm,bongo_1050,0,0.001298
afroxlmr,clean,template,13,test_structural_all+norm,bongo_1052,1,0.998316
afroxlmr,clean,template,13,test_structural_all+norm,bongo_1059,0,0.001738
afroxlmr,clean,template,13,test_structural_all+norm,bongo_1071,0,0.001579
afroxlmr,clean,template,13,test_structural_all+norm,bongo_1090,0,0.002337
afroxlmr,clean,template,13,test_structural_all+norm,bongo_1104,1,0.998753
afroxlmr,clean,template,13,test_structural_all+norm,bongo_1115,0,0.001107
afroxlmr,clean,template,13,test_structural_all+norm,bongo_1123,0,0.001220
afroxlmr,clean,template,13,test_structural_all+norm,bongo_1125,0,0.002226
afroxlmr,clean,template,13,test_structural_all+norm,bongo_1127,1,0.856541
afroxlmr,clean,template,13,test_structural_all+norm,bongo_1131,1,0.998374
afroxlmr,clean,template,13,test_structural_all+norm,bongo_1134,1,0.085667
afroxlmr,clean,template,13,test_structural_all+norm,bongo_1135,0,0.001374
afroxlmr,clean,template,13,test_structural_all+norm,bongo_1136,1,0.998634
afroxlmr,clean,template,13,test_structural_all+norm,bongo_1138,1,0.998661
afroxlmr,clean,template,13,test_structural_all+norm,bongo_1140,1,0.998775
afroxlmr,clean,template,13,test_structural_all+norm,bongo_1154,1,0.998377
afroxlmr,clean,template,13,test_structural_all+norm,bongo_1155,0,0.001248
afroxlmr,clean,template,13,test_structural_all+norm,bongo_1171,1,0.998765
afroxlmr,clean,template,13,test_structural_all+norm,bongo_1181,1,0.998698
afroxlmr,clean,template,13,test_structural_all+norm,bongo_1185,1,0.006596
afroxlmr,clean,template,13,test_structural_all+norm,bongo_1194,0,0.001160
afroxlmr,clean,template,13,test_structural_all+norm,bongo_1195,1,0.006463
afroxlmr,clean,template,13,test_structural_all+norm,bongo_1198,0,0.001107
afroxlmr,clean,template,13,test_structural_all+norm,bongo_1204,1,0.015320
afroxlmr,clean,template,13,test_structural_all+norm,bongo_1220,1,0.998741
afroxlmr,clean,template,13,test_structural_all+norm,bongo_1233,1,0.998719
afroxlmr,clean,template,13,test_structural_all+norm,bongo_1236,0,0.001233
afroxlmr,clean,template,13,test_structural_all+norm,bongo_1240,1,0.004917
afroxlmr,clean,template,13,test_structural_all+norm,bongo_1244,0,0.001130
afroxlmr,clean,template,13,test_structural_all+norm,bongo_1249,0,0.001247
afroxlmr,clean,template,13,test_structural_all+norm,bongo_1253,0,0.004738
afroxlmr,clean,template,13,test_structural_all+norm,bongo_1260,0,0.001080
afroxlmr,clean,template,13,test_structural_all+norm,bongo_1262,0,0.002381
afroxlmr,clean,template,13,test_structural_all+norm,bongo_1278,1,0.006228
afroxlmr,clean,template,13,test_structural_all+norm,bongo_1285,0,0.001453
afroxlmr,clean,template,13,test_structural_all+norm,bongo_1293,1,0.998702
afroxlmr,clean,template,13,test_structural_all+norm,bongo_1316,0,0.001671
afroxlmr,clean,template,13,test_structural_all+norm,bongo_1327,1,0.006736
afroxlmr,clean,template,13,test_structural_all+norm,bongo_1330,0,0.002069
afroxlmr,clean,template,13,test_structural_all+norm,bongo_1359,0,0.001196
afroxlmr,clean,template,13,test_structural_all+norm,bongo_1375,0,0.001379
afroxlmr,clean,template,13,test_codeswitch_1+norm,bongo_0025,1,0.998713
afroxlmr,clean,template,13,test_codeswitch_1+norm,bongo_0029,0,0.002252
afroxlmr,clean,template,13,test_codeswitch_1+norm,bongo_0039,1,0.998771
afroxlmr,clean,template,13,test_codeswitch_1+norm,bongo_0047,1,0.998723
afroxlmr,clean,template,13,test_codeswitch_1+norm,bongo_0053,0,0.001284
afroxlmr,clean,template,13,test_codeswitch_1+norm,bongo_0055,1,0.002222
afroxlmr,clean,template,13,test_codeswitch_1+norm,bongo_0061,1,0.991511
afroxlmr,clean,template,13,test_codeswitch_1+norm,bongo_0097,0,0.001153
afroxlmr,clean,template,13,test_codeswitch_1+norm,bongo_0107,0,0.001240
afroxlmr,clean,template,13,test_codeswitch_1+norm,bongo_0110,0,0.002024
afroxlmr,clean,template,13,test_codeswitch_1+norm,bongo_0112,1,0.003913
afroxlmr,clean,template,13,test_codeswitch_1+norm,bongo_0115,0,0.001164
afroxlmr,clean,template,13,test_codeswitch_1+norm,bongo_0143,0,0.001076
afroxlmr,clean,template,13,test_codeswitch_1+norm,bongo_0146,1,0.998796
afroxlmr,clean,template,13,test_codeswitch_1+norm,bongo_0154,1,0.998811
afroxlmr,clean,template,13,test_codeswitch_1+norm,bongo_0159,1,0.840454
afroxlmr,clean,template,13,test_codeswitch_1+norm,bongo_0160,0,0.001252
afroxlmr,clean,template,13,test_codeswitch_1+norm,bongo_0172,0,0.002504
afroxlmr,clean,template,13,test_codeswitch_1+norm,bongo_0173,1,0.732029
afroxlmr,clean,template,13,test_codeswitch_1+norm,bongo_0175,0,0.002639
afroxlmr,clean,template,13,test_codeswitch_1+norm,bongo_0182,0,0.001301
afroxlmr,clean,template,13,test_codeswitch_1+norm,bongo_0195,1,0.998683
afroxlmr,clean,template,13,test_codeswitch_1+norm,bongo_0197,0,0.001128
afroxlmr,clean,template,13,test_codeswitch_1+norm,bongo_0201,1,0.998662
afroxlmr,clean,template,13,test_codeswitch_1+norm,bongo_0203,1,0.998774
afroxlmr,clean,template,13,test_codeswitch_1+norm,bongo_0250,1,0.004265
afroxlmr,clean,template,13,test_codeswitch_1+norm,bongo_0253,0,0.001094
afroxlmr,clean,template,13,test_codeswitch_1+norm,bongo_0255,1,0.003122
afroxlmr,clean,template,13,test_codeswitch_1+norm,bongo_0265,1,0.002099
afroxlmr,clean,template,13,test_codeswitch_1+norm,bongo_0271,0,0.001573
afroxlmr,clean,template,13,test_codeswitch_1+norm,bongo_0300,0,0.001272
afroxlmr,clean,template,13,test_codeswitch_1+norm,bongo_0306,0,0.001098
afroxlmr,clean,template,13,test_codeswitch_1+norm,bongo_0356,1,0.003171
afroxlmr,clean,template,13,test_codeswitch_1+norm,bongo_0360,1,0.998814
afroxlmr,clean,template,13,test_codeswitch_1+norm,bongo_0361,1,0.998775
afroxlmr,clean,template,13,test_codeswitch_1+norm,bongo_0363,0,0.001000
afroxlmr,clean,template,13,test_codeswitch_1+norm,bongo_0368,0,0.001134
afroxlmr,clean,template,13,test_codeswitch_1+norm,bongo_0372,0,0.001077
afroxlmr,clean,template,13,test_codeswitch_1+norm,bongo_0380,1,0.003595
afroxlmr,clean,template,13,test_codeswitch_1+norm,bongo_0389,0,0.001317
afroxlmr,clean,template,13,test_codeswitch_1+norm,bongo_0395,0,0.001781
afroxlmr,clean,template,13,test_codeswitch_1+norm,bongo_0405,1,0.998700
afroxlmr,clean,template,13,test_codeswitch_1+norm,bongo_0424,1,0.998699
afroxlmr,clean,template,13,test_codeswitch_1+norm,bongo_0427,0,0.001134
afroxlmr,clean,template,13,test_codeswitch_1+norm,bongo_0434,1,0.480684
afroxlmr,clean,template,13,test_codeswitch_1+norm,bongo_0463,0,0.001170
afroxlmr,clean,template,13,test_codeswitch_1+norm,bongo_0476,1,0.998682
afroxlmr,clean,template,13,test_codeswitch_1+norm,bongo_0510,1,0.998705
afroxlmr,clean,template,13,test_codeswitch_1+norm,bongo_0531,0,0.001301
afroxlmr,clean,template,13,test_codeswitch_1+norm,bongo_0542,0,0.001146
afroxlmr,clean,template,13,test_codeswitch_1+norm,bongo_0545,0,0.001121
afroxlmr,clean,template,13,test_codeswitch_1+norm,bongo_0560,1,0.997771
afroxlmr,clean,template,13,test_codeswitch_1+norm,bongo_0565,1,0.002656
afroxlmr,clean,template,13,test_codeswitch_1+norm,bongo_0566,1,0.998757
afroxlmr,clean,template,13,test_codeswitch_1+norm,bongo_0571,0,0.001602
afroxlmr,clean,template,13,test_codeswitch_1+norm,bongo_0577,1,0.998648
afroxlmr,clean,template,13,test_codeswitch_1+norm,bongo_0580,1,0.998640
afroxlmr,clean,template,13,test_codeswitch_1+norm,bongo_0621,1,0.998660
afroxlmr,clean,template,13,test_codeswitch_1+norm,bongo_0624,1,0.998777
afroxlmr,clean,template,13,test_codeswitch_1+norm,bongo_0630,0,0.001146
afroxlmr,clean,template,13,test_codeswitch_1+norm,bongo_0638,1,0.998789
afroxlmr,clean,template,13,test_codeswitch_1+norm,bongo_0648,0,0.001597
afroxlmr,clean,template,13,test_codeswitch_1+norm,bongo_0674,0,0.001150
afroxlmr,clean,template,13,test_codeswitch_1+norm,bongo_0685,0,0.001291
afroxlmr,clean,template,13,test_codeswitch_1+norm,bongo_0697,1,0.002894
afroxlmr,clean,template,13,test_codeswitch_1+norm,bongo_0701,0,0.001368
afroxlmr,clean,template,13,test_codeswitch_1+norm,bongo_0706,1,0.309501
afroxlmr,clean,template,13,test_codeswitch_1+norm,bongo_0719,1,0.809565
afroxlmr,clean,template,13,test_codeswitch_1+norm,bongo_0721,1,0.998536
afroxlmr,clean,template,13,test_codeswitch_1+norm,bongo_0724,1,0.002853
afroxlmr,clean,template,13,test_codeswitch_1+norm,bongo_0729,1,0.998669
afroxlmr,clean,template,13,test_codeswitch_1+norm,bongo_0741,0,0.001082
afroxlmr,clean,template,13,test_codeswitch_1+norm,bongo_0749,1,0.748525
afroxlmr,clean,template,13,test_codeswitch_1+norm,bongo_0769,1,0.998560
afroxlmr,clean,template,13,test_codeswitch_1+norm,bongo_0770,1,0.002526
afroxlmr,clean,template,13,test_codeswitch_1+norm,bongo_0778,1,0.001893
afroxlmr,clean,template,13,test_codeswitch_1+norm,bongo_0787,1,0.998820
afroxlmr,clean,template,13,test_codeswitch_1+norm,bongo_0795,0,0.001888
afroxlmr,clean,template,13,test_codeswitch_1+norm,bongo_0806,1,0.031465
afroxlmr,clean,template,13,test_codeswitch_1+norm,bongo_0807,1,0.998755
afroxlmr,clean,template,13,test_codeswitch_1+norm,bongo_0818,0,0.002183
afroxlmr,clean,template,13,test_codeswitch_1+norm,bongo_0819,0,0.001196
afroxlmr,clean,template,13,test_codeswitch_1+norm,bongo_0835,0,0.001090
afroxlmr,clean,template,13,test_codeswitch_1+norm,bongo_0840,1,0.998815
afroxlmr,clean,template,13,test_codeswitch_1+norm,bongo_0855,1,0.003949
afroxlmr,clean,template,13,test_codeswitch_1+norm,bongo_0856,0,0.001148
afroxlmr,clean,template,13,test_codeswitch_1+norm,bongo_0864,1,0.998785
afroxlmr,clean,template,13,test_codeswitch_1+norm,bongo_0871,1,0.998767
afroxlmr,clean,template,13,test_codeswitch_1+norm,bongo_0872,0,0.001263
afroxlmr,clean,template,13,test_codeswitch_1+norm,bongo_0904,0,0.001154
afroxlmr,clean,template,13,test_codeswitch_1+norm,bongo_0905,1,0.998779
afroxlmr,clean,template,13,test_codeswitch_1+norm,bongo_0909,1,0.998707
afroxlmr,clean,template,13,test_codeswitch_1+norm,bongo_0917,1,0.002978
afroxlmr,clean,template,13,test_codeswitch_1+norm,bongo_0918,1,0.998725
afroxlmr,clean,template,13,test_codeswitch_1+norm,bongo_0950,0,0.001346
afroxlmr,clean,template,13,test_codeswitch_1+norm,bongo_0955,1,0.998814
afroxlmr,clean,template,13,test_codeswitch_1+norm,bongo_0956,0,0.001234
afroxlmr,clean,template,13,test_codeswitch_1+norm,bongo_0971,0,0.001087
afroxlmr,clean,template,13,test_codeswitch_1+norm,bongo_0983,0,0.001099
afroxlmr,clean,template,13,test_codeswitch_1+norm,bongo_0989,1,0.998763
afroxlmr,clean,template,13,test_codeswitch_1+norm,bongo_0994,0,0.001217
afroxlmr,clean,template,13,test_codeswitch_1+norm,bongo_1003,1,0.997086
afroxlmr,clean,template,13,test_codeswitch_1+norm,bongo_1006,0,0.001115
afroxlmr,clean,template,13,test_codeswitch_1+norm,bongo_1012,1,0.002473
afroxlmr,clean,template,13,test_codeswitch_1+norm,bongo_1015,0,0.001047
afroxlmr,clean,template,13,test_codeswitch_1+norm,bongo_1022,1,0.002448
afroxlmr,clean,template,13,test_codeswitch_1+norm,bongo_1037,0,0.001123
afroxlmr,clean,template,13,test_codeswitch_1+norm,bongo_1040,0,0.001238
afroxlmr,clean,template,13,test_codeswitch_1+norm,bongo_1042,1,0.998741
afroxlmr,clean,template,13,test_codeswitch_1+norm,bongo_1047,1,0.998770
afroxlmr,clean,template,13,test_codeswitch_1+norm,bongo_1050,0,0.001298
afroxlmr,clean,template,13,test_codeswitch_1+norm,bongo_1052,1,0.998681
afroxlmr,clean,template,13,test_codeswitch_1+norm,bongo_1059,0,0.001738
afroxlmr,clean,template,13,test_codeswitch_1+norm,bongo_1071,0,0.001579
afroxlmr,clean,template,13,test_codeswitch_1+norm,bongo_1090,0,0.002337
afroxlmr,clean,template,13,test_codeswitch_1+norm,bongo_1104,1,0.998792
afroxlmr,clean,template,13,test_codeswitch_1+norm,bongo_1115,0,0.001107
afroxlmr,clean,template,13,test_codeswitch_1+norm,bongo_1123,0,0.001220
afroxlmr,clean,template,13,test_codeswitch_1+norm,bongo_1125,0,0.002226
afroxlmr,clean,template,13,test_codeswitch_1+norm,bongo_1127,1,0.151273
afroxlmr,clean,template,13,test_codeswitch_1+norm,bongo_1131,1,0.998451
afroxlmr,clean,template,13,test_codeswitch_1+norm,bongo_1134,1,0.032473
afroxlmr,clean,template,13,test_codeswitch_1+norm,bongo_1135,0,0.001374
afroxlmr,clean,template,13,test_codeswitch_1+norm,bongo_1136,1,0.998742
afroxlmr,clean,template,13,test_codeswitch_1+norm,bongo_1138,1,0.998784
afroxlmr,clean,template,13,test_codeswitch_1+norm,bongo_1140,1,0.998746
afroxlmr,clean,template,13,test_codeswitch_1+norm,bongo_1154,1,0.998704
afroxlmr,clean,template,13,test_codeswitch_1+norm,bongo_1155,0,0.001248
afroxlmr,clean,template,13,test_codeswitch_1+norm,bongo_1171,1,0.998769
afroxlmr,clean,template,13,test_codeswitch_1+norm,bongo_1181,1,0.998645
afroxlmr,clean,template,13,test_codeswitch_1+norm,bongo_1185,1,0.001927
afroxlmr,clean,template,13,test_codeswitch_1+norm,bongo_1194,0,0.001160
afroxlmr,clean,template,13,test_codeswitch_1+norm,bongo_1195,1,0.002414
afroxlmr,clean,template,13,test_codeswitch_1+norm,bongo_1198,0,0.001107
afroxlmr,clean,template,13,test_codeswitch_1+norm,bongo_1204,1,0.003348
afroxlmr,clean,template,13,test_codeswitch_1+norm,bongo_1220,1,0.998826
afroxlmr,clean,template,13,test_codeswitch_1+norm,bongo_1233,1,0.998785
afroxlmr,clean,template,13,test_codeswitch_1+norm,bongo_1236,0,0.001233
afroxlmr,clean,template,13,test_codeswitch_1+norm,bongo_1240,1,0.003143
afroxlmr,clean,template,13,test_codeswitch_1+norm,bongo_1244,0,0.001130
afroxlmr,clean,template,13,test_codeswitch_1+norm,bongo_1249,0,0.001247
afroxlmr,clean,template,13,test_codeswitch_1+norm,bongo_1253,0,0.004738
afroxlmr,clean,template,13,test_codeswitch_1+norm,bongo_1260,0,0.001080
afroxlmr,clean,template,13,test_codeswitch_1+norm,bongo_1262,0,0.002381
afroxlmr,clean,template,13,test_codeswitch_1+norm,bongo_1278,1,0.002413
afroxlmr,clean,template,13,test_codeswitch_1+norm,bongo_1285,0,0.001453
afroxlmr,clean,template,13,test_codeswitch_1+norm,bongo_1293,1,0.998728
afroxlmr,clean,template,13,test_codeswitch_1+norm,bongo_1316,0,0.001671
afroxlmr,clean,template,13,test_codeswitch_1+norm,bongo_1327,1,0.001854
afroxlmr,clean,template,13,test_codeswitch_1+norm,bongo_1330,0,0.002069
afroxlmr,clean,template,13,test_codeswitch_1+norm,bongo_1359,0,0.001196
afroxlmr,clean,template,13,test_codeswitch_1+norm,bongo_1375,0,0.001379
afroxlmr,clean,template,13,test_codeswitch_3+norm,bongo_0025,1,0.998667
afroxlmr,clean,template,13,test_codeswitch_3+norm,bongo_0029,0,0.002252
afroxlmr,clean,template,13,test_codeswitch_3+norm,bongo_0039,1,0.998773
afroxlmr,clean,template,13,test_codeswitch_3+norm,bongo_0047,1,0.998723
afroxlmr,clean,template,13,test_codeswitch_3+norm,bongo_0053,0,0.001284
afroxlmr,clean,template,13,test_codeswitch_3+norm,bongo_0055,1,0.002225
afroxlmr,clean,template,13,test_codeswitch_3+norm,bongo_0061,1,0.991511
afroxlmr,clean,template,13,test_codeswitch_3+norm,bongo_0097,0,0.001153
afroxlmr,clean,template,13,test_codeswitch_3+norm,bongo_0107,0,0.001240
afroxlmr,clean,template,13,test_codeswitch_3+norm,bongo_0110,0,0.002024
afroxlmr,clean,template,13,test_codeswitch_3+norm,bongo_0112,1,0.004872
afroxlmr,clean,template,13,test_codeswitch_3+norm,bongo_0115,0,0.001164
afroxlmr,clean,template,13,test_codeswitch_3+norm,bongo_0143,0,0.001076
afroxlmr,clean,template,13,test_codeswitch_3+norm,bongo_0146,1,0.998753
afroxlmr,clean,template,13,test_codeswitch_3+norm,bongo_0154,1,0.998721
afroxlmr,clean,template,13,test_codeswitch_3+norm,bongo_0159,1,0.807967
afroxlmr,clean,template,13,test_codeswitch_3+norm,bongo_0160,0,0.001252
afroxlmr,clean,template,13,test_codeswitch_3+norm,bongo_0172,0,0.002504
afroxlmr,clean,template,13,test_codeswitch_3+norm,bongo_0173,1,0.857794
afroxlmr,clean,template,13,test_codeswitch_3+norm,bongo_0175,0,0.002639
afroxlmr,clean,template,13,test_codeswitch_3+norm,bongo_0182,0,0.001301
afroxlmr,clean,template,13,test_codeswitch_3+norm,bongo_0195,1,0.998683
afroxlmr,clean,template,13,test_codeswitch_3+norm,bongo_0197,0,0.001128
afroxlmr,clean,template,13,test_codeswitch_3+norm,bongo_0201,1,0.998669
afroxlmr,clean,template,13,test_codeswitch_3+norm,bongo_0203,1,0.998736
afroxlmr,clean,template,13,test_codeswitch_3+norm,bongo_0250,1,0.003521
afroxlmr,clean,template,13,test_codeswitch_3+norm,bongo_0253,0,0.001094
afroxlmr,clean,template,13,test_codeswitch_3+norm,bongo_0255,1,0.003261
afroxlmr,clean,template,13,test_codeswitch_3+norm,bongo_0265,1,0.002061
afroxlmr,clean,template,13,test_codeswitch_3+norm,bongo_0271,0,0.001573
afroxlmr,clean,template,13,test_codeswitch_3+norm,bongo_0300,0,0.001272
afroxlmr,clean,template,13,test_codeswitch_3+norm,bongo_0306,0,0.001098
afroxlmr,clean,template,13,test_codeswitch_3+norm,bongo_0356,1,0.003790
afroxlmr,clean,template,13,test_codeswitch_3+norm,bongo_0360,1,0.998806
afroxlmr,clean,template,13,test_codeswitch_3+norm,bongo_0361,1,0.998758
afroxlmr,clean,template,13,test_codeswitch_3+norm,bongo_0363,0,0.001000
afroxlmr,clean,template,13,test_codeswitch_3+norm,bongo_0368,0,0.001134
afroxlmr,clean,template,13,test_codeswitch_3+norm,bongo_0372,0,0.001077
afroxlmr,clean,template,13,test_codeswitch_3+norm,bongo_0380,1,0.003870
afroxlmr,clean,template,13,test_codeswitch_3+norm,bongo_0389,0,0.001317
afroxlmr,clean,template,13,test_codeswitch_3+norm,bongo_0395,0,0.001781
afroxlmr,clean,template,13,test_codeswitch_3+norm,bongo_0405,1,0.998659
afroxlmr,clean,template,13,test_codeswitch_3+norm,bongo_0424,1,0.998688
afroxlmr,clean,template,13,test_codeswitch_3+norm,bongo_0427,0,0.001134
afroxlmr,clean,template,13,test_codeswitch_3+norm,bongo_0434,1,0.318581
afroxlmr,clean,template,13,test_codeswitch_3+norm,bongo_0463,0,0.001170
afroxlmr,clean,template,13,test_codeswitch_3+norm,bongo_0476,1,0.998682
afroxlmr,clean,template,13,test_codeswitch_3+norm,bongo_0510,1,0.998671
afroxlmr,clean,template,13,test_codeswitch_3+norm,bongo_0531,0,0.001301
afroxlmr,clean,template,13,test_codeswitch_3+norm,bongo_0542,0,0.001146
afroxlmr,clean,template,13,test_codeswitch_3+norm,bongo_0545,0,0.001121
afroxlmr,clean,template,13,test_codeswitch_3+norm,bongo_0560,1,0.997771
afroxlmr,clean,template,13,test_codeswitch_3+norm,bongo_0565,1,0.003211
afroxlmr,clean,template,13,test_codeswitch_3+norm,bongo_0566,1,0.998723
afroxlmr,clean,template,13,test_codeswitch_3+norm,bongo_0571,0,0.001602
afroxlmr,clean,template,13,test_codeswitch_3+norm,bongo_0577,1,0.998658
afroxlmr,clean,template,13,test_codeswitch_3+norm,bongo_0580,1,0.998640
afroxlmr,clean,template,13,test_codeswitch_3+norm,bongo_0621,1,0.998619
afroxlmr,clean,template,13,test_codeswitch_3+norm,bongo_0624,1,0.998731
afroxlmr,clean,template,13,test_codeswitch_3+norm,bongo_0630,0,0.001146
afroxlmr,clean,template,13,test_codeswitch_3+norm,bongo_0638,1,0.998715
afroxlmr,clean,template,13,test_codeswitch_3+norm,bongo_0648,0,0.001597
afroxlmr,clean,template,13,test_codeswitch_3+norm,bongo_0674,0,0.001150
afroxlmr,clean,template,13,test_codeswitch_3+norm,bongo_0685,0,0.001291
afroxlmr,clean,template,13,test_codeswitch_3+norm,bongo_0697,1,0.003837
afroxlmr,clean,template,13,test_codeswitch_3+norm,bongo_0701,0,0.001368
afroxlmr,clean,template,13,test_codeswitch_3+norm,bongo_0706,1,0.296326
afroxlmr,clean,template,13,test_codeswitch_3+norm,bongo_0719,1,0.909014
afroxlmr,clean,template,13,test_codeswitch_3+norm,bongo_0721,1,0.998571
afroxlmr,clean,template,13,test_codeswitch_3+norm,bongo_0724,1,0.003407
afroxlmr,clean,template,13,test_codeswitch_3+norm,bongo_0729,1,0.998669
afroxlmr,clean,template,13,test_codeswitch_3+norm,bongo_0741,0,0.001082
afroxlmr,clean,template,13,test_codeswitch_3+norm,bongo_0749,1,0.762482
afroxlmr,clean,template,13,test_codeswitch_3+norm,bongo_0769,1,0.998567
afroxlmr,clean,template,13,test_codeswitch_3+norm,bongo_0770,1,0.002996
afroxlmr,clean,template,13,test_codeswitch_3+norm,bongo_0778,1,0.002139
afroxlmr,clean,template,13,test_codeswitch_3+norm,bongo_0787,1,0.998811
afroxlmr,clean,template,13,test_codeswitch_3+norm,bongo_0795,0,0.001888
afroxlmr,clean,template,13,test_codeswitch_3+norm,bongo_0806,1,0.021586
afroxlmr,clean,template,13,test_codeswitch_3+norm,bongo_0807,1,0.998708
afroxlmr,clean,template,13,test_codeswitch_3+norm,bongo_0818,0,0.002183
afroxlmr,clean,template,13,test_codeswitch_3+norm,bongo_0819,0,0.001196
afroxlmr,clean,template,13,test_codeswitch_3+norm,bongo_0835,0,0.001090
afroxlmr,clean,template,13,test_codeswitch_3+norm,bongo_0840,1,0.998820
afroxlmr,clean,template,13,test_codeswitch_3+norm,bongo_0855,1,0.005102
afroxlmr,clean,template,13,test_codeswitch_3+norm,bongo_0856,0,0.001148
afroxlmr,clean,template,13,test_codeswitch_3+norm,bongo_0864,1,0.998801
afroxlmr,clean,template,13,test_codeswitch_3+norm,bongo_0871,1,0.998743
afroxlmr,clean,template,13,test_codeswitch_3+norm,bongo_0872,0,0.001263
afroxlmr,clean,template,13,test_codeswitch_3+norm,bongo_0904,0,0.001154
afroxlmr,clean,template,13,test_codeswitch_3+norm,bongo_0905,1,0.998782
afroxlmr,clean,template,13,test_codeswitch_3+norm,bongo_0909,1,0.998690
afroxlmr,clean,template,13,test_codeswitch_3+norm,bongo_0917,1,0.002567
afroxlmr,clean,template,13,test_codeswitch_3+norm,bongo_0918,1,0.998686
afroxlmr,clean,template,13,test_codeswitch_3+norm,bongo_0950,0,0.001346
afroxlmr,clean,template,13,test_codeswitch_3+norm,bongo_0955,1,0.998814
afroxlmr,clean,template,13,test_codeswitch_3+norm,bongo_0956,0,0.001234
afroxlmr,clean,template,13,test_codeswitch_3+norm,bongo_0971,0,0.001087
afroxlmr,clean,template,13,test_codeswitch_3+norm,bongo_0983,0,0.001099
afroxlmr,clean,template,13,test_codeswitch_3+norm,bongo_0989,1,0.998743
afroxlmr,clean,template,13,test_codeswitch_3+norm,bongo_0994,0,0.001217
afroxlmr,clean,template,13,test_codeswitch_3+norm,bongo_1003,1,0.997086
afroxlmr,clean,template,13,test_codeswitch_3+norm,bongo_1006,0,0.001115
afroxlmr,clean,template,13,test_codeswitch_3+norm,bongo_1012,1,0.002764
afroxlmr,clean,template,13,test_codeswitch_3+norm,bongo_1015,0,0.001047
afroxlmr,clean,template,13,test_codeswitch_3+norm,bongo_1022,1,0.002601
afroxlmr,clean,template,13,test_codeswitch_3+norm,bongo_1037,0,0.001123
afroxlmr,clean,template,13,test_codeswitch_3+norm,bongo_1040,0,0.001238
afroxlmr,clean,template,13,test_codeswitch_3+norm,bongo_1042,1,0.998716
afroxlmr,clean,template,13,test_codeswitch_3+norm,bongo_1047,1,0.998763
afroxlmr,clean,template,13,test_codeswitch_3+norm,bongo_1050,0,0.001298
afroxlmr,clean,template,13,test_codeswitch_3+norm,bongo_1052,1,0.998643
afroxlmr,clean,template,13,test_codeswitch_3+norm,bongo_1059,0,0.001738
afroxlmr,clean,template,13,test_codeswitch_3+norm,bongo_1071,0,0.001579
afroxlmr,clean,template,13,test_codeswitch_3+norm,bongo_1090,0,0.002337
afroxlmr,clean,template,13,test_codeswitch_3+norm,bongo_1104,1,0.998779
afroxlmr,clean,template,13,test_codeswitch_3+norm,bongo_1115,0,0.001107
afroxlmr,clean,template,13,test_codeswitch_3+norm,bongo_1123,0,0.001220
afroxlmr,clean,template,13,test_codeswitch_3+norm,bongo_1125,0,0.002226
afroxlmr,clean,template,13,test_codeswitch_3+norm,bongo_1127,1,0.249120
afroxlmr,clean,template,13,test_codeswitch_3+norm,bongo_1131,1,0.998701
afroxlmr,clean,template,13,test_codeswitch_3+norm,bongo_1134,1,0.015161
afroxlmr,clean,template,13,test_codeswitch_3+norm,bongo_1135,0,0.001374
afroxlmr,clean,template,13,test_codeswitch_3+norm,bongo_1136,1,0.998742
afroxlmr,clean,template,13,test_codeswitch_3+norm,bongo_1138,1,0.998790
afroxlmr,clean,template,13,test_codeswitch_3+norm,bongo_1140,1,0.998723
afroxlmr,clean,template,13,test_codeswitch_3+norm,bongo_1154,1,0.998732
afroxlmr,clean,template,13,test_codeswitch_3+norm,bongo_1155,0,0.001248
afroxlmr,clean,template,13,test_codeswitch_3+norm,bongo_1171,1,0.998770
afroxlmr,clean,template,13,test_codeswitch_3+norm,bongo_1181,1,0.998645
afroxlmr,clean,template,13,test_codeswitch_3+norm,bongo_1185,1,0.002444
afroxlmr,clean,template,13,test_codeswitch_3+norm,bongo_1194,0,0.001160
afroxlmr,clean,template,13,test_codeswitch_3+norm,bongo_1195,1,0.004151
afroxlmr,clean,template,13,test_codeswitch_3+norm,bongo_1198,0,0.001107
afroxlmr,clean,template,13,test_codeswitch_3+norm,bongo_1204,1,0.003261
afroxlmr,clean,template,13,test_codeswitch_3+norm,bongo_1220,1,0.998827
afroxlmr,clean,template,13,test_codeswitch_3+norm,bongo_1233,1,0.998736
afroxlmr,clean,template,13,test_codeswitch_3+norm,bongo_1236,0,0.001233
afroxlmr,clean,template,13,test_codeswitch_3+norm,bongo_1240,1,0.003795
afroxlmr,clean,template,13,test_codeswitch_3+norm,bongo_1244,0,0.001130
afroxlmr,clean,template,13,test_codeswitch_3+norm,bongo_1249,0,0.001247
afroxlmr,clean,template,13,test_codeswitch_3+norm,bongo_1253,0,0.004738
afroxlmr,clean,template,13,test_codeswitch_3+norm,bongo_1260,0,0.001080
afroxlmr,clean,template,13,test_codeswitch_3+norm,bongo_1262,0,0.002381
afroxlmr,clean,template,13,test_codeswitch_3+norm,bongo_1278,1,0.002673
afroxlmr,clean,template,13,test_codeswitch_3+norm,bongo_1285,0,0.001453
afroxlmr,clean,template,13,test_codeswitch_3+norm,bongo_1293,1,0.998742
afroxlmr,clean,template,13,test_codeswitch_3+norm,bongo_1316,0,0.001671
afroxlmr,clean,template,13,test_codeswitch_3+norm,bongo_1327,1,0.002134
afroxlmr,clean,template,13,test_codeswitch_3+norm,bongo_1330,0,0.002069
afroxlmr,clean,template,13,test_codeswitch_3+norm,bongo_1359,0,0.001196
afroxlmr,clean,template,13,test_codeswitch_3+norm,bongo_1375,0,0.001379
afroxlmr,clean,template,13,test_codeswitch_all+norm,bongo_0025,1,0.998667
afroxlmr,clean,template,13,test_codeswitch_all+norm,bongo_0029,0,0.002252
afroxlmr,clean,template,13,test_codeswitch_all+norm,bongo_0039,1,0.998773
afroxlmr,clean,template,13,test_codeswitch_all+norm,bongo_0047,1,0.998723
afroxlmr,clean,template,13,test_codeswitch_all+norm,bongo_0053,0,0.001284
afroxlmr,clean,template,13,test_codeswitch_all+norm,bongo_0055,1,0.002225
afroxlmr,clean,template,13,test_codeswitch_all+norm,bongo_0061,1,0.991511
afroxlmr,clean,template,13,test_codeswitch_all+norm,bongo_0097,0,0.001153
afroxlmr,clean,template,13,test_codeswitch_all+norm,bongo_0107,0,0.001240
afroxlmr,clean,template,13,test_codeswitch_all+norm,bongo_0110,0,0.002024
afroxlmr,clean,template,13,test_codeswitch_all+norm,bongo_0112,1,0.004872
afroxlmr,clean,template,13,test_codeswitch_all+norm,bongo_0115,0,0.001164
afroxlmr,clean,template,13,test_codeswitch_all+norm,bongo_0143,0,0.001076
afroxlmr,clean,template,13,test_codeswitch_all+norm,bongo_0146,1,0.998736
afroxlmr,clean,template,13,test_codeswitch_all+norm,bongo_0154,1,0.998721
afroxlmr,clean,template,13,test_codeswitch_all+norm,bongo_0159,1,0.807967
afroxlmr,clean,template,13,test_codeswitch_all+norm,bongo_0160,0,0.001252
afroxlmr,clean,template,13,test_codeswitch_all+norm,bongo_0172,0,0.002504
afroxlmr,clean,template,13,test_codeswitch_all+norm,bongo_0173,1,0.857794
afroxlmr,clean,template,13,test_codeswitch_all+norm,bongo_0175,0,0.002639
afroxlmr,clean,template,13,test_codeswitch_all+norm,bongo_0182,0,0.001301
afroxlmr,clean,template,13,test_codeswitch_all+norm,bongo_0195,1,0.998683
afroxlmr,clean,template,13,test_codeswitch_all+norm,bongo_0197,0,0.001128
afroxlmr,clean,template,13,test_codeswitch_all+norm,bongo_0201,1,0.998694
afroxlmr,clean,template,13,test_codeswitch_all+norm,bongo_0203,1,0.998726
afroxlmr,clean,template,13,test_codeswitch_all+norm,bongo_0250,1,0.003521
afroxlmr,clean,template,13,test_codeswitch_all+norm,bongo_0253,0,0.001094
afroxlmr,clean,template,13,test_codeswitch_all+norm,bongo_0255,1,0.003261
afroxlmr,clean,template,13,test_codeswitch_all+norm,bongo_0265,1,0.002061
afroxlmr,clean,template,13,test_codeswitch_all+norm,bongo_0271,0,0.001573
afroxlmr,clean,template,13,test_codeswitch_all+norm,bongo_0300,0,0.001272
afroxlmr,clean,template,13,test_codeswitch_all+norm,bongo_0306,0,0.001098
afroxlmr,clean,template,13,test_codeswitch_all+norm,bongo_0356,1,0.003790
afroxlmr,clean,template,13,test_codeswitch_all+norm,bongo_0360,1,0.998759
afroxlmr,clean,template,13,test_codeswitch_all+norm,bongo_0361,1,0.998745
afroxlmr,clean,template,13,test_codeswitch_all+norm,bongo_0363,0,0.001000
afroxlmr,clean,template,13,test_codeswitch_all+norm,bongo_0368,0,0.001134
afroxlmr,clean,template,13,test_codeswitch_all+norm,bongo_0372,0,0.001077
afroxlmr,clean,template,13,test_codeswitch_all+norm,bongo_0380,1,0.003870
afroxlmr,clean,template,13,test_codeswitch_all+norm,bongo_0389,0,0.001317
afroxlmr,clean,template,13,test_codeswitch_all+norm,bongo_0395,0,0.001781
afroxlmr,clean,template,13,test_codeswitch_all+norm,bongo_0405,1,0.998659
afroxlmr,clean,template,13,test_codeswitch_all+norm,bongo_0424,1,0.998720
afroxlmr,clean,template,13,test_codeswitch_all+norm,bongo_0427,0,0.001134
afroxlmr,clean,template,13,test_codeswitch_all+norm,bongo_0434,1,0.318581
afroxlmr,clean,template,13,test_codeswitch_all+norm,bongo_0463,0,0.001170
afroxlmr,clean,template,13,test_codeswitch_all+norm,bongo_0476,1,0.998682
afroxlmr,clean,template,13,test_codeswitch_all+norm,bongo_0510,1,0.998671
afroxlmr,clean,template,13,test_codeswitch_all+norm,bongo_0531,0,0.001301
afroxlmr,clean,template,13,test_codeswitch_all+norm,bongo_0542,0,0.001146
afroxlmr,clean,template,13,test_codeswitch_all+norm,bongo_0545,0,0.001121
afroxlmr,clean,template,13,test_codeswitch_all+norm,bongo_0560,1,0.997771
afroxlmr,clean,template,13,test_codeswitch_all+norm,bongo_0565,1,0.003211
afroxlmr,clean,template,13,test_codeswitch_all+norm,bongo_0566,1,0.998725
afroxlmr,clean,template,13,test_codeswitch_all+norm,bongo_0571,0,0.001602
afroxlmr,clean,template,13,test_codeswitch_all+norm,bongo_0577,1,0.998658
afroxlmr,clean,template,13,test_codeswitch_all+norm,bongo_0580,1,0.998640
afroxlmr,clean,template,13,test_codeswitch_all+norm,bongo_0621,1,0.998619
afroxlmr,clean,template,13,test_codeswitch_all+norm,bongo_0624,1,0.998731
afroxlmr,clean,template,13,test_codeswitch_all+norm,bongo_0630,0,0.001146
afroxlmr,clean,template,13,test_codeswitch_all+norm,bongo_0638,1,0.998721
afroxlmr,clean,template,13,test_codeswitch_all+norm,bongo_0648,0,0.001597
afroxlmr,clean,template,13,test_codeswitch_all+norm,bongo_0674,0,0.001150
afroxlmr,clean,template,13,test_codeswitch_all+norm,bongo_0685,0,0.001291
afroxlmr,clean,template,13,test_codeswitch_all+norm,bongo_0697,1,0.003837
afroxlmr,clean,template,13,test_codeswitch_all+norm,bongo_0701,0,0.001368
afroxlmr,clean,template,13,test_codeswitch_all+norm,bongo_0706,1,0.296326
afroxlmr,clean,template,13,test_codeswitch_all+norm,bongo_0719,1,0.909014
afroxlmr,clean,template,13,test_codeswitch_all+norm,bongo_0721,1,0.998571
afroxlmr,clean,template,13,test_codeswitch_all+norm,bongo_0724,1,0.003407
afroxlmr,clean,template,13,test_codeswitch_all+norm,bongo_0729,1,0.998669
afroxlmr,clean,template,13,test_codeswitch_all+norm,bongo_0741,0,0.001082
afroxlmr,clean,template,13,test_codeswitch_all+norm,bongo_0749,1,0.762482
afroxlmr,clean,template,13,test_codeswitch_all+norm,bongo_0769,1,0.998567
afroxlmr,clean,template,13,test_codeswitch_all+norm,bongo_0770,1,0.002996
afroxlmr,clean,template,13,test_codeswitch_all+norm,bongo_0778,1,0.002139
afroxlmr,clean,template,13,test_codeswitch_all+norm,bongo_0787,1,0.998770
afroxlmr,clean,template,13,test_codeswitch_all+norm,bongo_0795,0,0.001888
afroxlmr,clean,template,13,test_codeswitch_all+norm,bongo_0806,1,0.021586
afroxlmr,clean,template,13,test_codeswitch_all+norm,bongo_0807,1,0.998708
afroxlmr,clean,template,13,test_codeswitch_all+norm,bongo_0818,0,0.002183
afroxlmr,clean,template,13,test_codeswitch_all+norm,bongo_0819,0,0.001196
afroxlmr,clean,template,13,test_codeswitch_all+norm,bongo_0835,0,0.001090
afroxlmr,clean,template,13,test_codeswitch_all+norm,bongo_0840,1,0.998781
afroxlmr,clean,template,13,test_codeswitch_all+norm,bongo_0855,1,0.005102
afroxlmr,clean,template,13,test_codeswitch_all+norm,bongo_0856,0,0.001148
afroxlmr,clean,template,13,test_codeswitch_all+norm,bongo_0864,1,0.998801
afroxlmr,clean,template,13,test_codeswitch_all+norm,bongo_0871,1,0.998743
afroxlmr,clean,template,13,test_codeswitch_all+norm,bongo_0872,0,0.001263
afroxlmr,clean,template,13,test_codeswitch_all+norm,bongo_0904,0,0.001154
afroxlmr,clean,template,13,test_codeswitch_all+norm,bongo_0905,1,0.998782
afroxlmr,clean,template,13,test_codeswitch_all+norm,bongo_0909,1,0.998690
afroxlmr,clean,template,13,test_codeswitch_all+norm,bongo_0917,1,0.002567
afroxlmr,clean,template,13,test_codeswitch_all+norm,bongo_0918,1,0.998686
afroxlmr,clean,template,13,test_codeswitch_all+norm,bongo_0950,0,0.001346
afroxlmr,clean,template,13,test_codeswitch_all+norm,bongo_0955,1,0.998822
afroxlmr,clean,template,13,test_codeswitch_all+norm,bongo_0956,0,0.001234
afroxlmr,clean,template,13,test_codeswitch_all+norm,bongo_0971,0,0.001087
afroxlmr,clean,template,13,test_codeswitch_all+norm,bongo_0983,0,0.001099
afroxlmr,clean,template,13,test_codeswitch_all+norm,bongo_0989,1,0.998743
afroxlmr,clean,template,13,test_codeswitch_all+norm,bongo_0994,0,0.001217
afroxlmr,clean,template,13,test_codeswitch_all+norm,bongo_1003,1,0.997086
afroxlmr,clean,template,13,test_codeswitch_all+norm,bongo_1006,0,0.001115
afroxlmr,clean,template,13,test_codeswitch_all+norm,bongo_1012,1,0.002764
afroxlmr,clean,template,13,test_codeswitch_all+norm,bongo_1015,0,0.001047
afroxlmr,clean,template,13,test_codeswitch_all+norm,bongo_1022,1,0.002601
afroxlmr,clean,template,13,test_codeswitch_all+norm,bongo_1037,0,0.001123
afroxlmr,clean,template,13,test_codeswitch_all+norm,bongo_1040,0,0.001238
afroxlmr,clean,template,13,test_codeswitch_all+norm,bongo_1042,1,0.998696
afroxlmr,clean,template,13,test_codeswitch_all+norm,bongo_1047,1,0.998763
afroxlmr,clean,template,13,test_codeswitch_all+norm,bongo_1050,0,0.001298
afroxlmr,clean,template,13,test_codeswitch_all+norm,bongo_1052,1,0.998643
afroxlmr,clean,template,13,test_codeswitch_all+norm,bongo_1059,0,0.001738
afroxlmr,clean,template,13,test_codeswitch_all+norm,bongo_1071,0,0.001579
afroxlmr,clean,template,13,test_codeswitch_all+norm,bongo_1090,0,0.002337
afroxlmr,clean,template,13,test_codeswitch_all+norm,bongo_1104,1,0.998794
afroxlmr,clean,template,13,test_codeswitch_all+norm,bongo_1115,0,0.001107
afroxlmr,clean,template,13,test_codeswitch_all+norm,bongo_1123,0,0.001220
afroxlmr,clean,template,13,test_codeswitch_all+norm,bongo_1125,0,0.002226
afroxlmr,clean,template,13,test_codeswitch_all+norm,bongo_1127,1,0.249120
afroxlmr,clean,template,13,test_codeswitch_all+norm,bongo_1131,1,0.998727
afroxlmr,clean,template,13,test_codeswitch_all+norm,bongo_1134,1,0.015161
afroxlmr,clean,template,13,test_codeswitch_all+norm,bongo_1135,0,0.001374
afroxlmr,clean,template,13,test_codeswitch_all+norm,bongo_1136,1,0.998742
afroxlmr,clean,template,13,test_codeswitch_all+norm,bongo_1138,1,0.998790
afroxlmr,clean,template,13,test_codeswitch_all+norm,bongo_1140,1,0.998723
afroxlmr,clean,template,13,test_codeswitch_all+norm,bongo_1154,1,0.998707
afroxlmr,clean,template,13,test_codeswitch_all+norm,bongo_1155,0,0.001248
afroxlmr,clean,template,13,test_codeswitch_all+norm,bongo_1171,1,0.998793
afroxlmr,clean,template,13,test_codeswitch_all+norm,bongo_1181,1,0.998645
afroxlmr,clean,template,13,test_codeswitch_all+norm,bongo_1185,1,0.002444
afroxlmr,clean,template,13,test_codeswitch_all+norm,bongo_1194,0,0.001160
afroxlmr,clean,template,13,test_codeswitch_all+norm,bongo_1195,1,0.004151
afroxlmr,clean,template,13,test_codeswitch_all+norm,bongo_1198,0,0.001107
afroxlmr,clean,template,13,test_codeswitch_all+norm,bongo_1204,1,0.003261
afroxlmr,clean,template,13,test_codeswitch_all+norm,bongo_1220,1,0.998827
afroxlmr,clean,template,13,test_codeswitch_all+norm,bongo_1233,1,0.998733
afroxlmr,clean,template,13,test_codeswitch_all+norm,bongo_1236,0,0.001233
afroxlmr,clean,template,13,test_codeswitch_all+norm,bongo_1240,1,0.003795
afroxlmr,clean,template,13,test_codeswitch_all+norm,bongo_1244,0,0.001130
afroxlmr,clean,template,13,test_codeswitch_all+norm,bongo_1249,0,0.001247
afroxlmr,clean,template,13,test_codeswitch_all+norm,bongo_1253,0,0.004738
afroxlmr,clean,template,13,test_codeswitch_all+norm,bongo_1260,0,0.001080
afroxlmr,clean,template,13,test_codeswitch_all+norm,bongo_1262,0,0.002381
afroxlmr,clean,template,13,test_codeswitch_all+norm,bongo_1278,1,0.002673
afroxlmr,clean,template,13,test_codeswitch_all+norm,bongo_1285,0,0.001453
afroxlmr,clean,template,13,test_codeswitch_all+norm,bongo_1293,1,0.998735
afroxlmr,clean,template,13,test_codeswitch_all+norm,bongo_1316,0,0.001671
afroxlmr,clean,template,13,test_codeswitch_all+norm,bongo_1327,1,0.002134
afroxlmr,clean,template,13,test_codeswitch_all+norm,bongo_1330,0,0.002069
afroxlmr,clean,template,13,test_codeswitch_all+norm,bongo_1359,0,0.001196
afroxlmr,clean,template,13,test_codeswitch_all+norm,bongo_1375,0,0.001379
afroxlmr,clean,template,13,chichewa+norm,chi_0000,1,0.998585
afroxlmr,clean,template,13,chichewa+norm,chi_0001,1,0.998669
afroxlmr,clean,template,13,chichewa+norm,chi_0002,0,0.007181
afroxlmr,clean,template,13,chichewa+norm,chi_0003,0,0.997837
afroxlmr,clean,template,13,chichewa+norm,chi_0004,1,0.998523
afroxlmr,clean,template,13,chichewa+norm,chi_0005,1,0.998229
afroxlmr,clean,template,13,chichewa+norm,chi_0006,0,0.997125
afroxlmr,clean,template,13,chichewa+norm,chi_0007,0,0.002963
afroxlmr,clean,template,13,chichewa+norm,chi_0008,1,0.006172
afroxlmr,clean,template,13,chichewa+norm,chi_0009,1,0.007104
afroxlmr,clean,template,13,chichewa+norm,chi_0010,0,0.018760
afroxlmr,clean,template,13,chichewa+norm,chi_0011,0,0.002599
afroxlmr,clean,template,13,chichewa+norm,chi_0012,0,0.002662
afroxlmr,clean,template,13,chichewa+norm,chi_0013,1,0.998338
afroxlmr,clean,template,13,chichewa+norm,chi_0014,1,0.998057
afroxlmr,clean,template,13,chichewa+norm,chi_0015,0,0.008888
afroxlmr,clean,template,13,chichewa+norm,chi_0016,0,0.022585
afroxlmr,clean,template,13,chichewa+norm,chi_0017,0,0.001957
afroxlmr,clean,template,13,chichewa+norm,chi_0018,1,0.998697
afroxlmr,clean,template,13,chichewa+norm,chi_0019,1,0.008508
afroxlmr,clean,template,13,chichewa+norm,chi_0020,0,0.012541
afroxlmr,clean,template,13,chichewa+norm,chi_0021,1,0.998548
afroxlmr,clean,template,13,chichewa+norm,chi_0022,0,0.003821
afroxlmr,clean,template,13,chichewa+norm,chi_0023,1,0.998497
afroxlmr,clean,template,13,chichewa+norm,chi_0024,1,0.998396
afroxlmr,clean,template,13,chichewa+norm,chi_0025,0,0.995536
afroxlmr,clean,template,13,chichewa+norm,chi_0026,0,0.007634
afroxlmr,clean,template,13,chichewa+norm,chi_0027,1,0.998573
afroxlmr,clean,template,13,chichewa+norm,chi_0028,1,0.998486
afroxlmr,clean,template,13,chichewa+norm,chi_0029,0,0.003050
afroxlmr,clean,template,13,chichewa+norm,chi_0030,0,0.002357
afroxlmr,clean,template,13,chichewa+norm,chi_0031,1,0.998444
afroxlmr,clean,template,13,chichewa+norm,chi_0032,1,0.998190
afroxlmr,clean,template,13,chichewa+norm,chi_0033,1,0.134977
afroxlmr,clean,template,13,chichewa+norm,chi_0034,1,0.998199
afroxlmr,clean,template,13,chichewa+norm,chi_0035,0,0.004025
afroxlmr,clean,template,13,chichewa+norm,chi_0036,0,0.002345
afroxlmr,clean,template,13,chichewa+norm,chi_0037,0,0.997657
afroxlmr,clean,template,13,chichewa+norm,chi_0038,0,0.998544
afroxlmr,clean,template,13,chichewa+norm,chi_0039,0,0.018038
afroxlmr,clean,template,13,chichewa+norm,chi_0040,1,0.998234
afroxlmr,clean,template,13,chichewa+norm,chi_0041,1,0.998285
afroxlmr,clean,template,13,chichewa+norm,chi_0042,0,0.001490
afroxlmr,clean,template,13,chichewa+norm,chi_0043,0,0.002278
afroxlmr,clean,template,13,chichewa+norm,chi_0044,0,0.960000
afroxlmr,clean,template,13,chichewa+norm,chi_0045,1,0.997425
afroxlmr,clean,template,13,chichewa+norm,chi_0046,1,0.009863
afroxlmr,clean,template,13,chichewa+norm,chi_0047,1,0.998444
afroxlmr,clean,template,13,chichewa+norm,chi_0048,0,0.911133
afroxlmr,clean,template,13,chichewa+norm,chi_0049,0,0.998490
afroxlmr,clean,template,13,chichewa+norm,chi_0050,0,0.055888
afroxlmr,clean,template,13,chichewa+norm,chi_0051,1,0.012638
afroxlmr,clean,template,13,chichewa+norm,chi_0052,0,0.002726
afroxlmr,clean,template,13,chichewa+norm,chi_0053,0,0.002437
afroxlmr,clean,template,13,chichewa+norm,chi_0054,1,0.997683
afroxlmr,clean,template,13,chichewa+norm,chi_0055,1,0.998329
afroxlmr,clean,template,13,chichewa+norm,chi_0056,0,0.001671
afroxlmr,clean,template,13,chichewa+norm,chi_0057,1,0.010454
afroxlmr,clean,template,13,chichewa+norm,chi_0058,1,0.010318
afroxlmr,clean,template,13,chichewa+norm,chi_0059,0,0.996526
afroxlmr,clean,template,13,chichewa+norm,chi_0060,0,0.003478
afroxlmr,clean,template,13,chichewa+norm,chi_0061,1,0.007449
afroxlmr,clean,template,13,chichewa+norm,chi_0062,0,0.001219
afroxlmr,clean,template,13,chichewa+norm,chi_0063,1,0.996579
afroxlmr,clean,template,13,chichewa+norm,chi_0064,1,0.998469
afroxlmr,clean,template,13,chichewa+norm,chi_0065,1,0.005035
afroxlmr,clean,template,13,chichewa+norm,chi_0066,0,0.001815
afroxlmr,clean,template,13,chichewa+norm,chi_0067,0,0.001590
afroxlmr,clean,template,13,chichewa+norm,chi_0068,0,0.001736
afroxlmr,clean,template,13,chichewa+norm,chi_0069,1,0.997384
afroxlmr,clean,template,13,chichewa+norm,chi_0070,1,0.997377
afroxlmr,clean,template,13,chichewa+norm,chi_0071,0,0.001497
afroxlmr,clean,template,13,chichewa+norm,chi_0072,0,0.003108
afroxlmr,clean,template,13,chichewa+norm,chi_0073,1,0.998422
afroxlmr,clean,template,13,chichewa+norm,chi_0074,1,0.998279
afroxlmr,clean,template,13,chichewa+norm,chi_0075,0,0.017174
afroxlmr,clean,template,13,chichewa+norm,chi_0076,0,0.041161
afroxlmr,clean,template,13,chichewa+norm,chi_0077,0,0.028907
afroxlmr,clean,template,13,chichewa+norm,chi_0078,1,0.014197
afroxlmr,clean,template,13,chichewa+norm,chi_0079,1,0.998470
afroxlmr,clean,template,13,chichewa+norm,chi_0080,1,0.998257
afroxlmr,clean,template,13,chichewa+norm,chi_0081,1,0.005828
afroxlmr,clean,template,13,chichewa+norm,chi_0082,0,0.001731
afroxlmr,clean,template,13,chichewa+norm,chi_0083,0,0.001760
afroxlmr,clean,template,13,chichewa+norm,chi_0084,0,0.025918
afroxlmr,clean,template,13,chichewa+norm,chi_0085,1,0.998568
afroxlmr,clean,template,13,chichewa+norm,chi_0086,1,0.998637
afroxlmr,clean,template,13,chichewa+norm,chi_0087,0,0.028627
afroxlmr,clean,template,13,chichewa+norm,chi_0088,0,0.042964
afroxlmr,clean,template,13,chichewa+norm,chi_0089,0,0.013453
afroxlmr,clean,template,13,chichewa+norm,chi_0090,1,0.003334
afroxlmr,clean,template,13,chichewa+norm,chi_0091,0,0.004217
afroxlmr,clean,template,13,chichewa+norm,chi_0092,0,0.009996
afroxlmr,clean,template,13,chichewa+norm,chi_0093,0,0.009955
afroxlmr,clean,template,13,chichewa+norm,chi_0094,1,0.998557
afroxlmr,clean,template,13,chichewa+norm,chi_0095,1,0.051909
afroxlmr,clean,template,13,chichewa+norm,chi_0096,0,0.001157
afroxlmr,clean,template,13,chichewa+norm,chi_0097,0,0.022560
afroxlmr,clean,template,13,chichewa+norm,chi_0098,1,0.998268
afroxlmr,clean,template,13,chichewa+norm,chi_0099,1,0.998674
afroxlmr,clean,template,13,chichewa+norm,chi_0100,0,0.002348
afroxlmr,clean,template,13,chichewa+norm,chi_0101,1,0.997771
afroxlmr,clean,template,13,chichewa+norm,chi_0102,0,0.005430
afroxlmr,clean,template,13,chichewa+norm,chi_0103,0,0.010800
afroxlmr,clean,template,13,chichewa+norm,chi_0104,0,0.005407
afroxlmr,clean,template,13,chichewa+norm,chi_0105,1,0.002638
afroxlmr,clean,template,13,chichewa+norm,chi_0106,1,0.998137
afroxlmr,clean,template,13,chichewa+norm,chi_0107,1,0.098708
afroxlmr,clean,template,13,chichewa+norm,chi_0108,0,0.006730
afroxlmr,clean,template,13,chichewa+norm,chi_0109,0,0.042527
afroxlmr,clean,template,13,chichewa+norm,chi_0110,0,0.020000
afroxlmr,clean,template,13,chichewa+norm,chi_0111,1,0.998586
afroxlmr,clean,template,13,chichewa+norm,chi_0112,1,0.044000
afroxlmr,clean,template,13,chichewa+norm,chi_0113,1,0.998589
afroxlmr,clean,template,13,chichewa+norm,chi_0114,0,0.003382
afroxlmr,clean,template,13,chichewa+norm,chi_0115,0,0.001387
afroxlmr,clean,template,13,chichewa+norm,chi_0116,0,0.001834
afroxlmr,clean,template,13,chichewa+norm,chi_0117,1,0.011586
afroxlmr,clean,template,13,chichewa+norm,chi_0118,1,0.072082
afroxlmr,clean,template,13,chichewa+norm,chi_0119,1,0.010259
afroxlmr,clean,template,13,chichewa+norm,chi_0120,0,0.001514
afroxlmr,clean,template,13,chichewa+norm,chi_0121,0,0.002768
afroxlmr,clean,template,13,chichewa+norm,chi_0122,0,0.001323
afroxlmr,clean,template,13,chichewa+norm,chi_0123,1,0.998632
afroxlmr,clean,template,13,chichewa+norm,chi_0124,1,0.369701
afroxlmr,clean,template,13,chichewa+norm,chi_0125,1,0.027233
afroxlmr,clean,template,13,chichewa+norm,chi_0126,0,0.001546
afroxlmr,clean,template,13,chichewa+norm,chi_0127,0,0.002248
afroxlmr,clean,template,13,chichewa+norm,chi_0128,0,0.002558
afroxlmr,clean,template,13,chichewa+norm,chi_0129,1,0.513942
afroxlmr,clean,template,13,chichewa+norm,chi_0130,1,0.998198
afroxlmr,clean,template,13,chichewa+norm,chi_0131,0,0.023519
afroxlmr,clean,template,13,chichewa+norm,chi_0132,0,0.003315
afroxlmr,clean,template,13,chichewa+norm,chi_0133,0,0.994127
afroxlmr,clean,template,13,chichewa+norm,chi_0134,1,0.132706
afroxlmr,clean,template,13,chichewa+norm,chi_0135,0,0.007782
afroxlmr,clean,template,13,chichewa+norm,chi_0136,1,0.998505
afroxlmr,clean,template,13,chichewa+norm,chi_0137,0,0.004569
afroxlmr,clean,template,13,chichewa+norm,chi_0138,0,0.001724
afroxlmr,clean,template,13,chichewa+norm,chi_0139,0,0.993825
afroxlmr,clean,template,13,chichewa+norm,chi_0140,1,0.998368
afroxlmr,clean,template,13,chichewa+norm,chi_0141,0,0.002277
afroxlmr,clean,template,13,chichewa+norm,chi_0142,0,0.003226
afroxlmr,clean,template,13,chichewa+norm,chi_0143,0,0.017240
afroxlmr,clean,template,13,chichewa+norm,chi_0144,1,0.998524
afroxlmr,clean,template,13,chichewa+norm,chi_0145,0,0.005999
afroxlmr,clean,template,13,chichewa+norm,chi_0146,0,0.001525
afroxlmr,clean,template,13,chichewa+norm,chi_0147,1,0.998392
afroxlmr,clean,template,13,chichewa+norm,chi_0148,1,0.995100
afroxlmr,clean,template,13,chichewa+norm,chi_0149,0,0.001300
afroxlmr,clean,template,13,chichewa+norm,chi_0150,0,0.004228
afroxlmr,clean,template,13,chichewa+norm,chi_0151,1,0.004583
afroxlmr,clean,template,13,chichewa+norm,chi_0152,0,0.002209
afroxlmr,clean,template,13,chichewa+norm,chi_0153,0,0.001827
afroxlmr,clean,template,13,chichewa+norm,chi_0154,0,0.001861
afroxlmr,clean,template,13,chichewa+norm,chi_0155,1,0.998601
afroxlmr,clean,template,13,chichewa+norm,chi_0156,1,0.138646
afroxlmr,clean,template,13,chichewa+norm,chi_0157,1,0.266803
afroxlmr,clean,template,13,chichewa+norm,chi_0158,0,0.997137
afroxlmr,clean,template,13,chichewa+norm,chi_0159,0,0.001920
afroxlmr,clean,template,13,chichewa+norm,chi_0160,0,0.001393
afroxlmr,clean,template,13,chichewa+norm,chi_0161,1,0.083293
afroxlmr,clean,template,13,chichewa+norm,chi_0162,1,0.076319
afroxlmr,clean,template,13,chichewa+norm,chi_0163,1,0.062911
afroxlmr,clean,template,13,chichewa+norm,chi_0164,1,0.054948
afroxlmr,clean,template,13,chichewa+norm,chi_0165,0,0.003397
afroxlmr,clean,template,13,chichewa+norm,chi_0166,0,0.001242
afroxlmr,clean,template,13,chichewa+norm,chi_0167,1,0.027586
afroxlmr,clean,template,13,chichewa+norm,chi_0168,1,0.998425
afroxlmr,clean,template,13,chichewa+norm,chi_0169,0,0.001767
afroxlmr,clean,template,13,chichewa+norm,chi_0170,0,0.001604
afroxlmr,clean,template,13,chichewa+norm,chi_0171,1,0.998378
afroxlmr,clean,template,13,chichewa+norm,chi_0172,1,0.003313
afroxlmr,clean,template,13,chichewa+norm,chi_0173,0,0.001635
afroxlmr,clean,template,13,chichewa+norm,chi_0174,0,0.001342
afroxlmr,clean,template,13,chichewa+norm,chi_0175,0,0.001430
afroxlmr,clean,template,13,chichewa+norm,chi_0176,1,0.998375
afroxlmr,clean,template,13,chichewa+norm,chi_0177,1,0.998551
afroxlmr,clean,template,13,chichewa+norm,chi_0178,0,0.001492
afroxlmr,clean,template,13,chichewa+norm,chi_0179,1,0.998264
afroxlmr,clean,template,13,chichewa+norm,chi_0180,1,0.004781
afroxlmr,clean,template,13,chichewa+norm,chi_0181,1,0.997519
afroxlmr,clean,template,13,chichewa+norm,chi_0182,0,0.001409
afroxlmr,clean,template,13,chichewa+norm,chi_0183,0,0.002651
afroxlmr,clean,template,13,chichewa+norm,chi_0184,0,0.001481
afroxlmr,clean,template,13,chichewa+norm,chi_0185,1,0.998267
afroxlmr,clean,template,13,chichewa+norm,chi_0186,1,0.004355
afroxlmr,clean,template,13,chichewa+norm,chi_0187,1,0.013111
afroxlmr,clean,template,13,chichewa+norm,chi_0188,0,0.001411
afroxlmr,clean,template,13,chichewa+norm,chi_0189,0,0.001659
afroxlmr,clean,template,13,chichewa+norm,chi_0190,1,0.062907
afroxlmr,clean,template,13,chichewa+norm,chi_0191,1,0.983684
afroxlmr,clean,template,13,chichewa+norm,chi_0192,0,0.001484
afroxlmr,clean,template,13,chichewa+norm,chi_0193,0,0.001628
afroxlmr,clean,template,13,chichewa+norm,chi_0194,0,0.002430
afroxlmr,clean,template,13,chichewa+norm,chi_0195,0,0.001469
afroxlmr,clean,template,13,chichewa+norm,chi_0196,1,0.998525
afroxlmr,clean,template,13,chichewa+norm,chi_0197,1,0.998467
afroxlmr,clean,template,13,chichewa+norm,chi_0198,1,0.685140
afroxlmr,clean,template,13,chichewa+norm,chi_0199,1,0.747581
afroxlmr,clean,template,13,chichewa+norm,chi_0200,1,0.998569
afroxlmr,clean,template,13,chichewa+norm,chi_0201,0,0.002680
afroxlmr,clean,template,13,chichewa+norm,chi_0202,1,0.998512
afroxlmr,clean,template,13,chichewa+norm,chi_0203,1,0.936360
afroxlmr,clean,template,13,chichewa+norm,chi_0204,1,0.998622
afroxlmr,clean,template,13,chichewa+norm,chi_0205,0,0.005916
afroxlmr,clean,template,13,chichewa+norm,chi_0206,0,0.001754
afroxlmr,clean,template,13,chichewa+norm,chi_0207,1,0.998639
afroxlmr,clean,template,13,chichewa+norm,chi_0208,1,0.902143
afroxlmr,clean,template,13,chichewa+norm,chi_0209,1,0.823318
afroxlmr,clean,template,13,chichewa+norm,chi_0210,0,0.002218
afroxlmr,clean,template,13,chichewa+norm,chi_0211,0,0.002052
afroxlmr,clean,template,13,chichewa+norm,chi_0212,1,0.998718
afroxlmr,clean,template,13,chichewa+norm,chi_0213,1,0.998573
afroxlmr,clean,template,13,chichewa+norm,chi_0214,1,0.997972
afroxlmr,clean,template,13,chichewa+norm,chi_0215,0,0.003077
afroxlmr,clean,template,13,chichewa+norm,chi_0216,0,0.001266
afroxlmr,clean,template,13,chichewa+norm,chi_0217,1,0.998679
afroxlmr,clean,template,13,chichewa+norm,chi_0218,1,0.095765
afroxlmr,clean,template,13,chichewa+norm,chi_0219,1,0.998421
afroxlmr,clean,template,13,chichewa+norm,chi_0220,0,0.006324
afroxlmr,clean,template,13,chichewa+norm,chi_0221,0,0.002266
afroxlmr,clean,template,13,chichewa+norm,chi_0222,0,0.001512
afroxlmr,clean,template,13,chichewa+norm,chi_0223,1,0.995289
afroxlmr,clean,template,13,chichewa+norm,chi_0224,1,0.997205
afroxlmr,clean,template,13,chichewa+norm,chi_0225,0,0.003418
afroxlmr,clean,template,13,chichewa+norm,chi_0226,0,0.001747
afroxlmr,clean,template,13,chichewa+norm,chi_0227,0,0.002048
afroxlmr,clean,template,13,chichewa+norm,chi_0228,0,0.002974
afroxlmr,clean,template,13,chichewa+norm,chi_0229,1,0.998711
afroxlmr,clean,template,13,chichewa+norm,chi_0230,1,0.997989
afroxlmr,clean,template,13,chichewa+norm,chi_0231,1,0.003465
afroxlmr,clean,template,13,chichewa+norm,chi_0232,0,0.004195
afroxlmr,clean,template,13,chichewa+norm,chi_0233,1,0.998338
afroxlmr,clean,template,13,chichewa+norm,chi_0234,0,0.044772
afroxlmr,clean,template,13,chichewa+norm,chi_0235,0,0.995796
afroxlmr,clean,template,13,chichewa+norm,chi_0236,1,0.998747
afroxlmr,clean,template,13,chichewa+norm,chi_0237,1,0.998670
afroxlmr,clean,template,13,chichewa+norm,chi_0238,0,0.003168
afroxlmr,clean,template,13,chichewa+norm,chi_0239,0,0.002382
afroxlmr,clean,template,13,chichewa+norm,chi_0240,0,0.001315
afroxlmr,clean,template,13,chichewa+norm,chi_0241,0,0.001396
afroxlmr,clean,template,13,chichewa+norm,chi_0242,1,0.998585
afroxlmr,clean,template,13,chichewa+norm,chi_0243,1,0.998594
afroxlmr,clean,template,13,chichewa+norm,chi_0244,0,0.005606
afroxlmr,clean,template,13,chichewa+norm,chi_0245,1,0.995354
afroxlmr,clean,template,13,chichewa+norm,chi_0246,1,0.002681
afroxlmr,clean,template,13,chichewa+norm,chi_0247,1,0.971523
afroxlmr,clean,template,13,chichewa+norm,chi_0248,0,0.006042
afroxlmr,clean,template,13,chichewa+norm,chi_0249,0,0.001526
afroxlmr,clean,template,13,chichewa+norm,chi_0250,0,0.004102
afroxlmr,clean,template,13,chichewa+norm,chi_0251,0,0.003449
afroxlmr,clean,template,13,chichewa+norm,chi_0252,0,0.003602
afroxlmr,clean,template,13,chichewa+norm,chi_0253,0,0.001809
afroxlmr,clean,template,13,chichewa+norm,chi_0254,1,0.998460
afroxlmr,clean,template,13,chichewa+norm,chi_0255,1,0.998336
afroxlmr,clean,template,13,chichewa+norm,chi_0256,0,0.002082
afroxlmr,clean,template,13,chichewa+norm,chi_0257,0,0.001390
afroxlmr,clean,template,13,chichewa+norm,chi_0258,1,0.995576
afroxlmr,clean,template,13,chichewa+norm,chi_0259,0,0.013270
afroxlmr,clean,template,13,chichewa+norm,chi_0260,1,0.998675
afroxlmr,clean,template,13,chichewa+norm,chi_0261,1,0.998730
afroxlmr,clean,template,13,chichewa+norm,chi_0262,1,0.998594
afroxlmr,clean,template,13,chichewa+norm,chi_0263,0,0.023326
afroxlmr,clean,template,13,chichewa+norm,chi_0264,0,0.004426
afroxlmr,clean,template,13,chichewa+norm,chi_0265,0,0.010533
afroxlmr,clean,template,13,chichewa+norm,chi_0266,1,0.998653
afroxlmr,clean,template,13,chichewa+norm,chi_0267,1,0.998511
afroxlmr,clean,template,13,chichewa+norm,chi_0268,1,0.006994
afroxlmr,clean,template,13,chichewa+norm,chi_0269,0,0.003729
afroxlmr,clean,template,13,chichewa+norm,chi_0270,0,0.002160
afroxlmr,clean,template,13,chichewa+norm,chi_0271,0,0.004417
afroxlmr,clean,template,13,chichewa+norm,chi_0272,1,0.001935
afroxlmr,clean,template,13,chichewa+norm,chi_0273,1,0.998349
afroxlmr,clean,template,13,chichewa+norm,chi_0274,1,0.998479
afroxlmr,clean,template,13,chichewa+norm,chi_0275,1,0.004041
afroxlmr,clean,template,13,chichewa+norm,chi_0276,0,0.001498
afroxlmr,clean,template,13,chichewa+norm,chi_0277,1,0.004215
afroxlmr,clean,template,13,chichewa+norm,chi_0278,1,0.004959
afroxlmr,clean,template,13,chichewa+norm,chi_0279,0,0.002592
afroxlmr,clean,template,13,chichewa+norm,chi_0280,0,0.001322
afroxlmr,clean,template,13,chichewa+norm,chi_0281,1,0.998696
afroxlmr,clean,template,13,chichewa+norm,chi_0282,0,0.002794
afroxlmr,clean,template,13,chichewa+norm,chi_0283,0,0.001340
afroxlmr,clean,template,13,chichewa+norm,chi_0284,1,0.998665
afroxlmr,clean,template,13,chichewa+norm,chi_0285,1,0.998548
afroxlmr,clean,template,13,chichewa+norm,chi_0286,1,0.998019
afroxlmr,clean,template,13,chichewa+norm,chi_0287,0,0.014912
afroxlmr,clean,template,13,chichewa+norm,chi_0288,0,0.005635
afroxlmr,clean,template,13,chichewa+norm,chi_0289,0,0.006736
afroxlmr,clean,template,13,chichewa+norm,chi_0290,1,0.998252
afroxlmr,clean,template,13,chichewa+norm,chi_0291,1,0.998281
afroxlmr,clean,template,13,chichewa+norm,chi_0292,0,0.223748
afroxlmr,clean,template,13,chichewa+norm,chi_0293,0,0.996528
afroxlmr,clean,template,13,chichewa+norm,chi_0294,0,0.992360
afroxlmr,clean,template,13,chichewa+norm,chi_0295,1,0.998670
afroxlmr,clean,template,13,chichewa+norm,chi_0296,1,0.843630
afroxlmr,clean,template,13,chichewa+norm,chi_0297,0,0.020834
afroxlmr,clean,template,13,chichewa+norm,chi_0298,0,0.027613
afroxlmr,clean,template,13,chichewa+norm,chi_0299,0,0.041532
afroxlmr,clean,template,13,chichewa+norm,chi_0300,1,0.998533
afroxlmr,clean,template,13,chichewa+norm,chi_0301,1,0.126132
afroxlmr,clean,template,13,chichewa+norm,chi_0302,1,0.998560
afroxlmr,clean,template,13,chichewa+norm,chi_0303,0,0.997921
afroxlmr,clean,template,13,chichewa+norm,chi_0304,0,0.997953
afroxlmr,clean,template,13,chichewa+norm,chi_0305,0,0.997765
afroxlmr,clean,template,13,chichewa+norm,chi_0306,0,0.997183
afroxlmr,clean,template,13,chichewa+norm,chi_0307,1,0.998645
afroxlmr,clean,template,13,chichewa+norm,chi_0308,1,0.998502
afroxlmr,clean,template,13,chichewa+norm,chi_0309,1,0.998603
afroxlmr,clean,template,13,chichewa+norm,chi_0310,1,0.998662
afroxlmr,clean,template,13,chichewa+norm,chi_0311,0,0.004559
afroxlmr,clean,template,13,chichewa+norm,chi_0312,0,0.997844
afroxlmr,clean,template,13,chichewa+norm,chi_0313,0,0.997749
afroxlmr,clean,template,13,chichewa+norm,chi_0314,1,0.998547
afroxlmr,clean,template,13,chichewa+norm,chi_0315,1,0.998606
afroxlmr,clean,template,13,chichewa+norm,chi_0316,0,0.997842
afroxlmr,clean,template,13,chichewa+norm,chi_0317,0,0.995289
afroxlmr,clean,template,13,chichewa+norm,chi_0318,1,0.053258
afroxlmr,clean,template,13,chichewa+norm,chi_0319,1,0.998539
afroxlmr,clean,template,13,chichewa+norm,chi_0320,0,0.002315
afroxlmr,clean,template,13,chichewa+norm,chi_0321,1,0.998400
afroxlmr,clean,template,13,chichewa+norm,chi_0322,0,0.997460
afroxlmr,clean,template,13,chichewa+norm,chi_0323,0,0.992927
afroxlmr,clean,template,13,chichewa+norm,chi_0324,0,0.994059
afroxlmr,clean,template,13,chichewa+norm,chi_0325,0,0.993433
afroxlmr,clean,template,13,chichewa+norm,chi_0326,1,0.998349
afroxlmr,clean,template,13,chichewa+norm,chi_0327,1,0.998543
afroxlmr,clean,template,13,chichewa+norm,chi_0328,0,0.995755
afroxlmr,clean,template,13,chichewa+norm,chi_0329,0,0.998599
afroxlmr,clean,template,13,chichewa+norm,chi_0330,0,0.995919
afroxlmr,clean,template,13,chichewa+norm,chi_0331,1,0.998569
afroxlmr,clean,template,13,chichewa+norm,chi_0332,0,0.005261
afroxlmr,clean,template,13,chichewa+norm,chi_0333,0,0.001649
afroxlmr,clean,template,13,chichewa+norm,chi_0334,0,0.001807
afroxlmr,clean,template,13,chichewa+norm,chi_0335,0,0.001732
afroxlmr,clean,template,13,chichewa+norm,chi_0336,1,0.998708
afroxlmr,clean,template,13,chichewa+norm,chi_0337,1,0.998596
afroxlmr,clean,template,13,chichewa+norm,chi_0338,1,0.998593
afroxlmr,clean,template,13,chichewa+norm,chi_0339,0,0.001193
afroxlmr,clean,template,13,chichewa+norm,chi_0340,0,0.004039
afroxlmr,clean,template,13,chichewa+norm,chi_0341,0,0.001299
afroxlmr,clean,template,13,chichewa+norm,chi_0342,1,0.998526
afroxlmr,clean,template,13,chichewa+norm,chi_0343,1,0.998525
afroxlmr,clean,template,13,chichewa+norm,chi_0344,1,0.998573
afroxlmr,clean,template,13,chichewa+norm,chi_0345,0,0.001632
afroxlmr,clean,template,13,chichewa+norm,chi_0346,0,0.001252
afroxlmr,clean,template,13,chichewa+norm,chi_0347,1,0.998569
afroxlmr,clean,template,13,chichewa+norm,chi_0348,0,0.024768
afroxlmr,clean,template,13,chichewa+norm,chi_0349,0,0.009177
afroxlmr,clean,template,13,chichewa+norm,chi_0350,1,0.998708
afroxlmr,clean,template,13,chichewa+norm,chi_0351,1,0.998502
afroxlmr,clean,template,13,chichewa+norm,chi_0352,1,0.998269
afroxlmr,clean,template,13,chichewa+norm,chi_0353,1,0.998003
afroxlmr,clean,template,13,chichewa+norm,chi_0354,1,0.003649
afroxlmr,clean,template,13,chichewa+norm,chi_0355,0,0.876064
afroxlmr,clean,template,13,chichewa+norm,chi_0356,0,0.001906
afroxlmr,clean,template,13,chichewa+norm,chi_0357,0,0.001385
afroxlmr,clean,template,13,chichewa+norm,chi_0358,0,0.001174
afroxlmr,clean,template,13,chichewa+norm,chi_0359,1,0.002976
afroxlmr,clean,template,13,chichewa+norm,chi_0360,0,0.111594
afroxlmr,clean,template,13,chichewa+norm,chi_0361,1,0.998506
afroxlmr,clean,template,13,chichewa+norm,chi_0362,1,0.066310
afroxlmr,clean,template,13,chichewa+norm,chi_0363,1,0.998413
afroxlmr,clean,template,13,chichewa+norm,chi_0364,0,0.006842
afroxlmr,clean,template,13,chichewa+norm,chi_0365,0,0.001264
afroxlmr,clean,template,13,chichewa+norm,chi_0366,0,0.001227
afroxlmr,clean,template,13,chichewa+norm,chi_0367,1,0.998357
afroxlmr,clean,template,13,chichewa+norm,chi_0368,1,0.998373
afroxlmr,clean,template,13,chichewa+norm,chi_0369,0,0.001747
afroxlmr,clean,template,13,chichewa+norm,chi_0370,0,0.001553
afroxlmr,clean,template,13,chichewa+norm,chi_0371,0,0.001976
afroxlmr,clean,template,13,chichewa+norm,chi_0372,1,0.005144
afroxlmr,clean,template,13,chichewa+norm,chi_0373,1,0.037088
afroxlmr,clean,template,13,chichewa+norm,chi_0374,0,0.001909
afroxlmr,clean,template,13,chichewa+norm,chi_0375,0,0.001659
afroxlmr,clean,template,13,chichewa+norm,chi_0376,1,0.998428
afroxlmr,clean,template,13,chichewa+norm,chi_0377,1,0.998389
afroxlmr,clean,template,13,chichewa+norm,chi_0378,0,0.001414
afroxlmr,clean,template,13,chichewa+norm,chi_0379,0,0.001208
afroxlmr,clean,template,13,chichewa+norm,chi_0380,1,0.994632
afroxlmr,clean,template,13,chichewa+norm,chi_0381,1,0.998344
afroxlmr,clean,template,13,chichewa+norm,chi_0382,0,0.002453
afroxlmr,clean,template,13,chichewa+norm,chi_0383,0,0.002337
afroxlmr,clean,template,13,chichewa+norm,chi_0384,1,0.997732
afroxlmr,clean,template,13,chichewa+norm,chi_0385,1,0.997248
afroxlmr,clean,template,13,chichewa+norm,chi_0386,1,0.007011
afroxlmr,clean,template,13,chichewa+norm,chi_0387,1,0.998265
afroxlmr,clean,template,13,chichewa+norm,chi_0388,0,0.001212
afroxlmr,clean,template,13,chichewa+norm,chi_0389,1,0.002718
afroxlmr,clean,template,13,chichewa+norm,chi_0390,0,0.006127
afroxlmr,clean,template,13,chichewa+norm,chi_0391,0,0.003701
afroxlmr,clean,template,13,chichewa+norm,chi_0392,1,0.997113
afroxlmr,clean,template,13,chichewa+norm,chi_0393,0,0.003853
afroxlmr,clean,template,13,chichewa+norm,chi_0394,0,0.004441
afroxlmr,clean,template,13,chichewa+norm,chi_0395,1,0.998683
afroxlmr,clean,template,13,chichewa+norm,chi_0396,0,0.004544
afroxlmr,clean,template,13,chichewa+norm,chi_0397,0,0.020293
afroxlmr,clean,template,13,chichewa+norm,chi_0398,0,0.033615
afroxlmr,clean,template,13,chichewa+norm,chi_0399,0,0.155834
afroxlmr,clean,template,13,chichewa+norm,chi_0400,0,0.003204
afroxlmr,clean,template,13,chichewa+norm,chi_0401,0,0.002842
afroxlmr,clean,template,13,chichewa+norm,chi_0402,0,0.004571
afroxlmr,clean,template,13,chichewa+norm,chi_0403,0,0.012399
afroxlmr,clean,template,13,chichewa+norm,chi_0404,0,0.004552
afroxlmr,clean,template,13,chichewa+norm,chi_0405,0,0.002160
afroxlmr,clean,template,13,chichewa+norm,chi_0406,0,0.004520
afroxlmr,clean,template,13,chichewa+norm,chi_0407,0,0.008960
afroxlmr,clean,template,13,chichewa+norm,chi_0408,0,0.001759
afroxlmr,clean,template,13,chichewa+norm,chi_0409,0,0.005471
afroxlmr,clean,template,13,chichewa+norm,chi_0410,0,0.006352
afroxlmr,clean,template,13,chichewa+norm,chi_0411,1,0.998489
afroxlmr,clean,template,13,chichewa+norm,chi_0412,1,0.941606
afroxlmr,clean,template,13,chichewa+norm,chi_0413,1,0.799745
afroxlmr,clean,template,13,chichewa+norm,chi_0414,0,0.002082
afroxlmr,clean,template,13,chichewa+norm,chi_0415,0,0.001281
afroxlmr,clean,template,13,chichewa+norm,chi_0416,1,0.998453
afroxlmr,clean,template,13,chichewa+norm,chi_0417,1,0.998382
afroxlmr,clean,template,13,chichewa+norm,chi_0418,1,0.998123
afroxlmr,clean,template,13,chichewa+norm,chi_0419,0,0.002312
afroxlmr,clean,template,13,chichewa+norm,chi_0420,1,0.007145
afroxlmr,clean,template,13,chichewa+norm,chi_0421,0,0.001836
afroxlmr,clean,template,13,chichewa+norm,chi_0422,0,0.001576
afroxlmr,clean,template,13,chichewa+norm,chi_0423,1,0.027619
afroxlmr,clean,template,13,chichewa+norm,chi_0424,1,0.005679
afroxlmr,clean,template,13,chichewa+norm,chi_0425,0,0.002484
afroxlmr,clean,template,13,chichewa+norm,chi_0426,1,0.008988
afroxlmr,clean,template,13,chichewa+norm,chi_0427,1,0.003558
afroxlmr,clean,template,13,chichewa+norm,chi_0428,1,0.998547
afroxlmr,clean,template,13,chichewa+norm,chi_0429,0,0.149162
afroxlmr,clean,template,13,chichewa+norm,chi_0430,0,0.424761
afroxlmr,clean,template,13,chichewa+norm,chi_0431,0,0.297206
afroxlmr,clean,template,13,chichewa+norm,chi_0432,1,0.998618
afroxlmr,clean,template,13,chichewa+norm,chi_0433,1,0.998621
afroxlmr,clean,template,13,chichewa+norm,chi_0434,1,0.998659
afroxlmr,clean,template,13,chichewa+norm,chi_0435,1,0.998371
afroxlmr,clean,template,13,chichewa+norm,chi_0436,1,0.998390
afroxlmr,clean,template,13,chichewa+norm,chi_0437,1,0.998485
afroxlmr,clean,template,13,chichewa+norm,chi_0438,1,0.998552
afroxlmr,clean,template,13,chichewa+norm,chi_0439,1,0.998507
afroxlmr,clean,template,13,chichewa+norm,chi_0440,1,0.998638
afroxlmr,clean,template,13,chichewa+norm,chi_0441,1,0.998619
afroxlmr,clean,template,13,chichewa+norm,chi_0442,1,0.998608
afroxlmr,clean,template,13,chichewa+norm,chi_0443,1,0.219346
afroxlmr,clean,template,13,chichewa+norm,chi_0444,1,0.998556
afroxlmr,clean,template,13,chichewa+norm,chi_0445,1,0.998594
afroxlmr,clean,template,13,chichewa+norm,chi_0446,1,0.998557
afroxlmr,clean,template,13,chichewa+norm,chi_0447,1,0.557337
afroxlmr,clean,template,13,chichewa+norm,chi_0448,1,0.998070
afroxlmr,clean,template,13,chichewa+norm,chi_0449,1,0.998583
afroxlmr,clean,template,13,chichewa+norm,chi_0450,1,0.998265
afroxlmr,clean,template,13,chichewa+norm,chi_0451,0,0.003723
afroxlmr,clean,template,13,chichewa+norm,chi_0452,0,0.003447
afroxlmr,clean,template,13,chichewa+norm,chi_0453,1,0.998409
afroxlmr,clean,template,13,chichewa+norm,chi_0454,1,0.998526
afroxlmr,clean,template,13,chichewa+norm,chi_0455,1,0.995907
afroxlmr,clean,template,13,chichewa+norm,chi_0456,1,0.998439
afroxlmr,clean,template,13,chichewa+norm,chi_0457,1,0.998713
afroxlmr,clean,template,13,chichewa+norm,chi_0458,1,0.998402
afroxlmr,clean,template,13,chichewa+norm,chi_0459,0,0.022800
afroxlmr,clean,template,13,chichewa+norm,chi_0460,1,0.998599
afroxlmr,clean,template,13,chichewa+norm,chi_0461,1,0.998417
afroxlmr,clean,template,13,chichewa+norm,chi_0462,0,0.013843
afroxlmr,clean,template,13,chichewa+norm,chi_0463,0,0.004081
afroxlmr,clean,template,13,chichewa+norm,chi_0464,1,0.998582
afroxlmr,clean,template,13,chichewa+norm,chi_0465,0,0.001246
afroxlmr,clean,template,13,chichewa+norm,chi_0466,0,0.015437
afroxlmr,clean,template,13,chichewa+norm,chi_0467,1,0.998608
afroxlmr,clean,template,13,chichewa+norm,chi_0468,1,0.998608
afroxlmr,clean,template,13,chichewa+norm,chi_0469,0,0.995385
afroxlmr,clean,template,13,chichewa+norm,chi_0470,0,0.098145
afroxlmr,clean,template,13,chichewa+norm,chi_0471,1,0.114586
afroxlmr,clean,template,13,chichewa+norm,chi_0472,1,0.968994
afroxlmr,clean,template,13,chichewa+norm,chi_0473,0,0.009118
afroxlmr,clean,template,13,chichewa+norm,chi_0474,0,0.003764
afroxlmr,clean,template,13,chichewa+norm,chi_0475,1,0.998625
afroxlmr,clean,template,13,chichewa+norm,chi_0476,1,0.201005
afroxlmr,clean,template,13,chichewa+norm,chi_0477,1,0.998578
afroxlmr,clean,template,13,chichewa+norm,chi_0478,0,0.004549
afroxlmr,clean,template,13,chichewa+norm,chi_0479,0,0.002246
afroxlmr,clean,template,13,chichewa+norm,chi_0480,0,0.004760
afroxlmr,clean,template,13,chichewa+norm,chi_0481,1,0.872598
afroxlmr,clean,template,13,chichewa+norm,chi_0482,1,0.740449
afroxlmr,clean,template,13,chichewa+norm,chi_0483,0,0.205470
afroxlmr,clean,template,13,chichewa+norm,chi_0484,0,0.025466
afroxlmr,clean,template,13,chichewa+norm,chi_0485,0,0.997463
afroxlmr,clean,template,13,chichewa+norm,chi_0486,1,0.386439
afroxlmr,clean,template,13,chichewa+norm,chi_0487,1,0.988148
afroxlmr,clean,template,13,chichewa+norm,chi_0488,1,0.072411
afroxlmr,clean,template,13,chichewa+norm,chi_0489,0,0.993781
afroxlmr,clean,template,13,chichewa+norm,chi_0490,0,0.998579
afroxlmr,clean,template,13,chichewa+norm,chi_0491,1,0.774508
afroxlmr,clean,template,13,chichewa+norm,chi_0492,1,0.967213
afroxlmr,clean,template,13,chichewa+norm,chi_0493,1,0.654593
afroxlmr,clean,template,13,chichewa+norm,chi_0494,0,0.998698
afroxlmr,clean,template,13,chichewa+norm,chi_0495,0,0.994385
afroxlmr,clean,template,13,chichewa+norm,chi_0496,0,0.003591
afroxlmr,clean,template,13,chichewa+norm,chi_0497,1,0.659139
afroxlmr,clean,template,13,chichewa+norm,chi_0498,1,0.578003
afroxlmr,clean,template,13,chichewa+norm,chi_0499,0,0.001781
afroxlmr,clean,template,13,chichewa+norm,chi_0500,0,0.993075
afroxlmr,clean,template,13,chichewa+norm,chi_0501,0,0.108311
afroxlmr,clean,template,13,chichewa+norm,chi_0502,1,0.012010
afroxlmr,clean,template,13,chichewa+norm,chi_0503,1,0.998488
afroxlmr,clean,template,13,chichewa+norm,chi_0504,1,0.158204
afroxlmr,clean,template,13,chichewa+norm,chi_0505,0,0.002468
afroxlmr,clean,template,13,chichewa+norm,chi_0506,0,0.002079
afroxlmr,clean,template,13,chichewa+norm,chi_0507,0,0.002392
afroxlmr,clean,template,13,chichewa+norm,chi_0508,1,0.187812
afroxlmr,clean,template,13,chichewa+norm,chi_0509,1,0.099970
afroxlmr,clean,template,13,chichewa+norm,chi_0510,1,0.251150
afroxlmr,clean,template,13,chichewa+norm,chi_0511,0,0.034476
afroxlmr,clean,template,13,chichewa+norm,chi_0512,0,0.834112
afroxlmr,clean,template,13,chichewa+norm,chi_0513,0,0.885069
afroxlmr,clean,template,13,chichewa+norm,chi_0514,1,0.998466
afroxlmr,clean,template,13,chichewa+norm,chi_0515,1,0.995581
afroxlmr,clean,template,13,chichewa+norm,chi_0516,1,0.870299
afroxlmr,clean,template,13,chichewa+norm,chi_0517,0,0.011013
afroxlmr,clean,template,13,chichewa+norm,chi_0518,0,0.004155
afroxlmr,clean,template,13,chichewa+norm,chi_0519,1,0.002893
afroxlmr,clean,template,13,chichewa+norm,chi_0520,1,0.997082
afroxlmr,clean,template,13,chichewa+norm,chi_0521,1,0.998250
afroxlmr,clean,template,13,chichewa+norm,chi_0522,0,0.884723
afroxlmr,clean,template,13,chichewa+norm,chi_0523,0,0.965258
afroxlmr,clean,template,13,chichewa+norm,chi_0524,0,0.998065
afroxlmr,clean,template,13,chichewa+norm,chi_0525,1,0.995355
afroxlmr,clean,template,13,chichewa+norm,chi_0526,1,0.998120
afroxlmr,clean,template,13,chichewa+norm,chi_0527,1,0.954648
afroxlmr,clean,template,13,chichewa+norm,chi_0528,0,0.003241
afroxlmr,clean,template,13,chichewa+norm,chi_0529,0,0.004262
afroxlmr,clean,template,13,chichewa+norm,chi_0530,0,0.002152
afroxlmr,clean,template,13,chichewa+norm,chi_0531,1,0.998391
afroxlmr,clean,template,13,chichewa+norm,chi_0532,1,0.998554
afroxlmr,clean,template,13,chichewa+norm,chi_0533,1,0.314595
afroxlmr,clean,template,13,chichewa+norm,chi_0534,0,0.004368
afroxlmr,clean,template,13,chichewa+norm,chi_0535,0,0.003033
afroxlmr,clean,template,13,chichewa+norm,chi_0536,0,0.004144
afroxlmr,clean,template,13,chichewa+norm,chi_0537,1,0.588431
afroxlmr,clean,template,13,chichewa+norm,chi_0538,1,0.996073
afroxlmr,clean,template,13,chichewa+norm,chi_0539,1,0.256089
afroxlmr,clean,template,13,chichewa+norm,chi_0540,0,0.015942
afroxlmr,clean,template,13,chichewa+norm,chi_0541,0,0.013260
afroxlmr,clean,template,13,chichewa+norm,chi_0542,0,0.003038
afroxlmr,clean,template,13,chichewa+norm,chi_0543,1,0.100528
afroxlmr,clean,template,13,chichewa+norm,chi_0544,1,0.993300
afroxlmr,clean,template,13,chichewa+norm,chi_0545,1,0.998474
afroxlmr,clean,template,13,chichewa+norm,chi_0546,0,0.004839
afroxlmr,clean,template,13,chichewa+norm,chi_0547,0,0.081703
afroxlmr,clean,template,13,chichewa+norm,chi_0548,0,0.107433
afroxlmr,clean,template,13,chichewa+norm,chi_0549,1,0.998416
afroxlmr,clean,template,13,chichewa+norm,chi_0550,1,0.998481
afroxlmr,clean,template,13,chichewa+norm,chi_0551,1,0.994965
afroxlmr,clean,template,13,chichewa+norm,chi_0552,0,0.015730
afroxlmr,clean,template,13,chichewa+norm,chi_0553,0,0.004024
afroxlmr,clean,template,13,chichewa+norm,chi_0554,1,0.002163
afroxlmr,clean,template,13,chichewa+norm,chi_0555,1,0.002007
afroxlmr,clean,template,13,chichewa+norm,chi_0556,1,0.003099
afroxlmr,clean,template,13,chichewa+norm,chi_0557,0,0.998629
afroxlmr,clean,template,13,chichewa+norm,chi_0558,0,0.012124
afroxlmr,clean,template,13,chichewa+norm,chi_0559,0,0.005415
afroxlmr,clean,template,13,chichewa+norm,chi_0560,1,0.996395
afroxlmr,clean,template,13,chichewa+norm,chi_0561,1,0.996023
afroxlmr,clean,template,13,chichewa+norm,chi_0562,1,0.136662
afroxlmr,clean,template,13,chichewa+norm,chi_0563,0,0.011700
afroxlmr,clean,template,13,chichewa+norm,chi_0564,0,0.559693
afroxlmr,clean,template,13,chichewa+norm,chi_0565,0,0.011131
afroxlmr,clean,template,13,chichewa+norm,chi_0566,0,0.001588
afroxlmr,clean,template,13,chichewa+norm,chi_0567,1,0.244960
afroxlmr,clean,template,13,chichewa+norm,chi_0568,1,0.842539
afroxlmr,clean,template,13,chichewa+norm,chi_0569,1,0.996737
afroxlmr,clean,template,13,chichewa+norm,chi_0570,1,0.994809
afroxlmr,clean,template,13,chichewa+norm,chi_0571,0,0.115349
afroxlmr,clean,template,13,chichewa+norm,chi_0572,1,0.998478
afroxlmr,clean,template,13,chichewa+norm,chi_0573,1,0.260914
afroxlmr,clean,template,13,chichewa+norm,chi_0574,1,0.246976
afroxlmr,clean,template,13,chichewa+norm,chi_0575,0,0.859851
afroxlmr,clean,template,13,chichewa+norm,chi_0576,1,0.998443
afroxlmr,clean,template,13,chichewa+norm,chi_0577,1,0.003490
afroxlmr,clean,template,13,chichewa+norm,chi_0578,0,0.002104
afroxlmr,clean,template,13,chichewa+norm,chi_0579,0,0.001228
afroxlmr,clean,template,13,chichewa+norm,chi_0580,0,0.002120
afroxlmr,clean,template,13,chichewa+norm,chi_0581,1,0.001555
afroxlmr,clean,template,13,chichewa+norm,chi_0582,0,0.001257
afroxlmr,clean,template,13,chichewa+norm,chi_0583,0,0.002166
afroxlmr,clean,template,13,chichewa+norm,chi_0584,0,0.001781
afroxlmr,clean,template,13,chichewa+norm,chi_0585,0,0.002105
afroxlmr,clean,template,13,chichewa+norm,chi_0586,0,0.001832
afroxlmr,clean,template,13,chichewa+norm,chi_0587,0,0.002919
afroxlmr,clean,template,13,chichewa+norm,chi_0588,0,0.014885
afroxlmr,clean,template,13,chichewa+norm,chi_0589,1,0.990538
afroxlmr,clean,template,13,chichewa+norm,chi_0590,1,0.998221
afroxlmr,clean,template,13,chichewa+norm,chi_0591,1,0.996344
afroxlmr,clean,template,13,chichewa+norm,chi_0592,0,0.001356
afroxlmr,clean,template,13,chichewa+norm,chi_0593,0,0.005727
afroxlmr,clean,template,13,chichewa+norm,chi_0594,0,0.001436
afroxlmr,clean,template,13,chichewa+norm,chi_0595,1,0.002110
afroxlmr,clean,template,13,chichewa+norm,chi_0596,1,0.998484
afroxlmr,clean,template,13,chichewa+norm,chi_0597,1,0.006112
afroxlmr,clean,template,13,chichewa+norm,chi_0598,1,0.001776
afroxlmr,clean,template,13,chichewa+norm,chi_0599,0,0.003215
afroxlmr,clean,template,13,chichewa+norm,chi_0600,0,0.003278
afroxlmr,clean,template,13,chichewa+norm,chi_0601,0,0.002697
afroxlmr,clean,template,13,chichewa+norm,chi_0602,1,0.996488
afroxlmr,clean,template,13,chichewa+norm,chi_0603,0,0.004488
afroxlmr,clean,template,13,chichewa+norm,chi_0604,0,0.006185
afroxlmr,clean,template,13,chichewa+norm,chi_0605,0,0.171678
afroxlmr,clean,template,13,chichewa+norm,chi_0606,1,0.002866
afroxlmr,clean,template,13,chichewa+norm,chi_0607,0,0.001853
afroxlmr,clean,template,13,chichewa+norm,chi_0608,0,0.003151
afroxlmr,clean,template,13,chichewa+norm,chi_0609,0,0.003548
afroxlmr,clean,template,13,chichewa+norm,chi_0610,1,0.998416
afroxlmr,clean,template,13,chichewa+norm,chi_0611,0,0.001874
afroxlmr,clean,template,13,chichewa+norm,chi_0612,0,0.001942
afroxlmr,clean,template,13,chichewa+norm,chi_0613,0,0.001395
afroxlmr,clean,template,13,chichewa+norm,chi_0614,0,0.002323
afroxlmr,clean,template,13,chichewa+norm,chi_0615,1,0.998322
afroxlmr,clean,template,13,chichewa+norm,chi_0616,0,0.002221
afroxlmr,clean,template,13,chichewa+norm,chi_0617,0,0.001748
afroxlmr,clean,template,13,chichewa+norm,chi_0618,1,0.246138
afroxlmr,clean,template,13,chichewa+norm,chi_0619,1,0.430133
afroxlmr,clean,template,13,chichewa+norm,chi_0620,1,0.003463
afroxlmr,clean,template,13,chichewa+norm,chi_0621,0,0.001610
afroxlmr,clean,template,13,chichewa+norm,chi_0622,0,0.978134
afroxlmr,clean,template,13,chichewa+norm,chi_0623,0,0.998575
afroxlmr,clean,template,13,chichewa+norm,chi_0624,1,0.070117
afroxlmr,clean,template,13,chichewa+norm,chi_0625,0,0.978308
afroxlmr,clean,template,13,chichewa+norm,chi_0626,0,0.998249
afroxlmr,clean,template,13,chichewa+norm,chi_0627,0,0.002363
afroxlmr,clean,template,13,chichewa+norm,chi_0628,0,0.315912
afroxlmr,clean,template,13,chichewa+norm,chi_0629,0,0.082659
afroxlmr,clean,template,13,chichewa+norm,chi_0630,1,0.998508
afroxlmr,clean,template,13,chichewa+norm,chi_0631,1,0.486943
afroxlmr,clean,template,13,chichewa+norm,chi_0632,0,0.072914
afroxlmr,clean,template,13,chichewa+norm,chi_0633,0,0.994885
afroxlmr,clean,template,13,chichewa+norm,chi_0634,1,0.998617
afroxlmr,clean,template,13,chichewa+norm,chi_0635,1,0.597401
afroxlmr,clean,template,13,chichewa+norm,chi_0636,1,0.809868
afroxlmr,clean,template,13,chichewa+norm,chi_0637,0,0.007442
afroxlmr,clean,template,13,chichewa+norm,chi_0638,0,0.021118
afroxlmr,clean,template,13,chichewa+norm,chi_0639,0,0.005638
afroxlmr,clean,template,13,chichewa+norm,chi_0640,0,0.169004
afroxlmr,clean,template,13,chichewa+norm,chi_0641,1,0.930418
afroxlmr,clean,template,13,chichewa+norm,chi_0642,1,0.995082
afroxlmr,clean,template,13,chichewa+norm,chi_0643,1,0.996112
afroxlmr,clean,template,13,chichewa+norm,chi_0644,0,0.996955
afroxlmr,clean,template,13,chichewa+norm,chi_0645,1,0.998611
afroxlmr,clean,template,13,chichewa+norm,chi_0646,1,0.998698
afroxlmr,clean,template,13,chichewa+norm,chi_0647,1,0.998402
afroxlmr,clean,template,13,chichewa+norm,chi_0648,1,0.998592
afroxlmr,clean,template,13,chichewa+norm,chi_0649,1,0.998597
afroxlmr,clean,template,13,chichewa+norm,chi_0650,1,0.998546
afroxlmr,clean,template,13,chichewa+norm,chi_0651,1,0.998547
afroxlmr,clean,template,13,chichewa+norm,chi_0652,1,0.998858
afroxlmr,clean,template,13,chichewa+norm,chi_0653,1,0.998706
afroxlmr,clean,template,13,chichewa+norm,chi_0654,1,0.998333
afroxlmr,clean,template,13,chichewa+norm,chi_0655,1,0.998645
afroxlmr,clean,template,13,chichewa+norm,chi_0656,1,0.002806
afroxlmr,clean,template,13,chichewa+norm,chi_0657,1,0.998594
afroxlmr,clean,template,13,chichewa+norm,chi_0658,1,0.995401
afroxlmr,clean,template,13,chichewa+norm,chi_0659,1,0.998378
afroxlmr,clean,template,13,chichewa+norm,chi_0660,1,0.998716
afroxlmr,clean,template,13,chichewa+norm,chi_0661,1,0.998370
afroxlmr,clean,template,13,chichewa+norm,chi_0662,1,0.139596
afroxlmr,clean,template,13,chichewa+norm,chi_0663,1,0.038313
afroxlmr,clean,template,13,chichewa+norm,chi_0664,1,0.998292
afroxlmr,clean,template,13,chichewa+norm,chi_0665,1,0.998540
afroxlmr,clean,template,13,chichewa+norm,chi_0666,1,0.998147
afroxlmr,clean,template,13,chichewa+norm,chi_0667,1,0.998568
afroxlmr,clean,template,13,chichewa+norm,chi_0668,0,0.001265
afroxlmr,clean,template,13,chichewa+norm,chi_0669,0,0.002822
afroxlmr,clean,template,13,chichewa+norm,chi_0670,0,0.921714
afroxlmr,clean,template,13,chichewa+norm,chi_0671,0,0.996356
afroxlmr,clean,template,13,chichewa+norm,chi_0672,0,0.003526
afroxlmr,clean,template,13,chichewa+norm,chi_0673,0,0.997371
afroxlmr,clean,template,13,chichewa+norm,chi_0674,0,0.998635
afroxlmr,clean,template,13,chichewa+norm,chi_0675,0,0.998585
afroxlmr,clean,template,13,chichewa+norm,chi_0676,0,0.890157
afroxlmr,clean,template,13,chichewa+norm,chi_0677,0,0.864958
afroxlmr,clean,template,13,chichewa+norm,chi_0678,0,0.996790
afroxlmr,clean,template,13,chichewa+norm,chi_0679,0,0.993631
afroxlmr,clean,template,13,chichewa+norm,chi_0680,0,0.994489
afroxlmr,clean,template,13,chichewa+norm,chi_0681,0,0.998396
afroxlmr,clean,template,13,chichewa+norm,chi_0682,0,0.979613
afroxlmr,clean,template,13,chichewa+norm,chi_0683,0,0.995890
afroxlmr,clean,template,13,chichewa+norm,chi_0684,0,0.996747
afroxlmr,clean,template,13,chichewa+norm,chi_0685,0,0.985079
afroxlmr,clean,template,13,chichewa+norm,chi_0686,0,0.979333
afroxlmr,clean,template,13,chichewa+norm,chi_0687,0,0.810466
afroxlmr,clean,template,13,chichewa+norm,chi_0688,0,0.863643
afroxlmr,clean,template,13,chichewa+norm,chi_0689,0,0.688549
afroxlmr,clean,template,13,chichewa+norm,chi_0690,0,0.811696
afroxlmr,clean,template,13,chichewa+norm,chi_0691,0,0.008046
afroxlmr,clean,template,13,chichewa+norm,chi_0692,0,0.017022
afroxlmr,clean,template,13,chichewa+norm,chi_0693,0,0.995804
afroxlmr,clean,template,13,chichewa+norm,chi_0694,0,0.995922
afroxlmr,clean,template,13,chichewa+norm,chi_0695,0,0.029228
afroxlmr,clean,template,13,chichewa+norm,chi_0696,0,0.001926
afroxlmr,clean,template,13,chichewa+norm,chi_0697,0,0.771959
afroxlmr,clean,template,13,chichewa+norm,chi_0698,0,0.005729
afroxlmr,clean,template,13,chichewa+norm,chi_0699,0,0.990128
afroxlmr,clean,template,13,chichewa+norm,chi_0700,0,0.880225
afroxlmr,clean,template,13,chichewa+norm,chi_0701,0,0.996478
afroxlmr,clean,template,13,chichewa+norm,chi_0702,0,0.720911
afroxlmr,clean,template,13,chichewa+norm,chi_0703,0,0.997398
afroxlmr,clean,template,13,chichewa+norm,chi_0704,0,0.915650
afroxlmr,clean,template,13,chichewa+norm,chi_0705,0,0.997084
afroxlmr,clean,template,13,chichewa+norm,chi_0706,0,0.996094
afroxlmr,clean,template,13,chichewa+norm,chi_0707,0,0.249709
afroxlmr,clean,template,13,chichewa+norm,chi_0708,0,0.997523
afroxlmr,clean,template,13,chichewa+norm,chi_0709,0,0.997639
afroxlmr,clean,template,13,chichewa+norm,chi_0710,0,0.006696
afroxlmr,clean,template,13,chichewa+norm,chi_0711,0,0.997766
afroxlmr,clean,template,13,chichewa+norm,chi_0712,0,0.997457
afroxlmr,clean,template,13,chichewa+norm,chi_0713,0,0.005664
afroxlmr,clean,template,13,chichewa+norm,chi_0714,0,0.004805
afroxlmr,clean,template,13,chichewa+norm,chi_0715,0,0.969740
afroxlmr,clean,template,13,chichewa+norm,chi_0716,0,0.803098
afroxlmr,clean,template,13,chichewa+norm,chi_0717,0,0.721903
afroxlmr,clean,template,13,chichewa+norm,chi_0718,0,0.775308
afroxlmr,clean,template,13,chichewa+norm,chi_0719,0,0.061845
afroxlmr,clean,template,13,chichewa+norm,chi_0720,0,0.025187
afroxlmr,clean,template,13,chichewa+norm,chi_0721,0,0.997330
afroxlmr,clean,template,13,chichewa+norm,chi_0722,0,0.008243
afroxlmr,clean,template,13,chichewa+norm,chi_0723,0,0.008251
afroxlmr,clean,template,13,chichewa+norm,chi_0724,0,0.900231
afroxlmr,clean,template,13,chichewa+norm,chi_0725,0,0.921827
afroxlmr,clean,template,13,chichewa+norm,chi_0726,0,0.997256
afroxlmr,clean,template,13,chichewa+norm,chi_0727,0,0.997385
afroxlmr,clean,template,13,chichewa+norm,chi_0728,0,0.971898
afroxlmr,clean,template,13,chichewa+norm,chi_0729,0,0.993566
afroxlmr,clean,template,13,chichewa+norm,chi_0730,0,0.017665
afroxlmr,clean,template,13,chichewa+norm,chi_0731,0,0.968572
afroxlmr,clean,template,13,chichewa+norm,chi_0732,0,0.998063
