model,variant,split,seed,set,id,label,prob
bilstm_frozen,advtrain,template,2026,val,bongo_0004,1,0.999641
bilstm_frozen,advtrain,template,2026,val,bongo_0007,1,0.999251
bilstm_frozen,advtrain,template,2026,val,bongo_0008,0,0.000077
bilstm_frozen,advtrain,template,2026,val,bongo_0031,1,0.999641
bilstm_frozen,advtrain,template,2026,val,bongo_0033,0,0.000023
bilstm_frozen,advtrain,template,2026,val,bongo_0036,1,0.999319
bilstm_frozen,advtrain,template,2026,val,bongo_0046,1,0.999641
bilstm_frozen,advtrain,template,2026,val,bongo_0052,1,0.999395
bilstm_frozen,advtrain,template,2026,val,bongo_0057,1,0.998377
bilstm_frozen,advtrain,template,2026,val,bongo_0063,0,0.000041
bilstm_frozen,advtrain,template,2026,val,bongo_0065,0,0.000164
bilstm_frozen,advtrain,template,2026,val,bongo_0076,0,0.000023
bilstm_frozen,advtrain,template,2026,val,bongo_0081,0,0.000047
bilstm_frozen,advtrain,template,2026,val,bongo_0088,1,0.999489
bilstm_frozen,advtrain,template,2026,val,bongo_0089,1,0.999641
bilstm_frozen,advtrain,template,2026,val,bongo_0095,0,0.000013
bilstm_frozen,advtrain,template,2026,val,bongo_0101,1,0.999074
bilstm_frozen,advtrain,template,2026,val,bongo_0102,1,0.999809
bilstm_frozen,advtrain,template,2026,val,bongo_0103,1,0.993411
bilstm_frozen,advtrain,template,2026,val,bongo_0105,0,0.000024
bilstm_frozen,advtrain,template,2026,val,bongo_0111,0,0.000074
bilstm_frozen,advtrain,template,2026,val,bongo_0120,1,0.999641
bilstm_frozen,advtrain,template,2026,val,bongo_0121,0,0.000086
bilstm_frozen,advtrain,template,2026,val,bongo_0127,0,0.000007
bilstm_frozen,advtrain,template,2026,val,bongo_0145,0,0.000063
bilstm_frozen,advtrain,template,2026,val,bongo_0148,0,0.002746
bilstm_frozen,advtrain,template,2026,val,bongo_0181,1,0.995307
bilstm_frozen,advtrain,template,2026,val,bongo_0186,0,0.000035
bilstm_frozen,advtrain,template,2026,val,bongo_0191,0,0.000183
bilstm_frozen,advtrain,template,2026,val,bongo_0210,1,0.998888
bilstm_frozen,advtrain,template,2026,val,bongo_0226,1,0.999641
bilstm_frozen,advtrain,template,2026,val,bongo_0228,1,0.999641
bilstm_frozen,advtrain,template,2026,val,bongo_0235,1,0.999641
bilstm_frozen,advtrain,template,2026,val,bongo_0243,1,0.999784
bilstm_frozen,advtrain,template,2026,val,bongo_0247,1,0.999794
bilstm_frozen,advtrain,template,2026,val,bongo_0248,1,0.999839
bilstm_frozen,advtrain,template,2026,val,bongo_0264,0,0.001478
bilstm_frozen,advtrain,template,2026,val,bongo_0275,0,0.000110
bilstm_frozen,advtrain,template,2026,val,bongo_0278,1,0.999791
bilstm_frozen,advtrain,template,2026,val,bongo_0312,1,0.999641
bilstm_frozen,advtrain,template,2026,val,bongo_0315,1,0.999411
bilstm_frozen,advtrain,template,2026,val,bongo_0319,1,0.999902
bilstm_frozen,advtrain,template,2026,val,bongo_0353,1,0.999709
bilstm_frozen,advtrain,template,2026,val,bongo_0370,1,0.999531
bilstm_frozen,advtrain,template,2026,val,bongo_0377,1,0.999481
bilstm_frozen,advtrain,template,2026,val,bongo_0393,0,0.000130
bilstm_frozen,advtrain,template,2026,val,bongo_0403,1,0.999783
bilstm_frozen,advtrain,template,2026,val,bongo_0410,0,0.000034
bilstm_frozen,advtrain,template,2026,val,bongo_0411,0,0.000054
bilstm_frozen,advtrain,template,2026,val,bongo_0426,0,0.000019
bilstm_frozen,advtrain,template,2026,val,bongo_0430,0,0.015366
bilstm_frozen,advtrain,template,2026,val,bongo_0438,1,0.998034
bilstm_frozen,advtrain,template,2026,val,bongo_0451,1,0.999020
bilstm_frozen,advtrain,template,2026,val,bongo_0455,1,0.999075
bilstm_frozen,advtrain,template,2026,val,bongo_0466,1,0.999491
bilstm_frozen,advtrain,template,2026,val,bongo_0495,0,0.003359
bilstm_frozen,advtrain,template,2026,val,bongo_0499,1,0.999689
bilstm_frozen,advtrain,template,2026,val,bongo_0502,1,0.999846
bilstm_frozen,advtrain,template,2026,val,bongo_0548,0,0.000153
bilstm_frozen,advtrain,template,2026,val,bongo_0556,1,0.999844
bilstm_frozen,advtrain,template,2026,val,bongo_0557,1,0.999848
bilstm_frozen,advtrain,template,2026,val,bongo_0561,0,0.004358
bilstm_frozen,advtrain,template,2026,val,bongo_0563,0,0.000048
bilstm_frozen,advtrain,template,2026,val,bongo_0570,1,0.999641
bilstm_frozen,advtrain,template,2026,val,bongo_0581,0,0.000012
bilstm_frozen,advtrain,template,2026,val,bongo_0587,1,0.999848
bilstm_frozen,advtrain,template,2026,val,bongo_0593,0,0.000023
bilstm_frozen,advtrain,template,2026,val,bongo_0607,0,0.000059
bilstm_frozen,advtrain,template,2026,val,bongo_0610,0,0.000011
bilstm_frozen,advtrain,template,2026,val,bongo_0632,1,0.999912
bilstm_frozen,advtrain,template,2026,val,bongo_0634,0,0.000116
bilstm_frozen,advtrain,template,2026,val,bongo_0637,1,0.999596
bilstm_frozen,advtrain,template,2026,val,bongo_0643,0,0.000060
bilstm_frozen,advtrain,template,2026,val,bongo_0666,1,0.999491
bilstm_frozen,advtrain,template,2026,val,bongo_0672,0,0.000333
bilstm_frozen,advtrain,template,2026,val,bongo_0680,1,0.999272
bilstm_frozen,advtrain,template,2026,val,bongo_0681,0,0.000036
bilstm_frozen,advtrain,template,2026,val,bongo_0693,0,0.000987
bilstm_frozen,advtrain,template,2026,val,bongo_0694,0,0.004365
bilstm_frozen,advtrain,template,2026,val,bongo_0698,1,0.999641
bilstm_frozen,advtrain,template,2026,val,bongo_0726,0,0.000183
bilstm_frozen,advtrain,template,2026,val,bongo_0742,0,0.000030
bilstm_frozen,advtrain,template,2026,val,bongo_0752,0,0.000084
bilstm_frozen,advtrain,template,2026,val,bongo_0754,0,0.000007
bilstm_frozen,advtrain,template,2026,val,bongo_0762,1,0.998990
bilstm_frozen,advtrain,template,2026,val,bongo_0764,1,0.999907
bilstm_frozen,advtrain,template,2026,val,bongo_0788,1,0.999785
bilstm_frozen,advtrain,template,2026,val,bongo_0805,0,0.002394
bilstm_frozen,advtrain,template,2026,val,bongo_0809,0,0.004645
bilstm_frozen,advtrain,template,2026,val,bongo_0811,1,0.999661
bilstm_frozen,advtrain,template,2026,val,bongo_0823,1,0.999485
bilstm_frozen,advtrain,template,2026,val,bongo_0827,1,0.999646
bilstm_frozen,advtrain,template,2026,val,bongo_0833,0,0.017834
bilstm_frozen,advtrain,template,2026,val,bongo_0844,1,0.999641
bilstm_frozen,advtrain,template,2026,val,bongo_0869,1,0.999702
bilstm_frozen,advtrain,template,2026,val,bongo_0880,1,0.999783
bilstm_frozen,advtrain,template,2026,val,bongo_0886,1,0.998652
bilstm_frozen,advtrain,template,2026,val,bongo_0911,1,0.999536
bilstm_frozen,advtrain,template,2026,val,bongo_0919,0,0.000072
bilstm_frozen,advtrain,template,2026,val,bongo_0921,1,0.999430
bilstm_frozen,advtrain,template,2026,val,bongo_0922,0,0.000040
bilstm_frozen,advtrain,template,2026,val,bongo_0923,1,0.999496
bilstm_frozen,advtrain,template,2026,val,bongo_0943,1,0.999531
bilstm_frozen,advtrain,template,2026,val,bongo_0948,1,0.999573
bilstm_frozen,advtrain,template,2026,val,bongo_0949,1,0.999074
bilstm_frozen,advtrain,template,2026,val,bongo_0959,1,0.997747
bilstm_frozen,advtrain,template,2026,val,bongo_0961,1,0.999590
bilstm_frozen,advtrain,template,2026,val,bongo_0973,0,0.000037
bilstm_frozen,advtrain,template,2026,val,bongo_0988,0,0.000058
bilstm_frozen,advtrain,template,2026,val,bongo_0992,0,0.006266
bilstm_frozen,advtrain,template,2026,val,bongo_1001,1,0.999588
bilstm_frozen,advtrain,template,2026,val,bongo_1028,1,0.999769
bilstm_frozen,advtrain,template,2026,val,bongo_1039,0,0.000039
bilstm_frozen,advtrain,template,2026,val,bongo_1044,0,0.000021
bilstm_frozen,advtrain,template,2026,val,bongo_1082,0,0.025294
bilstm_frozen,advtrain,template,2026,val,bongo_1086,1,0.999532
bilstm_frozen,advtrain,template,2026,val,bongo_1099,0,0.004202
bilstm_frozen,advtrain,template,2026,val,bongo_1101,1,0.999861
bilstm_frozen,advtrain,template,2026,val,bongo_1108,0,0.000025
bilstm_frozen,advtrain,template,2026,val,bongo_1109,0,0.000053
bilstm_frozen,advtrain,template,2026,val,bongo_1120,0,0.000022
bilstm_frozen,advtrain,template,2026,val,bongo_1124,0,0.000025
bilstm_frozen,advtrain,template,2026,val,bongo_1130,1,0.999913
bilstm_frozen,advtrain,template,2026,val,bongo_1132,1,0.999128
bilstm_frozen,advtrain,template,2026,val,bongo_1137,1,0.999533
bilstm_frozen,advtrain,template,2026,val,bongo_1145,0,0.000109
bilstm_frozen,advtrain,template,2026,val,bongo_1153,0,0.000016
bilstm_frozen,advtrain,template,2026,val,bongo_1161,0,0.000117
bilstm_frozen,advtrain,template,2026,val,bongo_1162,0,0.076189
bilstm_frozen,advtrain,template,2026,val,bongo_1163,1,0.999450
bilstm_frozen,advtrain,template,2026,val,bongo_1166,1,0.999889
bilstm_frozen,advtrain,template,2026,val,bongo_1197,1,0.997619
bilstm_frozen,advtrain,template,2026,val,bongo_1203,1,0.999527
bilstm_frozen,advtrain,template,2026,val,bongo_1212,0,0.000031
bilstm_frozen,advtrain,template,2026,val,bongo_1213,1,0.999504
bilstm_frozen,advtrain,template,2026,val,bongo_1216,0,0.000917
bilstm_frozen,advtrain,template,2026,val,bongo_1224,1,0.993694
bilstm_frozen,advtrain,template,2026,val,bongo_1247,1,0.999525
bilstm_frozen,advtrain,template,2026,val,bongo_1251,1,0.999641
bilstm_frozen,advtrain,template,2026,val,bongo_1257,1,0.999489
bilstm_frozen,advtrain,template,2026,val,bongo_1258,1,0.999641
bilstm_frozen,advtrain,template,2026,val,bongo_1265,0,0.000056
bilstm_frozen,advtrain,template,2026,val,bongo_1272,0,0.000187
bilstm_frozen,advtrain,template,2026,val,bongo_1275,0,0.000016
bilstm_frozen,advtrain,template,2026,val,bongo_1296,0,0.000035
bilstm_frozen,advtrain,template,2026,val,bongo_1299,1,0.999128
bilstm_frozen,advtrain,template,2026,val,bongo_1307,1,0.999853
bilstm_frozen,advtrain,template,2026,val,bongo_1328,0,0.000040
bilstm_frozen,advtrain,template,2026,val,bongo_1335,0,0.044539
bilstm_frozen,advtrain,template,2026,val,bongo_1341,0,0.000164
bilstm_frozen,advtrain,template,2026,val,bongo_1349,0,0.000054
bilstm_frozen,advtrain,template,2026,val,bongo_1360,0,0.000023
bilstm_frozen,advtrain,template,2026,test,bongo_0025,1,0.999774
bilstm_frozen,advtrain,template,2026,test,bongo_0029,0,0.046893
bilstm_frozen,advtrain,template,2026,test,bongo_0039,1,0.999784
bilstm_frozen,advtrain,template,2026,test,bongo_0047,1,0.999733
bilstm_frozen,advtrain,template,2026,test,bongo_0053,0,0.000034
bilstm_frozen,advtrain,template,2026,test,bongo_0055,1,0.236630
bilstm_frozen,advtrain,template,2026,test,bongo_0061,1,0.999819
bilstm_frozen,advtrain,template,2026,test,bongo_0097,0,0.000570
bilstm_frozen,advtrain,template,2026,test,bongo_0107,0,0.000012
bilstm_frozen,advtrain,template,2026,test,bongo_0110,0,0.000008
bilstm_frozen,advtrain,template,2026,test,bongo_0112,1,0.274896
bilstm_frozen,advtrain,template,2026,test,bongo_0115,0,0.000156
bilstm_frozen,advtrain,template,2026,test,bongo_0143,0,0.000018
bilstm_frozen,advtrain,template,2026,test,bongo_0146,1,0.999506
bilstm_frozen,advtrain,template,2026,test,bongo_0154,1,0.999538
bilstm_frozen,advtrain,template,2026,test,bongo_0159,1,0.235829
bilstm_frozen,advtrain,template,2026,test,bongo_0160,0,0.000046
bilstm_frozen,advtrain,template,2026,test,bongo_0172,0,0.089296
bilstm_frozen,advtrain,template,2026,test,bongo_0173,1,0.065709
bilstm_frozen,advtrain,template,2026,test,bongo_0175,0,0.000019
bilstm_frozen,advtrain,template,2026,test,bongo_0182,0,0.000006
bilstm_frozen,advtrain,template,2026,test,bongo_0195,1,0.998007
bilstm_frozen,advtrain,template,2026,test,bongo_0197,0,0.000030
bilstm_frozen,advtrain,template,2026,test,bongo_0201,1,0.999905
bilstm_frozen,advtrain,template,2026,test,bongo_0203,1,0.999729
bilstm_frozen,advtrain,template,2026,test,bongo_0250,1,0.235829
bilstm_frozen,advtrain,template,2026,test,bongo_0253,0,0.000562
bilstm_frozen,advtrain,template,2026,test,bongo_0255,1,0.192605
bilstm_frozen,advtrain,template,2026,test,bongo_0265,1,0.048937
bilstm_frozen,advtrain,template,2026,test,bongo_0271,0,0.000027
bilstm_frozen,advtrain,template,2026,test,bongo_0300,0,0.000041
bilstm_frozen,advtrain,template,2026,test,bongo_0306,0,0.000122
bilstm_frozen,advtrain,template,2026,test,bongo_0356,1,0.275301
bilstm_frozen,advtrain,template,2026,test,bongo_0360,1,0.999492
bilstm_frozen,advtrain,template,2026,test,bongo_0361,1,0.999727
bilstm_frozen,advtrain,template,2026,test,bongo_0363,0,0.000042
bilstm_frozen,advtrain,template,2026,test,bongo_0368,0,0.001001
bilstm_frozen,advtrain,template,2026,test,bongo_0372,0,0.000109
bilstm_frozen,advtrain,template,2026,test,bongo_0380,1,0.192954
bilstm_frozen,advtrain,template,2026,test,bongo_0389,0,0.000025
bilstm_frozen,advtrain,template,2026,test,bongo_0395,0,0.000787
bilstm_frozen,advtrain,template,2026,test,bongo_0405,1,0.999061
bilstm_frozen,advtrain,template,2026,test,bongo_0424,1,0.999892
bilstm_frozen,advtrain,template,2026,test,bongo_0427,0,0.000401
bilstm_frozen,advtrain,template,2026,test,bongo_0434,1,0.236630
bilstm_frozen,advtrain,template,2026,test,bongo_0463,0,0.007451
bilstm_frozen,advtrain,template,2026,test,bongo_0476,1,0.998456
bilstm_frozen,advtrain,template,2026,test,bongo_0510,1,0.999403
bilstm_frozen,advtrain,template,2026,test,bongo_0531,0,0.000234
bilstm_frozen,advtrain,template,2026,test,bongo_0542,0,0.000018
bilstm_frozen,advtrain,template,2026,test,bongo_0545,0,0.000024
bilstm_frozen,advtrain,template,2026,test,bongo_0560,1,0.999326
bilstm_frozen,advtrain,template,2026,test,bongo_0565,1,0.204310
bilstm_frozen,advtrain,template,2026,test,bongo_0566,1,0.999801
bilstm_frozen,advtrain,template,2026,test,bongo_0571,0,0.000019
bilstm_frozen,advtrain,template,2026,test,bongo_0577,1,0.999025
bilstm_frozen,advtrain,template,2026,test,bongo_0580,1,0.997913
bilstm_frozen,advtrain,template,2026,test,bongo_0621,1,0.998810
bilstm_frozen,advtrain,template,2026,test,bongo_0624,1,0.999687
bilstm_frozen,advtrain,template,2026,test,bongo_0630,0,0.000400
bilstm_frozen,advtrain,template,2026,test,bongo_0638,1,0.999711
bilstm_frozen,advtrain,template,2026,test,bongo_0648,0,0.040359
bilstm_frozen,advtrain,template,2026,test,bongo_0674,0,0.000016
bilstm_frozen,advtrain,template,2026,test,bongo_0685,0,0.039352
bilstm_frozen,advtrain,template,2026,test,bongo_0697,1,0.204310
bilstm_frozen,advtrain,template,2026,test,bongo_0701,0,0.000031
bilstm_frozen,advtrain,template,2026,test,bongo_0706,1,0.276646
bilstm_frozen,advtrain,template,2026,test,bongo_0719,1,0.193031
bilstm_frozen,advtrain,template,2026,test,bongo_0721,1,0.999239
bilstm_frozen,advtrain,template,2026,test,bongo_0724,1,0.203970
bilstm_frozen,advtrain,template,2026,test,bongo_0729,1,0.997676
bilstm_frozen,advtrain,template,2026,test,bongo_0741,0,0.000021
bilstm_frozen,advtrain,template,2026,test,bongo_0749,1,0.259458
bilstm_frozen,advtrain,template,2026,test,bongo_0769,1,0.998767
bilstm_frozen,advtrain,template,2026,test,bongo_0770,1,0.236630
bilstm_frozen,advtrain,template,2026,test,bongo_0778,1,0.260951
bilstm_frozen,advtrain,template,2026,test,bongo_0787,1,0.999492
bilstm_frozen,advtrain,template,2026,test,bongo_0795,0,0.000320
bilstm_frozen,advtrain,template,2026,test,bongo_0806,1,0.203970
bilstm_frozen,advtrain,template,2026,test,bongo_0807,1,0.999304
bilstm_frozen,advtrain,template,2026,test,bongo_0818,0,0.010798
bilstm_frozen,advtrain,template,2026,test,bongo_0819,0,0.000204
bilstm_frozen,advtrain,template,2026,test,bongo_0835,0,0.000019
bilstm_frozen,advtrain,template,2026,test,bongo_0840,1,0.999491
bilstm_frozen,advtrain,template,2026,test,bongo_0855,1,0.204424
bilstm_frozen,advtrain,template,2026,test,bongo_0856,0,0.000092
bilstm_frozen,advtrain,template,2026,test,bongo_0864,1,0.999783
bilstm_frozen,advtrain,template,2026,test,bongo_0871,1,0.999693
bilstm_frozen,advtrain,template,2026,test,bongo_0872,0,0.005578
bilstm_frozen,advtrain,template,2026,test,bongo_0904,0,0.000395
bilstm_frozen,advtrain,template,2026,test,bongo_0905,1,0.999791
bilstm_frozen,advtrain,template,2026,test,bongo_0909,1,0.998986
bilstm_frozen,advtrain,template,2026,test,bongo_0917,1,0.235265
bilstm_frozen,advtrain,template,2026,test,bongo_0918,1,0.999297
bilstm_frozen,advtrain,template,2026,test,bongo_0950,0,0.000038
bilstm_frozen,advtrain,template,2026,test,bongo_0955,1,0.999899
bilstm_frozen,advtrain,template,2026,test,bongo_0956,0,0.000019
bilstm_frozen,advtrain,template,2026,test,bongo_0971,0,0.000023
bilstm_frozen,advtrain,template,2026,test,bongo_0983,0,0.000225
bilstm_frozen,advtrain,template,2026,test,bongo_0989,1,0.999693
bilstm_frozen,advtrain,template,2026,test,bongo_0994,0,0.000564
bilstm_frozen,advtrain,template,2026,test,bongo_1003,1,0.999199
bilstm_frozen,advtrain,template,2026,test,bongo_1006,0,0.000057
bilstm_frozen,advtrain,template,2026,test,bongo_1012,1,0.259698
bilstm_frozen,advtrain,template,2026,test,bongo_1015,0,0.000017
bilstm_frozen,advtrain,template,2026,test,bongo_1022,1,0.193709
bilstm_frozen,advtrain,template,2026,test,bongo_1037,0,0.000065
bilstm_frozen,advtrain,template,2026,test,bongo_1040,0,0.000033
bilstm_frozen,advtrain,template,2026,test,bongo_1042,1,0.999497
bilstm_frozen,advtrain,template,2026,test,bongo_1047,1,0.999785
bilstm_frozen,advtrain,template,2026,test,bongo_1050,0,0.000020
bilstm_frozen,advtrain,template,2026,test,bongo_1052,1,0.999460
bilstm_frozen,advtrain,template,2026,test,bongo_1059,0,0.000011
bilstm_frozen,advtrain,template,2026,test,bongo_1071,0,0.000055
bilstm_frozen,advtrain,template,2026,test,bongo_1090,0,0.000014
bilstm_frozen,advtrain,template,2026,test,bongo_1104,1,0.999893
bilstm_frozen,advtrain,template,2026,test,bongo_1115,0,0.000009
bilstm_frozen,advtrain,template,2026,test,bongo_1123,0,0.000078
bilstm_frozen,advtrain,template,2026,test,bongo_1125,0,0.017005
bilstm_frozen,advtrain,template,2026,test,bongo_1127,1,0.124918
bilstm_frozen,advtrain,template,2026,test,bongo_1131,1,0.999834
bilstm_frozen,advtrain,template,2026,test,bongo_1134,1,0.273894
bilstm_frozen,advtrain,template,2026,test,bongo_1135,0,0.000701
bilstm_frozen,advtrain,template,2026,test,bongo_1136,1,0.999408
bilstm_frozen,advtrain,template,2026,test,bongo_1138,1,0.999784
bilstm_frozen,advtrain,template,2026,test,bongo_1140,1,0.999128
bilstm_frozen,advtrain,template,2026,test,bongo_1154,1,0.999550
bilstm_frozen,advtrain,template,2026,test,bongo_1155,0,0.000022
bilstm_frozen,advtrain,template,2026,test,bongo_1171,1,0.999893
bilstm_frozen,advtrain,template,2026,test,bongo_1181,1,0.998905
bilstm_frozen,advtrain,template,2026,test,bongo_1185,1,0.192539
bilstm_frozen,advtrain,template,2026,test,bongo_1194,0,0.001805
bilstm_frozen,advtrain,template,2026,test,bongo_1195,1,0.205070
bilstm_frozen,advtrain,template,2026,test,bongo_1198,0,0.000271
bilstm_frozen,advtrain,template,2026,test,bongo_1204,1,0.235708
bilstm_frozen,advtrain,template,2026,test,bongo_1220,1,0.999790
bilstm_frozen,advtrain,template,2026,test,bongo_1233,1,0.999806
bilstm_frozen,advtrain,template,2026,test,bongo_1236,0,0.000351
bilstm_frozen,advtrain,template,2026,test,bongo_1240,1,0.192605
bilstm_frozen,advtrain,template,2026,test,bongo_1244,0,0.000030
bilstm_frozen,advtrain,template,2026,test,bongo_1249,0,0.000006
bilstm_frozen,advtrain,template,2026,test,bongo_1253,0,0.016226
bilstm_frozen,advtrain,template,2026,test,bongo_1260,0,0.000035
bilstm_frozen,advtrain,template,2026,test,bongo_1262,0,0.015306
bilstm_frozen,advtrain,template,2026,test,bongo_1278,1,0.258615
bilstm_frozen,advtrain,template,2026,test,bongo_1285,0,0.000022
bilstm_frozen,advtrain,template,2026,test,bongo_1293,1,0.999435
bilstm_frozen,advtrain,template,2026,test,bongo_1316,0,0.000149
bilstm_frozen,advtrain,template,2026,test,bongo_1327,1,0.235186
bilstm_frozen,advtrain,template,2026,test,bongo_1330,0,0.049167
bilstm_frozen,advtrain,template,2026,test,bongo_1359,0,0.000247
bilstm_frozen,advtrain,template,2026,test,bongo_1375,0,0.000046
bilstm_frozen,advtrain,template,2026,test_lookalike_1,bongo_0025,1,0.999705
bilstm_frozen,advtrain,template,2026,test_lookalike_1,bongo_0029,0,0.046893
bilstm_frozen,advtrain,template,2026,test_lookalike_1,bongo_0039,1,0.999808
bilstm_frozen,advtrain,template,2026,test_lookalike_1,bongo_0047,1,0.999730
bilstm_frozen,advtrain,template,2026,test_lookalike_1,bongo_0053,0,0.000034
bilstm_frozen,advtrain,template,2026,test_lookalike_1,bongo_0055,1,0.242120
bilstm_frozen,advtrain,template,2026,test_lookalike_1,bongo_0061,1,0.999836
bilstm_frozen,advtrain,template,2026,test_lookalike_1,bongo_0097,0,0.000570
bilstm_frozen,advtrain,template,2026,test_lookalike_1,bongo_0107,0,0.000012
bilstm_frozen,advtrain,template,2026,test_lookalike_1,bongo_0110,0,0.000008
bilstm_frozen,advtrain,template,2026,test_lookalike_1,bongo_0112,1,0.283751
bilstm_frozen,advtrain,template,2026,test_lookalike_1,bongo_0115,0,0.000156
bilstm_frozen,advtrain,template,2026,test_lookalike_1,bongo_0143,0,0.000018
bilstm_frozen,advtrain,template,2026,test_lookalike_1,bongo_0146,1,0.999498
bilstm_frozen,advtrain,template,2026,test_lookalike_1,bongo_0154,1,0.999718
bilstm_frozen,advtrain,template,2026,test_lookalike_1,bongo_0159,1,0.242098
bilstm_frozen,advtrain,template,2026,test_lookalike_1,bongo_0160,0,0.000046
bilstm_frozen,advtrain,template,2026,test_lookalike_1,bongo_0172,0,0.089296
bilstm_frozen,advtrain,template,2026,test_lookalike_1,bongo_0173,1,0.021653
bilstm_frozen,advtrain,template,2026,test_lookalike_1,bongo_0175,0,0.000019
bilstm_frozen,advtrain,template,2026,test_lookalike_1,bongo_0182,0,0.000006
bilstm_frozen,advtrain,template,2026,test_lookalike_1,bongo_0195,1,0.999433
bilstm_frozen,advtrain,template,2026,test_lookalike_1,bongo_0197,0,0.000030
bilstm_frozen,advtrain,template,2026,test_lookalike_1,bongo_0201,1,0.999855
bilstm_frozen,advtrain,template,2026,test_lookalike_1,bongo_0203,1,0.999734
bilstm_frozen,advtrain,template,2026,test_lookalike_1,bongo_0250,1,0.241556
bilstm_frozen,advtrain,template,2026,test_lookalike_1,bongo_0253,0,0.000562
bilstm_frozen,advtrain,template,2026,test_lookalike_1,bongo_0255,1,0.167702
bilstm_frozen,advtrain,template,2026,test_lookalike_1,bongo_0265,1,0.171264
bilstm_frozen,advtrain,template,2026,test_lookalike_1,bongo_0271,0,0.000027
bilstm_frozen,advtrain,template,2026,test_lookalike_1,bongo_0300,0,0.000041
bilstm_frozen,advtrain,template,2026,test_lookalike_1,bongo_0306,0,0.000122
bilstm_frozen,advtrain,template,2026,test_lookalike_1,bongo_0356,1,0.282337
bilstm_frozen,advtrain,template,2026,test_lookalike_1,bongo_0360,1,0.999538
bilstm_frozen,advtrain,template,2026,test_lookalike_1,bongo_0361,1,0.999733
bilstm_frozen,advtrain,template,2026,test_lookalike_1,bongo_0363,0,0.000042
bilstm_frozen,advtrain,template,2026,test_lookalike_1,bongo_0368,0,0.001001
bilstm_frozen,advtrain,template,2026,test_lookalike_1,bongo_0372,0,0.000109
bilstm_frozen,advtrain,template,2026,test_lookalike_1,bongo_0380,1,0.198091
bilstm_frozen,advtrain,template,2026,test_lookalike_1,bongo_0389,0,0.000025
bilstm_frozen,advtrain,template,2026,test_lookalike_1,bongo_0395,0,0.000787
bilstm_frozen,advtrain,template,2026,test_lookalike_1,bongo_0405,1,0.999249
bilstm_frozen,advtrain,template,2026,test_lookalike_1,bongo_0424,1,0.999834
bilstm_frozen,advtrain,template,2026,test_lookalike_1,bongo_0427,0,0.000401
bilstm_frozen,advtrain,template,2026,test_lookalike_1,bongo_0434,1,0.242074
bilstm_frozen,advtrain,template,2026,test_lookalike_1,bongo_0463,0,0.007451
bilstm_frozen,advtrain,template,2026,test_lookalike_1,bongo_0476,1,0.999381
bilstm_frozen,advtrain,template,2026,test_lookalike_1,bongo_0510,1,0.999491
bilstm_frozen,advtrain,template,2026,test_lookalike_1,bongo_0531,0,0.000234
bilstm_frozen,advtrain,template,2026,test_lookalike_1,bongo_0542,0,0.000018
bilstm_frozen,advtrain,template,2026,test_lookalike_1,bongo_0545,0,0.000024
bilstm_frozen,advtrain,template,2026,test_lookalike_1,bongo_0560,1,0.999617
bilstm_frozen,advtrain,template,2026,test_lookalike_1,bongo_0565,1,0.209553
bilstm_frozen,advtrain,template,2026,test_lookalike_1,bongo_0566,1,0.999812
bilstm_frozen,advtrain,template,2026,test_lookalike_1,bongo_0571,0,0.000019
bilstm_frozen,advtrain,template,2026,test_lookalike_1,bongo_0577,1,0.999177
bilstm_frozen,advtrain,template,2026,test_lookalike_1,bongo_0580,1,0.999373
bilstm_frozen,advtrain,template,2026,test_lookalike_1,bongo_0621,1,0.999400
bilstm_frozen,advtrain,template,2026,test_lookalike_1,bongo_0624,1,0.999554
bilstm_frozen,advtrain,template,2026,test_lookalike_1,bongo_0630,0,0.000400
bilstm_frozen,advtrain,template,2026,test_lookalike_1,bongo_0638,1,0.999721
bilstm_frozen,advtrain,template,2026,test_lookalike_1,bongo_0648,0,0.040359
bilstm_frozen,advtrain,template,2026,test_lookalike_1,bongo_0674,0,0.000016
bilstm_frozen,advtrain,template,2026,test_lookalike_1,bongo_0685,0,0.039352
bilstm_frozen,advtrain,template,2026,test_lookalike_1,bongo_0697,1,0.209232
bilstm_frozen,advtrain,template,2026,test_lookalike_1,bongo_0701,0,0.000031
bilstm_frozen,advtrain,template,2026,test_lookalike_1,bongo_0706,1,0.283729
bilstm_frozen,advtrain,template,2026,test_lookalike_1,bongo_0719,1,0.197650
bilstm_frozen,advtrain,template,2026,test_lookalike_1,bongo_0721,1,0.999386
bilstm_frozen,advtrain,template,2026,test_lookalike_1,bongo_0724,1,0.181151
bilstm_frozen,advtrain,template,2026,test_lookalike_1,bongo_0729,1,0.998867
bilstm_frozen,advtrain,template,2026,test_lookalike_1,bongo_0741,0,0.000021
bilstm_frozen,advtrain,template,2026,test_lookalike_1,bongo_0749,1,0.268460
bilstm_frozen,advtrain,template,2026,test_lookalike_1,bongo_0769,1,0.999216
bilstm_frozen,advtrain,template,2026,test_lookalike_1,bongo_0770,1,0.243367
bilstm_frozen,advtrain,template,2026,test_lookalike_1,bongo_0778,1,0.270800
bilstm_frozen,advtrain,template,2026,test_lookalike_1,bongo_0787,1,0.999537
bilstm_frozen,advtrain,template,2026,test_lookalike_1,bongo_0795,0,0.000320
bilstm_frozen,advtrain,template,2026,test_lookalike_1,bongo_0806,1,0.181965
bilstm_frozen,advtrain,template,2026,test_lookalike_1,bongo_0807,1,0.999781
bilstm_frozen,advtrain,template,2026,test_lookalike_1,bongo_0818,0,0.010798
bilstm_frozen,advtrain,template,2026,test_lookalike_1,bongo_0819,0,0.000204
bilstm_frozen,advtrain,template,2026,test_lookalike_1,bongo_0835,0,0.000019
bilstm_frozen,advtrain,template,2026,test_lookalike_1,bongo_0840,1,0.999536
bilstm_frozen,advtrain,template,2026,test_lookalike_1,bongo_0855,1,0.209518
bilstm_frozen,advtrain,template,2026,test_lookalike_1,bongo_0856,0,0.000092
bilstm_frozen,advtrain,template,2026,test_lookalike_1,bongo_0864,1,0.999792
bilstm_frozen,advtrain,template,2026,test_lookalike_1,bongo_0871,1,0.999591
bilstm_frozen,advtrain,template,2026,test_lookalike_1,bongo_0872,0,0.005578
bilstm_frozen,advtrain,template,2026,test_lookalike_1,bongo_0904,0,0.000395
bilstm_frozen,advtrain,template,2026,test_lookalike_1,bongo_0905,1,0.999794
bilstm_frozen,advtrain,template,2026,test_lookalike_1,bongo_0909,1,0.999238
bilstm_frozen,advtrain,template,2026,test_lookalike_1,bongo_0917,1,0.208878
bilstm_frozen,advtrain,template,2026,test_lookalike_1,bongo_0918,1,0.999395
bilstm_frozen,advtrain,template,2026,test_lookalike_1,bongo_0950,0,0.000038
bilstm_frozen,advtrain,template,2026,test_lookalike_1,bongo_0955,1,0.999846
bilstm_frozen,advtrain,template,2026,test_lookalike_1,bongo_0956,0,0.000019
bilstm_frozen,advtrain,template,2026,test_lookalike_1,bongo_0971,0,0.000023
bilstm_frozen,advtrain,template,2026,test_lookalike_1,bongo_0983,0,0.000225
bilstm_frozen,advtrain,template,2026,test_lookalike_1,bongo_0989,1,0.999591
bilstm_frozen,advtrain,template,2026,test_lookalike_1,bongo_0994,0,0.000564
bilstm_frozen,advtrain,template,2026,test_lookalike_1,bongo_1003,1,0.999597
bilstm_frozen,advtrain,template,2026,test_lookalike_1,bongo_1006,0,0.000057
bilstm_frozen,advtrain,template,2026,test_lookalike_1,bongo_1012,1,0.275047
bilstm_frozen,advtrain,template,2026,test_lookalike_1,bongo_1015,0,0.000017
bilstm_frozen,advtrain,template,2026,test_lookalike_1,bongo_1022,1,0.198125
bilstm_frozen,advtrain,template,2026,test_lookalike_1,bongo_1037,0,0.000065
bilstm_frozen,advtrain,template,2026,test_lookalike_1,bongo_1040,0,0.000033
bilstm_frozen,advtrain,template,2026,test_lookalike_1,bongo_1042,1,0.999144
bilstm_frozen,advtrain,template,2026,test_lookalike_1,bongo_1047,1,0.999804
bilstm_frozen,advtrain,template,2026,test_lookalike_1,bongo_1050,0,0.000020
bilstm_frozen,advtrain,template,2026,test_lookalike_1,bongo_1052,1,0.999672
bilstm_frozen,advtrain,template,2026,test_lookalike_1,bongo_1059,0,0.000011
bilstm_frozen,advtrain,template,2026,test_lookalike_1,bongo_1071,0,0.000055
bilstm_frozen,advtrain,template,2026,test_lookalike_1,bongo_1090,0,0.000014
bilstm_frozen,advtrain,template,2026,test_lookalike_1,bongo_1104,1,0.999896
bilstm_frozen,advtrain,template,2026,test_lookalike_1,bongo_1115,0,0.000009
bilstm_frozen,advtrain,template,2026,test_lookalike_1,bongo_1123,0,0.000078
bilstm_frozen,advtrain,template,2026,test_lookalike_1,bongo_1125,0,0.017005
bilstm_frozen,advtrain,template,2026,test_lookalike_1,bongo_1127,1,0.018902
bilstm_frozen,advtrain,template,2026,test_lookalike_1,bongo_1131,1,0.999751
bilstm_frozen,advtrain,template,2026,test_lookalike_1,bongo_1134,1,0.243480
bilstm_frozen,advtrain,template,2026,test_lookalike_1,bongo_1135,0,0.000701
bilstm_frozen,advtrain,template,2026,test_lookalike_1,bongo_1136,1,0.999672
bilstm_frozen,advtrain,template,2026,test_lookalike_1,bongo_1138,1,0.999794
bilstm_frozen,advtrain,template,2026,test_lookalike_1,bongo_1140,1,0.999201
bilstm_frozen,advtrain,template,2026,test_lookalike_1,bongo_1154,1,0.999582
bilstm_frozen,advtrain,template,2026,test_lookalike_1,bongo_1155,0,0.000022
bilstm_frozen,advtrain,template,2026,test_lookalike_1,bongo_1171,1,0.999896
bilstm_frozen,advtrain,template,2026,test_lookalike_1,bongo_1181,1,0.999434
bilstm_frozen,advtrain,template,2026,test_lookalike_1,bongo_1185,1,0.169854
bilstm_frozen,advtrain,template,2026,test_lookalike_1,bongo_1194,0,0.001805
bilstm_frozen,advtrain,template,2026,test_lookalike_1,bongo_1195,1,0.210197
bilstm_frozen,advtrain,template,2026,test_lookalike_1,bongo_1198,0,0.000271
bilstm_frozen,advtrain,template,2026,test_lookalike_1,bongo_1204,1,0.241554
bilstm_frozen,advtrain,template,2026,test_lookalike_1,bongo_1220,1,0.999800
bilstm_frozen,advtrain,template,2026,test_lookalike_1,bongo_1233,1,0.999818
bilstm_frozen,advtrain,template,2026,test_lookalike_1,bongo_1236,0,0.000351
bilstm_frozen,advtrain,template,2026,test_lookalike_1,bongo_1240,1,0.169866
bilstm_frozen,advtrain,template,2026,test_lookalike_1,bongo_1244,0,0.000030
bilstm_frozen,advtrain,template,2026,test_lookalike_1,bongo_1249,0,0.000006
bilstm_frozen,advtrain,template,2026,test_lookalike_1,bongo_1253,0,0.016226
bilstm_frozen,advtrain,template,2026,test_lookalike_1,bongo_1260,0,0.000035
bilstm_frozen,advtrain,template,2026,test_lookalike_1,bongo_1262,0,0.015306
bilstm_frozen,advtrain,template,2026,test_lookalike_1,bongo_1278,1,0.230143
bilstm_frozen,advtrain,template,2026,test_lookalike_1,bongo_1285,0,0.000022
bilstm_frozen,advtrain,template,2026,test_lookalike_1,bongo_1293,1,0.999423
bilstm_frozen,advtrain,template,2026,test_lookalike_1,bongo_1316,0,0.000149
bilstm_frozen,advtrain,template,2026,test_lookalike_1,bongo_1327,1,0.206495
bilstm_frozen,advtrain,template,2026,test_lookalike_1,bongo_1330,0,0.049167
bilstm_frozen,advtrain,template,2026,test_lookalike_1,bongo_1359,0,0.000247
bilstm_frozen,advtrain,template,2026,test_lookalike_1,bongo_1375,0,0.000046
bilstm_frozen,advtrain,template,2026,test_lookalike_3,bongo_0025,1,0.999777
bilstm_frozen,advtrain,template,2026,test_lookalike_3,bongo_0029,0,0.046893
bilstm_frozen,advtrain,template,2026,test_lookalike_3,bongo_0039,1,0.999793
bilstm_frozen,advtrain,template,2026,test_lookalike_3,bongo_0047,1,0.999713
bilstm_frozen,advtrain,template,2026,test_lookalike_3,bongo_0053,0,0.000034
bilstm_frozen,advtrain,template,2026,test_lookalike_3,bongo_0055,1,0.212332
bilstm_frozen,advtrain,template,2026,test_lookalike_3,bongo_0061,1,0.999879
bilstm_frozen,advtrain,template,2026,test_lookalike_3,bongo_0097,0,0.000570
bilstm_frozen,advtrain,template,2026,test_lookalike_3,bongo_0107,0,0.000012
bilstm_frozen,advtrain,template,2026,test_lookalike_3,bongo_0110,0,0.000008
bilstm_frozen,advtrain,template,2026,test_lookalike_3,bongo_0112,1,0.237109
bilstm_frozen,advtrain,template,2026,test_lookalike_3,bongo_0115,0,0.000156
bilstm_frozen,advtrain,template,2026,test_lookalike_3,bongo_0143,0,0.000018
bilstm_frozen,advtrain,template,2026,test_lookalike_3,bongo_0146,1,0.999531
bilstm_frozen,advtrain,template,2026,test_lookalike_3,bongo_0154,1,0.999710
bilstm_frozen,advtrain,template,2026,test_lookalike_3,bongo_0159,1,0.211391
bilstm_frozen,advtrain,template,2026,test_lookalike_3,bongo_0160,0,0.000046
bilstm_frozen,advtrain,template,2026,test_lookalike_3,bongo_0172,0,0.089296
bilstm_frozen,advtrain,template,2026,test_lookalike_3,bongo_0173,1,0.437347
bilstm_frozen,advtrain,template,2026,test_lookalike_3,bongo_0175,0,0.000019
bilstm_frozen,advtrain,template,2026,test_lookalike_3,bongo_0182,0,0.000006
bilstm_frozen,advtrain,template,2026,test_lookalike_3,bongo_0195,1,0.999238
bilstm_frozen,advtrain,template,2026,test_lookalike_3,bongo_0197,0,0.000030
bilstm_frozen,advtrain,template,2026,test_lookalike_3,bongo_0201,1,0.999836
bilstm_frozen,advtrain,template,2026,test_lookalike_3,bongo_0203,1,0.999780
bilstm_frozen,advtrain,template,2026,test_lookalike_3,bongo_0250,1,0.211422
bilstm_frozen,advtrain,template,2026,test_lookalike_3,bongo_0253,0,0.000562
bilstm_frozen,advtrain,template,2026,test_lookalike_3,bongo_0255,1,0.138578
bilstm_frozen,advtrain,template,2026,test_lookalike_3,bongo_0265,1,0.276863
bilstm_frozen,advtrain,template,2026,test_lookalike_3,bongo_0271,0,0.000027
bilstm_frozen,advtrain,template,2026,test_lookalike_3,bongo_0300,0,0.000041
bilstm_frozen,advtrain,template,2026,test_lookalike_3,bongo_0306,0,0.000122
bilstm_frozen,advtrain,template,2026,test_lookalike_3,bongo_0356,1,0.239001
bilstm_frozen,advtrain,template,2026,test_lookalike_3,bongo_0360,1,0.999486
bilstm_frozen,advtrain,template,2026,test_lookalike_3,bongo_0361,1,0.999780
bilstm_frozen,advtrain,template,2026,test_lookalike_3,bongo_0363,0,0.000042
bilstm_frozen,advtrain,template,2026,test_lookalike_3,bongo_0368,0,0.001001
bilstm_frozen,advtrain,template,2026,test_lookalike_3,bongo_0372,0,0.000109
bilstm_frozen,advtrain,template,2026,test_lookalike_3,bongo_0380,1,0.173733
bilstm_frozen,advtrain,template,2026,test_lookalike_3,bongo_0389,0,0.000025
bilstm_frozen,advtrain,template,2026,test_lookalike_3,bongo_0395,0,0.000787
bilstm_frozen,advtrain,template,2026,test_lookalike_3,bongo_0405,1,0.999723
bilstm_frozen,advtrain,template,2026,test_lookalike_3,bongo_0424,1,0.999835
bilstm_frozen,advtrain,template,2026,test_lookalike_3,bongo_0427,0,0.000401
bilstm_frozen,advtrain,template,2026,test_lookalike_3,bongo_0434,1,0.211306
bilstm_frozen,advtrain,template,2026,test_lookalike_3,bongo_0463,0,0.007451
bilstm_frozen,advtrain,template,2026,test_lookalike_3,bongo_0476,1,0.999227
bilstm_frozen,advtrain,template,2026,test_lookalike_3,bongo_0510,1,0.999875
bilstm_frozen,advtrain,template,2026,test_lookalike_3,bongo_0531,0,0.000234
bilstm_frozen,advtrain,template,2026,test_lookalike_3,bongo_0542,0,0.000018
bilstm_frozen,advtrain,template,2026,test_lookalike_3,bongo_0545,0,0.000024
bilstm_frozen,advtrain,template,2026,test_lookalike_3,bongo_0560,1,0.999751
bilstm_frozen,advtrain,template,2026,test_lookalike_3,bongo_0565,1,0.181339
bilstm_frozen,advtrain,template,2026,test_lookalike_3,bongo_0566,1,0.999828
bilstm_frozen,advtrain,template,2026,test_lookalike_3,bongo_0571,0,0.000019
bilstm_frozen,advtrain,template,2026,test_lookalike_3,bongo_0577,1,0.999578
bilstm_frozen,advtrain,template,2026,test_lookalike_3,bongo_0580,1,0.999076
bilstm_frozen,advtrain,template,2026,test_lookalike_3,bongo_0621,1,0.999528
bilstm_frozen,advtrain,template,2026,test_lookalike_3,bongo_0624,1,0.999803
bilstm_frozen,advtrain,template,2026,test_lookalike_3,bongo_0630,0,0.000400
bilstm_frozen,advtrain,template,2026,test_lookalike_3,bongo_0638,1,0.999741
bilstm_frozen,advtrain,template,2026,test_lookalike_3,bongo_0648,0,0.040359
bilstm_frozen,advtrain,template,2026,test_lookalike_3,bongo_0674,0,0.000016
bilstm_frozen,advtrain,template,2026,test_lookalike_3,bongo_0685,0,0.039352
bilstm_frozen,advtrain,template,2026,test_lookalike_3,bongo_0697,1,0.183883
bilstm_frozen,advtrain,template,2026,test_lookalike_3,bongo_0701,0,0.000031
bilstm_frozen,advtrain,template,2026,test_lookalike_3,bongo_0706,1,0.233427
bilstm_frozen,advtrain,template,2026,test_lookalike_3,bongo_0719,1,0.174261
bilstm_frozen,advtrain,template,2026,test_lookalike_3,bongo_0721,1,0.999532
bilstm_frozen,advtrain,template,2026,test_lookalike_3,bongo_0724,1,0.153672
bilstm_frozen,advtrain,template,2026,test_lookalike_3,bongo_0729,1,0.998736
bilstm_frozen,advtrain,template,2026,test_lookalike_3,bongo_0741,0,0.000021
bilstm_frozen,advtrain,template,2026,test_lookalike_3,bongo_0749,1,0.222961
bilstm_frozen,advtrain,template,2026,test_lookalike_3,bongo_0769,1,0.999734
bilstm_frozen,advtrain,template,2026,test_lookalike_3,bongo_0770,1,0.214187
bilstm_frozen,advtrain,template,2026,test_lookalike_3,bongo_0778,1,0.226138
bilstm_frozen,advtrain,template,2026,test_lookalike_3,bongo_0787,1,0.999702
bilstm_frozen,advtrain,template,2026,test_lookalike_3,bongo_0795,0,0.000320
bilstm_frozen,advtrain,template,2026,test_lookalike_3,bongo_0806,1,0.281111
bilstm_frozen,advtrain,template,2026,test_lookalike_3,bongo_0807,1,0.999852
bilstm_frozen,advtrain,template,2026,test_lookalike_3,bongo_0818,0,0.010798
bilstm_frozen,advtrain,template,2026,test_lookalike_3,bongo_0819,0,0.000204
bilstm_frozen,advtrain,template,2026,test_lookalike_3,bongo_0835,0,0.000019
bilstm_frozen,advtrain,template,2026,test_lookalike_3,bongo_0840,1,0.999497
bilstm_frozen,advtrain,template,2026,test_lookalike_3,bongo_0855,1,0.183478
bilstm_frozen,advtrain,template,2026,test_lookalike_3,bongo_0856,0,0.000092
bilstm_frozen,advtrain,template,2026,test_lookalike_3,bongo_0864,1,0.999782
bilstm_frozen,advtrain,template,2026,test_lookalike_3,bongo_0871,1,0.999801
bilstm_frozen,advtrain,template,2026,test_lookalike_3,bongo_0872,0,0.005578
bilstm_frozen,advtrain,template,2026,test_lookalike_3,bongo_0904,0,0.000395
bilstm_frozen,advtrain,template,2026,test_lookalike_3,bongo_0905,1,0.999834
bilstm_frozen,advtrain,template,2026,test_lookalike_3,bongo_0909,1,0.999591
bilstm_frozen,advtrain,template,2026,test_lookalike_3,bongo_0917,1,0.173069
bilstm_frozen,advtrain,template,2026,test_lookalike_3,bongo_0918,1,0.999670
bilstm_frozen,advtrain,template,2026,test_lookalike_3,bongo_0950,0,0.000038
bilstm_frozen,advtrain,template,2026,test_lookalike_3,bongo_0955,1,0.999858
bilstm_frozen,advtrain,template,2026,test_lookalike_3,bongo_0956,0,0.000019
bilstm_frozen,advtrain,template,2026,test_lookalike_3,bongo_0971,0,0.000023
bilstm_frozen,advtrain,template,2026,test_lookalike_3,bongo_0983,0,0.000225
bilstm_frozen,advtrain,template,2026,test_lookalike_3,bongo_0989,1,0.999802
bilstm_frozen,advtrain,template,2026,test_lookalike_3,bongo_0994,0,0.000564
bilstm_frozen,advtrain,template,2026,test_lookalike_3,bongo_1003,1,0.999767
bilstm_frozen,advtrain,template,2026,test_lookalike_3,bongo_1006,0,0.000057
bilstm_frozen,advtrain,template,2026,test_lookalike_3,bongo_1012,1,0.236087
bilstm_frozen,advtrain,template,2026,test_lookalike_3,bongo_1015,0,0.000017
bilstm_frozen,advtrain,template,2026,test_lookalike_3,bongo_1022,1,0.176306
bilstm_frozen,advtrain,template,2026,test_lookalike_3,bongo_1037,0,0.000065
bilstm_frozen,advtrain,template,2026,test_lookalike_3,bongo_1040,0,0.000033
bilstm_frozen,advtrain,template,2026,test_lookalike_3,bongo_1042,1,0.999792
bilstm_frozen,advtrain,template,2026,test_lookalike_3,bongo_1047,1,0.999797
bilstm_frozen,advtrain,template,2026,test_lookalike_3,bongo_1050,0,0.000020
bilstm_frozen,advtrain,template,2026,test_lookalike_3,bongo_1052,1,0.999812
bilstm_frozen,advtrain,template,2026,test_lookalike_3,bongo_1059,0,0.000011
bilstm_frozen,advtrain,template,2026,test_lookalike_3,bongo_1071,0,0.000055
bilstm_frozen,advtrain,template,2026,test_lookalike_3,bongo_1090,0,0.000014
bilstm_frozen,advtrain,template,2026,test_lookalike_3,bongo_1104,1,0.999818
bilstm_frozen,advtrain,template,2026,test_lookalike_3,bongo_1115,0,0.000009
bilstm_frozen,advtrain,template,2026,test_lookalike_3,bongo_1123,0,0.000078
bilstm_frozen,advtrain,template,2026,test_lookalike_3,bongo_1125,0,0.017005
bilstm_frozen,advtrain,template,2026,test_lookalike_3,bongo_1127,1,0.436665
bilstm_frozen,advtrain,template,2026,test_lookalike_3,bongo_1131,1,0.999746
bilstm_frozen,advtrain,template,2026,test_lookalike_3,bongo_1134,1,0.263553
bilstm_frozen,advtrain,template,2026,test_lookalike_3,bongo_1135,0,0.000701
bilstm_frozen,advtrain,template,2026,test_lookalike_3,bongo_1136,1,0.999663
bilstm_frozen,advtrain,template,2026,test_lookalike_3,bongo_1138,1,0.999770
bilstm_frozen,advtrain,template,2026,test_lookalike_3,bongo_1140,1,0.999562
bilstm_frozen,advtrain,template,2026,test_lookalike_3,bongo_1154,1,0.999558
bilstm_frozen,advtrain,template,2026,test_lookalike_3,bongo_1155,0,0.000022
bilstm_frozen,advtrain,template,2026,test_lookalike_3,bongo_1171,1,0.999852
bilstm_frozen,advtrain,template,2026,test_lookalike_3,bongo_1181,1,0.998963
bilstm_frozen,advtrain,template,2026,test_lookalike_3,bongo_1185,1,0.136616
bilstm_frozen,advtrain,template,2026,test_lookalike_3,bongo_1194,0,0.001805
bilstm_frozen,advtrain,template,2026,test_lookalike_3,bongo_1195,1,0.183560
bilstm_frozen,advtrain,template,2026,test_lookalike_3,bongo_1198,0,0.000271
bilstm_frozen,advtrain,template,2026,test_lookalike_3,bongo_1204,1,0.208640
bilstm_frozen,advtrain,template,2026,test_lookalike_3,bongo_1220,1,0.999804
bilstm_frozen,advtrain,template,2026,test_lookalike_3,bongo_1233,1,0.999829
bilstm_frozen,advtrain,template,2026,test_lookalike_3,bongo_1236,0,0.000351
bilstm_frozen,advtrain,template,2026,test_lookalike_3,bongo_1240,1,0.138080
bilstm_frozen,advtrain,template,2026,test_lookalike_3,bongo_1244,0,0.000030
bilstm_frozen,advtrain,template,2026,test_lookalike_3,bongo_1249,0,0.000006
bilstm_frozen,advtrain,template,2026,test_lookalike_3,bongo_1253,0,0.016226
bilstm_frozen,advtrain,template,2026,test_lookalike_3,bongo_1260,0,0.000035
bilstm_frozen,advtrain,template,2026,test_lookalike_3,bongo_1262,0,0.015306
bilstm_frozen,advtrain,template,2026,test_lookalike_3,bongo_1278,1,0.285357
bilstm_frozen,advtrain,template,2026,test_lookalike_3,bongo_1285,0,0.000022
bilstm_frozen,advtrain,template,2026,test_lookalike_3,bongo_1293,1,0.999457
bilstm_frozen,advtrain,template,2026,test_lookalike_3,bongo_1316,0,0.000149
bilstm_frozen,advtrain,template,2026,test_lookalike_3,bongo_1327,1,0.163492
bilstm_frozen,advtrain,template,2026,test_lookalike_3,bongo_1330,0,0.049167
bilstm_frozen,advtrain,template,2026,test_lookalike_3,bongo_1359,0,0.000247
bilstm_frozen,advtrain,template,2026,test_lookalike_3,bongo_1375,0,0.000046
bilstm_frozen,advtrain,template,2026,test_lookalike_all,bongo_0025,1,0.999868
bilstm_frozen,advtrain,template,2026,test_lookalike_all,bongo_0029,0,0.046893
bilstm_frozen,advtrain,template,2026,test_lookalike_all,bongo_0039,1,0.999821
bilstm_frozen,advtrain,template,2026,test_lookalike_all,bongo_0047,1,0.999925
bilstm_frozen,advtrain,template,2026,test_lookalike_all,bongo_0053,0,0.000034
bilstm_frozen,advtrain,template,2026,test_lookalike_all,bongo_0055,1,0.215342
bilstm_frozen,advtrain,template,2026,test_lookalike_all,bongo_0061,1,0.999873
bilstm_frozen,advtrain,template,2026,test_lookalike_all,bongo_0097,0,0.000570
bilstm_frozen,advtrain,template,2026,test_lookalike_all,bongo_0107,0,0.000012
bilstm_frozen,advtrain,template,2026,test_lookalike_all,bongo_0110,0,0.000008
bilstm_frozen,advtrain,template,2026,test_lookalike_all,bongo_0112,1,0.271651
bilstm_frozen,advtrain,template,2026,test_lookalike_all,bongo_0115,0,0.000156
bilstm_frozen,advtrain,template,2026,test_lookalike_all,bongo_0143,0,0.000018
bilstm_frozen,advtrain,template,2026,test_lookalike_all,bongo_0146,1,0.999530
bilstm_frozen,advtrain,template,2026,test_lookalike_all,bongo_0154,1,0.999877
bilstm_frozen,advtrain,template,2026,test_lookalike_all,bongo_0159,1,0.246198
bilstm_frozen,advtrain,template,2026,test_lookalike_all,bongo_0160,0,0.000046
bilstm_frozen,advtrain,template,2026,test_lookalike_all,bongo_0172,0,0.089296
bilstm_frozen,advtrain,template,2026,test_lookalike_all,bongo_0173,1,0.213112
bilstm_frozen,advtrain,template,2026,test_lookalike_all,bongo_0175,0,0.000019
bilstm_frozen,advtrain,template,2026,test_lookalike_all,bongo_0182,0,0.000006
bilstm_frozen,advtrain,template,2026,test_lookalike_all,bongo_0195,1,0.999620
bilstm_frozen,advtrain,template,2026,test_lookalike_all,bongo_0197,0,0.000030
bilstm_frozen,advtrain,template,2026,test_lookalike_all,bongo_0201,1,0.999871
bilstm_frozen,advtrain,template,2026,test_lookalike_all,bongo_0203,1,0.999678
bilstm_frozen,advtrain,template,2026,test_lookalike_all,bongo_0250,1,0.240623
bilstm_frozen,advtrain,template,2026,test_lookalike_all,bongo_0253,0,0.000562
bilstm_frozen,advtrain,template,2026,test_lookalike_all,bongo_0255,1,0.218588
bilstm_frozen,advtrain,template,2026,test_lookalike_all,bongo_0265,1,0.214191
bilstm_frozen,advtrain,template,2026,test_lookalike_all,bongo_0271,0,0.000027
bilstm_frozen,advtrain,template,2026,test_lookalike_all,bongo_0300,0,0.000041
bilstm_frozen,advtrain,template,2026,test_lookalike_all,bongo_0306,0,0.000122
bilstm_frozen,advtrain,template,2026,test_lookalike_all,bongo_0356,1,0.241046
bilstm_frozen,advtrain,template,2026,test_lookalike_all,bongo_0360,1,0.999734
bilstm_frozen,advtrain,template,2026,test_lookalike_all,bongo_0361,1,0.999694
bilstm_frozen,advtrain,template,2026,test_lookalike_all,bongo_0363,0,0.000042
bilstm_frozen,advtrain,template,2026,test_lookalike_all,bongo_0368,0,0.001001
bilstm_frozen,advtrain,template,2026,test_lookalike_all,bongo_0372,0,0.000109
bilstm_frozen,advtrain,template,2026,test_lookalike_all,bongo_0380,1,0.198078
bilstm_frozen,advtrain,template,2026,test_lookalike_all,bongo_0389,0,0.000025
bilstm_frozen,advtrain,template,2026,test_lookalike_all,bongo_0395,0,0.000787
bilstm_frozen,advtrain,template,2026,test_lookalike_all,bongo_0405,1,0.999645
bilstm_frozen,advtrain,template,2026,test_lookalike_all,bongo_0424,1,0.999864
bilstm_frozen,advtrain,template,2026,test_lookalike_all,bongo_0427,0,0.000401
bilstm_frozen,advtrain,template,2026,test_lookalike_all,bongo_0434,1,0.166412
bilstm_frozen,advtrain,template,2026,test_lookalike_all,bongo_0463,0,0.007451
bilstm_frozen,advtrain,template,2026,test_lookalike_all,bongo_0476,1,0.999653
bilstm_frozen,advtrain,template,2026,test_lookalike_all,bongo_0510,1,0.999882
bilstm_frozen,advtrain,template,2026,test_lookalike_all,bongo_0531,0,0.000234
bilstm_frozen,advtrain,template,2026,test_lookalike_all,bongo_0542,0,0.000018
bilstm_frozen,advtrain,template,2026,test_lookalike_all,bongo_0545,0,0.000024
bilstm_frozen,advtrain,template,2026,test_lookalike_all,bongo_0560,1,0.999871
bilstm_frozen,advtrain,template,2026,test_lookalike_all,bongo_0565,1,0.295266
bilstm_frozen,advtrain,template,2026,test_lookalike_all,bongo_0566,1,0.999880
bilstm_frozen,advtrain,template,2026,test_lookalike_all,bongo_0571,0,0.000019
bilstm_frozen,advtrain,template,2026,test_lookalike_all,bongo_0577,1,0.999568
bilstm_frozen,advtrain,template,2026,test_lookalike_all,bongo_0580,1,0.999597
bilstm_frozen,advtrain,template,2026,test_lookalike_all,bongo_0621,1,0.999659
bilstm_frozen,advtrain,template,2026,test_lookalike_all,bongo_0624,1,0.999895
bilstm_frozen,advtrain,template,2026,test_lookalike_all,bongo_0630,0,0.000400
bilstm_frozen,advtrain,template,2026,test_lookalike_all,bongo_0638,1,0.999788
bilstm_frozen,advtrain,template,2026,test_lookalike_all,bongo_0648,0,0.040359
bilstm_frozen,advtrain,template,2026,test_lookalike_all,bongo_0674,0,0.000016
bilstm_frozen,advtrain,template,2026,test_lookalike_all,bongo_0685,0,0.039352
bilstm_frozen,advtrain,template,2026,test_lookalike_all,bongo_0697,1,0.245207
bilstm_frozen,advtrain,template,2026,test_lookalike_all,bongo_0701,0,0.000031
bilstm_frozen,advtrain,template,2026,test_lookalike_all,bongo_0706,1,0.270200
bilstm_frozen,advtrain,template,2026,test_lookalike_all,bongo_0719,1,0.180911
bilstm_frozen,advtrain,template,2026,test_lookalike_all,bongo_0721,1,0.999196
bilstm_frozen,advtrain,template,2026,test_lookalike_all,bongo_0724,1,0.271274
bilstm_frozen,advtrain,template,2026,test_lookalike_all,bongo_0729,1,0.999543
bilstm_frozen,advtrain,template,2026,test_lookalike_all,bongo_0741,0,0.000021
bilstm_frozen,advtrain,template,2026,test_lookalike_all,bongo_0749,1,0.229061
bilstm_frozen,advtrain,template,2026,test_lookalike_all,bongo_0769,1,0.999820
bilstm_frozen,advtrain,template,2026,test_lookalike_all,bongo_0770,1,0.216669
bilstm_frozen,advtrain,template,2026,test_lookalike_all,bongo_0778,1,0.240226
bilstm_frozen,advtrain,template,2026,test_lookalike_all,bongo_0787,1,0.999736
bilstm_frozen,advtrain,template,2026,test_lookalike_all,bongo_0795,0,0.000320
bilstm_frozen,advtrain,template,2026,test_lookalike_all,bongo_0806,1,0.305443
bilstm_frozen,advtrain,template,2026,test_lookalike_all,bongo_0807,1,0.999862
bilstm_frozen,advtrain,template,2026,test_lookalike_all,bongo_0818,0,0.010798
bilstm_frozen,advtrain,template,2026,test_lookalike_all,bongo_0819,0,0.000204
bilstm_frozen,advtrain,template,2026,test_lookalike_all,bongo_0835,0,0.000019
bilstm_frozen,advtrain,template,2026,test_lookalike_all,bongo_0840,1,0.999732
bilstm_frozen,advtrain,template,2026,test_lookalike_all,bongo_0855,1,0.314125
bilstm_frozen,advtrain,template,2026,test_lookalike_all,bongo_0856,0,0.000092
bilstm_frozen,advtrain,template,2026,test_lookalike_all,bongo_0864,1,0.999855
bilstm_frozen,advtrain,template,2026,test_lookalike_all,bongo_0871,1,0.999889
bilstm_frozen,advtrain,template,2026,test_lookalike_all,bongo_0872,0,0.005578
bilstm_frozen,advtrain,template,2026,test_lookalike_all,bongo_0904,0,0.000395
bilstm_frozen,advtrain,template,2026,test_lookalike_all,bongo_0905,1,0.999858
bilstm_frozen,advtrain,template,2026,test_lookalike_all,bongo_0909,1,0.999324
bilstm_frozen,advtrain,template,2026,test_lookalike_all,bongo_0917,1,0.250628
bilstm_frozen,advtrain,template,2026,test_lookalike_all,bongo_0918,1,0.999543
bilstm_frozen,advtrain,template,2026,test_lookalike_all,bongo_0950,0,0.000038
bilstm_frozen,advtrain,template,2026,test_lookalike_all,bongo_0955,1,0.999876
bilstm_frozen,advtrain,template,2026,test_lookalike_all,bongo_0956,0,0.000019
bilstm_frozen,advtrain,template,2026,test_lookalike_all,bongo_0971,0,0.000023
bilstm_frozen,advtrain,template,2026,test_lookalike_all,bongo_0983,0,0.000225
bilstm_frozen,advtrain,template,2026,test_lookalike_all,bongo_0989,1,0.999867
bilstm_frozen,advtrain,template,2026,test_lookalike_all,bongo_0994,0,0.000564
bilstm_frozen,advtrain,template,2026,test_lookalike_all,bongo_1003,1,0.999882
bilstm_frozen,advtrain,template,2026,test_lookalike_all,bongo_1006,0,0.000057
bilstm_frozen,advtrain,template,2026,test_lookalike_all,bongo_1012,1,0.233396
bilstm_frozen,advtrain,template,2026,test_lookalike_all,bongo_1015,0,0.000017
bilstm_frozen,advtrain,template,2026,test_lookalike_all,bongo_1022,1,0.194259
bilstm_frozen,advtrain,template,2026,test_lookalike_all,bongo_1037,0,0.000065
bilstm_frozen,advtrain,template,2026,test_lookalike_all,bongo_1040,0,0.000033
bilstm_frozen,advtrain,template,2026,test_lookalike_all,bongo_1042,1,0.999818
bilstm_frozen,advtrain,template,2026,test_lookalike_all,bongo_1047,1,0.999861
bilstm_frozen,advtrain,template,2026,test_lookalike_all,bongo_1050,0,0.000020
bilstm_frozen,advtrain,template,2026,test_lookalike_all,bongo_1052,1,0.999855
bilstm_frozen,advtrain,template,2026,test_lookalike_all,bongo_1059,0,0.000011
bilstm_frozen,advtrain,template,2026,test_lookalike_all,bongo_1071,0,0.000055
bilstm_frozen,advtrain,template,2026,test_lookalike_all,bongo_1090,0,0.000014
bilstm_frozen,advtrain,template,2026,test_lookalike_all,bongo_1104,1,0.999883
bilstm_frozen,advtrain,template,2026,test_lookalike_all,bongo_1115,0,0.000009
bilstm_frozen,advtrain,template,2026,test_lookalike_all,bongo_1123,0,0.000078
bilstm_frozen,advtrain,template,2026,test_lookalike_all,bongo_1125,0,0.017005
bilstm_frozen,advtrain,template,2026,test_lookalike_all,bongo_1127,1,0.213519
bilstm_frozen,advtrain,template,2026,test_lookalike_all,bongo_1131,1,0.999896
bilstm_frozen,advtrain,template,2026,test_lookalike_all,bongo_1134,1,0.250500
bilstm_frozen,advtrain,template,2026,test_lookalike_all,bongo_1135,0,0.000701
bilstm_frozen,advtrain,template,2026,test_lookalike_all,bongo_1136,1,0.999878
bilstm_frozen,advtrain,template,2026,test_lookalike_all,bongo_1138,1,0.999875
bilstm_frozen,advtrain,template,2026,test_lookalike_all,bongo_1140,1,0.999553
bilstm_frozen,advtrain,template,2026,test_lookalike_all,bongo_1154,1,0.999785
bilstm_frozen,advtrain,template,2026,test_lookalike_all,bongo_1155,0,0.000022
bilstm_frozen,advtrain,template,2026,test_lookalike_all,bongo_1171,1,0.999861
bilstm_frozen,advtrain,template,2026,test_lookalike_all,bongo_1181,1,0.999600
bilstm_frozen,advtrain,template,2026,test_lookalike_all,bongo_1185,1,0.193457
bilstm_frozen,advtrain,template,2026,test_lookalike_all,bongo_1194,0,0.001805
bilstm_frozen,advtrain,template,2026,test_lookalike_all,bongo_1195,1,0.232545
bilstm_frozen,advtrain,template,2026,test_lookalike_all,bongo_1198,0,0.000271
bilstm_frozen,advtrain,template,2026,test_lookalike_all,bongo_1204,1,0.217282
bilstm_frozen,advtrain,template,2026,test_lookalike_all,bongo_1220,1,0.999879
bilstm_frozen,advtrain,template,2026,test_lookalike_all,bongo_1233,1,0.999908
bilstm_frozen,advtrain,template,2026,test_lookalike_all,bongo_1236,0,0.000351
bilstm_frozen,advtrain,template,2026,test_lookalike_all,bongo_1240,1,0.193481
bilstm_frozen,advtrain,template,2026,test_lookalike_all,bongo_1244,0,0.000030
bilstm_frozen,advtrain,template,2026,test_lookalike_all,bongo_1249,0,0.000006
bilstm_frozen,advtrain,template,2026,test_lookalike_all,bongo_1253,0,0.016226
bilstm_frozen,advtrain,template,2026,test_lookalike_all,bongo_1260,0,0.000035
bilstm_frozen,advtrain,template,2026,test_lookalike_all,bongo_1262,0,0.015306
bilstm_frozen,advtrain,template,2026,test_lookalike_all,bongo_1278,1,0.220457
bilstm_frozen,advtrain,template,2026,test_lookalike_all,bongo_1285,0,0.000022
bilstm_frozen,advtrain,template,2026,test_lookalike_all,bongo_1293,1,0.999573
bilstm_frozen,advtrain,template,2026,test_lookalike_all,bongo_1316,0,0.000149
bilstm_frozen,advtrain,template,2026,test_lookalike_all,bongo_1327,1,0.209885
bilstm_frozen,advtrain,template,2026,test_lookalike_all,bongo_1330,0,0.049167
bilstm_frozen,advtrain,template,2026,test_lookalike_all,bongo_1359,0,0.000247
bilstm_frozen,advtrain,template,2026,test_lookalike_all,bongo_1375,0,0.000046
bilstm_frozen,advtrain,template,2026,test_structural_1,bongo_0025,1,0.999598
bilstm_frozen,advtrain,template,2026,test_structural_1,bongo_0029,0,0.046893
bilstm_frozen,advtrain,template,2026,test_structural_1,bongo_0039,1,0.999858
bilstm_frozen,advtrain,template,2026,test_structural_1,bongo_0047,1,0.999736
bilstm_frozen,advtrain,template,2026,test_structural_1,bongo_0053,0,0.000034
bilstm_frozen,advtrain,template,2026,test_structural_1,bongo_0055,1,0.236630
bilstm_frozen,advtrain,template,2026,test_structural_1,bongo_0061,1,0.999876
bilstm_frozen,advtrain,template,2026,test_structural_1,bongo_0097,0,0.000570
bilstm_frozen,advtrain,template,2026,test_structural_1,bongo_0107,0,0.000012
bilstm_frozen,advtrain,template,2026,test_structural_1,bongo_0110,0,0.000008
bilstm_frozen,advtrain,template,2026,test_structural_1,bongo_0112,1,0.323757
bilstm_frozen,advtrain,template,2026,test_structural_1,bongo_0115,0,0.000156
bilstm_frozen,advtrain,template,2026,test_structural_1,bongo_0143,0,0.000018
bilstm_frozen,advtrain,template,2026,test_structural_1,bongo_0146,1,0.999533
bilstm_frozen,advtrain,template,2026,test_structural_1,bongo_0154,1,0.999923
bilstm_frozen,advtrain,template,2026,test_structural_1,bongo_0159,1,0.262024
bilstm_frozen,advtrain,template,2026,test_structural_1,bongo_0160,0,0.000046
bilstm_frozen,advtrain,template,2026,test_structural_1,bongo_0172,0,0.089296
bilstm_frozen,advtrain,template,2026,test_structural_1,bongo_0173,1,0.577559
bilstm_frozen,advtrain,template,2026,test_structural_1,bongo_0175,0,0.000019
bilstm_frozen,advtrain,template,2026,test_structural_1,bongo_0182,0,0.000006
bilstm_frozen,advtrain,template,2026,test_structural_1,bongo_0195,1,0.999763
bilstm_frozen,advtrain,template,2026,test_structural_1,bongo_0197,0,0.000030
bilstm_frozen,advtrain,template,2026,test_structural_1,bongo_0201,1,0.999855
bilstm_frozen,advtrain,template,2026,test_structural_1,bongo_0203,1,0.999813
bilstm_frozen,advtrain,template,2026,test_structural_1,bongo_0250,1,0.262024
bilstm_frozen,advtrain,template,2026,test_structural_1,bongo_0253,0,0.000562
bilstm_frozen,advtrain,template,2026,test_structural_1,bongo_0255,1,0.167193
bilstm_frozen,advtrain,template,2026,test_structural_1,bongo_0265,1,0.459585
bilstm_frozen,advtrain,template,2026,test_structural_1,bongo_0271,0,0.000027
bilstm_frozen,advtrain,template,2026,test_structural_1,bongo_0300,0,0.000041
bilstm_frozen,advtrain,template,2026,test_structural_1,bongo_0306,0,0.000122
bilstm_frozen,advtrain,template,2026,test_structural_1,bongo_0356,1,0.299017
bilstm_frozen,advtrain,template,2026,test_structural_1,bongo_0360,1,0.999551
bilstm_frozen,advtrain,template,2026,test_structural_1,bongo_0361,1,0.999812
bilstm_frozen,advtrain,template,2026,test_structural_1,bongo_0363,0,0.000042
bilstm_frozen,advtrain,template,2026,test_structural_1,bongo_0368,0,0.001001
bilstm_frozen,advtrain,template,2026,test_structural_1,bongo_0372,0,0.000109
bilstm_frozen,advtrain,template,2026,test_structural_1,bongo_0380,1,0.219135
bilstm_frozen,advtrain,template,2026,test_structural_1,bongo_0389,0,0.000025
bilstm_frozen,advtrain,template,2026,test_structural_1,bongo_0395,0,0.000787
bilstm_frozen,advtrain,template,2026,test_structural_1,bongo_0405,1,0.999572
bilstm_frozen,advtrain,template,2026,test_structural_1,bongo_0424,1,0.999835
bilstm_frozen,advtrain,template,2026,test_structural_1,bongo_0427,0,0.000401
bilstm_frozen,advtrain,template,2026,test_structural_1,bongo_0434,1,0.247356
bilstm_frozen,advtrain,template,2026,test_structural_1,bongo_0463,0,0.007451
bilstm_frozen,advtrain,template,2026,test_structural_1,bongo_0476,1,0.999337
bilstm_frozen,advtrain,template,2026,test_structural_1,bongo_0510,1,0.999110
bilstm_frozen,advtrain,template,2026,test_structural_1,bongo_0531,0,0.000234
bilstm_frozen,advtrain,template,2026,test_structural_1,bongo_0542,0,0.000018
bilstm_frozen,advtrain,template,2026,test_structural_1,bongo_0545,0,0.000024
bilstm_frozen,advtrain,template,2026,test_structural_1,bongo_0560,1,0.999552
bilstm_frozen,advtrain,template,2026,test_structural_1,bongo_0565,1,0.229980
bilstm_frozen,advtrain,template,2026,test_structural_1,bongo_0566,1,0.999838
bilstm_frozen,advtrain,template,2026,test_structural_1,bongo_0571,0,0.000019
bilstm_frozen,advtrain,template,2026,test_structural_1,bongo_0577,1,0.997197
bilstm_frozen,advtrain,template,2026,test_structural_1,bongo_0580,1,0.999756
bilstm_frozen,advtrain,template,2026,test_structural_1,bongo_0621,1,0.999584
bilstm_frozen,advtrain,template,2026,test_structural_1,bongo_0624,1,0.999811
bilstm_frozen,advtrain,template,2026,test_structural_1,bongo_0630,0,0.000400
bilstm_frozen,advtrain,template,2026,test_structural_1,bongo_0638,1,0.999757
bilstm_frozen,advtrain,template,2026,test_structural_1,bongo_0648,0,0.040359
bilstm_frozen,advtrain,template,2026,test_structural_1,bongo_0674,0,0.000016
bilstm_frozen,advtrain,template,2026,test_structural_1,bongo_0685,0,0.039352
bilstm_frozen,advtrain,template,2026,test_structural_1,bongo_0697,1,0.229980
bilstm_frozen,advtrain,template,2026,test_structural_1,bongo_0701,0,0.000031
bilstm_frozen,advtrain,template,2026,test_structural_1,bongo_0706,1,0.258451
bilstm_frozen,advtrain,template,2026,test_structural_1,bongo_0719,1,0.223908
bilstm_frozen,advtrain,template,2026,test_structural_1,bongo_0721,1,0.999806
bilstm_frozen,advtrain,template,2026,test_structural_1,bongo_0724,1,0.146628
bilstm_frozen,advtrain,template,2026,test_structural_1,bongo_0729,1,0.999739
bilstm_frozen,advtrain,template,2026,test_structural_1,bongo_0741,0,0.000021
bilstm_frozen,advtrain,template,2026,test_structural_1,bongo_0749,1,0.306579
bilstm_frozen,advtrain,template,2026,test_structural_1,bongo_0769,1,0.999884
bilstm_frozen,advtrain,template,2026,test_structural_1,bongo_0770,1,0.247356
bilstm_frozen,advtrain,template,2026,test_structural_1,bongo_0778,1,0.293050
bilstm_frozen,advtrain,template,2026,test_structural_1,bongo_0787,1,0.999473
bilstm_frozen,advtrain,template,2026,test_structural_1,bongo_0795,0,0.000320
bilstm_frozen,advtrain,template,2026,test_structural_1,bongo_0806,1,0.544503
bilstm_frozen,advtrain,template,2026,test_structural_1,bongo_0807,1,0.999841
bilstm_frozen,advtrain,template,2026,test_structural_1,bongo_0818,0,0.010798
bilstm_frozen,advtrain,template,2026,test_structural_1,bongo_0819,0,0.000204
bilstm_frozen,advtrain,template,2026,test_structural_1,bongo_0835,0,0.000019
bilstm_frozen,advtrain,template,2026,test_structural_1,bongo_0840,1,0.999550
bilstm_frozen,advtrain,template,2026,test_structural_1,bongo_0855,1,0.204424
bilstm_frozen,advtrain,template,2026,test_structural_1,bongo_0856,0,0.000092
bilstm_frozen,advtrain,template,2026,test_structural_1,bongo_0864,1,0.999898
bilstm_frozen,advtrain,template,2026,test_structural_1,bongo_0871,1,0.999025
bilstm_frozen,advtrain,template,2026,test_structural_1,bongo_0872,0,0.005578
bilstm_frozen,advtrain,template,2026,test_structural_1,bongo_0904,0,0.000395
bilstm_frozen,advtrain,template,2026,test_structural_1,bongo_0905,1,0.999900
bilstm_frozen,advtrain,template,2026,test_structural_1,bongo_0909,1,0.999359
bilstm_frozen,advtrain,template,2026,test_structural_1,bongo_0917,1,0.191533
bilstm_frozen,advtrain,template,2026,test_structural_1,bongo_0918,1,0.998739
bilstm_frozen,advtrain,template,2026,test_structural_1,bongo_0950,0,0.000038
bilstm_frozen,advtrain,template,2026,test_structural_1,bongo_0955,1,0.999930
bilstm_frozen,advtrain,template,2026,test_structural_1,bongo_0956,0,0.000019
bilstm_frozen,advtrain,template,2026,test_structural_1,bongo_0971,0,0.000023
bilstm_frozen,advtrain,template,2026,test_structural_1,bongo_0983,0,0.000225
bilstm_frozen,advtrain,template,2026,test_structural_1,bongo_0989,1,0.999808
bilstm_frozen,advtrain,template,2026,test_structural_1,bongo_0994,0,0.000564
bilstm_frozen,advtrain,template,2026,test_structural_1,bongo_1003,1,0.999605
bilstm_frozen,advtrain,template,2026,test_structural_1,bongo_1006,0,0.000057
bilstm_frozen,advtrain,template,2026,test_structural_1,bongo_1012,1,0.259698
bilstm_frozen,advtrain,template,2026,test_structural_1,bongo_1015,0,0.000017
bilstm_frozen,advtrain,template,2026,test_structural_1,bongo_1022,1,0.204938
bilstm_frozen,advtrain,template,2026,test_structural_1,bongo_1037,0,0.000065
bilstm_frozen,advtrain,template,2026,test_structural_1,bongo_1040,0,0.000033
bilstm_frozen,advtrain,template,2026,test_structural_1,bongo_1042,1,0.985634
bilstm_frozen,advtrain,template,2026,test_structural_1,bongo_1047,1,0.999900
bilstm_frozen,advtrain,template,2026,test_structural_1,bongo_1050,0,0.000020
bilstm_frozen,advtrain,template,2026,test_structural_1,bongo_1052,1,0.999821
bilstm_frozen,advtrain,template,2026,test_structural_1,bongo_1059,0,0.000011
bilstm_frozen,advtrain,template,2026,test_structural_1,bongo_1071,0,0.000055
bilstm_frozen,advtrain,template,2026,test_structural_1,bongo_1090,0,0.000014
bilstm_frozen,advtrain,template,2026,test_structural_1,bongo_1104,1,0.999893
bilstm_frozen,advtrain,template,2026,test_structural_1,bongo_1115,0,0.000009
bilstm_frozen,advtrain,template,2026,test_structural_1,bongo_1123,0,0.000078
bilstm_frozen,advtrain,template,2026,test_structural_1,bongo_1125,0,0.017005
bilstm_frozen,advtrain,template,2026,test_structural_1,bongo_1127,1,0.551662
bilstm_frozen,advtrain,template,2026,test_structural_1,bongo_1131,1,0.999876
bilstm_frozen,advtrain,template,2026,test_structural_1,bongo_1134,1,0.574187
bilstm_frozen,advtrain,template,2026,test_structural_1,bongo_1135,0,0.000701
bilstm_frozen,advtrain,template,2026,test_structural_1,bongo_1136,1,0.999941
bilstm_frozen,advtrain,template,2026,test_structural_1,bongo_1138,1,0.999899
bilstm_frozen,advtrain,template,2026,test_structural_1,bongo_1140,1,0.999526
bilstm_frozen,advtrain,template,2026,test_structural_1,bongo_1154,1,0.999550
bilstm_frozen,advtrain,template,2026,test_structural_1,bongo_1155,0,0.000022
bilstm_frozen,advtrain,template,2026,test_structural_1,bongo_1171,1,0.999905
bilstm_frozen,advtrain,template,2026,test_structural_1,bongo_1181,1,0.999438
bilstm_frozen,advtrain,template,2026,test_structural_1,bongo_1185,1,0.155078
bilstm_frozen,advtrain,template,2026,test_structural_1,bongo_1194,0,0.001805
bilstm_frozen,advtrain,template,2026,test_structural_1,bongo_1195,1,0.205070
bilstm_frozen,advtrain,template,2026,test_structural_1,bongo_1198,0,0.000271
bilstm_frozen,advtrain,template,2026,test_structural_1,bongo_1204,1,0.269313
bilstm_frozen,advtrain,template,2026,test_structural_1,bongo_1220,1,0.999857
bilstm_frozen,advtrain,template,2026,test_structural_1,bongo_1233,1,0.999798
bilstm_frozen,advtrain,template,2026,test_structural_1,bongo_1236,0,0.000351
bilstm_frozen,advtrain,template,2026,test_structural_1,bongo_1240,1,0.534256
bilstm_frozen,advtrain,template,2026,test_structural_1,bongo_1244,0,0.000030
bilstm_frozen,advtrain,template,2026,test_structural_1,bongo_1249,0,0.000006
bilstm_frozen,advtrain,template,2026,test_structural_1,bongo_1253,0,0.016226
bilstm_frozen,advtrain,template,2026,test_structural_1,bongo_1260,0,0.000035
bilstm_frozen,advtrain,template,2026,test_structural_1,bongo_1262,0,0.015306
bilstm_frozen,advtrain,template,2026,test_structural_1,bongo_1278,1,0.558302
bilstm_frozen,advtrain,template,2026,test_structural_1,bongo_1285,0,0.000022
bilstm_frozen,advtrain,template,2026,test_structural_1,bongo_1293,1,0.999452
bilstm_frozen,advtrain,template,2026,test_structural_1,bongo_1316,0,0.000149
bilstm_frozen,advtrain,template,2026,test_structural_1,bongo_1327,1,0.558944
bilstm_frozen,advtrain,template,2026,test_structural_1,bongo_1330,0,0.049167
bilstm_frozen,advtrain,template,2026,test_structural_1,bongo_1359,0,0.000247
bilstm_frozen,advtrain,template,2026,test_structural_1,bongo_1375,0,0.000046
bilstm_frozen,advtrain,template,2026,test_structural_3,bongo_0025,1,0.999882
bilstm_frozen,advtrain,template,2026,test_structural_3,bongo_0029,0,0.046893
bilstm_frozen,advtrain,template,2026,test_structural_3,bongo_0039,1,0.999900
bilstm_frozen,advtrain,template,2026,test_structural_3,bongo_0047,1,0.999778
bilstm_frozen,advtrain,template,2026,test_structural_3,bongo_0053,0,0.000034
bilstm_frozen,advtrain,template,2026,test_structural_3,bongo_0055,1,0.326004
bilstm_frozen,advtrain,template,2026,test_structural_3,bongo_0061,1,0.999870
bilstm_frozen,advtrain,template,2026,test_structural_3,bongo_0097,0,0.000570
bilstm_frozen,advtrain,template,2026,test_structural_3,bongo_0107,0,0.000012
bilstm_frozen,advtrain,template,2026,test_structural_3,bongo_0110,0,0.000008
bilstm_frozen,advtrain,template,2026,test_structural_3,bongo_0112,1,0.383046
bilstm_frozen,advtrain,template,2026,test_structural_3,bongo_0115,0,0.000156
bilstm_frozen,advtrain,template,2026,test_structural_3,bongo_0143,0,0.000018
bilstm_frozen,advtrain,template,2026,test_structural_3,bongo_0146,1,0.999649
bilstm_frozen,advtrain,template,2026,test_structural_3,bongo_0154,1,0.999683
bilstm_frozen,advtrain,template,2026,test_structural_3,bongo_0159,1,0.379324
bilstm_frozen,advtrain,template,2026,test_structural_3,bongo_0160,0,0.000046
bilstm_frozen,advtrain,template,2026,test_structural_3,bongo_0172,0,0.089296
bilstm_frozen,advtrain,template,2026,test_structural_3,bongo_0173,1,0.353598
bilstm_frozen,advtrain,template,2026,test_structural_3,bongo_0175,0,0.000019
bilstm_frozen,advtrain,template,2026,test_structural_3,bongo_0182,0,0.000006
bilstm_frozen,advtrain,template,2026,test_structural_3,bongo_0195,1,0.999514
bilstm_frozen,advtrain,template,2026,test_structural_3,bongo_0197,0,0.000030
bilstm_frozen,advtrain,template,2026,test_structural_3,bongo_0201,1,0.999939
bilstm_frozen,advtrain,template,2026,test_structural_3,bongo_0203,1,0.999832
bilstm_frozen,advtrain,template,2026,test_structural_3,bongo_0250,1,0.380310
bilstm_frozen,advtrain,template,2026,test_structural_3,bongo_0253,0,0.000562
bilstm_frozen,advtrain,template,2026,test_structural_3,bongo_0255,1,0.189419
bilstm_frozen,advtrain,template,2026,test_structural_3,bongo_0265,1,0.201127
bilstm_frozen,advtrain,template,2026,test_structural_3,bongo_0271,0,0.000027
bilstm_frozen,advtrain,template,2026,test_structural_3,bongo_0300,0,0.000041
bilstm_frozen,advtrain,template,2026,test_structural_3,bongo_0306,0,0.000122
bilstm_frozen,advtrain,template,2026,test_structural_3,bongo_0356,1,0.384507
bilstm_frozen,advtrain,template,2026,test_structural_3,bongo_0360,1,0.999734
bilstm_frozen,advtrain,template,2026,test_structural_3,bongo_0361,1,0.999820
bilstm_frozen,advtrain,template,2026,test_structural_3,bongo_0363,0,0.000042
bilstm_frozen,advtrain,template,2026,test_structural_3,bongo_0368,0,0.001001
bilstm_frozen,advtrain,template,2026,test_structural_3,bongo_0372,0,0.000109
bilstm_frozen,advtrain,template,2026,test_structural_3,bongo_0380,1,0.133763
bilstm_frozen,advtrain,template,2026,test_structural_3,bongo_0389,0,0.000025
bilstm_frozen,advtrain,template,2026,test_structural_3,bongo_0395,0,0.000787
bilstm_frozen,advtrain,template,2026,test_structural_3,bongo_0405,1,0.999699
bilstm_frozen,advtrain,template,2026,test_structural_3,bongo_0424,1,0.999838
bilstm_frozen,advtrain,template,2026,test_structural_3,bongo_0427,0,0.000401
bilstm_frozen,advtrain,template,2026,test_structural_3,bongo_0434,1,0.330756
bilstm_frozen,advtrain,template,2026,test_structural_3,bongo_0463,0,0.007451
bilstm_frozen,advtrain,template,2026,test_structural_3,bongo_0476,1,0.999841
bilstm_frozen,advtrain,template,2026,test_structural_3,bongo_0510,1,0.999924
bilstm_frozen,advtrain,template,2026,test_structural_3,bongo_0531,0,0.000234
bilstm_frozen,advtrain,template,2026,test_structural_3,bongo_0542,0,0.000018
bilstm_frozen,advtrain,template,2026,test_structural_3,bongo_0545,0,0.000024
bilstm_frozen,advtrain,template,2026,test_structural_3,bongo_0560,1,0.999523
bilstm_frozen,advtrain,template,2026,test_structural_3,bongo_0565,1,0.268036
bilstm_frozen,advtrain,template,2026,test_structural_3,bongo_0566,1,0.999867
bilstm_frozen,advtrain,template,2026,test_structural_3,bongo_0571,0,0.000019
bilstm_frozen,advtrain,template,2026,test_structural_3,bongo_0577,1,0.999571
bilstm_frozen,advtrain,template,2026,test_structural_3,bongo_0580,1,0.999776
bilstm_frozen,advtrain,template,2026,test_structural_3,bongo_0621,1,0.999713
bilstm_frozen,advtrain,template,2026,test_structural_3,bongo_0624,1,0.999765
bilstm_frozen,advtrain,template,2026,test_structural_3,bongo_0630,0,0.000400
bilstm_frozen,advtrain,template,2026,test_structural_3,bongo_0638,1,0.999765
bilstm_frozen,advtrain,template,2026,test_structural_3,bongo_0648,0,0.040359
bilstm_frozen,advtrain,template,2026,test_structural_3,bongo_0674,0,0.000016
bilstm_frozen,advtrain,template,2026,test_structural_3,bongo_0685,0,0.039352
bilstm_frozen,advtrain,template,2026,test_structural_3,bongo_0697,1,0.301703
bilstm_frozen,advtrain,template,2026,test_structural_3,bongo_0701,0,0.000031
bilstm_frozen,advtrain,template,2026,test_structural_3,bongo_0706,1,0.380664
bilstm_frozen,advtrain,template,2026,test_structural_3,bongo_0719,1,0.354696
bilstm_frozen,advtrain,template,2026,test_structural_3,bongo_0721,1,0.999825
bilstm_frozen,advtrain,template,2026,test_structural_3,bongo_0724,1,0.047408
bilstm_frozen,advtrain,template,2026,test_structural_3,bongo_0729,1,0.999767
bilstm_frozen,advtrain,template,2026,test_structural_3,bongo_0741,0,0.000021
bilstm_frozen,advtrain,template,2026,test_structural_3,bongo_0749,1,0.509115
bilstm_frozen,advtrain,template,2026,test_structural_3,bongo_0769,1,0.999946
bilstm_frozen,advtrain,template,2026,test_structural_3,bongo_0770,1,0.372404
bilstm_frozen,advtrain,template,2026,test_structural_3,bongo_0778,1,0.508746
bilstm_frozen,advtrain,template,2026,test_structural_3,bongo_0787,1,0.999735
bilstm_frozen,advtrain,template,2026,test_structural_3,bongo_0795,0,0.000320
bilstm_frozen,advtrain,template,2026,test_structural_3,bongo_0806,1,0.190295
bilstm_frozen,advtrain,template,2026,test_structural_3,bongo_0807,1,0.999836
bilstm_frozen,advtrain,template,2026,test_structural_3,bongo_0818,0,0.010798
bilstm_frozen,advtrain,template,2026,test_structural_3,bongo_0819,0,0.000204
bilstm_frozen,advtrain,template,2026,test_structural_3,bongo_0835,0,0.000019
bilstm_frozen,advtrain,template,2026,test_structural_3,bongo_0840,1,0.999723
bilstm_frozen,advtrain,template,2026,test_structural_3,bongo_0855,1,0.303147
bilstm_frozen,advtrain,template,2026,test_structural_3,bongo_0856,0,0.000092
bilstm_frozen,advtrain,template,2026,test_structural_3,bongo_0864,1,0.999895
bilstm_frozen,advtrain,template,2026,test_structural_3,bongo_0871,1,0.999845
bilstm_frozen,advtrain,template,2026,test_structural_3,bongo_0872,0,0.005578
bilstm_frozen,advtrain,template,2026,test_structural_3,bongo_0904,0,0.000395
bilstm_frozen,advtrain,template,2026,test_structural_3,bongo_0905,1,0.999904
bilstm_frozen,advtrain,template,2026,test_structural_3,bongo_0909,1,0.999800
bilstm_frozen,advtrain,template,2026,test_structural_3,bongo_0917,1,0.233970
bilstm_frozen,advtrain,template,2026,test_structural_3,bongo_0918,1,0.999809
bilstm_frozen,advtrain,template,2026,test_structural_3,bongo_0950,0,0.000038
bilstm_frozen,advtrain,template,2026,test_structural_3,bongo_0955,1,0.999844
bilstm_frozen,advtrain,template,2026,test_structural_3,bongo_0956,0,0.000019
bilstm_frozen,advtrain,template,2026,test_structural_3,bongo_0971,0,0.000023
bilstm_frozen,advtrain,template,2026,test_structural_3,bongo_0983,0,0.000225
bilstm_frozen,advtrain,template,2026,test_structural_3,bongo_0989,1,0.999867
bilstm_frozen,advtrain,template,2026,test_structural_3,bongo_0994,0,0.000564
bilstm_frozen,advtrain,template,2026,test_structural_3,bongo_1003,1,0.999938
bilstm_frozen,advtrain,template,2026,test_structural_3,bongo_1006,0,0.000057
bilstm_frozen,advtrain,template,2026,test_structural_3,bongo_1012,1,0.327632
bilstm_frozen,advtrain,template,2026,test_structural_3,bongo_1015,0,0.000017
bilstm_frozen,advtrain,template,2026,test_structural_3,bongo_1022,1,0.346595
bilstm_frozen,advtrain,template,2026,test_structural_3,bongo_1037,0,0.000065
bilstm_frozen,advtrain,template,2026,test_structural_3,bongo_1040,0,0.000033
bilstm_frozen,advtrain,template,2026,test_structural_3,bongo_1042,1,0.999941
bilstm_frozen,advtrain,template,2026,test_structural_3,bongo_1047,1,0.999895
bilstm_frozen,advtrain,template,2026,test_structural_3,bongo_1050,0,0.000020
bilstm_frozen,advtrain,template,2026,test_structural_3,bongo_1052,1,0.999946
bilstm_frozen,advtrain,template,2026,test_structural_3,bongo_1059,0,0.000011
bilstm_frozen,advtrain,template,2026,test_structural_3,bongo_1071,0,0.000055
bilstm_frozen,advtrain,template,2026,test_structural_3,bongo_1090,0,0.000014
bilstm_frozen,advtrain,template,2026,test_structural_3,bongo_1104,1,0.999932
bilstm_frozen,advtrain,template,2026,test_structural_3,bongo_1115,0,0.000009
bilstm_frozen,advtrain,template,2026,test_structural_3,bongo_1123,0,0.000078
bilstm_frozen,advtrain,template,2026,test_structural_3,bongo_1125,0,0.017005
bilstm_frozen,advtrain,template,2026,test_structural_3,bongo_1127,1,0.386241
bilstm_frozen,advtrain,template,2026,test_structural_3,bongo_1131,1,0.999839
bilstm_frozen,advtrain,template,2026,test_structural_3,bongo_1134,1,0.245383
bilstm_frozen,advtrain,template,2026,test_structural_3,bongo_1135,0,0.000701
bilstm_frozen,advtrain,template,2026,test_structural_3,bongo_1136,1,0.999941
bilstm_frozen,advtrain,template,2026,test_structural_3,bongo_1138,1,0.999847
bilstm_frozen,advtrain,template,2026,test_structural_3,bongo_1140,1,0.999786
bilstm_frozen,advtrain,template,2026,test_structural_3,bongo_1154,1,0.999724
bilstm_frozen,advtrain,template,2026,test_structural_3,bongo_1155,0,0.000022
bilstm_frozen,advtrain,template,2026,test_structural_3,bongo_1171,1,0.999929
bilstm_frozen,advtrain,template,2026,test_structural_3,bongo_1181,1,0.999759
bilstm_frozen,advtrain,template,2026,test_structural_3,bongo_1185,1,0.196218
bilstm_frozen,advtrain,template,2026,test_structural_3,bongo_1194,0,0.001805
bilstm_frozen,advtrain,template,2026,test_structural_3,bongo_1195,1,0.302503
bilstm_frozen,advtrain,template,2026,test_structural_3,bongo_1198,0,0.000271
bilstm_frozen,advtrain,template,2026,test_structural_3,bongo_1204,1,0.375883
bilstm_frozen,advtrain,template,2026,test_structural_3,bongo_1220,1,0.999899
bilstm_frozen,advtrain,template,2026,test_structural_3,bongo_1233,1,0.999869
bilstm_frozen,advtrain,template,2026,test_structural_3,bongo_1236,0,0.000351
bilstm_frozen,advtrain,template,2026,test_structural_3,bongo_1240,1,0.214239
bilstm_frozen,advtrain,template,2026,test_structural_3,bongo_1244,0,0.000030
bilstm_frozen,advtrain,template,2026,test_structural_3,bongo_1249,0,0.000006
bilstm_frozen,advtrain,template,2026,test_structural_3,bongo_1253,0,0.016226
bilstm_frozen,advtrain,template,2026,test_structural_3,bongo_1260,0,0.000035
bilstm_frozen,advtrain,template,2026,test_structural_3,bongo_1262,0,0.015306
bilstm_frozen,advtrain,template,2026,test_structural_3,bongo_1278,1,0.240850
bilstm_frozen,advtrain,template,2026,test_structural_3,bongo_1285,0,0.000022
bilstm_frozen,advtrain,template,2026,test_structural_3,bongo_1293,1,0.999597
bilstm_frozen,advtrain,template,2026,test_structural_3,bongo_1316,0,0.000149
bilstm_frozen,advtrain,template,2026,test_structural_3,bongo_1327,1,0.231070
bilstm_frozen,advtrain,template,2026,test_structural_3,bongo_1330,0,0.049167
bilstm_frozen,advtrain,template,2026,test_structural_3,bongo_1359,0,0.000247
bilstm_frozen,advtrain,template,2026,test_structural_3,bongo_1375,0,0.000046
bilstm_frozen,advtrain,template,2026,test_structural_all,bongo_0025,1,0.999896
bilstm_frozen,advtrain,template,2026,test_structural_all,bongo_0029,0,0.046893
bilstm_frozen,advtrain,template,2026,test_structural_all,bongo_0039,1,0.999895
bilstm_frozen,advtrain,template,2026,test_structural_all,bongo_0047,1,0.999930
bilstm_frozen,advtrain,template,2026,test_structural_all,bongo_0053,0,0.000034
bilstm_frozen,advtrain,template,2026,test_structural_all,bongo_0055,1,0.663247
bilstm_frozen,advtrain,template,2026,test_structural_all,bongo_0061,1,0.999920
bilstm_frozen,advtrain,template,2026,test_structural_all,bongo_0097,0,0.000570
bilstm_frozen,advtrain,template,2026,test_structural_all,bongo_0107,0,0.000012
bilstm_frozen,advtrain,template,2026,test_structural_all,bongo_0110,0,0.000008
bilstm_frozen,advtrain,template,2026,test_structural_all,bongo_0112,1,0.420001
bilstm_frozen,advtrain,template,2026,test_structural_all,bongo_0115,0,0.000156
bilstm_frozen,advtrain,template,2026,test_structural_all,bongo_0143,0,0.000018
bilstm_frozen,advtrain,template,2026,test_structural_all,bongo_0146,1,0.999861
bilstm_frozen,advtrain,template,2026,test_structural_all,bongo_0154,1,0.999936
bilstm_frozen,advtrain,template,2026,test_structural_all,bongo_0159,1,0.998658
bilstm_frozen,advtrain,template,2026,test_structural_all,bongo_0160,0,0.000046
bilstm_frozen,advtrain,template,2026,test_structural_all,bongo_0172,0,0.089296
bilstm_frozen,advtrain,template,2026,test_structural_all,bongo_0173,1,0.498121
bilstm_frozen,advtrain,template,2026,test_structural_all,bongo_0175,0,0.000019
bilstm_frozen,advtrain,template,2026,test_structural_all,bongo_0182,0,0.000006
bilstm_frozen,advtrain,template,2026,test_structural_all,bongo_0195,1,0.999902
bilstm_frozen,advtrain,template,2026,test_structural_all,bongo_0197,0,0.000030
bilstm_frozen,advtrain,template,2026,test_structural_all,bongo_0201,1,0.999947
bilstm_frozen,advtrain,template,2026,test_structural_all,bongo_0203,1,0.999874
bilstm_frozen,advtrain,template,2026,test_structural_all,bongo_0250,1,0.411330
bilstm_frozen,advtrain,template,2026,test_structural_all,bongo_0253,0,0.000562
bilstm_frozen,advtrain,template,2026,test_structural_all,bongo_0255,1,0.418574
bilstm_frozen,advtrain,template,2026,test_structural_all,bongo_0265,1,0.267608
bilstm_frozen,advtrain,template,2026,test_structural_all,bongo_0271,0,0.000027
bilstm_frozen,advtrain,template,2026,test_structural_all,bongo_0300,0,0.000041
bilstm_frozen,advtrain,template,2026,test_structural_all,bongo_0306,0,0.000122
bilstm_frozen,advtrain,template,2026,test_structural_all,bongo_0356,1,0.424295
bilstm_frozen,advtrain,template,2026,test_structural_all,bongo_0360,1,0.999831
bilstm_frozen,advtrain,template,2026,test_structural_all,bongo_0361,1,0.999878
bilstm_frozen,advtrain,template,2026,test_structural_all,bongo_0363,0,0.000042
bilstm_frozen,advtrain,template,2026,test_structural_all,bongo_0368,0,0.001001
bilstm_frozen,advtrain,template,2026,test_structural_all,bongo_0372,0,0.000109
bilstm_frozen,advtrain,template,2026,test_structural_all,bongo_0380,1,0.437627
bilstm_frozen,advtrain,template,2026,test_structural_all,bongo_0389,0,0.000025
bilstm_frozen,advtrain,template,2026,test_structural_all,bongo_0395,0,0.000787
bilstm_frozen,advtrain,template,2026,test_structural_all,bongo_0405,1,0.999844
bilstm_frozen,advtrain,template,2026,test_structural_all,bongo_0424,1,0.999915
bilstm_frozen,advtrain,template,2026,test_structural_all,bongo_0427,0,0.000401
bilstm_frozen,advtrain,template,2026,test_structural_all,bongo_0434,1,0.440775
bilstm_frozen,advtrain,template,2026,test_structural_all,bongo_0463,0,0.007451
bilstm_frozen,advtrain,template,2026,test_structural_all,bongo_0476,1,0.999836
bilstm_frozen,advtrain,template,2026,test_structural_all,bongo_0510,1,0.999960
bilstm_frozen,advtrain,template,2026,test_structural_all,bongo_0531,0,0.000234
bilstm_frozen,advtrain,template,2026,test_structural_all,bongo_0542,0,0.000018
bilstm_frozen,advtrain,template,2026,test_structural_all,bongo_0545,0,0.000024
bilstm_frozen,advtrain,template,2026,test_structural_all,bongo_0560,1,0.999937
bilstm_frozen,advtrain,template,2026,test_structural_all,bongo_0565,1,0.995419
bilstm_frozen,advtrain,template,2026,test_structural_all,bongo_0566,1,0.999945
bilstm_frozen,advtrain,template,2026,test_structural_all,bongo_0571,0,0.000019
bilstm_frozen,advtrain,template,2026,test_structural_all,bongo_0577,1,0.999898
bilstm_frozen,advtrain,template,2026,test_structural_all,bongo_0580,1,0.999738
bilstm_frozen,advtrain,template,2026,test_structural_all,bongo_0621,1,0.999834
bilstm_frozen,advtrain,template,2026,test_structural_all,bongo_0624,1,0.999918
bilstm_frozen,advtrain,template,2026,test_structural_all,bongo_0630,0,0.000400
bilstm_frozen,advtrain,template,2026,test_structural_all,bongo_0638,1,0.999838
bilstm_frozen,advtrain,template,2026,test_structural_all,bongo_0648,0,0.040359
bilstm_frozen,advtrain,template,2026,test_structural_all,bongo_0674,0,0.000016
bilstm_frozen,advtrain,template,2026,test_structural_all,bongo_0685,0,0.039352
bilstm_frozen,advtrain,template,2026,test_structural_all,bongo_0697,1,0.174819
bilstm_frozen,advtrain,template,2026,test_structural_all,bongo_0701,0,0.000031
bilstm_frozen,advtrain,template,2026,test_structural_all,bongo_0706,1,0.150957
bilstm_frozen,advtrain,template,2026,test_structural_all,bongo_0719,1,0.417132
bilstm_frozen,advtrain,template,2026,test_structural_all,bongo_0721,1,0.999658
bilstm_frozen,advtrain,template,2026,test_structural_all,bongo_0724,1,0.416202
bilstm_frozen,advtrain,template,2026,test_structural_all,bongo_0729,1,0.999820
bilstm_frozen,advtrain,template,2026,test_structural_all,bongo_0741,0,0.000021
bilstm_frozen,advtrain,template,2026,test_structural_all,bongo_0749,1,0.423864
bilstm_frozen,advtrain,template,2026,test_structural_all,bongo_0769,1,0.999945
bilstm_frozen,advtrain,template,2026,test_structural_all,bongo_0770,1,0.417878
bilstm_frozen,advtrain,template,2026,test_structural_all,bongo_0778,1,0.999853
bilstm_frozen,advtrain,template,2026,test_structural_all,bongo_0787,1,0.999926
bilstm_frozen,advtrain,template,2026,test_structural_all,bongo_0795,0,0.000320
bilstm_frozen,advtrain,template,2026,test_structural_all,bongo_0806,1,0.999789
bilstm_frozen,advtrain,template,2026,test_structural_all,bongo_0807,1,0.999918
bilstm_frozen,advtrain,template,2026,test_structural_all,bongo_0818,0,0.010798
bilstm_frozen,advtrain,template,2026,test_structural_all,bongo_0819,0,0.000204
bilstm_frozen,advtrain,template,2026,test_structural_all,bongo_0835,0,0.000019
bilstm_frozen,advtrain,template,2026,test_structural_all,bongo_0840,1,0.999793
bilstm_frozen,advtrain,template,2026,test_structural_all,bongo_0855,1,0.997923
bilstm_frozen,advtrain,template,2026,test_structural_all,bongo_0856,0,0.000092
bilstm_frozen,advtrain,template,2026,test_structural_all,bongo_0864,1,0.999921
bilstm_frozen,advtrain,template,2026,test_structural_all,bongo_0871,1,0.999952
bilstm_frozen,advtrain,template,2026,test_structural_all,bongo_0872,0,0.005578
bilstm_frozen,advtrain,template,2026,test_structural_all,bongo_0904,0,0.000395
bilstm_frozen,advtrain,template,2026,test_structural_all,bongo_0905,1,0.999921
bilstm_frozen,advtrain,template,2026,test_structural_all,bongo_0909,1,0.999858
bilstm_frozen,advtrain,template,2026,test_structural_all,bongo_0917,1,0.999436
bilstm_frozen,advtrain,template,2026,test_structural_all,bongo_0918,1,0.999889
bilstm_frozen,advtrain,template,2026,test_structural_all,bongo_0950,0,0.000038
bilstm_frozen,advtrain,template,2026,test_structural_all,bongo_0955,1,0.999943
bilstm_frozen,advtrain,template,2026,test_structural_all,bongo_0956,0,0.000019
bilstm_frozen,advtrain,template,2026,test_structural_all,bongo_0971,0,0.000023
bilstm_frozen,advtrain,template,2026,test_structural_all,bongo_0983,0,0.000225
bilstm_frozen,advtrain,template,2026,test_structural_all,bongo_0989,1,0.999951
bilstm_frozen,advtrain,template,2026,test_structural_all,bongo_0994,0,0.000564
bilstm_frozen,advtrain,template,2026,test_structural_all,bongo_1003,1,0.999893
bilstm_frozen,advtrain,template,2026,test_structural_all,bongo_1006,0,0.000057
bilstm_frozen,advtrain,template,2026,test_structural_all,bongo_1012,1,0.999928
bilstm_frozen,advtrain,template,2026,test_structural_all,bongo_1015,0,0.000017
bilstm_frozen,advtrain,template,2026,test_structural_all,bongo_1022,1,0.999938
bilstm_frozen,advtrain,template,2026,test_structural_all,bongo_1037,0,0.000065
bilstm_frozen,advtrain,template,2026,test_structural_all,bongo_1040,0,0.000033
bilstm_frozen,advtrain,template,2026,test_structural_all,bongo_1042,1,0.999936
bilstm_frozen,advtrain,template,2026,test_structural_all,bongo_1047,1,0.999873
bilstm_frozen,advtrain,template,2026,test_structural_all,bongo_1050,0,0.000020
bilstm_frozen,advtrain,template,2026,test_structural_all,bongo_1052,1,0.999945
bilstm_frozen,advtrain,template,2026,test_structural_all,bongo_1059,0,0.000011
bilstm_frozen,advtrain,template,2026,test_structural_all,bongo_1071,0,0.000055
bilstm_frozen,advtrain,template,2026,test_structural_all,bongo_1090,0,0.000014
bilstm_frozen,advtrain,template,2026,test_structural_all,bongo_1104,1,0.999928
bilstm_frozen,advtrain,template,2026,test_structural_all,bongo_1115,0,0.000009
bilstm_frozen,advtrain,template,2026,test_structural_all,bongo_1123,0,0.000078
bilstm_frozen,advtrain,template,2026,test_structural_all,bongo_1125,0,0.017005
bilstm_frozen,advtrain,template,2026,test_structural_all,bongo_1127,1,0.264883
bilstm_frozen,advtrain,template,2026,test_structural_all,bongo_1131,1,0.999913
bilstm_frozen,advtrain,template,2026,test_structural_all,bongo_1134,1,0.999217
bilstm_frozen,advtrain,template,2026,test_structural_all,bongo_1135,0,0.000701
bilstm_frozen,advtrain,template,2026,test_structural_all,bongo_1136,1,0.999922
bilstm_frozen,advtrain,template,2026,test_structural_all,bongo_1138,1,0.999948
bilstm_frozen,advtrain,template,2026,test_structural_all,bongo_1140,1,0.999873
bilstm_frozen,advtrain,template,2026,test_structural_all,bongo_1154,1,0.999912
bilstm_frozen,advtrain,template,2026,test_structural_all,bongo_1155,0,0.000022
bilstm_frozen,advtrain,template,2026,test_structural_all,bongo_1171,1,0.999926
bilstm_frozen,advtrain,template,2026,test_structural_all,bongo_1181,1,0.999772
bilstm_frozen,advtrain,template,2026,test_structural_all,bongo_1185,1,0.996745
bilstm_frozen,advtrain,template,2026,test_structural_all,bongo_1194,0,0.001805
bilstm_frozen,advtrain,template,2026,test_structural_all,bongo_1195,1,0.094012
bilstm_frozen,advtrain,template,2026,test_structural_all,bongo_1198,0,0.000271
bilstm_frozen,advtrain,template,2026,test_structural_all,bongo_1204,1,0.999930
bilstm_frozen,advtrain,template,2026,test_structural_all,bongo_1220,1,0.999951
bilstm_frozen,advtrain,template,2026,test_structural_all,bongo_1233,1,0.999899
bilstm_frozen,advtrain,template,2026,test_structural_all,bongo_1236,0,0.000351
bilstm_frozen,advtrain,template,2026,test_structural_all,bongo_1240,1,0.413523
bilstm_frozen,advtrain,template,2026,test_structural_all,bongo_1244,0,0.000030
bilstm_frozen,advtrain,template,2026,test_structural_all,bongo_1249,0,0.000006
bilstm_frozen,advtrain,template,2026,test_structural_all,bongo_1253,0,0.016226
bilstm_frozen,advtrain,template,2026,test_structural_all,bongo_1260,0,0.000035
bilstm_frozen,advtrain,template,2026,test_structural_all,bongo_1262,0,0.015306
bilstm_frozen,advtrain,template,2026,test_structural_all,bongo_1278,1,0.111058
bilstm_frozen,advtrain,template,2026,test_structural_all,bongo_1285,0,0.000022
bilstm_frozen,advtrain,template,2026,test_structural_all,bongo_1293,1,0.999776
bilstm_frozen,advtrain,template,2026,test_structural_all,bongo_1316,0,0.000149
bilstm_frozen,advtrain,template,2026,test_structural_all,bongo_1327,1,0.999945
bilstm_frozen,advtrain,template,2026,test_structural_all,bongo_1330,0,0.049167
bilstm_frozen,advtrain,template,2026,test_structural_all,bongo_1359,0,0.000247
bilstm_frozen,advtrain,template,2026,test_structural_all,bongo_1375,0,0.000046
bilstm_frozen,advtrain,template,2026,test_codeswitch_1,bongo_0025,1,0.999747
bilstm_frozen,advtrain,template,2026,test_codeswitch_1,bongo_0029,0,0.046893
bilstm_frozen,advtrain,template,2026,test_codeswitch_1,bongo_0039,1,0.999747
bilstm_frozen,advtrain,template,2026,test_codeswitch_1,bongo_0047,1,0.999733
bilstm_frozen,advtrain,template,2026,test_codeswitch_1,bongo_0053,0,0.000034
bilstm_frozen,advtrain,template,2026,test_codeswitch_1,bongo_0055,1,0.217165
bilstm_frozen,advtrain,template,2026,test_codeswitch_1,bongo_0061,1,0.999819
bilstm_frozen,advtrain,template,2026,test_codeswitch_1,bongo_0097,0,0.000570
bilstm_frozen,advtrain,template,2026,test_codeswitch_1,bongo_0107,0,0.000012
bilstm_frozen,advtrain,template,2026,test_codeswitch_1,bongo_0110,0,0.000008
bilstm_frozen,advtrain,template,2026,test_codeswitch_1,bongo_0112,1,0.250835
bilstm_frozen,advtrain,template,2026,test_codeswitch_1,bongo_0115,0,0.000156
bilstm_frozen,advtrain,template,2026,test_codeswitch_1,bongo_0143,0,0.000018
bilstm_frozen,advtrain,template,2026,test_codeswitch_1,bongo_0146,1,0.999468
bilstm_frozen,advtrain,template,2026,test_codeswitch_1,bongo_0154,1,0.999537
bilstm_frozen,advtrain,template,2026,test_codeswitch_1,bongo_0159,1,0.216309
bilstm_frozen,advtrain,template,2026,test_codeswitch_1,bongo_0160,0,0.000046
bilstm_frozen,advtrain,template,2026,test_codeswitch_1,bongo_0172,0,0.089296
bilstm_frozen,advtrain,template,2026,test_codeswitch_1,bongo_0173,1,0.011756
bilstm_frozen,advtrain,template,2026,test_codeswitch_1,bongo_0175,0,0.000019
bilstm_frozen,advtrain,template,2026,test_codeswitch_1,bongo_0182,0,0.000006
bilstm_frozen,advtrain,template,2026,test_codeswitch_1,bongo_0195,1,0.999403
bilstm_frozen,advtrain,template,2026,test_codeswitch_1,bongo_0197,0,0.000030
bilstm_frozen,advtrain,template,2026,test_codeswitch_1,bongo_0201,1,0.999847
bilstm_frozen,advtrain,template,2026,test_codeswitch_1,bongo_0203,1,0.999741
bilstm_frozen,advtrain,template,2026,test_codeswitch_1,bongo_0250,1,0.216309
bilstm_frozen,advtrain,template,2026,test_codeswitch_1,bongo_0253,0,0.000562
bilstm_frozen,advtrain,template,2026,test_codeswitch_1,bongo_0255,1,0.176056
bilstm_frozen,advtrain,template,2026,test_codeswitch_1,bongo_0265,1,0.009733
bilstm_frozen,advtrain,template,2026,test_codeswitch_1,bongo_0271,0,0.000027
bilstm_frozen,advtrain,template,2026,test_codeswitch_1,bongo_0300,0,0.000041
bilstm_frozen,advtrain,template,2026,test_codeswitch_1,bongo_0306,0,0.000122
bilstm_frozen,advtrain,template,2026,test_codeswitch_1,bongo_0356,1,0.251218
bilstm_frozen,advtrain,template,2026,test_codeswitch_1,bongo_0360,1,0.999416
bilstm_frozen,advtrain,template,2026,test_codeswitch_1,bongo_0361,1,0.999740
bilstm_frozen,advtrain,template,2026,test_codeswitch_1,bongo_0363,0,0.000042
bilstm_frozen,advtrain,template,2026,test_codeswitch_1,bongo_0368,0,0.001001
bilstm_frozen,advtrain,template,2026,test_codeswitch_1,bongo_0372,0,0.000109
bilstm_frozen,advtrain,template,2026,test_codeswitch_1,bongo_0380,1,0.176460
bilstm_frozen,advtrain,template,2026,test_codeswitch_1,bongo_0389,0,0.000025
bilstm_frozen,advtrain,template,2026,test_codeswitch_1,bongo_0395,0,0.000787
bilstm_frozen,advtrain,template,2026,test_codeswitch_1,bongo_0405,1,0.999101
bilstm_frozen,advtrain,template,2026,test_codeswitch_1,bongo_0424,1,0.999825
bilstm_frozen,advtrain,template,2026,test_codeswitch_1,bongo_0427,0,0.000401
bilstm_frozen,advtrain,template,2026,test_codeswitch_1,bongo_0434,1,0.217165
bilstm_frozen,advtrain,template,2026,test_codeswitch_1,bongo_0463,0,0.007451
bilstm_frozen,advtrain,template,2026,test_codeswitch_1,bongo_0476,1,0.999532
bilstm_frozen,advtrain,template,2026,test_codeswitch_1,bongo_0510,1,0.999370
bilstm_frozen,advtrain,template,2026,test_codeswitch_1,bongo_0531,0,0.000234
bilstm_frozen,advtrain,template,2026,test_codeswitch_1,bongo_0542,0,0.000018
bilstm_frozen,advtrain,template,2026,test_codeswitch_1,bongo_0545,0,0.000024
bilstm_frozen,advtrain,template,2026,test_codeswitch_1,bongo_0560,1,0.999636
bilstm_frozen,advtrain,template,2026,test_codeswitch_1,bongo_0565,1,0.186772
bilstm_frozen,advtrain,template,2026,test_codeswitch_1,bongo_0566,1,0.999791
bilstm_frozen,advtrain,template,2026,test_codeswitch_1,bongo_0571,0,0.000019
bilstm_frozen,advtrain,template,2026,test_codeswitch_1,bongo_0577,1,0.999089
bilstm_frozen,advtrain,template,2026,test_codeswitch_1,bongo_0580,1,0.999380
bilstm_frozen,advtrain,template,2026,test_codeswitch_1,bongo_0621,1,0.999502
bilstm_frozen,advtrain,template,2026,test_codeswitch_1,bongo_0624,1,0.999736
bilstm_frozen,advtrain,template,2026,test_codeswitch_1,bongo_0630,0,0.000400
bilstm_frozen,advtrain,template,2026,test_codeswitch_1,bongo_0638,1,0.999696
bilstm_frozen,advtrain,template,2026,test_codeswitch_1,bongo_0648,0,0.040359
bilstm_frozen,advtrain,template,2026,test_codeswitch_1,bongo_0674,0,0.000016
bilstm_frozen,advtrain,template,2026,test_codeswitch_1,bongo_0685,0,0.039352
bilstm_frozen,advtrain,template,2026,test_codeswitch_1,bongo_0697,1,0.186772
bilstm_frozen,advtrain,template,2026,test_codeswitch_1,bongo_0701,0,0.000031
bilstm_frozen,advtrain,template,2026,test_codeswitch_1,bongo_0706,1,0.252897
bilstm_frozen,advtrain,template,2026,test_codeswitch_1,bongo_0719,1,0.176627
bilstm_frozen,advtrain,template,2026,test_codeswitch_1,bongo_0721,1,0.999335
bilstm_frozen,advtrain,template,2026,test_codeswitch_1,bongo_0724,1,0.186401
bilstm_frozen,advtrain,template,2026,test_codeswitch_1,bongo_0729,1,0.999311
bilstm_frozen,advtrain,template,2026,test_codeswitch_1,bongo_0741,0,0.000021
bilstm_frozen,advtrain,template,2026,test_codeswitch_1,bongo_0749,1,0.236904
bilstm_frozen,advtrain,template,2026,test_codeswitch_1,bongo_0769,1,0.998454
bilstm_frozen,advtrain,template,2026,test_codeswitch_1,bongo_0770,1,0.217165
bilstm_frozen,advtrain,template,2026,test_codeswitch_1,bongo_0778,1,0.238621
bilstm_frozen,advtrain,template,2026,test_codeswitch_1,bongo_0787,1,0.999416
bilstm_frozen,advtrain,template,2026,test_codeswitch_1,bongo_0795,0,0.000320
bilstm_frozen,advtrain,template,2026,test_codeswitch_1,bongo_0806,1,0.186401
bilstm_frozen,advtrain,template,2026,test_codeswitch_1,bongo_0807,1,0.999274
bilstm_frozen,advtrain,template,2026,test_codeswitch_1,bongo_0818,0,0.010798
bilstm_frozen,advtrain,template,2026,test_codeswitch_1,bongo_0819,0,0.000204
bilstm_frozen,advtrain,template,2026,test_codeswitch_1,bongo_0835,0,0.000019
bilstm_frozen,advtrain,template,2026,test_codeswitch_1,bongo_0840,1,0.999414
bilstm_frozen,advtrain,template,2026,test_codeswitch_1,bongo_0855,1,0.187034
bilstm_frozen,advtrain,template,2026,test_codeswitch_1,bongo_0856,0,0.000092
bilstm_frozen,advtrain,template,2026,test_codeswitch_1,bongo_0864,1,0.999746
bilstm_frozen,advtrain,template,2026,test_codeswitch_1,bongo_0871,1,0.999741
bilstm_frozen,advtrain,template,2026,test_codeswitch_1,bongo_0872,0,0.005578
bilstm_frozen,advtrain,template,2026,test_codeswitch_1,bongo_0904,0,0.000395
bilstm_frozen,advtrain,template,2026,test_codeswitch_1,bongo_0905,1,0.999750
bilstm_frozen,advtrain,template,2026,test_codeswitch_1,bongo_0909,1,0.999063
bilstm_frozen,advtrain,template,2026,test_codeswitch_1,bongo_0917,1,0.215573
bilstm_frozen,advtrain,template,2026,test_codeswitch_1,bongo_0918,1,0.999305
bilstm_frozen,advtrain,template,2026,test_codeswitch_1,bongo_0950,0,0.000038
bilstm_frozen,advtrain,template,2026,test_codeswitch_1,bongo_0955,1,0.999829
bilstm_frozen,advtrain,template,2026,test_codeswitch_1,bongo_0956,0,0.000019
bilstm_frozen,advtrain,template,2026,test_codeswitch_1,bongo_0971,0,0.000023
bilstm_frozen,advtrain,template,2026,test_codeswitch_1,bongo_0983,0,0.000225
bilstm_frozen,advtrain,template,2026,test_codeswitch_1,bongo_0989,1,0.999741
bilstm_frozen,advtrain,template,2026,test_codeswitch_1,bongo_0994,0,0.000564
bilstm_frozen,advtrain,template,2026,test_codeswitch_1,bongo_1003,1,0.999641
bilstm_frozen,advtrain,template,2026,test_codeswitch_1,bongo_1006,0,0.000057
bilstm_frozen,advtrain,template,2026,test_codeswitch_1,bongo_1012,1,0.237104
bilstm_frozen,advtrain,template,2026,test_codeswitch_1,bongo_1015,0,0.000017
bilstm_frozen,advtrain,template,2026,test_codeswitch_1,bongo_1022,1,0.177311
bilstm_frozen,advtrain,template,2026,test_codeswitch_1,bongo_1037,0,0.000065
bilstm_frozen,advtrain,template,2026,test_codeswitch_1,bongo_1040,0,0.000033
bilstm_frozen,advtrain,template,2026,test_codeswitch_1,bongo_1042,1,0.999170
bilstm_frozen,advtrain,template,2026,test_codeswitch_1,bongo_1047,1,0.999749
bilstm_frozen,advtrain,template,2026,test_codeswitch_1,bongo_1050,0,0.000020
bilstm_frozen,advtrain,template,2026,test_codeswitch_1,bongo_1052,1,0.999452
bilstm_frozen,advtrain,template,2026,test_codeswitch_1,bongo_1059,0,0.000011
bilstm_frozen,advtrain,template,2026,test_codeswitch_1,bongo_1071,0,0.000055
bilstm_frozen,advtrain,template,2026,test_codeswitch_1,bongo_1090,0,0.000014
bilstm_frozen,advtrain,template,2026,test_codeswitch_1,bongo_1104,1,0.999823
bilstm_frozen,advtrain,template,2026,test_codeswitch_1,bongo_1115,0,0.000009
bilstm_frozen,advtrain,template,2026,test_codeswitch_1,bongo_1123,0,0.000078
bilstm_frozen,advtrain,template,2026,test_codeswitch_1,bongo_1125,0,0.017005
bilstm_frozen,advtrain,template,2026,test_codeswitch_1,bongo_1127,1,0.045819
bilstm_frozen,advtrain,template,2026,test_codeswitch_1,bongo_1131,1,0.999754
bilstm_frozen,advtrain,template,2026,test_codeswitch_1,bongo_1134,1,0.249541
bilstm_frozen,advtrain,template,2026,test_codeswitch_1,bongo_1135,0,0.000701
bilstm_frozen,advtrain,template,2026,test_codeswitch_1,bongo_1136,1,0.999379
bilstm_frozen,advtrain,template,2026,test_codeswitch_1,bongo_1138,1,0.999748
bilstm_frozen,advtrain,template,2026,test_codeswitch_1,bongo_1140,1,0.999164
bilstm_frozen,advtrain,template,2026,test_codeswitch_1,bongo_1154,1,0.999570
bilstm_frozen,advtrain,template,2026,test_codeswitch_1,bongo_1155,0,0.000022
bilstm_frozen,advtrain,template,2026,test_codeswitch_1,bongo_1171,1,0.999822
bilstm_frozen,advtrain,template,2026,test_codeswitch_1,bongo_1181,1,0.999383
bilstm_frozen,advtrain,template,2026,test_codeswitch_1,bongo_1185,1,0.175970
bilstm_frozen,advtrain,template,2026,test_codeswitch_1,bongo_1194,0,0.001805
bilstm_frozen,advtrain,template,2026,test_codeswitch_1,bongo_1195,1,0.187579
bilstm_frozen,advtrain,template,2026,test_codeswitch_1,bongo_1198,0,0.000271
bilstm_frozen,advtrain,template,2026,test_codeswitch_1,bongo_1204,1,0.216097
bilstm_frozen,advtrain,template,2026,test_codeswitch_1,bongo_1220,1,0.999753
bilstm_frozen,advtrain,template,2026,test_codeswitch_1,bongo_1233,1,0.999796
bilstm_frozen,advtrain,template,2026,test_codeswitch_1,bongo_1236,0,0.000351
bilstm_frozen,advtrain,template,2026,test_codeswitch_1,bongo_1240,1,0.176056
bilstm_frozen,advtrain,template,2026,test_codeswitch_1,bongo_1244,0,0.000030
bilstm_frozen,advtrain,template,2026,test_codeswitch_1,bongo_1249,0,0.000006
bilstm_frozen,advtrain,template,2026,test_codeswitch_1,bongo_1253,0,0.016226
bilstm_frozen,advtrain,template,2026,test_codeswitch_1,bongo_1260,0,0.000035
bilstm_frozen,advtrain,template,2026,test_codeswitch_1,bongo_1262,0,0.015306
bilstm_frozen,advtrain,template,2026,test_codeswitch_1,bongo_1278,1,0.235757
bilstm_frozen,advtrain,template,2026,test_codeswitch_1,bongo_1285,0,0.000022
bilstm_frozen,advtrain,template,2026,test_codeswitch_1,bongo_1293,1,0.999393
bilstm_frozen,advtrain,template,2026,test_codeswitch_1,bongo_1316,0,0.000149
bilstm_frozen,advtrain,template,2026,test_codeswitch_1,bongo_1327,1,0.215477
bilstm_frozen,advtrain,template,2026,test_codeswitch_1,bongo_1330,0,0.049167
bilstm_frozen,advtrain,template,2026,test_codeswitch_1,bongo_1359,0,0.000247
bilstm_frozen,advtrain,template,2026,test_codeswitch_1,bongo_1375,0,0.000046
bilstm_frozen,advtrain,template,2026,test_codeswitch_3,bongo_0025,1,0.999784
bilstm_frozen,advtrain,template,2026,test_codeswitch_3,bongo_0029,0,0.046893
bilstm_frozen,advtrain,template,2026,test_codeswitch_3,bongo_0039,1,0.999729
bilstm_frozen,advtrain,template,2026,test_codeswitch_3,bongo_0047,1,0.999733
bilstm_frozen,advtrain,template,2026,test_codeswitch_3,bongo_0053,0,0.000034
bilstm_frozen,advtrain,template,2026,test_codeswitch_3,bongo_0055,1,0.201830
bilstm_frozen,advtrain,template,2026,test_codeswitch_3,bongo_0061,1,0.999819
bilstm_frozen,advtrain,template,2026,test_codeswitch_3,bongo_0097,0,0.000570
bilstm_frozen,advtrain,template,2026,test_codeswitch_3,bongo_0107,0,0.000012
bilstm_frozen,advtrain,template,2026,test_codeswitch_3,bongo_0110,0,0.000008
bilstm_frozen,advtrain,template,2026,test_codeswitch_3,bongo_0112,1,0.234376
bilstm_frozen,advtrain,template,2026,test_codeswitch_3,bongo_0115,0,0.000156
bilstm_frozen,advtrain,template,2026,test_codeswitch_3,bongo_0143,0,0.000018
bilstm_frozen,advtrain,template,2026,test_codeswitch_3,bongo_0146,1,0.998953
bilstm_frozen,advtrain,template,2026,test_codeswitch_3,bongo_0154,1,0.999622
bilstm_frozen,advtrain,template,2026,test_codeswitch_3,bongo_0159,1,0.200286
bilstm_frozen,advtrain,template,2026,test_codeswitch_3,bongo_0160,0,0.000046
bilstm_frozen,advtrain,template,2026,test_codeswitch_3,bongo_0172,0,0.089296
bilstm_frozen,advtrain,template,2026,test_codeswitch_3,bongo_0173,1,0.121879
bilstm_frozen,advtrain,template,2026,test_codeswitch_3,bongo_0175,0,0.000019
bilstm_frozen,advtrain,template,2026,test_codeswitch_3,bongo_0182,0,0.000006
bilstm_frozen,advtrain,template,2026,test_codeswitch_3,bongo_0195,1,0.999403
bilstm_frozen,advtrain,template,2026,test_codeswitch_3,bongo_0197,0,0.000030
bilstm_frozen,advtrain,template,2026,test_codeswitch_3,bongo_0201,1,0.999836
bilstm_frozen,advtrain,template,2026,test_codeswitch_3,bongo_0203,1,0.999781
bilstm_frozen,advtrain,template,2026,test_codeswitch_3,bongo_0250,1,0.200286
bilstm_frozen,advtrain,template,2026,test_codeswitch_3,bongo_0253,0,0.000562
bilstm_frozen,advtrain,template,2026,test_codeswitch_3,bongo_0255,1,0.160561
bilstm_frozen,advtrain,template,2026,test_codeswitch_3,bongo_0265,1,0.111649
bilstm_frozen,advtrain,template,2026,test_codeswitch_3,bongo_0271,0,0.000027
bilstm_frozen,advtrain,template,2026,test_codeswitch_3,bongo_0300,0,0.000041
bilstm_frozen,advtrain,template,2026,test_codeswitch_3,bongo_0306,0,0.000122
bilstm_frozen,advtrain,template,2026,test_codeswitch_3,bongo_0356,1,0.234713
bilstm_frozen,advtrain,template,2026,test_codeswitch_3,bongo_0360,1,0.999050
bilstm_frozen,advtrain,template,2026,test_codeswitch_3,bongo_0361,1,0.999781
bilstm_frozen,advtrain,template,2026,test_codeswitch_3,bongo_0363,0,0.000042
bilstm_frozen,advtrain,template,2026,test_codeswitch_3,bongo_0368,0,0.001001
bilstm_frozen,advtrain,template,2026,test_codeswitch_3,bongo_0372,0,0.000109
bilstm_frozen,advtrain,template,2026,test_codeswitch_3,bongo_0380,1,0.161443
bilstm_frozen,advtrain,template,2026,test_codeswitch_3,bongo_0389,0,0.000025
bilstm_frozen,advtrain,template,2026,test_codeswitch_3,bongo_0395,0,0.000787
bilstm_frozen,advtrain,template,2026,test_codeswitch_3,bongo_0405,1,0.999784
bilstm_frozen,advtrain,template,2026,test_codeswitch_3,bongo_0424,1,0.999823
bilstm_frozen,advtrain,template,2026,test_codeswitch_3,bongo_0427,0,0.000401
bilstm_frozen,advtrain,template,2026,test_codeswitch_3,bongo_0434,1,0.201830
bilstm_frozen,advtrain,template,2026,test_codeswitch_3,bongo_0463,0,0.007451
bilstm_frozen,advtrain,template,2026,test_codeswitch_3,bongo_0476,1,0.999532
bilstm_frozen,advtrain,template,2026,test_codeswitch_3,bongo_0510,1,0.999837
bilstm_frozen,advtrain,template,2026,test_codeswitch_3,bongo_0531,0,0.000234
bilstm_frozen,advtrain,template,2026,test_codeswitch_3,bongo_0542,0,0.000018
bilstm_frozen,advtrain,template,2026,test_codeswitch_3,bongo_0545,0,0.000024
bilstm_frozen,advtrain,template,2026,test_codeswitch_3,bongo_0560,1,0.999636
bilstm_frozen,advtrain,template,2026,test_codeswitch_3,bongo_0565,1,0.175009
bilstm_frozen,advtrain,template,2026,test_codeswitch_3,bongo_0566,1,0.999579
bilstm_frozen,advtrain,template,2026,test_codeswitch_3,bongo_0571,0,0.000019
bilstm_frozen,advtrain,template,2026,test_codeswitch_3,bongo_0577,1,0.999740
bilstm_frozen,advtrain,template,2026,test_codeswitch_3,bongo_0580,1,0.999380
bilstm_frozen,advtrain,template,2026,test_codeswitch_3,bongo_0621,1,0.999583
bilstm_frozen,advtrain,template,2026,test_codeswitch_3,bongo_0624,1,0.999737
bilstm_frozen,advtrain,template,2026,test_codeswitch_3,bongo_0630,0,0.000400
bilstm_frozen,advtrain,template,2026,test_codeswitch_3,bongo_0638,1,0.999403
bilstm_frozen,advtrain,template,2026,test_codeswitch_3,bongo_0648,0,0.040359
bilstm_frozen,advtrain,template,2026,test_codeswitch_3,bongo_0674,0,0.000016
bilstm_frozen,advtrain,template,2026,test_codeswitch_3,bongo_0685,0,0.039352
bilstm_frozen,advtrain,template,2026,test_codeswitch_3,bongo_0697,1,0.175009
bilstm_frozen,advtrain,template,2026,test_codeswitch_3,bongo_0701,0,0.000031
bilstm_frozen,advtrain,template,2026,test_codeswitch_3,bongo_0706,1,0.236633
bilstm_frozen,advtrain,template,2026,test_codeswitch_3,bongo_0719,1,0.161387
bilstm_frozen,advtrain,template,2026,test_codeswitch_3,bongo_0721,1,0.999310
bilstm_frozen,advtrain,template,2026,test_codeswitch_3,bongo_0724,1,0.174000
bilstm_frozen,advtrain,template,2026,test_codeswitch_3,bongo_0729,1,0.999311
bilstm_frozen,advtrain,template,2026,test_codeswitch_3,bongo_0741,0,0.000021
bilstm_frozen,advtrain,template,2026,test_codeswitch_3,bongo_0749,1,0.220210
bilstm_frozen,advtrain,template,2026,test_codeswitch_3,bongo_0769,1,0.999665
bilstm_frozen,advtrain,template,2026,test_codeswitch_3,bongo_0770,1,0.201830
bilstm_frozen,advtrain,template,2026,test_codeswitch_3,bongo_0778,1,0.222378
bilstm_frozen,advtrain,template,2026,test_codeswitch_3,bongo_0787,1,0.999049
bilstm_frozen,advtrain,template,2026,test_codeswitch_3,bongo_0795,0,0.000320
bilstm_frozen,advtrain,template,2026,test_codeswitch_3,bongo_0806,1,0.174000
bilstm_frozen,advtrain,template,2026,test_codeswitch_3,bongo_0807,1,0.999812
bilstm_frozen,advtrain,template,2026,test_codeswitch_3,bongo_0818,0,0.010798
bilstm_frozen,advtrain,template,2026,test_codeswitch_3,bongo_0819,0,0.000204
bilstm_frozen,advtrain,template,2026,test_codeswitch_3,bongo_0835,0,0.000019
bilstm_frozen,advtrain,template,2026,test_codeswitch_3,bongo_0840,1,0.999047
bilstm_frozen,advtrain,template,2026,test_codeswitch_3,bongo_0855,1,0.174923
bilstm_frozen,advtrain,template,2026,test_codeswitch_3,bongo_0856,0,0.000092
bilstm_frozen,advtrain,template,2026,test_codeswitch_3,bongo_0864,1,0.999727
bilstm_frozen,advtrain,template,2026,test_codeswitch_3,bongo_0871,1,0.999743
bilstm_frozen,advtrain,template,2026,test_codeswitch_3,bongo_0872,0,0.005578
bilstm_frozen,advtrain,template,2026,test_codeswitch_3,bongo_0904,0,0.000395
bilstm_frozen,advtrain,template,2026,test_codeswitch_3,bongo_0905,1,0.999732
bilstm_frozen,advtrain,template,2026,test_codeswitch_3,bongo_0909,1,0.999762
bilstm_frozen,advtrain,template,2026,test_codeswitch_3,bongo_0917,1,0.199175
bilstm_frozen,advtrain,template,2026,test_codeswitch_3,bongo_0918,1,0.999788
bilstm_frozen,advtrain,template,2026,test_codeswitch_3,bongo_0950,0,0.000038
bilstm_frozen,advtrain,template,2026,test_codeswitch_3,bongo_0955,1,0.999827
bilstm_frozen,advtrain,template,2026,test_codeswitch_3,bongo_0956,0,0.000019
bilstm_frozen,advtrain,template,2026,test_codeswitch_3,bongo_0971,0,0.000023
bilstm_frozen,advtrain,template,2026,test_codeswitch_3,bongo_0983,0,0.000225
bilstm_frozen,advtrain,template,2026,test_codeswitch_3,bongo_0989,1,0.999741
bilstm_frozen,advtrain,template,2026,test_codeswitch_3,bongo_0994,0,0.000564
bilstm_frozen,advtrain,template,2026,test_codeswitch_3,bongo_1003,1,0.999641
bilstm_frozen,advtrain,template,2026,test_codeswitch_3,bongo_1006,0,0.000057
bilstm_frozen,advtrain,template,2026,test_codeswitch_3,bongo_1012,1,0.220614
bilstm_frozen,advtrain,template,2026,test_codeswitch_3,bongo_1015,0,0.000017
bilstm_frozen,advtrain,template,2026,test_codeswitch_3,bongo_1022,1,0.162571
bilstm_frozen,advtrain,template,2026,test_codeswitch_3,bongo_1037,0,0.000065
bilstm_frozen,advtrain,template,2026,test_codeswitch_3,bongo_1040,0,0.000033
bilstm_frozen,advtrain,template,2026,test_codeswitch_3,bongo_1042,1,0.999290
bilstm_frozen,advtrain,template,2026,test_codeswitch_3,bongo_1047,1,0.999732
bilstm_frozen,advtrain,template,2026,test_codeswitch_3,bongo_1050,0,0.000020
bilstm_frozen,advtrain,template,2026,test_codeswitch_3,bongo_1052,1,0.999676
bilstm_frozen,advtrain,template,2026,test_codeswitch_3,bongo_1059,0,0.000011
bilstm_frozen,advtrain,template,2026,test_codeswitch_3,bongo_1071,0,0.000055
bilstm_frozen,advtrain,template,2026,test_codeswitch_3,bongo_1090,0,0.000014
bilstm_frozen,advtrain,template,2026,test_codeswitch_3,bongo_1104,1,0.999808
bilstm_frozen,advtrain,template,2026,test_codeswitch_3,bongo_1115,0,0.000009
bilstm_frozen,advtrain,template,2026,test_codeswitch_3,bongo_1123,0,0.000078
bilstm_frozen,advtrain,template,2026,test_codeswitch_3,bongo_1125,0,0.017005
bilstm_frozen,advtrain,template,2026,test_codeswitch_3,bongo_1127,1,0.144867
bilstm_frozen,advtrain,template,2026,test_codeswitch_3,bongo_1131,1,0.999329
bilstm_frozen,advtrain,template,2026,test_codeswitch_3,bongo_1134,1,0.232814
bilstm_frozen,advtrain,template,2026,test_codeswitch_3,bongo_1135,0,0.000701
bilstm_frozen,advtrain,template,2026,test_codeswitch_3,bongo_1136,1,0.999379
bilstm_frozen,advtrain,template,2026,test_codeswitch_3,bongo_1138,1,0.999729
bilstm_frozen,advtrain,template,2026,test_codeswitch_3,bongo_1140,1,0.999744
bilstm_frozen,advtrain,template,2026,test_codeswitch_3,bongo_1154,1,0.999538
bilstm_frozen,advtrain,template,2026,test_codeswitch_3,bongo_1155,0,0.000022
bilstm_frozen,advtrain,template,2026,test_codeswitch_3,bongo_1171,1,0.999808
bilstm_frozen,advtrain,template,2026,test_codeswitch_3,bongo_1181,1,0.999383
bilstm_frozen,advtrain,template,2026,test_codeswitch_3,bongo_1185,1,0.160870
bilstm_frozen,advtrain,template,2026,test_codeswitch_3,bongo_1194,0,0.001805
bilstm_frozen,advtrain,template,2026,test_codeswitch_3,bongo_1195,1,0.176164
bilstm_frozen,advtrain,template,2026,test_codeswitch_3,bongo_1198,0,0.000271
bilstm_frozen,advtrain,template,2026,test_codeswitch_3,bongo_1204,1,0.200402
bilstm_frozen,advtrain,template,2026,test_codeswitch_3,bongo_1220,1,0.999735
bilstm_frozen,advtrain,template,2026,test_codeswitch_3,bongo_1233,1,0.999600
bilstm_frozen,advtrain,template,2026,test_codeswitch_3,bongo_1236,0,0.000351
bilstm_frozen,advtrain,template,2026,test_codeswitch_3,bongo_1240,1,0.160561
bilstm_frozen,advtrain,template,2026,test_codeswitch_3,bongo_1244,0,0.000030
bilstm_frozen,advtrain,template,2026,test_codeswitch_3,bongo_1249,0,0.000006
bilstm_frozen,advtrain,template,2026,test_codeswitch_3,bongo_1253,0,0.016226
bilstm_frozen,advtrain,template,2026,test_codeswitch_3,bongo_1260,0,0.000035
bilstm_frozen,advtrain,template,2026,test_codeswitch_3,bongo_1262,0,0.015306
bilstm_frozen,advtrain,template,2026,test_codeswitch_3,bongo_1278,1,0.218882
bilstm_frozen,advtrain,template,2026,test_codeswitch_3,bongo_1285,0,0.000022
bilstm_frozen,advtrain,template,2026,test_codeswitch_3,bongo_1293,1,0.999572
bilstm_frozen,advtrain,template,2026,test_codeswitch_3,bongo_1316,0,0.000149
bilstm_frozen,advtrain,template,2026,test_codeswitch_3,bongo_1327,1,0.199678
bilstm_frozen,advtrain,template,2026,test_codeswitch_3,bongo_1330,0,0.049167
bilstm_frozen,advtrain,template,2026,test_codeswitch_3,bongo_1359,0,0.000247
bilstm_frozen,advtrain,template,2026,test_codeswitch_3,bongo_1375,0,0.000046
bilstm_frozen,advtrain,template,2026,test_codeswitch_all,bongo_0025,1,0.999784
bilstm_frozen,advtrain,template,2026,test_codeswitch_all,bongo_0029,0,0.046893
bilstm_frozen,advtrain,template,2026,test_codeswitch_all,bongo_0039,1,0.999729
bilstm_frozen,advtrain,template,2026,test_codeswitch_all,bongo_0047,1,0.999733
bilstm_frozen,advtrain,template,2026,test_codeswitch_all,bongo_0053,0,0.000034
bilstm_frozen,advtrain,template,2026,test_codeswitch_all,bongo_0055,1,0.201830
bilstm_frozen,advtrain,template,2026,test_codeswitch_all,bongo_0061,1,0.999819
bilstm_frozen,advtrain,template,2026,test_codeswitch_all,bongo_0097,0,0.000570
bilstm_frozen,advtrain,template,2026,test_codeswitch_all,bongo_0107,0,0.000012
bilstm_frozen,advtrain,template,2026,test_codeswitch_all,bongo_0110,0,0.000008
bilstm_frozen,advtrain,template,2026,test_codeswitch_all,bongo_0112,1,0.234376
bilstm_frozen,advtrain,template,2026,test_codeswitch_all,bongo_0115,0,0.000156
bilstm_frozen,advtrain,template,2026,test_codeswitch_all,bongo_0143,0,0.000018
bilstm_frozen,advtrain,template,2026,test_codeswitch_all,bongo_0146,1,0.999007
bilstm_frozen,advtrain,template,2026,test_codeswitch_all,bongo_0154,1,0.999622
bilstm_frozen,advtrain,template,2026,test_codeswitch_all,bongo_0159,1,0.200286
bilstm_frozen,advtrain,template,2026,test_codeswitch_all,bongo_0160,0,0.000046
bilstm_frozen,advtrain,template,2026,test_codeswitch_all,bongo_0172,0,0.089296
bilstm_frozen,advtrain,template,2026,test_codeswitch_all,bongo_0173,1,0.121879
bilstm_frozen,advtrain,template,2026,test_codeswitch_all,bongo_0175,0,0.000019
bilstm_frozen,advtrain,template,2026,test_codeswitch_all,bongo_0182,0,0.000006
bilstm_frozen,advtrain,template,2026,test_codeswitch_all,bongo_0195,1,0.999403
bilstm_frozen,advtrain,template,2026,test_codeswitch_all,bongo_0197,0,0.000030
bilstm_frozen,advtrain,template,2026,test_codeswitch_all,bongo_0201,1,0.999834
bilstm_frozen,advtrain,template,2026,test_codeswitch_all,bongo_0203,1,0.999765
bilstm_frozen,advtrain,template,2026,test_codeswitch_all,bongo_0250,1,0.200286
bilstm_frozen,advtrain,template,2026,test_codeswitch_all,bongo_0253,0,0.000562
bilstm_frozen,advtrain,template,2026,test_codeswitch_all,bongo_0255,1,0.160561
bilstm_frozen,advtrain,template,2026,test_codeswitch_all,bongo_0265,1,0.111649
bilstm_frozen,advtrain,template,2026,test_codeswitch_all,bongo_0271,0,0.000027
bilstm_frozen,advtrain,template,2026,test_codeswitch_all,bongo_0300,0,0.000041
bilstm_frozen,advtrain,template,2026,test_codeswitch_all,bongo_0306,0,0.000122
bilstm_frozen,advtrain,template,2026,test_codeswitch_all,bongo_0356,1,0.234713
bilstm_frozen,advtrain,template,2026,test_codeswitch_all,bongo_0360,1,0.999349
bilstm_frozen,advtrain,template,2026,test_codeswitch_all,bongo_0361,1,0.999765
bilstm_frozen,advtrain,template,2026,test_codeswitch_all,bongo_0363,0,0.000042
bilstm_frozen,advtrain,template,2026,test_codeswitch_all,bongo_0368,0,0.001001
bilstm_frozen,advtrain,template,2026,test_codeswitch_all,bongo_0372,0,0.000109
bilstm_frozen,advtrain,template,2026,test_codeswitch_all,bongo_0380,1,0.161443
bilstm_frozen,advtrain,template,2026,test_codeswitch_all,bongo_0389,0,0.000025
bilstm_frozen,advtrain,template,2026,test_codeswitch_all,bongo_0395,0,0.000787
bilstm_frozen,advtrain,template,2026,test_codeswitch_all,bongo_0405,1,0.999784
bilstm_frozen,advtrain,template,2026,test_codeswitch_all,bongo_0424,1,0.999823
bilstm_frozen,advtrain,template,2026,test_codeswitch_all,bongo_0427,0,0.000401
bilstm_frozen,advtrain,template,2026,test_codeswitch_all,bongo_0434,1,0.201830
bilstm_frozen,advtrain,template,2026,test_codeswitch_all,bongo_0463,0,0.007451
bilstm_frozen,advtrain,template,2026,test_codeswitch_all,bongo_0476,1,0.999532
bilstm_frozen,advtrain,template,2026,test_codeswitch_all,bongo_0510,1,0.999837
bilstm_frozen,advtrain,template,2026,test_codeswitch_all,bongo_0531,0,0.000234
bilstm_frozen,advtrain,template,2026,test_codeswitch_all,bongo_0542,0,0.000018
bilstm_frozen,advtrain,template,2026,test_codeswitch_all,bongo_0545,0,0.000024
bilstm_frozen,advtrain,template,2026,test_codeswitch_all,bongo_0560,1,0.999636
bilstm_frozen,advtrain,template,2026,test_codeswitch_all,bongo_0565,1,0.175009
bilstm_frozen,advtrain,template,2026,test_codeswitch_all,bongo_0566,1,0.999603
bilstm_frozen,advtrain,template,2026,test_codeswitch_all,bongo_0571,0,0.000019
bilstm_frozen,advtrain,template,2026,test_codeswitch_all,bongo_0577,1,0.999740
bilstm_frozen,advtrain,template,2026,test_codeswitch_all,bongo_0580,1,0.999380
bilstm_frozen,advtrain,template,2026,test_codeswitch_all,bongo_0621,1,0.999583
bilstm_frozen,advtrain,template,2026,test_codeswitch_all,bongo_0624,1,0.999737
bilstm_frozen,advtrain,template,2026,test_codeswitch_all,bongo_0630,0,0.000400
bilstm_frozen,advtrain,template,2026,test_codeswitch_all,bongo_0638,1,0.999435
bilstm_frozen,advtrain,template,2026,test_codeswitch_all,bongo_0648,0,0.040359
bilstm_frozen,advtrain,template,2026,test_codeswitch_all,bongo_0674,0,0.000016
bilstm_frozen,advtrain,template,2026,test_codeswitch_all,bongo_0685,0,0.039352
bilstm_frozen,advtrain,template,2026,test_codeswitch_all,bongo_0697,1,0.175009
bilstm_frozen,advtrain,template,2026,test_codeswitch_all,bongo_0701,0,0.000031
bilstm_frozen,advtrain,template,2026,test_codeswitch_all,bongo_0706,1,0.236633
bilstm_frozen,advtrain,template,2026,test_codeswitch_all,bongo_0719,1,0.161387
bilstm_frozen,advtrain,template,2026,test_codeswitch_all,bongo_0721,1,0.999310
bilstm_frozen,advtrain,template,2026,test_codeswitch_all,bongo_0724,1,0.174000
bilstm_frozen,advtrain,template,2026,test_codeswitch_all,bongo_0729,1,0.999311
bilstm_frozen,advtrain,template,2026,test_codeswitch_all,bongo_0741,0,0.000021
bilstm_frozen,advtrain,template,2026,test_codeswitch_all,bongo_0749,1,0.220210
bilstm_frozen,advtrain,template,2026,test_codeswitch_all,bongo_0769,1,0.999665
bilstm_frozen,advtrain,template,2026,test_codeswitch_all,bongo_0770,1,0.201830
bilstm_frozen,advtrain,template,2026,test_codeswitch_all,bongo_0778,1,0.222378
bilstm_frozen,advtrain,template,2026,test_codeswitch_all,bongo_0787,1,0.999349
bilstm_frozen,advtrain,template,2026,test_codeswitch_all,bongo_0795,0,0.000320
bilstm_frozen,advtrain,template,2026,test_codeswitch_all,bongo_0806,1,0.174000
bilstm_frozen,advtrain,template,2026,test_codeswitch_all,bongo_0807,1,0.999812
bilstm_frozen,advtrain,template,2026,test_codeswitch_all,bongo_0818,0,0.010798
bilstm_frozen,advtrain,template,2026,test_codeswitch_all,bongo_0819,0,0.000204
bilstm_frozen,advtrain,template,2026,test_codeswitch_all,bongo_0835,0,0.000019
bilstm_frozen,advtrain,template,2026,test_codeswitch_all,bongo_0840,1,0.999348
bilstm_frozen,advtrain,template,2026,test_codeswitch_all,bongo_0855,1,0.174923
bilstm_frozen,advtrain,template,2026,test_codeswitch_all,bongo_0856,0,0.000092
bilstm_frozen,advtrain,template,2026,test_codeswitch_all,bongo_0864,1,0.999727
bilstm_frozen,advtrain,template,2026,test_codeswitch_all,bongo_0871,1,0.999743
bilstm_frozen,advtrain,template,2026,test_codeswitch_all,bongo_0872,0,0.005578
bilstm_frozen,advtrain,template,2026,test_codeswitch_all,bongo_0904,0,0.000395
bilstm_frozen,advtrain,template,2026,test_codeswitch_all,bongo_0905,1,0.999732
bilstm_frozen,advtrain,template,2026,test_codeswitch_all,bongo_0909,1,0.999762
bilstm_frozen,advtrain,template,2026,test_codeswitch_all,bongo_0917,1,0.199175
bilstm_frozen,advtrain,template,2026,test_codeswitch_all,bongo_0918,1,0.999788
bilstm_frozen,advtrain,template,2026,test_codeswitch_all,bongo_0950,0,0.000038
bilstm_frozen,advtrain,template,2026,test_codeswitch_all,bongo_0955,1,0.999827
bilstm_frozen,advtrain,template,2026,test_codeswitch_all,bongo_0956,0,0.000019
bilstm_frozen,advtrain,template,2026,test_codeswitch_all,bongo_0971,0,0.000023
bilstm_frozen,advtrain,template,2026,test_codeswitch_all,bongo_0983,0,0.000225
bilstm_frozen,advtrain,template,2026,test_codeswitch_all,bongo_0989,1,0.999741
bilstm_frozen,advtrain,template,2026,test_codeswitch_all,bongo_0994,0,0.000564
bilstm_frozen,advtrain,template,2026,test_codeswitch_all,bongo_1003,1,0.999641
bilstm_frozen,advtrain,template,2026,test_codeswitch_all,bongo_1006,0,0.000057
bilstm_frozen,advtrain,template,2026,test_codeswitch_all,bongo_1012,1,0.220614
bilstm_frozen,advtrain,template,2026,test_codeswitch_all,bongo_1015,0,0.000017
bilstm_frozen,advtrain,template,2026,test_codeswitch_all,bongo_1022,1,0.162571
bilstm_frozen,advtrain,template,2026,test_codeswitch_all,bongo_1037,0,0.000065
bilstm_frozen,advtrain,template,2026,test_codeswitch_all,bongo_1040,0,0.000033
bilstm_frozen,advtrain,template,2026,test_codeswitch_all,bongo_1042,1,0.999389
bilstm_frozen,advtrain,template,2026,test_codeswitch_all,bongo_1047,1,0.999732
bilstm_frozen,advtrain,template,2026,test_codeswitch_all,bongo_1050,0,0.000020
bilstm_frozen,advtrain,template,2026,test_codeswitch_all,bongo_1052,1,0.999676
bilstm_frozen,advtrain,template,2026,test_codeswitch_all,bongo_1059,0,0.000011
bilstm_frozen,advtrain,template,2026,test_codeswitch_all,bongo_1071,0,0.000055
bilstm_frozen,advtrain,template,2026,test_codeswitch_all,bongo_1090,0,0.000014
bilstm_frozen,advtrain,template,2026,test_codeswitch_all,bongo_1104,1,0.999809
bilstm_frozen,advtrain,template,2026,test_codeswitch_all,bongo_1115,0,0.000009
bilstm_frozen,advtrain,template,2026,test_codeswitch_all,bongo_1123,0,0.000078
bilstm_frozen,advtrain,template,2026,test_codeswitch_all,bongo_1125,0,0.017005
bilstm_frozen,advtrain,template,2026,test_codeswitch_all,bongo_1127,1,0.144867
bilstm_frozen,advtrain,template,2026,test_codeswitch_all,bongo_1131,1,0.999419
bilstm_frozen,advtrain,template,2026,test_codeswitch_all,bongo_1134,1,0.232814
bilstm_frozen,advtrain,template,2026,test_codeswitch_all,bongo_1135,0,0.000701
bilstm_frozen,advtrain,template,2026,test_codeswitch_all,bongo_1136,1,0.999379
bilstm_frozen,advtrain,template,2026,test_codeswitch_all,bongo_1138,1,0.999729
bilstm_frozen,advtrain,template,2026,test_codeswitch_all,bongo_1140,1,0.999744
bilstm_frozen,advtrain,template,2026,test_codeswitch_all,bongo_1154,1,0.999418
bilstm_frozen,advtrain,template,2026,test_codeswitch_all,bongo_1155,0,0.000022
bilstm_frozen,advtrain,template,2026,test_codeswitch_all,bongo_1171,1,0.999809
bilstm_frozen,advtrain,template,2026,test_codeswitch_all,bongo_1181,1,0.999383
bilstm_frozen,advtrain,template,2026,test_codeswitch_all,bongo_1185,1,0.160870
bilstm_frozen,advtrain,template,2026,test_codeswitch_all,bongo_1194,0,0.001805
bilstm_frozen,advtrain,template,2026,test_codeswitch_all,bongo_1195,1,0.176164
bilstm_frozen,advtrain,template,2026,test_codeswitch_all,bongo_1198,0,0.000271
bilstm_frozen,advtrain,template,2026,test_codeswitch_all,bongo_1204,1,0.200402
bilstm_frozen,advtrain,template,2026,test_codeswitch_all,bongo_1220,1,0.999735
bilstm_frozen,advtrain,template,2026,test_codeswitch_all,bongo_1233,1,0.999621
bilstm_frozen,advtrain,template,2026,test_codeswitch_all,bongo_1236,0,0.000351
bilstm_frozen,advtrain,template,2026,test_codeswitch_all,bongo_1240,1,0.160561
bilstm_frozen,advtrain,template,2026,test_codeswitch_all,bongo_1244,0,0.000030
bilstm_frozen,advtrain,template,2026,test_codeswitch_all,bongo_1249,0,0.000006
bilstm_frozen,advtrain,template,2026,test_codeswitch_all,bongo_1253,0,0.016226
bilstm_frozen,advtrain,template,2026,test_codeswitch_all,bongo_1260,0,0.000035
bilstm_frozen,advtrain,template,2026,test_codeswitch_all,bongo_1262,0,0.015306
bilstm_frozen,advtrain,template,2026,test_codeswitch_all,bongo_1278,1,0.218882
bilstm_frozen,advtrain,template,2026,test_codeswitch_all,bongo_1285,0,0.000022
bilstm_frozen,advtrain,template,2026,test_codeswitch_all,bongo_1293,1,0.999379
bilstm_frozen,advtrain,template,2026,test_codeswitch_all,bongo_1316,0,0.000149
bilstm_frozen,advtrain,template,2026,test_codeswitch_all,bongo_1327,1,0.199678
bilstm_frozen,advtrain,template,2026,test_codeswitch_all,bongo_1330,0,0.049167
bilstm_frozen,advtrain,template,2026,test_codeswitch_all,bongo_1359,0,0.000247
bilstm_frozen,advtrain,template,2026,test_codeswitch_all,bongo_1375,0,0.000046
bilstm_frozen,advtrain,template,2026,chichewa,chi_0000,1,0.999697
bilstm_frozen,advtrain,template,2026,chichewa,chi_0001,1,0.999468
bilstm_frozen,advtrain,template,2026,chichewa,chi_0002,0,0.090308
bilstm_frozen,advtrain,template,2026,chichewa,chi_0003,0,0.999118
bilstm_frozen,advtrain,template,2026,chichewa,chi_0004,1,0.999305
bilstm_frozen,advtrain,template,2026,chichewa,chi_0005,1,0.999138
bilstm_frozen,advtrain,template,2026,chichewa,chi_0006,0,0.807302
bilstm_frozen,advtrain,template,2026,chichewa,chi_0007,0,0.146466
bilstm_frozen,advtrain,template,2026,chichewa,chi_0008,1,0.996394
bilstm_frozen,advtrain,template,2026,chichewa,chi_0009,1,0.999074
bilstm_frozen,advtrain,template,2026,chichewa,chi_0010,0,0.381013
bilstm_frozen,advtrain,template,2026,chichewa,chi_0011,0,0.048461
bilstm_frozen,advtrain,template,2026,chichewa,chi_0012,0,0.862333
bilstm_frozen,advtrain,template,2026,chichewa,chi_0013,1,0.931490
bilstm_frozen,advtrain,template,2026,chichewa,chi_0014,1,0.965540
bilstm_frozen,advtrain,template,2026,chichewa,chi_0015,0,0.009444
bilstm_frozen,advtrain,template,2026,chichewa,chi_0016,0,0.228405
bilstm_frozen,advtrain,template,2026,chichewa,chi_0017,0,0.281247
bilstm_frozen,advtrain,template,2026,chichewa,chi_0018,1,0.999557
bilstm_frozen,advtrain,template,2026,chichewa,chi_0019,1,0.999384
bilstm_frozen,advtrain,template,2026,chichewa,chi_0020,0,0.011152
bilstm_frozen,advtrain,template,2026,chichewa,chi_0021,1,0.999587
bilstm_frozen,advtrain,template,2026,chichewa,chi_0022,0,0.000924
bilstm_frozen,advtrain,template,2026,chichewa,chi_0023,1,0.999642
bilstm_frozen,advtrain,template,2026,chichewa,chi_0024,1,0.999450
bilstm_frozen,advtrain,template,2026,chichewa,chi_0025,0,0.998552
bilstm_frozen,advtrain,template,2026,chichewa,chi_0026,0,0.999694
bilstm_frozen,advtrain,template,2026,chichewa,chi_0027,1,0.946874
bilstm_frozen,advtrain,template,2026,chichewa,chi_0028,1,0.999826
bilstm_frozen,advtrain,template,2026,chichewa,chi_0029,0,0.564879
bilstm_frozen,advtrain,template,2026,chichewa,chi_0030,0,0.001597
bilstm_frozen,advtrain,template,2026,chichewa,chi_0031,1,0.987321
bilstm_frozen,advtrain,template,2026,chichewa,chi_0032,1,0.999371
bilstm_frozen,advtrain,template,2026,chichewa,chi_0033,1,0.991535
bilstm_frozen,advtrain,template,2026,chichewa,chi_0034,1,0.999412
bilstm_frozen,advtrain,template,2026,chichewa,chi_0035,0,0.044556
bilstm_frozen,advtrain,template,2026,chichewa,chi_0036,0,0.401786
bilstm_frozen,advtrain,template,2026,chichewa,chi_0037,0,0.965780
bilstm_frozen,advtrain,template,2026,chichewa,chi_0038,0,0.999503
bilstm_frozen,advtrain,template,2026,chichewa,chi_0039,0,0.379867
bilstm_frozen,advtrain,template,2026,chichewa,chi_0040,1,0.999304
bilstm_frozen,advtrain,template,2026,chichewa,chi_0041,1,0.999327
bilstm_frozen,advtrain,template,2026,chichewa,chi_0042,0,0.167614
bilstm_frozen,advtrain,template,2026,chichewa,chi_0043,0,0.084164
bilstm_frozen,advtrain,template,2026,chichewa,chi_0044,0,0.074155
bilstm_frozen,advtrain,template,2026,chichewa,chi_0045,1,0.999644
bilstm_frozen,advtrain,template,2026,chichewa,chi_0046,1,0.737671
bilstm_frozen,advtrain,template,2026,chichewa,chi_0047,1,0.914308
bilstm_frozen,advtrain,template,2026,chichewa,chi_0048,0,0.998267
bilstm_frozen,advtrain,template,2026,chichewa,chi_0049,0,0.999235
bilstm_frozen,advtrain,template,2026,chichewa,chi_0050,0,0.928956
bilstm_frozen,advtrain,template,2026,chichewa,chi_0051,1,0.876886
bilstm_frozen,advtrain,template,2026,chichewa,chi_0052,0,0.068351
bilstm_frozen,advtrain,template,2026,chichewa,chi_0053,0,0.124094
bilstm_frozen,advtrain,template,2026,chichewa,chi_0054,1,0.999428
bilstm_frozen,advtrain,template,2026,chichewa,chi_0055,1,0.999058
bilstm_frozen,advtrain,template,2026,chichewa,chi_0056,0,0.000304
bilstm_frozen,advtrain,template,2026,chichewa,chi_0057,1,0.938471
bilstm_frozen,advtrain,template,2026,chichewa,chi_0058,1,0.504084
bilstm_frozen,advtrain,template,2026,chichewa,chi_0059,0,0.998531
bilstm_frozen,advtrain,template,2026,chichewa,chi_0060,0,0.143013
bilstm_frozen,advtrain,template,2026,chichewa,chi_0061,1,0.486406
bilstm_frozen,advtrain,template,2026,chichewa,chi_0062,0,0.043703
bilstm_frozen,advtrain,template,2026,chichewa,chi_0063,1,0.999490
bilstm_frozen,advtrain,template,2026,chichewa,chi_0064,1,0.999367
bilstm_frozen,advtrain,template,2026,chichewa,chi_0065,1,0.309858
bilstm_frozen,advtrain,template,2026,chichewa,chi_0066,0,0.137279
bilstm_frozen,advtrain,template,2026,chichewa,chi_0067,0,0.010646
bilstm_frozen,advtrain,template,2026,chichewa,chi_0068,0,0.020068
bilstm_frozen,advtrain,template,2026,chichewa,chi_0069,1,0.999593
bilstm_frozen,advtrain,template,2026,chichewa,chi_0070,1,0.999676
bilstm_frozen,advtrain,template,2026,chichewa,chi_0071,0,0.056693
bilstm_frozen,advtrain,template,2026,chichewa,chi_0072,0,0.162203
bilstm_frozen,advtrain,template,2026,chichewa,chi_0073,1,0.471611
bilstm_frozen,advtrain,template,2026,chichewa,chi_0074,1,0.999791
bilstm_frozen,advtrain,template,2026,chichewa,chi_0075,0,0.856214
bilstm_frozen,advtrain,template,2026,chichewa,chi_0076,0,0.006477
bilstm_frozen,advtrain,template,2026,chichewa,chi_0077,0,0.011961
bilstm_frozen,advtrain,template,2026,chichewa,chi_0078,1,0.997840
bilstm_frozen,advtrain,template,2026,chichewa,chi_0079,1,0.998895
bilstm_frozen,advtrain,template,2026,chichewa,chi_0080,1,0.999241
bilstm_frozen,advtrain,template,2026,chichewa,chi_0081,1,0.999330
bilstm_frozen,advtrain,template,2026,chichewa,chi_0082,0,0.114803
bilstm_frozen,advtrain,template,2026,chichewa,chi_0083,0,0.260696
bilstm_frozen,advtrain,template,2026,chichewa,chi_0084,0,0.014381
bilstm_frozen,advtrain,template,2026,chichewa,chi_0085,1,0.961212
bilstm_frozen,advtrain,template,2026,chichewa,chi_0086,1,0.999713
bilstm_frozen,advtrain,template,2026,chichewa,chi_0087,0,0.430375
bilstm_frozen,advtrain,template,2026,chichewa,chi_0088,0,0.502302
bilstm_frozen,advtrain,template,2026,chichewa,chi_0089,0,0.406913
bilstm_frozen,advtrain,template,2026,chichewa,chi_0090,1,0.770570
bilstm_frozen,advtrain,template,2026,chichewa,chi_0091,0,0.346687
bilstm_frozen,advtrain,template,2026,chichewa,chi_0092,0,0.442323
bilstm_frozen,advtrain,template,2026,chichewa,chi_0093,0,0.449685
bilstm_frozen,advtrain,template,2026,chichewa,chi_0094,1,0.998758
bilstm_frozen,advtrain,template,2026,chichewa,chi_0095,1,0.452010
bilstm_frozen,advtrain,template,2026,chichewa,chi_0096,0,0.043499
bilstm_frozen,advtrain,template,2026,chichewa,chi_0097,0,0.998617
bilstm_frozen,advtrain,template,2026,chichewa,chi_0098,1,0.999765
bilstm_frozen,advtrain,template,2026,chichewa,chi_0099,1,0.999716
bilstm_frozen,advtrain,template,2026,chichewa,chi_0100,0,0.174525
bilstm_frozen,advtrain,template,2026,chichewa,chi_0101,1,0.999770
bilstm_frozen,advtrain,template,2026,chichewa,chi_0102,0,0.998738
bilstm_frozen,advtrain,template,2026,chichewa,chi_0103,0,0.454398
bilstm_frozen,advtrain,template,2026,chichewa,chi_0104,0,0.993905
bilstm_frozen,advtrain,template,2026,chichewa,chi_0105,1,0.171597
bilstm_frozen,advtrain,template,2026,chichewa,chi_0106,1,0.449395
bilstm_frozen,advtrain,template,2026,chichewa,chi_0107,1,0.999016
bilstm_frozen,advtrain,template,2026,chichewa,chi_0108,0,0.980978
bilstm_frozen,advtrain,template,2026,chichewa,chi_0109,0,0.416750
bilstm_frozen,advtrain,template,2026,chichewa,chi_0110,0,0.996887
bilstm_frozen,advtrain,template,2026,chichewa,chi_0111,1,0.999526
bilstm_frozen,advtrain,template,2026,chichewa,chi_0112,1,0.997379
bilstm_frozen,advtrain,template,2026,chichewa,chi_0113,1,0.999356
bilstm_frozen,advtrain,template,2026,chichewa,chi_0114,0,0.078620
bilstm_frozen,advtrain,template,2026,chichewa,chi_0115,0,0.116098
bilstm_frozen,advtrain,template,2026,chichewa,chi_0116,0,0.488258
bilstm_frozen,advtrain,template,2026,chichewa,chi_0117,1,0.999147
bilstm_frozen,advtrain,template,2026,chichewa,chi_0118,1,0.998954
bilstm_frozen,advtrain,template,2026,chichewa,chi_0119,1,0.994239
bilstm_frozen,advtrain,template,2026,chichewa,chi_0120,0,0.001511
bilstm_frozen,advtrain,template,2026,chichewa,chi_0121,0,0.180345
bilstm_frozen,advtrain,template,2026,chichewa,chi_0122,0,0.243554
bilstm_frozen,advtrain,template,2026,chichewa,chi_0123,1,0.999311
bilstm_frozen,advtrain,template,2026,chichewa,chi_0124,1,0.925483
bilstm_frozen,advtrain,template,2026,chichewa,chi_0125,1,0.985133
bilstm_frozen,advtrain,template,2026,chichewa,chi_0126,0,0.303894
bilstm_frozen,advtrain,template,2026,chichewa,chi_0127,0,0.042146
bilstm_frozen,advtrain,template,2026,chichewa,chi_0128,0,0.347763
bilstm_frozen,advtrain,template,2026,chichewa,chi_0129,1,0.999709
bilstm_frozen,advtrain,template,2026,chichewa,chi_0130,1,0.996469
bilstm_frozen,advtrain,template,2026,chichewa,chi_0131,0,0.998100
bilstm_frozen,advtrain,template,2026,chichewa,chi_0132,0,0.193094
bilstm_frozen,advtrain,template,2026,chichewa,chi_0133,0,0.701957
bilstm_frozen,advtrain,template,2026,chichewa,chi_0134,1,0.999405
bilstm_frozen,advtrain,template,2026,chichewa,chi_0135,0,0.998570
bilstm_frozen,advtrain,template,2026,chichewa,chi_0136,1,0.999440
bilstm_frozen,advtrain,template,2026,chichewa,chi_0137,0,0.616899
bilstm_frozen,advtrain,template,2026,chichewa,chi_0138,0,0.046583
bilstm_frozen,advtrain,template,2026,chichewa,chi_0139,0,0.998049
bilstm_frozen,advtrain,template,2026,chichewa,chi_0140,1,0.998991
bilstm_frozen,advtrain,template,2026,chichewa,chi_0141,0,0.367138
bilstm_frozen,advtrain,template,2026,chichewa,chi_0142,0,0.968555
bilstm_frozen,advtrain,template,2026,chichewa,chi_0143,0,0.998308
bilstm_frozen,advtrain,template,2026,chichewa,chi_0144,1,0.999068
bilstm_frozen,advtrain,template,2026,chichewa,chi_0145,0,0.998862
bilstm_frozen,advtrain,template,2026,chichewa,chi_0146,0,0.424933
bilstm_frozen,advtrain,template,2026,chichewa,chi_0147,1,0.999795
bilstm_frozen,advtrain,template,2026,chichewa,chi_0148,1,0.999489
bilstm_frozen,advtrain,template,2026,chichewa,chi_0149,0,0.202392
bilstm_frozen,advtrain,template,2026,chichewa,chi_0150,0,0.000878
bilstm_frozen,advtrain,template,2026,chichewa,chi_0151,1,0.641865
bilstm_frozen,advtrain,template,2026,chichewa,chi_0152,0,0.171611
bilstm_frozen,advtrain,template,2026,chichewa,chi_0153,0,0.141086
bilstm_frozen,advtrain,template,2026,chichewa,chi_0154,0,0.074595
bilstm_frozen,advtrain,template,2026,chichewa,chi_0155,1,0.991818
bilstm_frozen,advtrain,template,2026,chichewa,chi_0156,1,0.998999
bilstm_frozen,advtrain,template,2026,chichewa,chi_0157,1,0.999289
bilstm_frozen,advtrain,template,2026,chichewa,chi_0158,0,0.999143
bilstm_frozen,advtrain,template,2026,chichewa,chi_0159,0,0.108946
bilstm_frozen,advtrain,template,2026,chichewa,chi_0160,0,0.001145
bilstm_frozen,advtrain,template,2026,chichewa,chi_0161,1,0.998883
bilstm_frozen,advtrain,template,2026,chichewa,chi_0162,1,0.998535
bilstm_frozen,advtrain,template,2026,chichewa,chi_0163,1,0.999191
bilstm_frozen,advtrain,template,2026,chichewa,chi_0164,1,0.967906
bilstm_frozen,advtrain,template,2026,chichewa,chi_0165,0,0.201159
bilstm_frozen,advtrain,template,2026,chichewa,chi_0166,0,0.143357
bilstm_frozen,advtrain,template,2026,chichewa,chi_0167,1,0.970833
bilstm_frozen,advtrain,template,2026,chichewa,chi_0168,1,0.998863
bilstm_frozen,advtrain,template,2026,chichewa,chi_0169,0,0.018703
bilstm_frozen,advtrain,template,2026,chichewa,chi_0170,0,0.248855
bilstm_frozen,advtrain,template,2026,chichewa,chi_0171,1,0.998995
bilstm_frozen,advtrain,template,2026,chichewa,chi_0172,1,0.997990
bilstm_frozen,advtrain,template,2026,chichewa,chi_0173,0,0.119610
bilstm_frozen,advtrain,template,2026,chichewa,chi_0174,0,0.155431
bilstm_frozen,advtrain,template,2026,chichewa,chi_0175,0,0.083394
bilstm_frozen,advtrain,template,2026,chichewa,chi_0176,1,0.998896
bilstm_frozen,advtrain,template,2026,chichewa,chi_0177,1,0.998376
bilstm_frozen,advtrain,template,2026,chichewa,chi_0178,0,0.045289
bilstm_frozen,advtrain,template,2026,chichewa,chi_0179,1,0.996788
bilstm_frozen,advtrain,template,2026,chichewa,chi_0180,1,0.998552
bilstm_frozen,advtrain,template,2026,chichewa,chi_0181,1,0.999442
bilstm_frozen,advtrain,template,2026,chichewa,chi_0182,0,0.797023
bilstm_frozen,advtrain,template,2026,chichewa,chi_0183,0,0.178199
bilstm_frozen,advtrain,template,2026,chichewa,chi_0184,0,0.000047
bilstm_frozen,advtrain,template,2026,chichewa,chi_0185,1,0.999535
bilstm_frozen,advtrain,template,2026,chichewa,chi_0186,1,0.994866
bilstm_frozen,advtrain,template,2026,chichewa,chi_0187,1,0.788025
bilstm_frozen,advtrain,template,2026,chichewa,chi_0188,0,0.009311
bilstm_frozen,advtrain,template,2026,chichewa,chi_0189,0,0.165895
bilstm_frozen,advtrain,template,2026,chichewa,chi_0190,1,0.336952
bilstm_frozen,advtrain,template,2026,chichewa,chi_0191,1,0.999314
bilstm_frozen,advtrain,template,2026,chichewa,chi_0192,0,0.027636
bilstm_frozen,advtrain,template,2026,chichewa,chi_0193,0,0.988719
bilstm_frozen,advtrain,template,2026,chichewa,chi_0194,0,0.039570
bilstm_frozen,advtrain,template,2026,chichewa,chi_0195,0,0.000276
bilstm_frozen,advtrain,template,2026,chichewa,chi_0196,1,0.999913
bilstm_frozen,advtrain,template,2026,chichewa,chi_0197,1,0.999635
bilstm_frozen,advtrain,template,2026,chichewa,chi_0198,1,0.995301
bilstm_frozen,advtrain,template,2026,chichewa,chi_0199,1,0.937637
bilstm_frozen,advtrain,template,2026,chichewa,chi_0200,1,0.999348
bilstm_frozen,advtrain,template,2026,chichewa,chi_0201,0,0.055571
bilstm_frozen,advtrain,template,2026,chichewa,chi_0202,1,0.999649
bilstm_frozen,advtrain,template,2026,chichewa,chi_0203,1,0.998628
bilstm_frozen,advtrain,template,2026,chichewa,chi_0204,1,0.999688
bilstm_frozen,advtrain,template,2026,chichewa,chi_0205,0,0.999066
bilstm_frozen,advtrain,template,2026,chichewa,chi_0206,0,0.762747
bilstm_frozen,advtrain,template,2026,chichewa,chi_0207,1,0.999703
bilstm_frozen,advtrain,template,2026,chichewa,chi_0208,1,0.616031
bilstm_frozen,advtrain,template,2026,chichewa,chi_0209,1,0.997796
bilstm_frozen,advtrain,template,2026,chichewa,chi_0210,0,0.000271
bilstm_frozen,advtrain,template,2026,chichewa,chi_0211,0,0.022276
bilstm_frozen,advtrain,template,2026,chichewa,chi_0212,1,0.999735
bilstm_frozen,advtrain,template,2026,chichewa,chi_0213,1,0.999157
bilstm_frozen,advtrain,template,2026,chichewa,chi_0214,1,0.999758
bilstm_frozen,advtrain,template,2026,chichewa,chi_0215,0,0.998340
bilstm_frozen,advtrain,template,2026,chichewa,chi_0216,0,0.000450
bilstm_frozen,advtrain,template,2026,chichewa,chi_0217,1,0.999640
bilstm_frozen,advtrain,template,2026,chichewa,chi_0218,1,0.999507
bilstm_frozen,advtrain,template,2026,chichewa,chi_0219,1,0.999588
bilstm_frozen,advtrain,template,2026,chichewa,chi_0220,0,0.837795
bilstm_frozen,advtrain,template,2026,chichewa,chi_0221,0,0.140308
bilstm_frozen,advtrain,template,2026,chichewa,chi_0222,0,0.891980
bilstm_frozen,advtrain,template,2026,chichewa,chi_0223,1,0.999766
bilstm_frozen,advtrain,template,2026,chichewa,chi_0224,1,0.999664
bilstm_frozen,advtrain,template,2026,chichewa,chi_0225,0,0.318725
bilstm_frozen,advtrain,template,2026,chichewa,chi_0226,0,0.000618
bilstm_frozen,advtrain,template,2026,chichewa,chi_0227,0,0.000064
bilstm_frozen,advtrain,template,2026,chichewa,chi_0228,0,0.413055
bilstm_frozen,advtrain,template,2026,chichewa,chi_0229,1,0.999735
bilstm_frozen,advtrain,template,2026,chichewa,chi_0230,1,0.999633
bilstm_frozen,advtrain,template,2026,chichewa,chi_0231,1,0.999454
bilstm_frozen,advtrain,template,2026,chichewa,chi_0232,0,0.998829
bilstm_frozen,advtrain,template,2026,chichewa,chi_0233,1,0.999542
bilstm_frozen,advtrain,template,2026,chichewa,chi_0234,0,0.999324
bilstm_frozen,advtrain,template,2026,chichewa,chi_0235,0,0.234298
bilstm_frozen,advtrain,template,2026,chichewa,chi_0236,1,0.999430
bilstm_frozen,advtrain,template,2026,chichewa,chi_0237,1,0.998572
bilstm_frozen,advtrain,template,2026,chichewa,chi_0238,0,0.083581
bilstm_frozen,advtrain,template,2026,chichewa,chi_0239,0,0.182230
bilstm_frozen,advtrain,template,2026,chichewa,chi_0240,0,0.006445
bilstm_frozen,advtrain,template,2026,chichewa,chi_0241,0,0.012620
bilstm_frozen,advtrain,template,2026,chichewa,chi_0242,1,0.999817
bilstm_frozen,advtrain,template,2026,chichewa,chi_0243,1,0.999587
bilstm_frozen,advtrain,template,2026,chichewa,chi_0244,0,0.179545
bilstm_frozen,advtrain,template,2026,chichewa,chi_0245,1,0.999431
bilstm_frozen,advtrain,template,2026,chichewa,chi_0246,1,0.767528
bilstm_frozen,advtrain,template,2026,chichewa,chi_0247,1,0.999470
bilstm_frozen,advtrain,template,2026,chichewa,chi_0248,0,0.009992
bilstm_frozen,advtrain,template,2026,chichewa,chi_0249,0,0.007715
bilstm_frozen,advtrain,template,2026,chichewa,chi_0250,0,0.964324
bilstm_frozen,advtrain,template,2026,chichewa,chi_0251,0,0.990387
bilstm_frozen,advtrain,template,2026,chichewa,chi_0252,0,0.605040
bilstm_frozen,advtrain,template,2026,chichewa,chi_0253,0,0.016510
bilstm_frozen,advtrain,template,2026,chichewa,chi_0254,1,0.999076
bilstm_frozen,advtrain,template,2026,chichewa,chi_0255,1,0.999335
bilstm_frozen,advtrain,template,2026,chichewa,chi_0256,0,0.063304
bilstm_frozen,advtrain,template,2026,chichewa,chi_0257,0,0.002260
bilstm_frozen,advtrain,template,2026,chichewa,chi_0258,1,0.997431
bilstm_frozen,advtrain,template,2026,chichewa,chi_0259,0,0.494088
bilstm_frozen,advtrain,template,2026,chichewa,chi_0260,1,0.999624
bilstm_frozen,advtrain,template,2026,chichewa,chi_0261,1,0.998706
bilstm_frozen,advtrain,template,2026,chichewa,chi_0262,1,0.999790
bilstm_frozen,advtrain,template,2026,chichewa,chi_0263,0,0.999075
bilstm_frozen,advtrain,template,2026,chichewa,chi_0264,0,0.038214
bilstm_frozen,advtrain,template,2026,chichewa,chi_0265,0,0.996953
bilstm_frozen,advtrain,template,2026,chichewa,chi_0266,1,0.999238
bilstm_frozen,advtrain,template,2026,chichewa,chi_0267,1,0.998695
bilstm_frozen,advtrain,template,2026,chichewa,chi_0268,1,0.999607
bilstm_frozen,advtrain,template,2026,chichewa,chi_0269,0,0.000158
bilstm_frozen,advtrain,template,2026,chichewa,chi_0270,0,0.996393
bilstm_frozen,advtrain,template,2026,chichewa,chi_0271,0,0.997770
bilstm_frozen,advtrain,template,2026,chichewa,chi_0272,1,0.998094
bilstm_frozen,advtrain,template,2026,chichewa,chi_0273,1,0.998825
bilstm_frozen,advtrain,template,2026,chichewa,chi_0274,1,0.999223
bilstm_frozen,advtrain,template,2026,chichewa,chi_0275,1,0.999868
bilstm_frozen,advtrain,template,2026,chichewa,chi_0276,0,0.008279
bilstm_frozen,advtrain,template,2026,chichewa,chi_0277,1,0.998602
bilstm_frozen,advtrain,template,2026,chichewa,chi_0278,1,0.997843
bilstm_frozen,advtrain,template,2026,chichewa,chi_0279,0,0.006533
bilstm_frozen,advtrain,template,2026,chichewa,chi_0280,0,0.202088
bilstm_frozen,advtrain,template,2026,chichewa,chi_0281,1,0.999714
bilstm_frozen,advtrain,template,2026,chichewa,chi_0282,0,0.999073
bilstm_frozen,advtrain,template,2026,chichewa,chi_0283,0,0.245983
bilstm_frozen,advtrain,template,2026,chichewa,chi_0284,1,0.999567
bilstm_frozen,advtrain,template,2026,chichewa,chi_0285,1,0.999629
bilstm_frozen,advtrain,template,2026,chichewa,chi_0286,1,0.998925
bilstm_frozen,advtrain,template,2026,chichewa,chi_0287,0,0.993464
bilstm_frozen,advtrain,template,2026,chichewa,chi_0288,0,0.996586
bilstm_frozen,advtrain,template,2026,chichewa,chi_0289,0,0.204601
bilstm_frozen,advtrain,template,2026,chichewa,chi_0290,1,0.999514
bilstm_frozen,advtrain,template,2026,chichewa,chi_0291,1,0.999493
bilstm_frozen,advtrain,template,2026,chichewa,chi_0292,0,0.998451
bilstm_frozen,advtrain,template,2026,chichewa,chi_0293,0,0.620190
bilstm_frozen,advtrain,template,2026,chichewa,chi_0294,0,0.999531
bilstm_frozen,advtrain,template,2026,chichewa,chi_0295,1,0.999408
bilstm_frozen,advtrain,template,2026,chichewa,chi_0296,1,0.997821
bilstm_frozen,advtrain,template,2026,chichewa,chi_0297,0,0.969633
bilstm_frozen,advtrain,template,2026,chichewa,chi_0298,0,0.987538
bilstm_frozen,advtrain,template,2026,chichewa,chi_0299,0,0.999326
bilstm_frozen,advtrain,template,2026,chichewa,chi_0300,1,0.999702
bilstm_frozen,advtrain,template,2026,chichewa,chi_0301,1,0.900893
bilstm_frozen,advtrain,template,2026,chichewa,chi_0302,1,0.998740
bilstm_frozen,advtrain,template,2026,chichewa,chi_0303,0,0.999141
bilstm_frozen,advtrain,template,2026,chichewa,chi_0304,0,0.999167
bilstm_frozen,advtrain,template,2026,chichewa,chi_0305,0,0.999150
bilstm_frozen,advtrain,template,2026,chichewa,chi_0306,0,0.999373
bilstm_frozen,advtrain,template,2026,chichewa,chi_0307,1,0.999640
bilstm_frozen,advtrain,template,2026,chichewa,chi_0308,1,0.999573
bilstm_frozen,advtrain,template,2026,chichewa,chi_0309,1,0.999552
bilstm_frozen,advtrain,template,2026,chichewa,chi_0310,1,0.999366
bilstm_frozen,advtrain,template,2026,chichewa,chi_0311,0,0.903223
bilstm_frozen,advtrain,template,2026,chichewa,chi_0312,0,0.988508
bilstm_frozen,advtrain,template,2026,chichewa,chi_0313,0,0.999149
bilstm_frozen,advtrain,template,2026,chichewa,chi_0314,1,0.999143
bilstm_frozen,advtrain,template,2026,chichewa,chi_0315,1,0.999300
bilstm_frozen,advtrain,template,2026,chichewa,chi_0316,0,0.999157
bilstm_frozen,advtrain,template,2026,chichewa,chi_0317,0,0.997486
bilstm_frozen,advtrain,template,2026,chichewa,chi_0318,1,0.998627
bilstm_frozen,advtrain,template,2026,chichewa,chi_0319,1,0.999762
bilstm_frozen,advtrain,template,2026,chichewa,chi_0320,0,0.004479
bilstm_frozen,advtrain,template,2026,chichewa,chi_0321,1,0.828593
bilstm_frozen,advtrain,template,2026,chichewa,chi_0322,0,0.755902
bilstm_frozen,advtrain,template,2026,chichewa,chi_0323,0,0.055299
bilstm_frozen,advtrain,template,2026,chichewa,chi_0324,0,0.044780
bilstm_frozen,advtrain,template,2026,chichewa,chi_0325,0,0.999887
bilstm_frozen,advtrain,template,2026,chichewa,chi_0326,1,0.999603
bilstm_frozen,advtrain,template,2026,chichewa,chi_0327,1,0.999382
bilstm_frozen,advtrain,template,2026,chichewa,chi_0328,0,0.929698
bilstm_frozen,advtrain,template,2026,chichewa,chi_0329,0,0.999090
bilstm_frozen,advtrain,template,2026,chichewa,chi_0330,0,0.765144
bilstm_frozen,advtrain,template,2026,chichewa,chi_0331,1,0.999492
bilstm_frozen,advtrain,template,2026,chichewa,chi_0332,0,0.090115
bilstm_frozen,advtrain,template,2026,chichewa,chi_0333,0,0.239476
bilstm_frozen,advtrain,template,2026,chichewa,chi_0334,0,0.237321
bilstm_frozen,advtrain,template,2026,chichewa,chi_0335,0,0.001057
bilstm_frozen,advtrain,template,2026,chichewa,chi_0336,1,0.999870
bilstm_frozen,advtrain,template,2026,chichewa,chi_0337,1,0.267534
bilstm_frozen,advtrain,template,2026,chichewa,chi_0338,1,0.999544
bilstm_frozen,advtrain,template,2026,chichewa,chi_0339,0,0.375301
bilstm_frozen,advtrain,template,2026,chichewa,chi_0340,0,0.011894
bilstm_frozen,advtrain,template,2026,chichewa,chi_0341,0,0.002733
bilstm_frozen,advtrain,template,2026,chichewa,chi_0342,1,0.999542
bilstm_frozen,advtrain,template,2026,chichewa,chi_0343,1,0.999604
bilstm_frozen,advtrain,template,2026,chichewa,chi_0344,1,0.998803
bilstm_frozen,advtrain,template,2026,chichewa,chi_0345,0,0.163154
bilstm_frozen,advtrain,template,2026,chichewa,chi_0346,0,0.000365
bilstm_frozen,advtrain,template,2026,chichewa,chi_0347,1,0.999774
bilstm_frozen,advtrain,template,2026,chichewa,chi_0348,0,0.069073
bilstm_frozen,advtrain,template,2026,chichewa,chi_0349,0,0.998166
bilstm_frozen,advtrain,template,2026,chichewa,chi_0350,1,0.999776
bilstm_frozen,advtrain,template,2026,chichewa,chi_0351,1,0.750296
bilstm_frozen,advtrain,template,2026,chichewa,chi_0352,1,0.998687
bilstm_frozen,advtrain,template,2026,chichewa,chi_0353,1,0.168775
bilstm_frozen,advtrain,template,2026,chichewa,chi_0354,1,0.999244
bilstm_frozen,advtrain,template,2026,chichewa,chi_0355,0,0.997670
bilstm_frozen,advtrain,template,2026,chichewa,chi_0356,0,0.046400
bilstm_frozen,advtrain,template,2026,chichewa,chi_0357,0,0.092099
bilstm_frozen,advtrain,template,2026,chichewa,chi_0358,0,0.013108
bilstm_frozen,advtrain,template,2026,chichewa,chi_0359,1,0.365734
bilstm_frozen,advtrain,template,2026,chichewa,chi_0360,0,0.335708
bilstm_frozen,advtrain,template,2026,chichewa,chi_0361,1,0.999399
bilstm_frozen,advtrain,template,2026,chichewa,chi_0362,1,0.999761
bilstm_frozen,advtrain,template,2026,chichewa,chi_0363,1,0.879866
bilstm_frozen,advtrain,template,2026,chichewa,chi_0364,0,0.309606
bilstm_frozen,advtrain,template,2026,chichewa,chi_0365,0,0.006960
bilstm_frozen,advtrain,template,2026,chichewa,chi_0366,0,0.011136
bilstm_frozen,advtrain,template,2026,chichewa,chi_0367,1,0.907663
bilstm_frozen,advtrain,template,2026,chichewa,chi_0368,1,0.733703
bilstm_frozen,advtrain,template,2026,chichewa,chi_0369,0,0.150320
bilstm_frozen,advtrain,template,2026,chichewa,chi_0370,0,0.220895
bilstm_frozen,advtrain,template,2026,chichewa,chi_0371,0,0.012233
bilstm_frozen,advtrain,template,2026,chichewa,chi_0372,1,0.997036
bilstm_frozen,advtrain,template,2026,chichewa,chi_0373,1,0.998001
bilstm_frozen,advtrain,template,2026,chichewa,chi_0374,0,0.090727
bilstm_frozen,advtrain,template,2026,chichewa,chi_0375,0,0.001673
bilstm_frozen,advtrain,template,2026,chichewa,chi_0376,1,0.998206
bilstm_frozen,advtrain,template,2026,chichewa,chi_0377,1,0.998924
bilstm_frozen,advtrain,template,2026,chichewa,chi_0378,0,0.041587
bilstm_frozen,advtrain,template,2026,chichewa,chi_0379,0,0.000287
bilstm_frozen,advtrain,template,2026,chichewa,chi_0380,1,0.903499
bilstm_frozen,advtrain,template,2026,chichewa,chi_0381,1,0.905250
bilstm_frozen,advtrain,template,2026,chichewa,chi_0382,0,0.000426
bilstm_frozen,advtrain,template,2026,chichewa,chi_0383,0,0.004562
bilstm_frozen,advtrain,template,2026,chichewa,chi_0384,1,0.996628
bilstm_frozen,advtrain,template,2026,chichewa,chi_0385,1,0.998744
bilstm_frozen,advtrain,template,2026,chichewa,chi_0386,1,0.733643
bilstm_frozen,advtrain,template,2026,chichewa,chi_0387,1,0.838064
bilstm_frozen,advtrain,template,2026,chichewa,chi_0388,0,0.019812
bilstm_frozen,advtrain,template,2026,chichewa,chi_0389,1,0.997722
bilstm_frozen,advtrain,template,2026,chichewa,chi_0390,0,0.998598
bilstm_frozen,advtrain,template,2026,chichewa,chi_0391,0,0.748106
bilstm_frozen,advtrain,template,2026,chichewa,chi_0392,1,0.999564
bilstm_frozen,advtrain,template,2026,chichewa,chi_0393,0,0.005752
bilstm_frozen,advtrain,template,2026,chichewa,chi_0394,0,0.120992
bilstm_frozen,advtrain,template,2026,chichewa,chi_0395,1,0.999730
bilstm_frozen,advtrain,template,2026,chichewa,chi_0396,0,0.792466
bilstm_frozen,advtrain,template,2026,chichewa,chi_0397,0,0.120424
bilstm_frozen,advtrain,template,2026,chichewa,chi_0398,0,0.076365
bilstm_frozen,advtrain,template,2026,chichewa,chi_0399,0,0.607596
bilstm_frozen,advtrain,template,2026,chichewa,chi_0400,0,0.204294
bilstm_frozen,advtrain,template,2026,chichewa,chi_0401,0,0.000229
bilstm_frozen,advtrain,template,2026,chichewa,chi_0402,0,0.284752
bilstm_frozen,advtrain,template,2026,chichewa,chi_0403,0,0.006875
bilstm_frozen,advtrain,template,2026,chichewa,chi_0404,0,0.024952
bilstm_frozen,advtrain,template,2026,chichewa,chi_0405,0,0.002400
bilstm_frozen,advtrain,template,2026,chichewa,chi_0406,0,0.531839
bilstm_frozen,advtrain,template,2026,chichewa,chi_0407,0,0.474206
bilstm_frozen,advtrain,template,2026,chichewa,chi_0408,0,0.212191
bilstm_frozen,advtrain,template,2026,chichewa,chi_0409,0,0.525910
bilstm_frozen,advtrain,template,2026,chichewa,chi_0410,0,0.078970
bilstm_frozen,advtrain,template,2026,chichewa,chi_0411,1,0.998373
bilstm_frozen,advtrain,template,2026,chichewa,chi_0412,1,0.998761
bilstm_frozen,advtrain,template,2026,chichewa,chi_0413,1,0.999637
bilstm_frozen,advtrain,template,2026,chichewa,chi_0414,0,0.138716
bilstm_frozen,advtrain,template,2026,chichewa,chi_0415,0,0.001214
bilstm_frozen,advtrain,template,2026,chichewa,chi_0416,1,0.998930
bilstm_frozen,advtrain,template,2026,chichewa,chi_0417,1,0.999508
bilstm_frozen,advtrain,template,2026,chichewa,chi_0418,1,0.998565
bilstm_frozen,advtrain,template,2026,chichewa,chi_0419,0,0.073029
bilstm_frozen,advtrain,template,2026,chichewa,chi_0420,1,0.999111
bilstm_frozen,advtrain,template,2026,chichewa,chi_0421,0,0.246664
bilstm_frozen,advtrain,template,2026,chichewa,chi_0422,0,0.043993
bilstm_frozen,advtrain,template,2026,chichewa,chi_0423,1,0.999393
bilstm_frozen,advtrain,template,2026,chichewa,chi_0424,1,0.996678
bilstm_frozen,advtrain,template,2026,chichewa,chi_0425,0,0.069402
bilstm_frozen,advtrain,template,2026,chichewa,chi_0426,1,0.997024
bilstm_frozen,advtrain,template,2026,chichewa,chi_0427,1,0.997335
bilstm_frozen,advtrain,template,2026,chichewa,chi_0428,1,0.999701
bilstm_frozen,advtrain,template,2026,chichewa,chi_0429,0,0.997751
bilstm_frozen,advtrain,template,2026,chichewa,chi_0430,0,0.495016
bilstm_frozen,advtrain,template,2026,chichewa,chi_0431,0,0.998343
bilstm_frozen,advtrain,template,2026,chichewa,chi_0432,1,0.999793
bilstm_frozen,advtrain,template,2026,chichewa,chi_0433,1,0.999628
bilstm_frozen,advtrain,template,2026,chichewa,chi_0434,1,0.999711
bilstm_frozen,advtrain,template,2026,chichewa,chi_0435,1,0.998784
bilstm_frozen,advtrain,template,2026,chichewa,chi_0436,1,0.999746
bilstm_frozen,advtrain,template,2026,chichewa,chi_0437,1,0.999749
bilstm_frozen,advtrain,template,2026,chichewa,chi_0438,1,0.999365
bilstm_frozen,advtrain,template,2026,chichewa,chi_0439,1,0.998882
bilstm_frozen,advtrain,template,2026,chichewa,chi_0440,1,0.999510
bilstm_frozen,advtrain,template,2026,chichewa,chi_0441,1,0.999113
bilstm_frozen,advtrain,template,2026,chichewa,chi_0442,1,0.999503
bilstm_frozen,advtrain,template,2026,chichewa,chi_0443,1,0.999122
bilstm_frozen,advtrain,template,2026,chichewa,chi_0444,1,0.999432
bilstm_frozen,advtrain,template,2026,chichewa,chi_0445,1,0.999231
bilstm_frozen,advtrain,template,2026,chichewa,chi_0446,1,0.999214
bilstm_frozen,advtrain,template,2026,chichewa,chi_0447,1,0.999134
bilstm_frozen,advtrain,template,2026,chichewa,chi_0448,1,0.999343
bilstm_frozen,advtrain,template,2026,chichewa,chi_0449,1,0.999464
bilstm_frozen,advtrain,template,2026,chichewa,chi_0450,1,0.999177
bilstm_frozen,advtrain,template,2026,chichewa,chi_0451,0,0.998496
bilstm_frozen,advtrain,template,2026,chichewa,chi_0452,0,0.014921
bilstm_frozen,advtrain,template,2026,chichewa,chi_0453,1,0.999714
bilstm_frozen,advtrain,template,2026,chichewa,chi_0454,1,0.999769
bilstm_frozen,advtrain,template,2026,chichewa,chi_0455,1,0.999134
bilstm_frozen,advtrain,template,2026,chichewa,chi_0456,1,0.999443
bilstm_frozen,advtrain,template,2026,chichewa,chi_0457,1,0.999834
bilstm_frozen,advtrain,template,2026,chichewa,chi_0458,1,0.999821
bilstm_frozen,advtrain,template,2026,chichewa,chi_0459,0,0.999079
bilstm_frozen,advtrain,template,2026,chichewa,chi_0460,1,0.999767
bilstm_frozen,advtrain,template,2026,chichewa,chi_0461,1,0.999485
bilstm_frozen,advtrain,template,2026,chichewa,chi_0462,0,0.058914
bilstm_frozen,advtrain,template,2026,chichewa,chi_0463,0,0.925929
bilstm_frozen,advtrain,template,2026,chichewa,chi_0464,1,0.999464
bilstm_frozen,advtrain,template,2026,chichewa,chi_0465,0,0.062126
bilstm_frozen,advtrain,template,2026,chichewa,chi_0466,0,0.999415
bilstm_frozen,advtrain,template,2026,chichewa,chi_0467,1,0.999720
bilstm_frozen,advtrain,template,2026,chichewa,chi_0468,1,0.999084
bilstm_frozen,advtrain,template,2026,chichewa,chi_0469,0,0.295664
bilstm_frozen,advtrain,template,2026,chichewa,chi_0470,0,0.999669
bilstm_frozen,advtrain,template,2026,chichewa,chi_0471,1,0.999662
bilstm_frozen,advtrain,template,2026,chichewa,chi_0472,1,0.999409
bilstm_frozen,advtrain,template,2026,chichewa,chi_0473,0,0.767119
bilstm_frozen,advtrain,template,2026,chichewa,chi_0474,0,0.245463
bilstm_frozen,advtrain,template,2026,chichewa,chi_0475,1,0.999481
bilstm_frozen,advtrain,template,2026,chichewa,chi_0476,1,0.999702
bilstm_frozen,advtrain,template,2026,chichewa,chi_0477,1,0.999695
bilstm_frozen,advtrain,template,2026,chichewa,chi_0478,0,0.973716
bilstm_frozen,advtrain,template,2026,chichewa,chi_0479,0,0.996252
bilstm_frozen,advtrain,template,2026,chichewa,chi_0480,0,0.998457
bilstm_frozen,advtrain,template,2026,chichewa,chi_0481,1,0.999458
bilstm_frozen,advtrain,template,2026,chichewa,chi_0482,1,0.999722
bilstm_frozen,advtrain,template,2026,chichewa,chi_0483,0,0.999740
bilstm_frozen,advtrain,template,2026,chichewa,chi_0484,0,0.999295
bilstm_frozen,advtrain,template,2026,chichewa,chi_0485,0,0.733535
bilstm_frozen,advtrain,template,2026,chichewa,chi_0486,1,0.999439
bilstm_frozen,advtrain,template,2026,chichewa,chi_0487,1,0.999713
bilstm_frozen,advtrain,template,2026,chichewa,chi_0488,1,0.998389
bilstm_frozen,advtrain,template,2026,chichewa,chi_0489,0,0.955954
bilstm_frozen,advtrain,template,2026,chichewa,chi_0490,0,0.999642
bilstm_frozen,advtrain,template,2026,chichewa,chi_0491,1,0.999715
bilstm_frozen,advtrain,template,2026,chichewa,chi_0492,1,0.999647
bilstm_frozen,advtrain,template,2026,chichewa,chi_0493,1,0.999836
bilstm_frozen,advtrain,template,2026,chichewa,chi_0494,0,0.999605
bilstm_frozen,advtrain,template,2026,chichewa,chi_0495,0,0.999327
bilstm_frozen,advtrain,template,2026,chichewa,chi_0496,0,0.999171
bilstm_frozen,advtrain,template,2026,chichewa,chi_0497,1,0.999718
bilstm_frozen,advtrain,template,2026,chichewa,chi_0498,1,0.999576
bilstm_frozen,advtrain,template,2026,chichewa,chi_0499,0,0.749731
bilstm_frozen,advtrain,template,2026,chichewa,chi_0500,0,0.013199
bilstm_frozen,advtrain,template,2026,chichewa,chi_0501,0,0.869706
bilstm_frozen,advtrain,template,2026,chichewa,chi_0502,1,0.999502
bilstm_frozen,advtrain,template,2026,chichewa,chi_0503,1,0.998596
bilstm_frozen,advtrain,template,2026,chichewa,chi_0504,1,0.999729
bilstm_frozen,advtrain,template,2026,chichewa,chi_0505,0,0.561751
bilstm_frozen,advtrain,template,2026,chichewa,chi_0506,0,0.546139
bilstm_frozen,advtrain,template,2026,chichewa,chi_0507,0,0.063840
bilstm_frozen,advtrain,template,2026,chichewa,chi_0508,1,0.999319
bilstm_frozen,advtrain,template,2026,chichewa,chi_0509,1,0.999549
bilstm_frozen,advtrain,template,2026,chichewa,chi_0510,1,0.999273
bilstm_frozen,advtrain,template,2026,chichewa,chi_0511,0,0.743643
bilstm_frozen,advtrain,template,2026,chichewa,chi_0512,0,0.001672
bilstm_frozen,advtrain,template,2026,chichewa,chi_0513,0,0.997657
bilstm_frozen,advtrain,template,2026,chichewa,chi_0514,1,0.998448
bilstm_frozen,advtrain,template,2026,chichewa,chi_0515,1,0.999719
bilstm_frozen,advtrain,template,2026,chichewa,chi_0516,1,0.999740
bilstm_frozen,advtrain,template,2026,chichewa,chi_0517,0,0.999260
bilstm_frozen,advtrain,template,2026,chichewa,chi_0518,0,0.144022
bilstm_frozen,advtrain,template,2026,chichewa,chi_0519,1,0.999834
bilstm_frozen,advtrain,template,2026,chichewa,chi_0520,1,0.991905
bilstm_frozen,advtrain,template,2026,chichewa,chi_0521,1,0.811433
bilstm_frozen,advtrain,template,2026,chichewa,chi_0522,0,0.875443
bilstm_frozen,advtrain,template,2026,chichewa,chi_0523,0,0.787064
bilstm_frozen,advtrain,template,2026,chichewa,chi_0524,0,0.023109
bilstm_frozen,advtrain,template,2026,chichewa,chi_0525,1,0.999501
bilstm_frozen,advtrain,template,2026,chichewa,chi_0526,1,0.999423
bilstm_frozen,advtrain,template,2026,chichewa,chi_0527,1,0.999708
bilstm_frozen,advtrain,template,2026,chichewa,chi_0528,0,0.540051
bilstm_frozen,advtrain,template,2026,chichewa,chi_0529,0,0.974871
bilstm_frozen,advtrain,template,2026,chichewa,chi_0530,0,0.007094
bilstm_frozen,advtrain,template,2026,chichewa,chi_0531,1,0.999551
bilstm_frozen,advtrain,template,2026,chichewa,chi_0532,1,0.999831
bilstm_frozen,advtrain,template,2026,chichewa,chi_0533,1,0.999570
bilstm_frozen,advtrain,template,2026,chichewa,chi_0534,0,0.669520
bilstm_frozen,advtrain,template,2026,chichewa,chi_0535,0,0.942940
bilstm_frozen,advtrain,template,2026,chichewa,chi_0536,0,0.997536
bilstm_frozen,advtrain,template,2026,chichewa,chi_0537,1,0.999604
bilstm_frozen,advtrain,template,2026,chichewa,chi_0538,1,0.998378
bilstm_frozen,advtrain,template,2026,chichewa,chi_0539,1,0.999837
bilstm_frozen,advtrain,template,2026,chichewa,chi_0540,0,0.767931
bilstm_frozen,advtrain,template,2026,chichewa,chi_0541,0,0.995170
bilstm_frozen,advtrain,template,2026,chichewa,chi_0542,0,0.400869
bilstm_frozen,advtrain,template,2026,chichewa,chi_0543,1,0.999526
bilstm_frozen,advtrain,template,2026,chichewa,chi_0544,1,0.999554
bilstm_frozen,advtrain,template,2026,chichewa,chi_0545,1,0.999742
bilstm_frozen,advtrain,template,2026,chichewa,chi_0546,0,0.750120
bilstm_frozen,advtrain,template,2026,chichewa,chi_0547,0,0.575954
bilstm_frozen,advtrain,template,2026,chichewa,chi_0548,0,0.323040
bilstm_frozen,advtrain,template,2026,chichewa,chi_0549,1,0.999566
bilstm_frozen,advtrain,template,2026,chichewa,chi_0550,1,0.999676
bilstm_frozen,advtrain,template,2026,chichewa,chi_0551,1,0.999756
bilstm_frozen,advtrain,template,2026,chichewa,chi_0552,0,0.802172
bilstm_frozen,advtrain,template,2026,chichewa,chi_0553,0,0.994309
bilstm_frozen,advtrain,template,2026,chichewa,chi_0554,1,0.948065
bilstm_frozen,advtrain,template,2026,chichewa,chi_0555,1,0.624106
bilstm_frozen,advtrain,template,2026,chichewa,chi_0556,1,0.941338
bilstm_frozen,advtrain,template,2026,chichewa,chi_0557,0,0.879254
bilstm_frozen,advtrain,template,2026,chichewa,chi_0558,0,0.998912
bilstm_frozen,advtrain,template,2026,chichewa,chi_0559,0,0.964482
bilstm_frozen,advtrain,template,2026,chichewa,chi_0560,1,0.999552
bilstm_frozen,advtrain,template,2026,chichewa,chi_0561,1,0.999651
bilstm_frozen,advtrain,template,2026,chichewa,chi_0562,1,0.999526
bilstm_frozen,advtrain,template,2026,chichewa,chi_0563,0,0.998356
bilstm_frozen,advtrain,template,2026,chichewa,chi_0564,0,0.930230
bilstm_frozen,advtrain,template,2026,chichewa,chi_0565,0,0.986643
bilstm_frozen,advtrain,template,2026,chichewa,chi_0566,0,0.017155
bilstm_frozen,advtrain,template,2026,chichewa,chi_0567,1,0.999659
bilstm_frozen,advtrain,template,2026,chichewa,chi_0568,1,0.999715
bilstm_frozen,advtrain,template,2026,chichewa,chi_0569,1,0.999729
bilstm_frozen,advtrain,template,2026,chichewa,chi_0570,1,0.999659
bilstm_frozen,advtrain,template,2026,chichewa,chi_0571,0,0.999436
bilstm_frozen,advtrain,template,2026,chichewa,chi_0572,1,0.999496
bilstm_frozen,advtrain,template,2026,chichewa,chi_0573,1,0.999317
bilstm_frozen,advtrain,template,2026,chichewa,chi_0574,1,0.999340
bilstm_frozen,advtrain,template,2026,chichewa,chi_0575,0,0.877738
bilstm_frozen,advtrain,template,2026,chichewa,chi_0576,1,0.998274
bilstm_frozen,advtrain,template,2026,chichewa,chi_0577,1,0.108801
bilstm_frozen,advtrain,template,2026,chichewa,chi_0578,0,0.095161
bilstm_frozen,advtrain,template,2026,chichewa,chi_0579,0,0.019718
bilstm_frozen,advtrain,template,2026,chichewa,chi_0580,0,0.050849
bilstm_frozen,advtrain,template,2026,chichewa,chi_0581,1,0.663598
bilstm_frozen,advtrain,template,2026,chichewa,chi_0582,0,0.000427
bilstm_frozen,advtrain,template,2026,chichewa,chi_0583,0,0.082110
bilstm_frozen,advtrain,template,2026,chichewa,chi_0584,0,0.092445
bilstm_frozen,advtrain,template,2026,chichewa,chi_0585,0,0.195698
bilstm_frozen,advtrain,template,2026,chichewa,chi_0586,0,0.003647
bilstm_frozen,advtrain,template,2026,chichewa,chi_0587,0,0.553182
bilstm_frozen,advtrain,template,2026,chichewa,chi_0588,0,0.250789
bilstm_frozen,advtrain,template,2026,chichewa,chi_0589,1,0.997859
bilstm_frozen,advtrain,template,2026,chichewa,chi_0590,1,0.999847
bilstm_frozen,advtrain,template,2026,chichewa,chi_0591,1,0.850231
bilstm_frozen,advtrain,template,2026,chichewa,chi_0592,0,0.772778
bilstm_frozen,advtrain,template,2026,chichewa,chi_0593,0,0.994820
bilstm_frozen,advtrain,template,2026,chichewa,chi_0594,0,0.175470
bilstm_frozen,advtrain,template,2026,chichewa,chi_0595,1,0.106158
bilstm_frozen,advtrain,template,2026,chichewa,chi_0596,1,0.864644
bilstm_frozen,advtrain,template,2026,chichewa,chi_0597,1,0.976055
bilstm_frozen,advtrain,template,2026,chichewa,chi_0598,1,0.978367
bilstm_frozen,advtrain,template,2026,chichewa,chi_0599,0,0.266525
bilstm_frozen,advtrain,template,2026,chichewa,chi_0600,0,0.991103
bilstm_frozen,advtrain,template,2026,chichewa,chi_0601,0,0.002777
bilstm_frozen,advtrain,template,2026,chichewa,chi_0602,1,0.998125
bilstm_frozen,advtrain,template,2026,chichewa,chi_0603,0,0.000768
bilstm_frozen,advtrain,template,2026,chichewa,chi_0604,0,0.541576
bilstm_frozen,advtrain,template,2026,chichewa,chi_0605,0,0.994838
bilstm_frozen,advtrain,template,2026,chichewa,chi_0606,1,0.996978
bilstm_frozen,advtrain,template,2026,chichewa,chi_0607,0,0.047994
bilstm_frozen,advtrain,template,2026,chichewa,chi_0608,0,0.044576
bilstm_frozen,advtrain,template,2026,chichewa,chi_0609,0,0.192988
bilstm_frozen,advtrain,template,2026,chichewa,chi_0610,1,0.778404
bilstm_frozen,advtrain,template,2026,chichewa,chi_0611,0,0.008823
bilstm_frozen,advtrain,template,2026,chichewa,chi_0612,0,0.288866
bilstm_frozen,advtrain,template,2026,chichewa,chi_0613,0,0.009003
bilstm_frozen,advtrain,template,2026,chichewa,chi_0614,0,0.001609
bilstm_frozen,advtrain,template,2026,chichewa,chi_0615,1,0.999546
bilstm_frozen,advtrain,template,2026,chichewa,chi_0616,0,0.096802
bilstm_frozen,advtrain,template,2026,chichewa,chi_0617,0,0.082148
bilstm_frozen,advtrain,template,2026,chichewa,chi_0618,1,0.999840
bilstm_frozen,advtrain,template,2026,chichewa,chi_0619,1,0.999814
bilstm_frozen,advtrain,template,2026,chichewa,chi_0620,1,0.844465
bilstm_frozen,advtrain,template,2026,chichewa,chi_0621,0,0.019265
bilstm_frozen,advtrain,template,2026,chichewa,chi_0622,0,0.006351
bilstm_frozen,advtrain,template,2026,chichewa,chi_0623,0,0.402931
bilstm_frozen,advtrain,template,2026,chichewa,chi_0624,1,0.999617
bilstm_frozen,advtrain,template,2026,chichewa,chi_0625,0,0.911136
bilstm_frozen,advtrain,template,2026,chichewa,chi_0626,0,0.132984
bilstm_frozen,advtrain,template,2026,chichewa,chi_0627,0,0.222660
bilstm_frozen,advtrain,template,2026,chichewa,chi_0628,0,0.998430
bilstm_frozen,advtrain,template,2026,chichewa,chi_0629,0,0.342190
bilstm_frozen,advtrain,template,2026,chichewa,chi_0630,1,0.999497
bilstm_frozen,advtrain,template,2026,chichewa,chi_0631,1,0.999324
bilstm_frozen,advtrain,template,2026,chichewa,chi_0632,0,0.744423
bilstm_frozen,advtrain,template,2026,chichewa,chi_0633,0,0.813858
bilstm_frozen,advtrain,template,2026,chichewa,chi_0634,1,0.919078
bilstm_frozen,advtrain,template,2026,chichewa,chi_0635,1,0.999652
bilstm_frozen,advtrain,template,2026,chichewa,chi_0636,1,0.996432
bilstm_frozen,advtrain,template,2026,chichewa,chi_0637,0,0.556320
bilstm_frozen,advtrain,template,2026,chichewa,chi_0638,0,0.703218
bilstm_frozen,advtrain,template,2026,chichewa,chi_0639,0,0.998942
bilstm_frozen,advtrain,template,2026,chichewa,chi_0640,0,0.845874
bilstm_frozen,advtrain,template,2026,chichewa,chi_0641,1,0.999737
bilstm_frozen,advtrain,template,2026,chichewa,chi_0642,1,0.999696
bilstm_frozen,advtrain,template,2026,chichewa,chi_0643,1,0.999589
bilstm_frozen,advtrain,template,2026,chichewa,chi_0644,0,0.999192
bilstm_frozen,advtrain,template,2026,chichewa,chi_0645,1,0.999858
bilstm_frozen,advtrain,template,2026,chichewa,chi_0646,1,0.999849
bilstm_frozen,advtrain,template,2026,chichewa,chi_0647,1,0.998599
bilstm_frozen,advtrain,template,2026,chichewa,chi_0648,1,0.999783
bilstm_frozen,advtrain,template,2026,chichewa,chi_0649,1,0.999615
bilstm_frozen,advtrain,template,2026,chichewa,chi_0650,1,0.999853
bilstm_frozen,advtrain,template,2026,chichewa,chi_0651,1,0.999538
bilstm_frozen,advtrain,template,2026,chichewa,chi_0652,1,0.326337
bilstm_frozen,advtrain,template,2026,chichewa,chi_0653,1,0.999851
bilstm_frozen,advtrain,template,2026,chichewa,chi_0654,1,0.998767
bilstm_frozen,advtrain,template,2026,chichewa,chi_0655,1,0.999001
bilstm_frozen,advtrain,template,2026,chichewa,chi_0656,1,0.998459
bilstm_frozen,advtrain,template,2026,chichewa,chi_0657,1,0.995331
bilstm_frozen,advtrain,template,2026,chichewa,chi_0658,1,0.999342
bilstm_frozen,advtrain,template,2026,chichewa,chi_0659,1,0.999851
bilstm_frozen,advtrain,template,2026,chichewa,chi_0660,1,0.999864
bilstm_frozen,advtrain,template,2026,chichewa,chi_0661,1,0.996035
bilstm_frozen,advtrain,template,2026,chichewa,chi_0662,1,0.998068
bilstm_frozen,advtrain,template,2026,chichewa,chi_0663,1,0.078024
bilstm_frozen,advtrain,template,2026,chichewa,chi_0664,1,0.999825
bilstm_frozen,advtrain,template,2026,chichewa,chi_0665,1,0.855931
bilstm_frozen,advtrain,template,2026,chichewa,chi_0666,1,0.645050
bilstm_frozen,advtrain,template,2026,chichewa,chi_0667,1,0.996081
bilstm_frozen,advtrain,template,2026,chichewa,chi_0668,0,0.075561
bilstm_frozen,advtrain,template,2026,chichewa,chi_0669,0,0.044427
bilstm_frozen,advtrain,template,2026,chichewa,chi_0670,0,0.999779
bilstm_frozen,advtrain,template,2026,chichewa,chi_0671,0,0.865921
bilstm_frozen,advtrain,template,2026,chichewa,chi_0672,0,0.538805
bilstm_frozen,advtrain,template,2026,chichewa,chi_0673,0,0.838469
bilstm_frozen,advtrain,template,2026,chichewa,chi_0674,0,0.999545
bilstm_frozen,advtrain,template,2026,chichewa,chi_0675,0,0.998882
bilstm_frozen,advtrain,template,2026,chichewa,chi_0676,0,0.999339
bilstm_frozen,advtrain,template,2026,chichewa,chi_0677,0,0.999347
bilstm_frozen,advtrain,template,2026,chichewa,chi_0678,0,0.998737
bilstm_frozen,advtrain,template,2026,chichewa,chi_0679,0,0.702709
bilstm_frozen,advtrain,template,2026,chichewa,chi_0680,0,0.994895
bilstm_frozen,advtrain,template,2026,chichewa,chi_0681,0,0.999883
bilstm_frozen,advtrain,template,2026,chichewa,chi_0682,0,0.984941
bilstm_frozen,advtrain,template,2026,chichewa,chi_0683,0,0.996590
bilstm_frozen,advtrain,template,2026,chichewa,chi_0684,0,0.196666
bilstm_frozen,advtrain,template,2026,chichewa,chi_0685,0,0.631830
bilstm_frozen,advtrain,template,2026,chichewa,chi_0686,0,0.994893
bilstm_frozen,advtrain,template,2026,chichewa,chi_0687,0,0.864316
bilstm_frozen,advtrain,template,2026,chichewa,chi_0688,0,0.998417
bilstm_frozen,advtrain,template,2026,chichewa,chi_0689,0,0.997918
bilstm_frozen,advtrain,template,2026,chichewa,chi_0690,0,0.999123
bilstm_frozen,advtrain,template,2026,chichewa,chi_0691,0,0.998911
bilstm_frozen,advtrain,template,2026,chichewa,chi_0692,0,0.064737
bilstm_frozen,advtrain,template,2026,chichewa,chi_0693,0,0.971826
bilstm_frozen,advtrain,template,2026,chichewa,chi_0694,0,0.991106
bilstm_frozen,advtrain,template,2026,chichewa,chi_0695,0,0.997808
bilstm_frozen,advtrain,template,2026,chichewa,chi_0696,0,0.997138
bilstm_frozen,advtrain,template,2026,chichewa,chi_0697,0,0.998241
bilstm_frozen,advtrain,template,2026,chichewa,chi_0698,0,0.849673
bilstm_frozen,advtrain,template,2026,chichewa,chi_0699,0,0.999742
bilstm_frozen,advtrain,template,2026,chichewa,chi_0700,0,0.999348
bilstm_frozen,advtrain,template,2026,chichewa,chi_0701,0,0.998620
bilstm_frozen,advtrain,template,2026,chichewa,chi_0702,0,0.998226
bilstm_frozen,advtrain,template,2026,chichewa,chi_0703,0,0.999799
bilstm_frozen,advtrain,template,2026,chichewa,chi_0704,0,0.993974
bilstm_frozen,advtrain,template,2026,chichewa,chi_0705,0,0.998577
bilstm_frozen,advtrain,template,2026,chichewa,chi_0706,0,0.881035
bilstm_frozen,advtrain,template,2026,chichewa,chi_0707,0,0.824989
bilstm_frozen,advtrain,template,2026,chichewa,chi_0708,0,0.999537
bilstm_frozen,advtrain,template,2026,chichewa,chi_0709,0,0.999546
bilstm_frozen,advtrain,template,2026,chichewa,chi_0710,0,0.035169
bilstm_frozen,advtrain,template,2026,chichewa,chi_0711,0,0.999525
bilstm_frozen,advtrain,template,2026,chichewa,chi_0712,0,0.999478
bilstm_frozen,advtrain,template,2026,chichewa,chi_0713,0,0.995892
bilstm_frozen,advtrain,template,2026,chichewa,chi_0714,0,0.877124
bilstm_frozen,advtrain,template,2026,chichewa,chi_0715,0,0.997667
bilstm_frozen,advtrain,template,2026,chichewa,chi_0716,0,0.996712
bilstm_frozen,advtrain,template,2026,chichewa,chi_0717,0,0.993541
bilstm_frozen,advtrain,template,2026,chichewa,chi_0718,0,0.997533
bilstm_frozen,advtrain,template,2026,chichewa,chi_0719,0,0.936517
bilstm_frozen,advtrain,template,2026,chichewa,chi_0720,0,0.616235
bilstm_frozen,advtrain,template,2026,chichewa,chi_0721,0,0.999445
bilstm_frozen,advtrain,template,2026,chichewa,chi_0722,0,0.825272
bilstm_frozen,advtrain,template,2026,chichewa,chi_0723,0,0.821983
bilstm_frozen,advtrain,template,2026,chichewa,chi_0724,0,0.971097
bilstm_frozen,advtrain,template,2026,chichewa,chi_0725,0,0.999505
bilstm_frozen,advtrain,template,2026,chichewa,chi_0726,0,0.998208
bilstm_frozen,advtrain,template,2026,chichewa,chi_0727,0,0.998870
bilstm_frozen,advtrain,template,2026,chichewa,chi_0728,0,0.995826
bilstm_frozen,advtrain,template,2026,chichewa,chi_0729,0,0.902421
bilstm_frozen,advtrain,template,2026,chichewa,chi_0730,0,0.886114
bilstm_frozen,advtrain,template,2026,chichewa,chi_0731,0,0.996963
bilstm_frozen,advtrain,template,2026,chichewa,chi_0732,0,0.002275
bilstm_frozen,advtrain,template,2026,ctrl_lookalike,bongo_0029,0,0.909203
bilstm_frozen,advtrain,template,2026,ctrl_lookalike,bongo_0053,0,0.994390
bilstm_frozen,advtrain,template,2026,ctrl_lookalike,bongo_0097,0,0.999261
bilstm_frozen,advtrain,template,2026,ctrl_lookalike,bongo_0107,0,0.317002
bilstm_frozen,advtrain,template,2026,ctrl_lookalike,bongo_0110,0,0.019031
bilstm_frozen,advtrain,template,2026,ctrl_lookalike,bongo_0115,0,0.999745
bilstm_frozen,advtrain,template,2026,ctrl_lookalike,bongo_0143,0,0.000328
bilstm_frozen,advtrain,template,2026,ctrl_lookalike,bongo_0160,0,0.735096
bilstm_frozen,advtrain,template,2026,ctrl_lookalike,bongo_0172,0,0.999824
bilstm_frozen,advtrain,template,2026,ctrl_lookalike,bongo_0175,0,0.000077
bilstm_frozen,advtrain,template,2026,ctrl_lookalike,bongo_0182,0,0.000007
bilstm_frozen,advtrain,template,2026,ctrl_lookalike,bongo_0197,0,0.458875
bilstm_frozen,advtrain,template,2026,ctrl_lookalike,bongo_0253,0,0.928428
bilstm_frozen,advtrain,template,2026,ctrl_lookalike,bongo_0271,0,0.173112
bilstm_frozen,advtrain,template,2026,ctrl_lookalike,bongo_0300,0,0.483952
bilstm_frozen,advtrain,template,2026,ctrl_lookalike,bongo_0306,0,0.998977
bilstm_frozen,advtrain,template,2026,ctrl_lookalike,bongo_0363,0,0.963291
bilstm_frozen,advtrain,template,2026,ctrl_lookalike,bongo_0368,0,0.996617
bilstm_frozen,advtrain,template,2026,ctrl_lookalike,bongo_0372,0,0.995341
bilstm_frozen,advtrain,template,2026,ctrl_lookalike,bongo_0389,0,0.000603
bilstm_frozen,advtrain,template,2026,ctrl_lookalike,bongo_0395,0,0.007678
bilstm_frozen,advtrain,template,2026,ctrl_lookalike,bongo_0427,0,0.552630
bilstm_frozen,advtrain,template,2026,ctrl_lookalike,bongo_0463,0,0.891343
bilstm_frozen,advtrain,template,2026,ctrl_lookalike,bongo_0531,0,0.997600
bilstm_frozen,advtrain,template,2026,ctrl_lookalike,bongo_0542,0,0.000028
bilstm_frozen,advtrain,template,2026,ctrl_lookalike,bongo_0545,0,0.656421
bilstm_frozen,advtrain,template,2026,ctrl_lookalike,bongo_0571,0,0.000801
bilstm_frozen,advtrain,template,2026,ctrl_lookalike,bongo_0630,0,0.998692
bilstm_frozen,advtrain,template,2026,ctrl_lookalike,bongo_0648,0,0.978172
bilstm_frozen,advtrain,template,2026,ctrl_lookalike,bongo_0674,0,0.181679
bilstm_frozen,advtrain,template,2026,ctrl_lookalike,bongo_0685,0,0.998257
bilstm_frozen,advtrain,template,2026,ctrl_lookalike,bongo_0701,0,0.865229
bilstm_frozen,advtrain,template,2026,ctrl_lookalike,bongo_0741,0,0.056083
bilstm_frozen,advtrain,template,2026,ctrl_lookalike,bongo_0795,0,0.964976
bilstm_frozen,advtrain,template,2026,ctrl_lookalike,bongo_0818,0,0.989645
bilstm_frozen,advtrain,template,2026,ctrl_lookalike,bongo_0819,0,0.998242
bilstm_frozen,advtrain,template,2026,ctrl_lookalike,bongo_0835,0,0.999395
bilstm_frozen,advtrain,template,2026,ctrl_lookalike,bongo_0856,0,0.587274
bilstm_frozen,advtrain,template,2026,ctrl_lookalike,bongo_0872,0,0.999255
bilstm_frozen,advtrain,template,2026,ctrl_lookalike,bongo_0904,0,0.885456
bilstm_frozen,advtrain,template,2026,ctrl_lookalike,bongo_0950,0,0.002064
bilstm_frozen,advtrain,template,2026,ctrl_lookalike,bongo_0956,0,0.037283
bilstm_frozen,advtrain,template,2026,ctrl_lookalike,bongo_0971,0,0.229479
bilstm_frozen,advtrain,template,2026,ctrl_lookalike,bongo_0983,0,0.858545
bilstm_frozen,advtrain,template,2026,ctrl_lookalike,bongo_0994,0,0.999798
bilstm_frozen,advtrain,template,2026,ctrl_lookalike,bongo_1006,0,0.405493
bilstm_frozen,advtrain,template,2026,ctrl_lookalike,bongo_1015,0,0.010118
bilstm_frozen,advtrain,template,2026,ctrl_lookalike,bongo_1037,0,0.720371
bilstm_frozen,advtrain,template,2026,ctrl_lookalike,bongo_1040,0,0.580661
bilstm_frozen,advtrain,template,2026,ctrl_lookalike,bongo_1050,0,0.000043
bilstm_frozen,advtrain,template,2026,ctrl_lookalike,bongo_1059,0,0.000041
bilstm_frozen,advtrain,template,2026,ctrl_lookalike,bongo_1071,0,0.526684
bilstm_frozen,advtrain,template,2026,ctrl_lookalike,bongo_1090,0,0.000069
bilstm_frozen,advtrain,template,2026,ctrl_lookalike,bongo_1115,0,0.024012
bilstm_frozen,advtrain,template,2026,ctrl_lookalike,bongo_1123,0,0.961948
bilstm_frozen,advtrain,template,2026,ctrl_lookalike,bongo_1125,0,0.995565
bilstm_frozen,advtrain,template,2026,ctrl_lookalike,bongo_1135,0,0.573375
bilstm_frozen,advtrain,template,2026,ctrl_lookalike,bongo_1155,0,0.700195
bilstm_frozen,advtrain,template,2026,ctrl_lookalike,bongo_1194,0,0.996791
bilstm_frozen,advtrain,template,2026,ctrl_lookalike,bongo_1198,0,0.996032
bilstm_frozen,advtrain,template,2026,ctrl_lookalike,bongo_1236,0,0.999771
bilstm_frozen,advtrain,template,2026,ctrl_lookalike,bongo_1244,0,0.425993
bilstm_frozen,advtrain,template,2026,ctrl_lookalike,bongo_1249,0,0.001903
bilstm_frozen,advtrain,template,2026,ctrl_lookalike,bongo_1253,0,0.193012
bilstm_frozen,advtrain,template,2026,ctrl_lookalike,bongo_1260,0,0.550633
bilstm_frozen,advtrain,template,2026,ctrl_lookalike,bongo_1262,0,0.077556
bilstm_frozen,advtrain,template,2026,ctrl_lookalike,bongo_1285,0,0.000414
bilstm_frozen,advtrain,template,2026,ctrl_lookalike,bongo_1316,0,0.041512
bilstm_frozen,advtrain,template,2026,ctrl_lookalike,bongo_1330,0,0.839331
bilstm_frozen,advtrain,template,2026,ctrl_lookalike,bongo_1359,0,0.057225
bilstm_frozen,advtrain,template,2026,ctrl_lookalike,bongo_1375,0,0.999750
bilstm_frozen,advtrain,template,2026,ctrl_structural,bongo_0029,0,0.999898
bilstm_frozen,advtrain,template,2026,ctrl_structural,bongo_0053,0,0.999923
bilstm_frozen,advtrain,template,2026,ctrl_structural,bongo_0097,0,0.999884
bilstm_frozen,advtrain,template,2026,ctrl_structural,bongo_0107,0,0.586125
bilstm_frozen,advtrain,template,2026,ctrl_structural,bongo_0110,0,0.352548
bilstm_frozen,advtrain,template,2026,ctrl_structural,bongo_0115,0,0.999943
bilstm_frozen,advtrain,template,2026,ctrl_structural,bongo_0143,0,0.124046
bilstm_frozen,advtrain,template,2026,ctrl_structural,bongo_0160,0,0.920011
bilstm_frozen,advtrain,template,2026,ctrl_structural,bongo_0172,0,0.999648
bilstm_frozen,advtrain,template,2026,ctrl_structural,bongo_0175,0,0.031934
bilstm_frozen,advtrain,template,2026,ctrl_structural,bongo_0182,0,0.038074
bilstm_frozen,advtrain,template,2026,ctrl_structural,bongo_0197,0,0.999584
bilstm_frozen,advtrain,template,2026,ctrl_structural,bongo_0253,0,0.999727
bilstm_frozen,advtrain,template,2026,ctrl_structural,bongo_0271,0,0.771935
bilstm_frozen,advtrain,template,2026,ctrl_structural,bongo_0300,0,0.999658
bilstm_frozen,advtrain,template,2026,ctrl_structural,bongo_0306,0,0.999832
bilstm_frozen,advtrain,template,2026,ctrl_structural,bongo_0363,0,0.999877
bilstm_frozen,advtrain,template,2026,ctrl_structural,bongo_0368,0,0.999950
bilstm_frozen,advtrain,template,2026,ctrl_structural,bongo_0372,0,0.999794
bilstm_frozen,advtrain,template,2026,ctrl_structural,bongo_0389,0,0.997364
bilstm_frozen,advtrain,template,2026,ctrl_structural,bongo_0395,0,0.998537
bilstm_frozen,advtrain,template,2026,ctrl_structural,bongo_0427,0,0.657953
bilstm_frozen,advtrain,template,2026,ctrl_structural,bongo_0463,0,0.999858
bilstm_frozen,advtrain,template,2026,ctrl_structural,bongo_0531,0,0.999921
bilstm_frozen,advtrain,template,2026,ctrl_structural,bongo_0542,0,0.134357
bilstm_frozen,advtrain,template,2026,ctrl_structural,bongo_0545,0,0.999861
bilstm_frozen,advtrain,template,2026,ctrl_structural,bongo_0571,0,0.399041
bilstm_frozen,advtrain,template,2026,ctrl_structural,bongo_0630,0,0.999943
bilstm_frozen,advtrain,template,2026,ctrl_structural,bongo_0648,0,0.999936
bilstm_frozen,advtrain,template,2026,ctrl_structural,bongo_0674,0,0.538880
bilstm_frozen,advtrain,template,2026,ctrl_structural,bongo_0685,0,0.999885
bilstm_frozen,advtrain,template,2026,ctrl_structural,bongo_0701,0,0.999664
bilstm_frozen,advtrain,template,2026,ctrl_structural,bongo_0741,0,0.667799
bilstm_frozen,advtrain,template,2026,ctrl_structural,bongo_0795,0,0.999869
bilstm_frozen,advtrain,template,2026,ctrl_structural,bongo_0818,0,0.999944
bilstm_frozen,advtrain,template,2026,ctrl_structural,bongo_0819,0,0.999944
bilstm_frozen,advtrain,template,2026,ctrl_structural,bongo_0835,0,0.999923
bilstm_frozen,advtrain,template,2026,ctrl_structural,bongo_0856,0,0.999546
bilstm_frozen,advtrain,template,2026,ctrl_structural,bongo_0872,0,0.999795
bilstm_frozen,advtrain,template,2026,ctrl_structural,bongo_0904,0,0.999639
bilstm_frozen,advtrain,template,2026,ctrl_structural,bongo_0950,0,0.998330
bilstm_frozen,advtrain,template,2026,ctrl_structural,bongo_0956,0,0.152065
bilstm_frozen,advtrain,template,2026,ctrl_structural,bongo_0971,0,0.985594
bilstm_frozen,advtrain,template,2026,ctrl_structural,bongo_0983,0,0.999821
bilstm_frozen,advtrain,template,2026,ctrl_structural,bongo_0994,0,0.999918
bilstm_frozen,advtrain,template,2026,ctrl_structural,bongo_1006,0,0.821769
bilstm_frozen,advtrain,template,2026,ctrl_structural,bongo_1015,0,0.998954
bilstm_frozen,advtrain,template,2026,ctrl_structural,bongo_1037,0,0.999726
bilstm_frozen,advtrain,template,2026,ctrl_structural,bongo_1040,0,0.375468
bilstm_frozen,advtrain,template,2026,ctrl_structural,bongo_1050,0,0.006589
bilstm_frozen,advtrain,template,2026,ctrl_structural,bongo_1059,0,0.968760
bilstm_frozen,advtrain,template,2026,ctrl_structural,bongo_1071,0,0.622344
bilstm_frozen,advtrain,template,2026,ctrl_structural,bongo_1090,0,0.480426
bilstm_frozen,advtrain,template,2026,ctrl_structural,bongo_1115,0,0.996279
bilstm_frozen,advtrain,template,2026,ctrl_structural,bongo_1123,0,0.999914
bilstm_frozen,advtrain,template,2026,ctrl_structural,bongo_1125,0,0.999943
bilstm_frozen,advtrain,template,2026,ctrl_structural,bongo_1135,0,0.999523
bilstm_frozen,advtrain,template,2026,ctrl_structural,bongo_1155,0,0.999759
bilstm_frozen,advtrain,template,2026,ctrl_structural,bongo_1194,0,0.999311
bilstm_frozen,advtrain,template,2026,ctrl_structural,bongo_1198,0,0.999618
bilstm_frozen,advtrain,template,2026,ctrl_structural,bongo_1236,0,0.999904
bilstm_frozen,advtrain,template,2026,ctrl_structural,bongo_1244,0,0.992885
bilstm_frozen,advtrain,template,2026,ctrl_structural,bongo_1249,0,0.204367
bilstm_frozen,advtrain,template,2026,ctrl_structural,bongo_1253,0,0.960876
bilstm_frozen,advtrain,template,2026,ctrl_structural,bongo_1260,0,0.999746
bilstm_frozen,advtrain,template,2026,ctrl_structural,bongo_1262,0,0.983744
bilstm_frozen,advtrain,template,2026,ctrl_structural,bongo_1285,0,0.999816
bilstm_frozen,advtrain,template,2026,ctrl_structural,bongo_1316,0,0.998795
bilstm_frozen,advtrain,template,2026,ctrl_structural,bongo_1330,0,0.999925
bilstm_frozen,advtrain,template,2026,ctrl_structural,bongo_1359,0,0.999105
bilstm_frozen,advtrain,template,2026,ctrl_structural,bongo_1375,0,0.999877
bilstm_frozen,advtrain,template,2026,ctrl_codeswitch,bongo_0029,0,0.046893
bilstm_frozen,advtrain,template,2026,ctrl_codeswitch,bongo_0053,0,0.000047
bilstm_frozen,advtrain,template,2026,ctrl_codeswitch,bongo_0097,0,0.001354
bilstm_frozen,advtrain,template,2026,ctrl_codeswitch,bongo_0107,0,0.000012
bilstm_frozen,advtrain,template,2026,ctrl_codeswitch,bongo_0110,0,0.000008
bilstm_frozen,advtrain,template,2026,ctrl_codeswitch,bongo_0115,0,0.002061
bilstm_frozen,advtrain,template,2026,ctrl_codeswitch,bongo_0143,0,0.000018
bilstm_frozen,advtrain,template,2026,ctrl_codeswitch,bongo_0160,0,0.000046
bilstm_frozen,advtrain,template,2026,ctrl_codeswitch,bongo_0172,0,0.117181
bilstm_frozen,advtrain,template,2026,ctrl_codeswitch,bongo_0175,0,0.000019
bilstm_frozen,advtrain,template,2026,ctrl_codeswitch,bongo_0182,0,0.000006
bilstm_frozen,advtrain,template,2026,ctrl_codeswitch,bongo_0197,0,0.000030
bilstm_frozen,advtrain,template,2026,ctrl_codeswitch,bongo_0253,0,0.000562
bilstm_frozen,advtrain,template,2026,ctrl_codeswitch,bongo_0271,0,0.000027
bilstm_frozen,advtrain,template,2026,ctrl_codeswitch,bongo_0300,0,0.000041
bilstm_frozen,advtrain,template,2026,ctrl_codeswitch,bongo_0306,0,0.000122
bilstm_frozen,advtrain,template,2026,ctrl_codeswitch,bongo_0363,0,0.000042
bilstm_frozen,advtrain,template,2026,ctrl_codeswitch,bongo_0368,0,0.003408
bilstm_frozen,advtrain,template,2026,ctrl_codeswitch,bongo_0372,0,0.000109
bilstm_frozen,advtrain,template,2026,ctrl_codeswitch,bongo_0389,0,0.000028
bilstm_frozen,advtrain,template,2026,ctrl_codeswitch,bongo_0395,0,0.000787
bilstm_frozen,advtrain,template,2026,ctrl_codeswitch,bongo_0427,0,0.563831
bilstm_frozen,advtrain,template,2026,ctrl_codeswitch,bongo_0463,0,0.007235
bilstm_frozen,advtrain,template,2026,ctrl_codeswitch,bongo_0531,0,0.000234
bilstm_frozen,advtrain,template,2026,ctrl_codeswitch,bongo_0542,0,0.000018
bilstm_frozen,advtrain,template,2026,ctrl_codeswitch,bongo_0545,0,0.000024
bilstm_frozen,advtrain,template,2026,ctrl_codeswitch,bongo_0571,0,0.000019
bilstm_frozen,advtrain,template,2026,ctrl_codeswitch,bongo_0630,0,0.000400
bilstm_frozen,advtrain,template,2026,ctrl_codeswitch,bongo_0648,0,0.040359
bilstm_frozen,advtrain,template,2026,ctrl_codeswitch,bongo_0674,0,0.000016
bilstm_frozen,advtrain,template,2026,ctrl_codeswitch,bongo_0685,0,0.778381
bilstm_frozen,advtrain,template,2026,ctrl_codeswitch,bongo_0701,0,0.000031
bilstm_frozen,advtrain,template,2026,ctrl_codeswitch,bongo_0741,0,0.000021
bilstm_frozen,advtrain,template,2026,ctrl_codeswitch,bongo_0795,0,0.000320
bilstm_frozen,advtrain,template,2026,ctrl_codeswitch,bongo_0818,0,0.010798
bilstm_frozen,advtrain,template,2026,ctrl_codeswitch,bongo_0819,0,0.000204
bilstm_frozen,advtrain,template,2026,ctrl_codeswitch,bongo_0835,0,0.000019
bilstm_frozen,advtrain,template,2026,ctrl_codeswitch,bongo_0856,0,0.000092
bilstm_frozen,advtrain,template,2026,ctrl_codeswitch,bongo_0872,0,0.114772
bilstm_frozen,advtrain,template,2026,ctrl_codeswitch,bongo_0904,0,0.001658
bilstm_frozen,advtrain,template,2026,ctrl_codeswitch,bongo_0950,0,0.000038
bilstm_frozen,advtrain,template,2026,ctrl_codeswitch,bongo_0956,0,0.000019
bilstm_frozen,advtrain,template,2026,ctrl_codeswitch,bongo_0971,0,0.000023
bilstm_frozen,advtrain,template,2026,ctrl_codeswitch,bongo_0983,0,0.000225
bilstm_frozen,advtrain,template,2026,ctrl_codeswitch,bongo_0994,0,0.001947
bilstm_frozen,advtrain,template,2026,ctrl_codeswitch,bongo_1006,0,0.000165
bilstm_frozen,advtrain,template,2026,ctrl_codeswitch,bongo_1015,0,0.000017
bilstm_frozen,advtrain,template,2026,ctrl_codeswitch,bongo_1037,0,0.000065
bilstm_frozen,advtrain,template,2026,ctrl_codeswitch,bongo_1040,0,0.000033
bilstm_frozen,advtrain,template,2026,ctrl_codeswitch,bongo_1050,0,0.000020
bilstm_frozen,advtrain,template,2026,ctrl_codeswitch,bongo_1059,0,0.000011
bilstm_frozen,advtrain,template,2026,ctrl_codeswitch,bongo_1071,0,0.000055
bilstm_frozen,advtrain,template,2026,ctrl_codeswitch,bongo_1090,0,0.000014
bilstm_frozen,advtrain,template,2026,ctrl_codeswitch,bongo_1115,0,0.000009
bilstm_frozen,advtrain,template,2026,ctrl_codeswitch,bongo_1123,0,0.000078
bilstm_frozen,advtrain,template,2026,ctrl_codeswitch,bongo_1125,0,0.017005
bilstm_frozen,advtrain,template,2026,ctrl_codeswitch,bongo_1135,0,0.000701
bilstm_frozen,advtrain,template,2026,ctrl_codeswitch,bongo_1155,0,0.000022
bilstm_frozen,advtrain,template,2026,ctrl_codeswitch,bongo_1194,0,0.001805
bilstm_frozen,advtrain,template,2026,ctrl_codeswitch,bongo_1198,0,0.000271
bilstm_frozen,advtrain,template,2026,ctrl_codeswitch,bongo_1236,0,0.000351
bilstm_frozen,advtrain,template,2026,ctrl_codeswitch,bongo_1244,0,0.000072
bilstm_frozen,advtrain,template,2026,ctrl_codeswitch,bongo_1249,0,0.000006
bilstm_frozen,advtrain,template,2026,ctrl_codeswitch,bongo_1253,0,0.016226
bilstm_frozen,advtrain,template,2026,ctrl_codeswitch,bongo_1260,0,0.000035
bilstm_frozen,advtrain,template,2026,ctrl_codeswitch,bongo_1262,0,0.015306
bilstm_frozen,advtrain,template,2026,ctrl_codeswitch,bongo_1285,0,0.000022
bilstm_frozen,advtrain,template,2026,ctrl_codeswitch,bongo_1316,0,0.000149
bilstm_frozen,advtrain,template,2026,ctrl_codeswitch,bongo_1330,0,0.049167
bilstm_frozen,advtrain,template,2026,ctrl_codeswitch,bongo_1359,0,0.000357
bilstm_frozen,advtrain,template,2026,ctrl_codeswitch,bongo_1375,0,0.000046
bilstm_frozen,advtrain,template,2026,val+norm,bongo_0004,1,0.999641
bilstm_frozen,advtrain,template,2026,val+norm,bongo_0007,1,0.999251
bilstm_frozen,advtrain,template,2026,val+norm,bongo_0008,0,0.000077
bilstm_frozen,advtrain,template,2026,val+norm,bongo_0031,1,0.999641
bilstm_frozen,advtrain,template,2026,val+norm,bongo_0033,0,0.000023
bilstm_frozen,advtrain,template,2026,val+norm,bongo_0036,1,0.999319
bilstm_frozen,advtrain,template,2026,val+norm,bongo_0046,1,0.999641
bilstm_frozen,advtrain,template,2026,val+norm,bongo_0052,1,0.999395
bilstm_frozen,advtrain,template,2026,val+norm,bongo_0057,1,0.998377
bilstm_frozen,advtrain,template,2026,val+norm,bongo_0063,0,0.000041
bilstm_frozen,advtrain,template,2026,val+norm,bongo_0065,0,0.000164
bilstm_frozen,advtrain,template,2026,val+norm,bongo_0076,0,0.000023
bilstm_frozen,advtrain,template,2026,val+norm,bongo_0081,0,0.000047
bilstm_frozen,advtrain,template,2026,val+norm,bongo_0088,1,0.999489
bilstm_frozen,advtrain,template,2026,val+norm,bongo_0089,1,0.999641
bilstm_frozen,advtrain,template,2026,val+norm,bongo_0095,0,0.000013
bilstm_frozen,advtrain,template,2026,val+norm,bongo_0101,1,0.999074
bilstm_frozen,advtrain,template,2026,val+norm,bongo_0102,1,0.999809
bilstm_frozen,advtrain,template,2026,val+norm,bongo_0103,1,0.993411
bilstm_frozen,advtrain,template,2026,val+norm,bongo_0105,0,0.000024
bilstm_frozen,advtrain,template,2026,val+norm,bongo_0111,0,0.000074
bilstm_frozen,advtrain,template,2026,val+norm,bongo_0120,1,0.999641
bilstm_frozen,advtrain,template,2026,val+norm,bongo_0121,0,0.000086
bilstm_frozen,advtrain,template,2026,val+norm,bongo_0127,0,0.000007
bilstm_frozen,advtrain,template,2026,val+norm,bongo_0145,0,0.000063
bilstm_frozen,advtrain,template,2026,val+norm,bongo_0148,0,0.002746
bilstm_frozen,advtrain,template,2026,val+norm,bongo_0181,1,0.995307
bilstm_frozen,advtrain,template,2026,val+norm,bongo_0186,0,0.000035
bilstm_frozen,advtrain,template,2026,val+norm,bongo_0191,0,0.000183
bilstm_frozen,advtrain,template,2026,val+norm,bongo_0210,1,0.998888
bilstm_frozen,advtrain,template,2026,val+norm,bongo_0226,1,0.999641
bilstm_frozen,advtrain,template,2026,val+norm,bongo_0228,1,0.999641
bilstm_frozen,advtrain,template,2026,val+norm,bongo_0235,1,0.999641
bilstm_frozen,advtrain,template,2026,val+norm,bongo_0243,1,0.999784
bilstm_frozen,advtrain,template,2026,val+norm,bongo_0247,1,0.999794
bilstm_frozen,advtrain,template,2026,val+norm,bongo_0248,1,0.999839
bilstm_frozen,advtrain,template,2026,val+norm,bongo_0264,0,0.001478
bilstm_frozen,advtrain,template,2026,val+norm,bongo_0275,0,0.000110
bilstm_frozen,advtrain,template,2026,val+norm,bongo_0278,1,0.999791
bilstm_frozen,advtrain,template,2026,val+norm,bongo_0312,1,0.999641
bilstm_frozen,advtrain,template,2026,val+norm,bongo_0315,1,0.999411
bilstm_frozen,advtrain,template,2026,val+norm,bongo_0319,1,0.999902
bilstm_frozen,advtrain,template,2026,val+norm,bongo_0353,1,0.999709
bilstm_frozen,advtrain,template,2026,val+norm,bongo_0370,1,0.999535
bilstm_frozen,advtrain,template,2026,val+norm,bongo_0377,1,0.999481
bilstm_frozen,advtrain,template,2026,val+norm,bongo_0393,0,0.000130
bilstm_frozen,advtrain,template,2026,val+norm,bongo_0403,1,0.999783
bilstm_frozen,advtrain,template,2026,val+norm,bongo_0410,0,0.000034
bilstm_frozen,advtrain,template,2026,val+norm,bongo_0411,0,0.000054
bilstm_frozen,advtrain,template,2026,val+norm,bongo_0426,0,0.000019
bilstm_frozen,advtrain,template,2026,val+norm,bongo_0430,0,0.015366
bilstm_frozen,advtrain,template,2026,val+norm,bongo_0438,1,0.998034
bilstm_frozen,advtrain,template,2026,val+norm,bongo_0451,1,0.999020
bilstm_frozen,advtrain,template,2026,val+norm,bongo_0455,1,0.999075
bilstm_frozen,advtrain,template,2026,val+norm,bongo_0466,1,0.999491
bilstm_frozen,advtrain,template,2026,val+norm,bongo_0495,0,0.003359
bilstm_frozen,advtrain,template,2026,val+norm,bongo_0499,1,0.999689
bilstm_frozen,advtrain,template,2026,val+norm,bongo_0502,1,0.999846
bilstm_frozen,advtrain,template,2026,val+norm,bongo_0548,0,0.000153
bilstm_frozen,advtrain,template,2026,val+norm,bongo_0556,1,0.999844
bilstm_frozen,advtrain,template,2026,val+norm,bongo_0557,1,0.999848
bilstm_frozen,advtrain,template,2026,val+norm,bongo_0561,0,0.004358
bilstm_frozen,advtrain,template,2026,val+norm,bongo_0563,0,0.000048
bilstm_frozen,advtrain,template,2026,val+norm,bongo_0570,1,0.999641
bilstm_frozen,advtrain,template,2026,val+norm,bongo_0581,0,0.000012
bilstm_frozen,advtrain,template,2026,val+norm,bongo_0587,1,0.999848
bilstm_frozen,advtrain,template,2026,val+norm,bongo_0593,0,0.000023
bilstm_frozen,advtrain,template,2026,val+norm,bongo_0607,0,0.000059
bilstm_frozen,advtrain,template,2026,val+norm,bongo_0610,0,0.000011
bilstm_frozen,advtrain,template,2026,val+norm,bongo_0632,1,0.999912
bilstm_frozen,advtrain,template,2026,val+norm,bongo_0634,0,0.000116
bilstm_frozen,advtrain,template,2026,val+norm,bongo_0637,1,0.999596
bilstm_frozen,advtrain,template,2026,val+norm,bongo_0643,0,0.000060
bilstm_frozen,advtrain,template,2026,val+norm,bongo_0666,1,0.999491
bilstm_frozen,advtrain,template,2026,val+norm,bongo_0672,0,0.000333
bilstm_frozen,advtrain,template,2026,val+norm,bongo_0680,1,0.999272
bilstm_frozen,advtrain,template,2026,val+norm,bongo_0681,0,0.000036
bilstm_frozen,advtrain,template,2026,val+norm,bongo_0693,0,0.000987
bilstm_frozen,advtrain,template,2026,val+norm,bongo_0694,0,0.004365
bilstm_frozen,advtrain,template,2026,val+norm,bongo_0698,1,0.999641
bilstm_frozen,advtrain,template,2026,val+norm,bongo_0726,0,0.000183
bilstm_frozen,advtrain,template,2026,val+norm,bongo_0742,0,0.000030
bilstm_frozen,advtrain,template,2026,val+norm,bongo_0752,0,0.000084
bilstm_frozen,advtrain,template,2026,val+norm,bongo_0754,0,0.000007
bilstm_frozen,advtrain,template,2026,val+norm,bongo_0762,1,0.998990
bilstm_frozen,advtrain,template,2026,val+norm,bongo_0764,1,0.999907
bilstm_frozen,advtrain,template,2026,val+norm,bongo_0788,1,0.999785
bilstm_frozen,advtrain,template,2026,val+norm,bongo_0805,0,0.002394
bilstm_frozen,advtrain,template,2026,val+norm,bongo_0809,0,0.004645
bilstm_frozen,advtrain,template,2026,val+norm,bongo_0811,1,0.999661
bilstm_frozen,advtrain,template,2026,val+norm,bongo_0823,1,0.999485
bilstm_frozen,advtrain,template,2026,val+norm,bongo_0827,1,0.999646
bilstm_frozen,advtrain,template,2026,val+norm,bongo_0833,0,0.017834
bilstm_frozen,advtrain,template,2026,val+norm,bongo_0844,1,0.999641
bilstm_frozen,advtrain,template,2026,val+norm,bongo_0869,1,0.999702
bilstm_frozen,advtrain,template,2026,val+norm,bongo_0880,1,0.999783
bilstm_frozen,advtrain,template,2026,val+norm,bongo_0886,1,0.998652
bilstm_frozen,advtrain,template,2026,val+norm,bongo_0911,1,0.999536
bilstm_frozen,advtrain,template,2026,val+norm,bongo_0919,0,0.000072
bilstm_frozen,advtrain,template,2026,val+norm,bongo_0921,1,0.999430
bilstm_frozen,advtrain,template,2026,val+norm,bongo_0922,0,0.000040
bilstm_frozen,advtrain,template,2026,val+norm,bongo_0923,1,0.999496
bilstm_frozen,advtrain,template,2026,val+norm,bongo_0943,1,0.999531
bilstm_frozen,advtrain,template,2026,val+norm,bongo_0948,1,0.999573
bilstm_frozen,advtrain,template,2026,val+norm,bongo_0949,1,0.999074
bilstm_frozen,advtrain,template,2026,val+norm,bongo_0959,1,0.997747
bilstm_frozen,advtrain,template,2026,val+norm,bongo_0961,1,0.999535
bilstm_frozen,advtrain,template,2026,val+norm,bongo_0973,0,0.000037
bilstm_frozen,advtrain,template,2026,val+norm,bongo_0988,0,0.000058
bilstm_frozen,advtrain,template,2026,val+norm,bongo_0992,0,0.006266
bilstm_frozen,advtrain,template,2026,val+norm,bongo_1001,1,0.999588
bilstm_frozen,advtrain,template,2026,val+norm,bongo_1028,1,0.999769
bilstm_frozen,advtrain,template,2026,val+norm,bongo_1039,0,0.000039
bilstm_frozen,advtrain,template,2026,val+norm,bongo_1044,0,0.000021
bilstm_frozen,advtrain,template,2026,val+norm,bongo_1082,0,0.025294
bilstm_frozen,advtrain,template,2026,val+norm,bongo_1086,1,0.999532
bilstm_frozen,advtrain,template,2026,val+norm,bongo_1099,0,0.004202
bilstm_frozen,advtrain,template,2026,val+norm,bongo_1101,1,0.999861
bilstm_frozen,advtrain,template,2026,val+norm,bongo_1108,0,0.000025
bilstm_frozen,advtrain,template,2026,val+norm,bongo_1109,0,0.000053
bilstm_frozen,advtrain,template,2026,val+norm,bongo_1120,0,0.000022
bilstm_frozen,advtrain,template,2026,val+norm,bongo_1124,0,0.000025
bilstm_frozen,advtrain,template,2026,val+norm,bongo_1130,1,0.999913
bilstm_frozen,advtrain,template,2026,val+norm,bongo_1132,1,0.999128
bilstm_frozen,advtrain,template,2026,val+norm,bongo_1137,1,0.999533
bilstm_frozen,advtrain,template,2026,val+norm,bongo_1145,0,0.000109
bilstm_frozen,advtrain,template,2026,val+norm,bongo_1153,0,0.000016
bilstm_frozen,advtrain,template,2026,val+norm,bongo_1161,0,0.000117
bilstm_frozen,advtrain,template,2026,val+norm,bongo_1162,0,0.076189
bilstm_frozen,advtrain,template,2026,val+norm,bongo_1163,1,0.999450
bilstm_frozen,advtrain,template,2026,val+norm,bongo_1166,1,0.999889
bilstm_frozen,advtrain,template,2026,val+norm,bongo_1197,1,0.997619
bilstm_frozen,advtrain,template,2026,val+norm,bongo_1203,1,0.999527
bilstm_frozen,advtrain,template,2026,val+norm,bongo_1212,0,0.000031
bilstm_frozen,advtrain,template,2026,val+norm,bongo_1213,1,0.999504
bilstm_frozen,advtrain,template,2026,val+norm,bongo_1216,0,0.000917
bilstm_frozen,advtrain,template,2026,val+norm,bongo_1224,1,0.993694
bilstm_frozen,advtrain,template,2026,val+norm,bongo_1247,1,0.999495
bilstm_frozen,advtrain,template,2026,val+norm,bongo_1251,1,0.999641
bilstm_frozen,advtrain,template,2026,val+norm,bongo_1257,1,0.999489
bilstm_frozen,advtrain,template,2026,val+norm,bongo_1258,1,0.999641
bilstm_frozen,advtrain,template,2026,val+norm,bongo_1265,0,0.000056
bilstm_frozen,advtrain,template,2026,val+norm,bongo_1272,0,0.000187
bilstm_frozen,advtrain,template,2026,val+norm,bongo_1275,0,0.000016
bilstm_frozen,advtrain,template,2026,val+norm,bongo_1296,0,0.000035
bilstm_frozen,advtrain,template,2026,val+norm,bongo_1299,1,0.999128
bilstm_frozen,advtrain,template,2026,val+norm,bongo_1307,1,0.999853
bilstm_frozen,advtrain,template,2026,val+norm,bongo_1328,0,0.000040
bilstm_frozen,advtrain,template,2026,val+norm,bongo_1335,0,0.044539
bilstm_frozen,advtrain,template,2026,val+norm,bongo_1341,0,0.000164
bilstm_frozen,advtrain,template,2026,val+norm,bongo_1349,0,0.000054
bilstm_frozen,advtrain,template,2026,val+norm,bongo_1360,0,0.000023
bilstm_frozen,advtrain,template,2026,test+norm,bongo_0025,1,0.999774
bilstm_frozen,advtrain,template,2026,test+norm,bongo_0029,0,0.046893
bilstm_frozen,advtrain,template,2026,test+norm,bongo_0039,1,0.999784
bilstm_frozen,advtrain,template,2026,test+norm,bongo_0047,1,0.999733
bilstm_frozen,advtrain,template,2026,test+norm,bongo_0053,0,0.000034
bilstm_frozen,advtrain,template,2026,test+norm,bongo_0055,1,0.236630
bilstm_frozen,advtrain,template,2026,test+norm,bongo_0061,1,0.999819
bilstm_frozen,advtrain,template,2026,test+norm,bongo_0097,0,0.000570
bilstm_frozen,advtrain,template,2026,test+norm,bongo_0107,0,0.000012
bilstm_frozen,advtrain,template,2026,test+norm,bongo_0110,0,0.000008
bilstm_frozen,advtrain,template,2026,test+norm,bongo_0112,1,0.274896
bilstm_frozen,advtrain,template,2026,test+norm,bongo_0115,0,0.000156
bilstm_frozen,advtrain,template,2026,test+norm,bongo_0143,0,0.000018
bilstm_frozen,advtrain,template,2026,test+norm,bongo_0146,1,0.999506
bilstm_frozen,advtrain,template,2026,test+norm,bongo_0154,1,0.999538
bilstm_frozen,advtrain,template,2026,test+norm,bongo_0159,1,0.235829
bilstm_frozen,advtrain,template,2026,test+norm,bongo_0160,0,0.000046
bilstm_frozen,advtrain,template,2026,test+norm,bongo_0172,0,0.089296
bilstm_frozen,advtrain,template,2026,test+norm,bongo_0173,1,0.065709
bilstm_frozen,advtrain,template,2026,test+norm,bongo_0175,0,0.000019
bilstm_frozen,advtrain,template,2026,test+norm,bongo_0182,0,0.000006
bilstm_frozen,advtrain,template,2026,test+norm,bongo_0195,1,0.998007
bilstm_frozen,advtrain,template,2026,test+norm,bongo_0197,0,0.000030
bilstm_frozen,advtrain,template,2026,test+norm,bongo_0201,1,0.999905
bilstm_frozen,advtrain,template,2026,test+norm,bongo_0203,1,0.999729
bilstm_frozen,advtrain,template,2026,test+norm,bongo_0250,1,0.235829
bilstm_frozen,advtrain,template,2026,test+norm,bongo_0253,0,0.000562
bilstm_frozen,advtrain,template,2026,test+norm,bongo_0255,1,0.192605
bilstm_frozen,advtrain,template,2026,test+norm,bongo_0265,1,0.048937
bilstm_frozen,advtrain,template,2026,test+norm,bongo_0271,0,0.000027
bilstm_frozen,advtrain,template,2026,test+norm,bongo_0300,0,0.000041
bilstm_frozen,advtrain,template,2026,test+norm,bongo_0306,0,0.000122
bilstm_frozen,advtrain,template,2026,test+norm,bongo_0356,1,0.275301
bilstm_frozen,advtrain,template,2026,test+norm,bongo_0360,1,0.999492
bilstm_frozen,advtrain,template,2026,test+norm,bongo_0361,1,0.999727
bilstm_frozen,advtrain,template,2026,test+norm,bongo_0363,0,0.000042
bilstm_frozen,advtrain,template,2026,test+norm,bongo_0368,0,0.001001
bilstm_frozen,advtrain,template,2026,test+norm,bongo_0372,0,0.000109
bilstm_frozen,advtrain,template,2026,test+norm,bongo_0380,1,0.192954
bilstm_frozen,advtrain,template,2026,test+norm,bongo_0389,0,0.000025
bilstm_frozen,advtrain,template,2026,test+norm,bongo_0395,0,0.000787
bilstm_frozen,advtrain,template,2026,test+norm,bongo_0405,1,0.999061
bilstm_frozen,advtrain,template,2026,test+norm,bongo_0424,1,0.999892
bilstm_frozen,advtrain,template,2026,test+norm,bongo_0427,0,0.000401
bilstm_frozen,advtrain,template,2026,test+norm,bongo_0434,1,0.236630
bilstm_frozen,advtrain,template,2026,test+norm,bongo_0463,0,0.007451
bilstm_frozen,advtrain,template,2026,test+norm,bongo_0476,1,0.998456
bilstm_frozen,advtrain,template,2026,test+norm,bongo_0510,1,0.999403
bilstm_frozen,advtrain,template,2026,test+norm,bongo_0531,0,0.000234
bilstm_frozen,advtrain,template,2026,test+norm,bongo_0542,0,0.000018
bilstm_frozen,advtrain,template,2026,test+norm,bongo_0545,0,0.000024
bilstm_frozen,advtrain,template,2026,test+norm,bongo_0560,1,0.999326
bilstm_frozen,advtrain,template,2026,test+norm,bongo_0565,1,0.204310
bilstm_frozen,advtrain,template,2026,test+norm,bongo_0566,1,0.999801
bilstm_frozen,advtrain,template,2026,test+norm,bongo_0571,0,0.000019
bilstm_frozen,advtrain,template,2026,test+norm,bongo_0577,1,0.999025
bilstm_frozen,advtrain,template,2026,test+norm,bongo_0580,1,0.997913
bilstm_frozen,advtrain,template,2026,test+norm,bongo_0621,1,0.998810
bilstm_frozen,advtrain,template,2026,test+norm,bongo_0624,1,0.999687
bilstm_frozen,advtrain,template,2026,test+norm,bongo_0630,0,0.000400
bilstm_frozen,advtrain,template,2026,test+norm,bongo_0638,1,0.999711
bilstm_frozen,advtrain,template,2026,test+norm,bongo_0648,0,0.040359
bilstm_frozen,advtrain,template,2026,test+norm,bongo_0674,0,0.000016
bilstm_frozen,advtrain,template,2026,test+norm,bongo_0685,0,0.039352
bilstm_frozen,advtrain,template,2026,test+norm,bongo_0697,1,0.204310
bilstm_frozen,advtrain,template,2026,test+norm,bongo_0701,0,0.000031
bilstm_frozen,advtrain,template,2026,test+norm,bongo_0706,1,0.276646
bilstm_frozen,advtrain,template,2026,test+norm,bongo_0719,1,0.193031
bilstm_frozen,advtrain,template,2026,test+norm,bongo_0721,1,0.999239
bilstm_frozen,advtrain,template,2026,test+norm,bongo_0724,1,0.203970
bilstm_frozen,advtrain,template,2026,test+norm,bongo_0729,1,0.997676
bilstm_frozen,advtrain,template,2026,test+norm,bongo_0741,0,0.000021
bilstm_frozen,advtrain,template,2026,test+norm,bongo_0749,1,0.259458
bilstm_frozen,advtrain,template,2026,test+norm,bongo_0769,1,0.998767
bilstm_frozen,advtrain,template,2026,test+norm,bongo_0770,1,0.236630
bilstm_frozen,advtrain,template,2026,test+norm,bongo_0778,1,0.260951
bilstm_frozen,advtrain,template,2026,test+norm,bongo_0787,1,0.999492
bilstm_frozen,advtrain,template,2026,test+norm,bongo_0795,0,0.000320
bilstm_frozen,advtrain,template,2026,test+norm,bongo_0806,1,0.203970
bilstm_frozen,advtrain,template,2026,test+norm,bongo_0807,1,0.999304
bilstm_frozen,advtrain,template,2026,test+norm,bongo_0818,0,0.010798
bilstm_frozen,advtrain,template,2026,test+norm,bongo_0819,0,0.000204
bilstm_frozen,advtrain,template,2026,test+norm,bongo_0835,0,0.000019
bilstm_frozen,advtrain,template,2026,test+norm,bongo_0840,1,0.999491
bilstm_frozen,advtrain,template,2026,test+norm,bongo_0855,1,0.204424
bilstm_frozen,advtrain,template,2026,test+norm,bongo_0856,0,0.000092
bilstm_frozen,advtrain,template,2026,test+norm,bongo_0864,1,0.999783
bilstm_frozen,advtrain,template,2026,test+norm,bongo_0871,1,0.999693
bilstm_frozen,advtrain,template,2026,test+norm,bongo_0872,0,0.005578
bilstm_frozen,advtrain,template,2026,test+norm,bongo_0904,0,0.000395
bilstm_frozen,advtrain,template,2026,test+norm,bongo_0905,1,0.999791
bilstm_frozen,advtrain,template,2026,test+norm,bongo_0909,1,0.998986
bilstm_frozen,advtrain,template,2026,test+norm,bongo_0917,1,0.235265
bilstm_frozen,advtrain,template,2026,test+norm,bongo_0918,1,0.999297
bilstm_frozen,advtrain,template,2026,test+norm,bongo_0950,0,0.000038
bilstm_frozen,advtrain,template,2026,test+norm,bongo_0955,1,0.999899
bilstm_frozen,advtrain,template,2026,test+norm,bongo_0956,0,0.000019
bilstm_frozen,advtrain,template,2026,test+norm,bongo_0971,0,0.000023
bilstm_frozen,advtrain,template,2026,test+norm,bongo_0983,0,0.000225
bilstm_frozen,advtrain,template,2026,test+norm,bongo_0989,1,0.999693
bilstm_frozen,advtrain,template,2026,test+norm,bongo_0994,0,0.000564
bilstm_frozen,advtrain,template,2026,test+norm,bongo_1003,1,0.999199
bilstm_frozen,advtrain,template,2026,test+norm,bongo_1006,0,0.000057
bilstm_frozen,advtrain,template,2026,test+norm,bongo_1012,1,0.259698
bilstm_frozen,advtrain,template,2026,test+norm,bongo_1015,0,0.000017
bilstm_frozen,advtrain,template,2026,test+norm,bongo_1022,1,0.193709
bilstm_frozen,advtrain,template,2026,test+norm,bongo_1037,0,0.000065
bilstm_frozen,advtrain,template,2026,test+norm,bongo_1040,0,0.000033
bilstm_frozen,advtrain,template,2026,test+norm,bongo_1042,1,0.999497
bilstm_frozen,advtrain,template,2026,test+norm,bongo_1047,1,0.999785
bilstm_frozen,advtrain,template,2026,test+norm,bongo_1050,0,0.000020
bilstm_frozen,advtrain,template,2026,test+norm,bongo_1052,1,0.999460
bilstm_frozen,advtrain,template,2026,test+norm,bongo_1059,0,0.000011
bilstm_frozen,advtrain,template,2026,test+norm,bongo_1071,0,0.000055
bilstm_frozen,advtrain,template,2026,test+norm,bongo_1090,0,0.000014
bilstm_frozen,advtrain,template,2026,test+norm,bongo_1104,1,0.999893
bilstm_frozen,advtrain,template,2026,test+norm,bongo_1115,0,0.000009
bilstm_frozen,advtrain,template,2026,test+norm,bongo_1123,0,0.000078
bilstm_frozen,advtrain,template,2026,test+norm,bongo_1125,0,0.017005
bilstm_frozen,advtrain,template,2026,test+norm,bongo_1127,1,0.124918
bilstm_frozen,advtrain,template,2026,test+norm,bongo_1131,1,0.999834
bilstm_frozen,advtrain,template,2026,test+norm,bongo_1134,1,0.273894
bilstm_frozen,advtrain,template,2026,test+norm,bongo_1135,0,0.000701
bilstm_frozen,advtrain,template,2026,test+norm,bongo_1136,1,0.999408
bilstm_frozen,advtrain,template,2026,test+norm,bongo_1138,1,0.999784
bilstm_frozen,advtrain,template,2026,test+norm,bongo_1140,1,0.999128
bilstm_frozen,advtrain,template,2026,test+norm,bongo_1154,1,0.999550
bilstm_frozen,advtrain,template,2026,test+norm,bongo_1155,0,0.000022
bilstm_frozen,advtrain,template,2026,test+norm,bongo_1171,1,0.999893
bilstm_frozen,advtrain,template,2026,test+norm,bongo_1181,1,0.998905
bilstm_frozen,advtrain,template,2026,test+norm,bongo_1185,1,0.192539
bilstm_frozen,advtrain,template,2026,test+norm,bongo_1194,0,0.001805
bilstm_frozen,advtrain,template,2026,test+norm,bongo_1195,1,0.205070
bilstm_frozen,advtrain,template,2026,test+norm,bongo_1198,0,0.000271
bilstm_frozen,advtrain,template,2026,test+norm,bongo_1204,1,0.235708
bilstm_frozen,advtrain,template,2026,test+norm,bongo_1220,1,0.999790
bilstm_frozen,advtrain,template,2026,test+norm,bongo_1233,1,0.999806
bilstm_frozen,advtrain,template,2026,test+norm,bongo_1236,0,0.000351
bilstm_frozen,advtrain,template,2026,test+norm,bongo_1240,1,0.192605
bilstm_frozen,advtrain,template,2026,test+norm,bongo_1244,0,0.000030
bilstm_frozen,advtrain,template,2026,test+norm,bongo_1249,0,0.000006
bilstm_frozen,advtrain,template,2026,test+norm,bongo_1253,0,0.016226
bilstm_frozen,advtrain,template,2026,test+norm,bongo_1260,0,0.000035
bilstm_frozen,advtrain,template,2026,test+norm,bongo_1262,0,0.015306
bilstm_frozen,advtrain,template,2026,test+norm,bongo_1278,1,0.258615
bilstm_frozen,advtrain,template,2026,test+norm,bongo_1285,0,0.000022
bilstm_frozen,advtrain,template,2026,test+norm,bongo_1293,1,0.999435
bilstm_frozen,advtrain,template,2026,test+norm,bongo_1316,0,0.000149
bilstm_frozen,advtrain,template,2026,test+norm,bongo_1327,1,0.235186
bilstm_frozen,advtrain,template,2026,test+norm,bongo_1330,0,0.049167
bilstm_frozen,advtrain,template,2026,test+norm,bongo_1359,0,0.000247
bilstm_frozen,advtrain,template,2026,test+norm,bongo_1375,0,0.000046
bilstm_frozen,advtrain,template,2026,test_lookalike_1+norm,bongo_0025,1,0.999774
bilstm_frozen,advtrain,template,2026,test_lookalike_1+norm,bongo_0029,0,0.046893
bilstm_frozen,advtrain,template,2026,test_lookalike_1+norm,bongo_0039,1,0.999784
bilstm_frozen,advtrain,template,2026,test_lookalike_1+norm,bongo_0047,1,0.999733
bilstm_frozen,advtrain,template,2026,test_lookalike_1+norm,bongo_0053,0,0.000034
bilstm_frozen,advtrain,template,2026,test_lookalike_1+norm,bongo_0055,1,0.236630
bilstm_frozen,advtrain,template,2026,test_lookalike_1+norm,bongo_0061,1,0.999819
bilstm_frozen,advtrain,template,2026,test_lookalike_1+norm,bongo_0097,0,0.000570
bilstm_frozen,advtrain,template,2026,test_lookalike_1+norm,bongo_0107,0,0.000012
bilstm_frozen,advtrain,template,2026,test_lookalike_1+norm,bongo_0110,0,0.000008
bilstm_frozen,advtrain,template,2026,test_lookalike_1+norm,bongo_0112,1,0.274896
bilstm_frozen,advtrain,template,2026,test_lookalike_1+norm,bongo_0115,0,0.000156
bilstm_frozen,advtrain,template,2026,test_lookalike_1+norm,bongo_0143,0,0.000018
bilstm_frozen,advtrain,template,2026,test_lookalike_1+norm,bongo_0146,1,0.999506
bilstm_frozen,advtrain,template,2026,test_lookalike_1+norm,bongo_0154,1,0.999538
bilstm_frozen,advtrain,template,2026,test_lookalike_1+norm,bongo_0159,1,0.235829
bilstm_frozen,advtrain,template,2026,test_lookalike_1+norm,bongo_0160,0,0.000046
bilstm_frozen,advtrain,template,2026,test_lookalike_1+norm,bongo_0172,0,0.089296
bilstm_frozen,advtrain,template,2026,test_lookalike_1+norm,bongo_0173,1,0.065709
bilstm_frozen,advtrain,template,2026,test_lookalike_1+norm,bongo_0175,0,0.000019
bilstm_frozen,advtrain,template,2026,test_lookalike_1+norm,bongo_0182,0,0.000006
bilstm_frozen,advtrain,template,2026,test_lookalike_1+norm,bongo_0195,1,0.998007
bilstm_frozen,advtrain,template,2026,test_lookalike_1+norm,bongo_0197,0,0.000030
bilstm_frozen,advtrain,template,2026,test_lookalike_1+norm,bongo_0201,1,0.999905
bilstm_frozen,advtrain,template,2026,test_lookalike_1+norm,bongo_0203,1,0.999729
bilstm_frozen,advtrain,template,2026,test_lookalike_1+norm,bongo_0250,1,0.235829
bilstm_frozen,advtrain,template,2026,test_lookalike_1+norm,bongo_0253,0,0.000562
bilstm_frozen,advtrain,template,2026,test_lookalike_1+norm,bongo_0255,1,0.192605
bilstm_frozen,advtrain,template,2026,test_lookalike_1+norm,bongo_0265,1,0.048937
bilstm_frozen,advtrain,template,2026,test_lookalike_1+norm,bongo_0271,0,0.000027
bilstm_frozen,advtrain,template,2026,test_lookalike_1+norm,bongo_0300,0,0.000041
bilstm_frozen,advtrain,template,2026,test_lookalike_1+norm,bongo_0306,0,0.000122
bilstm_frozen,advtrain,template,2026,test_lookalike_1+norm,bongo_0356,1,0.275301
bilstm_frozen,advtrain,template,2026,test_lookalike_1+norm,bongo_0360,1,0.999492
bilstm_frozen,advtrain,template,2026,test_lookalike_1+norm,bongo_0361,1,0.999727
bilstm_frozen,advtrain,template,2026,test_lookalike_1+norm,bongo_0363,0,0.000042
bilstm_frozen,advtrain,template,2026,test_lookalike_1+norm,bongo_0368,0,0.001001
bilstm_frozen,advtrain,template,2026,test_lookalike_1+norm,bongo_0372,0,0.000109
bilstm_frozen,advtrain,template,2026,test_lookalike_1+norm,bongo_0380,1,0.192954
bilstm_frozen,advtrain,template,2026,test_lookalike_1+norm,bongo_0389,0,0.000025
bilstm_frozen,advtrain,template,2026,test_lookalike_1+norm,bongo_0395,0,0.000787
bilstm_frozen,advtrain,template,2026,test_lookalike_1+norm,bongo_0405,1,0.999061
bilstm_frozen,advtrain,template,2026,test_lookalike_1+norm,bongo_0424,1,0.999892
bilstm_frozen,advtrain,template,2026,test_lookalike_1+norm,bongo_0427,0,0.000401
bilstm_frozen,advtrain,template,2026,test_lookalike_1+norm,bongo_0434,1,0.236630
bilstm_frozen,advtrain,template,2026,test_lookalike_1+norm,bongo_0463,0,0.007451
bilstm_frozen,advtrain,template,2026,test_lookalike_1+norm,bongo_0476,1,0.998456
bilstm_frozen,advtrain,template,2026,test_lookalike_1+norm,bongo_0510,1,0.999403
bilstm_frozen,advtrain,template,2026,test_lookalike_1+norm,bongo_0531,0,0.000234
bilstm_frozen,advtrain,template,2026,test_lookalike_1+norm,bongo_0542,0,0.000018
bilstm_frozen,advtrain,template,2026,test_lookalike_1+norm,bongo_0545,0,0.000024
bilstm_frozen,advtrain,template,2026,test_lookalike_1+norm,bongo_0560,1,0.999326
bilstm_frozen,advtrain,template,2026,test_lookalike_1+norm,bongo_0565,1,0.204310
bilstm_frozen,advtrain,template,2026,test_lookalike_1+norm,bongo_0566,1,0.999801
bilstm_frozen,advtrain,template,2026,test_lookalike_1+norm,bongo_0571,0,0.000019
bilstm_frozen,advtrain,template,2026,test_lookalike_1+norm,bongo_0577,1,0.999025
bilstm_frozen,advtrain,template,2026,test_lookalike_1+norm,bongo_0580,1,0.997913
bilstm_frozen,advtrain,template,2026,test_lookalike_1+norm,bongo_0621,1,0.998810
bilstm_frozen,advtrain,template,2026,test_lookalike_1+norm,bongo_0624,1,0.999687
bilstm_frozen,advtrain,template,2026,test_lookalike_1+norm,bongo_0630,0,0.000400
bilstm_frozen,advtrain,template,2026,test_lookalike_1+norm,bongo_0638,1,0.999711
bilstm_frozen,advtrain,template,2026,test_lookalike_1+norm,bongo_0648,0,0.040359
bilstm_frozen,advtrain,template,2026,test_lookalike_1+norm,bongo_0674,0,0.000016
bilstm_frozen,advtrain,template,2026,test_lookalike_1+norm,bongo_0685,0,0.039352
bilstm_frozen,advtrain,template,2026,test_lookalike_1+norm,bongo_0697,1,0.204310
bilstm_frozen,advtrain,template,2026,test_lookalike_1+norm,bongo_0701,0,0.000031
bilstm_frozen,advtrain,template,2026,test_lookalike_1+norm,bongo_0706,1,0.276646
bilstm_frozen,advtrain,template,2026,test_lookalike_1+norm,bongo_0719,1,0.193031
bilstm_frozen,advtrain,template,2026,test_lookalike_1+norm,bongo_0721,1,0.998648
bilstm_frozen,advtrain,template,2026,test_lookalike_1+norm,bongo_0724,1,0.203970
bilstm_frozen,advtrain,template,2026,test_lookalike_1+norm,bongo_0729,1,0.997676
bilstm_frozen,advtrain,template,2026,test_lookalike_1+norm,bongo_0741,0,0.000021
bilstm_frozen,advtrain,template,2026,test_lookalike_1+norm,bongo_0749,1,0.259458
bilstm_frozen,advtrain,template,2026,test_lookalike_1+norm,bongo_0769,1,0.998767
bilstm_frozen,advtrain,template,2026,test_lookalike_1+norm,bongo_0770,1,0.236630
bilstm_frozen,advtrain,template,2026,test_lookalike_1+norm,bongo_0778,1,0.260951
bilstm_frozen,advtrain,template,2026,test_lookalike_1+norm,bongo_0787,1,0.999492
bilstm_frozen,advtrain,template,2026,test_lookalike_1+norm,bongo_0795,0,0.000320
bilstm_frozen,advtrain,template,2026,test_lookalike_1+norm,bongo_0806,1,0.203970
bilstm_frozen,advtrain,template,2026,test_lookalike_1+norm,bongo_0807,1,0.999304
bilstm_frozen,advtrain,template,2026,test_lookalike_1+norm,bongo_0818,0,0.010798
bilstm_frozen,advtrain,template,2026,test_lookalike_1+norm,bongo_0819,0,0.000204
bilstm_frozen,advtrain,template,2026,test_lookalike_1+norm,bongo_0835,0,0.000019
bilstm_frozen,advtrain,template,2026,test_lookalike_1+norm,bongo_0840,1,0.999491
bilstm_frozen,advtrain,template,2026,test_lookalike_1+norm,bongo_0855,1,0.204424
bilstm_frozen,advtrain,template,2026,test_lookalike_1+norm,bongo_0856,0,0.000092
bilstm_frozen,advtrain,template,2026,test_lookalike_1+norm,bongo_0864,1,0.999783
bilstm_frozen,advtrain,template,2026,test_lookalike_1+norm,bongo_0871,1,0.999693
bilstm_frozen,advtrain,template,2026,test_lookalike_1+norm,bongo_0872,0,0.005578
bilstm_frozen,advtrain,template,2026,test_lookalike_1+norm,bongo_0904,0,0.000395
bilstm_frozen,advtrain,template,2026,test_lookalike_1+norm,bongo_0905,1,0.999791
bilstm_frozen,advtrain,template,2026,test_lookalike_1+norm,bongo_0909,1,0.998986
bilstm_frozen,advtrain,template,2026,test_lookalike_1+norm,bongo_0917,1,0.235265
bilstm_frozen,advtrain,template,2026,test_lookalike_1+norm,bongo_0918,1,0.999297
bilstm_frozen,advtrain,template,2026,test_lookalike_1+norm,bongo_0950,0,0.000038
bilstm_frozen,advtrain,template,2026,test_lookalike_1+norm,bongo_0955,1,0.999899
bilstm_frozen,advtrain,template,2026,test_lookalike_1+norm,bongo_0956,0,0.000019
bilstm_frozen,advtrain,template,2026,test_lookalike_1+norm,bongo_0971,0,0.000023
bilstm_frozen,advtrain,template,2026,test_lookalike_1+norm,bongo_0983,0,0.000225
bilstm_frozen,advtrain,template,2026,test_lookalike_1+norm,bongo_0989,1,0.999693
bilstm_frozen,advtrain,template,2026,test_lookalike_1+norm,bongo_0994,0,0.000564
bilstm_frozen,advtrain,template,2026,test_lookalike_1+norm,bongo_1003,1,0.999199
bilstm_frozen,advtrain,template,2026,test_lookalike_1+norm,bongo_1006,0,0.000057
bilstm_frozen,advtrain,template,2026,test_lookalike_1+norm,bongo_1012,1,0.259698
bilstm_frozen,advtrain,template,2026,test_lookalike_1+norm,bongo_1015,0,0.000017
bilstm_frozen,advtrain,template,2026,test_lookalike_1+norm,bongo_1022,1,0.193709
bilstm_frozen,advtrain,template,2026,test_lookalike_1+norm,bongo_1037,0,0.000065
bilstm_frozen,advtrain,template,2026,test_lookalike_1+norm,bongo_1040,0,0.000033
bilstm_frozen,advtrain,template,2026,test_lookalike_1+norm,bongo_1042,1,0.999497
bilstm_frozen,advtrain,template,2026,test_lookalike_1+norm,bongo_1047,1,0.999785
bilstm_frozen,advtrain,template,2026,test_lookalike_1+norm,bongo_1050,0,0.000020
bilstm_frozen,advtrain,template,2026,test_lookalike_1+norm,bongo_1052,1,0.999460
bilstm_frozen,advtrain,template,2026,test_lookalike_1+norm,bongo_1059,0,0.000011
bilstm_frozen,advtrain,template,2026,test_lookalike_1+norm,bongo_1071,0,0.000055
bilstm_frozen,advtrain,template,2026,test_lookalike_1+norm,bongo_1090,0,0.000014
bilstm_frozen,advtrain,template,2026,test_lookalike_1+norm,bongo_1104,1,0.999893
bilstm_frozen,advtrain,template,2026,test_lookalike_1+norm,bongo_1115,0,0.000009
bilstm_frozen,advtrain,template,2026,test_lookalike_1+norm,bongo_1123,0,0.000078
bilstm_frozen,advtrain,template,2026,test_lookalike_1+norm,bongo_1125,0,0.017005
bilstm_frozen,advtrain,template,2026,test_lookalike_1+norm,bongo_1127,1,0.124918
bilstm_frozen,advtrain,template,2026,test_lookalike_1+norm,bongo_1131,1,0.999834
bilstm_frozen,advtrain,template,2026,test_lookalike_1+norm,bongo_1134,1,0.273894
bilstm_frozen,advtrain,template,2026,test_lookalike_1+norm,bongo_1135,0,0.000701
bilstm_frozen,advtrain,template,2026,test_lookalike_1+norm,bongo_1136,1,0.999408
bilstm_frozen,advtrain,template,2026,test_lookalike_1+norm,bongo_1138,1,0.999784
bilstm_frozen,advtrain,template,2026,test_lookalike_1+norm,bongo_1140,1,0.999128
bilstm_frozen,advtrain,template,2026,test_lookalike_1+norm,bongo_1154,1,0.999550
bilstm_frozen,advtrain,template,2026,test_lookalike_1+norm,bongo_1155,0,0.000022
bilstm_frozen,advtrain,template,2026,test_lookalike_1+norm,bongo_1171,1,0.999893
bilstm_frozen,advtrain,template,2026,test_lookalike_1+norm,bongo_1181,1,0.998905
bilstm_frozen,advtrain,template,2026,test_lookalike_1+norm,bongo_1185,1,0.192539
bilstm_frozen,advtrain,template,2026,test_lookalike_1+norm,bongo_1194,0,0.001805
bilstm_frozen,advtrain,template,2026,test_lookalike_1+norm,bongo_1195,1,0.205070
bilstm_frozen,advtrain,template,2026,test_lookalike_1+norm,bongo_1198,0,0.000271
bilstm_frozen,advtrain,template,2026,test_lookalike_1+norm,bongo_1204,1,0.235708
bilstm_frozen,advtrain,template,2026,test_lookalike_1+norm,bongo_1220,1,0.999775
bilstm_frozen,advtrain,template,2026,test_lookalike_1+norm,bongo_1233,1,0.999806
bilstm_frozen,advtrain,template,2026,test_lookalike_1+norm,bongo_1236,0,0.000351
bilstm_frozen,advtrain,template,2026,test_lookalike_1+norm,bongo_1240,1,0.192605
bilstm_frozen,advtrain,template,2026,test_lookalike_1+norm,bongo_1244,0,0.000030
bilstm_frozen,advtrain,template,2026,test_lookalike_1+norm,bongo_1249,0,0.000006
bilstm_frozen,advtrain,template,2026,test_lookalike_1+norm,bongo_1253,0,0.016226
bilstm_frozen,advtrain,template,2026,test_lookalike_1+norm,bongo_1260,0,0.000035
bilstm_frozen,advtrain,template,2026,test_lookalike_1+norm,bongo_1262,0,0.015306
bilstm_frozen,advtrain,template,2026,test_lookalike_1+norm,bongo_1278,1,0.258615
bilstm_frozen,advtrain,template,2026,test_lookalike_1+norm,bongo_1285,0,0.000022
bilstm_frozen,advtrain,template,2026,test_lookalike_1+norm,bongo_1293,1,0.999435
bilstm_frozen,advtrain,template,2026,test_lookalike_1+norm,bongo_1316,0,0.000149
bilstm_frozen,advtrain,template,2026,test_lookalike_1+norm,bongo_1327,1,0.235186
bilstm_frozen,advtrain,template,2026,test_lookalike_1+norm,bongo_1330,0,0.049167
bilstm_frozen,advtrain,template,2026,test_lookalike_1+norm,bongo_1359,0,0.000247
bilstm_frozen,advtrain,template,2026,test_lookalike_1+norm,bongo_1375,0,0.000046
bilstm_frozen,advtrain,template,2026,test_lookalike_3+norm,bongo_0025,1,0.999774
bilstm_frozen,advtrain,template,2026,test_lookalike_3+norm,bongo_0029,0,0.046893
bilstm_frozen,advtrain,template,2026,test_lookalike_3+norm,bongo_0039,1,0.999784
bilstm_frozen,advtrain,template,2026,test_lookalike_3+norm,bongo_0047,1,0.999733
bilstm_frozen,advtrain,template,2026,test_lookalike_3+norm,bongo_0053,0,0.000034
bilstm_frozen,advtrain,template,2026,test_lookalike_3+norm,bongo_0055,1,0.236630
bilstm_frozen,advtrain,template,2026,test_lookalike_3+norm,bongo_0061,1,0.999819
bilstm_frozen,advtrain,template,2026,test_lookalike_3+norm,bongo_0097,0,0.000570
bilstm_frozen,advtrain,template,2026,test_lookalike_3+norm,bongo_0107,0,0.000012
bilstm_frozen,advtrain,template,2026,test_lookalike_3+norm,bongo_0110,0,0.000008
bilstm_frozen,advtrain,template,2026,test_lookalike_3+norm,bongo_0112,1,0.274896
bilstm_frozen,advtrain,template,2026,test_lookalike_3+norm,bongo_0115,0,0.000156
bilstm_frozen,advtrain,template,2026,test_lookalike_3+norm,bongo_0143,0,0.000018
bilstm_frozen,advtrain,template,2026,test_lookalike_3+norm,bongo_0146,1,0.999506
bilstm_frozen,advtrain,template,2026,test_lookalike_3+norm,bongo_0154,1,0.999538
bilstm_frozen,advtrain,template,2026,test_lookalike_3+norm,bongo_0159,1,0.235829
bilstm_frozen,advtrain,template,2026,test_lookalike_3+norm,bongo_0160,0,0.000046
bilstm_frozen,advtrain,template,2026,test_lookalike_3+norm,bongo_0172,0,0.089296
bilstm_frozen,advtrain,template,2026,test_lookalike_3+norm,bongo_0173,1,0.065709
bilstm_frozen,advtrain,template,2026,test_lookalike_3+norm,bongo_0175,0,0.000019
bilstm_frozen,advtrain,template,2026,test_lookalike_3+norm,bongo_0182,0,0.000006
bilstm_frozen,advtrain,template,2026,test_lookalike_3+norm,bongo_0195,1,0.998007
bilstm_frozen,advtrain,template,2026,test_lookalike_3+norm,bongo_0197,0,0.000030
bilstm_frozen,advtrain,template,2026,test_lookalike_3+norm,bongo_0201,1,0.999905
bilstm_frozen,advtrain,template,2026,test_lookalike_3+norm,bongo_0203,1,0.999729
bilstm_frozen,advtrain,template,2026,test_lookalike_3+norm,bongo_0250,1,0.235829
bilstm_frozen,advtrain,template,2026,test_lookalike_3+norm,bongo_0253,0,0.000562
bilstm_frozen,advtrain,template,2026,test_lookalike_3+norm,bongo_0255,1,0.192605
bilstm_frozen,advtrain,template,2026,test_lookalike_3+norm,bongo_0265,1,0.048937
bilstm_frozen,advtrain,template,2026,test_lookalike_3+norm,bongo_0271,0,0.000027
bilstm_frozen,advtrain,template,2026,test_lookalike_3+norm,bongo_0300,0,0.000041
bilstm_frozen,advtrain,template,2026,test_lookalike_3+norm,bongo_0306,0,0.000122
bilstm_frozen,advtrain,template,2026,test_lookalike_3+norm,bongo_0356,1,0.275301
bilstm_frozen,advtrain,template,2026,test_lookalike_3+norm,bongo_0360,1,0.999492
bilstm_frozen,advtrain,template,2026,test_lookalike_3+norm,bongo_0361,1,0.999727
bilstm_frozen,advtrain,template,2026,test_lookalike_3+norm,bongo_0363,0,0.000042
bilstm_frozen,advtrain,template,2026,test_lookalike_3+norm,bongo_0368,0,0.001001
bilstm_frozen,advtrain,template,2026,test_lookalike_3+norm,bongo_0372,0,0.000109
bilstm_frozen,advtrain,template,2026,test_lookalike_3+norm,bongo_0380,1,0.192954
bilstm_frozen,advtrain,template,2026,test_lookalike_3+norm,bongo_0389,0,0.000025
bilstm_frozen,advtrain,template,2026,test_lookalike_3+norm,bongo_0395,0,0.000787
bilstm_frozen,advtrain,template,2026,test_lookalike_3+norm,bongo_0405,1,0.999061
bilstm_frozen,advtrain,template,2026,test_lookalike_3+norm,bongo_0424,1,0.999892
bilstm_frozen,advtrain,template,2026,test_lookalike_3+norm,bongo_0427,0,0.000401
bilstm_frozen,advtrain,template,2026,test_lookalike_3+norm,bongo_0434,1,0.236630
bilstm_frozen,advtrain,template,2026,test_lookalike_3+norm,bongo_0463,0,0.007451
bilstm_frozen,advtrain,template,2026,test_lookalike_3+norm,bongo_0476,1,0.998456
bilstm_frozen,advtrain,template,2026,test_lookalike_3+norm,bongo_0510,1,0.999403
bilstm_frozen,advtrain,template,2026,test_lookalike_3+norm,bongo_0531,0,0.000234
bilstm_frozen,advtrain,template,2026,test_lookalike_3+norm,bongo_0542,0,0.000018
bilstm_frozen,advtrain,template,2026,test_lookalike_3+norm,bongo_0545,0,0.000024
bilstm_frozen,advtrain,template,2026,test_lookalike_3+norm,bongo_0560,1,0.999326
bilstm_frozen,advtrain,template,2026,test_lookalike_3+norm,bongo_0565,1,0.204310
bilstm_frozen,advtrain,template,2026,test_lookalike_3+norm,bongo_0566,1,0.999801
bilstm_frozen,advtrain,template,2026,test_lookalike_3+norm,bongo_0571,0,0.000019
bilstm_frozen,advtrain,template,2026,test_lookalike_3+norm,bongo_0577,1,0.999025
bilstm_frozen,advtrain,template,2026,test_lookalike_3+norm,bongo_0580,1,0.997913
bilstm_frozen,advtrain,template,2026,test_lookalike_3+norm,bongo_0621,1,0.998810
bilstm_frozen,advtrain,template,2026,test_lookalike_3+norm,bongo_0624,1,0.999687
bilstm_frozen,advtrain,template,2026,test_lookalike_3+norm,bongo_0630,0,0.000400
bilstm_frozen,advtrain,template,2026,test_lookalike_3+norm,bongo_0638,1,0.999711
bilstm_frozen,advtrain,template,2026,test_lookalike_3+norm,bongo_0648,0,0.040359
bilstm_frozen,advtrain,template,2026,test_lookalike_3+norm,bongo_0674,0,0.000016
bilstm_frozen,advtrain,template,2026,test_lookalike_3+norm,bongo_0685,0,0.039352
bilstm_frozen,advtrain,template,2026,test_lookalike_3+norm,bongo_0697,1,0.204310
bilstm_frozen,advtrain,template,2026,test_lookalike_3+norm,bongo_0701,0,0.000031
bilstm_frozen,advtrain,template,2026,test_lookalike_3+norm,bongo_0706,1,0.276646
bilstm_frozen,advtrain,template,2026,test_lookalike_3+norm,bongo_0719,1,0.193031
bilstm_frozen,advtrain,template,2026,test_lookalike_3+norm,bongo_0721,1,0.999239
bilstm_frozen,advtrain,template,2026,test_lookalike_3+norm,bongo_0724,1,0.203970
bilstm_frozen,advtrain,template,2026,test_lookalike_3+norm,bongo_0729,1,0.997676
bilstm_frozen,advtrain,template,2026,test_lookalike_3+norm,bongo_0741,0,0.000021
bilstm_frozen,advtrain,template,2026,test_lookalike_3+norm,bongo_0749,1,0.259458
bilstm_frozen,advtrain,template,2026,test_lookalike_3+norm,bongo_0769,1,0.998767
bilstm_frozen,advtrain,template,2026,test_lookalike_3+norm,bongo_0770,1,0.236630
bilstm_frozen,advtrain,template,2026,test_lookalike_3+norm,bongo_0778,1,0.260951
bilstm_frozen,advtrain,template,2026,test_lookalike_3+norm,bongo_0787,1,0.999492
bilstm_frozen,advtrain,template,2026,test_lookalike_3+norm,bongo_0795,0,0.000320
bilstm_frozen,advtrain,template,2026,test_lookalike_3+norm,bongo_0806,1,0.203970
bilstm_frozen,advtrain,template,2026,test_lookalike_3+norm,bongo_0807,1,0.999304
bilstm_frozen,advtrain,template,2026,test_lookalike_3+norm,bongo_0818,0,0.010798
bilstm_frozen,advtrain,template,2026,test_lookalike_3+norm,bongo_0819,0,0.000204
bilstm_frozen,advtrain,template,2026,test_lookalike_3+norm,bongo_0835,0,0.000019
bilstm_frozen,advtrain,template,2026,test_lookalike_3+norm,bongo_0840,1,0.999491
bilstm_frozen,advtrain,template,2026,test_lookalike_3+norm,bongo_0855,1,0.204424
bilstm_frozen,advtrain,template,2026,test_lookalike_3+norm,bongo_0856,0,0.000092
bilstm_frozen,advtrain,template,2026,test_lookalike_3+norm,bongo_0864,1,0.999783
bilstm_frozen,advtrain,template,2026,test_lookalike_3+norm,bongo_0871,1,0.999693
bilstm_frozen,advtrain,template,2026,test_lookalike_3+norm,bongo_0872,0,0.005578
bilstm_frozen,advtrain,template,2026,test_lookalike_3+norm,bongo_0904,0,0.000395
bilstm_frozen,advtrain,template,2026,test_lookalike_3+norm,bongo_0905,1,0.999791
bilstm_frozen,advtrain,template,2026,test_lookalike_3+norm,bongo_0909,1,0.998986
bilstm_frozen,advtrain,template,2026,test_lookalike_3+norm,bongo_0917,1,0.235265
bilstm_frozen,advtrain,template,2026,test_lookalike_3+norm,bongo_0918,1,0.999297
bilstm_frozen,advtrain,template,2026,test_lookalike_3+norm,bongo_0950,0,0.000038
bilstm_frozen,advtrain,template,2026,test_lookalike_3+norm,bongo_0955,1,0.999899
bilstm_frozen,advtrain,template,2026,test_lookalike_3+norm,bongo_0956,0,0.000019
bilstm_frozen,advtrain,template,2026,test_lookalike_3+norm,bongo_0971,0,0.000023
bilstm_frozen,advtrain,template,2026,test_lookalike_3+norm,bongo_0983,0,0.000225
bilstm_frozen,advtrain,template,2026,test_lookalike_3+norm,bongo_0989,1,0.999693
bilstm_frozen,advtrain,template,2026,test_lookalike_3+norm,bongo_0994,0,0.000564
bilstm_frozen,advtrain,template,2026,test_lookalike_3+norm,bongo_1003,1,0.999199
bilstm_frozen,advtrain,template,2026,test_lookalike_3+norm,bongo_1006,0,0.000057
bilstm_frozen,advtrain,template,2026,test_lookalike_3+norm,bongo_1012,1,0.259698
bilstm_frozen,advtrain,template,2026,test_lookalike_3+norm,bongo_1015,0,0.000017
bilstm_frozen,advtrain,template,2026,test_lookalike_3+norm,bongo_1022,1,0.193709
bilstm_frozen,advtrain,template,2026,test_lookalike_3+norm,bongo_1037,0,0.000065
bilstm_frozen,advtrain,template,2026,test_lookalike_3+norm,bongo_1040,0,0.000033
bilstm_frozen,advtrain,template,2026,test_lookalike_3+norm,bongo_1042,1,0.999497
bilstm_frozen,advtrain,template,2026,test_lookalike_3+norm,bongo_1047,1,0.999785
bilstm_frozen,advtrain,template,2026,test_lookalike_3+norm,bongo_1050,0,0.000020
bilstm_frozen,advtrain,template,2026,test_lookalike_3+norm,bongo_1052,1,0.999460
bilstm_frozen,advtrain,template,2026,test_lookalike_3+norm,bongo_1059,0,0.000011
bilstm_frozen,advtrain,template,2026,test_lookalike_3+norm,bongo_1071,0,0.000055
bilstm_frozen,advtrain,template,2026,test_lookalike_3+norm,bongo_1090,0,0.000014
bilstm_frozen,advtrain,template,2026,test_lookalike_3+norm,bongo_1104,1,0.999893
bilstm_frozen,advtrain,template,2026,test_lookalike_3+norm,bongo_1115,0,0.000009
bilstm_frozen,advtrain,template,2026,test_lookalike_3+norm,bongo_1123,0,0.000078
bilstm_frozen,advtrain,template,2026,test_lookalike_3+norm,bongo_1125,0,0.017005
bilstm_frozen,advtrain,template,2026,test_lookalike_3+norm,bongo_1127,1,0.124918
bilstm_frozen,advtrain,template,2026,test_lookalike_3+norm,bongo_1131,1,0.999834
bilstm_frozen,advtrain,template,2026,test_lookalike_3+norm,bongo_1134,1,0.273894
bilstm_frozen,advtrain,template,2026,test_lookalike_3+norm,bongo_1135,0,0.000701
bilstm_frozen,advtrain,template,2026,test_lookalike_3+norm,bongo_1136,1,0.999408
bilstm_frozen,advtrain,template,2026,test_lookalike_3+norm,bongo_1138,1,0.999784
bilstm_frozen,advtrain,template,2026,test_lookalike_3+norm,bongo_1140,1,0.999128
bilstm_frozen,advtrain,template,2026,test_lookalike_3+norm,bongo_1154,1,0.999550
bilstm_frozen,advtrain,template,2026,test_lookalike_3+norm,bongo_1155,0,0.000022
bilstm_frozen,advtrain,template,2026,test_lookalike_3+norm,bongo_1171,1,0.999893
bilstm_frozen,advtrain,template,2026,test_lookalike_3+norm,bongo_1181,1,0.998905
bilstm_frozen,advtrain,template,2026,test_lookalike_3+norm,bongo_1185,1,0.192539
bilstm_frozen,advtrain,template,2026,test_lookalike_3+norm,bongo_1194,0,0.001805
bilstm_frozen,advtrain,template,2026,test_lookalike_3+norm,bongo_1195,1,0.205070
bilstm_frozen,advtrain,template,2026,test_lookalike_3+norm,bongo_1198,0,0.000271
bilstm_frozen,advtrain,template,2026,test_lookalike_3+norm,bongo_1204,1,0.235708
bilstm_frozen,advtrain,template,2026,test_lookalike_3+norm,bongo_1220,1,0.999790
bilstm_frozen,advtrain,template,2026,test_lookalike_3+norm,bongo_1233,1,0.999806
bilstm_frozen,advtrain,template,2026,test_lookalike_3+norm,bongo_1236,0,0.000351
bilstm_frozen,advtrain,template,2026,test_lookalike_3+norm,bongo_1240,1,0.192605
bilstm_frozen,advtrain,template,2026,test_lookalike_3+norm,bongo_1244,0,0.000030
bilstm_frozen,advtrain,template,2026,test_lookalike_3+norm,bongo_1249,0,0.000006
bilstm_frozen,advtrain,template,2026,test_lookalike_3+norm,bongo_1253,0,0.016226
bilstm_frozen,advtrain,template,2026,test_lookalike_3+norm,bongo_1260,0,0.000035
bilstm_frozen,advtrain,template,2026,test_lookalike_3+norm,bongo_1262,0,0.015306
bilstm_frozen,advtrain,template,2026,test_lookalike_3+norm,bongo_1278,1,0.258615
bilstm_frozen,advtrain,template,2026,test_lookalike_3+norm,bongo_1285,0,0.000022
bilstm_frozen,advtrain,template,2026,test_lookalike_3+norm,bongo_1293,1,0.999435
bilstm_frozen,advtrain,template,2026,test_lookalike_3+norm,bongo_1316,0,0.000149
bilstm_frozen,advtrain,template,2026,test_lookalike_3+norm,bongo_1327,1,0.235186
bilstm_frozen,advtrain,template,2026,test_lookalike_3+norm,bongo_1330,0,0.049167
bilstm_frozen,advtrain,template,2026,test_lookalike_3+norm,bongo_1359,0,0.000247
bilstm_frozen,advtrain,template,2026,test_lookalike_3+norm,bongo_1375,0,0.000046
bilstm_frozen,advtrain,template,2026,test_lookalike_all+norm,bongo_0025,1,0.999774
bilstm_frozen,advtrain,template,2026,test_lookalike_all+norm,bongo_0029,0,0.046893
bilstm_frozen,advtrain,template,2026,test_lookalike_all+norm,bongo_0039,1,0.999784
bilstm_frozen,advtrain,template,2026,test_lookalike_all+norm,bongo_0047,1,0.999733
bilstm_frozen,advtrain,template,2026,test_lookalike_all+norm,bongo_0053,0,0.000034
bilstm_frozen,advtrain,template,2026,test_lookalike_all+norm,bongo_0055,1,0.243366
bilstm_frozen,advtrain,template,2026,test_lookalike_all+norm,bongo_0061,1,0.999819
bilstm_frozen,advtrain,template,2026,test_lookalike_all+norm,bongo_0097,0,0.000570
bilstm_frozen,advtrain,template,2026,test_lookalike_all+norm,bongo_0107,0,0.000012
bilstm_frozen,advtrain,template,2026,test_lookalike_all+norm,bongo_0110,0,0.000008
bilstm_frozen,advtrain,template,2026,test_lookalike_all+norm,bongo_0112,1,0.274896
bilstm_frozen,advtrain,template,2026,test_lookalike_all+norm,bongo_0115,0,0.000156
bilstm_frozen,advtrain,template,2026,test_lookalike_all+norm,bongo_0143,0,0.000018
bilstm_frozen,advtrain,template,2026,test_lookalike_all+norm,bongo_0146,1,0.999506
bilstm_frozen,advtrain,template,2026,test_lookalike_all+norm,bongo_0154,1,0.999527
bilstm_frozen,advtrain,template,2026,test_lookalike_all+norm,bongo_0159,1,0.235829
bilstm_frozen,advtrain,template,2026,test_lookalike_all+norm,bongo_0160,0,0.000046
bilstm_frozen,advtrain,template,2026,test_lookalike_all+norm,bongo_0172,0,0.089296
bilstm_frozen,advtrain,template,2026,test_lookalike_all+norm,bongo_0173,1,0.065709
bilstm_frozen,advtrain,template,2026,test_lookalike_all+norm,bongo_0175,0,0.000019
bilstm_frozen,advtrain,template,2026,test_lookalike_all+norm,bongo_0182,0,0.000006
bilstm_frozen,advtrain,template,2026,test_lookalike_all+norm,bongo_0195,1,0.998061
bilstm_frozen,advtrain,template,2026,test_lookalike_all+norm,bongo_0197,0,0.000030
bilstm_frozen,advtrain,template,2026,test_lookalike_all+norm,bongo_0201,1,0.999905
bilstm_frozen,advtrain,template,2026,test_lookalike_all+norm,bongo_0203,1,0.999729
bilstm_frozen,advtrain,template,2026,test_lookalike_all+norm,bongo_0250,1,0.235829
bilstm_frozen,advtrain,template,2026,test_lookalike_all+norm,bongo_0253,0,0.000562
bilstm_frozen,advtrain,template,2026,test_lookalike_all+norm,bongo_0255,1,0.192605
bilstm_frozen,advtrain,template,2026,test_lookalike_all+norm,bongo_0265,1,0.048937
bilstm_frozen,advtrain,template,2026,test_lookalike_all+norm,bongo_0271,0,0.000027
bilstm_frozen,advtrain,template,2026,test_lookalike_all+norm,bongo_0300,0,0.000041
bilstm_frozen,advtrain,template,2026,test_lookalike_all+norm,bongo_0306,0,0.000122
bilstm_frozen,advtrain,template,2026,test_lookalike_all+norm,bongo_0356,1,0.275301
bilstm_frozen,advtrain,template,2026,test_lookalike_all+norm,bongo_0360,1,0.999498
bilstm_frozen,advtrain,template,2026,test_lookalike_all+norm,bongo_0361,1,0.999727
bilstm_frozen,advtrain,template,2026,test_lookalike_all+norm,bongo_0363,0,0.000042
bilstm_frozen,advtrain,template,2026,test_lookalike_all+norm,bongo_0368,0,0.001001
bilstm_frozen,advtrain,template,2026,test_lookalike_all+norm,bongo_0372,0,0.000109
bilstm_frozen,advtrain,template,2026,test_lookalike_all+norm,bongo_0380,1,0.192954
bilstm_frozen,advtrain,template,2026,test_lookalike_all+norm,bongo_0389,0,0.000025
bilstm_frozen,advtrain,template,2026,test_lookalike_all+norm,bongo_0395,0,0.000787
bilstm_frozen,advtrain,template,2026,test_lookalike_all+norm,bongo_0405,1,0.999061
bilstm_frozen,advtrain,template,2026,test_lookalike_all+norm,bongo_0424,1,0.999892
bilstm_frozen,advtrain,template,2026,test_lookalike_all+norm,bongo_0427,0,0.000401
bilstm_frozen,advtrain,template,2026,test_lookalike_all+norm,bongo_0434,1,0.236630
bilstm_frozen,advtrain,template,2026,test_lookalike_all+norm,bongo_0463,0,0.007451
bilstm_frozen,advtrain,template,2026,test_lookalike_all+norm,bongo_0476,1,0.998456
bilstm_frozen,advtrain,template,2026,test_lookalike_all+norm,bongo_0510,1,0.999403
bilstm_frozen,advtrain,template,2026,test_lookalike_all+norm,bongo_0531,0,0.000234
bilstm_frozen,advtrain,template,2026,test_lookalike_all+norm,bongo_0542,0,0.000018
bilstm_frozen,advtrain,template,2026,test_lookalike_all+norm,bongo_0545,0,0.000024
bilstm_frozen,advtrain,template,2026,test_lookalike_all+norm,bongo_0560,1,0.999326
bilstm_frozen,advtrain,template,2026,test_lookalike_all+norm,bongo_0565,1,0.210035
bilstm_frozen,advtrain,template,2026,test_lookalike_all+norm,bongo_0566,1,0.999801
bilstm_frozen,advtrain,template,2026,test_lookalike_all+norm,bongo_0571,0,0.000019
bilstm_frozen,advtrain,template,2026,test_lookalike_all+norm,bongo_0577,1,0.999025
bilstm_frozen,advtrain,template,2026,test_lookalike_all+norm,bongo_0580,1,0.997913
bilstm_frozen,advtrain,template,2026,test_lookalike_all+norm,bongo_0621,1,0.998810
bilstm_frozen,advtrain,template,2026,test_lookalike_all+norm,bongo_0624,1,0.999687
bilstm_frozen,advtrain,template,2026,test_lookalike_all+norm,bongo_0630,0,0.000400
bilstm_frozen,advtrain,template,2026,test_lookalike_all+norm,bongo_0638,1,0.999711
bilstm_frozen,advtrain,template,2026,test_lookalike_all+norm,bongo_0648,0,0.040359
bilstm_frozen,advtrain,template,2026,test_lookalike_all+norm,bongo_0674,0,0.000016
bilstm_frozen,advtrain,template,2026,test_lookalike_all+norm,bongo_0685,0,0.039352
bilstm_frozen,advtrain,template,2026,test_lookalike_all+norm,bongo_0697,1,0.204310
bilstm_frozen,advtrain,template,2026,test_lookalike_all+norm,bongo_0701,0,0.000031
bilstm_frozen,advtrain,template,2026,test_lookalike_all+norm,bongo_0706,1,0.276646
bilstm_frozen,advtrain,template,2026,test_lookalike_all+norm,bongo_0719,1,0.193031
bilstm_frozen,advtrain,template,2026,test_lookalike_all+norm,bongo_0721,1,0.999239
bilstm_frozen,advtrain,template,2026,test_lookalike_all+norm,bongo_0724,1,0.203970
bilstm_frozen,advtrain,template,2026,test_lookalike_all+norm,bongo_0729,1,0.997676
bilstm_frozen,advtrain,template,2026,test_lookalike_all+norm,bongo_0741,0,0.000021
bilstm_frozen,advtrain,template,2026,test_lookalike_all+norm,bongo_0749,1,0.259458
bilstm_frozen,advtrain,template,2026,test_lookalike_all+norm,bongo_0769,1,0.998767
bilstm_frozen,advtrain,template,2026,test_lookalike_all+norm,bongo_0770,1,0.236630
bilstm_frozen,advtrain,template,2026,test_lookalike_all+norm,bongo_0778,1,0.260951
bilstm_frozen,advtrain,template,2026,test_lookalike_all+norm,bongo_0787,1,0.999492
bilstm_frozen,advtrain,template,2026,test_lookalike_all+norm,bongo_0795,0,0.000320
bilstm_frozen,advtrain,template,2026,test_lookalike_all+norm,bongo_0806,1,0.203970
bilstm_frozen,advtrain,template,2026,test_lookalike_all+norm,bongo_0807,1,0.999304
bilstm_frozen,advtrain,template,2026,test_lookalike_all+norm,bongo_0818,0,0.010798
bilstm_frozen,advtrain,template,2026,test_lookalike_all+norm,bongo_0819,0,0.000204
bilstm_frozen,advtrain,template,2026,test_lookalike_all+norm,bongo_0835,0,0.000019
bilstm_frozen,advtrain,template,2026,test_lookalike_all+norm,bongo_0840,1,0.999491
bilstm_frozen,advtrain,template,2026,test_lookalike_all+norm,bongo_0855,1,0.204424
bilstm_frozen,advtrain,template,2026,test_lookalike_all+norm,bongo_0856,0,0.000092
bilstm_frozen,advtrain,template,2026,test_lookalike_all+norm,bongo_0864,1,0.999783
bilstm_frozen,advtrain,template,2026,test_lookalike_all+norm,bongo_0871,1,0.999693
bilstm_frozen,advtrain,template,2026,test_lookalike_all+norm,bongo_0872,0,0.005578
bilstm_frozen,advtrain,template,2026,test_lookalike_all+norm,bongo_0904,0,0.000395
bilstm_frozen,advtrain,template,2026,test_lookalike_all+norm,bongo_0905,1,0.999791
bilstm_frozen,advtrain,template,2026,test_lookalike_all+norm,bongo_0909,1,0.998986
bilstm_frozen,advtrain,template,2026,test_lookalike_all+norm,bongo_0917,1,0.242066
bilstm_frozen,advtrain,template,2026,test_lookalike_all+norm,bongo_0918,1,0.999297
bilstm_frozen,advtrain,template,2026,test_lookalike_all+norm,bongo_0950,0,0.000038
bilstm_frozen,advtrain,template,2026,test_lookalike_all+norm,bongo_0955,1,0.999899
bilstm_frozen,advtrain,template,2026,test_lookalike_all+norm,bongo_0956,0,0.000019
bilstm_frozen,advtrain,template,2026,test_lookalike_all+norm,bongo_0971,0,0.000023
bilstm_frozen,advtrain,template,2026,test_lookalike_all+norm,bongo_0983,0,0.000225
bilstm_frozen,advtrain,template,2026,test_lookalike_all+norm,bongo_0989,1,0.999693
bilstm_frozen,advtrain,template,2026,test_lookalike_all+norm,bongo_0994,0,0.000564
bilstm_frozen,advtrain,template,2026,test_lookalike_all+norm,bongo_1003,1,0.999199
bilstm_frozen,advtrain,template,2026,test_lookalike_all+norm,bongo_1006,0,0.000057
bilstm_frozen,advtrain,template,2026,test_lookalike_all+norm,bongo_1012,1,0.239789
bilstm_frozen,advtrain,template,2026,test_lookalike_all+norm,bongo_1015,0,0.000017
bilstm_frozen,advtrain,template,2026,test_lookalike_all+norm,bongo_1022,1,0.199438
bilstm_frozen,advtrain,template,2026,test_lookalike_all+norm,bongo_1037,0,0.000065
bilstm_frozen,advtrain,template,2026,test_lookalike_all+norm,bongo_1040,0,0.000033
bilstm_frozen,advtrain,template,2026,test_lookalike_all+norm,bongo_1042,1,0.999497
bilstm_frozen,advtrain,template,2026,test_lookalike_all+norm,bongo_1047,1,0.999785
bilstm_frozen,advtrain,template,2026,test_lookalike_all+norm,bongo_1050,0,0.000020
bilstm_frozen,advtrain,template,2026,test_lookalike_all+norm,bongo_1052,1,0.999460
bilstm_frozen,advtrain,template,2026,test_lookalike_all+norm,bongo_1059,0,0.000011
bilstm_frozen,advtrain,template,2026,test_lookalike_all+norm,bongo_1071,0,0.000055
bilstm_frozen,advtrain,template,2026,test_lookalike_all+norm,bongo_1090,0,0.000014
bilstm_frozen,advtrain,template,2026,test_lookalike_all+norm,bongo_1104,1,0.999893
bilstm_frozen,advtrain,template,2026,test_lookalike_all+norm,bongo_1115,0,0.000009
bilstm_frozen,advtrain,template,2026,test_lookalike_all+norm,bongo_1123,0,0.000078
bilstm_frozen,advtrain,template,2026,test_lookalike_all+norm,bongo_1125,0,0.017005
bilstm_frozen,advtrain,template,2026,test_lookalike_all+norm,bongo_1127,1,0.128631
bilstm_frozen,advtrain,template,2026,test_lookalike_all+norm,bongo_1131,1,0.999834
bilstm_frozen,advtrain,template,2026,test_lookalike_all+norm,bongo_1134,1,0.273894
bilstm_frozen,advtrain,template,2026,test_lookalike_all+norm,bongo_1135,0,0.000701
bilstm_frozen,advtrain,template,2026,test_lookalike_all+norm,bongo_1136,1,0.999408
bilstm_frozen,advtrain,template,2026,test_lookalike_all+norm,bongo_1138,1,0.999784
bilstm_frozen,advtrain,template,2026,test_lookalike_all+norm,bongo_1140,1,0.999128
bilstm_frozen,advtrain,template,2026,test_lookalike_all+norm,bongo_1154,1,0.999550
bilstm_frozen,advtrain,template,2026,test_lookalike_all+norm,bongo_1155,0,0.000022
bilstm_frozen,advtrain,template,2026,test_lookalike_all+norm,bongo_1171,1,0.999893
bilstm_frozen,advtrain,template,2026,test_lookalike_all+norm,bongo_1181,1,0.998905
bilstm_frozen,advtrain,template,2026,test_lookalike_all+norm,bongo_1185,1,0.192539
bilstm_frozen,advtrain,template,2026,test_lookalike_all+norm,bongo_1194,0,0.001805
bilstm_frozen,advtrain,template,2026,test_lookalike_all+norm,bongo_1195,1,0.210664
bilstm_frozen,advtrain,template,2026,test_lookalike_all+norm,bongo_1198,0,0.000271
bilstm_frozen,advtrain,template,2026,test_lookalike_all+norm,bongo_1204,1,0.235708
bilstm_frozen,advtrain,template,2026,test_lookalike_all+norm,bongo_1220,1,0.999790
bilstm_frozen,advtrain,template,2026,test_lookalike_all+norm,bongo_1233,1,0.999806
bilstm_frozen,advtrain,template,2026,test_lookalike_all+norm,bongo_1236,0,0.000351
bilstm_frozen,advtrain,template,2026,test_lookalike_all+norm,bongo_1240,1,0.192605
bilstm_frozen,advtrain,template,2026,test_lookalike_all+norm,bongo_1244,0,0.000030
bilstm_frozen,advtrain,template,2026,test_lookalike_all+norm,bongo_1249,0,0.000006
bilstm_frozen,advtrain,template,2026,test_lookalike_all+norm,bongo_1253,0,0.016226
bilstm_frozen,advtrain,template,2026,test_lookalike_all+norm,bongo_1260,0,0.000035
bilstm_frozen,advtrain,template,2026,test_lookalike_all+norm,bongo_1262,0,0.015306
bilstm_frozen,advtrain,template,2026,test_lookalike_all+norm,bongo_1278,1,0.258615
bilstm_frozen,advtrain,template,2026,test_lookalike_all+norm,bongo_1285,0,0.000022
bilstm_frozen,advtrain,template,2026,test_lookalike_all+norm,bongo_1293,1,0.999435
bilstm_frozen,advtrain,template,2026,test_lookalike_all+norm,bongo_1316,0,0.000149
bilstm_frozen,advtrain,template,2026,test_lookalike_all+norm,bongo_1327,1,0.235186
bilstm_frozen,advtrain,template,2026,test_lookalike_all+norm,bongo_1330,0,0.049167
bilstm_frozen,advtrain,template,2026,test_lookalike_all+norm,bongo_1359,0,0.000247
bilstm_frozen,advtrain,template,2026,test_lookalike_all+norm,bongo_1375,0,0.000046
bilstm_frozen,advtrain,template,2026,test_structural_1+norm,bongo_0025,1,0.999598
bilstm_frozen,advtrain,template,2026,test_structural_1+norm,bongo_0029,0,0.046893
bilstm_frozen,advtrain,template,2026,test_structural_1+norm,bongo_0039,1,0.999858
bilstm_frozen,advtrain,template,2026,test_structural_1+norm,bongo_0047,1,0.999733
bilstm_frozen,advtrain,template,2026,test_structural_1+norm,bongo_0053,0,0.000034
bilstm_frozen,advtrain,template,2026,test_structural_1+norm,bongo_0055,1,0.236630
bilstm_frozen,advtrain,template,2026,test_structural_1+norm,bongo_0061,1,0.999819
bilstm_frozen,advtrain,template,2026,test_structural_1+norm,bongo_0097,0,0.000570
bilstm_frozen,advtrain,template,2026,test_structural_1+norm,bongo_0107,0,0.000012
bilstm_frozen,advtrain,template,2026,test_structural_1+norm,bongo_0110,0,0.000008
bilstm_frozen,advtrain,template,2026,test_structural_1+norm,bongo_0112,1,0.279009
bilstm_frozen,advtrain,template,2026,test_structural_1+norm,bongo_0115,0,0.000156
bilstm_frozen,advtrain,template,2026,test_structural_1+norm,bongo_0143,0,0.000018
bilstm_frozen,advtrain,template,2026,test_structural_1+norm,bongo_0146,1,0.999506
bilstm_frozen,advtrain,template,2026,test_structural_1+norm,bongo_0154,1,0.999538
bilstm_frozen,advtrain,template,2026,test_structural_1+norm,bongo_0159,1,0.235829
bilstm_frozen,advtrain,template,2026,test_structural_1+norm,bongo_0160,0,0.000046
bilstm_frozen,advtrain,template,2026,test_structural_1+norm,bongo_0172,0,0.089296
bilstm_frozen,advtrain,template,2026,test_structural_1+norm,bongo_0173,1,0.065709
bilstm_frozen,advtrain,template,2026,test_structural_1+norm,bongo_0175,0,0.000019
bilstm_frozen,advtrain,template,2026,test_structural_1+norm,bongo_0182,0,0.000006
bilstm_frozen,advtrain,template,2026,test_structural_1+norm,bongo_0195,1,0.998007
bilstm_frozen,advtrain,template,2026,test_structural_1+norm,bongo_0197,0,0.000030
bilstm_frozen,advtrain,template,2026,test_structural_1+norm,bongo_0201,1,0.999855
bilstm_frozen,advtrain,template,2026,test_structural_1+norm,bongo_0203,1,0.999729
bilstm_frozen,advtrain,template,2026,test_structural_1+norm,bongo_0250,1,0.235829
bilstm_frozen,advtrain,template,2026,test_structural_1+norm,bongo_0253,0,0.000562
bilstm_frozen,advtrain,template,2026,test_structural_1+norm,bongo_0255,1,0.192605
bilstm_frozen,advtrain,template,2026,test_structural_1+norm,bongo_0265,1,0.048937
bilstm_frozen,advtrain,template,2026,test_structural_1+norm,bongo_0271,0,0.000027
bilstm_frozen,advtrain,template,2026,test_structural_1+norm,bongo_0300,0,0.000041
bilstm_frozen,advtrain,template,2026,test_structural_1+norm,bongo_0306,0,0.000122
bilstm_frozen,advtrain,template,2026,test_structural_1+norm,bongo_0356,1,0.275301
bilstm_frozen,advtrain,template,2026,test_structural_1+norm,bongo_0360,1,0.999492
bilstm_frozen,advtrain,template,2026,test_structural_1+norm,bongo_0361,1,0.999727
bilstm_frozen,advtrain,template,2026,test_structural_1+norm,bongo_0363,0,0.000042
bilstm_frozen,advtrain,template,2026,test_structural_1+norm,bongo_0368,0,0.001001
bilstm_frozen,advtrain,template,2026,test_structural_1+norm,bongo_0372,0,0.000109
bilstm_frozen,advtrain,template,2026,test_structural_1+norm,bongo_0380,1,0.192954
bilstm_frozen,advtrain,template,2026,test_structural_1+norm,bongo_0389,0,0.000025
bilstm_frozen,advtrain,template,2026,test_structural_1+norm,bongo_0395,0,0.000787
bilstm_frozen,advtrain,template,2026,test_structural_1+norm,bongo_0405,1,0.999061
bilstm_frozen,advtrain,template,2026,test_structural_1+norm,bongo_0424,1,0.999835
bilstm_frozen,advtrain,template,2026,test_structural_1+norm,bongo_0427,0,0.000401
bilstm_frozen,advtrain,template,2026,test_structural_1+norm,bongo_0434,1,0.236630
bilstm_frozen,advtrain,template,2026,test_structural_1+norm,bongo_0463,0,0.007451
bilstm_frozen,advtrain,template,2026,test_structural_1+norm,bongo_0476,1,0.999337
bilstm_frozen,advtrain,template,2026,test_structural_1+norm,bongo_0510,1,0.999110
bilstm_frozen,advtrain,template,2026,test_structural_1+norm,bongo_0531,0,0.000234
bilstm_frozen,advtrain,template,2026,test_structural_1+norm,bongo_0542,0,0.000018
bilstm_frozen,advtrain,template,2026,test_structural_1+norm,bongo_0545,0,0.000024
bilstm_frozen,advtrain,template,2026,test_structural_1+norm,bongo_0560,1,0.999326
bilstm_frozen,advtrain,template,2026,test_structural_1+norm,bongo_0565,1,0.204310
bilstm_frozen,advtrain,template,2026,test_structural_1+norm,bongo_0566,1,0.999801
bilstm_frozen,advtrain,template,2026,test_structural_1+norm,bongo_0571,0,0.000019
bilstm_frozen,advtrain,template,2026,test_structural_1+norm,bongo_0577,1,0.997197
bilstm_frozen,advtrain,template,2026,test_structural_1+norm,bongo_0580,1,0.997913
bilstm_frozen,advtrain,template,2026,test_structural_1+norm,bongo_0621,1,0.998810
bilstm_frozen,advtrain,template,2026,test_structural_1+norm,bongo_0624,1,0.999687
bilstm_frozen,advtrain,template,2026,test_structural_1+norm,bongo_0630,0,0.000400
bilstm_frozen,advtrain,template,2026,test_structural_1+norm,bongo_0638,1,0.999711
bilstm_frozen,advtrain,template,2026,test_structural_1+norm,bongo_0648,0,0.040359
bilstm_frozen,advtrain,template,2026,test_structural_1+norm,bongo_0674,0,0.000016
bilstm_frozen,advtrain,template,2026,test_structural_1+norm,bongo_0685,0,0.039352
bilstm_frozen,advtrain,template,2026,test_structural_1+norm,bongo_0697,1,0.204310
bilstm_frozen,advtrain,template,2026,test_structural_1+norm,bongo_0701,0,0.000031
bilstm_frozen,advtrain,template,2026,test_structural_1+norm,bongo_0706,1,0.276646
bilstm_frozen,advtrain,template,2026,test_structural_1+norm,bongo_0719,1,0.196794
bilstm_frozen,advtrain,template,2026,test_structural_1+norm,bongo_0721,1,0.999239
bilstm_frozen,advtrain,template,2026,test_structural_1+norm,bongo_0724,1,0.203970
bilstm_frozen,advtrain,template,2026,test_structural_1+norm,bongo_0729,1,0.997676
bilstm_frozen,advtrain,template,2026,test_structural_1+norm,bongo_0741,0,0.000021
bilstm_frozen,advtrain,template,2026,test_structural_1+norm,bongo_0749,1,0.263577
bilstm_frozen,advtrain,template,2026,test_structural_1+norm,bongo_0769,1,0.998767
bilstm_frozen,advtrain,template,2026,test_structural_1+norm,bongo_0770,1,0.236630
bilstm_frozen,advtrain,template,2026,test_structural_1+norm,bongo_0778,1,0.264411
bilstm_frozen,advtrain,template,2026,test_structural_1+norm,bongo_0787,1,0.999473
bilstm_frozen,advtrain,template,2026,test_structural_1+norm,bongo_0795,0,0.000320
bilstm_frozen,advtrain,template,2026,test_structural_1+norm,bongo_0806,1,0.203970
bilstm_frozen,advtrain,template,2026,test_structural_1+norm,bongo_0807,1,0.999304
bilstm_frozen,advtrain,template,2026,test_structural_1+norm,bongo_0818,0,0.010798
bilstm_frozen,advtrain,template,2026,test_structural_1+norm,bongo_0819,0,0.000204
bilstm_frozen,advtrain,template,2026,test_structural_1+norm,bongo_0835,0,0.000019
bilstm_frozen,advtrain,template,2026,test_structural_1+norm,bongo_0840,1,0.999491
bilstm_frozen,advtrain,template,2026,test_structural_1+norm,bongo_0855,1,0.204424
bilstm_frozen,advtrain,template,2026,test_structural_1+norm,bongo_0856,0,0.000092
bilstm_frozen,advtrain,template,2026,test_structural_1+norm,bongo_0864,1,0.999783
bilstm_frozen,advtrain,template,2026,test_structural_1+norm,bongo_0871,1,0.999025
bilstm_frozen,advtrain,template,2026,test_structural_1+norm,bongo_0872,0,0.005578
bilstm_frozen,advtrain,template,2026,test_structural_1+norm,bongo_0904,0,0.000395
bilstm_frozen,advtrain,template,2026,test_structural_1+norm,bongo_0905,1,0.999791
bilstm_frozen,advtrain,template,2026,test_structural_1+norm,bongo_0909,1,0.998986
bilstm_frozen,advtrain,template,2026,test_structural_1+norm,bongo_0917,1,0.191533
bilstm_frozen,advtrain,template,2026,test_structural_1+norm,bongo_0918,1,0.998739
bilstm_frozen,advtrain,template,2026,test_structural_1+norm,bongo_0950,0,0.000038
bilstm_frozen,advtrain,template,2026,test_structural_1+norm,bongo_0955,1,0.999899
bilstm_frozen,advtrain,template,2026,test_structural_1+norm,bongo_0956,0,0.000019
bilstm_frozen,advtrain,template,2026,test_structural_1+norm,bongo_0971,0,0.000023
bilstm_frozen,advtrain,template,2026,test_structural_1+norm,bongo_0983,0,0.000225
bilstm_frozen,advtrain,template,2026,test_structural_1+norm,bongo_0989,1,0.999693
bilstm_frozen,advtrain,template,2026,test_structural_1+norm,bongo_0994,0,0.000564
bilstm_frozen,advtrain,template,2026,test_structural_1+norm,bongo_1003,1,0.999199
bilstm_frozen,advtrain,template,2026,test_structural_1+norm,bongo_1006,0,0.000057
bilstm_frozen,advtrain,template,2026,test_structural_1+norm,bongo_1012,1,0.259698
bilstm_frozen,advtrain,template,2026,test_structural_1+norm,bongo_1015,0,0.000017
bilstm_frozen,advtrain,template,2026,test_structural_1+norm,bongo_1022,1,0.193709
bilstm_frozen,advtrain,template,2026,test_structural_1+norm,bongo_1037,0,0.000065
bilstm_frozen,advtrain,template,2026,test_structural_1+norm,bongo_1040,0,0.000033
bilstm_frozen,advtrain,template,2026,test_structural_1+norm,bongo_1042,1,0.985634
bilstm_frozen,advtrain,template,2026,test_structural_1+norm,bongo_1047,1,0.999785
bilstm_frozen,advtrain,template,2026,test_structural_1+norm,bongo_1050,0,0.000020
bilstm_frozen,advtrain,template,2026,test_structural_1+norm,bongo_1052,1,0.999460
bilstm_frozen,advtrain,template,2026,test_structural_1+norm,bongo_1059,0,0.000011
bilstm_frozen,advtrain,template,2026,test_structural_1+norm,bongo_1071,0,0.000055
bilstm_frozen,advtrain,template,2026,test_structural_1+norm,bongo_1090,0,0.000014
bilstm_frozen,advtrain,template,2026,test_structural_1+norm,bongo_1104,1,0.999893
bilstm_frozen,advtrain,template,2026,test_structural_1+norm,bongo_1115,0,0.000009
bilstm_frozen,advtrain,template,2026,test_structural_1+norm,bongo_1123,0,0.000078
bilstm_frozen,advtrain,template,2026,test_structural_1+norm,bongo_1125,0,0.017005
bilstm_frozen,advtrain,template,2026,test_structural_1+norm,bongo_1127,1,0.015354
bilstm_frozen,advtrain,template,2026,test_structural_1+norm,bongo_1131,1,0.999834
bilstm_frozen,advtrain,template,2026,test_structural_1+norm,bongo_1134,1,0.273894
bilstm_frozen,advtrain,template,2026,test_structural_1+norm,bongo_1135,0,0.000701
bilstm_frozen,advtrain,template,2026,test_structural_1+norm,bongo_1136,1,0.999408
bilstm_frozen,advtrain,template,2026,test_structural_1+norm,bongo_1138,1,0.999784
bilstm_frozen,advtrain,template,2026,test_structural_1+norm,bongo_1140,1,0.999128
bilstm_frozen,advtrain,template,2026,test_structural_1+norm,bongo_1154,1,0.999550
bilstm_frozen,advtrain,template,2026,test_structural_1+norm,bongo_1155,0,0.000022
bilstm_frozen,advtrain,template,2026,test_structural_1+norm,bongo_1171,1,0.999893
bilstm_frozen,advtrain,template,2026,test_structural_1+norm,bongo_1181,1,0.999438
bilstm_frozen,advtrain,template,2026,test_structural_1+norm,bongo_1185,1,0.155078
bilstm_frozen,advtrain,template,2026,test_structural_1+norm,bongo_1194,0,0.001805
bilstm_frozen,advtrain,template,2026,test_structural_1+norm,bongo_1195,1,0.205070
bilstm_frozen,advtrain,template,2026,test_structural_1+norm,bongo_1198,0,0.000271
bilstm_frozen,advtrain,template,2026,test_structural_1+norm,bongo_1204,1,0.239296
bilstm_frozen,advtrain,template,2026,test_structural_1+norm,bongo_1220,1,0.999857
bilstm_frozen,advtrain,template,2026,test_structural_1+norm,bongo_1233,1,0.999798
bilstm_frozen,advtrain,template,2026,test_structural_1+norm,bongo_1236,0,0.000351
bilstm_frozen,advtrain,template,2026,test_structural_1+norm,bongo_1240,1,0.192605
bilstm_frozen,advtrain,template,2026,test_structural_1+norm,bongo_1244,0,0.000030
bilstm_frozen,advtrain,template,2026,test_structural_1+norm,bongo_1249,0,0.000006
bilstm_frozen,advtrain,template,2026,test_structural_1+norm,bongo_1253,0,0.016226
bilstm_frozen,advtrain,template,2026,test_structural_1+norm,bongo_1260,0,0.000035
bilstm_frozen,advtrain,template,2026,test_structural_1+norm,bongo_1262,0,0.015306
bilstm_frozen,advtrain,template,2026,test_structural_1+norm,bongo_1278,1,0.258615
bilstm_frozen,advtrain,template,2026,test_structural_1+norm,bongo_1285,0,0.000022
bilstm_frozen,advtrain,template,2026,test_structural_1+norm,bongo_1293,1,0.999435
bilstm_frozen,advtrain,template,2026,test_structural_1+norm,bongo_1316,0,0.000149
bilstm_frozen,advtrain,template,2026,test_structural_1+norm,bongo_1327,1,0.235186
bilstm_frozen,advtrain,template,2026,test_structural_1+norm,bongo_1330,0,0.049167
bilstm_frozen,advtrain,template,2026,test_structural_1+norm,bongo_1359,0,0.000247
bilstm_frozen,advtrain,template,2026,test_structural_1+norm,bongo_1375,0,0.000046
bilstm_frozen,advtrain,template,2026,test_structural_3+norm,bongo_0025,1,0.999647
bilstm_frozen,advtrain,template,2026,test_structural_3+norm,bongo_0029,0,0.046893
bilstm_frozen,advtrain,template,2026,test_structural_3+norm,bongo_0039,1,0.999783
bilstm_frozen,advtrain,template,2026,test_structural_3+norm,bongo_0047,1,0.999733
bilstm_frozen,advtrain,template,2026,test_structural_3+norm,bongo_0053,0,0.000034
bilstm_frozen,advtrain,template,2026,test_structural_3+norm,bongo_0055,1,0.236630
bilstm_frozen,advtrain,template,2026,test_structural_3+norm,bongo_0061,1,0.999837
bilstm_frozen,advtrain,template,2026,test_structural_3+norm,bongo_0097,0,0.000570
bilstm_frozen,advtrain,template,2026,test_structural_3+norm,bongo_0107,0,0.000012
bilstm_frozen,advtrain,template,2026,test_structural_3+norm,bongo_0110,0,0.000008
bilstm_frozen,advtrain,template,2026,test_structural_3+norm,bongo_0112,1,0.219527
bilstm_frozen,advtrain,template,2026,test_structural_3+norm,bongo_0115,0,0.000156
bilstm_frozen,advtrain,template,2026,test_structural_3+norm,bongo_0143,0,0.000018
bilstm_frozen,advtrain,template,2026,test_structural_3+norm,bongo_0146,1,0.999510
bilstm_frozen,advtrain,template,2026,test_structural_3+norm,bongo_0154,1,0.999677
bilstm_frozen,advtrain,template,2026,test_structural_3+norm,bongo_0159,1,0.239936
bilstm_frozen,advtrain,template,2026,test_structural_3+norm,bongo_0160,0,0.000046
bilstm_frozen,advtrain,template,2026,test_structural_3+norm,bongo_0172,0,0.089296
bilstm_frozen,advtrain,template,2026,test_structural_3+norm,bongo_0173,1,0.065709
bilstm_frozen,advtrain,template,2026,test_structural_3+norm,bongo_0175,0,0.000019
bilstm_frozen,advtrain,template,2026,test_structural_3+norm,bongo_0182,0,0.000006
bilstm_frozen,advtrain,template,2026,test_structural_3+norm,bongo_0195,1,0.999427
bilstm_frozen,advtrain,template,2026,test_structural_3+norm,bongo_0197,0,0.000030
bilstm_frozen,advtrain,template,2026,test_structural_3+norm,bongo_0201,1,0.999905
bilstm_frozen,advtrain,template,2026,test_structural_3+norm,bongo_0203,1,0.999729
bilstm_frozen,advtrain,template,2026,test_structural_3+norm,bongo_0250,1,0.235829
bilstm_frozen,advtrain,template,2026,test_structural_3+norm,bongo_0253,0,0.000562
bilstm_frozen,advtrain,template,2026,test_structural_3+norm,bongo_0255,1,0.003830
bilstm_frozen,advtrain,template,2026,test_structural_3+norm,bongo_0265,1,0.000312
bilstm_frozen,advtrain,template,2026,test_structural_3+norm,bongo_0271,0,0.000027
bilstm_frozen,advtrain,template,2026,test_structural_3+norm,bongo_0300,0,0.000041
bilstm_frozen,advtrain,template,2026,test_structural_3+norm,bongo_0306,0,0.000122
bilstm_frozen,advtrain,template,2026,test_structural_3+norm,bongo_0356,1,0.275301
bilstm_frozen,advtrain,template,2026,test_structural_3+norm,bongo_0360,1,0.999492
bilstm_frozen,advtrain,template,2026,test_structural_3+norm,bongo_0361,1,0.999649
bilstm_frozen,advtrain,template,2026,test_structural_3+norm,bongo_0363,0,0.000042
bilstm_frozen,advtrain,template,2026,test_structural_3+norm,bongo_0368,0,0.001001
bilstm_frozen,advtrain,template,2026,test_structural_3+norm,bongo_0372,0,0.000109
bilstm_frozen,advtrain,template,2026,test_structural_3+norm,bongo_0380,1,0.135387
bilstm_frozen,advtrain,template,2026,test_structural_3+norm,bongo_0389,0,0.000025
bilstm_frozen,advtrain,template,2026,test_structural_3+norm,bongo_0395,0,0.000787
bilstm_frozen,advtrain,template,2026,test_structural_3+norm,bongo_0405,1,0.191128
bilstm_frozen,advtrain,template,2026,test_structural_3+norm,bongo_0424,1,0.999835
bilstm_frozen,advtrain,template,2026,test_structural_3+norm,bongo_0427,0,0.000401
bilstm_frozen,advtrain,template,2026,test_structural_3+norm,bongo_0434,1,0.236630
bilstm_frozen,advtrain,template,2026,test_structural_3+norm,bongo_0463,0,0.007451
bilstm_frozen,advtrain,template,2026,test_structural_3+norm,bongo_0476,1,0.998729
bilstm_frozen,advtrain,template,2026,test_structural_3+norm,bongo_0510,1,0.999610
bilstm_frozen,advtrain,template,2026,test_structural_3+norm,bongo_0531,0,0.000234
bilstm_frozen,advtrain,template,2026,test_structural_3+norm,bongo_0542,0,0.000018
bilstm_frozen,advtrain,template,2026,test_structural_3+norm,bongo_0545,0,0.000024
bilstm_frozen,advtrain,template,2026,test_structural_3+norm,bongo_0560,1,0.999469
bilstm_frozen,advtrain,template,2026,test_structural_3+norm,bongo_0565,1,0.190840
bilstm_frozen,advtrain,template,2026,test_structural_3+norm,bongo_0566,1,0.999801
bilstm_frozen,advtrain,template,2026,test_structural_3+norm,bongo_0571,0,0.000019
bilstm_frozen,advtrain,template,2026,test_structural_3+norm,bongo_0577,1,0.998351
bilstm_frozen,advtrain,template,2026,test_structural_3+norm,bongo_0580,1,0.997913
bilstm_frozen,advtrain,template,2026,test_structural_3+norm,bongo_0621,1,0.747120
bilstm_frozen,advtrain,template,2026,test_structural_3+norm,bongo_0624,1,0.999520
bilstm_frozen,advtrain,template,2026,test_structural_3+norm,bongo_0630,0,0.000400
bilstm_frozen,advtrain,template,2026,test_structural_3+norm,bongo_0638,1,0.999718
bilstm_frozen,advtrain,template,2026,test_structural_3+norm,bongo_0648,0,0.040359
bilstm_frozen,advtrain,template,2026,test_structural_3+norm,bongo_0674,0,0.000016
bilstm_frozen,advtrain,template,2026,test_structural_3+norm,bongo_0685,0,0.039352
bilstm_frozen,advtrain,template,2026,test_structural_3+norm,bongo_0697,1,0.171166
bilstm_frozen,advtrain,template,2026,test_structural_3+norm,bongo_0701,0,0.000031
bilstm_frozen,advtrain,template,2026,test_structural_3+norm,bongo_0706,1,0.222371
bilstm_frozen,advtrain,template,2026,test_structural_3+norm,bongo_0719,1,0.193031
bilstm_frozen,advtrain,template,2026,test_structural_3+norm,bongo_0721,1,0.999537
bilstm_frozen,advtrain,template,2026,test_structural_3+norm,bongo_0724,1,0.032764
bilstm_frozen,advtrain,template,2026,test_structural_3+norm,bongo_0729,1,0.997401
bilstm_frozen,advtrain,template,2026,test_structural_3+norm,bongo_0741,0,0.000021
bilstm_frozen,advtrain,template,2026,test_structural_3+norm,bongo_0749,1,0.240627
bilstm_frozen,advtrain,template,2026,test_structural_3+norm,bongo_0769,1,0.998767
bilstm_frozen,advtrain,template,2026,test_structural_3+norm,bongo_0770,1,0.240284
bilstm_frozen,advtrain,template,2026,test_structural_3+norm,bongo_0778,1,0.242883
bilstm_frozen,advtrain,template,2026,test_structural_3+norm,bongo_0787,1,0.999473
bilstm_frozen,advtrain,template,2026,test_structural_3+norm,bongo_0795,0,0.000320
bilstm_frozen,advtrain,template,2026,test_structural_3+norm,bongo_0806,1,0.023628
bilstm_frozen,advtrain,template,2026,test_structural_3+norm,bongo_0807,1,0.999720
bilstm_frozen,advtrain,template,2026,test_structural_3+norm,bongo_0818,0,0.010798
bilstm_frozen,advtrain,template,2026,test_structural_3+norm,bongo_0819,0,0.000204
bilstm_frozen,advtrain,template,2026,test_structural_3+norm,bongo_0835,0,0.000019
bilstm_frozen,advtrain,template,2026,test_structural_3+norm,bongo_0840,1,0.999491
bilstm_frozen,advtrain,template,2026,test_structural_3+norm,bongo_0855,1,0.167401
bilstm_frozen,advtrain,template,2026,test_structural_3+norm,bongo_0856,0,0.000092
bilstm_frozen,advtrain,template,2026,test_structural_3+norm,bongo_0864,1,0.999783
bilstm_frozen,advtrain,template,2026,test_structural_3+norm,bongo_0871,1,0.999025
bilstm_frozen,advtrain,template,2026,test_structural_3+norm,bongo_0872,0,0.005578
bilstm_frozen,advtrain,template,2026,test_structural_3+norm,bongo_0904,0,0.000395
bilstm_frozen,advtrain,template,2026,test_structural_3+norm,bongo_0905,1,0.999694
bilstm_frozen,advtrain,template,2026,test_structural_3+norm,bongo_0909,1,0.998986
bilstm_frozen,advtrain,template,2026,test_structural_3+norm,bongo_0917,1,0.013230
bilstm_frozen,advtrain,template,2026,test_structural_3+norm,bongo_0918,1,0.999297
bilstm_frozen,advtrain,template,2026,test_structural_3+norm,bongo_0950,0,0.000038
bilstm_frozen,advtrain,template,2026,test_structural_3+norm,bongo_0955,1,0.999794
bilstm_frozen,advtrain,template,2026,test_structural_3+norm,bongo_0956,0,0.000019
bilstm_frozen,advtrain,template,2026,test_structural_3+norm,bongo_0971,0,0.000023
bilstm_frozen,advtrain,template,2026,test_structural_3+norm,bongo_0983,0,0.000225
bilstm_frozen,advtrain,template,2026,test_structural_3+norm,bongo_0989,1,0.999617
bilstm_frozen,advtrain,template,2026,test_structural_3+norm,bongo_0994,0,0.000564
bilstm_frozen,advtrain,template,2026,test_structural_3+norm,bongo_1003,1,0.999439
bilstm_frozen,advtrain,template,2026,test_structural_3+norm,bongo_1006,0,0.000057
bilstm_frozen,advtrain,template,2026,test_structural_3+norm,bongo_1012,1,0.259698
bilstm_frozen,advtrain,template,2026,test_structural_3+norm,bongo_1015,0,0.000017
bilstm_frozen,advtrain,template,2026,test_structural_3+norm,bongo_1022,1,0.197089
bilstm_frozen,advtrain,template,2026,test_structural_3+norm,bongo_1037,0,0.000065
bilstm_frozen,advtrain,template,2026,test_structural_3+norm,bongo_1040,0,0.000033
bilstm_frozen,advtrain,template,2026,test_structural_3+norm,bongo_1042,1,0.999497
bilstm_frozen,advtrain,template,2026,test_structural_3+norm,bongo_1047,1,0.999785
bilstm_frozen,advtrain,template,2026,test_structural_3+norm,bongo_1050,0,0.000020
bilstm_frozen,advtrain,template,2026,test_structural_3+norm,bongo_1052,1,0.999460
bilstm_frozen,advtrain,template,2026,test_structural_3+norm,bongo_1059,0,0.000011
bilstm_frozen,advtrain,template,2026,test_structural_3+norm,bongo_1071,0,0.000055
bilstm_frozen,advtrain,template,2026,test_structural_3+norm,bongo_1090,0,0.000014
bilstm_frozen,advtrain,template,2026,test_structural_3+norm,bongo_1104,1,0.999893
bilstm_frozen,advtrain,template,2026,test_structural_3+norm,bongo_1115,0,0.000009
bilstm_frozen,advtrain,template,2026,test_structural_3+norm,bongo_1123,0,0.000078
bilstm_frozen,advtrain,template,2026,test_structural_3+norm,bongo_1125,0,0.017005
bilstm_frozen,advtrain,template,2026,test_structural_3+norm,bongo_1127,1,0.124918
bilstm_frozen,advtrain,template,2026,test_structural_3+norm,bongo_1131,1,0.990316
bilstm_frozen,advtrain,template,2026,test_structural_3+norm,bongo_1134,1,0.255265
bilstm_frozen,advtrain,template,2026,test_structural_3+norm,bongo_1135,0,0.000701
bilstm_frozen,advtrain,template,2026,test_structural_3+norm,bongo_1136,1,0.999408
bilstm_frozen,advtrain,template,2026,test_structural_3+norm,bongo_1138,1,0.999847
bilstm_frozen,advtrain,template,2026,test_structural_3+norm,bongo_1140,1,0.999128
bilstm_frozen,advtrain,template,2026,test_structural_3+norm,bongo_1154,1,0.999550
bilstm_frozen,advtrain,template,2026,test_structural_3+norm,bongo_1155,0,0.000022
bilstm_frozen,advtrain,template,2026,test_structural_3+norm,bongo_1171,1,0.999892
bilstm_frozen,advtrain,template,2026,test_structural_3+norm,bongo_1181,1,0.998812
bilstm_frozen,advtrain,template,2026,test_structural_3+norm,bongo_1185,1,0.134816
bilstm_frozen,advtrain,template,2026,test_structural_3+norm,bongo_1194,0,0.001805
bilstm_frozen,advtrain,template,2026,test_structural_3+norm,bongo_1195,1,0.205070
bilstm_frozen,advtrain,template,2026,test_structural_3+norm,bongo_1198,0,0.000271
bilstm_frozen,advtrain,template,2026,test_structural_3+norm,bongo_1204,1,0.191645
bilstm_frozen,advtrain,template,2026,test_structural_3+norm,bongo_1220,1,0.999783
bilstm_frozen,advtrain,template,2026,test_structural_3+norm,bongo_1233,1,0.999789
bilstm_frozen,advtrain,template,2026,test_structural_3+norm,bongo_1236,0,0.000351
bilstm_frozen,advtrain,template,2026,test_structural_3+norm,bongo_1240,1,0.173992
bilstm_frozen,advtrain,template,2026,test_structural_3+norm,bongo_1244,0,0.000030
bilstm_frozen,advtrain,template,2026,test_structural_3+norm,bongo_1249,0,0.000006
bilstm_frozen,advtrain,template,2026,test_structural_3+norm,bongo_1253,0,0.016226
bilstm_frozen,advtrain,template,2026,test_structural_3+norm,bongo_1260,0,0.000035
bilstm_frozen,advtrain,template,2026,test_structural_3+norm,bongo_1262,0,0.015306
bilstm_frozen,advtrain,template,2026,test_structural_3+norm,bongo_1278,1,0.052723
bilstm_frozen,advtrain,template,2026,test_structural_3+norm,bongo_1285,0,0.000022
bilstm_frozen,advtrain,template,2026,test_structural_3+norm,bongo_1293,1,0.999436
bilstm_frozen,advtrain,template,2026,test_structural_3+norm,bongo_1316,0,0.000149
bilstm_frozen,advtrain,template,2026,test_structural_3+norm,bongo_1327,1,0.217532
bilstm_frozen,advtrain,template,2026,test_structural_3+norm,bongo_1330,0,0.049167
bilstm_frozen,advtrain,template,2026,test_structural_3+norm,bongo_1359,0,0.000247
bilstm_frozen,advtrain,template,2026,test_structural_3+norm,bongo_1375,0,0.000046
bilstm_frozen,advtrain,template,2026,test_structural_all+norm,bongo_0025,1,0.999342
bilstm_frozen,advtrain,template,2026,test_structural_all+norm,bongo_0029,0,0.046893
bilstm_frozen,advtrain,template,2026,test_structural_all+norm,bongo_0039,1,0.997808
bilstm_frozen,advtrain,template,2026,test_structural_all+norm,bongo_0047,1,0.999415
bilstm_frozen,advtrain,template,2026,test_structural_all+norm,bongo_0053,0,0.000034
bilstm_frozen,advtrain,template,2026,test_structural_all+norm,bongo_0055,1,0.022462
bilstm_frozen,advtrain,template,2026,test_structural_all+norm,bongo_0061,1,0.999844
bilstm_frozen,advtrain,template,2026,test_structural_all+norm,bongo_0097,0,0.000570
bilstm_frozen,advtrain,template,2026,test_structural_all+norm,bongo_0107,0,0.000012
bilstm_frozen,advtrain,template,2026,test_structural_all+norm,bongo_0110,0,0.000008
bilstm_frozen,advtrain,template,2026,test_structural_all+norm,bongo_0112,1,0.089684
bilstm_frozen,advtrain,template,2026,test_structural_all+norm,bongo_0115,0,0.000156
bilstm_frozen,advtrain,template,2026,test_structural_all+norm,bongo_0143,0,0.000018
bilstm_frozen,advtrain,template,2026,test_structural_all+norm,bongo_0146,1,0.546109
bilstm_frozen,advtrain,template,2026,test_structural_all+norm,bongo_0154,1,0.999503
bilstm_frozen,advtrain,template,2026,test_structural_all+norm,bongo_0159,1,0.000840
bilstm_frozen,advtrain,template,2026,test_structural_all+norm,bongo_0160,0,0.000046
bilstm_frozen,advtrain,template,2026,test_structural_all+norm,bongo_0172,0,0.089296
bilstm_frozen,advtrain,template,2026,test_structural_all+norm,bongo_0173,1,0.000210
bilstm_frozen,advtrain,template,2026,test_structural_all+norm,bongo_0175,0,0.000019
bilstm_frozen,advtrain,template,2026,test_structural_all+norm,bongo_0182,0,0.000006
bilstm_frozen,advtrain,template,2026,test_structural_all+norm,bongo_0195,1,0.999642
bilstm_frozen,advtrain,template,2026,test_structural_all+norm,bongo_0197,0,0.000030
bilstm_frozen,advtrain,template,2026,test_structural_all+norm,bongo_0201,1,0.999852
bilstm_frozen,advtrain,template,2026,test_structural_all+norm,bongo_0203,1,0.998910
bilstm_frozen,advtrain,template,2026,test_structural_all+norm,bongo_0250,1,0.000675
bilstm_frozen,advtrain,template,2026,test_structural_all+norm,bongo_0253,0,0.000562
bilstm_frozen,advtrain,template,2026,test_structural_all+norm,bongo_0255,1,0.048583
bilstm_frozen,advtrain,template,2026,test_structural_all+norm,bongo_0265,1,0.009338
bilstm_frozen,advtrain,template,2026,test_structural_all+norm,bongo_0271,0,0.000027
bilstm_frozen,advtrain,template,2026,test_structural_all+norm,bongo_0300,0,0.000041
bilstm_frozen,advtrain,template,2026,test_structural_all+norm,bongo_0306,0,0.000122
bilstm_frozen,advtrain,template,2026,test_structural_all+norm,bongo_0356,1,0.003958
bilstm_frozen,advtrain,template,2026,test_structural_all+norm,bongo_0360,1,0.999356
bilstm_frozen,advtrain,template,2026,test_structural_all+norm,bongo_0361,1,0.998611
bilstm_frozen,advtrain,template,2026,test_structural_all+norm,bongo_0363,0,0.000042
bilstm_frozen,advtrain,template,2026,test_structural_all+norm,bongo_0368,0,0.001001
bilstm_frozen,advtrain,template,2026,test_structural_all+norm,bongo_0372,0,0.000109
bilstm_frozen,advtrain,template,2026,test_structural_all+norm,bongo_0380,1,0.000233
bilstm_frozen,advtrain,template,2026,test_structural_all+norm,bongo_0389,0,0.000025
bilstm_frozen,advtrain,template,2026,test_structural_all+norm,bongo_0395,0,0.000787
bilstm_frozen,advtrain,template,2026,test_structural_all+norm,bongo_0405,1,0.572979
bilstm_frozen,advtrain,template,2026,test_structural_all+norm,bongo_0424,1,0.999840
bilstm_frozen,advtrain,template,2026,test_structural_all+norm,bongo_0427,0,0.000401
bilstm_frozen,advtrain,template,2026,test_structural_all+norm,bongo_0434,1,0.009155
bilstm_frozen,advtrain,template,2026,test_structural_all+norm,bongo_0463,0,0.007451
bilstm_frozen,advtrain,template,2026,test_structural_all+norm,bongo_0476,1,0.999132
bilstm_frozen,advtrain,template,2026,test_structural_all+norm,bongo_0510,1,0.997640
bilstm_frozen,advtrain,template,2026,test_structural_all+norm,bongo_0531,0,0.000234
bilstm_frozen,advtrain,template,2026,test_structural_all+norm,bongo_0542,0,0.000018
bilstm_frozen,advtrain,template,2026,test_structural_all+norm,bongo_0545,0,0.000024
bilstm_frozen,advtrain,template,2026,test_structural_all+norm,bongo_0560,1,0.999721
bilstm_frozen,advtrain,template,2026,test_structural_all+norm,bongo_0565,1,0.000098
bilstm_frozen,advtrain,template,2026,test_structural_all+norm,bongo_0566,1,0.896042
bilstm_frozen,advtrain,template,2026,test_structural_all+norm,bongo_0571,0,0.000019
bilstm_frozen,advtrain,template,2026,test_structural_all+norm,bongo_0577,1,0.991883
bilstm_frozen,advtrain,template,2026,test_structural_all+norm,bongo_0580,1,0.999686
bilstm_frozen,advtrain,template,2026,test_structural_all+norm,bongo_0621,1,0.917554
bilstm_frozen,advtrain,template,2026,test_structural_all+norm,bongo_0624,1,0.998763
bilstm_frozen,advtrain,template,2026,test_structural_all+norm,bongo_0630,0,0.000400
bilstm_frozen,advtrain,template,2026,test_structural_all+norm,bongo_0638,1,0.603475
bilstm_frozen,advtrain,template,2026,test_structural_all+norm,bongo_0648,0,0.040359
bilstm_frozen,advtrain,template,2026,test_structural_all+norm,bongo_0674,0,0.000016
bilstm_frozen,advtrain,template,2026,test_structural_all+norm,bongo_0685,0,0.039352
bilstm_frozen,advtrain,template,2026,test_structural_all+norm,bongo_0697,1,0.000282
bilstm_frozen,advtrain,template,2026,test_structural_all+norm,bongo_0701,0,0.000031
bilstm_frozen,advtrain,template,2026,test_structural_all+norm,bongo_0706,1,0.060507
bilstm_frozen,advtrain,template,2026,test_structural_all+norm,bongo_0719,1,0.000495
bilstm_frozen,advtrain,template,2026,test_structural_all+norm,bongo_0721,1,0.408432
bilstm_frozen,advtrain,template,2026,test_structural_all+norm,bongo_0724,1,0.090192
bilstm_frozen,advtrain,template,2026,test_structural_all+norm,bongo_0729,1,0.999410
bilstm_frozen,advtrain,template,2026,test_structural_all+norm,bongo_0741,0,0.000021
bilstm_frozen,advtrain,template,2026,test_structural_all+norm,bongo_0749,1,0.001804
bilstm_frozen,advtrain,template,2026,test_structural_all+norm,bongo_0769,1,0.998178
bilstm_frozen,advtrain,template,2026,test_structural_all+norm,bongo_0770,1,0.000412
bilstm_frozen,advtrain,template,2026,test_structural_all+norm,bongo_0778,1,0.009254
bilstm_frozen,advtrain,template,2026,test_structural_all+norm,bongo_0787,1,0.997517
bilstm_frozen,advtrain,template,2026,test_structural_all+norm,bongo_0795,0,0.000320
bilstm_frozen,advtrain,template,2026,test_structural_all+norm,bongo_0806,1,0.000060
bilstm_frozen,advtrain,template,2026,test_structural_all+norm,bongo_0807,1,0.998793
bilstm_frozen,advtrain,template,2026,test_structural_all+norm,bongo_0818,0,0.010798
bilstm_frozen,advtrain,template,2026,test_structural_all+norm,bongo_0819,0,0.000204
bilstm_frozen,advtrain,template,2026,test_structural_all+norm,bongo_0835,0,0.000019
bilstm_frozen,advtrain,template,2026,test_structural_all+norm,bongo_0840,1,0.998999
bilstm_frozen,advtrain,template,2026,test_structural_all+norm,bongo_0855,1,0.000023
bilstm_frozen,advtrain,template,2026,test_structural_all+norm,bongo_0856,0,0.000092
bilstm_frozen,advtrain,template,2026,test_structural_all+norm,bongo_0864,1,0.997851
bilstm_frozen,advtrain,template,2026,test_structural_all+norm,bongo_0871,1,0.997992
bilstm_frozen,advtrain,template,2026,test_structural_all+norm,bongo_0872,0,0.005578
bilstm_frozen,advtrain,template,2026,test_structural_all+norm,bongo_0904,0,0.000395
bilstm_frozen,advtrain,template,2026,test_structural_all+norm,bongo_0905,1,0.999849
bilstm_frozen,advtrain,template,2026,test_structural_all+norm,bongo_0909,1,0.943366
bilstm_frozen,advtrain,template,2026,test_structural_all+norm,bongo_0917,1,0.000875
bilstm_frozen,advtrain,template,2026,test_structural_all+norm,bongo_0918,1,0.986891
bilstm_frozen,advtrain,template,2026,test_structural_all+norm,bongo_0950,0,0.000038
bilstm_frozen,advtrain,template,2026,test_structural_all+norm,bongo_0955,1,0.999871
bilstm_frozen,advtrain,template,2026,test_structural_all+norm,bongo_0956,0,0.000019
bilstm_frozen,advtrain,template,2026,test_structural_all+norm,bongo_0971,0,0.000023
bilstm_frozen,advtrain,template,2026,test_structural_all+norm,bongo_0983,0,0.000225
bilstm_frozen,advtrain,template,2026,test_structural_all+norm,bongo_0989,1,0.998333
bilstm_frozen,advtrain,template,2026,test_structural_all+norm,bongo_0994,0,0.000564
bilstm_frozen,advtrain,template,2026,test_structural_all+norm,bongo_1003,1,0.999746
bilstm_frozen,advtrain,template,2026,test_structural_all+norm,bongo_1006,0,0.000057
bilstm_frozen,advtrain,template,2026,test_structural_all+norm,bongo_1012,1,0.000756
bilstm_frozen,advtrain,template,2026,test_structural_all+norm,bongo_1015,0,0.000017
bilstm_frozen,advtrain,template,2026,test_structural_all+norm,bongo_1022,1,0.000202
bilstm_frozen,advtrain,template,2026,test_structural_all+norm,bongo_1037,0,0.000065
bilstm_frozen,advtrain,template,2026,test_structural_all+norm,bongo_1040,0,0.000033
bilstm_frozen,advtrain,template,2026,test_structural_all+norm,bongo_1042,1,0.860972
bilstm_frozen,advtrain,template,2026,test_structural_all+norm,bongo_1047,1,0.999820
bilstm_frozen,advtrain,template,2026,test_structural_all+norm,bongo_1050,0,0.000020
bilstm_frozen,advtrain,template,2026,test_structural_all+norm,bongo_1052,1,0.706157
bilstm_frozen,advtrain,template,2026,test_structural_all+norm,bongo_1059,0,0.000011
bilstm_frozen,advtrain,template,2026,test_structural_all+norm,bongo_1071,0,0.000055
bilstm_frozen,advtrain,template,2026,test_structural_all+norm,bongo_1090,0,0.000014
bilstm_frozen,advtrain,template,2026,test_structural_all+norm,bongo_1104,1,0.938583
bilstm_frozen,advtrain,template,2026,test_structural_all+norm,bongo_1115,0,0.000009
bilstm_frozen,advtrain,template,2026,test_structural_all+norm,bongo_1123,0,0.000078
bilstm_frozen,advtrain,template,2026,test_structural_all+norm,bongo_1125,0,0.017005
bilstm_frozen,advtrain,template,2026,test_structural_all+norm,bongo_1127,1,0.000460
bilstm_frozen,advtrain,template,2026,test_structural_all+norm,bongo_1131,1,0.990316
bilstm_frozen,advtrain,template,2026,test_structural_all+norm,bongo_1134,1,0.013503
bilstm_frozen,advtrain,template,2026,test_structural_all+norm,bongo_1135,0,0.000701
bilstm_frozen,advtrain,template,2026,test_structural_all+norm,bongo_1136,1,0.825053
bilstm_frozen,advtrain,template,2026,test_structural_all+norm,bongo_1138,1,0.997636
bilstm_frozen,advtrain,template,2026,test_structural_all+norm,bongo_1140,1,0.254586
bilstm_frozen,advtrain,template,2026,test_structural_all+norm,bongo_1154,1,0.038208
bilstm_frozen,advtrain,template,2026,test_structural_all+norm,bongo_1155,0,0.000022
bilstm_frozen,advtrain,template,2026,test_structural_all+norm,bongo_1171,1,0.908284
bilstm_frozen,advtrain,template,2026,test_structural_all+norm,bongo_1181,1,0.998774
bilstm_frozen,advtrain,template,2026,test_structural_all+norm,bongo_1185,1,0.000042
bilstm_frozen,advtrain,template,2026,test_structural_all+norm,bongo_1194,0,0.001805
bilstm_frozen,advtrain,template,2026,test_structural_all+norm,bongo_1195,1,0.000297
bilstm_frozen,advtrain,template,2026,test_structural_all+norm,bongo_1198,0,0.000271
bilstm_frozen,advtrain,template,2026,test_structural_all+norm,bongo_1204,1,0.000373
bilstm_frozen,advtrain,template,2026,test_structural_all+norm,bongo_1220,1,0.998785
bilstm_frozen,advtrain,template,2026,test_structural_all+norm,bongo_1233,1,0.956774
bilstm_frozen,advtrain,template,2026,test_structural_all+norm,bongo_1236,0,0.000351
bilstm_frozen,advtrain,template,2026,test_structural_all+norm,bongo_1240,1,0.017691
bilstm_frozen,advtrain,template,2026,test_structural_all+norm,bongo_1244,0,0.000030
bilstm_frozen,advtrain,template,2026,test_structural_all+norm,bongo_1249,0,0.000006
bilstm_frozen,advtrain,template,2026,test_structural_all+norm,bongo_1253,0,0.016226
bilstm_frozen,advtrain,template,2026,test_structural_all+norm,bongo_1260,0,0.000035
bilstm_frozen,advtrain,template,2026,test_structural_all+norm,bongo_1262,0,0.015306
bilstm_frozen,advtrain,template,2026,test_structural_all+norm,bongo_1278,1,0.000070
bilstm_frozen,advtrain,template,2026,test_structural_all+norm,bongo_1285,0,0.000022
bilstm_frozen,advtrain,template,2026,test_structural_all+norm,bongo_1293,1,0.991364
bilstm_frozen,advtrain,template,2026,test_structural_all+norm,bongo_1316,0,0.000149
bilstm_frozen,advtrain,template,2026,test_structural_all+norm,bongo_1327,1,0.000639
bilstm_frozen,advtrain,template,2026,test_structural_all+norm,bongo_1330,0,0.049167
bilstm_frozen,advtrain,template,2026,test_structural_all+norm,bongo_1359,0,0.000247
bilstm_frozen,advtrain,template,2026,test_structural_all+norm,bongo_1375,0,0.000046
bilstm_frozen,advtrain,template,2026,test_codeswitch_1+norm,bongo_0025,1,0.999747
bilstm_frozen,advtrain,template,2026,test_codeswitch_1+norm,bongo_0029,0,0.046893
bilstm_frozen,advtrain,template,2026,test_codeswitch_1+norm,bongo_0039,1,0.999747
bilstm_frozen,advtrain,template,2026,test_codeswitch_1+norm,bongo_0047,1,0.999733
bilstm_frozen,advtrain,template,2026,test_codeswitch_1+norm,bongo_0053,0,0.000034
bilstm_frozen,advtrain,template,2026,test_codeswitch_1+norm,bongo_0055,1,0.217165
bilstm_frozen,advtrain,template,2026,test_codeswitch_1+norm,bongo_0061,1,0.999819
bilstm_frozen,advtrain,template,2026,test_codeswitch_1+norm,bongo_0097,0,0.000570
bilstm_frozen,advtrain,template,2026,test_codeswitch_1+norm,bongo_0107,0,0.000012
bilstm_frozen,advtrain,template,2026,test_codeswitch_1+norm,bongo_0110,0,0.000008
bilstm_frozen,advtrain,template,2026,test_codeswitch_1+norm,bongo_0112,1,0.250835
bilstm_frozen,advtrain,template,2026,test_codeswitch_1+norm,bongo_0115,0,0.000156
bilstm_frozen,advtrain,template,2026,test_codeswitch_1+norm,bongo_0143,0,0.000018
bilstm_frozen,advtrain,template,2026,test_codeswitch_1+norm,bongo_0146,1,0.999468
bilstm_frozen,advtrain,template,2026,test_codeswitch_1+norm,bongo_0154,1,0.999537
bilstm_frozen,advtrain,template,2026,test_codeswitch_1+norm,bongo_0159,1,0.216309
bilstm_frozen,advtrain,template,2026,test_codeswitch_1+norm,bongo_0160,0,0.000046
bilstm_frozen,advtrain,template,2026,test_codeswitch_1+norm,bongo_0172,0,0.089296
bilstm_frozen,advtrain,template,2026,test_codeswitch_1+norm,bongo_0173,1,0.011756
bilstm_frozen,advtrain,template,2026,test_codeswitch_1+norm,bongo_0175,0,0.000019
bilstm_frozen,advtrain,template,2026,test_codeswitch_1+norm,bongo_0182,0,0.000006
bilstm_frozen,advtrain,template,2026,test_codeswitch_1+norm,bongo_0195,1,0.999403
bilstm_frozen,advtrain,template,2026,test_codeswitch_1+norm,bongo_0197,0,0.000030
bilstm_frozen,advtrain,template,2026,test_codeswitch_1+norm,bongo_0201,1,0.999847
bilstm_frozen,advtrain,template,2026,test_codeswitch_1+norm,bongo_0203,1,0.999741
bilstm_frozen,advtrain,template,2026,test_codeswitch_1+norm,bongo_0250,1,0.216309
bilstm_frozen,advtrain,template,2026,test_codeswitch_1+norm,bongo_0253,0,0.000562
bilstm_frozen,advtrain,template,2026,test_codeswitch_1+norm,bongo_0255,1,0.176056
bilstm_frozen,advtrain,template,2026,test_codeswitch_1+norm,bongo_0265,1,0.009733
bilstm_frozen,advtrain,template,2026,test_codeswitch_1+norm,bongo_0271,0,0.000027
bilstm_frozen,advtrain,template,2026,test_codeswitch_1+norm,bongo_0300,0,0.000041
bilstm_frozen,advtrain,template,2026,test_codeswitch_1+norm,bongo_0306,0,0.000122
bilstm_frozen,advtrain,template,2026,test_codeswitch_1+norm,bongo_0356,1,0.251218
bilstm_frozen,advtrain,template,2026,test_codeswitch_1+norm,bongo_0360,1,0.999416
bilstm_frozen,advtrain,template,2026,test_codeswitch_1+norm,bongo_0361,1,0.999740
bilstm_frozen,advtrain,template,2026,test_codeswitch_1+norm,bongo_0363,0,0.000042
bilstm_frozen,advtrain,template,2026,test_codeswitch_1+norm,bongo_0368,0,0.001001
bilstm_frozen,advtrain,template,2026,test_codeswitch_1+norm,bongo_0372,0,0.000109
bilstm_frozen,advtrain,template,2026,test_codeswitch_1+norm,bongo_0380,1,0.176460
bilstm_frozen,advtrain,template,2026,test_codeswitch_1+norm,bongo_0389,0,0.000025
bilstm_frozen,advtrain,template,2026,test_codeswitch_1+norm,bongo_0395,0,0.000787
bilstm_frozen,advtrain,template,2026,test_codeswitch_1+norm,bongo_0405,1,0.999101
bilstm_frozen,advtrain,template,2026,test_codeswitch_1+norm,bongo_0424,1,0.999825
bilstm_frozen,advtrain,template,2026,test_codeswitch_1+norm,bongo_0427,0,0.000401
bilstm_frozen,advtrain,template,2026,test_codeswitch_1+norm,bongo_0434,1,0.217165
bilstm_frozen,advtrain,template,2026,test_codeswitch_1+norm,bongo_0463,0,0.007451
bilstm_frozen,advtrain,template,2026,test_codeswitch_1+norm,bongo_0476,1,0.999532
bilstm_frozen,advtrain,template,2026,test_codeswitch_1+norm,bongo_0510,1,0.999370
bilstm_frozen,advtrain,template,2026,test_codeswitch_1+norm,bongo_0531,0,0.000234
bilstm_frozen,advtrain,template,2026,test_codeswitch_1+norm,bongo_0542,0,0.000018
bilstm_frozen,advtrain,template,2026,test_codeswitch_1+norm,bongo_0545,0,0.000024
bilstm_frozen,advtrain,template,2026,test_codeswitch_1+norm,bongo_0560,1,0.999636
bilstm_frozen,advtrain,template,2026,test_codeswitch_1+norm,bongo_0565,1,0.186772
bilstm_frozen,advtrain,template,2026,test_codeswitch_1+norm,bongo_0566,1,0.999791
bilstm_frozen,advtrain,template,2026,test_codeswitch_1+norm,bongo_0571,0,0.000019
bilstm_frozen,advtrain,template,2026,test_codeswitch_1+norm,bongo_0577,1,0.999089
bilstm_frozen,advtrain,template,2026,test_codeswitch_1+norm,bongo_0580,1,0.999380
bilstm_frozen,advtrain,template,2026,test_codeswitch_1+norm,bongo_0621,1,0.999502
bilstm_frozen,advtrain,template,2026,test_codeswitch_1+norm,bongo_0624,1,0.999736
bilstm_frozen,advtrain,template,2026,test_codeswitch_1+norm,bongo_0630,0,0.000400
bilstm_frozen,advtrain,template,2026,test_codeswitch_1+norm,bongo_0638,1,0.999696
bilstm_frozen,advtrain,template,2026,test_codeswitch_1+norm,bongo_0648,0,0.040359
bilstm_frozen,advtrain,template,2026,test_codeswitch_1+norm,bongo_0674,0,0.000016
bilstm_frozen,advtrain,template,2026,test_codeswitch_1+norm,bongo_0685,0,0.039352
bilstm_frozen,advtrain,template,2026,test_codeswitch_1+norm,bongo_0697,1,0.186772
bilstm_frozen,advtrain,template,2026,test_codeswitch_1+norm,bongo_0701,0,0.000031
bilstm_frozen,advtrain,template,2026,test_codeswitch_1+norm,bongo_0706,1,0.252897
bilstm_frozen,advtrain,template,2026,test_codeswitch_1+norm,bongo_0719,1,0.176627
bilstm_frozen,advtrain,template,2026,test_codeswitch_1+norm,bongo_0721,1,0.999335
bilstm_frozen,advtrain,template,2026,test_codeswitch_1+norm,bongo_0724,1,0.186401
bilstm_frozen,advtrain,template,2026,test_codeswitch_1+norm,bongo_0729,1,0.999311
bilstm_frozen,advtrain,template,2026,test_codeswitch_1+norm,bongo_0741,0,0.000021
bilstm_frozen,advtrain,template,2026,test_codeswitch_1+norm,bongo_0749,1,0.236904
bilstm_frozen,advtrain,template,2026,test_codeswitch_1+norm,bongo_0769,1,0.998454
bilstm_frozen,advtrain,template,2026,test_codeswitch_1+norm,bongo_0770,1,0.217165
bilstm_frozen,advtrain,template,2026,test_codeswitch_1+norm,bongo_0778,1,0.238621
bilstm_frozen,advtrain,template,2026,test_codeswitch_1+norm,bongo_0787,1,0.999416
bilstm_frozen,advtrain,template,2026,test_codeswitch_1+norm,bongo_0795,0,0.000320
bilstm_frozen,advtrain,template,2026,test_codeswitch_1+norm,bongo_0806,1,0.186401
bilstm_frozen,advtrain,template,2026,test_codeswitch_1+norm,bongo_0807,1,0.999274
bilstm_frozen,advtrain,template,2026,test_codeswitch_1+norm,bongo_0818,0,0.010798
bilstm_frozen,advtrain,template,2026,test_codeswitch_1+norm,bongo_0819,0,0.000204
bilstm_frozen,advtrain,template,2026,test_codeswitch_1+norm,bongo_0835,0,0.000019
bilstm_frozen,advtrain,template,2026,test_codeswitch_1+norm,bongo_0840,1,0.999414
bilstm_frozen,advtrain,template,2026,test_codeswitch_1+norm,bongo_0855,1,0.187034
bilstm_frozen,advtrain,template,2026,test_codeswitch_1+norm,bongo_0856,0,0.000092
bilstm_frozen,advtrain,template,2026,test_codeswitch_1+norm,bongo_0864,1,0.999746
bilstm_frozen,advtrain,template,2026,test_codeswitch_1+norm,bongo_0871,1,0.999741
bilstm_frozen,advtrain,template,2026,test_codeswitch_1+norm,bongo_0872,0,0.005578
bilstm_frozen,advtrain,template,2026,test_codeswitch_1+norm,bongo_0904,0,0.000395
bilstm_frozen,advtrain,template,2026,test_codeswitch_1+norm,bongo_0905,1,0.999750
bilstm_frozen,advtrain,template,2026,test_codeswitch_1+norm,bongo_0909,1,0.999063
bilstm_frozen,advtrain,template,2026,test_codeswitch_1+norm,bongo_0917,1,0.215573
bilstm_frozen,advtrain,template,2026,test_codeswitch_1+norm,bongo_0918,1,0.999305
bilstm_frozen,advtrain,template,2026,test_codeswitch_1+norm,bongo_0950,0,0.000038
bilstm_frozen,advtrain,template,2026,test_codeswitch_1+norm,bongo_0955,1,0.999829
bilstm_frozen,advtrain,template,2026,test_codeswitch_1+norm,bongo_0956,0,0.000019
bilstm_frozen,advtrain,template,2026,test_codeswitch_1+norm,bongo_0971,0,0.000023
bilstm_frozen,advtrain,template,2026,test_codeswitch_1+norm,bongo_0983,0,0.000225
bilstm_frozen,advtrain,template,2026,test_codeswitch_1+norm,bongo_0989,1,0.999741
bilstm_frozen,advtrain,template,2026,test_codeswitch_1+norm,bongo_0994,0,0.000564
bilstm_frozen,advtrain,template,2026,test_codeswitch_1+norm,bongo_1003,1,0.999641
bilstm_frozen,advtrain,template,2026,test_codeswitch_1+norm,bongo_1006,0,0.000057
bilstm_frozen,advtrain,template,2026,test_codeswitch_1+norm,bongo_1012,1,0.237104
bilstm_frozen,advtrain,template,2026,test_codeswitch_1+norm,bongo_1015,0,0.000017
bilstm_frozen,advtrain,template,2026,test_codeswitch_1+norm,bongo_1022,1,0.177311
bilstm_frozen,advtrain,template,2026,test_codeswitch_1+norm,bongo_1037,0,0.000065
bilstm_frozen,advtrain,template,2026,test_codeswitch_1+norm,bongo_1040,0,0.000033
bilstm_frozen,advtrain,template,2026,test_codeswitch_1+norm,bongo_1042,1,0.999170
bilstm_frozen,advtrain,template,2026,test_codeswitch_1+norm,bongo_1047,1,0.999749
bilstm_frozen,advtrain,template,2026,test_codeswitch_1+norm,bongo_1050,0,0.000020
bilstm_frozen,advtrain,template,2026,test_codeswitch_1+norm,bongo_1052,1,0.999452
bilstm_frozen,advtrain,template,2026,test_codeswitch_1+norm,bongo_1059,0,0.000011
bilstm_frozen,advtrain,template,2026,test_codeswitch_1+norm,bongo_1071,0,0.000055
bilstm_frozen,advtrain,template,2026,test_codeswitch_1+norm,bongo_1090,0,0.000014
bilstm_frozen,advtrain,template,2026,test_codeswitch_1+norm,bongo_1104,1,0.999823
bilstm_frozen,advtrain,template,2026,test_codeswitch_1+norm,bongo_1115,0,0.000009
bilstm_frozen,advtrain,template,2026,test_codeswitch_1+norm,bongo_1123,0,0.000078
bilstm_frozen,advtrain,template,2026,test_codeswitch_1+norm,bongo_1125,0,0.017005
bilstm_frozen,advtrain,template,2026,test_codeswitch_1+norm,bongo_1127,1,0.045819
bilstm_frozen,advtrain,template,2026,test_codeswitch_1+norm,bongo_1131,1,0.999754
bilstm_frozen,advtrain,template,2026,test_codeswitch_1+norm,bongo_1134,1,0.249541
bilstm_frozen,advtrain,template,2026,test_codeswitch_1+norm,bongo_1135,0,0.000701
bilstm_frozen,advtrain,template,2026,test_codeswitch_1+norm,bongo_1136,1,0.999379
bilstm_frozen,advtrain,template,2026,test_codeswitch_1+norm,bongo_1138,1,0.999748
bilstm_frozen,advtrain,template,2026,test_codeswitch_1+norm,bongo_1140,1,0.999164
bilstm_frozen,advtrain,template,2026,test_codeswitch_1+norm,bongo_1154,1,0.999570
bilstm_frozen,advtrain,template,2026,test_codeswitch_1+norm,bongo_1155,0,0.000022
bilstm_frozen,advtrain,template,2026,test_codeswitch_1+norm,bongo_1171,1,0.999822
bilstm_frozen,advtrain,template,2026,test_codeswitch_1+norm,bongo_1181,1,0.999383
bilstm_frozen,advtrain,template,2026,test_codeswitch_1+norm,bongo_1185,1,0.175970
bilstm_frozen,advtrain,template,2026,test_codeswitch_1+norm,bongo_1194,0,0.001805
bilstm_frozen,advtrain,template,2026,test_codeswitch_1+norm,bongo_1195,1,0.187579
bilstm_frozen,advtrain,template,2026,test_codeswitch_1+norm,bongo_1198,0,0.000271
bilstm_frozen,advtrain,template,2026,test_codeswitch_1+norm,bongo_1204,1,0.216097
bilstm_frozen,advtrain,template,2026,test_codeswitch_1+norm,bongo_1220,1,0.999753
bilstm_frozen,advtrain,template,2026,test_codeswitch_1+norm,bongo_1233,1,0.999796
bilstm_frozen,advtrain,template,2026,test_codeswitch_1+norm,bongo_1236,0,0.000351
bilstm_frozen,advtrain,template,2026,test_codeswitch_1+norm,bongo_1240,1,0.176056
bilstm_frozen,advtrain,template,2026,test_codeswitch_1+norm,bongo_1244,0,0.000030
bilstm_frozen,advtrain,template,2026,test_codeswitch_1+norm,bongo_1249,0,0.000006
bilstm_frozen,advtrain,template,2026,test_codeswitch_1+norm,bongo_1253,0,0.016226
bilstm_frozen,advtrain,template,2026,test_codeswitch_1+norm,bongo_1260,0,0.000035
bilstm_frozen,advtrain,template,2026,test_codeswitch_1+norm,bongo_1262,0,0.015306
bilstm_frozen,advtrain,template,2026,test_codeswitch_1+norm,bongo_1278,1,0.235757
bilstm_frozen,advtrain,template,2026,test_codeswitch_1+norm,bongo_1285,0,0.000022
bilstm_frozen,advtrain,template,2026,test_codeswitch_1+norm,bongo_1293,1,0.999393
bilstm_frozen,advtrain,template,2026,test_codeswitch_1+norm,bongo_1316,0,0.000149
bilstm_frozen,advtrain,template,2026,test_codeswitch_1+norm,bongo_1327,1,0.215477
bilstm_frozen,advtrain,template,2026,test_codeswitch_1+norm,bongo_1330,0,0.049167
bilstm_frozen,advtrain,template,2026,test_codeswitch_1+norm,bongo_1359,0,0.000247
bilstm_frozen,advtrain,template,2026,test_codeswitch_1+norm,bongo_1375,0,0.000046
bilstm_frozen,advtrain,template,2026,test_codeswitch_3+norm,bongo_0025,1,0.999784
bilstm_frozen,advtrain,template,2026,test_codeswitch_3+norm,bongo_0029,0,0.046893
bilstm_frozen,advtrain,template,2026,test_codeswitch_3+norm,bongo_0039,1,0.999729
bilstm_frozen,advtrain,template,2026,test_codeswitch_3+norm,bongo_0047,1,0.999733
bilstm_frozen,advtrain,template,2026,test_codeswitch_3+norm,bongo_0053,0,0.000034
bilstm_frozen,advtrain,template,2026,test_codeswitch_3+norm,bongo_0055,1,0.201830
bilstm_frozen,advtrain,template,2026,test_codeswitch_3+norm,bongo_0061,1,0.999819
bilstm_frozen,advtrain,template,2026,test_codeswitch_3+norm,bongo_0097,0,0.000570
bilstm_frozen,advtrain,template,2026,test_codeswitch_3+norm,bongo_0107,0,0.000012
bilstm_frozen,advtrain,template,2026,test_codeswitch_3+norm,bongo_0110,0,0.000008
bilstm_frozen,advtrain,template,2026,test_codeswitch_3+norm,bongo_0112,1,0.234376
bilstm_frozen,advtrain,template,2026,test_codeswitch_3+norm,bongo_0115,0,0.000156
bilstm_frozen,advtrain,template,2026,test_codeswitch_3+norm,bongo_0143,0,0.000018
bilstm_frozen,advtrain,template,2026,test_codeswitch_3+norm,bongo_0146,1,0.998953
bilstm_frozen,advtrain,template,2026,test_codeswitch_3+norm,bongo_0154,1,0.999622
bilstm_frozen,advtrain,template,2026,test_codeswitch_3+norm,bongo_0159,1,0.200286
bilstm_frozen,advtrain,template,2026,test_codeswitch_3+norm,bongo_0160,0,0.000046
bilstm_frozen,advtrain,template,2026,test_codeswitch_3+norm,bongo_0172,0,0.089296
bilstm_frozen,advtrain,template,2026,test_codeswitch_3+norm,bongo_0173,1,0.121879
bilstm_frozen,advtrain,template,2026,test_codeswitch_3+norm,bongo_0175,0,0.000019
bilstm_frozen,advtrain,template,2026,test_codeswitch_3+norm,bongo_0182,0,0.000006
bilstm_frozen,advtrain,template,2026,test_codeswitch_3+norm,bongo_0195,1,0.999403
bilstm_frozen,advtrain,template,2026,test_codeswitch_3+norm,bongo_0197,0,0.000030
bilstm_frozen,advtrain,template,2026,test_codeswitch_3+norm,bongo_0201,1,0.999836
bilstm_frozen,advtrain,template,2026,test_codeswitch_3+norm,bongo_0203,1,0.999781
bilstm_frozen,advtrain,template,2026,test_codeswitch_3+norm,bongo_0250,1,0.200286
bilstm_frozen,advtrain,template,2026,test_codeswitch_3+norm,bongo_0253,0,0.000562
bilstm_frozen,advtrain,template,2026,test_codeswitch_3+norm,bongo_0255,1,0.160561
bilstm_frozen,advtrain,template,2026,test_codeswitch_3+norm,bongo_0265,1,0.111649
bilstm_frozen,advtrain,template,2026,test_codeswitch_3+norm,bongo_0271,0,0.000027
bilstm_frozen,advtrain,template,2026,test_codeswitch_3+norm,bongo_0300,0,0.000041
bilstm_frozen,advtrain,template,2026,test_codeswitch_3+norm,bongo_0306,0,0.000122
bilstm_frozen,advtrain,template,2026,test_codeswitch_3+norm,bongo_0356,1,0.234713
bilstm_frozen,advtrain,template,2026,test_codeswitch_3+norm,bongo_0360,1,0.999050
bilstm_frozen,advtrain,template,2026,test_codeswitch_3+norm,bongo_0361,1,0.999781
bilstm_frozen,advtrain,template,2026,test_codeswitch_3+norm,bongo_0363,0,0.000042
bilstm_frozen,advtrain,template,2026,test_codeswitch_3+norm,bongo_0368,0,0.001001
bilstm_frozen,advtrain,template,2026,test_codeswitch_3+norm,bongo_0372,0,0.000109
bilstm_frozen,advtrain,template,2026,test_codeswitch_3+norm,bongo_0380,1,0.161443
bilstm_frozen,advtrain,template,2026,test_codeswitch_3+norm,bongo_0389,0,0.000025
bilstm_frozen,advtrain,template,2026,test_codeswitch_3+norm,bongo_0395,0,0.000787
bilstm_frozen,advtrain,template,2026,test_codeswitch_3+norm,bongo_0405,1,0.999784
bilstm_frozen,advtrain,template,2026,test_codeswitch_3+norm,bongo_0424,1,0.999823
bilstm_frozen,advtrain,template,2026,test_codeswitch_3+norm,bongo_0427,0,0.000401
bilstm_frozen,advtrain,template,2026,test_codeswitch_3+norm,bongo_0434,1,0.201830
bilstm_frozen,advtrain,template,2026,test_codeswitch_3+norm,bongo_0463,0,0.007451
bilstm_frozen,advtrain,template,2026,test_codeswitch_3+norm,bongo_0476,1,0.999532
bilstm_frozen,advtrain,template,2026,test_codeswitch_3+norm,bongo_0510,1,0.999837
bilstm_frozen,advtrain,template,2026,test_codeswitch_3+norm,bongo_0531,0,0.000234
bilstm_frozen,advtrain,template,2026,test_codeswitch_3+norm,bongo_0542,0,0.000018
bilstm_frozen,advtrain,template,2026,test_codeswitch_3+norm,bongo_0545,0,0.000024
bilstm_frozen,advtrain,template,2026,test_codeswitch_3+norm,bongo_0560,1,0.999636
bilstm_frozen,advtrain,template,2026,test_codeswitch_3+norm,bongo_0565,1,0.175009
bilstm_frozen,advtrain,template,2026,test_codeswitch_3+norm,bongo_0566,1,0.999579
bilstm_frozen,advtrain,template,2026,test_codeswitch_3+norm,bongo_0571,0,0.000019
bilstm_frozen,advtrain,template,2026,test_codeswitch_3+norm,bongo_0577,1,0.999740
bilstm_frozen,advtrain,template,2026,test_codeswitch_3+norm,bongo_0580,1,0.999380
bilstm_frozen,advtrain,template,2026,test_codeswitch_3+norm,bongo_0621,1,0.999583
bilstm_frozen,advtrain,template,2026,test_codeswitch_3+norm,bongo_0624,1,0.999737
bilstm_frozen,advtrain,template,2026,test_codeswitch_3+norm,bongo_0630,0,0.000400
bilstm_frozen,advtrain,template,2026,test_codeswitch_3+norm,bongo_0638,1,0.999403
bilstm_frozen,advtrain,template,2026,test_codeswitch_3+norm,bongo_0648,0,0.040359
bilstm_frozen,advtrain,template,2026,test_codeswitch_3+norm,bongo_0674,0,0.000016
bilstm_frozen,advtrain,template,2026,test_codeswitch_3+norm,bongo_0685,0,0.039352
bilstm_frozen,advtrain,template,2026,test_codeswitch_3+norm,bongo_0697,1,0.175009
bilstm_frozen,advtrain,template,2026,test_codeswitch_3+norm,bongo_0701,0,0.000031
bilstm_frozen,advtrain,template,2026,test_codeswitch_3+norm,bongo_0706,1,0.236633
bilstm_frozen,advtrain,template,2026,test_codeswitch_3+norm,bongo_0719,1,0.161387
bilstm_frozen,advtrain,template,2026,test_codeswitch_3+norm,bongo_0721,1,0.999310
bilstm_frozen,advtrain,template,2026,test_codeswitch_3+norm,bongo_0724,1,0.174000
bilstm_frozen,advtrain,template,2026,test_codeswitch_3+norm,bongo_0729,1,0.999311
bilstm_frozen,advtrain,template,2026,test_codeswitch_3+norm,bongo_0741,0,0.000021
bilstm_frozen,advtrain,template,2026,test_codeswitch_3+norm,bongo_0749,1,0.220210
bilstm_frozen,advtrain,template,2026,test_codeswitch_3+norm,bongo_0769,1,0.999665
bilstm_frozen,advtrain,template,2026,test_codeswitch_3+norm,bongo_0770,1,0.201830
bilstm_frozen,advtrain,template,2026,test_codeswitch_3+norm,bongo_0778,1,0.222378
bilstm_frozen,advtrain,template,2026,test_codeswitch_3+norm,bongo_0787,1,0.999049
bilstm_frozen,advtrain,template,2026,test_codeswitch_3+norm,bongo_0795,0,0.000320
bilstm_frozen,advtrain,template,2026,test_codeswitch_3+norm,bongo_0806,1,0.174000
bilstm_frozen,advtrain,template,2026,test_codeswitch_3+norm,bongo_0807,1,0.999812
bilstm_frozen,advtrain,template,2026,test_codeswitch_3+norm,bongo_0818,0,0.010798
bilstm_frozen,advtrain,template,2026,test_codeswitch_3+norm,bongo_0819,0,0.000204
bilstm_frozen,advtrain,template,2026,test_codeswitch_3+norm,bongo_0835,0,0.000019
bilstm_frozen,advtrain,template,2026,test_codeswitch_3+norm,bongo_0840,1,0.999047
bilstm_frozen,advtrain,template,2026,test_codeswitch_3+norm,bongo_0855,1,0.174923
bilstm_frozen,advtrain,template,2026,test_codeswitch_3+norm,bongo_0856,0,0.000092
bilstm_frozen,advtrain,template,2026,test_codeswitch_3+norm,bongo_0864,1,0.999727
bilstm_frozen,advtrain,template,2026,test_codeswitch_3+norm,bongo_0871,1,0.999743
bilstm_frozen,advtrain,template,2026,test_codeswitch_3+norm,bongo_0872,0,0.005578
bilstm_frozen,advtrain,template,2026,test_codeswitch_3+norm,bongo_0904,0,0.000395
bilstm_frozen,advtrain,template,2026,test_codeswitch_3+norm,bongo_0905,1,0.999732
bilstm_frozen,advtrain,template,2026,test_codeswitch_3+norm,bongo_0909,1,0.999762
bilstm_frozen,advtrain,template,2026,test_codeswitch_3+norm,bongo_0917,1,0.199175
bilstm_frozen,advtrain,template,2026,test_codeswitch_3+norm,bongo_0918,1,0.999788
bilstm_frozen,advtrain,template,2026,test_codeswitch_3+norm,bongo_0950,0,0.000038
bilstm_frozen,advtrain,template,2026,test_codeswitch_3+norm,bongo_0955,1,0.999827
bilstm_frozen,advtrain,template,2026,test_codeswitch_3+norm,bongo_0956,0,0.000019
bilstm_frozen,advtrain,template,2026,test_codeswitch_3+norm,bongo_0971,0,0.000023
bilstm_frozen,advtrain,template,2026,test_codeswitch_3+norm,bongo_0983,0,0.000225
bilstm_frozen,advtrain,template,2026,test_codeswitch_3+norm,bongo_0989,1,0.999741
bilstm_frozen,advtrain,template,2026,test_codeswitch_3+norm,bongo_0994,0,0.000564
bilstm_frozen,advtrain,template,2026,test_codeswitch_3+norm,bongo_1003,1,0.999641
bilstm_frozen,advtrain,template,2026,test_codeswitch_3+norm,bongo_1006,0,0.000057
bilstm_frozen,advtrain,template,2026,test_codeswitch_3+norm,bongo_1012,1,0.220614
bilstm_frozen,advtrain,template,2026,test_codeswitch_3+norm,bongo_1015,0,0.000017
bilstm_frozen,advtrain,template,2026,test_codeswitch_3+norm,bongo_1022,1,0.162571
bilstm_frozen,advtrain,template,2026,test_codeswitch_3+norm,bongo_1037,0,0.000065
bilstm_frozen,advtrain,template,2026,test_codeswitch_3+norm,bongo_1040,0,0.000033
bilstm_frozen,advtrain,template,2026,test_codeswitch_3+norm,bongo_1042,1,0.999290
bilstm_frozen,advtrain,template,2026,test_codeswitch_3+norm,bongo_1047,1,0.999732
bilstm_frozen,advtrain,template,2026,test_codeswitch_3+norm,bongo_1050,0,0.000020
bilstm_frozen,advtrain,template,2026,test_codeswitch_3+norm,bongo_1052,1,0.999676
bilstm_frozen,advtrain,template,2026,test_codeswitch_3+norm,bongo_1059,0,0.000011
bilstm_frozen,advtrain,template,2026,test_codeswitch_3+norm,bongo_1071,0,0.000055
bilstm_frozen,advtrain,template,2026,test_codeswitch_3+norm,bongo_1090,0,0.000014
bilstm_frozen,advtrain,template,2026,test_codeswitch_3+norm,bongo_1104,1,0.999808
bilstm_frozen,advtrain,template,2026,test_codeswitch_3+norm,bongo_1115,0,0.000009
bilstm_frozen,advtrain,template,2026,test_codeswitch_3+norm,bongo_1123,0,0.000078
bilstm_frozen,advtrain,template,2026,test_codeswitch_3+norm,bongo_1125,0,0.017005
bilstm_frozen,advtrain,template,2026,test_codeswitch_3+norm,bongo_1127,1,0.144867
bilstm_frozen,advtrain,template,2026,test_codeswitch_3+norm,bongo_1131,1,0.999329
bilstm_frozen,advtrain,template,2026,test_codeswitch_3+norm,bongo_1134,1,0.232814
bilstm_frozen,advtrain,template,2026,test_codeswitch_3+norm,bongo_1135,0,0.000701
bilstm_frozen,advtrain,template,2026,test_codeswitch_3+norm,bongo_1136,1,0.999379
bilstm_frozen,advtrain,template,2026,test_codeswitch_3+norm,bongo_1138,1,0.999729
bilstm_frozen,advtrain,template,2026,test_codeswitch_3+norm,bongo_1140,1,0.999744
bilstm_frozen,advtrain,template,2026,test_codeswitch_3+norm,bongo_1154,1,0.999538
bilstm_frozen,advtrain,template,2026,test_codeswitch_3+norm,bongo_1155,0,0.000022
bilstm_frozen,advtrain,template,2026,test_codeswitch_3+norm,bongo_1171,1,0.999808
bilstm_frozen,advtrain,template,2026,test_codeswitch_3+norm,bongo_1181,1,0.999383
bilstm_frozen,advtrain,template,2026,test_codeswitch_3+norm,bongo_1185,1,0.160870
bilstm_frozen,advtrain,template,2026,test_codeswitch_3+norm,bongo_1194,0,0.001805
bilstm_frozen,advtrain,template,2026,test_codeswitch_3+norm,bongo_1195,1,0.176164
bilstm_frozen,advtrain,template,2026,test_codeswitch_3+norm,bongo_1198,0,0.000271
bilstm_frozen,advtrain,template,2026,test_codeswitch_3+norm,bongo_1204,1,0.200402
bilstm_frozen,advtrain,template,2026,test_codeswitch_3+norm,bongo_1220,1,0.999735
bilstm_frozen,advtrain,template,2026,test_codeswitch_3+norm,bongo_1233,1,0.999600
bilstm_frozen,advtrain,template,2026,test_codeswitch_3+norm,bongo_1236,0,0.000351
bilstm_frozen,advtrain,template,2026,test_codeswitch_3+norm,bongo_1240,1,0.160561
bilstm_frozen,advtrain,template,2026,test_codeswitch_3+norm,bongo_1244,0,0.000030
bilstm_frozen,advtrain,template,2026,test_codeswitch_3+norm,bongo_1249,0,0.000006
bilstm_frozen,advtrain,template,2026,test_codeswitch_3+norm,bongo_1253,0,0.016226
bilstm_frozen,advtrain,template,2026,test_codeswitch_3+norm,bongo_1260,0,0.000035
bilstm_frozen,advtrain,template,2026,test_codeswitch_3+norm,bongo_1262,0,0.015306
bilstm_frozen,advtrain,template,2026,test_codeswitch_3+norm,bongo_1278,1,0.218882
bilstm_frozen,advtrain,template,2026,test_codeswitch_3+norm,bongo_1285,0,0.000022
bilstm_frozen,advtrain,template,2026,test_codeswitch_3+norm,bongo_1293,1,0.999572
bilstm_frozen,advtrain,template,2026,test_codeswitch_3+norm,bongo_1316,0,0.000149
bilstm_frozen,advtrain,template,2026,test_codeswitch_3+norm,bongo_1327,1,0.199678
bilstm_frozen,advtrain,template,2026,test_codeswitch_3+norm,bongo_1330,0,0.049167
bilstm_frozen,advtrain,template,2026,test_codeswitch_3+norm,bongo_1359,0,0.000247
bilstm_frozen,advtrain,template,2026,test_codeswitch_3+norm,bongo_1375,0,0.000046
bilstm_frozen,advtrain,template,2026,test_codeswitch_all+norm,bongo_0025,1,0.999784
bilstm_frozen,advtrain,template,2026,test_codeswitch_all+norm,bongo_0029,0,0.046893
bilstm_frozen,advtrain,template,2026,test_codeswitch_all+norm,bongo_0039,1,0.999729
bilstm_frozen,advtrain,template,2026,test_codeswitch_all+norm,bongo_0047,1,0.999733
bilstm_frozen,advtrain,template,2026,test_codeswitch_all+norm,bongo_0053,0,0.000034
bilstm_frozen,advtrain,template,2026,test_codeswitch_all+norm,bongo_0055,1,0.201830
bilstm_frozen,advtrain,template,2026,test_codeswitch_all+norm,bongo_0061,1,0.999819
bilstm_frozen,advtrain,template,2026,test_codeswitch_all+norm,bongo_0097,0,0.000570
bilstm_frozen,advtrain,template,2026,test_codeswitch_all+norm,bongo_0107,0,0.000012
bilstm_frozen,advtrain,template,2026,test_codeswitch_all+norm,bongo_0110,0,0.000008
bilstm_frozen,advtrain,template,2026,test_codeswitch_all+norm,bongo_0112,1,0.234376
bilstm_frozen,advtrain,template,2026,test_codeswitch_all+norm,bongo_0115,0,0.000156
bilstm_frozen,advtrain,template,2026,test_codeswitch_all+norm,bongo_0143,0,0.000018
bilstm_frozen,advtrain,template,2026,test_codeswitch_all+norm,bongo_0146,1,0.999007
bilstm_frozen,advtrain,template,2026,test_codeswitch_all+norm,bongo_0154,1,0.999622
bilstm_frozen,advtrain,template,2026,test_codeswitch_all+norm,bongo_0159,1,0.200286
bilstm_frozen,advtrain,template,2026,test_codeswitch_all+norm,bongo_0160,0,0.000046
bilstm_frozen,advtrain,template,2026,test_codeswitch_all+norm,bongo_0172,0,0.089296
bilstm_frozen,advtrain,template,2026,test_codeswitch_all+norm,bongo_0173,1,0.121879
bilstm_frozen,advtrain,template,2026,test_codeswitch_all+norm,bongo_0175,0,0.000019
bilstm_frozen,advtrain,template,2026,test_codeswitch_all+norm,bongo_0182,0,0.000006
bilstm_frozen,advtrain,template,2026,test_codeswitch_all+norm,bongo_0195,1,0.999403
bilstm_frozen,advtrain,template,2026,test_codeswitch_all+norm,bongo_0197,0,0.000030
bilstm_frozen,advtrain,template,2026,test_codeswitch_all+norm,bongo_0201,1,0.999834
bilstm_frozen,advtrain,template,2026,test_codeswitch_all+norm,bongo_0203,1,0.999765
bilstm_frozen,advtrain,template,2026,test_codeswitch_all+norm,bongo_0250,1,0.200286
bilstm_frozen,advtrain,template,2026,test_codeswitch_all+norm,bongo_0253,0,0.000562
bilstm_frozen,advtrain,template,2026,test_codeswitch_all+norm,bongo_0255,1,0.160561
bilstm_frozen,advtrain,template,2026,test_codeswitch_all+norm,bongo_0265,1,0.111649
bilstm_frozen,advtrain,template,2026,test_codeswitch_all+norm,bongo_0271,0,0.000027
bilstm_frozen,advtrain,template,2026,test_codeswitch_all+norm,bongo_0300,0,0.000041
bilstm_frozen,advtrain,template,2026,test_codeswitch_all+norm,bongo_0306,0,0.000122
bilstm_frozen,advtrain,template,2026,test_codeswitch_all+norm,bongo_0356,1,0.234713
bilstm_frozen,advtrain,template,2026,test_codeswitch_all+norm,bongo_0360,1,0.999349
bilstm_frozen,advtrain,template,2026,test_codeswitch_all+norm,bongo_0361,1,0.999765
bilstm_frozen,advtrain,template,2026,test_codeswitch_all+norm,bongo_0363,0,0.000042
bilstm_frozen,advtrain,template,2026,test_codeswitch_all+norm,bongo_0368,0,0.001001
bilstm_frozen,advtrain,template,2026,test_codeswitch_all+norm,bongo_0372,0,0.000109
bilstm_frozen,advtrain,template,2026,test_codeswitch_all+norm,bongo_0380,1,0.161443
bilstm_frozen,advtrain,template,2026,test_codeswitch_all+norm,bongo_0389,0,0.000025
bilstm_frozen,advtrain,template,2026,test_codeswitch_all+norm,bongo_0395,0,0.000787
bilstm_frozen,advtrain,template,2026,test_codeswitch_all+norm,bongo_0405,1,0.999784
bilstm_frozen,advtrain,template,2026,test_codeswitch_all+norm,bongo_0424,1,0.999823
bilstm_frozen,advtrain,template,2026,test_codeswitch_all+norm,bongo_0427,0,0.000401
bilstm_frozen,advtrain,template,2026,test_codeswitch_all+norm,bongo_0434,1,0.201830
bilstm_frozen,advtrain,template,2026,test_codeswitch_all+norm,bongo_0463,0,0.007451
bilstm_frozen,advtrain,template,2026,test_codeswitch_all+norm,bongo_0476,1,0.999532
bilstm_frozen,advtrain,template,2026,test_codeswitch_all+norm,bongo_0510,1,0.999837
bilstm_frozen,advtrain,template,2026,test_codeswitch_all+norm,bongo_0531,0,0.000234
bilstm_frozen,advtrain,template,2026,test_codeswitch_all+norm,bongo_0542,0,0.000018
bilstm_frozen,advtrain,template,2026,test_codeswitch_all+norm,bongo_0545,0,0.000024
bilstm_frozen,advtrain,template,2026,test_codeswitch_all+norm,bongo_0560,1,0.999636
bilstm_frozen,advtrain,template,2026,test_codeswitch_all+norm,bongo_0565,1,0.175009
bilstm_frozen,advtrain,template,2026,test_codeswitch_all+norm,bongo_0566,1,0.999603
bilstm_frozen,advtrain,template,2026,test_codeswitch_all+norm,bongo_0571,0,0.000019
bilstm_frozen,advtrain,template,2026,test_codeswitch_all+norm,bongo_0577,1,0.999740
bilstm_frozen,advtrain,template,2026,test_codeswitch_all+norm,bongo_0580,1,0.999380
bilstm_frozen,advtrain,template,2026,test_codeswitch_all+norm,bongo_0621,1,0.999583
bilstm_frozen,advtrain,template,2026,test_codeswitch_all+norm,bongo_0624,1,0.999737
bilstm_frozen,advtrain,template,2026,test_codeswitch_all+norm,bongo_0630,0,0.000400
bilstm_frozen,advtrain,template,2026,test_codeswitch_all+norm,bongo_0638,1,0.999435
bilstm_frozen,advtrain,template,2026,test_codeswitch_all+norm,bongo_0648,0,0.040359
bilstm_frozen,advtrain,template,2026,test_codeswitch_all+norm,bongo_0674,0,0.000016
bilstm_frozen,advtrain,template,2026,test_codeswitch_all+norm,bongo_0685,0,0.039352
bilstm_frozen,advtrain,template,2026,test_codeswitch_all+norm,bongo_0697,1,0.175009
bilstm_frozen,advtrain,template,2026,test_codeswitch_all+norm,bongo_0701,0,0.000031
bilstm_frozen,advtrain,template,2026,test_codeswitch_all+norm,bongo_0706,1,0.236633
bilstm_frozen,advtrain,template,2026,test_codeswitch_all+norm,bongo_0719,1,0.161387
bilstm_frozen,advtrain,template,2026,test_codeswitch_all+norm,bongo_0721,1,0.999310
bilstm_frozen,advtrain,template,2026,test_codeswitch_all+norm,bongo_0724,1,0.174000
bilstm_frozen,advtrain,template,2026,test_codeswitch_all+norm,bongo_0729,1,0.999311
bilstm_frozen,advtrain,template,2026,test_codeswitch_all+norm,bongo_0741,0,0.000021
bilstm_frozen,advtrain,template,2026,test_codeswitch_all+norm,bongo_0749,1,0.220210
bilstm_frozen,advtrain,template,2026,test_codeswitch_all+norm,bongo_0769,1,0.999665
bilstm_frozen,advtrain,template,2026,test_codeswitch_all+norm,bongo_0770,1,0.201830
bilstm_frozen,advtrain,template,2026,test_codeswitch_all+norm,bongo_0778,1,0.222378
bilstm_frozen,advtrain,template,2026,test_codeswitch_all+norm,bongo_0787,1,0.999349
bilstm_frozen,advtrain,template,2026,test_codeswitch_all+norm,bongo_0795,0,0.000320
bilstm_frozen,advtrain,template,2026,test_codeswitch_all+norm,bongo_0806,1,0.174000
bilstm_frozen,advtrain,template,2026,test_codeswitch_all+norm,bongo_0807,1,0.999812
bilstm_frozen,advtrain,template,2026,test_codeswitch_all+norm,bongo_0818,0,0.010798
bilstm_frozen,advtrain,template,2026,test_codeswitch_all+norm,bongo_0819,0,0.000204
bilstm_frozen,advtrain,template,2026,test_codeswitch_all+norm,bongo_0835,0,0.000019
bilstm_frozen,advtrain,template,2026,test_codeswitch_all+norm,bongo_0840,1,0.999348
bilstm_frozen,advtrain,template,2026,test_codeswitch_all+norm,bongo_0855,1,0.174923
bilstm_frozen,advtrain,template,2026,test_codeswitch_all+norm,bongo_0856,0,0.000092
bilstm_frozen,advtrain,template,2026,test_codeswitch_all+norm,bongo_0864,1,0.999727
bilstm_frozen,advtrain,template,2026,test_codeswitch_all+norm,bongo_0871,1,0.999743
bilstm_frozen,advtrain,template,2026,test_codeswitch_all+norm,bongo_0872,0,0.005578
bilstm_frozen,advtrain,template,2026,test_codeswitch_all+norm,bongo_0904,0,0.000395
bilstm_frozen,advtrain,template,2026,test_codeswitch_all+norm,bongo_0905,1,0.999732
bilstm_frozen,advtrain,template,2026,test_codeswitch_all+norm,bongo_0909,1,0.999762
bilstm_frozen,advtrain,template,2026,test_codeswitch_all+norm,bongo_0917,1,0.199175
bilstm_frozen,advtrain,template,2026,test_codeswitch_all+norm,bongo_0918,1,0.999788
bilstm_frozen,advtrain,template,2026,test_codeswitch_all+norm,bongo_0950,0,0.000038
bilstm_frozen,advtrain,template,2026,test_codeswitch_all+norm,bongo_0955,1,0.999827
bilstm_frozen,advtrain,template,2026,test_codeswitch_all+norm,bongo_0956,0,0.000019
bilstm_frozen,advtrain,template,2026,test_codeswitch_all+norm,bongo_0971,0,0.000023
bilstm_frozen,advtrain,template,2026,test_codeswitch_all+norm,bongo_0983,0,0.000225
bilstm_frozen,advtrain,template,2026,test_codeswitch_all+norm,bongo_0989,1,0.999741
bilstm_frozen,advtrain,template,2026,test_codeswitch_all+norm,bongo_0994,0,0.000564
bilstm_frozen,advtrain,template,2026,test_codeswitch_all+norm,bongo_1003,1,0.999641
bilstm_frozen,advtrain,template,2026,test_codeswitch_all+norm,bongo_1006,0,0.000057
bilstm_frozen,advtrain,template,2026,test_codeswitch_all+norm,bongo_1012,1,0.220614
bilstm_frozen,advtrain,template,2026,test_codeswitch_all+norm,bongo_1015,0,0.000017
bilstm_frozen,advtrain,template,2026,test_codeswitch_all+norm,bongo_1022,1,0.162571
bilstm_frozen,advtrain,template,2026,test_codeswitch_all+norm,bongo_1037,0,0.000065
bilstm_frozen,advtrain,template,2026,test_codeswitch_all+norm,bongo_1040,0,0.000033
bilstm_frozen,advtrain,template,2026,test_codeswitch_all+norm,bongo_1042,1,0.999389
bilstm_frozen,advtrain,template,2026,test_codeswitch_all+norm,bongo_1047,1,0.999732
bilstm_frozen,advtrain,template,2026,test_codeswitch_all+norm,bongo_1050,0,0.000020
bilstm_frozen,advtrain,template,2026,test_codeswitch_all+norm,bongo_1052,1,0.999676
bilstm_frozen,advtrain,template,2026,test_codeswitch_all+norm,bongo_1059,0,0.000011
bilstm_frozen,advtrain,template,2026,test_codeswitch_all+norm,bongo_1071,0,0.000055
bilstm_frozen,advtrain,template,2026,test_codeswitch_all+norm,bongo_1090,0,0.000014
bilstm_frozen,advtrain,template,2026,test_codeswitch_all+norm,bongo_1104,1,0.999809
bilstm_frozen,advtrain,template,2026,test_codeswitch_all+norm,bongo_1115,0,0.000009
bilstm_frozen,advtrain,template,2026,test_codeswitch_all+norm,bongo_1123,0,0.000078
bilstm_frozen,advtrain,template,2026,test_codeswitch_all+norm,bongo_1125,0,0.017005
bilstm_frozen,advtrain,template,2026,test_codeswitch_all+norm,bongo_1127,1,0.144867
bilstm_frozen,advtrain,template,2026,test_codeswitch_all+norm,bongo_1131,1,0.999419
bilstm_frozen,advtrain,template,2026,test_codeswitch_all+norm,bongo_1134,1,0.232814
bilstm_frozen,advtrain,template,2026,test_codeswitch_all+norm,bongo_1135,0,0.000701
bilstm_frozen,advtrain,template,2026,test_codeswitch_all+norm,bongo_1136,1,0.999379
bilstm_frozen,advtrain,template,2026,test_codeswitch_all+norm,bongo_1138,1,0.999729
bilstm_frozen,advtrain,template,2026,test_codeswitch_all+norm,bongo_1140,1,0.999744
bilstm_frozen,advtrain,template,2026,test_codeswitch_all+norm,bongo_1154,1,0.999418
bilstm_frozen,advtrain,template,2026,test_codeswitch_all+norm,bongo_1155,0,0.000022
bilstm_frozen,advtrain,template,2026,test_codeswitch_all+norm,bongo_1171,1,0.999809
bilstm_frozen,advtrain,template,2026,test_codeswitch_all+norm,bongo_1181,1,0.999383
bilstm_frozen,advtrain,template,2026,test_codeswitch_all+norm,bongo_1185,1,0.160870
bilstm_frozen,advtrain,template,2026,test_codeswitch_all+norm,bongo_1194,0,0.001805
bilstm_frozen,advtrain,template,2026,test_codeswitch_all+norm,bongo_1195,1,0.176164
bilstm_frozen,advtrain,template,2026,test_codeswitch_all+norm,bongo_1198,0,0.000271
bilstm_frozen,advtrain,template,2026,test_codeswitch_all+norm,bongo_1204,1,0.200402
bilstm_frozen,advtrain,template,2026,test_codeswitch_all+norm,bongo_1220,1,0.999735
bilstm_frozen,advtrain,template,2026,test_codeswitch_all+norm,bongo_1233,1,0.999621
bilstm_frozen,advtrain,template,2026,test_codeswitch_all+norm,bongo_1236,0,0.000351
bilstm_frozen,advtrain,template,2026,test_codeswitch_all+norm,bongo_1240,1,0.160561
bilstm_frozen,advtrain,template,2026,test_codeswitch_all+norm,bongo_1244,0,0.000030
bilstm_frozen,advtrain,template,2026,test_codeswitch_all+norm,bongo_1249,0,0.000006
bilstm_frozen,advtrain,template,2026,test_codeswitch_all+norm,bongo_1253,0,0.016226
bilstm_frozen,advtrain,template,2026,test_codeswitch_all+norm,bongo_1260,0,0.000035
bilstm_frozen,advtrain,template,2026,test_codeswitch_all+norm,bongo_1262,0,0.015306
bilstm_frozen,advtrain,template,2026,test_codeswitch_all+norm,bongo_1278,1,0.218882
bilstm_frozen,advtrain,template,2026,test_codeswitch_all+norm,bongo_1285,0,0.000022
bilstm_frozen,advtrain,template,2026,test_codeswitch_all+norm,bongo_1293,1,0.999379
bilstm_frozen,advtrain,template,2026,test_codeswitch_all+norm,bongo_1316,0,0.000149
bilstm_frozen,advtrain,template,2026,test_codeswitch_all+norm,bongo_1327,1,0.199678
bilstm_frozen,advtrain,template,2026,test_codeswitch_all+norm,bongo_1330,0,0.049167
bilstm_frozen,advtrain,template,2026,test_codeswitch_all+norm,bongo_1359,0,0.000247
bilstm_frozen,advtrain,template,2026,test_codeswitch_all+norm,bongo_1375,0,0.000046
bilstm_frozen,advtrain,template,2026,chichewa+norm,chi_0000,1,0.999697
bilstm_frozen,advtrain,template,2026,chichewa+norm,chi_0001,1,0.999468
bilstm_frozen,advtrain,template,2026,chichewa+norm,chi_0002,0,0.090308
bilstm_frozen,advtrain,template,2026,chichewa+norm,chi_0003,0,0.999129
bilstm_frozen,advtrain,template,2026,chichewa+norm,chi_0004,1,0.999305
bilstm_frozen,advtrain,template,2026,chichewa+norm,chi_0005,1,0.999138
bilstm_frozen,advtrain,template,2026,chichewa+norm,chi_0006,0,0.806607
bilstm_frozen,advtrain,template,2026,chichewa+norm,chi_0007,0,0.146466
bilstm_frozen,advtrain,template,2026,chichewa+norm,chi_0008,1,0.996394
bilstm_frozen,advtrain,template,2026,chichewa+norm,chi_0009,1,0.999074
bilstm_frozen,advtrain,template,2026,chichewa+norm,chi_0010,0,0.381013
bilstm_frozen,advtrain,template,2026,chichewa+norm,chi_0011,0,0.048461
bilstm_frozen,advtrain,template,2026,chichewa+norm,chi_0012,0,0.862333
bilstm_frozen,advtrain,template,2026,chichewa+norm,chi_0013,1,0.931490
bilstm_frozen,advtrain,template,2026,chichewa+norm,chi_0014,1,0.965540
bilstm_frozen,advtrain,template,2026,chichewa+norm,chi_0015,0,0.009444
bilstm_frozen,advtrain,template,2026,chichewa+norm,chi_0016,0,0.228405
bilstm_frozen,advtrain,template,2026,chichewa+norm,chi_0017,0,0.281247
bilstm_frozen,advtrain,template,2026,chichewa+norm,chi_0018,1,0.999557
bilstm_frozen,advtrain,template,2026,chichewa+norm,chi_0019,1,0.999384
bilstm_frozen,advtrain,template,2026,chichewa+norm,chi_0020,0,0.011152
bilstm_frozen,advtrain,template,2026,chichewa+norm,chi_0021,1,0.999587
bilstm_frozen,advtrain,template,2026,chichewa+norm,chi_0022,0,0.000924
bilstm_frozen,advtrain,template,2026,chichewa+norm,chi_0023,1,0.999642
bilstm_frozen,advtrain,template,2026,chichewa+norm,chi_0024,1,0.999450
bilstm_frozen,advtrain,template,2026,chichewa+norm,chi_0025,0,0.998552
bilstm_frozen,advtrain,template,2026,chichewa+norm,chi_0026,0,0.999694
bilstm_frozen,advtrain,template,2026,chichewa+norm,chi_0027,1,0.946874
bilstm_frozen,advtrain,template,2026,chichewa+norm,chi_0028,1,0.999826
bilstm_frozen,advtrain,template,2026,chichewa+norm,chi_0029,0,0.564879
bilstm_frozen,advtrain,template,2026,chichewa+norm,chi_0030,0,0.001597
bilstm_frozen,advtrain,template,2026,chichewa+norm,chi_0031,1,0.987321
bilstm_frozen,advtrain,template,2026,chichewa+norm,chi_0032,1,0.999371
bilstm_frozen,advtrain,template,2026,chichewa+norm,chi_0033,1,0.991535
bilstm_frozen,advtrain,template,2026,chichewa+norm,chi_0034,1,0.999412
bilstm_frozen,advtrain,template,2026,chichewa+norm,chi_0035,0,0.044556
bilstm_frozen,advtrain,template,2026,chichewa+norm,chi_0036,0,0.401786
bilstm_frozen,advtrain,template,2026,chichewa+norm,chi_0037,0,0.965780
bilstm_frozen,advtrain,template,2026,chichewa+norm,chi_0038,0,0.999503
bilstm_frozen,advtrain,template,2026,chichewa+norm,chi_0039,0,0.379867
bilstm_frozen,advtrain,template,2026,chichewa+norm,chi_0040,1,0.999304
bilstm_frozen,advtrain,template,2026,chichewa+norm,chi_0041,1,0.999327
bilstm_frozen,advtrain,template,2026,chichewa+norm,chi_0042,0,0.167614
bilstm_frozen,advtrain,template,2026,chichewa+norm,chi_0043,0,0.084164
bilstm_frozen,advtrain,template,2026,chichewa+norm,chi_0044,0,0.074155
bilstm_frozen,advtrain,template,2026,chichewa+norm,chi_0045,1,0.999644
bilstm_frozen,advtrain,template,2026,chichewa+norm,chi_0046,1,0.737671
bilstm_frozen,advtrain,template,2026,chichewa+norm,chi_0047,1,0.914308
bilstm_frozen,advtrain,template,2026,chichewa+norm,chi_0048,0,0.998267
bilstm_frozen,advtrain,template,2026,chichewa+norm,chi_0049,0,0.999215
bilstm_frozen,advtrain,template,2026,chichewa+norm,chi_0050,0,0.928956
bilstm_frozen,advtrain,template,2026,chichewa+norm,chi_0051,1,0.876886
bilstm_frozen,advtrain,template,2026,chichewa+norm,chi_0052,0,0.068351
bilstm_frozen,advtrain,template,2026,chichewa+norm,chi_0053,0,0.124094
bilstm_frozen,advtrain,template,2026,chichewa+norm,chi_0054,1,0.999428
bilstm_frozen,advtrain,template,2026,chichewa+norm,chi_0055,1,0.999058
bilstm_frozen,advtrain,template,2026,chichewa+norm,chi_0056,0,0.000304
bilstm_frozen,advtrain,template,2026,chichewa+norm,chi_0057,1,0.938471
bilstm_frozen,advtrain,template,2026,chichewa+norm,chi_0058,1,0.504084
bilstm_frozen,advtrain,template,2026,chichewa+norm,chi_0059,0,0.998531
bilstm_frozen,advtrain,template,2026,chichewa+norm,chi_0060,0,0.143013
bilstm_frozen,advtrain,template,2026,chichewa+norm,chi_0061,1,0.486406
bilstm_frozen,advtrain,template,2026,chichewa+norm,chi_0062,0,0.043703
bilstm_frozen,advtrain,template,2026,chichewa+norm,chi_0063,1,0.999490
bilstm_frozen,advtrain,template,2026,chichewa+norm,chi_0064,1,0.999367
bilstm_frozen,advtrain,template,2026,chichewa+norm,chi_0065,1,0.309858
bilstm_frozen,advtrain,template,2026,chichewa+norm,chi_0066,0,0.137279
bilstm_frozen,advtrain,template,2026,chichewa+norm,chi_0067,0,0.010646
bilstm_frozen,advtrain,template,2026,chichewa+norm,chi_0068,0,0.020068
bilstm_frozen,advtrain,template,2026,chichewa+norm,chi_0069,1,0.999593
bilstm_frozen,advtrain,template,2026,chichewa+norm,chi_0070,1,0.999676
bilstm_frozen,advtrain,template,2026,chichewa+norm,chi_0071,0,0.056693
bilstm_frozen,advtrain,template,2026,chichewa+norm,chi_0072,0,0.162203
bilstm_frozen,advtrain,template,2026,chichewa+norm,chi_0073,1,0.471611
bilstm_frozen,advtrain,template,2026,chichewa+norm,chi_0074,1,0.999791
bilstm_frozen,advtrain,template,2026,chichewa+norm,chi_0075,0,0.856214
bilstm_frozen,advtrain,template,2026,chichewa+norm,chi_0076,0,0.006477
bilstm_frozen,advtrain,template,2026,chichewa+norm,chi_0077,0,0.011961
bilstm_frozen,advtrain,template,2026,chichewa+norm,chi_0078,1,0.997840
bilstm_frozen,advtrain,template,2026,chichewa+norm,chi_0079,1,0.998876
bilstm_frozen,advtrain,template,2026,chichewa+norm,chi_0080,1,0.999241
bilstm_frozen,advtrain,template,2026,chichewa+norm,chi_0081,1,0.999330
bilstm_frozen,advtrain,template,2026,chichewa+norm,chi_0082,0,0.114803
bilstm_frozen,advtrain,template,2026,chichewa+norm,chi_0083,0,0.260696
bilstm_frozen,advtrain,template,2026,chichewa+norm,chi_0084,0,0.014381
bilstm_frozen,advtrain,template,2026,chichewa+norm,chi_0085,1,0.961212
bilstm_frozen,advtrain,template,2026,chichewa+norm,chi_0086,1,0.999713
bilstm_frozen,advtrain,template,2026,chichewa+norm,chi_0087,0,0.430375
bilstm_frozen,advtrain,template,2026,chichewa+norm,chi_0088,0,0.502302
bilstm_frozen,advtrain,template,2026,chichewa+norm,chi_0089,0,0.406913
bilstm_frozen,advtrain,template,2026,chichewa+norm,chi_0090,1,0.770570
bilstm_frozen,advtrain,template,2026,chichewa+norm,chi_0091,0,0.346687
bilstm_frozen,advtrain,template,2026,chichewa+norm,chi_0092,0,0.442323
bilstm_frozen,advtrain,template,2026,chichewa+norm,chi_0093,0,0.449685
bilstm_frozen,advtrain,template,2026,chichewa+norm,chi_0094,1,0.998758
bilstm_frozen,advtrain,template,2026,chichewa+norm,chi_0095,1,0.452010
bilstm_frozen,advtrain,template,2026,chichewa+norm,chi_0096,0,0.043499
bilstm_frozen,advtrain,template,2026,chichewa+norm,chi_0097,0,0.998617
bilstm_frozen,advtrain,template,2026,chichewa+norm,chi_0098,1,0.999765
bilstm_frozen,advtrain,template,2026,chichewa+norm,chi_0099,1,0.999715
bilstm_frozen,advtrain,template,2026,chichewa+norm,chi_0100,0,0.174525
bilstm_frozen,advtrain,template,2026,chichewa+norm,chi_0101,1,0.999770
bilstm_frozen,advtrain,template,2026,chichewa+norm,chi_0102,0,0.998738
bilstm_frozen,advtrain,template,2026,chichewa+norm,chi_0103,0,0.454398
bilstm_frozen,advtrain,template,2026,chichewa+norm,chi_0104,0,0.993905
bilstm_frozen,advtrain,template,2026,chichewa+norm,chi_0105,1,0.171597
bilstm_frozen,advtrain,template,2026,chichewa+norm,chi_0106,1,0.449395
bilstm_frozen,advtrain,template,2026,chichewa+norm,chi_0107,1,0.999016
bilstm_frozen,advtrain,template,2026,chichewa+norm,chi_0108,0,0.980978
bilstm_frozen,advtrain,template,2026,chichewa+norm,chi_0109,0,0.416750
bilstm_frozen,advtrain,template,2026,chichewa+norm,chi_0110,0,0.996887
bilstm_frozen,advtrain,template,2026,chichewa+norm,chi_0111,1,0.999526
bilstm_frozen,advtrain,template,2026,chichewa+norm,chi_0112,1,0.997379
bilstm_frozen,advtrain,template,2026,chichewa+norm,chi_0113,1,0.999356
bilstm_frozen,advtrain,template,2026,chichewa+norm,chi_0114,0,0.078620
bilstm_frozen,advtrain,template,2026,chichewa+norm,chi_0115,0,0.116098
bilstm_frozen,advtrain,template,2026,chichewa+norm,chi_0116,0,0.488258
bilstm_frozen,advtrain,template,2026,chichewa+norm,chi_0117,1,0.999161
bilstm_frozen,advtrain,template,2026,chichewa+norm,chi_0118,1,0.998954
bilstm_frozen,advtrain,template,2026,chichewa+norm,chi_0119,1,0.994239
bilstm_frozen,advtrain,template,2026,chichewa+norm,chi_0120,0,0.001511
bilstm_frozen,advtrain,template,2026,chichewa+norm,chi_0121,0,0.180345
bilstm_frozen,advtrain,template,2026,chichewa+norm,chi_0122,0,0.243554
bilstm_frozen,advtrain,template,2026,chichewa+norm,chi_0123,1,0.999311
bilstm_frozen,advtrain,template,2026,chichewa+norm,chi_0124,1,0.925483
bilstm_frozen,advtrain,template,2026,chichewa+norm,chi_0125,1,0.985133
bilstm_frozen,advtrain,template,2026,chichewa+norm,chi_0126,0,0.303894
bilstm_frozen,advtrain,template,2026,chichewa+norm,chi_0127,0,0.042146
bilstm_frozen,advtrain,template,2026,chichewa+norm,chi_0128,0,0.347763
bilstm_frozen,advtrain,template,2026,chichewa+norm,chi_0129,1,0.999709
bilstm_frozen,advtrain,template,2026,chichewa+norm,chi_0130,1,0.996469
bilstm_frozen,advtrain,template,2026,chichewa+norm,chi_0131,0,0.998100
bilstm_frozen,advtrain,template,2026,chichewa+norm,chi_0132,0,0.193094
bilstm_frozen,advtrain,template,2026,chichewa+norm,chi_0133,0,0.701957
bilstm_frozen,advtrain,template,2026,chichewa+norm,chi_0134,1,0.999405
bilstm_frozen,advtrain,template,2026,chichewa+norm,chi_0135,0,0.998570
bilstm_frozen,advtrain,template,2026,chichewa+norm,chi_0136,1,0.999440
bilstm_frozen,advtrain,template,2026,chichewa+norm,chi_0137,0,0.616899
bilstm_frozen,advtrain,template,2026,chichewa+norm,chi_0138,0,0.046583
bilstm_frozen,advtrain,template,2026,chichewa+norm,chi_0139,0,0.998049
bilstm_frozen,advtrain,template,2026,chichewa+norm,chi_0140,1,0.998991
bilstm_frozen,advtrain,template,2026,chichewa+norm,chi_0141,0,0.367138
bilstm_frozen,advtrain,template,2026,chichewa+norm,chi_0142,0,0.968555
bilstm_frozen,advtrain,template,2026,chichewa+norm,chi_0143,0,0.998308
bilstm_frozen,advtrain,template,2026,chichewa+norm,chi_0144,1,0.999058
bilstm_frozen,advtrain,template,2026,chichewa+norm,chi_0145,0,0.998862
bilstm_frozen,advtrain,template,2026,chichewa+norm,chi_0146,0,0.424933
bilstm_frozen,advtrain,template,2026,chichewa+norm,chi_0147,1,0.999795
bilstm_frozen,advtrain,template,2026,chichewa+norm,chi_0148,1,0.999489
bilstm_frozen,advtrain,template,2026,chichewa+norm,chi_0149,0,0.202392
bilstm_frozen,advtrain,template,2026,chichewa+norm,chi_0150,0,0.000878
bilstm_frozen,advtrain,template,2026,chichewa+norm,chi_0151,1,0.641865
bilstm_frozen,advtrain,template,2026,chichewa+norm,chi_0152,0,0.171612
bilstm_frozen,advtrain,template,2026,chichewa+norm,chi_0153,0,0.141086
bilstm_frozen,advtrain,template,2026,chichewa+norm,chi_0154,0,0.074595
bilstm_frozen,advtrain,template,2026,chichewa+norm,chi_0155,1,0.991818
bilstm_frozen,advtrain,template,2026,chichewa+norm,chi_0156,1,0.998999
bilstm_frozen,advtrain,template,2026,chichewa+norm,chi_0157,1,0.999289
bilstm_frozen,advtrain,template,2026,chichewa+norm,chi_0158,0,0.999143
bilstm_frozen,advtrain,template,2026,chichewa+norm,chi_0159,0,0.108946
bilstm_frozen,advtrain,template,2026,chichewa+norm,chi_0160,0,0.001145
bilstm_frozen,advtrain,template,2026,chichewa+norm,chi_0161,1,0.998883
bilstm_frozen,advtrain,template,2026,chichewa+norm,chi_0162,1,0.998535
bilstm_frozen,advtrain,template,2026,chichewa+norm,chi_0163,1,0.999191
bilstm_frozen,advtrain,template,2026,chichewa+norm,chi_0164,1,0.967906
bilstm_frozen,advtrain,template,2026,chichewa+norm,chi_0165,0,0.201159
bilstm_frozen,advtrain,template,2026,chichewa+norm,chi_0166,0,0.143357
bilstm_frozen,advtrain,template,2026,chichewa+norm,chi_0167,1,0.970833
bilstm_frozen,advtrain,template,2026,chichewa+norm,chi_0168,1,0.998888
bilstm_frozen,advtrain,template,2026,chichewa+norm,chi_0169,0,0.018703
bilstm_frozen,advtrain,template,2026,chichewa+norm,chi_0170,0,0.248855
bilstm_frozen,advtrain,template,2026,chichewa+norm,chi_0171,1,0.998995
bilstm_frozen,advtrain,template,2026,chichewa+norm,chi_0172,1,0.997990
bilstm_frozen,advtrain,template,2026,chichewa+norm,chi_0173,0,0.119610
bilstm_frozen,advtrain,template,2026,chichewa+norm,chi_0174,0,0.155431
bilstm_frozen,advtrain,template,2026,chichewa+norm,chi_0175,0,0.083394
bilstm_frozen,advtrain,template,2026,chichewa+norm,chi_0176,1,0.998896
bilstm_frozen,advtrain,template,2026,chichewa+norm,chi_0177,1,0.998376
bilstm_frozen,advtrain,template,2026,chichewa+norm,chi_0178,0,0.045289
bilstm_frozen,advtrain,template,2026,chichewa+norm,chi_0179,1,0.996788
bilstm_frozen,advtrain,template,2026,chichewa+norm,chi_0180,1,0.998552
bilstm_frozen,advtrain,template,2026,chichewa+norm,chi_0181,1,0.999442
bilstm_frozen,advtrain,template,2026,chichewa+norm,chi_0182,0,0.797023
bilstm_frozen,advtrain,template,2026,chichewa+norm,chi_0183,0,0.178199
bilstm_frozen,advtrain,template,2026,chichewa+norm,chi_0184,0,0.000047
bilstm_frozen,advtrain,template,2026,chichewa+norm,chi_0185,1,0.999535
bilstm_frozen,advtrain,template,2026,chichewa+norm,chi_0186,1,0.994866
bilstm_frozen,advtrain,template,2026,chichewa+norm,chi_0187,1,0.788025
bilstm_frozen,advtrain,template,2026,chichewa+norm,chi_0188,0,0.009311
bilstm_frozen,advtrain,template,2026,chichewa+norm,chi_0189,0,0.165895
bilstm_frozen,advtrain,template,2026,chichewa+norm,chi_0190,1,0.336952
bilstm_frozen,advtrain,template,2026,chichewa+norm,chi_0191,1,0.999314
bilstm_frozen,advtrain,template,2026,chichewa+norm,chi_0192,0,0.027636
bilstm_frozen,advtrain,template,2026,chichewa+norm,chi_0193,0,0.988719
bilstm_frozen,advtrain,template,2026,chichewa+norm,chi_0194,0,0.039570
bilstm_frozen,advtrain,template,2026,chichewa+norm,chi_0195,0,0.000276
bilstm_frozen,advtrain,template,2026,chichewa+norm,chi_0196,1,0.999913
bilstm_frozen,advtrain,template,2026,chichewa+norm,chi_0197,1,0.999635
bilstm_frozen,advtrain,template,2026,chichewa+norm,chi_0198,1,0.995301
bilstm_frozen,advtrain,template,2026,chichewa+norm,chi_0199,1,0.937637
bilstm_frozen,advtrain,template,2026,chichewa+norm,chi_0200,1,0.999348
bilstm_frozen,advtrain,template,2026,chichewa+norm,chi_0201,0,0.055571
bilstm_frozen,advtrain,template,2026,chichewa+norm,chi_0202,1,0.999649
bilstm_frozen,advtrain,template,2026,chichewa+norm,chi_0203,1,0.998628
bilstm_frozen,advtrain,template,2026,chichewa+norm,chi_0204,1,0.999688
bilstm_frozen,advtrain,template,2026,chichewa+norm,chi_0205,0,0.999066
bilstm_frozen,advtrain,template,2026,chichewa+norm,chi_0206,0,0.762747
bilstm_frozen,advtrain,template,2026,chichewa+norm,chi_0207,1,0.999703
bilstm_frozen,advtrain,template,2026,chichewa+norm,chi_0208,1,0.616031
bilstm_frozen,advtrain,template,2026,chichewa+norm,chi_0209,1,0.997940
bilstm_frozen,advtrain,template,2026,chichewa+norm,chi_0210,0,0.000271
bilstm_frozen,advtrain,template,2026,chichewa+norm,chi_0211,0,0.022276
bilstm_frozen,advtrain,template,2026,chichewa+norm,chi_0212,1,0.999733
bilstm_frozen,advtrain,template,2026,chichewa+norm,chi_0213,1,0.999157
bilstm_frozen,advtrain,template,2026,chichewa+norm,chi_0214,1,0.999758
bilstm_frozen,advtrain,template,2026,chichewa+norm,chi_0215,0,0.998340
bilstm_frozen,advtrain,template,2026,chichewa+norm,chi_0216,0,0.000450
bilstm_frozen,advtrain,template,2026,chichewa+norm,chi_0217,1,0.999640
bilstm_frozen,advtrain,template,2026,chichewa+norm,chi_0218,1,0.999507
bilstm_frozen,advtrain,template,2026,chichewa+norm,chi_0219,1,0.999588
bilstm_frozen,advtrain,template,2026,chichewa+norm,chi_0220,0,0.837795
bilstm_frozen,advtrain,template,2026,chichewa+norm,chi_0221,0,0.140308
bilstm_frozen,advtrain,template,2026,chichewa+norm,chi_0222,0,0.891980
bilstm_frozen,advtrain,template,2026,chichewa+norm,chi_0223,1,0.999463
bilstm_frozen,advtrain,template,2026,chichewa+norm,chi_0224,1,0.999664
bilstm_frozen,advtrain,template,2026,chichewa+norm,chi_0225,0,0.318725
bilstm_frozen,advtrain,template,2026,chichewa+norm,chi_0226,0,0.000618
bilstm_frozen,advtrain,template,2026,chichewa+norm,chi_0227,0,0.000064
bilstm_frozen,advtrain,template,2026,chichewa+norm,chi_0228,0,0.413055
bilstm_frozen,advtrain,template,2026,chichewa+norm,chi_0229,1,0.999733
bilstm_frozen,advtrain,template,2026,chichewa+norm,chi_0230,1,0.999633
bilstm_frozen,advtrain,template,2026,chichewa+norm,chi_0231,1,0.999454
bilstm_frozen,advtrain,template,2026,chichewa+norm,chi_0232,0,0.998829
bilstm_frozen,advtrain,template,2026,chichewa+norm,chi_0233,1,0.999542
bilstm_frozen,advtrain,template,2026,chichewa+norm,chi_0234,0,0.999324
bilstm_frozen,advtrain,template,2026,chichewa+norm,chi_0235,0,0.234298
bilstm_frozen,advtrain,template,2026,chichewa+norm,chi_0236,1,0.999430
bilstm_frozen,advtrain,template,2026,chichewa+norm,chi_0237,1,0.998572
bilstm_frozen,advtrain,template,2026,chichewa+norm,chi_0238,0,0.083581
bilstm_frozen,advtrain,template,2026,chichewa+norm,chi_0239,0,0.182230
bilstm_frozen,advtrain,template,2026,chichewa+norm,chi_0240,0,0.006445
bilstm_frozen,advtrain,template,2026,chichewa+norm,chi_0241,0,0.012620
bilstm_frozen,advtrain,template,2026,chichewa+norm,chi_0242,1,0.999817
bilstm_frozen,advtrain,template,2026,chichewa+norm,chi_0243,1,0.999587
bilstm_frozen,advtrain,template,2026,chichewa+norm,chi_0244,0,0.179545
bilstm_frozen,advtrain,template,2026,chichewa+norm,chi_0245,1,0.999431
bilstm_frozen,advtrain,template,2026,chichewa+norm,chi_0246,1,0.767528
bilstm_frozen,advtrain,template,2026,chichewa+norm,chi_0247,1,0.999470
bilstm_frozen,advtrain,template,2026,chichewa+norm,chi_0248,0,0.009992
bilstm_frozen,advtrain,template,2026,chichewa+norm,chi_0249,0,0.007715
bilstm_frozen,advtrain,template,2026,chichewa+norm,chi_0250,0,0.964324
bilstm_frozen,advtrain,template,2026,chichewa+norm,chi_0251,0,0.990387
bilstm_frozen,advtrain,template,2026,chichewa+norm,chi_0252,0,0.605040
bilstm_frozen,advtrain,template,2026,chichewa+norm,chi_0253,0,0.016510
bilstm_frozen,advtrain,template,2026,chichewa+norm,chi_0254,1,0.999076
bilstm_frozen,advtrain,template,2026,chichewa+norm,chi_0255,1,0.999335
bilstm_frozen,advtrain,template,2026,chichewa+norm,chi_0256,0,0.063304
bilstm_frozen,advtrain,template,2026,chichewa+norm,chi_0257,0,0.002260
bilstm_frozen,advtrain,template,2026,chichewa+norm,chi_0258,1,0.997431
bilstm_frozen,advtrain,template,2026,chichewa+norm,chi_0259,0,0.494088
bilstm_frozen,advtrain,template,2026,chichewa+norm,chi_0260,1,0.999624
bilstm_frozen,advtrain,template,2026,chichewa+norm,chi_0261,1,0.998706
bilstm_frozen,advtrain,template,2026,chichewa+norm,chi_0262,1,0.999790
bilstm_frozen,advtrain,template,2026,chichewa+norm,chi_0263,0,0.999075
bilstm_frozen,advtrain,template,2026,chichewa+norm,chi_0264,0,0.038214
bilstm_frozen,advtrain,template,2026,chichewa+norm,chi_0265,0,0.996953
bilstm_frozen,advtrain,template,2026,chichewa+norm,chi_0266,1,0.999238
bilstm_frozen,advtrain,template,2026,chichewa+norm,chi_0267,1,0.998695
bilstm_frozen,advtrain,template,2026,chichewa+norm,chi_0268,1,0.999607
bilstm_frozen,advtrain,template,2026,chichewa+norm,chi_0269,0,0.000158
bilstm_frozen,advtrain,template,2026,chichewa+norm,chi_0270,0,0.996393
bilstm_frozen,advtrain,template,2026,chichewa+norm,chi_0271,0,0.997770
bilstm_frozen,advtrain,template,2026,chichewa+norm,chi_0272,1,0.998094
bilstm_frozen,advtrain,template,2026,chichewa+norm,chi_0273,1,0.998825
bilstm_frozen,advtrain,template,2026,chichewa+norm,chi_0274,1,0.999223
bilstm_frozen,advtrain,template,2026,chichewa+norm,chi_0275,1,0.999868
bilstm_frozen,advtrain,template,2026,chichewa+norm,chi_0276,0,0.008279
bilstm_frozen,advtrain,template,2026,chichewa+norm,chi_0277,1,0.998756
bilstm_frozen,advtrain,template,2026,chichewa+norm,chi_0278,1,0.997843
bilstm_frozen,advtrain,template,2026,chichewa+norm,chi_0279,0,0.006533
bilstm_frozen,advtrain,template,2026,chichewa+norm,chi_0280,0,0.202088
bilstm_frozen,advtrain,template,2026,chichewa+norm,chi_0281,1,0.999712
bilstm_frozen,advtrain,template,2026,chichewa+norm,chi_0282,0,0.999073
bilstm_frozen,advtrain,template,2026,chichewa+norm,chi_0283,0,0.245983
bilstm_frozen,advtrain,template,2026,chichewa+norm,chi_0284,1,0.999567
bilstm_frozen,advtrain,template,2026,chichewa+norm,chi_0285,1,0.999629
bilstm_frozen,advtrain,template,2026,chichewa+norm,chi_0286,1,0.998925
bilstm_frozen,advtrain,template,2026,chichewa+norm,chi_0287,0,0.993464
bilstm_frozen,advtrain,template,2026,chichewa+norm,chi_0288,0,0.996586
bilstm_frozen,advtrain,template,2026,chichewa+norm,chi_0289,0,0.196675
bilstm_frozen,advtrain,template,2026,chichewa+norm,chi_0290,1,0.999514
bilstm_frozen,advtrain,template,2026,chichewa+norm,chi_0291,1,0.999493
bilstm_frozen,advtrain,template,2026,chichewa+norm,chi_0292,0,0.998444
bilstm_frozen,advtrain,template,2026,chichewa+norm,chi_0293,0,0.591241
bilstm_frozen,advtrain,template,2026,chichewa+norm,chi_0294,0,0.999531
bilstm_frozen,advtrain,template,2026,chichewa+norm,chi_0295,1,0.999408
bilstm_frozen,advtrain,template,2026,chichewa+norm,chi_0296,1,0.997821
bilstm_frozen,advtrain,template,2026,chichewa+norm,chi_0297,0,0.969633
bilstm_frozen,advtrain,template,2026,chichewa+norm,chi_0298,0,0.987538
bilstm_frozen,advtrain,template,2026,chichewa+norm,chi_0299,0,0.999326
bilstm_frozen,advtrain,template,2026,chichewa+norm,chi_0300,1,0.999702
bilstm_frozen,advtrain,template,2026,chichewa+norm,chi_0301,1,0.900893
bilstm_frozen,advtrain,template,2026,chichewa+norm,chi_0302,1,0.998740
bilstm_frozen,advtrain,template,2026,chichewa+norm,chi_0303,0,0.999133
bilstm_frozen,advtrain,template,2026,chichewa+norm,chi_0304,0,0.999159
bilstm_frozen,advtrain,template,2026,chichewa+norm,chi_0305,0,0.999152
bilstm_frozen,advtrain,template,2026,chichewa+norm,chi_0306,0,0.999373
bilstm_frozen,advtrain,template,2026,chichewa+norm,chi_0307,1,0.999640
bilstm_frozen,advtrain,template,2026,chichewa+norm,chi_0308,1,0.999573
bilstm_frozen,advtrain,template,2026,chichewa+norm,chi_0309,1,0.999552
bilstm_frozen,advtrain,template,2026,chichewa+norm,chi_0310,1,0.999366
bilstm_frozen,advtrain,template,2026,chichewa+norm,chi_0311,0,0.903223
bilstm_frozen,advtrain,template,2026,chichewa+norm,chi_0312,0,0.988508
bilstm_frozen,advtrain,template,2026,chichewa+norm,chi_0313,0,0.999149
bilstm_frozen,advtrain,template,2026,chichewa+norm,chi_0314,1,0.999143
bilstm_frozen,advtrain,template,2026,chichewa+norm,chi_0315,1,0.999300
bilstm_frozen,advtrain,template,2026,chichewa+norm,chi_0316,0,0.999157
bilstm_frozen,advtrain,template,2026,chichewa+norm,chi_0317,0,0.997486
bilstm_frozen,advtrain,template,2026,chichewa+norm,chi_0318,1,0.998627
bilstm_frozen,advtrain,template,2026,chichewa+norm,chi_0319,1,0.999762
bilstm_frozen,advtrain,template,2026,chichewa+norm,chi_0320,0,0.004479
bilstm_frozen,advtrain,template,2026,chichewa+norm,chi_0321,1,0.828593
bilstm_frozen,advtrain,template,2026,chichewa+norm,chi_0322,0,0.755902
bilstm_frozen,advtrain,template,2026,chichewa+norm,chi_0323,0,0.055243
bilstm_frozen,advtrain,template,2026,chichewa+norm,chi_0324,0,0.044752
bilstm_frozen,advtrain,template,2026,chichewa+norm,chi_0325,0,0.999887
bilstm_frozen,advtrain,template,2026,chichewa+norm,chi_0326,1,0.999603
bilstm_frozen,advtrain,template,2026,chichewa+norm,chi_0327,1,0.999382
bilstm_frozen,advtrain,template,2026,chichewa+norm,chi_0328,0,0.929698
bilstm_frozen,advtrain,template,2026,chichewa+norm,chi_0329,0,0.999090
bilstm_frozen,advtrain,template,2026,chichewa+norm,chi_0330,0,0.765144
bilstm_frozen,advtrain,template,2026,chichewa+norm,chi_0331,1,0.999496
bilstm_frozen,advtrain,template,2026,chichewa+norm,chi_0332,0,0.090115
bilstm_frozen,advtrain,template,2026,chichewa+norm,chi_0333,0,0.239476
bilstm_frozen,advtrain,template,2026,chichewa+norm,chi_0334,0,0.237321
bilstm_frozen,advtrain,template,2026,chichewa+norm,chi_0335,0,0.001057
bilstm_frozen,advtrain,template,2026,chichewa+norm,chi_0336,1,0.999870
bilstm_frozen,advtrain,template,2026,chichewa+norm,chi_0337,1,0.267534
bilstm_frozen,advtrain,template,2026,chichewa+norm,chi_0338,1,0.999545
bilstm_frozen,advtrain,template,2026,chichewa+norm,chi_0339,0,0.375301
bilstm_frozen,advtrain,template,2026,chichewa+norm,chi_0340,0,0.011894
bilstm_frozen,advtrain,template,2026,chichewa+norm,chi_0341,0,0.002733
bilstm_frozen,advtrain,template,2026,chichewa+norm,chi_0342,1,0.999542
bilstm_frozen,advtrain,template,2026,chichewa+norm,chi_0343,1,0.999652
bilstm_frozen,advtrain,template,2026,chichewa+norm,chi_0344,1,0.998803
bilstm_frozen,advtrain,template,2026,chichewa+norm,chi_0345,0,0.163154
bilstm_frozen,advtrain,template,2026,chichewa+norm,chi_0346,0,0.000365
bilstm_frozen,advtrain,template,2026,chichewa+norm,chi_0347,1,0.999774
bilstm_frozen,advtrain,template,2026,chichewa+norm,chi_0348,0,0.069073
bilstm_frozen,advtrain,template,2026,chichewa+norm,chi_0349,0,0.998171
bilstm_frozen,advtrain,template,2026,chichewa+norm,chi_0350,1,0.999776
bilstm_frozen,advtrain,template,2026,chichewa+norm,chi_0351,1,0.750296
bilstm_frozen,advtrain,template,2026,chichewa+norm,chi_0352,1,0.998678
bilstm_frozen,advtrain,template,2026,chichewa+norm,chi_0353,1,0.188076
bilstm_frozen,advtrain,template,2026,chichewa+norm,chi_0354,1,0.999244
bilstm_frozen,advtrain,template,2026,chichewa+norm,chi_0355,0,0.997670
bilstm_frozen,advtrain,template,2026,chichewa+norm,chi_0356,0,0.046400
bilstm_frozen,advtrain,template,2026,chichewa+norm,chi_0357,0,0.092099
bilstm_frozen,advtrain,template,2026,chichewa+norm,chi_0358,0,0.013108
bilstm_frozen,advtrain,template,2026,chichewa+norm,chi_0359,1,0.365734
bilstm_frozen,advtrain,template,2026,chichewa+norm,chi_0360,0,0.335708
bilstm_frozen,advtrain,template,2026,chichewa+norm,chi_0361,1,0.999399
bilstm_frozen,advtrain,template,2026,chichewa+norm,chi_0362,1,0.999761
bilstm_frozen,advtrain,template,2026,chichewa+norm,chi_0363,1,0.879866
bilstm_frozen,advtrain,template,2026,chichewa+norm,chi_0364,0,0.309606
bilstm_frozen,advtrain,template,2026,chichewa+norm,chi_0365,0,0.006960
bilstm_frozen,advtrain,template,2026,chichewa+norm,chi_0366,0,0.011136
bilstm_frozen,advtrain,template,2026,chichewa+norm,chi_0367,1,0.907663
bilstm_frozen,advtrain,template,2026,chichewa+norm,chi_0368,1,0.733703
bilstm_frozen,advtrain,template,2026,chichewa+norm,chi_0369,0,0.150320
bilstm_frozen,advtrain,template,2026,chichewa+norm,chi_0370,0,0.220895
bilstm_frozen,advtrain,template,2026,chichewa+norm,chi_0371,0,0.012233
bilstm_frozen,advtrain,template,2026,chichewa+norm,chi_0372,1,0.997036
bilstm_frozen,advtrain,template,2026,chichewa+norm,chi_0373,1,0.998001
bilstm_frozen,advtrain,template,2026,chichewa+norm,chi_0374,0,0.090727
bilstm_frozen,advtrain,template,2026,chichewa+norm,chi_0375,0,0.001673
bilstm_frozen,advtrain,template,2026,chichewa+norm,chi_0376,1,0.998206
bilstm_frozen,advtrain,template,2026,chichewa+norm,chi_0377,1,0.998924
bilstm_frozen,advtrain,template,2026,chichewa+norm,chi_0378,0,0.041587
bilstm_frozen,advtrain,template,2026,chichewa+norm,chi_0379,0,0.000287
bilstm_frozen,advtrain,template,2026,chichewa+norm,chi_0380,1,0.903499
bilstm_frozen,advtrain,template,2026,chichewa+norm,chi_0381,1,0.905250
bilstm_frozen,advtrain,template,2026,chichewa+norm,chi_0382,0,0.000426
bilstm_frozen,advtrain,template,2026,chichewa+norm,chi_0383,0,0.004562
bilstm_frozen,advtrain,template,2026,chichewa+norm,chi_0384,1,0.996628
bilstm_frozen,advtrain,template,2026,chichewa+norm,chi_0385,1,0.998744
bilstm_frozen,advtrain,template,2026,chichewa+norm,chi_0386,1,0.733643
bilstm_frozen,advtrain,template,2026,chichewa+norm,chi_0387,1,0.838064
bilstm_frozen,advtrain,template,2026,chichewa+norm,chi_0388,0,0.019812
bilstm_frozen,advtrain,template,2026,chichewa+norm,chi_0389,1,0.997722
bilstm_frozen,advtrain,template,2026,chichewa+norm,chi_0390,0,0.997737
bilstm_frozen,advtrain,template,2026,chichewa+norm,chi_0391,0,0.748106
bilstm_frozen,advtrain,template,2026,chichewa+norm,chi_0392,1,0.999564
bilstm_frozen,advtrain,template,2026,chichewa+norm,chi_0393,0,0.005752
bilstm_frozen,advtrain,template,2026,chichewa+norm,chi_0394,0,0.120992
bilstm_frozen,advtrain,template,2026,chichewa+norm,chi_0395,1,0.999756
bilstm_frozen,advtrain,template,2026,chichewa+norm,chi_0396,0,0.792466
bilstm_frozen,advtrain,template,2026,chichewa+norm,chi_0397,0,0.069229
bilstm_frozen,advtrain,template,2026,chichewa+norm,chi_0398,0,0.042317
bilstm_frozen,advtrain,template,2026,chichewa+norm,chi_0399,0,0.514895
bilstm_frozen,advtrain,template,2026,chichewa+norm,chi_0400,0,0.204294
bilstm_frozen,advtrain,template,2026,chichewa+norm,chi_0401,0,0.000229
bilstm_frozen,advtrain,template,2026,chichewa+norm,chi_0402,0,0.284752
bilstm_frozen,advtrain,template,2026,chichewa+norm,chi_0403,0,0.003750
bilstm_frozen,advtrain,template,2026,chichewa+norm,chi_0404,0,0.024952
bilstm_frozen,advtrain,template,2026,chichewa+norm,chi_0405,0,0.002400
bilstm_frozen,advtrain,template,2026,chichewa+norm,chi_0406,0,0.531839
bilstm_frozen,advtrain,template,2026,chichewa+norm,chi_0407,0,0.474206
bilstm_frozen,advtrain,template,2026,chichewa+norm,chi_0408,0,0.212191
bilstm_frozen,advtrain,template,2026,chichewa+norm,chi_0409,0,0.525910
bilstm_frozen,advtrain,template,2026,chichewa+norm,chi_0410,0,0.078970
bilstm_frozen,advtrain,template,2026,chichewa+norm,chi_0411,1,0.998373
bilstm_frozen,advtrain,template,2026,chichewa+norm,chi_0412,1,0.998761
bilstm_frozen,advtrain,template,2026,chichewa+norm,chi_0413,1,0.999637
bilstm_frozen,advtrain,template,2026,chichewa+norm,chi_0414,0,0.138716
bilstm_frozen,advtrain,template,2026,chichewa+norm,chi_0415,0,0.001214
bilstm_frozen,advtrain,template,2026,chichewa+norm,chi_0416,1,0.998930
bilstm_frozen,advtrain,template,2026,chichewa+norm,chi_0417,1,0.999508
bilstm_frozen,advtrain,template,2026,chichewa+norm,chi_0418,1,0.998565
bilstm_frozen,advtrain,template,2026,chichewa+norm,chi_0419,0,0.073029
bilstm_frozen,advtrain,template,2026,chichewa+norm,chi_0420,1,0.999111
bilstm_frozen,advtrain,template,2026,chichewa+norm,chi_0421,0,0.246664
bilstm_frozen,advtrain,template,2026,chichewa+norm,chi_0422,0,0.043993
bilstm_frozen,advtrain,template,2026,chichewa+norm,chi_0423,1,0.999393
bilstm_frozen,advtrain,template,2026,chichewa+norm,chi_0424,1,0.996678
bilstm_frozen,advtrain,template,2026,chichewa+norm,chi_0425,0,0.069402
bilstm_frozen,advtrain,template,2026,chichewa+norm,chi_0426,1,0.997024
bilstm_frozen,advtrain,template,2026,chichewa+norm,chi_0427,1,0.997335
bilstm_frozen,advtrain,template,2026,chichewa+norm,chi_0428,1,0.999701
bilstm_frozen,advtrain,template,2026,chichewa+norm,chi_0429,0,0.997751
bilstm_frozen,advtrain,template,2026,chichewa+norm,chi_0430,0,0.495016
bilstm_frozen,advtrain,template,2026,chichewa+norm,chi_0431,0,0.998343
bilstm_frozen,advtrain,template,2026,chichewa+norm,chi_0432,1,0.999793
bilstm_frozen,advtrain,template,2026,chichewa+norm,chi_0433,1,0.999628
bilstm_frozen,advtrain,template,2026,chichewa+norm,chi_0434,1,0.999711
bilstm_frozen,advtrain,template,2026,chichewa+norm,chi_0435,1,0.998784
bilstm_frozen,advtrain,template,2026,chichewa+norm,chi_0436,1,0.999746
bilstm_frozen,advtrain,template,2026,chichewa+norm,chi_0437,1,0.999749
bilstm_frozen,advtrain,template,2026,chichewa+norm,chi_0438,1,0.999365
bilstm_frozen,advtrain,template,2026,chichewa+norm,chi_0439,1,0.998882
bilstm_frozen,advtrain,template,2026,chichewa+norm,chi_0440,1,0.999510
bilstm_frozen,advtrain,template,2026,chichewa+norm,chi_0441,1,0.999113
bilstm_frozen,advtrain,template,2026,chichewa+norm,chi_0442,1,0.999503
bilstm_frozen,advtrain,template,2026,chichewa+norm,chi_0443,1,0.999122
bilstm_frozen,advtrain,template,2026,chichewa+norm,chi_0444,1,0.999432
bilstm_frozen,advtrain,template,2026,chichewa+norm,chi_0445,1,0.999231
bilstm_frozen,advtrain,template,2026,chichewa+norm,chi_0446,1,0.999214
bilstm_frozen,advtrain,template,2026,chichewa+norm,chi_0447,1,0.999134
bilstm_frozen,advtrain,template,2026,chichewa+norm,chi_0448,1,0.999343
bilstm_frozen,advtrain,template,2026,chichewa+norm,chi_0449,1,0.999464
bilstm_frozen,advtrain,template,2026,chichewa+norm,chi_0450,1,0.999177
bilstm_frozen,advtrain,template,2026,chichewa+norm,chi_0451,0,0.998496
bilstm_frozen,advtrain,template,2026,chichewa+norm,chi_0452,0,0.014921
bilstm_frozen,advtrain,template,2026,chichewa+norm,chi_0453,1,0.999714
bilstm_frozen,advtrain,template,2026,chichewa+norm,chi_0454,1,0.999769
bilstm_frozen,advtrain,template,2026,chichewa+norm,chi_0455,1,0.999134
bilstm_frozen,advtrain,template,2026,chichewa+norm,chi_0456,1,0.999443
bilstm_frozen,advtrain,template,2026,chichewa+norm,chi_0457,1,0.999834
bilstm_frozen,advtrain,template,2026,chichewa+norm,chi_0458,1,0.999821
bilstm_frozen,advtrain,template,2026,chichewa+norm,chi_0459,0,0.999079
bilstm_frozen,advtrain,template,2026,chichewa+norm,chi_0460,1,0.999767
bilstm_frozen,advtrain,template,2026,chichewa+norm,chi_0461,1,0.999485
bilstm_frozen,advtrain,template,2026,chichewa+norm,chi_0462,0,0.058914
bilstm_frozen,advtrain,template,2026,chichewa+norm,chi_0463,0,0.925929
bilstm_frozen,advtrain,template,2026,chichewa+norm,chi_0464,1,0.999464
bilstm_frozen,advtrain,template,2026,chichewa+norm,chi_0465,0,0.062126
bilstm_frozen,advtrain,template,2026,chichewa+norm,chi_0466,0,0.999415
bilstm_frozen,advtrain,template,2026,chichewa+norm,chi_0467,1,0.999720
bilstm_frozen,advtrain,template,2026,chichewa+norm,chi_0468,1,0.999084
bilstm_frozen,advtrain,template,2026,chichewa+norm,chi_0469,0,0.295664
bilstm_frozen,advtrain,template,2026,chichewa+norm,chi_0470,0,0.999669
bilstm_frozen,advtrain,template,2026,chichewa+norm,chi_0471,1,0.999662
bilstm_frozen,advtrain,template,2026,chichewa+norm,chi_0472,1,0.999409
bilstm_frozen,advtrain,template,2026,chichewa+norm,chi_0473,0,0.767119
bilstm_frozen,advtrain,template,2026,chichewa+norm,chi_0474,0,0.245463
bilstm_frozen,advtrain,template,2026,chichewa+norm,chi_0475,1,0.999481
bilstm_frozen,advtrain,template,2026,chichewa+norm,chi_0476,1,0.999702
bilstm_frozen,advtrain,template,2026,chichewa+norm,chi_0477,1,0.999695
bilstm_frozen,advtrain,template,2026,chichewa+norm,chi_0478,0,0.973717
bilstm_frozen,advtrain,template,2026,chichewa+norm,chi_0479,0,0.996252
bilstm_frozen,advtrain,template,2026,chichewa+norm,chi_0480,0,0.998457
bilstm_frozen,advtrain,template,2026,chichewa+norm,chi_0481,1,0.999458
bilstm_frozen,advtrain,template,2026,chichewa+norm,chi_0482,1,0.999722
bilstm_frozen,advtrain,template,2026,chichewa+norm,chi_0483,0,0.999740
bilstm_frozen,advtrain,template,2026,chichewa+norm,chi_0484,0,0.999295
bilstm_frozen,advtrain,template,2026,chichewa+norm,chi_0485,0,0.733535
bilstm_frozen,advtrain,template,2026,chichewa+norm,chi_0486,1,0.999439
bilstm_frozen,advtrain,template,2026,chichewa+norm,chi_0487,1,0.999713
bilstm_frozen,advtrain,template,2026,chichewa+norm,chi_0488,1,0.998389
bilstm_frozen,advtrain,template,2026,chichewa+norm,chi_0489,0,0.955954
bilstm_frozen,advtrain,template,2026,chichewa+norm,chi_0490,0,0.999642
bilstm_frozen,advtrain,template,2026,chichewa+norm,chi_0491,1,0.999715
bilstm_frozen,advtrain,template,2026,chichewa+norm,chi_0492,1,0.999647
bilstm_frozen,advtrain,template,2026,chichewa+norm,chi_0493,1,0.999836
bilstm_frozen,advtrain,template,2026,chichewa+norm,chi_0494,0,0.999603
bilstm_frozen,advtrain,template,2026,chichewa+norm,chi_0495,0,0.999327
bilstm_frozen,advtrain,template,2026,chichewa+norm,chi_0496,0,0.999171
bilstm_frozen,advtrain,template,2026,chichewa+norm,chi_0497,1,0.999718
bilstm_frozen,advtrain,template,2026,chichewa+norm,chi_0498,1,0.999576
bilstm_frozen,advtrain,template,2026,chichewa+norm,chi_0499,0,0.749731
bilstm_frozen,advtrain,template,2026,chichewa+norm,chi_0500,0,0.013199
bilstm_frozen,advtrain,template,2026,chichewa+norm,chi_0501,0,0.869706
bilstm_frozen,advtrain,template,2026,chichewa+norm,chi_0502,1,0.999502
bilstm_frozen,advtrain,template,2026,chichewa+norm,chi_0503,1,0.998596
bilstm_frozen,advtrain,template,2026,chichewa+norm,chi_0504,1,0.999729
bilstm_frozen,advtrain,template,2026,chichewa+norm,chi_0505,0,0.561751
bilstm_frozen,advtrain,template,2026,chichewa+norm,chi_0506,0,0.546139
bilstm_frozen,advtrain,template,2026,chichewa+norm,chi_0507,0,0.063840
bilstm_frozen,advtrain,template,2026,chichewa+norm,chi_0508,1,0.999319
bilstm_frozen,advtrain,template,2026,chichewa+norm,chi_0509,1,0.999549
bilstm_frozen,advtrain,template,2026,chichewa+norm,chi_0510,1,0.999273
bilstm_frozen,advtrain,template,2026,chichewa+norm,chi_0511,0,0.865244
bilstm_frozen,advtrain,template,2026,chichewa+norm,chi_0512,0,0.001672
bilstm_frozen,advtrain,template,2026,chichewa+norm,chi_0513,0,0.997657
bilstm_frozen,advtrain,template,2026,chichewa+norm,chi_0514,1,0.998448
bilstm_frozen,advtrain,template,2026,chichewa+norm,chi_0515,1,0.999719
bilstm_frozen,advtrain,template,2026,chichewa+norm,chi_0516,1,0.999740
bilstm_frozen,advtrain,template,2026,chichewa+norm,chi_0517,0,0.999260
bilstm_frozen,advtrain,template,2026,chichewa+norm,chi_0518,0,0.144022
bilstm_frozen,advtrain,template,2026,chichewa+norm,chi_0519,1,0.999834
bilstm_frozen,advtrain,template,2026,chichewa+norm,chi_0520,1,0.991905
bilstm_frozen,advtrain,template,2026,chichewa+norm,chi_0521,1,0.811433
bilstm_frozen,advtrain,template,2026,chichewa+norm,chi_0522,0,0.875443
bilstm_frozen,advtrain,template,2026,chichewa+norm,chi_0523,0,0.787064
bilstm_frozen,advtrain,template,2026,chichewa+norm,chi_0524,0,0.023109
bilstm_frozen,advtrain,template,2026,chichewa+norm,chi_0525,1,0.999501
bilstm_frozen,advtrain,template,2026,chichewa+norm,chi_0526,1,0.999423
bilstm_frozen,advtrain,template,2026,chichewa+norm,chi_0527,1,0.999708
bilstm_frozen,advtrain,template,2026,chichewa+norm,chi_0528,0,0.540051
bilstm_frozen,advtrain,template,2026,chichewa+norm,chi_0529,0,0.974871
bilstm_frozen,advtrain,template,2026,chichewa+norm,chi_0530,0,0.007094
bilstm_frozen,advtrain,template,2026,chichewa+norm,chi_0531,1,0.999551
bilstm_frozen,advtrain,template,2026,chichewa+norm,chi_0532,1,0.999831
bilstm_frozen,advtrain,template,2026,chichewa+norm,chi_0533,1,0.999570
bilstm_frozen,advtrain,template,2026,chichewa+norm,chi_0534,0,0.669520
bilstm_frozen,advtrain,template,2026,chichewa+norm,chi_0535,0,0.942940
bilstm_frozen,advtrain,template,2026,chichewa+norm,chi_0536,0,0.997536
bilstm_frozen,advtrain,template,2026,chichewa+norm,chi_0537,1,0.999604
bilstm_frozen,advtrain,template,2026,chichewa+norm,chi_0538,1,0.998378
bilstm_frozen,advtrain,template,2026,chichewa+norm,chi_0539,1,0.999837
bilstm_frozen,advtrain,template,2026,chichewa+norm,chi_0540,0,0.767931
bilstm_frozen,advtrain,template,2026,chichewa+norm,chi_0541,0,0.995170
bilstm_frozen,advtrain,template,2026,chichewa+norm,chi_0542,0,0.400869
bilstm_frozen,advtrain,template,2026,chichewa+norm,chi_0543,1,0.999526
bilstm_frozen,advtrain,template,2026,chichewa+norm,chi_0544,1,0.999554
bilstm_frozen,advtrain,template,2026,chichewa+norm,chi_0545,1,0.999742
bilstm_frozen,advtrain,template,2026,chichewa+norm,chi_0546,0,0.750120
bilstm_frozen,advtrain,template,2026,chichewa+norm,chi_0547,0,0.575954
bilstm_frozen,advtrain,template,2026,chichewa+norm,chi_0548,0,0.323040
bilstm_frozen,advtrain,template,2026,chichewa+norm,chi_0549,1,0.999566
bilstm_frozen,advtrain,template,2026,chichewa+norm,chi_0550,1,0.999676
bilstm_frozen,advtrain,template,2026,chichewa+norm,chi_0551,1,0.999756
bilstm_frozen,advtrain,template,2026,chichewa+norm,chi_0552,0,0.802172
bilstm_frozen,advtrain,template,2026,chichewa+norm,chi_0553,0,0.994309
bilstm_frozen,advtrain,template,2026,chichewa+norm,chi_0554,1,0.948065
bilstm_frozen,advtrain,template,2026,chichewa+norm,chi_0555,1,0.624106
bilstm_frozen,advtrain,template,2026,chichewa+norm,chi_0556,1,0.941338
bilstm_frozen,advtrain,template,2026,chichewa+norm,chi_0557,0,0.879254
bilstm_frozen,advtrain,template,2026,chichewa+norm,chi_0558,0,0.998912
bilstm_frozen,advtrain,template,2026,chichewa+norm,chi_0559,0,0.964482
bilstm_frozen,advtrain,template,2026,chichewa+norm,chi_0560,1,0.999552
bilstm_frozen,advtrain,template,2026,chichewa+norm,chi_0561,1,0.999651
bilstm_frozen,advtrain,template,2026,chichewa+norm,chi_0562,1,0.999526
bilstm_frozen,advtrain,template,2026,chichewa+norm,chi_0563,0,0.998356
bilstm_frozen,advtrain,template,2026,chichewa+norm,chi_0564,0,0.930230
bilstm_frozen,advtrain,template,2026,chichewa+norm,chi_0565,0,0.986643
bilstm_frozen,advtrain,template,2026,chichewa+norm,chi_0566,0,0.017155
bilstm_frozen,advtrain,template,2026,chichewa+norm,chi_0567,1,0.999659
bilstm_frozen,advtrain,template,2026,chichewa+norm,chi_0568,1,0.999715
bilstm_frozen,advtrain,template,2026,chichewa+norm,chi_0569,1,0.999729
bilstm_frozen,advtrain,template,2026,chichewa+norm,chi_0570,1,0.999659
bilstm_frozen,advtrain,template,2026,chichewa+norm,chi_0571,0,0.999436
bilstm_frozen,advtrain,template,2026,chichewa+norm,chi_0572,1,0.999496
bilstm_frozen,advtrain,template,2026,chichewa+norm,chi_0573,1,0.999317
bilstm_frozen,advtrain,template,2026,chichewa+norm,chi_0574,1,0.999340
bilstm_frozen,advtrain,template,2026,chichewa+norm,chi_0575,0,0.877738
bilstm_frozen,advtrain,template,2026,chichewa+norm,chi_0576,1,0.998407
bilstm_frozen,advtrain,template,2026,chichewa+norm,chi_0577,1,0.108801
bilstm_frozen,advtrain,template,2026,chichewa+norm,chi_0578,0,0.095161
bilstm_frozen,advtrain,template,2026,chichewa+norm,chi_0579,0,0.019718
bilstm_frozen,advtrain,template,2026,chichewa+norm,chi_0580,0,0.050849
bilstm_frozen,advtrain,template,2026,chichewa+norm,chi_0581,1,0.663598
bilstm_frozen,advtrain,template,2026,chichewa+norm,chi_0582,0,0.000427
bilstm_frozen,advtrain,template,2026,chichewa+norm,chi_0583,0,0.082110
bilstm_frozen,advtrain,template,2026,chichewa+norm,chi_0584,0,0.092445
bilstm_frozen,advtrain,template,2026,chichewa+norm,chi_0585,0,0.195698
bilstm_frozen,advtrain,template,2026,chichewa+norm,chi_0586,0,0.003647
bilstm_frozen,advtrain,template,2026,chichewa+norm,chi_0587,0,0.553182
bilstm_frozen,advtrain,template,2026,chichewa+norm,chi_0588,0,0.250789
bilstm_frozen,advtrain,template,2026,chichewa+norm,chi_0589,1,0.997859
bilstm_frozen,advtrain,template,2026,chichewa+norm,chi_0590,1,0.999847
bilstm_frozen,advtrain,template,2026,chichewa+norm,chi_0591,1,0.850231
bilstm_frozen,advtrain,template,2026,chichewa+norm,chi_0592,0,0.772778
bilstm_frozen,advtrain,template,2026,chichewa+norm,chi_0593,0,0.994820
bilstm_frozen,advtrain,template,2026,chichewa+norm,chi_0594,0,0.175470
bilstm_frozen,advtrain,template,2026,chichewa+norm,chi_0595,1,0.106158
bilstm_frozen,advtrain,template,2026,chichewa+norm,chi_0596,1,0.864644
bilstm_frozen,advtrain,template,2026,chichewa+norm,chi_0597,1,0.976055
bilstm_frozen,advtrain,template,2026,chichewa+norm,chi_0598,1,0.978367
bilstm_frozen,advtrain,template,2026,chichewa+norm,chi_0599,0,0.266525
bilstm_frozen,advtrain,template,2026,chichewa+norm,chi_0600,0,0.991103
bilstm_frozen,advtrain,template,2026,chichewa+norm,chi_0601,0,0.002777
bilstm_frozen,advtrain,template,2026,chichewa+norm,chi_0602,1,0.998125
bilstm_frozen,advtrain,template,2026,chichewa+norm,chi_0603,0,0.000767
bilstm_frozen,advtrain,template,2026,chichewa+norm,chi_0604,0,0.541576
bilstm_frozen,advtrain,template,2026,chichewa+norm,chi_0605,0,0.994838
bilstm_frozen,advtrain,template,2026,chichewa+norm,chi_0606,1,0.996978
bilstm_frozen,advtrain,template,2026,chichewa+norm,chi_0607,0,0.047994
bilstm_frozen,advtrain,template,2026,chichewa+norm,chi_0608,0,0.044576
bilstm_frozen,advtrain,template,2026,chichewa+norm,chi_0609,0,0.192988
bilstm_frozen,advtrain,template,2026,chichewa+norm,chi_0610,1,0.778404
bilstm_frozen,advtrain,template,2026,chichewa+norm,chi_0611,0,0.008823
bilstm_frozen,advtrain,template,2026,chichewa+norm,chi_0612,0,0.288866
bilstm_frozen,advtrain,template,2026,chichewa+norm,chi_0613,0,0.009003
bilstm_frozen,advtrain,template,2026,chichewa+norm,chi_0614,0,0.001609
bilstm_frozen,advtrain,template,2026,chichewa+norm,chi_0615,1,0.999546
bilstm_frozen,advtrain,template,2026,chichewa+norm,chi_0616,0,0.096802
bilstm_frozen,advtrain,template,2026,chichewa+norm,chi_0617,0,0.082148
bilstm_frozen,advtrain,template,2026,chichewa+norm,chi_0618,1,0.999840
bilstm_frozen,advtrain,template,2026,chichewa+norm,chi_0619,1,0.999814
bilstm_frozen,advtrain,template,2026,chichewa+norm,chi_0620,1,0.844465
bilstm_frozen,advtrain,template,2026,chichewa+norm,chi_0621,0,0.019265
bilstm_frozen,advtrain,template,2026,chichewa+norm,chi_0622,0,0.006351
bilstm_frozen,advtrain,template,2026,chichewa+norm,chi_0623,0,0.402931
bilstm_frozen,advtrain,template,2026,chichewa+norm,chi_0624,1,0.999617
bilstm_frozen,advtrain,template,2026,chichewa+norm,chi_0625,0,0.911136
bilstm_frozen,advtrain,template,2026,chichewa+norm,chi_0626,0,0.132984
bilstm_frozen,advtrain,template,2026,chichewa+norm,chi_0627,0,0.222660
bilstm_frozen,advtrain,template,2026,chichewa+norm,chi_0628,0,0.998430
bilstm_frozen,advtrain,template,2026,chichewa+norm,chi_0629,0,0.342190
bilstm_frozen,advtrain,template,2026,chichewa+norm,chi_0630,1,0.999497
bilstm_frozen,advtrain,template,2026,chichewa+norm,chi_0631,1,0.999324
bilstm_frozen,advtrain,template,2026,chichewa+norm,chi_0632,0,0.744423
bilstm_frozen,advtrain,template,2026,chichewa+norm,chi_0633,0,0.813858
bilstm_frozen,advtrain,template,2026,chichewa+norm,chi_0634,1,0.919078
bilstm_frozen,advtrain,template,2026,chichewa+norm,chi_0635,1,0.999652
bilstm_frozen,advtrain,template,2026,chichewa+norm,chi_0636,1,0.996432
bilstm_frozen,advtrain,template,2026,chichewa+norm,chi_0637,0,0.556320
bilstm_frozen,advtrain,template,2026,chichewa+norm,chi_0638,0,0.703218
bilstm_frozen,advtrain,template,2026,chichewa+norm,chi_0639,0,0.998942
bilstm_frozen,advtrain,template,2026,chichewa+norm,chi_0640,0,0.845874
bilstm_frozen,advtrain,template,2026,chichewa+norm,chi_0641,1,0.999737
bilstm_frozen,advtrain,template,2026,chichewa+norm,chi_0642,1,0.999696
bilstm_frozen,advtrain,template,2026,chichewa+norm,chi_0643,1,0.999589
bilstm_frozen,advtrain,template,2026,chichewa+norm,chi_0644,0,0.999192
bilstm_frozen,advtrain,template,2026,chichewa+norm,chi_0645,1,0.999858
bilstm_frozen,advtrain,template,2026,chichewa+norm,chi_0646,1,0.999852
bilstm_frozen,advtrain,template,2026,chichewa+norm,chi_0647,1,0.998599
bilstm_frozen,advtrain,template,2026,chichewa+norm,chi_0648,1,0.999783
bilstm_frozen,advtrain,template,2026,chichewa+norm,chi_0649,1,0.999615
bilstm_frozen,advtrain,template,2026,chichewa+norm,chi_0650,1,0.999854
bilstm_frozen,advtrain,template,2026,chichewa+norm,chi_0651,1,0.999538
bilstm_frozen,advtrain,template,2026,chichewa+norm,chi_0652,1,0.326337
bilstm_frozen,advtrain,template,2026,chichewa+norm,chi_0653,1,0.999851
bilstm_frozen,advtrain,template,2026,chichewa+norm,chi_0654,1,0.998767
bilstm_frozen,advtrain,template,2026,chichewa+norm,chi_0655,1,0.999001
bilstm_frozen,advtrain,template,2026,chichewa+norm,chi_0656,1,0.998459
bilstm_frozen,advtrain,template,2026,chichewa+norm,chi_0657,1,0.995331
bilstm_frozen,advtrain,template,2026,chichewa+norm,chi_0658,1,0.999342
bilstm_frozen,advtrain,template,2026,chichewa+norm,chi_0659,1,0.999852
bilstm_frozen,advtrain,template,2026,chichewa+norm,chi_0660,1,0.999864
bilstm_frozen,advtrain,template,2026,chichewa+norm,chi_0661,1,0.996390
bilstm_frozen,advtrain,template,2026,chichewa+norm,chi_0662,1,0.998068
bilstm_frozen,advtrain,template,2026,chichewa+norm,chi_0663,1,0.078024
bilstm_frozen,advtrain,template,2026,chichewa+norm,chi_0664,1,0.999825
bilstm_frozen,advtrain,template,2026,chichewa+norm,chi_0665,1,0.855931
bilstm_frozen,advtrain,template,2026,chichewa+norm,chi_0666,1,0.645050
bilstm_frozen,advtrain,template,2026,chichewa+norm,chi_0667,1,0.996081
bilstm_frozen,advtrain,template,2026,chichewa+norm,chi_0668,0,0.075561
bilstm_frozen,advtrain,template,2026,chichewa+norm,chi_0669,0,0.044427
bilstm_frozen,advtrain,template,2026,chichewa+norm,chi_0670,0,0.999779
bilstm_frozen,advtrain,template,2026,chichewa+norm,chi_0671,0,0.865921
bilstm_frozen,advtrain,template,2026,chichewa+norm,chi_0672,0,0.538805
bilstm_frozen,advtrain,template,2026,chichewa+norm,chi_0673,0,0.838469
bilstm_frozen,advtrain,template,2026,chichewa+norm,chi_0674,0,0.999545
bilstm_frozen,advtrain,template,2026,chichewa+norm,chi_0675,0,0.998882
bilstm_frozen,advtrain,template,2026,chichewa+norm,chi_0676,0,0.999339
bilstm_frozen,advtrain,template,2026,chichewa+norm,chi_0677,0,0.999347
bilstm_frozen,advtrain,template,2026,chichewa+norm,chi_0678,0,0.998737
bilstm_frozen,advtrain,template,2026,chichewa+norm,chi_0679,0,0.702709
bilstm_frozen,advtrain,template,2026,chichewa+norm,chi_0680,0,0.994895
bilstm_frozen,advtrain,template,2026,chichewa+norm,chi_0681,0,0.999883
bilstm_frozen,advtrain,template,2026,chichewa+norm,chi_0682,0,0.984941
bilstm_frozen,advtrain,template,2026,chichewa+norm,chi_0683,0,0.996590
bilstm_frozen,advtrain,template,2026,chichewa+norm,chi_0684,0,0.196666
bilstm_frozen,advtrain,template,2026,chichewa+norm,chi_0685,0,0.631534
bilstm_frozen,advtrain,template,2026,chichewa+norm,chi_0686,0,0.994893
bilstm_frozen,advtrain,template,2026,chichewa+norm,chi_0687,0,0.864316
bilstm_frozen,advtrain,template,2026,chichewa+norm,chi_0688,0,0.998417
bilstm_frozen,advtrain,template,2026,chichewa+norm,chi_0689,0,0.997918
bilstm_frozen,advtrain,template,2026,chichewa+norm,chi_0690,0,0.999123
bilstm_frozen,advtrain,template,2026,chichewa+norm,chi_0691,0,0.998911
bilstm_frozen,advtrain,template,2026,chichewa+norm,chi_0692,0,0.064737
bilstm_frozen,advtrain,template,2026,chichewa+norm,chi_0693,0,0.971826
bilstm_frozen,advtrain,template,2026,chichewa+norm,chi_0694,0,0.991106
bilstm_frozen,advtrain,template,2026,chichewa+norm,chi_0695,0,0.997808
bilstm_frozen,advtrain,template,2026,chichewa+norm,chi_0696,0,0.997138
bilstm_frozen,advtrain,template,2026,chichewa+norm,chi_0697,0,0.998241
bilstm_frozen,advtrain,template,2026,chichewa+norm,chi_0698,0,0.849673
bilstm_frozen,advtrain,template,2026,chichewa+norm,chi_0699,0,0.999742
bilstm_frozen,advtrain,template,2026,chichewa+norm,chi_0700,0,0.999348
bilstm_frozen,advtrain,template,2026,chichewa+norm,chi_0701,0,0.998620
bilstm_frozen,advtrain,template,2026,chichewa+norm,chi_0702,0,0.998226
bilstm_frozen,advtrain,template,2026,chichewa+norm,chi_0703,0,0.999799
bilstm_frozen,advtrain,template,2026,chichewa+norm,chi_0704,0,0.993978
bilstm_frozen,advtrain,template,2026,chichewa+norm,chi_0705,0,0.998544
bilstm_frozen,advtrain,template,2026,chichewa+norm,chi_0706,0,0.881035
bilstm_frozen,advtrain,template,2026,chichewa+norm,chi_0707,0,0.824989
bilstm_frozen,advtrain,template,2026,chichewa+norm,chi_0708,0,0.999538
bilstm_frozen,advtrain,template,2026,chichewa+norm,chi_0709,0,0.999546
bilstm_frozen,advtrain,template,2026,chichewa+norm,chi_0710,0,0.035169
bilstm_frozen,advtrain,template,2026,chichewa+norm,chi_0711,0,0.999525
bilstm_frozen,advtrain,template,2026,chichewa+norm,chi_0712,0,0.999478
bilstm_frozen,advtrain,template,2026,chichewa+norm,chi_0713,0,0.995892
bilstm_frozen,advtrain,template,2026,chichewa+norm,chi_0714,0,0.877124
bilstm_frozen,advtrain,template,2026,chichewa+norm,chi_0715,0,0.997667
bilstm_frozen,advtrain,template,2026,chichewa+norm,chi_0716,0,0.996712
bilstm_frozen,advtrain,template,2026,chichewa+norm,chi_0717,0,0.993541
bilstm_frozen,advtrain,template,2026,chichewa+norm,chi_0718,0,0.997533
bilstm_frozen,advtrain,template,2026,chichewa+norm,chi_0719,0,0.936517
bilstm_frozen,advtrain,template,2026,chichewa+norm,chi_0720,0,0.616235
bilstm_frozen,advtrain,template,2026,chichewa+norm,chi_0721,0,0.999445
bilstm_frozen,advtrain,template,2026,chichewa+norm,chi_0722,0,0.825272
bilstm_frozen,advtrain,template,2026,chichewa+norm,chi_0723,0,0.821983
bilstm_frozen,advtrain,template,2026,chichewa+norm,chi_0724,0,0.971097
bilstm_frozen,advtrain,template,2026,chichewa+norm,chi_0725,0,0.999505
bilstm_frozen,advtrain,template,2026,chichewa+norm,chi_0726,0,0.998208
bilstm_frozen,advtrain,template,2026,chichewa+norm,chi_0727,0,0.998870
bilstm_frozen,advtrain,template,2026,chichewa+norm,chi_0728,0,0.998808
bilstm_frozen,advtrain,template,2026,chichewa+norm,chi_0729,0,0.969749
bilstm_frozen,advtrain,template,2026,chichewa+norm,chi_0730,0,0.886114
bilstm_frozen,advtrain,template,2026,chichewa+norm,chi_0731,0,0.996963
bilstm_frozen,advtrain,template,2026,chichewa+norm,chi_0732,0,0.313003
bilstm_frozen,advtrain,template,2026,ctrl_lookalike+norm,bongo_0029,0,0.046893
bilstm_frozen,advtrain,template,2026,ctrl_lookalike+norm,bongo_0053,0,0.000034
bilstm_frozen,advtrain,template,2026,ctrl_lookalike+norm,bongo_0097,0,0.000570
bilstm_frozen,advtrain,template,2026,ctrl_lookalike+norm,bongo_0107,0,0.000012
bilstm_frozen,advtrain,template,2026,ctrl_lookalike+norm,bongo_0110,0,0.000008
bilstm_frozen,advtrain,template,2026,ctrl_lookalike+norm,bongo_0115,0,0.000156
bilstm_frozen,advtrain,template,2026,ctrl_lookalike+norm,bongo_0143,0,0.000018
bilstm_frozen,advtrain,template,2026,ctrl_lookalike+norm,bongo_0160,0,0.000046
bilstm_frozen,advtrain,template,2026,ctrl_lookalike+norm,bongo_0172,0,0.089296
bilstm_frozen,advtrain,template,2026,ctrl_lookalike+norm,bongo_0175,0,0.000019
bilstm_frozen,advtrain,template,2026,ctrl_lookalike+norm,bongo_0182,0,0.000006
bilstm_frozen,advtrain,template,2026,ctrl_lookalike+norm,bongo_0197,0,0.000030
bilstm_frozen,advtrain,template,2026,ctrl_lookalike+norm,bongo_0253,0,0.000562
bilstm_frozen,advtrain,template,2026,ctrl_lookalike+norm,bongo_0271,0,0.000027
bilstm_frozen,advtrain,template,2026,ctrl_lookalike+norm,bongo_0300,0,0.000041
bilstm_frozen,advtrain,template,2026,ctrl_lookalike+norm,bongo_0306,0,0.000122
bilstm_frozen,advtrain,template,2026,ctrl_lookalike+norm,bongo_0363,0,0.000042
bilstm_frozen,advtrain,template,2026,ctrl_lookalike+norm,bongo_0368,0,0.001001
bilstm_frozen,advtrain,template,2026,ctrl_lookalike+norm,bongo_0372,0,0.000109
bilstm_frozen,advtrain,template,2026,ctrl_lookalike+norm,bongo_0389,0,0.000025
bilstm_frozen,advtrain,template,2026,ctrl_lookalike+norm,bongo_0395,0,0.000787
bilstm_frozen,advtrain,template,2026,ctrl_lookalike+norm,bongo_0427,0,0.000401
bilstm_frozen,advtrain,template,2026,ctrl_lookalike+norm,bongo_0463,0,0.007451
bilstm_frozen,advtrain,template,2026,ctrl_lookalike+norm,bongo_0531,0,0.000234
bilstm_frozen,advtrain,template,2026,ctrl_lookalike+norm,bongo_0542,0,0.000018
bilstm_frozen,advtrain,template,2026,ctrl_lookalike+norm,bongo_0545,0,0.000024
bilstm_frozen,advtrain,template,2026,ctrl_lookalike+norm,bongo_0571,0,0.000019
bilstm_frozen,advtrain,template,2026,ctrl_lookalike+norm,bongo_0630,0,0.000400
bilstm_frozen,advtrain,template,2026,ctrl_lookalike+norm,bongo_0648,0,0.040359
bilstm_frozen,advtrain,template,2026,ctrl_lookalike+norm,bongo_0674,0,0.000016
bilstm_frozen,advtrain,template,2026,ctrl_lookalike+norm,bongo_0685,0,0.039352
bilstm_frozen,advtrain,template,2026,ctrl_lookalike+norm,bongo_0701,0,0.000031
bilstm_frozen,advtrain,template,2026,ctrl_lookalike+norm,bongo_0741,0,0.000021
bilstm_frozen,advtrain,template,2026,ctrl_lookalike+norm,bongo_0795,0,0.001126
bilstm_frozen,advtrain,template,2026,ctrl_lookalike+norm,bongo_0818,0,0.010798
bilstm_frozen,advtrain,template,2026,ctrl_lookalike+norm,bongo_0819,0,0.000204
bilstm_frozen,advtrain,template,2026,ctrl_lookalike+norm,bongo_0835,0,0.000019
bilstm_frozen,advtrain,template,2026,ctrl_lookalike+norm,bongo_0856,0,0.000092
bilstm_frozen,advtrain,template,2026,ctrl_lookalike+norm,bongo_0872,0,0.005578
bilstm_frozen,advtrain,template,2026,ctrl_lookalike+norm,bongo_0904,0,0.000395
bilstm_frozen,advtrain,template,2026,ctrl_lookalike+norm,bongo_0950,0,0.000038
bilstm_frozen,advtrain,template,2026,ctrl_lookalike+norm,bongo_0956,0,0.000019
bilstm_frozen,advtrain,template,2026,ctrl_lookalike+norm,bongo_0971,0,0.000023
bilstm_frozen,advtrain,template,2026,ctrl_lookalike+norm,bongo_0983,0,0.000225
bilstm_frozen,advtrain,template,2026,ctrl_lookalike+norm,bongo_0994,0,0.001902
bilstm_frozen,advtrain,template,2026,ctrl_lookalike+norm,bongo_1006,0,0.000057
bilstm_frozen,advtrain,template,2026,ctrl_lookalike+norm,bongo_1015,0,0.000017
bilstm_frozen,advtrain,template,2026,ctrl_lookalike+norm,bongo_1037,0,0.000065
bilstm_frozen,advtrain,template,2026,ctrl_lookalike+norm,bongo_1040,0,0.000033
bilstm_frozen,advtrain,template,2026,ctrl_lookalike+norm,bongo_1050,0,0.000020
bilstm_frozen,advtrain,template,2026,ctrl_lookalike+norm,bongo_1059,0,0.000013
bilstm_frozen,advtrain,template,2026,ctrl_lookalike+norm,bongo_1071,0,0.000055
bilstm_frozen,advtrain,template,2026,ctrl_lookalike+norm,bongo_1090,0,0.000014
bilstm_frozen,advtrain,template,2026,ctrl_lookalike+norm,bongo_1115,0,0.000009
bilstm_frozen,advtrain,template,2026,ctrl_lookalike+norm,bongo_1123,0,0.000078
bilstm_frozen,advtrain,template,2026,ctrl_lookalike+norm,bongo_1125,0,0.017005
bilstm_frozen,advtrain,template,2026,ctrl_lookalike+norm,bongo_1135,0,0.000701
bilstm_frozen,advtrain,template,2026,ctrl_lookalike+norm,bongo_1155,0,0.000022
bilstm_frozen,advtrain,template,2026,ctrl_lookalike+norm,bongo_1194,0,0.002744
bilstm_frozen,advtrain,template,2026,ctrl_lookalike+norm,bongo_1198,0,0.000271
bilstm_frozen,advtrain,template,2026,ctrl_lookalike+norm,bongo_1236,0,0.000351
bilstm_frozen,advtrain,template,2026,ctrl_lookalike+norm,bongo_1244,0,0.000030
bilstm_frozen,advtrain,template,2026,ctrl_lookalike+norm,bongo_1249,0,0.000006
bilstm_frozen,advtrain,template,2026,ctrl_lookalike+norm,bongo_1253,0,0.016226
bilstm_frozen,advtrain,template,2026,ctrl_lookalike+norm,bongo_1260,0,0.000035
bilstm_frozen,advtrain,template,2026,ctrl_lookalike+norm,bongo_1262,0,0.015306
bilstm_frozen,advtrain,template,2026,ctrl_lookalike+norm,bongo_1285,0,0.000022
bilstm_frozen,advtrain,template,2026,ctrl_lookalike+norm,bongo_1316,0,0.000149
bilstm_frozen,advtrain,template,2026,ctrl_lookalike+norm,bongo_1330,0,0.049167
bilstm_frozen,advtrain,template,2026,ctrl_lookalike+norm,bongo_1359,0,0.000247
bilstm_frozen,advtrain,template,2026,ctrl_lookalike+norm,bongo_1375,0,0.000046
bilstm_frozen,advtrain,template,2026,ctrl_structural+norm,bongo_0029,0,0.243267
bilstm_frozen,advtrain,template,2026,ctrl_structural+norm,bongo_0053,0,0.000034
bilstm_frozen,advtrain,template,2026,ctrl_structural+norm,bongo_0097,0,0.001946
bilstm_frozen,advtrain,template,2026,ctrl_structural+norm,bongo_0107,0,0.000016
bilstm_frozen,advtrain,template,2026,ctrl_structural+norm,bongo_0110,0,0.000017
bilstm_frozen,advtrain,template,2026,ctrl_structural+norm,bongo_0115,0,0.000326
bilstm_frozen,advtrain,template,2026,ctrl_structural+norm,bongo_0143,0,0.000023
bilstm_frozen,advtrain,template,2026,ctrl_structural+norm,bongo_0160,0,0.000222
bilstm_frozen,advtrain,template,2026,ctrl_structural+norm,bongo_0172,0,0.156397
bilstm_frozen,advtrain,template,2026,ctrl_structural+norm,bongo_0175,0,0.000019
bilstm_frozen,advtrain,template,2026,ctrl_structural+norm,bongo_0182,0,0.000006
bilstm_frozen,advtrain,template,2026,ctrl_structural+norm,bongo_0197,0,0.000031
bilstm_frozen,advtrain,template,2026,ctrl_structural+norm,bongo_0253,0,0.000737
bilstm_frozen,advtrain,template,2026,ctrl_structural+norm,bongo_0271,0,0.000029
bilstm_frozen,advtrain,template,2026,ctrl_structural+norm,bongo_0300,0,0.000041
bilstm_frozen,advtrain,template,2026,ctrl_structural+norm,bongo_0306,0,0.000368
bilstm_frozen,advtrain,template,2026,ctrl_structural+norm,bongo_0363,0,0.000061
bilstm_frozen,advtrain,template,2026,ctrl_structural+norm,bongo_0368,0,0.000947
bilstm_frozen,advtrain,template,2026,ctrl_structural+norm,bongo_0372,0,0.004422
bilstm_frozen,advtrain,template,2026,ctrl_structural+norm,bongo_0389,0,0.000028
bilstm_frozen,advtrain,template,2026,ctrl_structural+norm,bongo_0395,0,0.000490
bilstm_frozen,advtrain,template,2026,ctrl_structural+norm,bongo_0427,0,0.000138
bilstm_frozen,advtrain,template,2026,ctrl_structural+norm,bongo_0463,0,0.013554
bilstm_frozen,advtrain,template,2026,ctrl_structural+norm,bongo_0531,0,0.000734
bilstm_frozen,advtrain,template,2026,ctrl_structural+norm,bongo_0542,0,0.000020
bilstm_frozen,advtrain,template,2026,ctrl_structural+norm,bongo_0545,0,0.000028
bilstm_frozen,advtrain,template,2026,ctrl_structural+norm,bongo_0571,0,0.000033
bilstm_frozen,advtrain,template,2026,ctrl_structural+norm,bongo_0630,0,0.003424
bilstm_frozen,advtrain,template,2026,ctrl_structural+norm,bongo_0648,0,0.246324
bilstm_frozen,advtrain,template,2026,ctrl_structural+norm,bongo_0674,0,0.000016
bilstm_frozen,advtrain,template,2026,ctrl_structural+norm,bongo_0685,0,0.001099
bilstm_frozen,advtrain,template,2026,ctrl_structural+norm,bongo_0701,0,0.000031
bilstm_frozen,advtrain,template,2026,ctrl_structural+norm,bongo_0741,0,0.000021
bilstm_frozen,advtrain,template,2026,ctrl_structural+norm,bongo_0795,0,0.002688
bilstm_frozen,advtrain,template,2026,ctrl_structural+norm,bongo_0818,0,0.233478
bilstm_frozen,advtrain,template,2026,ctrl_structural+norm,bongo_0819,0,0.001690
bilstm_frozen,advtrain,template,2026,ctrl_structural+norm,bongo_0835,0,0.000022
bilstm_frozen,advtrain,template,2026,ctrl_structural+norm,bongo_0856,0,0.000925
bilstm_frozen,advtrain,template,2026,ctrl_structural+norm,bongo_0872,0,0.006197
bilstm_frozen,advtrain,template,2026,ctrl_structural+norm,bongo_0904,0,0.001943
bilstm_frozen,advtrain,template,2026,ctrl_structural+norm,bongo_0950,0,0.000164
bilstm_frozen,advtrain,template,2026,ctrl_structural+norm,bongo_0956,0,0.000019
bilstm_frozen,advtrain,template,2026,ctrl_structural+norm,bongo_0971,0,0.000023
bilstm_frozen,advtrain,template,2026,ctrl_structural+norm,bongo_0983,0,0.000563
bilstm_frozen,advtrain,template,2026,ctrl_structural+norm,bongo_0994,0,0.000806
bilstm_frozen,advtrain,template,2026,ctrl_structural+norm,bongo_1006,0,0.000057
bilstm_frozen,advtrain,template,2026,ctrl_structural+norm,bongo_1015,0,0.000157
bilstm_frozen,advtrain,template,2026,ctrl_structural+norm,bongo_1037,0,0.000184
bilstm_frozen,advtrain,template,2026,ctrl_structural+norm,bongo_1040,0,0.000040
bilstm_frozen,advtrain,template,2026,ctrl_structural+norm,bongo_1050,0,0.000020
bilstm_frozen,advtrain,template,2026,ctrl_structural+norm,bongo_1059,0,0.000013
bilstm_frozen,advtrain,template,2026,ctrl_structural+norm,bongo_1071,0,0.000060
bilstm_frozen,advtrain,template,2026,ctrl_structural+norm,bongo_1090,0,0.000040
bilstm_frozen,advtrain,template,2026,ctrl_structural+norm,bongo_1115,0,0.000009
bilstm_frozen,advtrain,template,2026,ctrl_structural+norm,bongo_1123,0,0.000208
bilstm_frozen,advtrain,template,2026,ctrl_structural+norm,bongo_1125,0,0.487115
bilstm_frozen,advtrain,template,2026,ctrl_structural+norm,bongo_1135,0,0.000701
bilstm_frozen,advtrain,template,2026,ctrl_structural+norm,bongo_1155,0,0.000022
bilstm_frozen,advtrain,template,2026,ctrl_structural+norm,bongo_1194,0,0.010824
bilstm_frozen,advtrain,template,2026,ctrl_structural+norm,bongo_1198,0,0.004153
bilstm_frozen,advtrain,template,2026,ctrl_structural+norm,bongo_1236,0,0.000295
bilstm_frozen,advtrain,template,2026,ctrl_structural+norm,bongo_1244,0,0.000030
bilstm_frozen,advtrain,template,2026,ctrl_structural+norm,bongo_1249,0,0.000006
bilstm_frozen,advtrain,template,2026,ctrl_structural+norm,bongo_1253,0,0.016513
bilstm_frozen,advtrain,template,2026,ctrl_structural+norm,bongo_1260,0,0.000035
bilstm_frozen,advtrain,template,2026,ctrl_structural+norm,bongo_1262,0,0.013862
bilstm_frozen,advtrain,template,2026,ctrl_structural+norm,bongo_1285,0,0.000022
bilstm_frozen,advtrain,template,2026,ctrl_structural+norm,bongo_1316,0,0.004197
bilstm_frozen,advtrain,template,2026,ctrl_structural+norm,bongo_1330,0,0.256880
bilstm_frozen,advtrain,template,2026,ctrl_structural+norm,bongo_1359,0,0.000280
bilstm_frozen,advtrain,template,2026,ctrl_structural+norm,bongo_1375,0,0.000107
bilstm_frozen,advtrain,template,2026,ctrl_codeswitch+norm,bongo_0029,0,0.046893
bilstm_frozen,advtrain,template,2026,ctrl_codeswitch+norm,bongo_0053,0,0.000047
bilstm_frozen,advtrain,template,2026,ctrl_codeswitch+norm,bongo_0097,0,0.001354
bilstm_frozen,advtrain,template,2026,ctrl_codeswitch+norm,bongo_0107,0,0.000012
bilstm_frozen,advtrain,template,2026,ctrl_codeswitch+norm,bongo_0110,0,0.000008
bilstm_frozen,advtrain,template,2026,ctrl_codeswitch+norm,bongo_0115,0,0.002061
bilstm_frozen,advtrain,template,2026,ctrl_codeswitch+norm,bongo_0143,0,0.000018
bilstm_frozen,advtrain,template,2026,ctrl_codeswitch+norm,bongo_0160,0,0.000046
bilstm_frozen,advtrain,template,2026,ctrl_codeswitch+norm,bongo_0172,0,0.117181
bilstm_frozen,advtrain,template,2026,ctrl_codeswitch+norm,bongo_0175,0,0.000019
bilstm_frozen,advtrain,template,2026,ctrl_codeswitch+norm,bongo_0182,0,0.000006
bilstm_frozen,advtrain,template,2026,ctrl_codeswitch+norm,bongo_0197,0,0.000030
bilstm_frozen,advtrain,template,2026,ctrl_codeswitch+norm,bongo_0253,0,0.000562
bilstm_frozen,advtrain,template,2026,ctrl_codeswitch+norm,bongo_0271,0,0.000027
bilstm_frozen,advtrain,template,2026,ctrl_codeswitch+norm,bongo_0300,0,0.000041
bilstm_frozen,advtrain,template,2026,ctrl_codeswitch+norm,bongo_0306,0,0.000122
bilstm_frozen,advtrain,template,2026,ctrl_codeswitch+norm,bongo_0363,0,0.000042
bilstm_frozen,advtrain,template,2026,ctrl_codeswitch+norm,bongo_0368,0,0.003408
bilstm_frozen,advtrain,template,2026,ctrl_codeswitch+norm,bongo_0372,0,0.000109
bilstm_frozen,advtrain,template,2026,ctrl_codeswitch+norm,bongo_0389,0,0.000028
bilstm_frozen,advtrain,template,2026,ctrl_codeswitch+norm,bongo_0395,0,0.000787
bilstm_frozen,advtrain,template,2026,ctrl_codeswitch+norm,bongo_0427,0,0.563831
bilstm_frozen,advtrain,template,2026,ctrl_codeswitch+norm,bongo_0463,0,0.007235
bilstm_frozen,advtrain,template,2026,ctrl_codeswitch+norm,bongo_0531,0,0.000234
bilstm_frozen,advtrain,template,2026,ctrl_codeswitch+norm,bongo_0542,0,0.000018
bilstm_frozen,advtrain,template,2026,ctrl_codeswitch+norm,bongo_0545,0,0.000024
bilstm_frozen,advtrain,template,2026,ctrl_codeswitch+norm,bongo_0571,0,0.000019
bilstm_frozen,advtrain,template,2026,ctrl_codeswitch+norm,bongo_0630,0,0.000400
bilstm_frozen,advtrain,template,2026,ctrl_codeswitch+norm,bongo_0648,0,0.040359
bilstm_frozen,advtrain,template,2026,ctrl_codeswitch+norm,bongo_0674,0,0.000016
bilstm_frozen,advtrain,template,2026,ctrl_codeswitch+norm,bongo_0685,0,0.778381
bilstm_frozen,advtrain,template,2026,ctrl_codeswitch+norm,bongo_0701,0,0.000031
bilstm_frozen,advtrain,template,2026,ctrl_codeswitch+norm,bongo_0741,0,0.000021
bilstm_frozen,advtrain,template,2026,ctrl_codeswitch+norm,bongo_0795,0,0.000320
bilstm_frozen,advtrain,template,2026,ctrl_codeswitch+norm,bongo_0818,0,0.010798
bilstm_frozen,advtrain,template,2026,ctrl_codeswitch+norm,bongo_0819,0,0.000204
bilstm_frozen,advtrain,template,2026,ctrl_codeswitch+norm,bongo_0835,0,0.000019
bilstm_frozen,advtrain,template,2026,ctrl_codeswitch+norm,bongo_0856,0,0.000092
bilstm_frozen,advtrain,template,2026,ctrl_codeswitch+norm,bongo_0872,0,0.114772
bilstm_frozen,advtrain,template,2026,ctrl_codeswitch+norm,bongo_0904,0,0.001658
bilstm_frozen,advtrain,template,2026,ctrl_codeswitch+norm,bongo_0950,0,0.000038
bilstm_frozen,advtrain,template,2026,ctrl_codeswitch+norm,bongo_0956,0,0.000019
bilstm_frozen,advtrain,template,2026,ctrl_codeswitch+norm,bongo_0971,0,0.000023
bilstm_frozen,advtrain,template,2026,ctrl_codeswitch+norm,bongo_0983,0,0.000225
bilstm_frozen,advtrain,template,2026,ctrl_codeswitch+norm,bongo_0994,0,0.001947
bilstm_frozen,advtrain,template,2026,ctrl_codeswitch+norm,bongo_1006,0,0.000165
bilstm_frozen,advtrain,template,2026,ctrl_codeswitch+norm,bongo_1015,0,0.000017
bilstm_frozen,advtrain,template,2026,ctrl_codeswitch+norm,bongo_1037,0,0.000065
bilstm_frozen,advtrain,template,2026,ctrl_codeswitch+norm,bongo_1040,0,0.000033
bilstm_frozen,advtrain,template,2026,ctrl_codeswitch+norm,bongo_1050,0,0.000020
bilstm_frozen,advtrain,template,2026,ctrl_codeswitch+norm,bongo_1059,0,0.000011
bilstm_frozen,advtrain,template,2026,ctrl_codeswitch+norm,bongo_1071,0,0.000055
bilstm_frozen,advtrain,template,2026,ctrl_codeswitch+norm,bongo_1090,0,0.000014
bilstm_frozen,advtrain,template,2026,ctrl_codeswitch+norm,bongo_1115,0,0.000009
bilstm_frozen,advtrain,template,2026,ctrl_codeswitch+norm,bongo_1123,0,0.000078
bilstm_frozen,advtrain,template,2026,ctrl_codeswitch+norm,bongo_1125,0,0.017005
bilstm_frozen,advtrain,template,2026,ctrl_codeswitch+norm,bongo_1135,0,0.000701
bilstm_frozen,advtrain,template,2026,ctrl_codeswitch+norm,bongo_1155,0,0.000022
bilstm_frozen,advtrain,template,2026,ctrl_codeswitch+norm,bongo_1194,0,0.001805
bilstm_frozen,advtrain,template,2026,ctrl_codeswitch+norm,bongo_1198,0,0.000271
bilstm_frozen,advtrain,template,2026,ctrl_codeswitch+norm,bongo_1236,0,0.000351
bilstm_frozen,advtrain,template,2026,ctrl_codeswitch+norm,bongo_1244,0,0.000072
bilstm_frozen,advtrain,template,2026,ctrl_codeswitch+norm,bongo_1249,0,0.000006
bilstm_frozen,advtrain,template,2026,ctrl_codeswitch+norm,bongo_1253,0,0.016226
bilstm_frozen,advtrain,template,2026,ctrl_codeswitch+norm,bongo_1260,0,0.000035
bilstm_frozen,advtrain,template,2026,ctrl_codeswitch+norm,bongo_1262,0,0.015306
bilstm_frozen,advtrain,template,2026,ctrl_codeswitch+norm,bongo_1285,0,0.000022
bilstm_frozen,advtrain,template,2026,ctrl_codeswitch+norm,bongo_1316,0,0.000149
bilstm_frozen,advtrain,template,2026,ctrl_codeswitch+norm,bongo_1330,0,0.049167
bilstm_frozen,advtrain,template,2026,ctrl_codeswitch+norm,bongo_1359,0,0.000357
bilstm_frozen,advtrain,template,2026,ctrl_codeswitch+norm,bongo_1375,0,0.000046
bilstm_frozen,advtrain,template,2026,stress_genuine+phone,bongo_0029,0,0.063807
bilstm_frozen,advtrain,template,2026,stress_genuine+phone,bongo_0053,0,0.000058
bilstm_frozen,advtrain,template,2026,stress_genuine+phone,bongo_0097,0,0.013581
bilstm_frozen,advtrain,template,2026,stress_genuine+phone,bongo_0107,0,0.000042
bilstm_frozen,advtrain,template,2026,stress_genuine+phone,bongo_0110,0,0.000031
bilstm_frozen,advtrain,template,2026,stress_genuine+phone,bongo_0115,0,0.000444
bilstm_frozen,advtrain,template,2026,stress_genuine+phone,bongo_0143,0,0.000073
bilstm_frozen,advtrain,template,2026,stress_genuine+phone,bongo_0160,0,0.000098
bilstm_frozen,advtrain,template,2026,stress_genuine+phone,bongo_0172,0,0.162558
bilstm_frozen,advtrain,template,2026,stress_genuine+phone,bongo_0175,0,0.011745
bilstm_frozen,advtrain,template,2026,stress_genuine+phone,bongo_0182,0,0.000023
bilstm_frozen,advtrain,template,2026,stress_genuine+phone,bongo_0197,0,0.000285
bilstm_frozen,advtrain,template,2026,stress_genuine+phone,bongo_0253,0,0.042452
bilstm_frozen,advtrain,template,2026,stress_genuine+phone,bongo_0271,0,0.034281
bilstm_frozen,advtrain,template,2026,stress_genuine+phone,bongo_0300,0,0.000067
bilstm_frozen,advtrain,template,2026,stress_genuine+phone,bongo_0306,0,0.017551
bilstm_frozen,advtrain,template,2026,stress_genuine+phone,bongo_0363,0,0.038417
bilstm_frozen,advtrain,template,2026,stress_genuine+phone,bongo_0368,0,0.014164
bilstm_frozen,advtrain,template,2026,stress_genuine+phone,bongo_0372,0,0.002386
bilstm_frozen,advtrain,template,2026,stress_genuine+phone,bongo_0389,0,0.000053
bilstm_frozen,advtrain,template,2026,stress_genuine+phone,bongo_0395,0,0.001824
bilstm_frozen,advtrain,template,2026,stress_genuine+phone,bongo_0427,0,0.245387
bilstm_frozen,advtrain,template,2026,stress_genuine+phone,bongo_0463,0,0.141631
bilstm_frozen,advtrain,template,2026,stress_genuine+phone,bongo_0531,0,0.002569
bilstm_frozen,advtrain,template,2026,stress_genuine+phone,bongo_0542,0,0.000029
bilstm_frozen,advtrain,template,2026,stress_genuine+phone,bongo_0545,0,0.001612
bilstm_frozen,advtrain,template,2026,stress_genuine+phone,bongo_0571,0,0.000045
bilstm_frozen,advtrain,template,2026,stress_genuine+phone,bongo_0630,0,0.000696
bilstm_frozen,advtrain,template,2026,stress_genuine+phone,bongo_0648,0,0.055014
bilstm_frozen,advtrain,template,2026,stress_genuine+phone,bongo_0674,0,0.000051
bilstm_frozen,advtrain,template,2026,stress_genuine+phone,bongo_0685,0,0.949000
bilstm_frozen,advtrain,template,2026,stress_genuine+phone,bongo_0701,0,0.015417
bilstm_frozen,advtrain,template,2026,stress_genuine+phone,bongo_0741,0,0.054965
bilstm_frozen,advtrain,template,2026,stress_genuine+phone,bongo_0795,0,0.000875
bilstm_frozen,advtrain,template,2026,stress_genuine+phone,bongo_0818,0,0.006207
bilstm_frozen,advtrain,template,2026,stress_genuine+phone,bongo_0819,0,0.000464
bilstm_frozen,advtrain,template,2026,stress_genuine+phone,bongo_0835,0,0.000040
bilstm_frozen,advtrain,template,2026,stress_genuine+phone,bongo_0856,0,0.000279
bilstm_frozen,advtrain,template,2026,stress_genuine+phone,bongo_0872,0,0.414357
bilstm_frozen,advtrain,template,2026,stress_genuine+phone,bongo_0904,0,0.017848
bilstm_frozen,advtrain,template,2026,stress_genuine+phone,bongo_0950,0,0.000089
bilstm_frozen,advtrain,template,2026,stress_genuine+phone,bongo_0956,0,0.030221
bilstm_frozen,advtrain,template,2026,stress_genuine+phone,bongo_0971,0,0.072596
bilstm_frozen,advtrain,template,2026,stress_genuine+phone,bongo_0983,0,0.006773
bilstm_frozen,advtrain,template,2026,stress_genuine+phone,bongo_0994,0,0.001489
bilstm_frozen,advtrain,template,2026,stress_genuine+phone,bongo_1006,0,0.151877
bilstm_frozen,advtrain,template,2026,stress_genuine+phone,bongo_1015,0,0.000025
bilstm_frozen,advtrain,template,2026,stress_genuine+phone,bongo_1037,0,0.000149
bilstm_frozen,advtrain,template,2026,stress_genuine+phone,bongo_1040,0,0.035124
bilstm_frozen,advtrain,template,2026,stress_genuine+phone,bongo_1050,0,0.000033
bilstm_frozen,advtrain,template,2026,stress_genuine+phone,bongo_1059,0,0.000026
bilstm_frozen,advtrain,template,2026,stress_genuine+phone,bongo_1071,0,0.036881
bilstm_frozen,advtrain,template,2026,stress_genuine+phone,bongo_1090,0,0.000043
bilstm_frozen,advtrain,template,2026,stress_genuine+phone,bongo_1115,0,0.007754
bilstm_frozen,advtrain,template,2026,stress_genuine+phone,bongo_1123,0,0.051965
bilstm_frozen,advtrain,template,2026,stress_genuine+phone,bongo_1125,0,0.008623
bilstm_frozen,advtrain,template,2026,stress_genuine+phone,bongo_1135,0,0.539520
bilstm_frozen,advtrain,template,2026,stress_genuine+phone,bongo_1155,0,0.015973
bilstm_frozen,advtrain,template,2026,stress_genuine+phone,bongo_1194,0,0.004258
bilstm_frozen,advtrain,template,2026,stress_genuine+phone,bongo_1198,0,0.001092
bilstm_frozen,advtrain,template,2026,stress_genuine+phone,bongo_1236,0,0.000862
bilstm_frozen,advtrain,template,2026,stress_genuine+phone,bongo_1244,0,0.040599
bilstm_frozen,advtrain,template,2026,stress_genuine+phone,bongo_1249,0,0.000021
bilstm_frozen,advtrain,template,2026,stress_genuine+phone,bongo_1253,0,0.079419
bilstm_frozen,advtrain,template,2026,stress_genuine+phone,bongo_1260,0,0.000886
bilstm_frozen,advtrain,template,2026,stress_genuine+phone,bongo_1262,0,0.119797
bilstm_frozen,advtrain,template,2026,stress_genuine+phone,bongo_1285,0,0.035274
bilstm_frozen,advtrain,template,2026,stress_genuine+phone,bongo_1316,0,0.000202
bilstm_frozen,advtrain,template,2026,stress_genuine+phone,bongo_1330,0,0.029918
bilstm_frozen,advtrain,template,2026,stress_genuine+phone,bongo_1359,0,0.001704
bilstm_frozen,advtrain,template,2026,stress_genuine+phone,bongo_1375,0,0.036148
bilstm_frozen,advtrain,template,2026,stress_genuine+amount,bongo_0029,0,0.055320
bilstm_frozen,advtrain,template,2026,stress_genuine+amount,bongo_0053,0,0.000054
bilstm_frozen,advtrain,template,2026,stress_genuine+amount,bongo_0097,0,0.009058
bilstm_frozen,advtrain,template,2026,stress_genuine+amount,bongo_0107,0,0.000041
bilstm_frozen,advtrain,template,2026,stress_genuine+amount,bongo_0110,0,0.000031
bilstm_frozen,advtrain,template,2026,stress_genuine+amount,bongo_0115,0,0.000317
bilstm_frozen,advtrain,template,2026,stress_genuine+amount,bongo_0143,0,0.000072
bilstm_frozen,advtrain,template,2026,stress_genuine+amount,bongo_0160,0,0.000086
bilstm_frozen,advtrain,template,2026,stress_genuine+amount,bongo_0172,0,0.153792
bilstm_frozen,advtrain,template,2026,stress_genuine+amount,bongo_0175,0,0.000122
bilstm_frozen,advtrain,template,2026,stress_genuine+amount,bongo_0182,0,0.000023
bilstm_frozen,advtrain,template,2026,stress_genuine+amount,bongo_0197,0,0.000091
bilstm_frozen,advtrain,template,2026,stress_genuine+amount,bongo_0253,0,0.018314
bilstm_frozen,advtrain,template,2026,stress_genuine+amount,bongo_0271,0,0.025963
bilstm_frozen,advtrain,template,2026,stress_genuine+amount,bongo_0300,0,0.000063
bilstm_frozen,advtrain,template,2026,stress_genuine+amount,bongo_0306,0,0.011063
bilstm_frozen,advtrain,template,2026,stress_genuine+amount,bongo_0363,0,0.024731
bilstm_frozen,advtrain,template,2026,stress_genuine+amount,bongo_0368,0,0.007897
bilstm_frozen,advtrain,template,2026,stress_genuine+amount,bongo_0372,0,0.001238
bilstm_frozen,advtrain,template,2026,stress_genuine+amount,bongo_0389,0,0.000042
bilstm_frozen,advtrain,template,2026,stress_genuine+amount,bongo_0395,0,0.001754
bilstm_frozen,advtrain,template,2026,stress_genuine+amount,bongo_0427,0,0.143274
bilstm_frozen,advtrain,template,2026,stress_genuine+amount,bongo_0463,0,0.102314
bilstm_frozen,advtrain,template,2026,stress_genuine+amount,bongo_0531,0,0.001714
bilstm_frozen,advtrain,template,2026,stress_genuine+amount,bongo_0542,0,0.000028
bilstm_frozen,advtrain,template,2026,stress_genuine+amount,bongo_0545,0,0.000225
bilstm_frozen,advtrain,template,2026,stress_genuine+amount,bongo_0571,0,0.000044
bilstm_frozen,advtrain,template,2026,stress_genuine+amount,bongo_0630,0,0.000586
bilstm_frozen,advtrain,template,2026,stress_genuine+amount,bongo_0648,0,0.046606
bilstm_frozen,advtrain,template,2026,stress_genuine+amount,bongo_0674,0,0.000050
bilstm_frozen,advtrain,template,2026,stress_genuine+amount,bongo_0685,0,0.911137
bilstm_frozen,advtrain,template,2026,stress_genuine+amount,bongo_0701,0,0.002366
bilstm_frozen,advtrain,template,2026,stress_genuine+amount,bongo_0741,0,0.046242
bilstm_frozen,advtrain,template,2026,stress_genuine+amount,bongo_0795,0,0.000613
bilstm_frozen,advtrain,template,2026,stress_genuine+amount,bongo_0818,0,0.005570
bilstm_frozen,advtrain,template,2026,stress_genuine+amount,bongo_0819,0,0.000372
bilstm_frozen,advtrain,template,2026,stress_genuine+amount,bongo_0835,0,0.000033
bilstm_frozen,advtrain,template,2026,stress_genuine+amount,bongo_0856,0,0.000206
bilstm_frozen,advtrain,template,2026,stress_genuine+amount,bongo_0872,0,0.364379
bilstm_frozen,advtrain,template,2026,stress_genuine+amount,bongo_0904,0,0.008688
bilstm_frozen,advtrain,template,2026,stress_genuine+amount,bongo_0950,0,0.000088
bilstm_frozen,advtrain,template,2026,stress_genuine+amount,bongo_0956,0,0.025003
bilstm_frozen,advtrain,template,2026,stress_genuine+amount,bongo_0971,0,0.065219
bilstm_frozen,advtrain,template,2026,stress_genuine+amount,bongo_0983,0,0.003767
bilstm_frozen,advtrain,template,2026,stress_genuine+amount,bongo_0994,0,0.001162
bilstm_frozen,advtrain,template,2026,stress_genuine+amount,bongo_1006,0,0.131286
bilstm_frozen,advtrain,template,2026,stress_genuine+amount,bongo_1015,0,0.000025
bilstm_frozen,advtrain,template,2026,stress_genuine+amount,bongo_1037,0,0.000124
bilstm_frozen,advtrain,template,2026,stress_genuine+amount,bongo_1040,0,0.026991
bilstm_frozen,advtrain,template,2026,stress_genuine+amount,bongo_1050,0,0.000030
bilstm_frozen,advtrain,template,2026,stress_genuine+amount,bongo_1059,0,0.000025
bilstm_frozen,advtrain,template,2026,stress_genuine+amount,bongo_1071,0,0.000270
bilstm_frozen,advtrain,template,2026,stress_genuine+amount,bongo_1090,0,0.000043
bilstm_frozen,advtrain,template,2026,stress_genuine+amount,bongo_1115,0,0.003675
bilstm_frozen,advtrain,template,2026,stress_genuine+amount,bongo_1123,0,0.038637
bilstm_frozen,advtrain,template,2026,stress_genuine+amount,bongo_1125,0,0.007612
bilstm_frozen,advtrain,template,2026,stress_genuine+amount,bongo_1135,0,0.466299
bilstm_frozen,advtrain,template,2026,stress_genuine+amount,bongo_1155,0,0.002131
bilstm_frozen,advtrain,template,2026,stress_genuine+amount,bongo_1194,0,0.003337
bilstm_frozen,advtrain,template,2026,stress_genuine+amount,bongo_1198,0,0.000778
bilstm_frozen,advtrain,template,2026,stress_genuine+amount,bongo_1236,0,0.000668
bilstm_frozen,advtrain,template,2026,stress_genuine+amount,bongo_1244,0,0.031759
bilstm_frozen,advtrain,template,2026,stress_genuine+amount,bongo_1249,0,0.000021
bilstm_frozen,advtrain,template,2026,stress_genuine+amount,bongo_1253,0,0.072707
bilstm_frozen,advtrain,template,2026,stress_genuine+amount,bongo_1260,0,0.000128
bilstm_frozen,advtrain,template,2026,stress_genuine+amount,bongo_1262,0,0.108538
bilstm_frozen,advtrain,template,2026,stress_genuine+amount,bongo_1285,0,0.028119
bilstm_frozen,advtrain,template,2026,stress_genuine+amount,bongo_1316,0,0.000191
bilstm_frozen,advtrain,template,2026,stress_genuine+amount,bongo_1330,0,0.027046
bilstm_frozen,advtrain,template,2026,stress_genuine+amount,bongo_1359,0,0.000519
bilstm_frozen,advtrain,template,2026,stress_genuine+amount,bongo_1375,0,0.023660
bilstm_frozen,advtrain,template,2026,stress_scam-number,bongo_0025,1,0.999756
bilstm_frozen,advtrain,template,2026,stress_scam-number,bongo_0039,1,0.999768
bilstm_frozen,advtrain,template,2026,stress_scam-number,bongo_0047,1,0.999668
bilstm_frozen,advtrain,template,2026,stress_scam-number,bongo_0061,1,0.999384
bilstm_frozen,advtrain,template,2026,stress_scam-number,bongo_0146,1,0.999480
bilstm_frozen,advtrain,template,2026,stress_scam-number,bongo_0154,1,0.998789
bilstm_frozen,advtrain,template,2026,stress_scam-number,bongo_0195,1,0.998146
bilstm_frozen,advtrain,template,2026,stress_scam-number,bongo_0201,1,0.999905
bilstm_frozen,advtrain,template,2026,stress_scam-number,bongo_0203,1,0.999188
bilstm_frozen,advtrain,template,2026,stress_scam-number,bongo_0360,1,0.999487
bilstm_frozen,advtrain,template,2026,stress_scam-number,bongo_0361,1,0.999060
bilstm_frozen,advtrain,template,2026,stress_scam-number,bongo_0405,1,0.997037
bilstm_frozen,advtrain,template,2026,stress_scam-number,bongo_0424,1,0.999891
bilstm_frozen,advtrain,template,2026,stress_scam-number,bongo_0476,1,0.998597
bilstm_frozen,advtrain,template,2026,stress_scam-number,bongo_0510,1,0.999111
bilstm_frozen,advtrain,template,2026,stress_scam-number,bongo_0566,1,0.999779
bilstm_frozen,advtrain,template,2026,stress_scam-number,bongo_0577,1,0.997858
bilstm_frozen,advtrain,template,2026,stress_scam-number,bongo_0580,1,0.998016
bilstm_frozen,advtrain,template,2026,stress_scam-number,bongo_0621,1,0.993724
bilstm_frozen,advtrain,template,2026,stress_scam-number,bongo_0624,1,0.999680
bilstm_frozen,advtrain,template,2026,stress_scam-number,bongo_0638,1,0.999681
bilstm_frozen,advtrain,template,2026,stress_scam-number,bongo_0721,1,0.996985
bilstm_frozen,advtrain,template,2026,stress_scam-number,bongo_0729,1,0.997775
bilstm_frozen,advtrain,template,2026,stress_scam-number,bongo_0769,1,0.920650
bilstm_frozen,advtrain,template,2026,stress_scam-number,bongo_0787,1,0.999487
bilstm_frozen,advtrain,template,2026,stress_scam-number,bongo_0807,1,0.998963
bilstm_frozen,advtrain,template,2026,stress_scam-number,bongo_0840,1,0.999486
bilstm_frozen,advtrain,template,2026,stress_scam-number,bongo_0864,1,0.999769
bilstm_frozen,advtrain,template,2026,stress_scam-number,bongo_0871,1,0.999685
bilstm_frozen,advtrain,template,2026,stress_scam-number,bongo_0905,1,0.999792
bilstm_frozen,advtrain,template,2026,stress_scam-number,bongo_0909,1,0.996525
bilstm_frozen,advtrain,template,2026,stress_scam-number,bongo_0918,1,0.998873
bilstm_frozen,advtrain,template,2026,stress_scam-number,bongo_0955,1,0.999897
bilstm_frozen,advtrain,template,2026,stress_scam-number,bongo_0989,1,0.999685
bilstm_frozen,advtrain,template,2026,stress_scam-number,bongo_1042,1,0.997848
bilstm_frozen,advtrain,template,2026,stress_scam-number,bongo_1047,1,0.999770
bilstm_frozen,advtrain,template,2026,stress_scam-number,bongo_1052,1,0.995516
bilstm_frozen,advtrain,template,2026,stress_scam-number,bongo_1104,1,0.999891
bilstm_frozen,advtrain,template,2026,stress_scam-number,bongo_1131,1,0.999728
bilstm_frozen,advtrain,template,2026,stress_scam-number,bongo_1136,1,0.999059
bilstm_frozen,advtrain,template,2026,stress_scam-number,bongo_1138,1,0.999769
bilstm_frozen,advtrain,template,2026,stress_scam-number,bongo_1140,1,0.998337
bilstm_frozen,advtrain,template,2026,stress_scam-number,bongo_1154,1,0.999483
bilstm_frozen,advtrain,template,2026,stress_scam-number,bongo_1171,1,0.999891
bilstm_frozen,advtrain,template,2026,stress_scam-number,bongo_1181,1,0.998821
bilstm_frozen,advtrain,template,2026,stress_scam-number,bongo_1220,1,0.999769
bilstm_frozen,advtrain,template,2026,stress_scam-number,bongo_1233,1,0.999788
bilstm_frozen,advtrain,template,2026,stress_scam-number,bongo_1293,1,0.999386
bilstm_frozen,advtrain,template,2026,valstress_genuine+phone,bongo_0008,0,0.027797
bilstm_frozen,advtrain,template,2026,valstress_genuine+phone,bongo_0033,0,0.025842
bilstm_frozen,advtrain,template,2026,valstress_genuine+phone,bongo_0063,0,0.036497
bilstm_frozen,advtrain,template,2026,valstress_genuine+phone,bongo_0065,0,0.000264
bilstm_frozen,advtrain,template,2026,valstress_genuine+phone,bongo_0076,0,0.004804
bilstm_frozen,advtrain,template,2026,valstress_genuine+phone,bongo_0081,0,0.000241
bilstm_frozen,advtrain,template,2026,valstress_genuine+phone,bongo_0095,0,0.000042
bilstm_frozen,advtrain,template,2026,valstress_genuine+phone,bongo_0105,0,0.000036
bilstm_frozen,advtrain,template,2026,valstress_genuine+phone,bongo_0111,0,0.066542
bilstm_frozen,advtrain,template,2026,valstress_genuine+phone,bongo_0121,0,0.000630
bilstm_frozen,advtrain,template,2026,valstress_genuine+phone,bongo_0127,0,0.000025
bilstm_frozen,advtrain,template,2026,valstress_genuine+phone,bongo_0145,0,0.088803
bilstm_frozen,advtrain,template,2026,valstress_genuine+phone,bongo_0148,0,0.086090
bilstm_frozen,advtrain,template,2026,valstress_genuine+phone,bongo_0186,0,0.000104
bilstm_frozen,advtrain,template,2026,valstress_genuine+phone,bongo_0191,0,0.242428
bilstm_frozen,advtrain,template,2026,valstress_genuine+phone,bongo_0264,0,0.001501
bilstm_frozen,advtrain,template,2026,valstress_genuine+phone,bongo_0275,0,0.001243
bilstm_frozen,advtrain,template,2026,valstress_genuine+phone,bongo_0393,0,0.000246
bilstm_frozen,advtrain,template,2026,valstress_genuine+phone,bongo_0410,0,0.000098
bilstm_frozen,advtrain,template,2026,valstress_genuine+phone,bongo_0411,0,0.002388
bilstm_frozen,advtrain,template,2026,valstress_genuine+phone,bongo_0426,0,0.023772
bilstm_frozen,advtrain,template,2026,valstress_genuine+phone,bongo_0430,0,0.575543
bilstm_frozen,advtrain,template,2026,valstress_genuine+phone,bongo_0495,0,0.006998
bilstm_frozen,advtrain,template,2026,valstress_genuine+phone,bongo_0548,0,0.000307
bilstm_frozen,advtrain,template,2026,valstress_genuine+phone,bongo_0561,0,0.010042
bilstm_frozen,advtrain,template,2026,valstress_genuine+phone,bongo_0563,0,0.000158
bilstm_frozen,advtrain,template,2026,valstress_genuine+phone,bongo_0581,0,0.000039
bilstm_frozen,advtrain,template,2026,valstress_genuine+phone,bongo_0593,0,0.037650
bilstm_frozen,advtrain,template,2026,valstress_genuine+phone,bongo_0607,0,0.000784
bilstm_frozen,advtrain,template,2026,valstress_genuine+phone,bongo_0610,0,0.000032
bilstm_frozen,advtrain,template,2026,valstress_genuine+phone,bongo_0634,0,0.000190
bilstm_frozen,advtrain,template,2026,valstress_genuine+phone,bongo_0643,0,0.000358
bilstm_frozen,advtrain,template,2026,valstress_genuine+phone,bongo_0672,0,0.001563
bilstm_frozen,advtrain,template,2026,valstress_genuine+phone,bongo_0681,0,0.047256
bilstm_frozen,advtrain,template,2026,valstress_genuine+phone,bongo_0693,0,0.002014
bilstm_frozen,advtrain,template,2026,valstress_genuine+phone,bongo_0694,0,0.005965
bilstm_frozen,advtrain,template,2026,valstress_genuine+phone,bongo_0726,0,0.008632
bilstm_frozen,advtrain,template,2026,valstress_genuine+phone,bongo_0742,0,0.024278
bilstm_frozen,advtrain,template,2026,valstress_genuine+phone,bongo_0752,0,0.000748
bilstm_frozen,advtrain,template,2026,valstress_genuine+phone,bongo_0754,0,0.000025
bilstm_frozen,advtrain,template,2026,valstress_genuine+phone,bongo_0805,0,0.085165
bilstm_frozen,advtrain,template,2026,valstress_genuine+phone,bongo_0809,0,0.014762
bilstm_frozen,advtrain,template,2026,valstress_genuine+phone,bongo_0833,0,0.095244
bilstm_frozen,advtrain,template,2026,valstress_genuine+phone,bongo_0919,0,0.106991
bilstm_frozen,advtrain,template,2026,valstress_genuine+phone,bongo_0922,0,0.016822
bilstm_frozen,advtrain,template,2026,valstress_genuine+phone,bongo_0973,0,0.003313
bilstm_frozen,advtrain,template,2026,valstress_genuine+phone,bongo_0988,0,0.000094
bilstm_frozen,advtrain,template,2026,valstress_genuine+phone,bongo_0992,0,0.230860
bilstm_frozen,advtrain,template,2026,valstress_genuine+phone,bongo_1039,0,0.000060
bilstm_frozen,advtrain,template,2026,valstress_genuine+phone,bongo_1044,0,0.000037
bilstm_frozen,advtrain,template,2026,valstress_genuine+phone,bongo_1082,0,0.030644
bilstm_frozen,advtrain,template,2026,valstress_genuine+phone,bongo_1099,0,0.012915
bilstm_frozen,advtrain,template,2026,valstress_genuine+phone,bongo_1108,0,0.040315
bilstm_frozen,advtrain,template,2026,valstress_genuine+phone,bongo_1109,0,0.002376
bilstm_frozen,advtrain,template,2026,valstress_genuine+phone,bongo_1120,0,0.025363
bilstm_frozen,advtrain,template,2026,valstress_genuine+phone,bongo_1124,0,0.039598
bilstm_frozen,advtrain,template,2026,valstress_genuine+phone,bongo_1145,0,0.007149
bilstm_frozen,advtrain,template,2026,valstress_genuine+phone,bongo_1153,0,0.000052
bilstm_frozen,advtrain,template,2026,valstress_genuine+phone,bongo_1161,0,0.000411
bilstm_frozen,advtrain,template,2026,valstress_genuine+phone,bongo_1162,0,0.056347
bilstm_frozen,advtrain,template,2026,valstress_genuine+phone,bongo_1212,0,0.032062
bilstm_frozen,advtrain,template,2026,valstress_genuine+phone,bongo_1216,0,0.000468
bilstm_frozen,advtrain,template,2026,valstress_genuine+phone,bongo_1265,0,0.113059
bilstm_frozen,advtrain,template,2026,valstress_genuine+phone,bongo_1272,0,0.001006
bilstm_frozen,advtrain,template,2026,valstress_genuine+phone,bongo_1275,0,0.034586
bilstm_frozen,advtrain,template,2026,valstress_genuine+phone,bongo_1296,0,0.000085
bilstm_frozen,advtrain,template,2026,valstress_genuine+phone,bongo_1328,0,0.005297
bilstm_frozen,advtrain,template,2026,valstress_genuine+phone,bongo_1335,0,0.025257
bilstm_frozen,advtrain,template,2026,valstress_genuine+phone,bongo_1341,0,0.001301
bilstm_frozen,advtrain,template,2026,valstress_genuine+phone,bongo_1349,0,0.000959
bilstm_frozen,advtrain,template,2026,valstress_genuine+phone,bongo_1360,0,0.006409
bilstm_frozen,advtrain,template,2026,valstress_genuine+amount,bongo_0008,0,0.014449
bilstm_frozen,advtrain,template,2026,valstress_genuine+amount,bongo_0033,0,0.019194
bilstm_frozen,advtrain,template,2026,valstress_genuine+amount,bongo_0063,0,0.025632
bilstm_frozen,advtrain,template,2026,valstress_genuine+amount,bongo_0065,0,0.000233
bilstm_frozen,advtrain,template,2026,valstress_genuine+amount,bongo_0076,0,0.000155
bilstm_frozen,advtrain,template,2026,valstress_genuine+amount,bongo_0081,0,0.000142
bilstm_frozen,advtrain,template,2026,valstress_genuine+amount,bongo_0095,0,0.000041
bilstm_frozen,advtrain,template,2026,valstress_genuine+amount,bongo_0105,0,0.000035
bilstm_frozen,advtrain,template,2026,valstress_genuine+amount,bongo_0111,0,0.060443
bilstm_frozen,advtrain,template,2026,valstress_genuine+amount,bongo_0121,0,0.000366
bilstm_frozen,advtrain,template,2026,valstress_genuine+amount,bongo_0127,0,0.000025
bilstm_frozen,advtrain,template,2026,valstress_genuine+amount,bongo_0145,0,0.073754
bilstm_frozen,advtrain,template,2026,valstress_genuine+amount,bongo_0148,0,0.074672
bilstm_frozen,advtrain,template,2026,valstress_genuine+amount,bongo_0186,0,0.000069
bilstm_frozen,advtrain,template,2026,valstress_genuine+amount,bongo_0191,0,0.202501
bilstm_frozen,advtrain,template,2026,valstress_genuine+amount,bongo_0264,0,0.001346
bilstm_frozen,advtrain,template,2026,valstress_genuine+amount,bongo_0275,0,0.000541
bilstm_frozen,advtrain,template,2026,valstress_genuine+amount,bongo_0393,0,0.000232
bilstm_frozen,advtrain,template,2026,valstress_genuine+amount,bongo_0410,0,0.000092
bilstm_frozen,advtrain,template,2026,valstress_genuine+amount,bongo_0411,0,0.000864
bilstm_frozen,advtrain,template,2026,valstress_genuine+amount,bongo_0426,0,0.017772
bilstm_frozen,advtrain,template,2026,valstress_genuine+amount,bongo_0430,0,0.554207
bilstm_frozen,advtrain,template,2026,valstress_genuine+amount,bongo_0495,0,0.005384
bilstm_frozen,advtrain,template,2026,valstress_genuine+amount,bongo_0548,0,0.000270
bilstm_frozen,advtrain,template,2026,valstress_genuine+amount,bongo_0561,0,0.007802
bilstm_frozen,advtrain,template,2026,valstress_genuine+amount,bongo_0563,0,0.000101
bilstm_frozen,advtrain,template,2026,valstress_genuine+amount,bongo_0581,0,0.000039
bilstm_frozen,advtrain,template,2026,valstress_genuine+amount,bongo_0593,0,0.031723
bilstm_frozen,advtrain,template,2026,valstress_genuine+amount,bongo_0607,0,0.000411
bilstm_frozen,advtrain,template,2026,valstress_genuine+amount,bongo_0610,0,0.000032
bilstm_frozen,advtrain,template,2026,valstress_genuine+amount,bongo_0634,0,0.000166
bilstm_frozen,advtrain,template,2026,valstress_genuine+amount,bongo_0643,0,0.000196
bilstm_frozen,advtrain,template,2026,valstress_genuine+amount,bongo_0672,0,0.001050
bilstm_frozen,advtrain,template,2026,valstress_genuine+amount,bongo_0681,0,0.036230
bilstm_frozen,advtrain,template,2026,valstress_genuine+amount,bongo_0693,0,0.001917
bilstm_frozen,advtrain,template,2026,valstress_genuine+amount,bongo_0694,0,0.005069
bilstm_frozen,advtrain,template,2026,valstress_genuine+amount,bongo_0726,0,0.005163
bilstm_frozen,advtrain,template,2026,valstress_genuine+amount,bongo_0742,0,0.012234
bilstm_frozen,advtrain,template,2026,valstress_genuine+amount,bongo_0752,0,0.000398
bilstm_frozen,advtrain,template,2026,valstress_genuine+amount,bongo_0754,0,0.000025
bilstm_frozen,advtrain,template,2026,valstress_genuine+amount,bongo_0805,0,0.077849
bilstm_frozen,advtrain,template,2026,valstress_genuine+amount,bongo_0809,0,0.014145
bilstm_frozen,advtrain,template,2026,valstress_genuine+amount,bongo_0833,0,0.086989
bilstm_frozen,advtrain,template,2026,valstress_genuine+amount,bongo_0919,0,0.081161
bilstm_frozen,advtrain,template,2026,valstress_genuine+amount,bongo_0922,0,0.007332
bilstm_frozen,advtrain,template,2026,valstress_genuine+amount,bongo_0973,0,0.000808
bilstm_frozen,advtrain,template,2026,valstress_genuine+amount,bongo_0988,0,0.000085
bilstm_frozen,advtrain,template,2026,valstress_genuine+amount,bongo_0992,0,0.205497
bilstm_frozen,advtrain,template,2026,valstress_genuine+amount,bongo_1039,0,0.000058
bilstm_frozen,advtrain,template,2026,valstress_genuine+amount,bongo_1044,0,0.000033
bilstm_frozen,advtrain,template,2026,valstress_genuine+amount,bongo_1082,0,0.026795
bilstm_frozen,advtrain,template,2026,valstress_genuine+amount,bongo_1099,0,0.010136
bilstm_frozen,advtrain,template,2026,valstress_genuine+amount,bongo_1108,0,0.032239
bilstm_frozen,advtrain,template,2026,valstress_genuine+amount,bongo_1109,0,0.000914
bilstm_frozen,advtrain,template,2026,valstress_genuine+amount,bongo_1120,0,0.018279
bilstm_frozen,advtrain,template,2026,valstress_genuine+amount,bongo_1124,0,0.033561
bilstm_frozen,advtrain,template,2026,valstress_genuine+amount,bongo_1145,0,0.003831
bilstm_frozen,advtrain,template,2026,valstress_genuine+amount,bongo_1153,0,0.000051
bilstm_frozen,advtrain,template,2026,valstress_genuine+amount,bongo_1161,0,0.000282
bilstm_frozen,advtrain,template,2026,valstress_genuine+amount,bongo_1162,0,0.051118
bilstm_frozen,advtrain,template,2026,valstress_genuine+amount,bongo_1212,0,0.017511
bilstm_frozen,advtrain,template,2026,valstress_genuine+amount,bongo_1216,0,0.000423
bilstm_frozen,advtrain,template,2026,valstress_genuine+amount,bongo_1265,0,0.100594
bilstm_frozen,advtrain,template,2026,valstress_genuine+amount,bongo_1272,0,0.000676
bilstm_frozen,advtrain,template,2026,valstress_genuine+amount,bongo_1275,0,0.028789
bilstm_frozen,advtrain,template,2026,valstress_genuine+amount,bongo_1296,0,0.000083
bilstm_frozen,advtrain,template,2026,valstress_genuine+amount,bongo_1328,0,0.002276
bilstm_frozen,advtrain,template,2026,valstress_genuine+amount,bongo_1335,0,0.022766
bilstm_frozen,advtrain,template,2026,valstress_genuine+amount,bongo_1341,0,0.000864
bilstm_frozen,advtrain,template,2026,valstress_genuine+amount,bongo_1349,0,0.000485
bilstm_frozen,advtrain,template,2026,valstress_genuine+amount,bongo_1360,0,0.000821
bilstm_frozen,advtrain,template,2026,valstress_scam-number,bongo_0004,1,0.999640
bilstm_frozen,advtrain,template,2026,valstress_scam-number,bongo_0031,1,0.999640
bilstm_frozen,advtrain,template,2026,valstress_scam-number,bongo_0036,1,0.993648
bilstm_frozen,advtrain,template,2026,valstress_scam-number,bongo_0046,1,0.999638
bilstm_frozen,advtrain,template,2026,valstress_scam-number,bongo_0052,1,0.999358
bilstm_frozen,advtrain,template,2026,valstress_scam-number,bongo_0057,1,0.998515
bilstm_frozen,advtrain,template,2026,valstress_scam-number,bongo_0088,1,0.999484
bilstm_frozen,advtrain,template,2026,valstress_scam-number,bongo_0089,1,0.999640
bilstm_frozen,advtrain,template,2026,valstress_scam-number,bongo_0101,1,0.997727
bilstm_frozen,advtrain,template,2026,valstress_scam-number,bongo_0102,1,0.999792
bilstm_frozen,advtrain,template,2026,valstress_scam-number,bongo_0120,1,0.999640
bilstm_frozen,advtrain,template,2026,valstress_scam-number,bongo_0210,1,0.984050
bilstm_frozen,advtrain,template,2026,valstress_scam-number,bongo_0226,1,0.999639
bilstm_frozen,advtrain,template,2026,valstress_scam-number,bongo_0228,1,0.999640
bilstm_frozen,advtrain,template,2026,valstress_scam-number,bongo_0235,1,0.999640
bilstm_frozen,advtrain,template,2026,valstress_scam-number,bongo_0243,1,0.999770
bilstm_frozen,advtrain,template,2026,valstress_scam-number,bongo_0247,1,0.999785
bilstm_frozen,advtrain,template,2026,valstress_scam-number,bongo_0248,1,0.999830
bilstm_frozen,advtrain,template,2026,valstress_scam-number,bongo_0278,1,0.999790
bilstm_frozen,advtrain,template,2026,valstress_scam-number,bongo_0312,1,0.999640
bilstm_frozen,advtrain,template,2026,valstress_scam-number,bongo_0315,1,0.999062
bilstm_frozen,advtrain,template,2026,valstress_scam-number,bongo_0319,1,0.999902
bilstm_frozen,advtrain,template,2026,valstress_scam-number,bongo_0353,1,0.999639
bilstm_frozen,advtrain,template,2026,valstress_scam-number,bongo_0370,1,0.999494
bilstm_frozen,advtrain,template,2026,valstress_scam-number,bongo_0377,1,0.999374
bilstm_frozen,advtrain,template,2026,valstress_scam-number,bongo_0403,1,0.999765
bilstm_frozen,advtrain,template,2026,valstress_scam-number,bongo_0438,1,0.998156
bilstm_frozen,advtrain,template,2026,valstress_scam-number,bongo_0451,1,0.997287
bilstm_frozen,advtrain,template,2026,valstress_scam-number,bongo_0455,1,0.998528
bilstm_frozen,advtrain,template,2026,valstress_scam-number,bongo_0466,1,0.999486
bilstm_frozen,advtrain,template,2026,valstress_scam-number,bongo_0499,1,0.999671
bilstm_frozen,advtrain,template,2026,valstress_scam-number,bongo_0502,1,0.999844
bilstm_frozen,advtrain,template,2026,valstress_scam-number,bongo_0556,1,0.999842
bilstm_frozen,advtrain,template,2026,valstress_scam-number,bongo_0557,1,0.999846
bilstm_frozen,advtrain,template,2026,valstress_scam-number,bongo_0570,1,0.999639
bilstm_frozen,advtrain,template,2026,valstress_scam-number,bongo_0587,1,0.999846
bilstm_frozen,advtrain,template,2026,valstress_scam-number,bongo_0632,1,0.999912
bilstm_frozen,advtrain,template,2026,valstress_scam-number,bongo_0637,1,0.998941
bilstm_frozen,advtrain,template,2026,valstress_scam-number,bongo_0666,1,0.999486
bilstm_frozen,advtrain,template,2026,valstress_scam-number,bongo_0680,1,0.998721
bilstm_frozen,advtrain,template,2026,valstress_scam-number,bongo_0698,1,0.999640
bilstm_frozen,advtrain,template,2026,valstress_scam-number,bongo_0762,1,0.996852
bilstm_frozen,advtrain,template,2026,valstress_scam-number,bongo_0764,1,0.999907
bilstm_frozen,advtrain,template,2026,valstress_scam-number,bongo_0788,1,0.999769
bilstm_frozen,advtrain,template,2026,valstress_scam-number,bongo_0811,1,0.999637
bilstm_frozen,advtrain,template,2026,valstress_scam-number,bongo_0823,1,0.999448
bilstm_frozen,advtrain,template,2026,valstress_scam-number,bongo_0827,1,0.999619
bilstm_frozen,advtrain,template,2026,valstress_scam-number,bongo_0844,1,0.999640
bilstm_frozen,advtrain,template,2026,valstress_scam-number,bongo_0869,1,0.999629
bilstm_frozen,advtrain,template,2026,valstress_scam-number,bongo_0880,1,0.999767
bilstm_frozen,advtrain,template,2026,valstress_scam-number,bongo_0886,1,0.998733
bilstm_frozen,advtrain,template,2026,valstress_scam-number,bongo_0911,1,0.999520
bilstm_frozen,advtrain,template,2026,valstress_scam-number,bongo_0921,1,0.999348
bilstm_frozen,advtrain,template,2026,valstress_scam-number,bongo_0923,1,0.998680
bilstm_frozen,advtrain,template,2026,valstress_scam-number,bongo_0943,1,0.997401
bilstm_frozen,advtrain,template,2026,valstress_scam-number,bongo_0948,1,0.998881
bilstm_frozen,advtrain,template,2026,valstress_scam-number,bongo_0949,1,0.998779
bilstm_frozen,advtrain,template,2026,valstress_scam-number,bongo_0959,1,0.895706
bilstm_frozen,advtrain,template,2026,valstress_scam-number,bongo_0961,1,0.999558
bilstm_frozen,advtrain,template,2026,valstress_scam-number,bongo_1001,1,0.999525
bilstm_frozen,advtrain,template,2026,valstress_scam-number,bongo_1028,1,0.999760
bilstm_frozen,advtrain,template,2026,valstress_scam-number,bongo_1101,1,0.999860
bilstm_frozen,advtrain,template,2026,valstress_scam-number,bongo_1130,1,0.999912
bilstm_frozen,advtrain,template,2026,valstress_scam-number,bongo_1132,1,0.997219
bilstm_frozen,advtrain,template,2026,valstress_scam-number,bongo_1137,1,0.998776
bilstm_frozen,advtrain,template,2026,valstress_scam-number,bongo_1163,1,0.999126
bilstm_frozen,advtrain,template,2026,valstress_scam-number,bongo_1166,1,0.999886
bilstm_frozen,advtrain,template,2026,valstress_scam-number,bongo_1197,1,0.997969
bilstm_frozen,advtrain,template,2026,valstress_scam-number,bongo_1203,1,0.999504
bilstm_frozen,advtrain,template,2026,valstress_scam-number,bongo_1213,1,0.998044
bilstm_frozen,advtrain,template,2026,valstress_scam-number,bongo_1247,1,0.999433
bilstm_frozen,advtrain,template,2026,valstress_scam-number,bongo_1251,1,0.999640
bilstm_frozen,advtrain,template,2026,valstress_scam-number,bongo_1257,1,0.999448
bilstm_frozen,advtrain,template,2026,valstress_scam-number,bongo_1258,1,0.999640
bilstm_frozen,advtrain,template,2026,valstress_scam-number,bongo_1299,1,0.997219
bilstm_frozen,advtrain,template,2026,valstress_scam-number,bongo_1307,1,0.999852
bilstm_frozen,advtrain,template,2026,ctrlall_lookalike,bongo_0029,0,0.874587
bilstm_frozen,advtrain,template,2026,ctrlall_lookalike,bongo_0053,0,0.999139
bilstm_frozen,advtrain,template,2026,ctrlall_lookalike,bongo_0097,0,0.999708
bilstm_frozen,advtrain,template,2026,ctrlall_lookalike,bongo_0107,0,0.424994
bilstm_frozen,advtrain,template,2026,ctrlall_lookalike,bongo_0110,0,0.259739
bilstm_frozen,advtrain,template,2026,ctrlall_lookalike,bongo_0115,0,0.999730
bilstm_frozen,advtrain,template,2026,ctrlall_lookalike,bongo_0143,0,0.341684
bilstm_frozen,advtrain,template,2026,ctrlall_lookalike,bongo_0160,0,0.999915
bilstm_frozen,advtrain,template,2026,ctrlall_lookalike,bongo_0172,0,0.999855
bilstm_frozen,advtrain,template,2026,ctrlall_lookalike,bongo_0175,0,0.999827
bilstm_frozen,advtrain,template,2026,ctrlall_lookalike,bongo_0182,0,0.187650
bilstm_frozen,advtrain,template,2026,ctrlall_lookalike,bongo_0197,0,0.999803
bilstm_frozen,advtrain,template,2026,ctrlall_lookalike,bongo_0253,0,0.999813
bilstm_frozen,advtrain,template,2026,ctrlall_lookalike,bongo_0271,0,0.999612
bilstm_frozen,advtrain,template,2026,ctrlall_lookalike,bongo_0300,0,0.999836
bilstm_frozen,advtrain,template,2026,ctrlall_lookalike,bongo_0306,0,0.999816
bilstm_frozen,advtrain,template,2026,ctrlall_lookalike,bongo_0363,0,0.999717
bilstm_frozen,advtrain,template,2026,ctrlall_lookalike,bongo_0368,0,0.999749
bilstm_frozen,advtrain,template,2026,ctrlall_lookalike,bongo_0372,0,0.999777
bilstm_frozen,advtrain,template,2026,ctrlall_lookalike,bongo_0389,0,0.999749
bilstm_frozen,advtrain,template,2026,ctrlall_lookalike,bongo_0395,0,0.002835
bilstm_frozen,advtrain,template,2026,ctrlall_lookalike,bongo_0427,0,0.999689
bilstm_frozen,advtrain,template,2026,ctrlall_lookalike,bongo_0463,0,0.999813
bilstm_frozen,advtrain,template,2026,ctrlall_lookalike,bongo_0531,0,0.999692
bilstm_frozen,advtrain,template,2026,ctrlall_lookalike,bongo_0542,0,0.999797
bilstm_frozen,advtrain,template,2026,ctrlall_lookalike,bongo_0545,0,0.999839
bilstm_frozen,advtrain,template,2026,ctrlall_lookalike,bongo_0571,0,0.537035
bilstm_frozen,advtrain,template,2026,ctrlall_lookalike,bongo_0630,0,0.999655
bilstm_frozen,advtrain,template,2026,ctrlall_lookalike,bongo_0648,0,0.987581
bilstm_frozen,advtrain,template,2026,ctrlall_lookalike,bongo_0674,0,0.298356
bilstm_frozen,advtrain,template,2026,ctrlall_lookalike,bongo_0685,0,0.999626
bilstm_frozen,advtrain,template,2026,ctrlall_lookalike,bongo_0701,0,0.999682
bilstm_frozen,advtrain,template,2026,ctrlall_lookalike,bongo_0741,0,0.999623
bilstm_frozen,advtrain,template,2026,ctrlall_lookalike,bongo_0795,0,0.999920
bilstm_frozen,advtrain,template,2026,ctrlall_lookalike,bongo_0818,0,0.993359
bilstm_frozen,advtrain,template,2026,ctrlall_lookalike,bongo_0819,0,0.999771
bilstm_frozen,advtrain,template,2026,ctrlall_lookalike,bongo_0835,0,0.999722
bilstm_frozen,advtrain,template,2026,ctrlall_lookalike,bongo_0856,0,0.999783
bilstm_frozen,advtrain,template,2026,ctrlall_lookalike,bongo_0872,0,0.999785
bilstm_frozen,advtrain,template,2026,ctrlall_lookalike,bongo_0904,0,0.999826
bilstm_frozen,advtrain,template,2026,ctrlall_lookalike,bongo_0950,0,0.319387
bilstm_frozen,advtrain,template,2026,ctrlall_lookalike,bongo_0956,0,0.999818
bilstm_frozen,advtrain,template,2026,ctrlall_lookalike,bongo_0971,0,0.999838
bilstm_frozen,advtrain,template,2026,ctrlall_lookalike,bongo_0983,0,0.999685
bilstm_frozen,advtrain,template,2026,ctrlall_lookalike,bongo_0994,0,0.999853
bilstm_frozen,advtrain,template,2026,ctrlall_lookalike,bongo_1006,0,0.999827
bilstm_frozen,advtrain,template,2026,ctrlall_lookalike,bongo_1015,0,0.999655
bilstm_frozen,advtrain,template,2026,ctrlall_lookalike,bongo_1037,0,0.999843
bilstm_frozen,advtrain,template,2026,ctrlall_lookalike,bongo_1040,0,0.999844
bilstm_frozen,advtrain,template,2026,ctrlall_lookalike,bongo_1050,0,0.999808
bilstm_frozen,advtrain,template,2026,ctrlall_lookalike,bongo_1059,0,0.998980
bilstm_frozen,advtrain,template,2026,ctrlall_lookalike,bongo_1071,0,0.999759
bilstm_frozen,advtrain,template,2026,ctrlall_lookalike,bongo_1090,0,0.319179
bilstm_frozen,advtrain,template,2026,ctrlall_lookalike,bongo_1115,0,0.999791
bilstm_frozen,advtrain,template,2026,ctrlall_lookalike,bongo_1123,0,0.999670
bilstm_frozen,advtrain,template,2026,ctrlall_lookalike,bongo_1125,0,0.994392
bilstm_frozen,advtrain,template,2026,ctrlall_lookalike,bongo_1135,0,0.999743
bilstm_frozen,advtrain,template,2026,ctrlall_lookalike,bongo_1155,0,0.999728
bilstm_frozen,advtrain,template,2026,ctrlall_lookalike,bongo_1194,0,0.999453
bilstm_frozen,advtrain,template,2026,ctrlall_lookalike,bongo_1198,0,0.999729
bilstm_frozen,advtrain,template,2026,ctrlall_lookalike,bongo_1236,0,0.999711
bilstm_frozen,advtrain,template,2026,ctrlall_lookalike,bongo_1244,0,0.999846
bilstm_frozen,advtrain,template,2026,ctrlall_lookalike,bongo_1249,0,0.998407
bilstm_frozen,advtrain,template,2026,ctrlall_lookalike,bongo_1253,0,0.999876
bilstm_frozen,advtrain,template,2026,ctrlall_lookalike,bongo_1260,0,0.999811
bilstm_frozen,advtrain,template,2026,ctrlall_lookalike,bongo_1262,0,0.999830
bilstm_frozen,advtrain,template,2026,ctrlall_lookalike,bongo_1285,0,0.999816
bilstm_frozen,advtrain,template,2026,ctrlall_lookalike,bongo_1316,0,0.860078
bilstm_frozen,advtrain,template,2026,ctrlall_lookalike,bongo_1330,0,0.837687
bilstm_frozen,advtrain,template,2026,ctrlall_lookalike,bongo_1359,0,0.999596
bilstm_frozen,advtrain,template,2026,ctrlall_lookalike,bongo_1375,0,0.999803
bilstm_frozen,advtrain,template,2026,ctrlall_structural,bongo_0029,0,0.999910
bilstm_frozen,advtrain,template,2026,ctrlall_structural,bongo_0053,0,0.999918
bilstm_frozen,advtrain,template,2026,ctrlall_structural,bongo_0097,0,0.999945
bilstm_frozen,advtrain,template,2026,ctrlall_structural,bongo_0107,0,0.546447
bilstm_frozen,advtrain,template,2026,ctrlall_structural,bongo_0110,0,0.435101
bilstm_frozen,advtrain,template,2026,ctrlall_structural,bongo_0115,0,0.999948
bilstm_frozen,advtrain,template,2026,ctrlall_structural,bongo_0143,0,0.999941
bilstm_frozen,advtrain,template,2026,ctrlall_structural,bongo_0160,0,0.999936
bilstm_frozen,advtrain,template,2026,ctrlall_structural,bongo_0172,0,0.999949
bilstm_frozen,advtrain,template,2026,ctrlall_structural,bongo_0175,0,0.999945
bilstm_frozen,advtrain,template,2026,ctrlall_structural,bongo_0182,0,0.998982
bilstm_frozen,advtrain,template,2026,ctrlall_structural,bongo_0197,0,0.999909
bilstm_frozen,advtrain,template,2026,ctrlall_structural,bongo_0253,0,0.999936
bilstm_frozen,advtrain,template,2026,ctrlall_structural,bongo_0271,0,0.999868
bilstm_frozen,advtrain,template,2026,ctrlall_structural,bongo_0300,0,0.999884
bilstm_frozen,advtrain,template,2026,ctrlall_structural,bongo_0306,0,0.999899
bilstm_frozen,advtrain,template,2026,ctrlall_structural,bongo_0363,0,0.999901
bilstm_frozen,advtrain,template,2026,ctrlall_structural,bongo_0368,0,0.999943
bilstm_frozen,advtrain,template,2026,ctrlall_structural,bongo_0372,0,0.999945
bilstm_frozen,advtrain,template,2026,ctrlall_structural,bongo_0389,0,0.999937
bilstm_frozen,advtrain,template,2026,ctrlall_structural,bongo_0395,0,0.998537
bilstm_frozen,advtrain,template,2026,ctrlall_structural,bongo_0427,0,0.999941
bilstm_frozen,advtrain,template,2026,ctrlall_structural,bongo_0463,0,0.999840
bilstm_frozen,advtrain,template,2026,ctrlall_structural,bongo_0531,0,0.999888
bilstm_frozen,advtrain,template,2026,ctrlall_structural,bongo_0542,0,0.999920
bilstm_frozen,advtrain,template,2026,ctrlall_structural,bongo_0545,0,0.999905
bilstm_frozen,advtrain,template,2026,ctrlall_structural,bongo_0571,0,0.570847
bilstm_frozen,advtrain,template,2026,ctrlall_structural,bongo_0630,0,0.999943
bilstm_frozen,advtrain,template,2026,ctrlall_structural,bongo_0648,0,0.999922
bilstm_frozen,advtrain,template,2026,ctrlall_structural,bongo_0674,0,0.999331
bilstm_frozen,advtrain,template,2026,ctrlall_structural,bongo_0685,0,0.999916
bilstm_frozen,advtrain,template,2026,ctrlall_structural,bongo_0701,0,0.999878
bilstm_frozen,advtrain,template,2026,ctrlall_structural,bongo_0741,0,0.999903
bilstm_frozen,advtrain,template,2026,ctrlall_structural,bongo_0795,0,0.999923
bilstm_frozen,advtrain,template,2026,ctrlall_structural,bongo_0818,0,0.999949
bilstm_frozen,advtrain,template,2026,ctrlall_structural,bongo_0819,0,0.999945
bilstm_frozen,advtrain,template,2026,ctrlall_structural,bongo_0835,0,0.999941
bilstm_frozen,advtrain,template,2026,ctrlall_structural,bongo_0856,0,0.999940
bilstm_frozen,advtrain,template,2026,ctrlall_structural,bongo_0872,0,0.999914
bilstm_frozen,advtrain,template,2026,ctrlall_structural,bongo_0904,0,0.999948
bilstm_frozen,advtrain,template,2026,ctrlall_structural,bongo_0950,0,0.479506
bilstm_frozen,advtrain,template,2026,ctrlall_structural,bongo_0956,0,0.999948
bilstm_frozen,advtrain,template,2026,ctrlall_structural,bongo_0971,0,0.999966
bilstm_frozen,advtrain,template,2026,ctrlall_structural,bongo_0983,0,0.999948
bilstm_frozen,advtrain,template,2026,ctrlall_structural,bongo_0994,0,0.999914
bilstm_frozen,advtrain,template,2026,ctrlall_structural,bongo_1006,0,0.999658
bilstm_frozen,advtrain,template,2026,ctrlall_structural,bongo_1015,0,0.999928
bilstm_frozen,advtrain,template,2026,ctrlall_structural,bongo_1037,0,0.999914
bilstm_frozen,advtrain,template,2026,ctrlall_structural,bongo_1040,0,0.999923
bilstm_frozen,advtrain,template,2026,ctrlall_structural,bongo_1050,0,0.999883
bilstm_frozen,advtrain,template,2026,ctrlall_structural,bongo_1059,0,0.999539
bilstm_frozen,advtrain,template,2026,ctrlall_structural,bongo_1071,0,0.999932
bilstm_frozen,advtrain,template,2026,ctrlall_structural,bongo_1090,0,0.998396
bilstm_frozen,advtrain,template,2026,ctrlall_structural,bongo_1115,0,0.999911
bilstm_frozen,advtrain,template,2026,ctrlall_structural,bongo_1123,0,0.999948
bilstm_frozen,advtrain,template,2026,ctrlall_structural,bongo_1125,0,0.999957
bilstm_frozen,advtrain,template,2026,ctrlall_structural,bongo_1135,0,0.999934
bilstm_frozen,advtrain,template,2026,ctrlall_structural,bongo_1155,0,0.999887
bilstm_frozen,advtrain,template,2026,ctrlall_structural,bongo_1194,0,0.999916
bilstm_frozen,advtrain,template,2026,ctrlall_structural,bongo_1198,0,0.999878
bilstm_frozen,advtrain,template,2026,ctrlall_structural,bongo_1236,0,0.999902
bilstm_frozen,advtrain,template,2026,ctrlall_structural,bongo_1244,0,0.999943
bilstm_frozen,advtrain,template,2026,ctrlall_structural,bongo_1249,0,0.999942
bilstm_frozen,advtrain,template,2026,ctrlall_structural,bongo_1253,0,0.999948
bilstm_frozen,advtrain,template,2026,ctrlall_structural,bongo_1260,0,0.999951
bilstm_frozen,advtrain,template,2026,ctrlall_structural,bongo_1262,0,0.999953
bilstm_frozen,advtrain,template,2026,ctrlall_structural,bongo_1285,0,0.999937
bilstm_frozen,advtrain,template,2026,ctrlall_structural,bongo_1316,0,0.999719
bilstm_frozen,advtrain,template,2026,ctrlall_structural,bongo_1330,0,0.982420
bilstm_frozen,advtrain,template,2026,ctrlall_structural,bongo_1359,0,0.999917
bilstm_frozen,advtrain,template,2026,ctrlall_structural,bongo_1375,0,0.999880
bilstm_frozen,advtrain,template,2026,ctrlall_codeswitch,bongo_0029,0,0.046893
bilstm_frozen,advtrain,template,2026,ctrlall_codeswitch,bongo_0053,0,0.000047
bilstm_frozen,advtrain,template,2026,ctrlall_codeswitch,bongo_0097,0,0.001354
bilstm_frozen,advtrain,template,2026,ctrlall_codeswitch,bongo_0107,0,0.000012
bilstm_frozen,advtrain,template,2026,ctrlall_codeswitch,bongo_0110,0,0.000008
bilstm_frozen,advtrain,template,2026,ctrlall_codeswitch,bongo_0115,0,0.002061
bilstm_frozen,advtrain,template,2026,ctrlall_codeswitch,bongo_0143,0,0.000018
bilstm_frozen,advtrain,template,2026,ctrlall_codeswitch,bongo_0160,0,0.000046
bilstm_frozen,advtrain,template,2026,ctrlall_codeswitch,bongo_0172,0,0.117181
bilstm_frozen,advtrain,template,2026,ctrlall_codeswitch,bongo_0175,0,0.000019
bilstm_frozen,advtrain,template,2026,ctrlall_codeswitch,bongo_0182,0,0.000006
bilstm_frozen,advtrain,template,2026,ctrlall_codeswitch,bongo_0197,0,0.000030
bilstm_frozen,advtrain,template,2026,ctrlall_codeswitch,bongo_0253,0,0.000562
bilstm_frozen,advtrain,template,2026,ctrlall_codeswitch,bongo_0271,0,0.000027
bilstm_frozen,advtrain,template,2026,ctrlall_codeswitch,bongo_0300,0,0.000041
bilstm_frozen,advtrain,template,2026,ctrlall_codeswitch,bongo_0306,0,0.000122
bilstm_frozen,advtrain,template,2026,ctrlall_codeswitch,bongo_0363,0,0.000042
bilstm_frozen,advtrain,template,2026,ctrlall_codeswitch,bongo_0368,0,0.003408
bilstm_frozen,advtrain,template,2026,ctrlall_codeswitch,bongo_0372,0,0.000109
bilstm_frozen,advtrain,template,2026,ctrlall_codeswitch,bongo_0389,0,0.000028
bilstm_frozen,advtrain,template,2026,ctrlall_codeswitch,bongo_0395,0,0.000787
bilstm_frozen,advtrain,template,2026,ctrlall_codeswitch,bongo_0427,0,0.563831
bilstm_frozen,advtrain,template,2026,ctrlall_codeswitch,bongo_0463,0,0.007235
bilstm_frozen,advtrain,template,2026,ctrlall_codeswitch,bongo_0531,0,0.000234
bilstm_frozen,advtrain,template,2026,ctrlall_codeswitch,bongo_0542,0,0.000018
bilstm_frozen,advtrain,template,2026,ctrlall_codeswitch,bongo_0545,0,0.000024
bilstm_frozen,advtrain,template,2026,ctrlall_codeswitch,bongo_0571,0,0.000019
bilstm_frozen,advtrain,template,2026,ctrlall_codeswitch,bongo_0630,0,0.000400
bilstm_frozen,advtrain,template,2026,ctrlall_codeswitch,bongo_0648,0,0.040359
bilstm_frozen,advtrain,template,2026,ctrlall_codeswitch,bongo_0674,0,0.000016
bilstm_frozen,advtrain,template,2026,ctrlall_codeswitch,bongo_0685,0,0.778381
bilstm_frozen,advtrain,template,2026,ctrlall_codeswitch,bongo_0701,0,0.000031
bilstm_frozen,advtrain,template,2026,ctrlall_codeswitch,bongo_0741,0,0.000021
bilstm_frozen,advtrain,template,2026,ctrlall_codeswitch,bongo_0795,0,0.000320
bilstm_frozen,advtrain,template,2026,ctrlall_codeswitch,bongo_0818,0,0.010798
bilstm_frozen,advtrain,template,2026,ctrlall_codeswitch,bongo_0819,0,0.000204
bilstm_frozen,advtrain,template,2026,ctrlall_codeswitch,bongo_0835,0,0.000019
bilstm_frozen,advtrain,template,2026,ctrlall_codeswitch,bongo_0856,0,0.000092
bilstm_frozen,advtrain,template,2026,ctrlall_codeswitch,bongo_0872,0,0.114772
bilstm_frozen,advtrain,template,2026,ctrlall_codeswitch,bongo_0904,0,0.001658
bilstm_frozen,advtrain,template,2026,ctrlall_codeswitch,bongo_0950,0,0.000038
bilstm_frozen,advtrain,template,2026,ctrlall_codeswitch,bongo_0956,0,0.000019
bilstm_frozen,advtrain,template,2026,ctrlall_codeswitch,bongo_0971,0,0.000023
bilstm_frozen,advtrain,template,2026,ctrlall_codeswitch,bongo_0983,0,0.000225
bilstm_frozen,advtrain,template,2026,ctrlall_codeswitch,bongo_0994,0,0.001947
bilstm_frozen,advtrain,template,2026,ctrlall_codeswitch,bongo_1006,0,0.000165
bilstm_frozen,advtrain,template,2026,ctrlall_codeswitch,bongo_1015,0,0.000017
bilstm_frozen,advtrain,template,2026,ctrlall_codeswitch,bongo_1037,0,0.000065
bilstm_frozen,advtrain,template,2026,ctrlall_codeswitch,bongo_1040,0,0.000033
bilstm_frozen,advtrain,template,2026,ctrlall_codeswitch,bongo_1050,0,0.000020
bilstm_frozen,advtrain,template,2026,ctrlall_codeswitch,bongo_1059,0,0.000011
bilstm_frozen,advtrain,template,2026,ctrlall_codeswitch,bongo_1071,0,0.000055
bilstm_frozen,advtrain,template,2026,ctrlall_codeswitch,bongo_1090,0,0.000014
bilstm_frozen,advtrain,template,2026,ctrlall_codeswitch,bongo_1115,0,0.000009
bilstm_frozen,advtrain,template,2026,ctrlall_codeswitch,bongo_1123,0,0.000078
bilstm_frozen,advtrain,template,2026,ctrlall_codeswitch,bongo_1125,0,0.017005
bilstm_frozen,advtrain,template,2026,ctrlall_codeswitch,bongo_1135,0,0.000701
bilstm_frozen,advtrain,template,2026,ctrlall_codeswitch,bongo_1155,0,0.000022
bilstm_frozen,advtrain,template,2026,ctrlall_codeswitch,bongo_1194,0,0.001805
bilstm_frozen,advtrain,template,2026,ctrlall_codeswitch,bongo_1198,0,0.000271
bilstm_frozen,advtrain,template,2026,ctrlall_codeswitch,bongo_1236,0,0.000351
bilstm_frozen,advtrain,template,2026,ctrlall_codeswitch,bongo_1244,0,0.000072
bilstm_frozen,advtrain,template,2026,ctrlall_codeswitch,bongo_1249,0,0.000006
bilstm_frozen,advtrain,template,2026,ctrlall_codeswitch,bongo_1253,0,0.016226
bilstm_frozen,advtrain,template,2026,ctrlall_codeswitch,bongo_1260,0,0.000035
bilstm_frozen,advtrain,template,2026,ctrlall_codeswitch,bongo_1262,0,0.015306
bilstm_frozen,advtrain,template,2026,ctrlall_codeswitch,bongo_1285,0,0.000022
bilstm_frozen,advtrain,template,2026,ctrlall_codeswitch,bongo_1316,0,0.000149
bilstm_frozen,advtrain,template,2026,ctrlall_codeswitch,bongo_1330,0,0.049167
bilstm_frozen,advtrain,template,2026,ctrlall_codeswitch,bongo_1359,0,0.000357
bilstm_frozen,advtrain,template,2026,ctrlall_codeswitch,bongo_1375,0,0.000046
bilstm_frozen,advtrain,template,2026,test_xatk_lookalike_all,bongo_0025,1,0.999774
bilstm_frozen,advtrain,template,2026,test_xatk_lookalike_all,bongo_0029,0,0.046893
bilstm_frozen,advtrain,template,2026,test_xatk_lookalike_all,bongo_0039,1,0.999809
bilstm_frozen,advtrain,template,2026,test_xatk_lookalike_all,bongo_0047,1,0.999733
bilstm_frozen,advtrain,template,2026,test_xatk_lookalike_all,bongo_0053,0,0.000034
bilstm_frozen,advtrain,template,2026,test_xatk_lookalike_all,bongo_0055,1,0.255357
bilstm_frozen,advtrain,template,2026,test_xatk_lookalike_all,bongo_0061,1,0.999878
bilstm_frozen,advtrain,template,2026,test_xatk_lookalike_all,bongo_0097,0,0.000570
bilstm_frozen,advtrain,template,2026,test_xatk_lookalike_all,bongo_0107,0,0.000012
bilstm_frozen,advtrain,template,2026,test_xatk_lookalike_all,bongo_0110,0,0.000008
bilstm_frozen,advtrain,template,2026,test_xatk_lookalike_all,bongo_0112,1,0.220545
bilstm_frozen,advtrain,template,2026,test_xatk_lookalike_all,bongo_0115,0,0.000156
bilstm_frozen,advtrain,template,2026,test_xatk_lookalike_all,bongo_0143,0,0.000018
bilstm_frozen,advtrain,template,2026,test_xatk_lookalike_all,bongo_0146,1,0.999506
bilstm_frozen,advtrain,template,2026,test_xatk_lookalike_all,bongo_0154,1,0.999538
bilstm_frozen,advtrain,template,2026,test_xatk_lookalike_all,bongo_0159,1,0.214775
bilstm_frozen,advtrain,template,2026,test_xatk_lookalike_all,bongo_0160,0,0.000046
bilstm_frozen,advtrain,template,2026,test_xatk_lookalike_all,bongo_0172,0,0.089296
bilstm_frozen,advtrain,template,2026,test_xatk_lookalike_all,bongo_0173,1,0.215336
bilstm_frozen,advtrain,template,2026,test_xatk_lookalike_all,bongo_0175,0,0.000019
bilstm_frozen,advtrain,template,2026,test_xatk_lookalike_all,bongo_0182,0,0.000006
bilstm_frozen,advtrain,template,2026,test_xatk_lookalike_all,bongo_0195,1,0.999757
bilstm_frozen,advtrain,template,2026,test_xatk_lookalike_all,bongo_0197,0,0.000030
bilstm_frozen,advtrain,template,2026,test_xatk_lookalike_all,bongo_0201,1,0.999875
bilstm_frozen,advtrain,template,2026,test_xatk_lookalike_all,bongo_0203,1,0.999860
bilstm_frozen,advtrain,template,2026,test_xatk_lookalike_all,bongo_0250,1,0.213767
bilstm_frozen,advtrain,template,2026,test_xatk_lookalike_all,bongo_0253,0,0.000562
bilstm_frozen,advtrain,template,2026,test_xatk_lookalike_all,bongo_0255,1,0.225501
bilstm_frozen,advtrain,template,2026,test_xatk_lookalike_all,bongo_0265,1,0.228146
bilstm_frozen,advtrain,template,2026,test_xatk_lookalike_all,bongo_0271,0,0.000027
bilstm_frozen,advtrain,template,2026,test_xatk_lookalike_all,bongo_0300,0,0.000041
bilstm_frozen,advtrain,template,2026,test_xatk_lookalike_all,bongo_0306,0,0.000122
bilstm_frozen,advtrain,template,2026,test_xatk_lookalike_all,bongo_0356,1,0.216960
bilstm_frozen,advtrain,template,2026,test_xatk_lookalike_all,bongo_0360,1,0.999492
bilstm_frozen,advtrain,template,2026,test_xatk_lookalike_all,bongo_0361,1,0.999865
bilstm_frozen,advtrain,template,2026,test_xatk_lookalike_all,bongo_0363,0,0.000042
bilstm_frozen,advtrain,template,2026,test_xatk_lookalike_all,bongo_0368,0,0.001001
bilstm_frozen,advtrain,template,2026,test_xatk_lookalike_all,bongo_0372,0,0.000109
bilstm_frozen,advtrain,template,2026,test_xatk_lookalike_all,bongo_0380,1,0.058919
bilstm_frozen,advtrain,template,2026,test_xatk_lookalike_all,bongo_0389,0,0.000025
bilstm_frozen,advtrain,template,2026,test_xatk_lookalike_all,bongo_0395,0,0.000787
bilstm_frozen,advtrain,template,2026,test_xatk_lookalike_all,bongo_0405,1,0.999798
bilstm_frozen,advtrain,template,2026,test_xatk_lookalike_all,bongo_0424,1,0.999835
bilstm_frozen,advtrain,template,2026,test_xatk_lookalike_all,bongo_0427,0,0.000401
bilstm_frozen,advtrain,template,2026,test_xatk_lookalike_all,bongo_0434,1,0.215500
bilstm_frozen,advtrain,template,2026,test_xatk_lookalike_all,bongo_0463,0,0.007451
bilstm_frozen,advtrain,template,2026,test_xatk_lookalike_all,bongo_0476,1,0.999636
bilstm_frozen,advtrain,template,2026,test_xatk_lookalike_all,bongo_0510,1,0.999889
bilstm_frozen,advtrain,template,2026,test_xatk_lookalike_all,bongo_0531,0,0.000234
bilstm_frozen,advtrain,template,2026,test_xatk_lookalike_all,bongo_0542,0,0.000018
bilstm_frozen,advtrain,template,2026,test_xatk_lookalike_all,bongo_0545,0,0.000024
bilstm_frozen,advtrain,template,2026,test_xatk_lookalike_all,bongo_0560,1,0.999326
bilstm_frozen,advtrain,template,2026,test_xatk_lookalike_all,bongo_0565,1,0.249488
bilstm_frozen,advtrain,template,2026,test_xatk_lookalike_all,bongo_0566,1,0.999801
bilstm_frozen,advtrain,template,2026,test_xatk_lookalike_all,bongo_0571,0,0.000019
bilstm_frozen,advtrain,template,2026,test_xatk_lookalike_all,bongo_0577,1,0.999830
bilstm_frozen,advtrain,template,2026,test_xatk_lookalike_all,bongo_0580,1,0.999773
bilstm_frozen,advtrain,template,2026,test_xatk_lookalike_all,bongo_0621,1,0.999808
bilstm_frozen,advtrain,template,2026,test_xatk_lookalike_all,bongo_0624,1,0.999870
bilstm_frozen,advtrain,template,2026,test_xatk_lookalike_all,bongo_0630,0,0.000400
bilstm_frozen,advtrain,template,2026,test_xatk_lookalike_all,bongo_0638,1,0.999721
bilstm_frozen,advtrain,template,2026,test_xatk_lookalike_all,bongo_0648,0,0.040359
bilstm_frozen,advtrain,template,2026,test_xatk_lookalike_all,bongo_0674,0,0.000016
bilstm_frozen,advtrain,template,2026,test_xatk_lookalike_all,bongo_0685,0,0.039352
bilstm_frozen,advtrain,template,2026,test_xatk_lookalike_all,bongo_0697,1,0.243608
bilstm_frozen,advtrain,template,2026,test_xatk_lookalike_all,bongo_0701,0,0.000031
bilstm_frozen,advtrain,template,2026,test_xatk_lookalike_all,bongo_0706,1,0.221116
bilstm_frozen,advtrain,template,2026,test_xatk_lookalike_all,bongo_0719,1,0.216042
bilstm_frozen,advtrain,template,2026,test_xatk_lookalike_all,bongo_0721,1,0.999620
bilstm_frozen,advtrain,template,2026,test_xatk_lookalike_all,bongo_0724,1,0.248532
bilstm_frozen,advtrain,template,2026,test_xatk_lookalike_all,bongo_0729,1,0.999667
bilstm_frozen,advtrain,template,2026,test_xatk_lookalike_all,bongo_0741,0,0.000021
bilstm_frozen,advtrain,template,2026,test_xatk_lookalike_all,bongo_0749,1,0.206451
bilstm_frozen,advtrain,template,2026,test_xatk_lookalike_all,bongo_0769,1,0.999845
bilstm_frozen,advtrain,template,2026,test_xatk_lookalike_all,bongo_0770,1,0.249819
bilstm_frozen,advtrain,template,2026,test_xatk_lookalike_all,bongo_0778,1,0.212232
bilstm_frozen,advtrain,template,2026,test_xatk_lookalike_all,bongo_0787,1,0.999492
bilstm_frozen,advtrain,template,2026,test_xatk_lookalike_all,bongo_0795,0,0.000320
bilstm_frozen,advtrain,template,2026,test_xatk_lookalike_all,bongo_0806,1,0.244160
bilstm_frozen,advtrain,template,2026,test_xatk_lookalike_all,bongo_0807,1,0.999902
bilstm_frozen,advtrain,template,2026,test_xatk_lookalike_all,bongo_0818,0,0.010798
bilstm_frozen,advtrain,template,2026,test_xatk_lookalike_all,bongo_0819,0,0.000204
bilstm_frozen,advtrain,template,2026,test_xatk_lookalike_all,bongo_0835,0,0.000019
bilstm_frozen,advtrain,template,2026,test_xatk_lookalike_all,bongo_0840,1,0.999491
bilstm_frozen,advtrain,template,2026,test_xatk_lookalike_all,bongo_0855,1,0.244084
bilstm_frozen,advtrain,template,2026,test_xatk_lookalike_all,bongo_0856,0,0.000092
bilstm_frozen,advtrain,template,2026,test_xatk_lookalike_all,bongo_0864,1,0.999789
bilstm_frozen,advtrain,template,2026,test_xatk_lookalike_all,bongo_0871,1,0.999824
bilstm_frozen,advtrain,template,2026,test_xatk_lookalike_all,bongo_0872,0,0.005578
bilstm_frozen,advtrain,template,2026,test_xatk_lookalike_all,bongo_0904,0,0.000395
bilstm_frozen,advtrain,template,2026,test_xatk_lookalike_all,bongo_0905,1,0.999791
bilstm_frozen,advtrain,template,2026,test_xatk_lookalike_all,bongo_0909,1,0.999797
bilstm_frozen,advtrain,template,2026,test_xatk_lookalike_all,bongo_0917,1,0.252022
bilstm_frozen,advtrain,template,2026,test_xatk_lookalike_all,bongo_0918,1,0.999762
bilstm_frozen,advtrain,template,2026,test_xatk_lookalike_all,bongo_0950,0,0.000038
bilstm_frozen,advtrain,template,2026,test_xatk_lookalike_all,bongo_0955,1,0.999895
bilstm_frozen,advtrain,template,2026,test_xatk_lookalike_all,bongo_0956,0,0.000019
bilstm_frozen,advtrain,template,2026,test_xatk_lookalike_all,bongo_0971,0,0.000023
bilstm_frozen,advtrain,template,2026,test_xatk_lookalike_all,bongo_0983,0,0.000225
bilstm_frozen,advtrain,template,2026,test_xatk_lookalike_all,bongo_0989,1,0.999821
bilstm_frozen,advtrain,template,2026,test_xatk_lookalike_all,bongo_0994,0,0.000564
bilstm_frozen,advtrain,template,2026,test_xatk_lookalike_all,bongo_1003,1,0.999199
bilstm_frozen,advtrain,template,2026,test_xatk_lookalike_all,bongo_1006,0,0.000057
bilstm_frozen,advtrain,template,2026,test_xatk_lookalike_all,bongo_1012,1,0.210608
bilstm_frozen,advtrain,template,2026,test_xatk_lookalike_all,bongo_1015,0,0.000017
bilstm_frozen,advtrain,template,2026,test_xatk_lookalike_all,bongo_1022,1,0.213685
bilstm_frozen,advtrain,template,2026,test_xatk_lookalike_all,bongo_1037,0,0.000065
bilstm_frozen,advtrain,template,2026,test_xatk_lookalike_all,bongo_1040,0,0.000033
bilstm_frozen,advtrain,template,2026,test_xatk_lookalike_all,bongo_1042,1,0.999829
bilstm_frozen,advtrain,template,2026,test_xatk_lookalike_all,bongo_1047,1,0.999808
bilstm_frozen,advtrain,template,2026,test_xatk_lookalike_all,bongo_1050,0,0.000020
bilstm_frozen,advtrain,template,2026,test_xatk_lookalike_all,bongo_1052,1,0.999879
bilstm_frozen,advtrain,template,2026,test_xatk_lookalike_all,bongo_1059,0,0.000011
bilstm_frozen,advtrain,template,2026,test_xatk_lookalike_all,bongo_1071,0,0.000055
bilstm_frozen,advtrain,template,2026,test_xatk_lookalike_all,bongo_1090,0,0.000014
bilstm_frozen,advtrain,template,2026,test_xatk_lookalike_all,bongo_1104,1,0.999896
bilstm_frozen,advtrain,template,2026,test_xatk_lookalike_all,bongo_1115,0,0.000009
bilstm_frozen,advtrain,template,2026,test_xatk_lookalike_all,bongo_1123,0,0.000078
bilstm_frozen,advtrain,template,2026,test_xatk_lookalike_all,bongo_1125,0,0.017005
bilstm_frozen,advtrain,template,2026,test_xatk_lookalike_all,bongo_1127,1,0.251302
bilstm_frozen,advtrain,template,2026,test_xatk_lookalike_all,bongo_1131,1,0.999910
bilstm_frozen,advtrain,template,2026,test_xatk_lookalike_all,bongo_1134,1,0.219516
bilstm_frozen,advtrain,template,2026,test_xatk_lookalike_all,bongo_1135,0,0.000701
bilstm_frozen,advtrain,template,2026,test_xatk_lookalike_all,bongo_1136,1,0.999408
bilstm_frozen,advtrain,template,2026,test_xatk_lookalike_all,bongo_1138,1,0.999799
bilstm_frozen,advtrain,template,2026,test_xatk_lookalike_all,bongo_1140,1,0.999805
bilstm_frozen,advtrain,template,2026,test_xatk_lookalike_all,bongo_1154,1,0.999295
bilstm_frozen,advtrain,template,2026,test_xatk_lookalike_all,bongo_1155,0,0.000022
bilstm_frozen,advtrain,template,2026,test_xatk_lookalike_all,bongo_1171,1,0.999835
bilstm_frozen,advtrain,template,2026,test_xatk_lookalike_all,bongo_1181,1,0.999793
bilstm_frozen,advtrain,template,2026,test_xatk_lookalike_all,bongo_1185,1,0.046643
bilstm_frozen,advtrain,template,2026,test_xatk_lookalike_all,bongo_1194,0,0.001805
bilstm_frozen,advtrain,template,2026,test_xatk_lookalike_all,bongo_1195,1,0.246070
bilstm_frozen,advtrain,template,2026,test_xatk_lookalike_all,bongo_1198,0,0.000271
bilstm_frozen,advtrain,template,2026,test_xatk_lookalike_all,bongo_1204,1,0.212599
bilstm_frozen,advtrain,template,2026,test_xatk_lookalike_all,bongo_1220,1,0.999795
bilstm_frozen,advtrain,template,2026,test_xatk_lookalike_all,bongo_1233,1,0.999806
bilstm_frozen,advtrain,template,2026,test_xatk_lookalike_all,bongo_1236,0,0.000351
bilstm_frozen,advtrain,template,2026,test_xatk_lookalike_all,bongo_1240,1,0.223176
bilstm_frozen,advtrain,template,2026,test_xatk_lookalike_all,bongo_1244,0,0.000030
bilstm_frozen,advtrain,template,2026,test_xatk_lookalike_all,bongo_1249,0,0.000006
bilstm_frozen,advtrain,template,2026,test_xatk_lookalike_all,bongo_1253,0,0.016226
bilstm_frozen,advtrain,template,2026,test_xatk_lookalike_all,bongo_1260,0,0.000035
bilstm_frozen,advtrain,template,2026,test_xatk_lookalike_all,bongo_1262,0,0.015306
bilstm_frozen,advtrain,template,2026,test_xatk_lookalike_all,bongo_1278,1,0.226421
bilstm_frozen,advtrain,template,2026,test_xatk_lookalike_all,bongo_1285,0,0.000022
bilstm_frozen,advtrain,template,2026,test_xatk_lookalike_all,bongo_1293,1,0.999435
bilstm_frozen,advtrain,template,2026,test_xatk_lookalike_all,bongo_1316,0,0.000149
bilstm_frozen,advtrain,template,2026,test_xatk_lookalike_all,bongo_1327,1,0.251985
bilstm_frozen,advtrain,template,2026,test_xatk_lookalike_all,bongo_1330,0,0.049167
bilstm_frozen,advtrain,template,2026,test_xatk_lookalike_all,bongo_1359,0,0.000247
bilstm_frozen,advtrain,template,2026,test_xatk_lookalike_all,bongo_1375,0,0.000046
bilstm_frozen,advtrain,template,2026,test_xatk_structural_all,bongo_0025,1,0.999774
bilstm_frozen,advtrain,template,2026,test_xatk_structural_all,bongo_0029,0,0.046893
bilstm_frozen,advtrain,template,2026,test_xatk_structural_all,bongo_0039,1,0.999887
bilstm_frozen,advtrain,template,2026,test_xatk_structural_all,bongo_0047,1,0.999733
bilstm_frozen,advtrain,template,2026,test_xatk_structural_all,bongo_0053,0,0.000034
bilstm_frozen,advtrain,template,2026,test_xatk_structural_all,bongo_0055,1,0.190089
bilstm_frozen,advtrain,template,2026,test_xatk_structural_all,bongo_0061,1,0.999885
bilstm_frozen,advtrain,template,2026,test_xatk_structural_all,bongo_0097,0,0.000570
bilstm_frozen,advtrain,template,2026,test_xatk_structural_all,bongo_0107,0,0.000012
bilstm_frozen,advtrain,template,2026,test_xatk_structural_all,bongo_0110,0,0.000008
bilstm_frozen,advtrain,template,2026,test_xatk_structural_all,bongo_0112,1,0.233976
bilstm_frozen,advtrain,template,2026,test_xatk_structural_all,bongo_0115,0,0.000156
bilstm_frozen,advtrain,template,2026,test_xatk_structural_all,bongo_0143,0,0.000018
bilstm_frozen,advtrain,template,2026,test_xatk_structural_all,bongo_0146,1,0.999506
bilstm_frozen,advtrain,template,2026,test_xatk_structural_all,bongo_0154,1,0.999538
bilstm_frozen,advtrain,template,2026,test_xatk_structural_all,bongo_0159,1,0.200565
bilstm_frozen,advtrain,template,2026,test_xatk_structural_all,bongo_0160,0,0.000046
bilstm_frozen,advtrain,template,2026,test_xatk_structural_all,bongo_0172,0,0.089296
bilstm_frozen,advtrain,template,2026,test_xatk_structural_all,bongo_0173,1,0.268787
bilstm_frozen,advtrain,template,2026,test_xatk_structural_all,bongo_0175,0,0.000019
bilstm_frozen,advtrain,template,2026,test_xatk_structural_all,bongo_0182,0,0.000006
bilstm_frozen,advtrain,template,2026,test_xatk_structural_all,bongo_0195,1,0.999866
bilstm_frozen,advtrain,template,2026,test_xatk_structural_all,bongo_0197,0,0.000030
bilstm_frozen,advtrain,template,2026,test_xatk_structural_all,bongo_0201,1,0.999944
bilstm_frozen,advtrain,template,2026,test_xatk_structural_all,bongo_0203,1,0.999941
bilstm_frozen,advtrain,template,2026,test_xatk_structural_all,bongo_0250,1,0.196940
bilstm_frozen,advtrain,template,2026,test_xatk_structural_all,bongo_0253,0,0.000562
bilstm_frozen,advtrain,template,2026,test_xatk_structural_all,bongo_0255,1,0.240150
bilstm_frozen,advtrain,template,2026,test_xatk_structural_all,bongo_0265,1,0.178961
bilstm_frozen,advtrain,template,2026,test_xatk_structural_all,bongo_0271,0,0.000027
bilstm_frozen,advtrain,template,2026,test_xatk_structural_all,bongo_0300,0,0.000041
bilstm_frozen,advtrain,template,2026,test_xatk_structural_all,bongo_0306,0,0.000122
bilstm_frozen,advtrain,template,2026,test_xatk_structural_all,bongo_0356,1,0.232124
bilstm_frozen,advtrain,template,2026,test_xatk_structural_all,bongo_0360,1,0.999492
bilstm_frozen,advtrain,template,2026,test_xatk_structural_all,bongo_0361,1,0.999897
bilstm_frozen,advtrain,template,2026,test_xatk_structural_all,bongo_0363,0,0.000042
bilstm_frozen,advtrain,template,2026,test_xatk_structural_all,bongo_0368,0,0.001001
bilstm_frozen,advtrain,template,2026,test_xatk_structural_all,bongo_0372,0,0.000109
bilstm_frozen,advtrain,template,2026,test_xatk_structural_all,bongo_0380,1,0.249089
bilstm_frozen,advtrain,template,2026,test_xatk_structural_all,bongo_0389,0,0.000025
bilstm_frozen,advtrain,template,2026,test_xatk_structural_all,bongo_0395,0,0.000787
bilstm_frozen,advtrain,template,2026,test_xatk_structural_all,bongo_0405,1,0.999895
bilstm_frozen,advtrain,template,2026,test_xatk_structural_all,bongo_0424,1,0.999837
bilstm_frozen,advtrain,template,2026,test_xatk_structural_all,bongo_0427,0,0.000401
bilstm_frozen,advtrain,template,2026,test_xatk_structural_all,bongo_0434,1,0.199481
bilstm_frozen,advtrain,template,2026,test_xatk_structural_all,bongo_0463,0,0.007451
bilstm_frozen,advtrain,template,2026,test_xatk_structural_all,bongo_0476,1,0.999862
bilstm_frozen,advtrain,template,2026,test_xatk_structural_all,bongo_0510,1,0.999951
bilstm_frozen,advtrain,template,2026,test_xatk_structural_all,bongo_0531,0,0.000234
bilstm_frozen,advtrain,template,2026,test_xatk_structural_all,bongo_0542,0,0.000018
bilstm_frozen,advtrain,template,2026,test_xatk_structural_all,bongo_0545,0,0.000024
bilstm_frozen,advtrain,template,2026,test_xatk_structural_all,bongo_0560,1,0.999326
bilstm_frozen,advtrain,template,2026,test_xatk_structural_all,bongo_0565,1,0.245919
bilstm_frozen,advtrain,template,2026,test_xatk_structural_all,bongo_0566,1,0.999801
bilstm_frozen,advtrain,template,2026,test_xatk_structural_all,bongo_0571,0,0.000019
bilstm_frozen,advtrain,template,2026,test_xatk_structural_all,bongo_0577,1,0.999955
bilstm_frozen,advtrain,template,2026,test_xatk_structural_all,bongo_0580,1,0.999857
bilstm_frozen,advtrain,template,2026,test_xatk_structural_all,bongo_0621,1,0.999903
bilstm_frozen,advtrain,template,2026,test_xatk_structural_all,bongo_0624,1,0.999948
bilstm_frozen,advtrain,template,2026,test_xatk_structural_all,bongo_0630,0,0.000400
bilstm_frozen,advtrain,template,2026,test_xatk_structural_all,bongo_0638,1,0.999764
bilstm_frozen,advtrain,template,2026,test_xatk_structural_all,bongo_0648,0,0.040359
bilstm_frozen,advtrain,template,2026,test_xatk_structural_all,bongo_0674,0,0.000016
bilstm_frozen,advtrain,template,2026,test_xatk_structural_all,bongo_0685,0,0.039352
bilstm_frozen,advtrain,template,2026,test_xatk_structural_all,bongo_0697,1,0.242425
bilstm_frozen,advtrain,template,2026,test_xatk_structural_all,bongo_0701,0,0.000031
bilstm_frozen,advtrain,template,2026,test_xatk_structural_all,bongo_0706,1,0.231083
bilstm_frozen,advtrain,template,2026,test_xatk_structural_all,bongo_0719,1,0.177179
bilstm_frozen,advtrain,template,2026,test_xatk_structural_all,bongo_0721,1,0.999877
bilstm_frozen,advtrain,template,2026,test_xatk_structural_all,bongo_0724,1,0.221479
bilstm_frozen,advtrain,template,2026,test_xatk_structural_all,bongo_0729,1,0.999922
bilstm_frozen,advtrain,template,2026,test_xatk_structural_all,bongo_0741,0,0.000021
bilstm_frozen,advtrain,template,2026,test_xatk_structural_all,bongo_0749,1,0.220349
bilstm_frozen,advtrain,template,2026,test_xatk_structural_all,bongo_0769,1,0.999945
bilstm_frozen,advtrain,template,2026,test_xatk_structural_all,bongo_0770,1,0.168953
bilstm_frozen,advtrain,template,2026,test_xatk_structural_all,bongo_0778,1,0.218835
bilstm_frozen,advtrain,template,2026,test_xatk_structural_all,bongo_0787,1,0.999492
bilstm_frozen,advtrain,template,2026,test_xatk_structural_all,bongo_0795,0,0.000320
bilstm_frozen,advtrain,template,2026,test_xatk_structural_all,bongo_0806,1,0.999851
bilstm_frozen,advtrain,template,2026,test_xatk_structural_all,bongo_0807,1,0.999937
bilstm_frozen,advtrain,template,2026,test_xatk_structural_all,bongo_0818,0,0.010798
bilstm_frozen,advtrain,template,2026,test_xatk_structural_all,bongo_0819,0,0.000204
bilstm_frozen,advtrain,template,2026,test_xatk_structural_all,bongo_0835,0,0.000019
bilstm_frozen,advtrain,template,2026,test_xatk_structural_all,bongo_0840,1,0.999491
bilstm_frozen,advtrain,template,2026,test_xatk_structural_all,bongo_0855,1,0.444732
bilstm_frozen,advtrain,template,2026,test_xatk_structural_all,bongo_0856,0,0.000092
bilstm_frozen,advtrain,template,2026,test_xatk_structural_all,bongo_0864,1,0.999804
bilstm_frozen,advtrain,template,2026,test_xatk_structural_all,bongo_0871,1,0.999905
bilstm_frozen,advtrain,template,2026,test_xatk_structural_all,bongo_0872,0,0.005578
bilstm_frozen,advtrain,template,2026,test_xatk_structural_all,bongo_0904,0,0.000395
bilstm_frozen,advtrain,template,2026,test_xatk_structural_all,bongo_0905,1,0.999899
bilstm_frozen,advtrain,template,2026,test_xatk_structural_all,bongo_0909,1,0.999940
bilstm_frozen,advtrain,template,2026,test_xatk_structural_all,bongo_0917,1,0.202289
bilstm_frozen,advtrain,template,2026,test_xatk_structural_all,bongo_0918,1,0.999951
bilstm_frozen,advtrain,template,2026,test_xatk_structural_all,bongo_0950,0,0.000038
bilstm_frozen,advtrain,template,2026,test_xatk_structural_all,bongo_0955,1,0.999958
bilstm_frozen,advtrain,template,2026,test_xatk_structural_all,bongo_0956,0,0.000019
bilstm_frozen,advtrain,template,2026,test_xatk_structural_all,bongo_0971,0,0.000023
bilstm_frozen,advtrain,template,2026,test_xatk_structural_all,bongo_0983,0,0.000225
bilstm_frozen,advtrain,template,2026,test_xatk_structural_all,bongo_0989,1,0.999891
bilstm_frozen,advtrain,template,2026,test_xatk_structural_all,bongo_0994,0,0.000564
bilstm_frozen,advtrain,template,2026,test_xatk_structural_all,bongo_1003,1,0.999199
bilstm_frozen,advtrain,template,2026,test_xatk_structural_all,bongo_1006,0,0.000057
bilstm_frozen,advtrain,template,2026,test_xatk_structural_all,bongo_1012,1,0.999613
bilstm_frozen,advtrain,template,2026,test_xatk_structural_all,bongo_1015,0,0.000017
bilstm_frozen,advtrain,template,2026,test_xatk_structural_all,bongo_1022,1,0.999587
bilstm_frozen,advtrain,template,2026,test_xatk_structural_all,bongo_1037,0,0.000065
bilstm_frozen,advtrain,template,2026,test_xatk_structural_all,bongo_1040,0,0.000033
bilstm_frozen,advtrain,template,2026,test_xatk_structural_all,bongo_1042,1,0.999947
bilstm_frozen,advtrain,template,2026,test_xatk_structural_all,bongo_1047,1,0.999887
bilstm_frozen,advtrain,template,2026,test_xatk_structural_all,bongo_1050,0,0.000020
bilstm_frozen,advtrain,template,2026,test_xatk_structural_all,bongo_1052,1,0.999934
bilstm_frozen,advtrain,template,2026,test_xatk_structural_all,bongo_1059,0,0.000011
bilstm_frozen,advtrain,template,2026,test_xatk_structural_all,bongo_1071,0,0.000055
bilstm_frozen,advtrain,template,2026,test_xatk_structural_all,bongo_1090,0,0.000014
bilstm_frozen,advtrain,template,2026,test_xatk_structural_all,bongo_1104,1,0.999930
bilstm_frozen,advtrain,template,2026,test_xatk_structural_all,bongo_1115,0,0.000009
bilstm_frozen,advtrain,template,2026,test_xatk_structural_all,bongo_1123,0,0.000078
bilstm_frozen,advtrain,template,2026,test_xatk_structural_all,bongo_1125,0,0.017005
bilstm_frozen,advtrain,template,2026,test_xatk_structural_all,bongo_1127,1,0.264328
bilstm_frozen,advtrain,template,2026,test_xatk_structural_all,bongo_1131,1,0.999927
bilstm_frozen,advtrain,template,2026,test_xatk_structural_all,bongo_1134,1,0.237546
bilstm_frozen,advtrain,template,2026,test_xatk_structural_all,bongo_1135,0,0.000701
bilstm_frozen,advtrain,template,2026,test_xatk_structural_all,bongo_1136,1,0.999408
bilstm_frozen,advtrain,template,2026,test_xatk_structural_all,bongo_1138,1,0.999901
bilstm_frozen,advtrain,template,2026,test_xatk_structural_all,bongo_1140,1,0.999939
bilstm_frozen,advtrain,template,2026,test_xatk_structural_all,bongo_1154,1,0.999683
bilstm_frozen,advtrain,template,2026,test_xatk_structural_all,bongo_1155,0,0.000022
bilstm_frozen,advtrain,template,2026,test_xatk_structural_all,bongo_1171,1,0.999942
bilstm_frozen,advtrain,template,2026,test_xatk_structural_all,bongo_1181,1,0.999831
bilstm_frozen,advtrain,template,2026,test_xatk_structural_all,bongo_1185,1,0.166305
bilstm_frozen,advtrain,template,2026,test_xatk_structural_all,bongo_1194,0,0.001805
bilstm_frozen,advtrain,template,2026,test_xatk_structural_all,bongo_1195,1,0.244914
bilstm_frozen,advtrain,template,2026,test_xatk_structural_all,bongo_1198,0,0.000271
bilstm_frozen,advtrain,template,2026,test_xatk_structural_all,bongo_1204,1,0.448214
bilstm_frozen,advtrain,template,2026,test_xatk_structural_all,bongo_1220,1,0.999808
bilstm_frozen,advtrain,template,2026,test_xatk_structural_all,bongo_1233,1,0.999806
bilstm_frozen,advtrain,template,2026,test_xatk_structural_all,bongo_1236,0,0.000351
bilstm_frozen,advtrain,template,2026,test_xatk_structural_all,bongo_1240,1,0.213815
bilstm_frozen,advtrain,template,2026,test_xatk_structural_all,bongo_1244,0,0.000030
bilstm_frozen,advtrain,template,2026,test_xatk_structural_all,bongo_1249,0,0.000006
bilstm_frozen,advtrain,template,2026,test_xatk_structural_all,bongo_1253,0,0.016226
bilstm_frozen,advtrain,template,2026,test_xatk_structural_all,bongo_1260,0,0.000035
bilstm_frozen,advtrain,template,2026,test_xatk_structural_all,bongo_1262,0,0.015306
bilstm_frozen,advtrain,template,2026,test_xatk_structural_all,bongo_1278,1,0.226259
bilstm_frozen,advtrain,template,2026,test_xatk_structural_all,bongo_1285,0,0.000022
bilstm_frozen,advtrain,template,2026,test_xatk_structural_all,bongo_1293,1,0.999435
bilstm_frozen,advtrain,template,2026,test_xatk_structural_all,bongo_1316,0,0.000149
bilstm_frozen,advtrain,template,2026,test_xatk_structural_all,bongo_1327,1,0.213683
bilstm_frozen,advtrain,template,2026,test_xatk_structural_all,bongo_1330,0,0.049167
bilstm_frozen,advtrain,template,2026,test_xatk_structural_all,bongo_1359,0,0.000247
bilstm_frozen,advtrain,template,2026,test_xatk_structural_all,bongo_1375,0,0.000046
bilstm_frozen,advtrain,template,2026,test_xatk_codeswitch_all,bongo_0025,1,0.999784
bilstm_frozen,advtrain,template,2026,test_xatk_codeswitch_all,bongo_0029,0,0.046893
bilstm_frozen,advtrain,template,2026,test_xatk_codeswitch_all,bongo_0039,1,0.999729
bilstm_frozen,advtrain,template,2026,test_xatk_codeswitch_all,bongo_0047,1,0.999733
bilstm_frozen,advtrain,template,2026,test_xatk_codeswitch_all,bongo_0053,0,0.000034
bilstm_frozen,advtrain,template,2026,test_xatk_codeswitch_all,bongo_0055,1,0.201830
bilstm_frozen,advtrain,template,2026,test_xatk_codeswitch_all,bongo_0061,1,0.999819
bilstm_frozen,advtrain,template,2026,test_xatk_codeswitch_all,bongo_0097,0,0.000570
bilstm_frozen,advtrain,template,2026,test_xatk_codeswitch_all,bongo_0107,0,0.000012
bilstm_frozen,advtrain,template,2026,test_xatk_codeswitch_all,bongo_0110,0,0.000008
bilstm_frozen,advtrain,template,2026,test_xatk_codeswitch_all,bongo_0112,1,0.234376
bilstm_frozen,advtrain,template,2026,test_xatk_codeswitch_all,bongo_0115,0,0.000156
bilstm_frozen,advtrain,template,2026,test_xatk_codeswitch_all,bongo_0143,0,0.000018
bilstm_frozen,advtrain,template,2026,test_xatk_codeswitch_all,bongo_0146,1,0.999007
bilstm_frozen,advtrain,template,2026,test_xatk_codeswitch_all,bongo_0154,1,0.999622
bilstm_frozen,advtrain,template,2026,test_xatk_codeswitch_all,bongo_0159,1,0.200286
bilstm_frozen,advtrain,template,2026,test_xatk_codeswitch_all,bongo_0160,0,0.000046
bilstm_frozen,advtrain,template,2026,test_xatk_codeswitch_all,bongo_0172,0,0.089296
bilstm_frozen,advtrain,template,2026,test_xatk_codeswitch_all,bongo_0173,1,0.121879
bilstm_frozen,advtrain,template,2026,test_xatk_codeswitch_all,bongo_0175,0,0.000019
bilstm_frozen,advtrain,template,2026,test_xatk_codeswitch_all,bongo_0182,0,0.000006
bilstm_frozen,advtrain,template,2026,test_xatk_codeswitch_all,bongo_0195,1,0.999403
bilstm_frozen,advtrain,template,2026,test_xatk_codeswitch_all,bongo_0197,0,0.000030
bilstm_frozen,advtrain,template,2026,test_xatk_codeswitch_all,bongo_0201,1,0.999834
bilstm_frozen,advtrain,template,2026,test_xatk_codeswitch_all,bongo_0203,1,0.999765
bilstm_frozen,advtrain,template,2026,test_xatk_codeswitch_all,bongo_0250,1,0.200286
bilstm_frozen,advtrain,template,2026,test_xatk_codeswitch_all,bongo_0253,0,0.000562
bilstm_frozen,advtrain,template,2026,test_xatk_codeswitch_all,bongo_0255,1,0.160561
bilstm_frozen,advtrain,template,2026,test_xatk_codeswitch_all,bongo_0265,1,0.111649
bilstm_frozen,advtrain,template,2026,test_xatk_codeswitch_all,bongo_0271,0,0.000027
bilstm_frozen,advtrain,template,2026,test_xatk_codeswitch_all,bongo_0300,0,0.000041
bilstm_frozen,advtrain,template,2026,test_xatk_codeswitch_all,bongo_0306,0,0.000122
bilstm_frozen,advtrain,template,2026,test_xatk_codeswitch_all,bongo_0356,1,0.234713
bilstm_frozen,advtrain,template,2026,test_xatk_codeswitch_all,bongo_0360,1,0.999349
bilstm_frozen,advtrain,template,2026,test_xatk_codeswitch_all,bongo_0361,1,0.999765
bilstm_frozen,advtrain,template,2026,test_xatk_codeswitch_all,bongo_0363,0,0.000042
bilstm_frozen,advtrain,template,2026,test_xatk_codeswitch_all,bongo_0368,0,0.001001
bilstm_frozen,advtrain,template,2026,test_xatk_codeswitch_all,bongo_0372,0,0.000109
bilstm_frozen,advtrain,template,2026,test_xatk_codeswitch_all,bongo_0380,1,0.161443
bilstm_frozen,advtrain,template,2026,test_xatk_codeswitch_all,bongo_0389,0,0.000025
bilstm_frozen,advtrain,template,2026,test_xatk_codeswitch_all,bongo_0395,0,0.000787
bilstm_frozen,advtrain,template,2026,test_xatk_codeswitch_all,bongo_0405,1,0.999784
bilstm_frozen,advtrain,template,2026,test_xatk_codeswitch_all,bongo_0424,1,0.999823
bilstm_frozen,advtrain,template,2026,test_xatk_codeswitch_all,bongo_0427,0,0.000401
bilstm_frozen,advtrain,template,2026,test_xatk_codeswitch_all,bongo_0434,1,0.201830
bilstm_frozen,advtrain,template,2026,test_xatk_codeswitch_all,bongo_0463,0,0.007451
bilstm_frozen,advtrain,template,2026,test_xatk_codeswitch_all,bongo_0476,1,0.999532
bilstm_frozen,advtrain,template,2026,test_xatk_codeswitch_all,bongo_0510,1,0.999837
bilstm_frozen,advtrain,template,2026,test_xatk_codeswitch_all,bongo_0531,0,0.000234
bilstm_frozen,advtrain,template,2026,test_xatk_codeswitch_all,bongo_0542,0,0.000018
bilstm_frozen,advtrain,template,2026,test_xatk_codeswitch_all,bongo_0545,0,0.000024
bilstm_frozen,advtrain,template,2026,test_xatk_codeswitch_all,bongo_0560,1,0.999636
bilstm_frozen,advtrain,template,2026,test_xatk_codeswitch_all,bongo_0565,1,0.175009
bilstm_frozen,advtrain,template,2026,test_xatk_codeswitch_all,bongo_0566,1,0.999603
bilstm_frozen,advtrain,template,2026,test_xatk_codeswitch_all,bongo_0571,0,0.000019
bilstm_frozen,advtrain,template,2026,test_xatk_codeswitch_all,bongo_0577,1,0.999740
bilstm_frozen,advtrain,template,2026,test_xatk_codeswitch_all,bongo_0580,1,0.999380
bilstm_frozen,advtrain,template,2026,test_xatk_codeswitch_all,bongo_0621,1,0.999583
bilstm_frozen,advtrain,template,2026,test_xatk_codeswitch_all,bongo_0624,1,0.999737
bilstm_frozen,advtrain,template,2026,test_xatk_codeswitch_all,bongo_0630,0,0.000400
bilstm_frozen,advtrain,template,2026,test_xatk_codeswitch_all,bongo_0638,1,0.999435
bilstm_frozen,advtrain,template,2026,test_xatk_codeswitch_all,bongo_0648,0,0.040359
bilstm_frozen,advtrain,template,2026,test_xatk_codeswitch_all,bongo_0674,0,0.000016
bilstm_frozen,advtrain,template,2026,test_xatk_codeswitch_all,bongo_0685,0,0.039352
bilstm_frozen,advtrain,template,2026,test_xatk_codeswitch_all,bongo_0697,1,0.175009
bilstm_frozen,advtrain,template,2026,test_xatk_codeswitch_all,bongo_0701,0,0.000031
bilstm_frozen,advtrain,template,2026,test_xatk_codeswitch_all,bongo_0706,1,0.236633
bilstm_frozen,advtrain,template,2026,test_xatk_codeswitch_all,bongo_0719,1,0.161387
bilstm_frozen,advtrain,template,2026,test_xatk_codeswitch_all,bongo_0721,1,0.999310
bilstm_frozen,advtrain,template,2026,test_xatk_codeswitch_all,bongo_0724,1,0.174000
bilstm_frozen,advtrain,template,2026,test_xatk_codeswitch_all,bongo_0729,1,0.999311
bilstm_frozen,advtrain,template,2026,test_xatk_codeswitch_all,bongo_0741,0,0.000021
bilstm_frozen,advtrain,template,2026,test_xatk_codeswitch_all,bongo_0749,1,0.220210
bilstm_frozen,advtrain,template,2026,test_xatk_codeswitch_all,bongo_0769,1,0.999665
bilstm_frozen,advtrain,template,2026,test_xatk_codeswitch_all,bongo_0770,1,0.201830
bilstm_frozen,advtrain,template,2026,test_xatk_codeswitch_all,bongo_0778,1,0.222378
bilstm_frozen,advtrain,template,2026,test_xatk_codeswitch_all,bongo_0787,1,0.999349
bilstm_frozen,advtrain,template,2026,test_xatk_codeswitch_all,bongo_0795,0,0.000320
bilstm_frozen,advtrain,template,2026,test_xatk_codeswitch_all,bongo_0806,1,0.174000
bilstm_frozen,advtrain,template,2026,test_xatk_codeswitch_all,bongo_0807,1,0.999812
bilstm_frozen,advtrain,template,2026,test_xatk_codeswitch_all,bongo_0818,0,0.010798
bilstm_frozen,advtrain,template,2026,test_xatk_codeswitch_all,bongo_0819,0,0.000204
bilstm_frozen,advtrain,template,2026,test_xatk_codeswitch_all,bongo_0835,0,0.000019
bilstm_frozen,advtrain,template,2026,test_xatk_codeswitch_all,bongo_0840,1,0.999348
bilstm_frozen,advtrain,template,2026,test_xatk_codeswitch_all,bongo_0855,1,0.174923
bilstm_frozen,advtrain,template,2026,test_xatk_codeswitch_all,bongo_0856,0,0.000092
bilstm_frozen,advtrain,template,2026,test_xatk_codeswitch_all,bongo_0864,1,0.999727
bilstm_frozen,advtrain,template,2026,test_xatk_codeswitch_all,bongo_0871,1,0.999743
bilstm_frozen,advtrain,template,2026,test_xatk_codeswitch_all,bongo_0872,0,0.005578
bilstm_frozen,advtrain,template,2026,test_xatk_codeswitch_all,bongo_0904,0,0.000395
bilstm_frozen,advtrain,template,2026,test_xatk_codeswitch_all,bongo_0905,1,0.999732
bilstm_frozen,advtrain,template,2026,test_xatk_codeswitch_all,bongo_0909,1,0.999762
bilstm_frozen,advtrain,template,2026,test_xatk_codeswitch_all,bongo_0917,1,0.199175
bilstm_frozen,advtrain,template,2026,test_xatk_codeswitch_all,bongo_0918,1,0.999788
bilstm_frozen,advtrain,template,2026,test_xatk_codeswitch_all,bongo_0950,0,0.000038
bilstm_frozen,advtrain,template,2026,test_xatk_codeswitch_all,bongo_0955,1,0.999827
bilstm_frozen,advtrain,template,2026,test_xatk_codeswitch_all,bongo_0956,0,0.000019
bilstm_frozen,advtrain,template,2026,test_xatk_codeswitch_all,bongo_0971,0,0.000023
bilstm_frozen,advtrain,template,2026,test_xatk_codeswitch_all,bongo_0983,0,0.000225
bilstm_frozen,advtrain,template,2026,test_xatk_codeswitch_all,bongo_0989,1,0.999741
bilstm_frozen,advtrain,template,2026,test_xatk_codeswitch_all,bongo_0994,0,0.000564
bilstm_frozen,advtrain,template,2026,test_xatk_codeswitch_all,bongo_1003,1,0.999641
bilstm_frozen,advtrain,template,2026,test_xatk_codeswitch_all,bongo_1006,0,0.000057
bilstm_frozen,advtrain,template,2026,test_xatk_codeswitch_all,bongo_1012,1,0.220614
bilstm_frozen,advtrain,template,2026,test_xatk_codeswitch_all,bongo_1015,0,0.000017
bilstm_frozen,advtrain,template,2026,test_xatk_codeswitch_all,bongo_1022,1,0.162571
bilstm_frozen,advtrain,template,2026,test_xatk_codeswitch_all,bongo_1037,0,0.000065
bilstm_frozen,advtrain,template,2026,test_xatk_codeswitch_all,bongo_1040,0,0.000033
bilstm_frozen,advtrain,template,2026,test_xatk_codeswitch_all,bongo_1042,1,0.999389
bilstm_frozen,advtrain,template,2026,test_xatk_codeswitch_all,bongo_1047,1,0.999732
bilstm_frozen,advtrain,template,2026,test_xatk_codeswitch_all,bongo_1050,0,0.000020
bilstm_frozen,advtrain,template,2026,test_xatk_codeswitch_all,bongo_1052,1,0.999676
bilstm_frozen,advtrain,template,2026,test_xatk_codeswitch_all,bongo_1059,0,0.000011
bilstm_frozen,advtrain,template,2026,test_xatk_codeswitch_all,bongo_1071,0,0.000055
bilstm_frozen,advtrain,template,2026,test_xatk_codeswitch_all,bongo_1090,0,0.000014
bilstm_frozen,advtrain,template,2026,test_xatk_codeswitch_all,bongo_1104,1,0.999809
bilstm_frozen,advtrain,template,2026,test_xatk_codeswitch_all,bongo_1115,0,0.000009
bilstm_frozen,advtrain,template,2026,test_xatk_codeswitch_all,bongo_1123,0,0.000078
bilstm_frozen,advtrain,template,2026,test_xatk_codeswitch_all,bongo_1125,0,0.017005
bilstm_frozen,advtrain,template,2026,test_xatk_codeswitch_all,bongo_1127,1,0.144867
bilstm_frozen,advtrain,template,2026,test_xatk_codeswitch_all,bongo_1131,1,0.999419
bilstm_frozen,advtrain,template,2026,test_xatk_codeswitch_all,bongo_1134,1,0.232814
bilstm_frozen,advtrain,template,2026,test_xatk_codeswitch_all,bongo_1135,0,0.000701
bilstm_frozen,advtrain,template,2026,test_xatk_codeswitch_all,bongo_1136,1,0.999379
bilstm_frozen,advtrain,template,2026,test_xatk_codeswitch_all,bongo_1138,1,0.999729
bilstm_frozen,advtrain,template,2026,test_xatk_codeswitch_all,bongo_1140,1,0.999744
bilstm_frozen,advtrain,template,2026,test_xatk_codeswitch_all,bongo_1154,1,0.999418
bilstm_frozen,advtrain,template,2026,test_xatk_codeswitch_all,bongo_1155,0,0.000022
bilstm_frozen,advtrain,template,2026,test_xatk_codeswitch_all,bongo_1171,1,0.999809
bilstm_frozen,advtrain,template,2026,test_xatk_codeswitch_all,bongo_1181,1,0.999383
bilstm_frozen,advtrain,template,2026,test_xatk_codeswitch_all,bongo_1185,1,0.160870
bilstm_frozen,advtrain,template,2026,test_xatk_codeswitch_all,bongo_1194,0,0.001805
bilstm_frozen,advtrain,template,2026,test_xatk_codeswitch_all,bongo_1195,1,0.176164
bilstm_frozen,advtrain,template,2026,test_xatk_codeswitch_all,bongo_1198,0,0.000271
bilstm_frozen,advtrain,template,2026,test_xatk_codeswitch_all,bongo_1204,1,0.200402
bilstm_frozen,advtrain,template,2026,test_xatk_codeswitch_all,bongo_1220,1,0.999735
bilstm_frozen,advtrain,template,2026,test_xatk_codeswitch_all,bongo_1233,1,0.999621
bilstm_frozen,advtrain,template,2026,test_xatk_codeswitch_all,bongo_1236,0,0.000351
bilstm_frozen,advtrain,template,2026,test_xatk_codeswitch_all,bongo_1240,1,0.160561
bilstm_frozen,advtrain,template,2026,test_xatk_codeswitch_all,bongo_1244,0,0.000030
bilstm_frozen,advtrain,template,2026,test_xatk_codeswitch_all,bongo_1249,0,0.000006
bilstm_frozen,advtrain,template,2026,test_xatk_codeswitch_all,bongo_1253,0,0.016226
bilstm_frozen,advtrain,template,2026,test_xatk_codeswitch_all,bongo_1260,0,0.000035
bilstm_frozen,advtrain,template,2026,test_xatk_codeswitch_all,bongo_1262,0,0.015306
bilstm_frozen,advtrain,template,2026,test_xatk_codeswitch_all,bongo_1278,1,0.218882
bilstm_frozen,advtrain,template,2026,test_xatk_codeswitch_all,bongo_1285,0,0.000022
bilstm_frozen,advtrain,template,2026,test_xatk_codeswitch_all,bongo_1293,1,0.999379
bilstm_frozen,advtrain,template,2026,test_xatk_codeswitch_all,bongo_1316,0,0.000149
bilstm_frozen,advtrain,template,2026,test_xatk_codeswitch_all,bongo_1327,1,0.199678
bilstm_frozen,advtrain,template,2026,test_xatk_codeswitch_all,bongo_1330,0,0.049167
bilstm_frozen,advtrain,template,2026,test_xatk_codeswitch_all,bongo_1359,0,0.000247
bilstm_frozen,advtrain,template,2026,test_xatk_codeswitch_all,bongo_1375,0,0.000046
bilstm_frozen,advtrain,template,2026,test_unseen_all,bongo_0025,1,0.998685
bilstm_frozen,advtrain,template,2026,test_unseen_all,bongo_0029,0,0.046893
bilstm_frozen,advtrain,template,2026,test_unseen_all,bongo_0039,1,0.947729
bilstm_frozen,advtrain,template,2026,test_unseen_all,bongo_0047,1,0.999774
bilstm_frozen,advtrain,template,2026,test_unseen_all,bongo_0053,0,0.000034
bilstm_frozen,advtrain,template,2026,test_unseen_all,bongo_0055,1,0.023795
bilstm_frozen,advtrain,template,2026,test_unseen_all,bongo_0061,1,0.999788
bilstm_frozen,advtrain,template,2026,test_unseen_all,bongo_0097,0,0.000570
bilstm_frozen,advtrain,template,2026,test_unseen_all,bongo_0107,0,0.000012
bilstm_frozen,advtrain,template,2026,test_unseen_all,bongo_0110,0,0.000008
bilstm_frozen,advtrain,template,2026,test_unseen_all,bongo_0112,1,0.125886
bilstm_frozen,advtrain,template,2026,test_unseen_all,bongo_0115,0,0.000156
bilstm_frozen,advtrain,template,2026,test_unseen_all,bongo_0143,0,0.000018
bilstm_frozen,advtrain,template,2026,test_unseen_all,bongo_0146,1,0.999609
bilstm_frozen,advtrain,template,2026,test_unseen_all,bongo_0154,1,0.999720
bilstm_frozen,advtrain,template,2026,test_unseen_all,bongo_0159,1,0.068241
bilstm_frozen,advtrain,template,2026,test_unseen_all,bongo_0160,0,0.000046
bilstm_frozen,advtrain,template,2026,test_unseen_all,bongo_0172,0,0.089296
bilstm_frozen,advtrain,template,2026,test_unseen_all,bongo_0173,1,0.037564
bilstm_frozen,advtrain,template,2026,test_unseen_all,bongo_0175,0,0.000019
bilstm_frozen,advtrain,template,2026,test_unseen_all,bongo_0182,0,0.000006
bilstm_frozen,advtrain,template,2026,test_unseen_all,bongo_0195,1,0.414336
bilstm_frozen,advtrain,template,2026,test_unseen_all,bongo_0197,0,0.000030
bilstm_frozen,advtrain,template,2026,test_unseen_all,bongo_0201,1,0.982654
bilstm_frozen,advtrain,template,2026,test_unseen_all,bongo_0203,1,0.999450
bilstm_frozen,advtrain,template,2026,test_unseen_all,bongo_0250,1,0.116070
bilstm_frozen,advtrain,template,2026,test_unseen_all,bongo_0253,0,0.000562
bilstm_frozen,advtrain,template,2026,test_unseen_all,bongo_0255,1,0.023858
bilstm_frozen,advtrain,template,2026,test_unseen_all,bongo_0265,1,0.037462
bilstm_frozen,advtrain,template,2026,test_unseen_all,bongo_0271,0,0.000027
bilstm_frozen,advtrain,template,2026,test_unseen_all,bongo_0300,0,0.000041
bilstm_frozen,advtrain,template,2026,test_unseen_all,bongo_0306,0,0.000122
bilstm_frozen,advtrain,template,2026,test_unseen_all,bongo_0356,1,0.081043
bilstm_frozen,advtrain,template,2026,test_unseen_all,bongo_0360,1,0.999093
bilstm_frozen,advtrain,template,2026,test_unseen_all,bongo_0361,1,0.998877
bilstm_frozen,advtrain,template,2026,test_unseen_all,bongo_0363,0,0.000042
bilstm_frozen,advtrain,template,2026,test_unseen_all,bongo_0368,0,0.001001
bilstm_frozen,advtrain,template,2026,test_unseen_all,bongo_0372,0,0.000109
bilstm_frozen,advtrain,template,2026,test_unseen_all,bongo_0380,1,0.022119
bilstm_frozen,advtrain,template,2026,test_unseen_all,bongo_0389,0,0.000025
bilstm_frozen,advtrain,template,2026,test_unseen_all,bongo_0395,0,0.000787
bilstm_frozen,advtrain,template,2026,test_unseen_all,bongo_0405,1,0.998226
bilstm_frozen,advtrain,template,2026,test_unseen_all,bongo_0424,1,0.995919
bilstm_frozen,advtrain,template,2026,test_unseen_all,bongo_0427,0,0.000401
bilstm_frozen,advtrain,template,2026,test_unseen_all,bongo_0434,1,0.114516
bilstm_frozen,advtrain,template,2026,test_unseen_all,bongo_0463,0,0.007451
bilstm_frozen,advtrain,template,2026,test_unseen_all,bongo_0476,1,0.999091
bilstm_frozen,advtrain,template,2026,test_unseen_all,bongo_0510,1,0.999461
bilstm_frozen,advtrain,template,2026,test_unseen_all,bongo_0531,0,0.000234
bilstm_frozen,advtrain,template,2026,test_unseen_all,bongo_0542,0,0.000018
bilstm_frozen,advtrain,template,2026,test_unseen_all,bongo_0545,0,0.000024
bilstm_frozen,advtrain,template,2026,test_unseen_all,bongo_0560,1,0.997639
bilstm_frozen,advtrain,template,2026,test_unseen_all,bongo_0565,1,0.171702
bilstm_frozen,advtrain,template,2026,test_unseen_all,bongo_0566,1,0.999864
bilstm_frozen,advtrain,template,2026,test_unseen_all,bongo_0571,0,0.000019
bilstm_frozen,advtrain,template,2026,test_unseen_all,bongo_0577,1,0.974932
bilstm_frozen,advtrain,template,2026,test_unseen_all,bongo_0580,1,0.399654
bilstm_frozen,advtrain,template,2026,test_unseen_all,bongo_0621,1,0.999306
bilstm_frozen,advtrain,template,2026,test_unseen_all,bongo_0624,1,0.999519
bilstm_frozen,advtrain,template,2026,test_unseen_all,bongo_0630,0,0.000400
bilstm_frozen,advtrain,template,2026,test_unseen_all,bongo_0638,1,0.998887
bilstm_frozen,advtrain,template,2026,test_unseen_all,bongo_0648,0,0.040359
bilstm_frozen,advtrain,template,2026,test_unseen_all,bongo_0674,0,0.000016
bilstm_frozen,advtrain,template,2026,test_unseen_all,bongo_0685,0,0.039352
bilstm_frozen,advtrain,template,2026,test_unseen_all,bongo_0697,1,0.156603
bilstm_frozen,advtrain,template,2026,test_unseen_all,bongo_0701,0,0.000031
bilstm_frozen,advtrain,template,2026,test_unseen_all,bongo_0706,1,0.104706
bilstm_frozen,advtrain,template,2026,test_unseen_all,bongo_0719,1,0.018282
bilstm_frozen,advtrain,template,2026,test_unseen_all,bongo_0721,1,0.852462
bilstm_frozen,advtrain,template,2026,test_unseen_all,bongo_0724,1,0.148495
bilstm_frozen,advtrain,template,2026,test_unseen_all,bongo_0729,1,0.491475
bilstm_frozen,advtrain,template,2026,test_unseen_all,bongo_0741,0,0.000021
bilstm_frozen,advtrain,template,2026,test_unseen_all,bongo_0749,1,0.068959
bilstm_frozen,advtrain,template,2026,test_unseen_all,bongo_0769,1,0.999571
bilstm_frozen,advtrain,template,2026,test_unseen_all,bongo_0770,1,0.068911
bilstm_frozen,advtrain,template,2026,test_unseen_all,bongo_0778,1,0.135931
bilstm_frozen,advtrain,template,2026,test_unseen_all,bongo_0787,1,0.998888
bilstm_frozen,advtrain,template,2026,test_unseen_all,bongo_0795,0,0.000320
bilstm_frozen,advtrain,template,2026,test_unseen_all,bongo_0806,1,0.215983
bilstm_frozen,advtrain,template,2026,test_unseen_all,bongo_0807,1,0.999621
bilstm_frozen,advtrain,template,2026,test_unseen_all,bongo_0818,0,0.010798
bilstm_frozen,advtrain,template,2026,test_unseen_all,bongo_0819,0,0.000204
bilstm_frozen,advtrain,template,2026,test_unseen_all,bongo_0835,0,0.000019
bilstm_frozen,advtrain,template,2026,test_unseen_all,bongo_0840,1,0.999119
bilstm_frozen,advtrain,template,2026,test_unseen_all,bongo_0855,1,0.217348
bilstm_frozen,advtrain,template,2026,test_unseen_all,bongo_0856,0,0.000092
bilstm_frozen,advtrain,template,2026,test_unseen_all,bongo_0864,1,0.963290
bilstm_frozen,advtrain,template,2026,test_unseen_all,bongo_0871,1,0.999513
bilstm_frozen,advtrain,template,2026,test_unseen_all,bongo_0872,0,0.005578
bilstm_frozen,advtrain,template,2026,test_unseen_all,bongo_0904,0,0.000395
bilstm_frozen,advtrain,template,2026,test_unseen_all,bongo_0905,1,0.997736
bilstm_frozen,advtrain,template,2026,test_unseen_all,bongo_0909,1,0.997758
bilstm_frozen,advtrain,template,2026,test_unseen_all,bongo_0917,1,0.110383
bilstm_frozen,advtrain,template,2026,test_unseen_all,bongo_0918,1,0.998856
bilstm_frozen,advtrain,template,2026,test_unseen_all,bongo_0950,0,0.000038
bilstm_frozen,advtrain,template,2026,test_unseen_all,bongo_0955,1,0.979506
bilstm_frozen,advtrain,template,2026,test_unseen_all,bongo_0956,0,0.000019
bilstm_frozen,advtrain,template,2026,test_unseen_all,bongo_0971,0,0.000023
bilstm_frozen,advtrain,template,2026,test_unseen_all,bongo_0983,0,0.000225
bilstm_frozen,advtrain,template,2026,test_unseen_all,bongo_0989,1,0.999367
bilstm_frozen,advtrain,template,2026,test_unseen_all,bongo_0994,0,0.000564
bilstm_frozen,advtrain,template,2026,test_unseen_all,bongo_1003,1,0.998196
bilstm_frozen,advtrain,template,2026,test_unseen_all,bongo_1006,0,0.000057
bilstm_frozen,advtrain,template,2026,test_unseen_all,bongo_1012,1,0.093568
bilstm_frozen,advtrain,template,2026,test_unseen_all,bongo_1015,0,0.000017
bilstm_frozen,advtrain,template,2026,test_unseen_all,bongo_1022,1,0.039128
bilstm_frozen,advtrain,template,2026,test_unseen_all,bongo_1037,0,0.000065
bilstm_frozen,advtrain,template,2026,test_unseen_all,bongo_1040,0,0.000033
bilstm_frozen,advtrain,template,2026,test_unseen_all,bongo_1042,1,0.784896
bilstm_frozen,advtrain,template,2026,test_unseen_all,bongo_1047,1,0.999429
bilstm_frozen,advtrain,template,2026,test_unseen_all,bongo_1050,0,0.000020
bilstm_frozen,advtrain,template,2026,test_unseen_all,bongo_1052,1,0.999630
bilstm_frozen,advtrain,template,2026,test_unseen_all,bongo_1059,0,0.000011
bilstm_frozen,advtrain,template,2026,test_unseen_all,bongo_1071,0,0.000055
bilstm_frozen,advtrain,template,2026,test_unseen_all,bongo_1090,0,0.000014
bilstm_frozen,advtrain,template,2026,test_unseen_all,bongo_1104,1,0.997544
bilstm_frozen,advtrain,template,2026,test_unseen_all,bongo_1115,0,0.000009
bilstm_frozen,advtrain,template,2026,test_unseen_all,bongo_1123,0,0.000078
bilstm_frozen,advtrain,template,2026,test_unseen_all,bongo_1125,0,0.017005
bilstm_frozen,advtrain,template,2026,test_unseen_all,bongo_1127,1,0.099269
bilstm_frozen,advtrain,template,2026,test_unseen_all,bongo_1131,1,0.781728
bilstm_frozen,advtrain,template,2026,test_unseen_all,bongo_1134,1,0.107220
bilstm_frozen,advtrain,template,2026,test_unseen_all,bongo_1135,0,0.000701
bilstm_frozen,advtrain,template,2026,test_unseen_all,bongo_1136,1,0.999633
bilstm_frozen,advtrain,template,2026,test_unseen_all,bongo_1138,1,0.998158
bilstm_frozen,advtrain,template,2026,test_unseen_all,bongo_1140,1,0.998311
bilstm_frozen,advtrain,template,2026,test_unseen_all,bongo_1154,1,0.610177
bilstm_frozen,advtrain,template,2026,test_unseen_all,bongo_1155,0,0.000022
bilstm_frozen,advtrain,template,2026,test_unseen_all,bongo_1171,1,0.994498
bilstm_frozen,advtrain,template,2026,test_unseen_all,bongo_1181,1,0.998357
bilstm_frozen,advtrain,template,2026,test_unseen_all,bongo_1185,1,0.079356
bilstm_frozen,advtrain,template,2026,test_unseen_all,bongo_1194,0,0.001805
bilstm_frozen,advtrain,template,2026,test_unseen_all,bongo_1195,1,0.073854
bilstm_frozen,advtrain,template,2026,test_unseen_all,bongo_1198,0,0.000271
bilstm_frozen,advtrain,template,2026,test_unseen_all,bongo_1204,1,0.085021
bilstm_frozen,advtrain,template,2026,test_unseen_all,bongo_1220,1,0.998100
bilstm_frozen,advtrain,template,2026,test_unseen_all,bongo_1233,1,0.999881
bilstm_frozen,advtrain,template,2026,test_unseen_all,bongo_1236,0,0.000351
bilstm_frozen,advtrain,template,2026,test_unseen_all,bongo_1240,1,0.046489
bilstm_frozen,advtrain,template,2026,test_unseen_all,bongo_1244,0,0.000030
bilstm_frozen,advtrain,template,2026,test_unseen_all,bongo_1249,0,0.000006
bilstm_frozen,advtrain,template,2026,test_unseen_all,bongo_1253,0,0.016226
bilstm_frozen,advtrain,template,2026,test_unseen_all,bongo_1260,0,0.000035
bilstm_frozen,advtrain,template,2026,test_unseen_all,bongo_1262,0,0.015306
bilstm_frozen,advtrain,template,2026,test_unseen_all,bongo_1278,1,0.037120
bilstm_frozen,advtrain,template,2026,test_unseen_all,bongo_1285,0,0.000022
bilstm_frozen,advtrain,template,2026,test_unseen_all,bongo_1293,1,0.999641
bilstm_frozen,advtrain,template,2026,test_unseen_all,bongo_1316,0,0.000149
bilstm_frozen,advtrain,template,2026,test_unseen_all,bongo_1327,1,0.080604
bilstm_frozen,advtrain,template,2026,test_unseen_all,bongo_1330,0,0.049167
bilstm_frozen,advtrain,template,2026,test_unseen_all,bongo_1359,0,0.000247
bilstm_frozen,advtrain,template,2026,test_unseen_all,bongo_1375,0,0.000046
bilstm_frozen,advtrain,template,2026,test_unseen_all+norm,bongo_0025,1,0.998685
bilstm_frozen,advtrain,template,2026,test_unseen_all+norm,bongo_0029,0,0.046893
bilstm_frozen,advtrain,template,2026,test_unseen_all+norm,bongo_0039,1,0.947729
bilstm_frozen,advtrain,template,2026,test_unseen_all+norm,bongo_0047,1,0.999774
bilstm_frozen,advtrain,template,2026,test_unseen_all+norm,bongo_0053,0,0.000034
bilstm_frozen,advtrain,template,2026,test_unseen_all+norm,bongo_0055,1,0.023795
bilstm_frozen,advtrain,template,2026,test_unseen_all+norm,bongo_0061,1,0.999788
bilstm_frozen,advtrain,template,2026,test_unseen_all+norm,bongo_0097,0,0.000570
bilstm_frozen,advtrain,template,2026,test_unseen_all+norm,bongo_0107,0,0.000012
bilstm_frozen,advtrain,template,2026,test_unseen_all+norm,bongo_0110,0,0.000008
bilstm_frozen,advtrain,template,2026,test_unseen_all+norm,bongo_0112,1,0.125886
bilstm_frozen,advtrain,template,2026,test_unseen_all+norm,bongo_0115,0,0.000156
bilstm_frozen,advtrain,template,2026,test_unseen_all+norm,bongo_0143,0,0.000018
bilstm_frozen,advtrain,template,2026,test_unseen_all+norm,bongo_0146,1,0.999609
bilstm_frozen,advtrain,template,2026,test_unseen_all+norm,bongo_0154,1,0.999720
bilstm_frozen,advtrain,template,2026,test_unseen_all+norm,bongo_0159,1,0.068241
bilstm_frozen,advtrain,template,2026,test_unseen_all+norm,bongo_0160,0,0.000046
bilstm_frozen,advtrain,template,2026,test_unseen_all+norm,bongo_0172,0,0.089296
bilstm_frozen,advtrain,template,2026,test_unseen_all+norm,bongo_0173,1,0.037564
bilstm_frozen,advtrain,template,2026,test_unseen_all+norm,bongo_0175,0,0.000019
bilstm_frozen,advtrain,template,2026,test_unseen_all+norm,bongo_0182,0,0.000006
bilstm_frozen,advtrain,template,2026,test_unseen_all+norm,bongo_0195,1,0.414336
bilstm_frozen,advtrain,template,2026,test_unseen_all+norm,bongo_0197,0,0.000030
bilstm_frozen,advtrain,template,2026,test_unseen_all+norm,bongo_0201,1,0.982654
bilstm_frozen,advtrain,template,2026,test_unseen_all+norm,bongo_0203,1,0.999450
bilstm_frozen,advtrain,template,2026,test_unseen_all+norm,bongo_0250,1,0.116070
bilstm_frozen,advtrain,template,2026,test_unseen_all+norm,bongo_0253,0,0.000562
bilstm_frozen,advtrain,template,2026,test_unseen_all+norm,bongo_0255,1,0.023858
bilstm_frozen,advtrain,template,2026,test_unseen_all+norm,bongo_0265,1,0.037462
bilstm_frozen,advtrain,template,2026,test_unseen_all+norm,bongo_0271,0,0.000027
bilstm_frozen,advtrain,template,2026,test_unseen_all+norm,bongo_0300,0,0.000041
bilstm_frozen,advtrain,template,2026,test_unseen_all+norm,bongo_0306,0,0.000122
bilstm_frozen,advtrain,template,2026,test_unseen_all+norm,bongo_0356,1,0.081043
bilstm_frozen,advtrain,template,2026,test_unseen_all+norm,bongo_0360,1,0.999093
bilstm_frozen,advtrain,template,2026,test_unseen_all+norm,bongo_0361,1,0.998877
bilstm_frozen,advtrain,template,2026,test_unseen_all+norm,bongo_0363,0,0.000042
bilstm_frozen,advtrain,template,2026,test_unseen_all+norm,bongo_0368,0,0.001001
bilstm_frozen,advtrain,template,2026,test_unseen_all+norm,bongo_0372,0,0.000109
bilstm_frozen,advtrain,template,2026,test_unseen_all+norm,bongo_0380,1,0.022119
bilstm_frozen,advtrain,template,2026,test_unseen_all+norm,bongo_0389,0,0.000025
bilstm_frozen,advtrain,template,2026,test_unseen_all+norm,bongo_0395,0,0.000787
bilstm_frozen,advtrain,template,2026,test_unseen_all+norm,bongo_0405,1,0.998226
bilstm_frozen,advtrain,template,2026,test_unseen_all+norm,bongo_0424,1,0.995919
bilstm_frozen,advtrain,template,2026,test_unseen_all+norm,bongo_0427,0,0.000401
bilstm_frozen,advtrain,template,2026,test_unseen_all+norm,bongo_0434,1,0.114516
bilstm_frozen,advtrain,template,2026,test_unseen_all+norm,bongo_0463,0,0.007451
bilstm_frozen,advtrain,template,2026,test_unseen_all+norm,bongo_0476,1,0.999091
bilstm_frozen,advtrain,template,2026,test_unseen_all+norm,bongo_0510,1,0.999461
bilstm_frozen,advtrain,template,2026,test_unseen_all+norm,bongo_0531,0,0.000234
bilstm_frozen,advtrain,template,2026,test_unseen_all+norm,bongo_0542,0,0.000018
bilstm_frozen,advtrain,template,2026,test_unseen_all+norm,bongo_0545,0,0.000024
bilstm_frozen,advtrain,template,2026,test_unseen_all+norm,bongo_0560,1,0.997639
bilstm_frozen,advtrain,template,2026,test_unseen_all+norm,bongo_0565,1,0.171702
bilstm_frozen,advtrain,template,2026,test_unseen_all+norm,bongo_0566,1,0.999864
bilstm_frozen,advtrain,template,2026,test_unseen_all+norm,bongo_0571,0,0.000019
bilstm_frozen,advtrain,template,2026,test_unseen_all+norm,bongo_0577,1,0.974932
bilstm_frozen,advtrain,template,2026,test_unseen_all+norm,bongo_0580,1,0.399654
bilstm_frozen,advtrain,template,2026,test_unseen_all+norm,bongo_0621,1,0.999306
bilstm_frozen,advtrain,template,2026,test_unseen_all+norm,bongo_0624,1,0.999519
bilstm_frozen,advtrain,template,2026,test_unseen_all+norm,bongo_0630,0,0.000400
bilstm_frozen,advtrain,template,2026,test_unseen_all+norm,bongo_0638,1,0.998887
bilstm_frozen,advtrain,template,2026,test_unseen_all+norm,bongo_0648,0,0.040359
bilstm_frozen,advtrain,template,2026,test_unseen_all+norm,bongo_0674,0,0.000016
bilstm_frozen,advtrain,template,2026,test_unseen_all+norm,bongo_0685,0,0.039352
bilstm_frozen,advtrain,template,2026,test_unseen_all+norm,bongo_0697,1,0.156603
bilstm_frozen,advtrain,template,2026,test_unseen_all+norm,bongo_0701,0,0.000031
bilstm_frozen,advtrain,template,2026,test_unseen_all+norm,bongo_0706,1,0.104706
bilstm_frozen,advtrain,template,2026,test_unseen_all+norm,bongo_0719,1,0.018282
bilstm_frozen,advtrain,template,2026,test_unseen_all+norm,bongo_0721,1,0.852462
bilstm_frozen,advtrain,template,2026,test_unseen_all+norm,bongo_0724,1,0.148495
bilstm_frozen,advtrain,template,2026,test_unseen_all+norm,bongo_0729,1,0.491475
bilstm_frozen,advtrain,template,2026,test_unseen_all+norm,bongo_0741,0,0.000021
bilstm_frozen,advtrain,template,2026,test_unseen_all+norm,bongo_0749,1,0.068959
bilstm_frozen,advtrain,template,2026,test_unseen_all+norm,bongo_0769,1,0.999571
bilstm_frozen,advtrain,template,2026,test_unseen_all+norm,bongo_0770,1,0.068911
bilstm_frozen,advtrain,template,2026,test_unseen_all+norm,bongo_0778,1,0.135931
bilstm_frozen,advtrain,template,2026,test_unseen_all+norm,bongo_0787,1,0.998888
bilstm_frozen,advtrain,template,2026,test_unseen_all+norm,bongo_0795,0,0.000320
bilstm_frozen,advtrain,template,2026,test_unseen_all+norm,bongo_0806,1,0.215983
bilstm_frozen,advtrain,template,2026,test_unseen_all+norm,bongo_0807,1,0.999621
bilstm_frozen,advtrain,template,2026,test_unseen_all+norm,bongo_0818,0,0.010798
bilstm_frozen,advtrain,template,2026,test_unseen_all+norm,bongo_0819,0,0.000204
bilstm_frozen,advtrain,template,2026,test_unseen_all+norm,bongo_0835,0,0.000019
bilstm_frozen,advtrain,template,2026,test_unseen_all+norm,bongo_0840,1,0.999119
bilstm_frozen,advtrain,template,2026,test_unseen_all+norm,bongo_0855,1,0.217348
bilstm_frozen,advtrain,template,2026,test_unseen_all+norm,bongo_0856,0,0.000092
bilstm_frozen,advtrain,template,2026,test_unseen_all+norm,bongo_0864,1,0.963290
bilstm_frozen,advtrain,template,2026,test_unseen_all+norm,bongo_0871,1,0.999513
bilstm_frozen,advtrain,template,2026,test_unseen_all+norm,bongo_0872,0,0.005578
bilstm_frozen,advtrain,template,2026,test_unseen_all+norm,bongo_0904,0,0.000395
bilstm_frozen,advtrain,template,2026,test_unseen_all+norm,bongo_0905,1,0.997736
bilstm_frozen,advtrain,template,2026,test_unseen_all+norm,bongo_0909,1,0.997758
bilstm_frozen,advtrain,template,2026,test_unseen_all+norm,bongo_0917,1,0.110383
bilstm_frozen,advtrain,template,2026,test_unseen_all+norm,bongo_0918,1,0.998856
bilstm_frozen,advtrain,template,2026,test_unseen_all+norm,bongo_0950,0,0.000038
bilstm_frozen,advtrain,template,2026,test_unseen_all+norm,bongo_0955,1,0.979506
bilstm_frozen,advtrain,template,2026,test_unseen_all+norm,bongo_0956,0,0.000019
bilstm_frozen,advtrain,template,2026,test_unseen_all+norm,bongo_0971,0,0.000023
bilstm_frozen,advtrain,template,2026,test_unseen_all+norm,bongo_0983,0,0.000225
bilstm_frozen,advtrain,template,2026,test_unseen_all+norm,bongo_0989,1,0.999367
bilstm_frozen,advtrain,template,2026,test_unseen_all+norm,bongo_0994,0,0.000564
bilstm_frozen,advtrain,template,2026,test_unseen_all+norm,bongo_1003,1,0.998196
bilstm_frozen,advtrain,template,2026,test_unseen_all+norm,bongo_1006,0,0.000057
bilstm_frozen,advtrain,template,2026,test_unseen_all+norm,bongo_1012,1,0.093568
bilstm_frozen,advtrain,template,2026,test_unseen_all+norm,bongo_1015,0,0.000017
bilstm_frozen,advtrain,template,2026,test_unseen_all+norm,bongo_1022,1,0.039128
bilstm_frozen,advtrain,template,2026,test_unseen_all+norm,bongo_1037,0,0.000065
bilstm_frozen,advtrain,template,2026,test_unseen_all+norm,bongo_1040,0,0.000033
bilstm_frozen,advtrain,template,2026,test_unseen_all+norm,bongo_1042,1,0.784896
bilstm_frozen,advtrain,template,2026,test_unseen_all+norm,bongo_1047,1,0.999429
bilstm_frozen,advtrain,template,2026,test_unseen_all+norm,bongo_1050,0,0.000020
bilstm_frozen,advtrain,template,2026,test_unseen_all+norm,bongo_1052,1,0.999630
bilstm_frozen,advtrain,template,2026,test_unseen_all+norm,bongo_1059,0,0.000011
bilstm_frozen,advtrain,template,2026,test_unseen_all+norm,bongo_1071,0,0.000055
bilstm_frozen,advtrain,template,2026,test_unseen_all+norm,bongo_1090,0,0.000014
bilstm_frozen,advtrain,template,2026,test_unseen_all+norm,bongo_1104,1,0.997544
bilstm_frozen,advtrain,template,2026,test_unseen_all+norm,bongo_1115,0,0.000009
bilstm_frozen,advtrain,template,2026,test_unseen_all+norm,bongo_1123,0,0.000078
bilstm_frozen,advtrain,template,2026,test_unseen_all+norm,bongo_1125,0,0.017005
bilstm_frozen,advtrain,template,2026,test_unseen_all+norm,bongo_1127,1,0.099269
bilstm_frozen,advtrain,template,2026,test_unseen_all+norm,bongo_1131,1,0.781728
bilstm_frozen,advtrain,template,2026,test_unseen_all+norm,bongo_1134,1,0.107220
bilstm_frozen,advtrain,template,2026,test_unseen_all+norm,bongo_1135,0,0.000701
bilstm_frozen,advtrain,template,2026,test_unseen_all+norm,bongo_1136,1,0.999633
bilstm_frozen,advtrain,template,2026,test_unseen_all+norm,bongo_1138,1,0.998158
bilstm_frozen,advtrain,template,2026,test_unseen_all+norm,bongo_1140,1,0.998311
bilstm_frozen,advtrain,template,2026,test_unseen_all+norm,bongo_1154,1,0.610177
bilstm_frozen,advtrain,template,2026,test_unseen_all+norm,bongo_1155,0,0.000022
bilstm_frozen,advtrain,template,2026,test_unseen_all+norm,bongo_1171,1,0.994498
bilstm_frozen,advtrain,template,2026,test_unseen_all+norm,bongo_1181,1,0.998357
bilstm_frozen,advtrain,template,2026,test_unseen_all+norm,bongo_1185,1,0.079356
bilstm_frozen,advtrain,template,2026,test_unseen_all+norm,bongo_1194,0,0.001805
bilstm_frozen,advtrain,template,2026,test_unseen_all+norm,bongo_1195,1,0.073854
bilstm_frozen,advtrain,template,2026,test_unseen_all+norm,bongo_1198,0,0.000271
bilstm_frozen,advtrain,template,2026,test_unseen_all+norm,bongo_1204,1,0.085021
bilstm_frozen,advtrain,template,2026,test_unseen_all+norm,bongo_1220,1,0.998100
bilstm_frozen,advtrain,template,2026,test_unseen_all+norm,bongo_1233,1,0.999881
bilstm_frozen,advtrain,template,2026,test_unseen_all+norm,bongo_1236,0,0.000351
bilstm_frozen,advtrain,template,2026,test_unseen_all+norm,bongo_1240,1,0.046489
bilstm_frozen,advtrain,template,2026,test_unseen_all+norm,bongo_1244,0,0.000030
bilstm_frozen,advtrain,template,2026,test_unseen_all+norm,bongo_1249,0,0.000006
bilstm_frozen,advtrain,template,2026,test_unseen_all+norm,bongo_1253,0,0.016226
bilstm_frozen,advtrain,template,2026,test_unseen_all+norm,bongo_1260,0,0.000035
bilstm_frozen,advtrain,template,2026,test_unseen_all+norm,bongo_1262,0,0.015306
bilstm_frozen,advtrain,template,2026,test_unseen_all+norm,bongo_1278,1,0.037120
bilstm_frozen,advtrain,template,2026,test_unseen_all+norm,bongo_1285,0,0.000022
bilstm_frozen,advtrain,template,2026,test_unseen_all+norm,bongo_1293,1,0.999641
bilstm_frozen,advtrain,template,2026,test_unseen_all+norm,bongo_1316,0,0.000149
bilstm_frozen,advtrain,template,2026,test_unseen_all+norm,bongo_1327,1,0.080604
bilstm_frozen,advtrain,template,2026,test_unseen_all+norm,bongo_1330,0,0.049167
bilstm_frozen,advtrain,template,2026,test_unseen_all+norm,bongo_1359,0,0.000247
bilstm_frozen,advtrain,template,2026,test_unseen_all+norm,bongo_1375,0,0.000046
