model,variant,split,seed,set,id,label,prob
bilstm_finetuned,counterfactual,template,2026,val,bongo_0004,1,0.999972
bilstm_finetuned,counterfactual,template,2026,val,bongo_0007,1,0.999934
bilstm_finetuned,counterfactual,template,2026,val,bongo_0008,0,0.000041
bilstm_finetuned,counterfactual,template,2026,val,bongo_0031,1,0.999972
bilstm_finetuned,counterfactual,template,2026,val,bongo_0033,0,0.000026
bilstm_finetuned,counterfactual,template,2026,val,bongo_0036,1,0.999949
bilstm_finetuned,counterfactual,template,2026,val,bongo_0046,1,0.999972
bilstm_finetuned,counterfactual,template,2026,val,bongo_0052,1,0.999958
bilstm_finetuned,counterfactual,template,2026,val,bongo_0057,1,0.999899
bilstm_finetuned,counterfactual,template,2026,val,bongo_0063,0,0.000036
bilstm_finetuned,counterfactual,template,2026,val,bongo_0065,0,0.000054
bilstm_finetuned,counterfactual,template,2026,val,bongo_0076,0,0.000023
bilstm_finetuned,counterfactual,template,2026,val,bongo_0081,0,0.000030
bilstm_finetuned,counterfactual,template,2026,val,bongo_0088,1,0.999958
bilstm_finetuned,counterfactual,template,2026,val,bongo_0089,1,0.999972
bilstm_finetuned,counterfactual,template,2026,val,bongo_0095,0,0.000016
bilstm_finetuned,counterfactual,template,2026,val,bongo_0101,1,0.999880
bilstm_finetuned,counterfactual,template,2026,val,bongo_0102,1,0.999989
bilstm_finetuned,counterfactual,template,2026,val,bongo_0103,1,0.999652
bilstm_finetuned,counterfactual,template,2026,val,bongo_0105,0,0.000026
bilstm_finetuned,counterfactual,template,2026,val,bongo_0111,0,0.000028
bilstm_finetuned,counterfactual,template,2026,val,bongo_0120,1,0.999972
bilstm_finetuned,counterfactual,template,2026,val,bongo_0121,0,0.000060
bilstm_finetuned,counterfactual,template,2026,val,bongo_0127,0,0.000012
bilstm_finetuned,counterfactual,template,2026,val,bongo_0145,0,0.000033
bilstm_finetuned,counterfactual,template,2026,val,bongo_0148,0,0.002442
bilstm_finetuned,counterfactual,template,2026,val,bongo_0181,1,0.999288
bilstm_finetuned,counterfactual,template,2026,val,bongo_0186,0,0.000026
bilstm_finetuned,counterfactual,template,2026,val,bongo_0191,0,0.000025
bilstm_finetuned,counterfactual,template,2026,val,bongo_0210,1,0.999940
bilstm_finetuned,counterfactual,template,2026,val,bongo_0226,1,0.999972
bilstm_finetuned,counterfactual,template,2026,val,bongo_0228,1,0.999972
bilstm_finetuned,counterfactual,template,2026,val,bongo_0235,1,0.999972
bilstm_finetuned,counterfactual,template,2026,val,bongo_0243,1,0.999985
bilstm_finetuned,counterfactual,template,2026,val,bongo_0247,1,0.999973
bilstm_finetuned,counterfactual,template,2026,val,bongo_0248,1,0.999989
bilstm_finetuned,counterfactual,template,2026,val,bongo_0264,0,0.000266
bilstm_finetuned,counterfactual,template,2026,val,bongo_0275,0,0.000037
bilstm_finetuned,counterfactual,template,2026,val,bongo_0278,1,0.999985
bilstm_finetuned,counterfactual,template,2026,val,bongo_0312,1,0.999972
bilstm_finetuned,counterfactual,template,2026,val,bongo_0315,1,0.999949
bilstm_finetuned,counterfactual,template,2026,val,bongo_0319,1,0.999988
bilstm_finetuned,counterfactual,template,2026,val,bongo_0353,1,0.999982
bilstm_finetuned,counterfactual,template,2026,val,bongo_0370,1,0.999915
bilstm_finetuned,counterfactual,template,2026,val,bongo_0377,1,0.999856
bilstm_finetuned,counterfactual,template,2026,val,bongo_0393,0,0.000036
bilstm_finetuned,counterfactual,template,2026,val,bongo_0403,1,0.999987
bilstm_finetuned,counterfactual,template,2026,val,bongo_0410,0,0.000018
bilstm_finetuned,counterfactual,template,2026,val,bongo_0411,0,0.000035
bilstm_finetuned,counterfactual,template,2026,val,bongo_0426,0,0.000016
bilstm_finetuned,counterfactual,template,2026,val,bongo_0430,0,0.071346
bilstm_finetuned,counterfactual,template,2026,val,bongo_0438,1,0.999887
bilstm_finetuned,counterfactual,template,2026,val,bongo_0451,1,0.999901
bilstm_finetuned,counterfactual,template,2026,val,bongo_0455,1,0.999948
bilstm_finetuned,counterfactual,template,2026,val,bongo_0466,1,0.999958
bilstm_finetuned,counterfactual,template,2026,val,bongo_0495,0,0.000390
bilstm_finetuned,counterfactual,template,2026,val,bongo_0499,1,0.999978
bilstm_finetuned,counterfactual,template,2026,val,bongo_0502,1,0.999949
bilstm_finetuned,counterfactual,template,2026,val,bongo_0548,0,0.000030
bilstm_finetuned,counterfactual,template,2026,val,bongo_0556,1,0.999955
bilstm_finetuned,counterfactual,template,2026,val,bongo_0557,1,0.999949
bilstm_finetuned,counterfactual,template,2026,val,bongo_0561,0,0.003655
bilstm_finetuned,counterfactual,template,2026,val,bongo_0563,0,0.000031
bilstm_finetuned,counterfactual,template,2026,val,bongo_0570,1,0.999972
bilstm_finetuned,counterfactual,template,2026,val,bongo_0581,0,0.000014
bilstm_finetuned,counterfactual,template,2026,val,bongo_0587,1,0.999949
bilstm_finetuned,counterfactual,template,2026,val,bongo_0593,0,0.000022
bilstm_finetuned,counterfactual,template,2026,val,bongo_0607,0,0.000036
bilstm_finetuned,counterfactual,template,2026,val,bongo_0610,0,0.000009
bilstm_finetuned,counterfactual,template,2026,val,bongo_0632,1,0.999988
bilstm_finetuned,counterfactual,template,2026,val,bongo_0634,0,0.000047
bilstm_finetuned,counterfactual,template,2026,val,bongo_0637,1,0.999950
bilstm_finetuned,counterfactual,template,2026,val,bongo_0643,0,0.000037
bilstm_finetuned,counterfactual,template,2026,val,bongo_0666,1,0.999958
bilstm_finetuned,counterfactual,template,2026,val,bongo_0672,0,0.000143
bilstm_finetuned,counterfactual,template,2026,val,bongo_0680,1,0.999897
bilstm_finetuned,counterfactual,template,2026,val,bongo_0681,0,0.000035
bilstm_finetuned,counterfactual,template,2026,val,bongo_0693,0,0.000024
bilstm_finetuned,counterfactual,template,2026,val,bongo_0694,0,0.001101
bilstm_finetuned,counterfactual,template,2026,val,bongo_0698,1,0.999972
bilstm_finetuned,counterfactual,template,2026,val,bongo_0726,0,0.000127
bilstm_finetuned,counterfactual,template,2026,val,bongo_0742,0,0.000028
bilstm_finetuned,counterfactual,template,2026,val,bongo_0752,0,0.000049
bilstm_finetuned,counterfactual,template,2026,val,bongo_0754,0,0.000009
bilstm_finetuned,counterfactual,template,2026,val,bongo_0762,1,0.999878
bilstm_finetuned,counterfactual,template,2026,val,bongo_0764,1,0.999988
bilstm_finetuned,counterfactual,template,2026,val,bongo_0788,1,0.999985
bilstm_finetuned,counterfactual,template,2026,val,bongo_0805,0,0.000024
bilstm_finetuned,counterfactual,template,2026,val,bongo_0809,0,0.000021
bilstm_finetuned,counterfactual,template,2026,val,bongo_0811,1,0.999978
bilstm_finetuned,counterfactual,template,2026,val,bongo_0823,1,0.999864
bilstm_finetuned,counterfactual,template,2026,val,bongo_0827,1,0.999978
bilstm_finetuned,counterfactual,template,2026,val,bongo_0833,0,0.000038
bilstm_finetuned,counterfactual,template,2026,val,bongo_0844,1,0.999972
bilstm_finetuned,counterfactual,template,2026,val,bongo_0869,1,0.999982
bilstm_finetuned,counterfactual,template,2026,val,bongo_0880,1,0.999985
bilstm_finetuned,counterfactual,template,2026,val,bongo_0886,1,0.999905
bilstm_finetuned,counterfactual,template,2026,val,bongo_0911,1,0.999859
bilstm_finetuned,counterfactual,template,2026,val,bongo_0919,0,0.000025
bilstm_finetuned,counterfactual,template,2026,val,bongo_0921,1,0.999963
bilstm_finetuned,counterfactual,template,2026,val,bongo_0922,0,0.000034
bilstm_finetuned,counterfactual,template,2026,val,bongo_0923,1,0.999945
bilstm_finetuned,counterfactual,template,2026,val,bongo_0943,1,0.999955
bilstm_finetuned,counterfactual,template,2026,val,bongo_0948,1,0.999946
bilstm_finetuned,counterfactual,template,2026,val,bongo_0949,1,0.999862
bilstm_finetuned,counterfactual,template,2026,val,bongo_0959,1,0.999929
bilstm_finetuned,counterfactual,template,2026,val,bongo_0961,1,0.999919
bilstm_finetuned,counterfactual,template,2026,val,bongo_0973,0,0.000031
bilstm_finetuned,counterfactual,template,2026,val,bongo_0988,0,0.000035
bilstm_finetuned,counterfactual,template,2026,val,bongo_0992,0,0.000228
bilstm_finetuned,counterfactual,template,2026,val,bongo_1001,1,0.999969
bilstm_finetuned,counterfactual,template,2026,val,bongo_1028,1,0.999972
bilstm_finetuned,counterfactual,template,2026,val,bongo_1039,0,0.000026
bilstm_finetuned,counterfactual,template,2026,val,bongo_1044,0,0.000023
bilstm_finetuned,counterfactual,template,2026,val,bongo_1082,0,0.016496
bilstm_finetuned,counterfactual,template,2026,val,bongo_1086,1,0.999934
bilstm_finetuned,counterfactual,template,2026,val,bongo_1099,0,0.000365
bilstm_finetuned,counterfactual,template,2026,val,bongo_1101,1,0.999958
bilstm_finetuned,counterfactual,template,2026,val,bongo_1108,0,0.000027
bilstm_finetuned,counterfactual,template,2026,val,bongo_1109,0,0.000038
bilstm_finetuned,counterfactual,template,2026,val,bongo_1120,0,0.000021
bilstm_finetuned,counterfactual,template,2026,val,bongo_1124,0,0.000025
bilstm_finetuned,counterfactual,template,2026,val,bongo_1130,1,0.999988
bilstm_finetuned,counterfactual,template,2026,val,bongo_1132,1,0.999909
bilstm_finetuned,counterfactual,template,2026,val,bongo_1137,1,0.999948
bilstm_finetuned,counterfactual,template,2026,val,bongo_1145,0,0.000045
bilstm_finetuned,counterfactual,template,2026,val,bongo_1153,0,0.000019
bilstm_finetuned,counterfactual,template,2026,val,bongo_1161,0,0.000092
bilstm_finetuned,counterfactual,template,2026,val,bongo_1162,0,0.026398
bilstm_finetuned,counterfactual,template,2026,val,bongo_1163,1,0.999949
bilstm_finetuned,counterfactual,template,2026,val,bongo_1166,1,0.999982
bilstm_finetuned,counterfactual,template,2026,val,bongo_1197,1,0.999862
bilstm_finetuned,counterfactual,template,2026,val,bongo_1203,1,0.999964
bilstm_finetuned,counterfactual,template,2026,val,bongo_1212,0,0.000033
bilstm_finetuned,counterfactual,template,2026,val,bongo_1213,1,0.999950
bilstm_finetuned,counterfactual,template,2026,val,bongo_1216,0,0.000967
bilstm_finetuned,counterfactual,template,2026,val,bongo_1224,1,0.999877
bilstm_finetuned,counterfactual,template,2026,val,bongo_1247,1,0.999853
bilstm_finetuned,counterfactual,template,2026,val,bongo_1251,1,0.999972
bilstm_finetuned,counterfactual,template,2026,val,bongo_1257,1,0.999898
bilstm_finetuned,counterfactual,template,2026,val,bongo_1258,1,0.999972
bilstm_finetuned,counterfactual,template,2026,val,bongo_1265,0,0.000036
bilstm_finetuned,counterfactual,template,2026,val,bongo_1272,0,0.000064
bilstm_finetuned,counterfactual,template,2026,val,bongo_1275,0,0.000019
bilstm_finetuned,counterfactual,template,2026,val,bongo_1296,0,0.000021
bilstm_finetuned,counterfactual,template,2026,val,bongo_1299,1,0.999909
bilstm_finetuned,counterfactual,template,2026,val,bongo_1307,1,0.999955
bilstm_finetuned,counterfactual,template,2026,val,bongo_1328,0,0.000030
bilstm_finetuned,counterfactual,template,2026,val,bongo_1335,0,0.109121
bilstm_finetuned,counterfactual,template,2026,val,bongo_1341,0,0.000056
bilstm_finetuned,counterfactual,template,2026,val,bongo_1349,0,0.000047
bilstm_finetuned,counterfactual,template,2026,val,bongo_1360,0,0.000025
bilstm_finetuned,counterfactual,template,2026,test,bongo_0025,1,0.999942
bilstm_finetuned,counterfactual,template,2026,test,bongo_0029,0,0.056582
bilstm_finetuned,counterfactual,template,2026,test,bongo_0039,1,0.999985
bilstm_finetuned,counterfactual,template,2026,test,bongo_0047,1,0.999985
bilstm_finetuned,counterfactual,template,2026,test,bongo_0053,0,0.000036
bilstm_finetuned,counterfactual,template,2026,test,bongo_0055,1,0.020742
bilstm_finetuned,counterfactual,template,2026,test,bongo_0061,1,0.999753
bilstm_finetuned,counterfactual,template,2026,test,bongo_0097,0,0.000212
bilstm_finetuned,counterfactual,template,2026,test,bongo_0107,0,0.000015
bilstm_finetuned,counterfactual,template,2026,test,bongo_0110,0,0.000013
bilstm_finetuned,counterfactual,template,2026,test,bongo_0112,1,0.160362
bilstm_finetuned,counterfactual,template,2026,test,bongo_0115,0,0.000074
bilstm_finetuned,counterfactual,template,2026,test,bongo_0143,0,0.000021
bilstm_finetuned,counterfactual,template,2026,test,bongo_0146,1,0.999970
bilstm_finetuned,counterfactual,template,2026,test,bongo_0154,1,0.999945
bilstm_finetuned,counterfactual,template,2026,test,bongo_0159,1,0.020778
bilstm_finetuned,counterfactual,template,2026,test,bongo_0160,0,0.000028
bilstm_finetuned,counterfactual,template,2026,test,bongo_0172,0,0.291826
bilstm_finetuned,counterfactual,template,2026,test,bongo_0173,1,0.033139
bilstm_finetuned,counterfactual,template,2026,test,bongo_0175,0,0.000022
bilstm_finetuned,counterfactual,template,2026,test,bongo_0182,0,0.000010
bilstm_finetuned,counterfactual,template,2026,test,bongo_0195,1,0.999889
bilstm_finetuned,counterfactual,template,2026,test,bongo_0197,0,0.000031
bilstm_finetuned,counterfactual,template,2026,test,bongo_0201,1,0.999989
bilstm_finetuned,counterfactual,template,2026,test,bongo_0203,1,0.999722
bilstm_finetuned,counterfactual,template,2026,test,bongo_0250,1,0.020778
bilstm_finetuned,counterfactual,template,2026,test,bongo_0253,0,0.000044
bilstm_finetuned,counterfactual,template,2026,test,bongo_0255,1,0.052643
bilstm_finetuned,counterfactual,template,2026,test,bongo_0265,1,0.033361
bilstm_finetuned,counterfactual,template,2026,test,bongo_0271,0,0.000027
bilstm_finetuned,counterfactual,template,2026,test,bongo_0300,0,0.000030
bilstm_finetuned,counterfactual,template,2026,test,bongo_0306,0,0.000046
bilstm_finetuned,counterfactual,template,2026,test,bongo_0356,1,0.160495
bilstm_finetuned,counterfactual,template,2026,test,bongo_0360,1,0.999958
bilstm_finetuned,counterfactual,template,2026,test,bongo_0361,1,0.999703
bilstm_finetuned,counterfactual,template,2026,test,bongo_0363,0,0.000031
bilstm_finetuned,counterfactual,template,2026,test,bongo_0368,0,0.000098
bilstm_finetuned,counterfactual,template,2026,test,bongo_0372,0,0.000050
bilstm_finetuned,counterfactual,template,2026,test,bongo_0380,1,0.052320
bilstm_finetuned,counterfactual,template,2026,test,bongo_0389,0,0.000025
bilstm_finetuned,counterfactual,template,2026,test,bongo_0395,0,0.000623
bilstm_finetuned,counterfactual,template,2026,test,bongo_0405,1,0.999891
bilstm_finetuned,counterfactual,template,2026,test,bongo_0424,1,0.999988
bilstm_finetuned,counterfactual,template,2026,test,bongo_0427,0,0.000049
bilstm_finetuned,counterfactual,template,2026,test,bongo_0434,1,0.020742
bilstm_finetuned,counterfactual,template,2026,test,bongo_0463,0,0.000329
bilstm_finetuned,counterfactual,template,2026,test,bongo_0476,1,0.999902
bilstm_finetuned,counterfactual,template,2026,test,bongo_0510,1,0.999959
bilstm_finetuned,counterfactual,template,2026,test,bongo_0531,0,0.000124
bilstm_finetuned,counterfactual,template,2026,test,bongo_0542,0,0.000023
bilstm_finetuned,counterfactual,template,2026,test,bongo_0545,0,0.000024
bilstm_finetuned,counterfactual,template,2026,test,bongo_0560,1,0.999934
bilstm_finetuned,counterfactual,template,2026,test,bongo_0565,1,0.129355
bilstm_finetuned,counterfactual,template,2026,test,bongo_0566,1,0.999990
bilstm_finetuned,counterfactual,template,2026,test,bongo_0571,0,0.000020
bilstm_finetuned,counterfactual,template,2026,test,bongo_0577,1,0.999879
bilstm_finetuned,counterfactual,template,2026,test,bongo_0580,1,0.999908
bilstm_finetuned,counterfactual,template,2026,test,bongo_0621,1,0.999837
bilstm_finetuned,counterfactual,template,2026,test,bongo_0624,1,0.999973
bilstm_finetuned,counterfactual,template,2026,test,bongo_0630,0,0.000157
bilstm_finetuned,counterfactual,template,2026,test,bongo_0638,1,0.999974
bilstm_finetuned,counterfactual,template,2026,test,bongo_0648,0,0.007797
bilstm_finetuned,counterfactual,template,2026,test,bongo_0674,0,0.000016
bilstm_finetuned,counterfactual,template,2026,test,bongo_0685,0,0.021249
bilstm_finetuned,counterfactual,template,2026,test,bongo_0697,1,0.129355
bilstm_finetuned,counterfactual,template,2026,test,bongo_0701,0,0.000025
bilstm_finetuned,counterfactual,template,2026,test,bongo_0706,1,0.160226
bilstm_finetuned,counterfactual,template,2026,test,bongo_0719,1,0.052270
bilstm_finetuned,counterfactual,template,2026,test,bongo_0721,1,0.999927
bilstm_finetuned,counterfactual,template,2026,test,bongo_0724,1,0.129950
bilstm_finetuned,counterfactual,template,2026,test,bongo_0729,1,0.999865
bilstm_finetuned,counterfactual,template,2026,test,bongo_0741,0,0.000024
bilstm_finetuned,counterfactual,template,2026,test,bongo_0749,1,0.072179
bilstm_finetuned,counterfactual,template,2026,test,bongo_0769,1,0.999935
bilstm_finetuned,counterfactual,template,2026,test,bongo_0770,1,0.020742
bilstm_finetuned,counterfactual,template,2026,test,bongo_0778,1,0.072111
bilstm_finetuned,counterfactual,template,2026,test,bongo_0787,1,0.999958
bilstm_finetuned,counterfactual,template,2026,test,bongo_0795,0,0.000246
bilstm_finetuned,counterfactual,template,2026,test,bongo_0806,1,0.129950
bilstm_finetuned,counterfactual,template,2026,test,bongo_0807,1,0.999952
bilstm_finetuned,counterfactual,template,2026,test,bongo_0818,0,0.004661
bilstm_finetuned,counterfactual,template,2026,test,bongo_0819,0,0.000134
bilstm_finetuned,counterfactual,template,2026,test,bongo_0835,0,0.000024
bilstm_finetuned,counterfactual,template,2026,test,bongo_0840,1,0.999958
bilstm_finetuned,counterfactual,template,2026,test,bongo_0855,1,0.129104
bilstm_finetuned,counterfactual,template,2026,test,bongo_0856,0,0.000050
bilstm_finetuned,counterfactual,template,2026,test,bongo_0864,1,0.999985
bilstm_finetuned,counterfactual,template,2026,test,bongo_0871,1,0.999971
bilstm_finetuned,counterfactual,template,2026,test,bongo_0872,0,0.004264
bilstm_finetuned,counterfactual,template,2026,test,bongo_0904,0,0.000137
bilstm_finetuned,counterfactual,template,2026,test,bongo_0905,1,0.999985
bilstm_finetuned,counterfactual,template,2026,test,bongo_0909,1,0.999868
bilstm_finetuned,counterfactual,template,2026,test,bongo_0917,1,0.020911
bilstm_finetuned,counterfactual,template,2026,test,bongo_0918,1,0.999865
bilstm_finetuned,counterfactual,template,2026,test,bongo_0950,0,0.000029
bilstm_finetuned,counterfactual,template,2026,test,bongo_0955,1,0.999983
bilstm_finetuned,counterfactual,template,2026,test,bongo_0956,0,0.000023
bilstm_finetuned,counterfactual,template,2026,test,bongo_0971,0,0.000025
bilstm_finetuned,counterfactual,template,2026,test,bongo_0983,0,0.000067
bilstm_finetuned,counterfactual,template,2026,test,bongo_0989,1,0.999974
bilstm_finetuned,counterfactual,template,2026,test,bongo_0994,0,0.000094
bilstm_finetuned,counterfactual,template,2026,test,bongo_1003,1,0.999934
bilstm_finetuned,counterfactual,template,2026,test,bongo_1006,0,0.000031
bilstm_finetuned,counterfactual,template,2026,test,bongo_1012,1,0.072258
bilstm_finetuned,counterfactual,template,2026,test,bongo_1015,0,0.000015
bilstm_finetuned,counterfactual,template,2026,test,bongo_1022,1,0.052217
bilstm_finetuned,counterfactual,template,2026,test,bongo_1037,0,0.000043
bilstm_finetuned,counterfactual,template,2026,test,bongo_1040,0,0.000031
bilstm_finetuned,counterfactual,template,2026,test,bongo_1042,1,0.999948
bilstm_finetuned,counterfactual,template,2026,test,bongo_1047,1,0.999985
bilstm_finetuned,counterfactual,template,2026,test,bongo_1050,0,0.000024
bilstm_finetuned,counterfactual,template,2026,test,bongo_1052,1,0.999950
bilstm_finetuned,counterfactual,template,2026,test,bongo_1059,0,0.000019
bilstm_finetuned,counterfactual,template,2026,test,bongo_1071,0,0.000027
bilstm_finetuned,counterfactual,template,2026,test,bongo_1090,0,0.000015
bilstm_finetuned,counterfactual,template,2026,test,bongo_1104,1,0.999984
bilstm_finetuned,counterfactual,template,2026,test,bongo_1115,0,0.000009
bilstm_finetuned,counterfactual,template,2026,test,bongo_1123,0,0.000032
bilstm_finetuned,counterfactual,template,2026,test,bongo_1125,0,0.005142
bilstm_finetuned,counterfactual,template,2026,test,bongo_1127,1,0.033088
bilstm_finetuned,counterfactual,template,2026,test,bongo_1131,1,0.999979
bilstm_finetuned,counterfactual,template,2026,test,bongo_1134,1,0.161370
bilstm_finetuned,counterfactual,template,2026,test,bongo_1135,0,0.051320
bilstm_finetuned,counterfactual,template,2026,test,bongo_1136,1,0.999950
bilstm_finetuned,counterfactual,template,2026,test,bongo_1138,1,0.999985
bilstm_finetuned,counterfactual,template,2026,test,bongo_1140,1,0.999845
bilstm_finetuned,counterfactual,template,2026,test,bongo_1154,1,0.999972
bilstm_finetuned,counterfactual,template,2026,test,bongo_1155,0,0.000025
bilstm_finetuned,counterfactual,template,2026,test,bongo_1171,1,0.999984
bilstm_finetuned,counterfactual,template,2026,test,bongo_1181,1,0.999923
bilstm_finetuned,counterfactual,template,2026,test,bongo_1185,1,0.052253
bilstm_finetuned,counterfactual,template,2026,test,bongo_1194,0,0.000729
bilstm_finetuned,counterfactual,template,2026,test,bongo_1195,1,0.129163
bilstm_finetuned,counterfactual,template,2026,test,bongo_1198,0,0.000103
bilstm_finetuned,counterfactual,template,2026,test,bongo_1204,1,0.020779
bilstm_finetuned,counterfactual,template,2026,test,bongo_1220,1,0.999985
bilstm_finetuned,counterfactual,template,2026,test,bongo_1233,1,0.999990
bilstm_finetuned,counterfactual,template,2026,test,bongo_1236,0,0.000054
bilstm_finetuned,counterfactual,template,2026,test,bongo_1240,1,0.052643
bilstm_finetuned,counterfactual,template,2026,test,bongo_1244,0,0.000023
bilstm_finetuned,counterfactual,template,2026,test,bongo_1249,0,0.000009
bilstm_finetuned,counterfactual,template,2026,test,bongo_1253,0,0.081567
bilstm_finetuned,counterfactual,template,2026,test,bongo_1260,0,0.000027
bilstm_finetuned,counterfactual,template,2026,test,bongo_1262,0,0.000032
bilstm_finetuned,counterfactual,template,2026,test,bongo_1278,1,0.072695
bilstm_finetuned,counterfactual,template,2026,test,bongo_1285,0,0.000023
bilstm_finetuned,counterfactual,template,2026,test,bongo_1293,1,0.999954
bilstm_finetuned,counterfactual,template,2026,test,bongo_1316,0,0.000075
bilstm_finetuned,counterfactual,template,2026,test,bongo_1327,1,0.020741
bilstm_finetuned,counterfactual,template,2026,test,bongo_1330,0,0.061334
bilstm_finetuned,counterfactual,template,2026,test,bongo_1359,0,0.004311
bilstm_finetuned,counterfactual,template,2026,test,bongo_1375,0,0.000035
bilstm_finetuned,counterfactual,template,2026,test_lookalike_1,bongo_0025,1,0.999934
bilstm_finetuned,counterfactual,template,2026,test_lookalike_1,bongo_0029,0,0.056582
bilstm_finetuned,counterfactual,template,2026,test_lookalike_1,bongo_0039,1,0.999569
bilstm_finetuned,counterfactual,template,2026,test_lookalike_1,bongo_0047,1,0.999985
bilstm_finetuned,counterfactual,template,2026,test_lookalike_1,bongo_0053,0,0.000036
bilstm_finetuned,counterfactual,template,2026,test_lookalike_1,bongo_0055,1,0.021128
bilstm_finetuned,counterfactual,template,2026,test_lookalike_1,bongo_0061,1,0.999729
bilstm_finetuned,counterfactual,template,2026,test_lookalike_1,bongo_0097,0,0.000212
bilstm_finetuned,counterfactual,template,2026,test_lookalike_1,bongo_0107,0,0.000015
bilstm_finetuned,counterfactual,template,2026,test_lookalike_1,bongo_0110,0,0.000013
bilstm_finetuned,counterfactual,template,2026,test_lookalike_1,bongo_0112,1,0.163168
bilstm_finetuned,counterfactual,template,2026,test_lookalike_1,bongo_0115,0,0.000074
bilstm_finetuned,counterfactual,template,2026,test_lookalike_1,bongo_0143,0,0.000021
bilstm_finetuned,counterfactual,template,2026,test_lookalike_1,bongo_0146,1,0.999970
bilstm_finetuned,counterfactual,template,2026,test_lookalike_1,bongo_0154,1,0.576481
bilstm_finetuned,counterfactual,template,2026,test_lookalike_1,bongo_0159,1,0.021128
bilstm_finetuned,counterfactual,template,2026,test_lookalike_1,bongo_0160,0,0.000028
bilstm_finetuned,counterfactual,template,2026,test_lookalike_1,bongo_0172,0,0.291826
bilstm_finetuned,counterfactual,template,2026,test_lookalike_1,bongo_0173,1,0.033722
bilstm_finetuned,counterfactual,template,2026,test_lookalike_1,bongo_0175,0,0.000022
bilstm_finetuned,counterfactual,template,2026,test_lookalike_1,bongo_0182,0,0.000010
bilstm_finetuned,counterfactual,template,2026,test_lookalike_1,bongo_0195,1,0.944722
bilstm_finetuned,counterfactual,template,2026,test_lookalike_1,bongo_0197,0,0.000031
bilstm_finetuned,counterfactual,template,2026,test_lookalike_1,bongo_0201,1,0.999975
bilstm_finetuned,counterfactual,template,2026,test_lookalike_1,bongo_0203,1,0.655535
bilstm_finetuned,counterfactual,template,2026,test_lookalike_1,bongo_0250,1,0.021145
bilstm_finetuned,counterfactual,template,2026,test_lookalike_1,bongo_0253,0,0.000044
bilstm_finetuned,counterfactual,template,2026,test_lookalike_1,bongo_0255,1,0.053645
bilstm_finetuned,counterfactual,template,2026,test_lookalike_1,bongo_0265,1,0.034055
bilstm_finetuned,counterfactual,template,2026,test_lookalike_1,bongo_0271,0,0.000027
bilstm_finetuned,counterfactual,template,2026,test_lookalike_1,bongo_0300,0,0.000030
bilstm_finetuned,counterfactual,template,2026,test_lookalike_1,bongo_0306,0,0.000046
bilstm_finetuned,counterfactual,template,2026,test_lookalike_1,bongo_0356,1,0.163282
bilstm_finetuned,counterfactual,template,2026,test_lookalike_1,bongo_0360,1,0.999957
bilstm_finetuned,counterfactual,template,2026,test_lookalike_1,bongo_0361,1,0.654778
bilstm_finetuned,counterfactual,template,2026,test_lookalike_1,bongo_0363,0,0.000031
bilstm_finetuned,counterfactual,template,2026,test_lookalike_1,bongo_0368,0,0.000098
bilstm_finetuned,counterfactual,template,2026,test_lookalike_1,bongo_0372,0,0.000050
bilstm_finetuned,counterfactual,template,2026,test_lookalike_1,bongo_0380,1,0.053299
bilstm_finetuned,counterfactual,template,2026,test_lookalike_1,bongo_0389,0,0.000025
bilstm_finetuned,counterfactual,template,2026,test_lookalike_1,bongo_0395,0,0.000623
bilstm_finetuned,counterfactual,template,2026,test_lookalike_1,bongo_0405,1,0.999888
bilstm_finetuned,counterfactual,template,2026,test_lookalike_1,bongo_0424,1,0.999974
bilstm_finetuned,counterfactual,template,2026,test_lookalike_1,bongo_0427,0,0.000049
bilstm_finetuned,counterfactual,template,2026,test_lookalike_1,bongo_0434,1,0.021130
bilstm_finetuned,counterfactual,template,2026,test_lookalike_1,bongo_0463,0,0.000329
bilstm_finetuned,counterfactual,template,2026,test_lookalike_1,bongo_0476,1,0.518474
bilstm_finetuned,counterfactual,template,2026,test_lookalike_1,bongo_0510,1,0.999959
bilstm_finetuned,counterfactual,template,2026,test_lookalike_1,bongo_0531,0,0.000124
bilstm_finetuned,counterfactual,template,2026,test_lookalike_1,bongo_0542,0,0.000023
bilstm_finetuned,counterfactual,template,2026,test_lookalike_1,bongo_0545,0,0.000024
bilstm_finetuned,counterfactual,template,2026,test_lookalike_1,bongo_0560,1,0.999934
bilstm_finetuned,counterfactual,template,2026,test_lookalike_1,bongo_0565,1,0.131400
bilstm_finetuned,counterfactual,template,2026,test_lookalike_1,bongo_0566,1,0.999990
bilstm_finetuned,counterfactual,template,2026,test_lookalike_1,bongo_0571,0,0.000020
bilstm_finetuned,counterfactual,template,2026,test_lookalike_1,bongo_0577,1,0.999874
bilstm_finetuned,counterfactual,template,2026,test_lookalike_1,bongo_0580,1,0.996585
bilstm_finetuned,counterfactual,template,2026,test_lookalike_1,bongo_0621,1,0.999864
bilstm_finetuned,counterfactual,template,2026,test_lookalike_1,bongo_0624,1,0.999965
bilstm_finetuned,counterfactual,template,2026,test_lookalike_1,bongo_0630,0,0.000157
bilstm_finetuned,counterfactual,template,2026,test_lookalike_1,bongo_0638,1,0.999974
bilstm_finetuned,counterfactual,template,2026,test_lookalike_1,bongo_0648,0,0.007797
bilstm_finetuned,counterfactual,template,2026,test_lookalike_1,bongo_0674,0,0.000016
bilstm_finetuned,counterfactual,template,2026,test_lookalike_1,bongo_0685,0,0.021249
bilstm_finetuned,counterfactual,template,2026,test_lookalike_1,bongo_0697,1,0.131505
bilstm_finetuned,counterfactual,template,2026,test_lookalike_1,bongo_0701,0,0.000025
bilstm_finetuned,counterfactual,template,2026,test_lookalike_1,bongo_0706,1,0.163166
bilstm_finetuned,counterfactual,template,2026,test_lookalike_1,bongo_0719,1,0.053339
bilstm_finetuned,counterfactual,template,2026,test_lookalike_1,bongo_0721,1,0.533114
bilstm_finetuned,counterfactual,template,2026,test_lookalike_1,bongo_0724,1,0.132906
bilstm_finetuned,counterfactual,template,2026,test_lookalike_1,bongo_0729,1,0.436527
bilstm_finetuned,counterfactual,template,2026,test_lookalike_1,bongo_0741,0,0.000024
bilstm_finetuned,counterfactual,template,2026,test_lookalike_1,bongo_0749,1,0.073586
bilstm_finetuned,counterfactual,template,2026,test_lookalike_1,bongo_0769,1,0.677061
bilstm_finetuned,counterfactual,template,2026,test_lookalike_1,bongo_0770,1,0.021138
bilstm_finetuned,counterfactual,template,2026,test_lookalike_1,bongo_0778,1,0.073582
bilstm_finetuned,counterfactual,template,2026,test_lookalike_1,bongo_0787,1,0.999957
bilstm_finetuned,counterfactual,template,2026,test_lookalike_1,bongo_0795,0,0.000246
bilstm_finetuned,counterfactual,template,2026,test_lookalike_1,bongo_0806,1,0.132917
bilstm_finetuned,counterfactual,template,2026,test_lookalike_1,bongo_0807,1,0.999884
bilstm_finetuned,counterfactual,template,2026,test_lookalike_1,bongo_0818,0,0.004661
bilstm_finetuned,counterfactual,template,2026,test_lookalike_1,bongo_0819,0,0.000134
bilstm_finetuned,counterfactual,template,2026,test_lookalike_1,bongo_0835,0,0.000024
bilstm_finetuned,counterfactual,template,2026,test_lookalike_1,bongo_0840,1,0.999957
bilstm_finetuned,counterfactual,template,2026,test_lookalike_1,bongo_0855,1,0.131395
bilstm_finetuned,counterfactual,template,2026,test_lookalike_1,bongo_0856,0,0.000050
bilstm_finetuned,counterfactual,template,2026,test_lookalike_1,bongo_0864,1,0.999328
bilstm_finetuned,counterfactual,template,2026,test_lookalike_1,bongo_0871,1,0.999963
bilstm_finetuned,counterfactual,template,2026,test_lookalike_1,bongo_0872,0,0.004264
bilstm_finetuned,counterfactual,template,2026,test_lookalike_1,bongo_0904,0,0.000137
bilstm_finetuned,counterfactual,template,2026,test_lookalike_1,bongo_0905,1,0.998709
bilstm_finetuned,counterfactual,template,2026,test_lookalike_1,bongo_0909,1,0.999870
bilstm_finetuned,counterfactual,template,2026,test_lookalike_1,bongo_0917,1,0.021375
bilstm_finetuned,counterfactual,template,2026,test_lookalike_1,bongo_0918,1,0.999831
bilstm_finetuned,counterfactual,template,2026,test_lookalike_1,bongo_0950,0,0.000029
bilstm_finetuned,counterfactual,template,2026,test_lookalike_1,bongo_0955,1,0.999960
bilstm_finetuned,counterfactual,template,2026,test_lookalike_1,bongo_0956,0,0.000023
bilstm_finetuned,counterfactual,template,2026,test_lookalike_1,bongo_0971,0,0.000025
bilstm_finetuned,counterfactual,template,2026,test_lookalike_1,bongo_0983,0,0.000067
bilstm_finetuned,counterfactual,template,2026,test_lookalike_1,bongo_0989,1,0.999966
bilstm_finetuned,counterfactual,template,2026,test_lookalike_1,bongo_0994,0,0.000094
bilstm_finetuned,counterfactual,template,2026,test_lookalike_1,bongo_1003,1,0.999934
bilstm_finetuned,counterfactual,template,2026,test_lookalike_1,bongo_1006,0,0.000031
bilstm_finetuned,counterfactual,template,2026,test_lookalike_1,bongo_1012,1,0.073371
bilstm_finetuned,counterfactual,template,2026,test_lookalike_1,bongo_1015,0,0.000015
bilstm_finetuned,counterfactual,template,2026,test_lookalike_1,bongo_1022,1,0.053299
bilstm_finetuned,counterfactual,template,2026,test_lookalike_1,bongo_1037,0,0.000043
bilstm_finetuned,counterfactual,template,2026,test_lookalike_1,bongo_1040,0,0.000031
bilstm_finetuned,counterfactual,template,2026,test_lookalike_1,bongo_1042,1,0.999926
bilstm_finetuned,counterfactual,template,2026,test_lookalike_1,bongo_1047,1,0.999921
bilstm_finetuned,counterfactual,template,2026,test_lookalike_1,bongo_1050,0,0.000024
bilstm_finetuned,counterfactual,template,2026,test_lookalike_1,bongo_1052,1,0.999932
bilstm_finetuned,counterfactual,template,2026,test_lookalike_1,bongo_1059,0,0.000019
bilstm_finetuned,counterfactual,template,2026,test_lookalike_1,bongo_1071,0,0.000027
bilstm_finetuned,counterfactual,template,2026,test_lookalike_1,bongo_1090,0,0.000015
bilstm_finetuned,counterfactual,template,2026,test_lookalike_1,bongo_1104,1,0.999984
bilstm_finetuned,counterfactual,template,2026,test_lookalike_1,bongo_1115,0,0.000009
bilstm_finetuned,counterfactual,template,2026,test_lookalike_1,bongo_1123,0,0.000032
bilstm_finetuned,counterfactual,template,2026,test_lookalike_1,bongo_1125,0,0.005142
bilstm_finetuned,counterfactual,template,2026,test_lookalike_1,bongo_1127,1,0.033718
bilstm_finetuned,counterfactual,template,2026,test_lookalike_1,bongo_1131,1,0.999975
bilstm_finetuned,counterfactual,template,2026,test_lookalike_1,bongo_1134,1,0.165029
bilstm_finetuned,counterfactual,template,2026,test_lookalike_1,bongo_1135,0,0.051320
bilstm_finetuned,counterfactual,template,2026,test_lookalike_1,bongo_1136,1,0.574582
bilstm_finetuned,counterfactual,template,2026,test_lookalike_1,bongo_1138,1,0.998398
bilstm_finetuned,counterfactual,template,2026,test_lookalike_1,bongo_1140,1,0.999813
bilstm_finetuned,counterfactual,template,2026,test_lookalike_1,bongo_1154,1,0.999972
bilstm_finetuned,counterfactual,template,2026,test_lookalike_1,bongo_1155,0,0.000025
bilstm_finetuned,counterfactual,template,2026,test_lookalike_1,bongo_1171,1,0.999984
bilstm_finetuned,counterfactual,template,2026,test_lookalike_1,bongo_1181,1,0.586879
bilstm_finetuned,counterfactual,template,2026,test_lookalike_1,bongo_1185,1,0.053636
bilstm_finetuned,counterfactual,template,2026,test_lookalike_1,bongo_1194,0,0.000729
bilstm_finetuned,counterfactual,template,2026,test_lookalike_1,bongo_1195,1,0.131312
bilstm_finetuned,counterfactual,template,2026,test_lookalike_1,bongo_1198,0,0.000103
bilstm_finetuned,counterfactual,template,2026,test_lookalike_1,bongo_1204,1,0.021145
bilstm_finetuned,counterfactual,template,2026,test_lookalike_1,bongo_1220,1,0.999321
bilstm_finetuned,counterfactual,template,2026,test_lookalike_1,bongo_1233,1,0.999990
bilstm_finetuned,counterfactual,template,2026,test_lookalike_1,bongo_1236,0,0.000054
bilstm_finetuned,counterfactual,template,2026,test_lookalike_1,bongo_1240,1,0.053703
bilstm_finetuned,counterfactual,template,2026,test_lookalike_1,bongo_1244,0,0.000023
bilstm_finetuned,counterfactual,template,2026,test_lookalike_1,bongo_1249,0,0.000009
bilstm_finetuned,counterfactual,template,2026,test_lookalike_1,bongo_1253,0,0.081567
bilstm_finetuned,counterfactual,template,2026,test_lookalike_1,bongo_1260,0,0.000027
bilstm_finetuned,counterfactual,template,2026,test_lookalike_1,bongo_1262,0,0.000032
bilstm_finetuned,counterfactual,template,2026,test_lookalike_1,bongo_1278,1,0.074320
bilstm_finetuned,counterfactual,template,2026,test_lookalike_1,bongo_1285,0,0.000023
bilstm_finetuned,counterfactual,template,2026,test_lookalike_1,bongo_1293,1,0.999954
bilstm_finetuned,counterfactual,template,2026,test_lookalike_1,bongo_1316,0,0.000075
bilstm_finetuned,counterfactual,template,2026,test_lookalike_1,bongo_1327,1,0.021338
bilstm_finetuned,counterfactual,template,2026,test_lookalike_1,bongo_1330,0,0.061334
bilstm_finetuned,counterfactual,template,2026,test_lookalike_1,bongo_1359,0,0.004311
bilstm_finetuned,counterfactual,template,2026,test_lookalike_1,bongo_1375,0,0.000035
bilstm_finetuned,counterfactual,template,2026,test_lookalike_3,bongo_0025,1,0.362958
bilstm_finetuned,counterfactual,template,2026,test_lookalike_3,bongo_0029,0,0.056582
bilstm_finetuned,counterfactual,template,2026,test_lookalike_3,bongo_0039,1,0.999645
bilstm_finetuned,counterfactual,template,2026,test_lookalike_3,bongo_0047,1,0.999984
bilstm_finetuned,counterfactual,template,2026,test_lookalike_3,bongo_0053,0,0.000036
bilstm_finetuned,counterfactual,template,2026,test_lookalike_3,bongo_0055,1,0.020882
bilstm_finetuned,counterfactual,template,2026,test_lookalike_3,bongo_0061,1,0.999757
bilstm_finetuned,counterfactual,template,2026,test_lookalike_3,bongo_0097,0,0.000212
bilstm_finetuned,counterfactual,template,2026,test_lookalike_3,bongo_0107,0,0.000015
bilstm_finetuned,counterfactual,template,2026,test_lookalike_3,bongo_0110,0,0.000013
bilstm_finetuned,counterfactual,template,2026,test_lookalike_3,bongo_0112,1,0.163726
bilstm_finetuned,counterfactual,template,2026,test_lookalike_3,bongo_0115,0,0.000074
bilstm_finetuned,counterfactual,template,2026,test_lookalike_3,bongo_0143,0,0.000021
bilstm_finetuned,counterfactual,template,2026,test_lookalike_3,bongo_0146,1,0.999970
bilstm_finetuned,counterfactual,template,2026,test_lookalike_3,bongo_0154,1,0.605736
bilstm_finetuned,counterfactual,template,2026,test_lookalike_3,bongo_0159,1,0.020897
bilstm_finetuned,counterfactual,template,2026,test_lookalike_3,bongo_0160,0,0.000028
bilstm_finetuned,counterfactual,template,2026,test_lookalike_3,bongo_0172,0,0.291826
bilstm_finetuned,counterfactual,template,2026,test_lookalike_3,bongo_0173,1,0.026216
bilstm_finetuned,counterfactual,template,2026,test_lookalike_3,bongo_0175,0,0.000022
bilstm_finetuned,counterfactual,template,2026,test_lookalike_3,bongo_0182,0,0.000010
bilstm_finetuned,counterfactual,template,2026,test_lookalike_3,bongo_0195,1,0.998076
bilstm_finetuned,counterfactual,template,2026,test_lookalike_3,bongo_0197,0,0.000031
bilstm_finetuned,counterfactual,template,2026,test_lookalike_3,bongo_0201,1,0.999821
bilstm_finetuned,counterfactual,template,2026,test_lookalike_3,bongo_0203,1,0.658874
bilstm_finetuned,counterfactual,template,2026,test_lookalike_3,bongo_0250,1,0.020375
bilstm_finetuned,counterfactual,template,2026,test_lookalike_3,bongo_0253,0,0.000044
bilstm_finetuned,counterfactual,template,2026,test_lookalike_3,bongo_0255,1,0.055835
bilstm_finetuned,counterfactual,template,2026,test_lookalike_3,bongo_0265,1,0.019837
bilstm_finetuned,counterfactual,template,2026,test_lookalike_3,bongo_0271,0,0.000027
bilstm_finetuned,counterfactual,template,2026,test_lookalike_3,bongo_0300,0,0.000030
bilstm_finetuned,counterfactual,template,2026,test_lookalike_3,bongo_0306,0,0.000046
bilstm_finetuned,counterfactual,template,2026,test_lookalike_3,bongo_0356,1,0.163726
bilstm_finetuned,counterfactual,template,2026,test_lookalike_3,bongo_0360,1,0.685176
bilstm_finetuned,counterfactual,template,2026,test_lookalike_3,bongo_0361,1,0.658628
bilstm_finetuned,counterfactual,template,2026,test_lookalike_3,bongo_0363,0,0.000031
bilstm_finetuned,counterfactual,template,2026,test_lookalike_3,bongo_0368,0,0.000098
bilstm_finetuned,counterfactual,template,2026,test_lookalike_3,bongo_0372,0,0.000050
bilstm_finetuned,counterfactual,template,2026,test_lookalike_3,bongo_0380,1,0.051845
bilstm_finetuned,counterfactual,template,2026,test_lookalike_3,bongo_0389,0,0.000025
bilstm_finetuned,counterfactual,template,2026,test_lookalike_3,bongo_0395,0,0.000623
bilstm_finetuned,counterfactual,template,2026,test_lookalike_3,bongo_0405,1,0.750815
bilstm_finetuned,counterfactual,template,2026,test_lookalike_3,bongo_0424,1,0.999973
bilstm_finetuned,counterfactual,template,2026,test_lookalike_3,bongo_0427,0,0.000049
bilstm_finetuned,counterfactual,template,2026,test_lookalike_3,bongo_0434,1,0.020895
bilstm_finetuned,counterfactual,template,2026,test_lookalike_3,bongo_0463,0,0.000329
bilstm_finetuned,counterfactual,template,2026,test_lookalike_3,bongo_0476,1,0.487347
bilstm_finetuned,counterfactual,template,2026,test_lookalike_3,bongo_0510,1,0.999965
bilstm_finetuned,counterfactual,template,2026,test_lookalike_3,bongo_0531,0,0.000124
bilstm_finetuned,counterfactual,template,2026,test_lookalike_3,bongo_0542,0,0.000023
bilstm_finetuned,counterfactual,template,2026,test_lookalike_3,bongo_0545,0,0.000024
bilstm_finetuned,counterfactual,template,2026,test_lookalike_3,bongo_0560,1,0.759227
bilstm_finetuned,counterfactual,template,2026,test_lookalike_3,bongo_0565,1,0.132381
bilstm_finetuned,counterfactual,template,2026,test_lookalike_3,bongo_0566,1,0.999990
bilstm_finetuned,counterfactual,template,2026,test_lookalike_3,bongo_0571,0,0.000020
bilstm_finetuned,counterfactual,template,2026,test_lookalike_3,bongo_0577,1,0.999625
bilstm_finetuned,counterfactual,template,2026,test_lookalike_3,bongo_0580,1,0.517078
bilstm_finetuned,counterfactual,template,2026,test_lookalike_3,bongo_0621,1,0.999024
bilstm_finetuned,counterfactual,template,2026,test_lookalike_3,bongo_0624,1,0.999889
bilstm_finetuned,counterfactual,template,2026,test_lookalike_3,bongo_0630,0,0.000157
bilstm_finetuned,counterfactual,template,2026,test_lookalike_3,bongo_0638,1,0.999974
bilstm_finetuned,counterfactual,template,2026,test_lookalike_3,bongo_0648,0,0.007797
bilstm_finetuned,counterfactual,template,2026,test_lookalike_3,bongo_0674,0,0.000016
bilstm_finetuned,counterfactual,template,2026,test_lookalike_3,bongo_0685,0,0.021249
bilstm_finetuned,counterfactual,template,2026,test_lookalike_3,bongo_0697,1,0.132418
bilstm_finetuned,counterfactual,template,2026,test_lookalike_3,bongo_0701,0,0.000025
bilstm_finetuned,counterfactual,template,2026,test_lookalike_3,bongo_0706,1,0.163859
bilstm_finetuned,counterfactual,template,2026,test_lookalike_3,bongo_0719,1,0.052323
bilstm_finetuned,counterfactual,template,2026,test_lookalike_3,bongo_0721,1,0.990312
bilstm_finetuned,counterfactual,template,2026,test_lookalike_3,bongo_0724,1,0.137367
bilstm_finetuned,counterfactual,template,2026,test_lookalike_3,bongo_0729,1,0.395057
bilstm_finetuned,counterfactual,template,2026,test_lookalike_3,bongo_0741,0,0.000024
bilstm_finetuned,counterfactual,template,2026,test_lookalike_3,bongo_0749,1,0.071203
bilstm_finetuned,counterfactual,template,2026,test_lookalike_3,bongo_0769,1,0.402250
bilstm_finetuned,counterfactual,template,2026,test_lookalike_3,bongo_0770,1,0.020379
bilstm_finetuned,counterfactual,template,2026,test_lookalike_3,bongo_0778,1,0.071554
bilstm_finetuned,counterfactual,template,2026,test_lookalike_3,bongo_0787,1,0.999964
bilstm_finetuned,counterfactual,template,2026,test_lookalike_3,bongo_0795,0,0.000246
bilstm_finetuned,counterfactual,template,2026,test_lookalike_3,bongo_0806,1,0.138245
bilstm_finetuned,counterfactual,template,2026,test_lookalike_3,bongo_0807,1,0.999956
bilstm_finetuned,counterfactual,template,2026,test_lookalike_3,bongo_0818,0,0.004661
bilstm_finetuned,counterfactual,template,2026,test_lookalike_3,bongo_0819,0,0.000134
bilstm_finetuned,counterfactual,template,2026,test_lookalike_3,bongo_0835,0,0.000024
bilstm_finetuned,counterfactual,template,2026,test_lookalike_3,bongo_0840,1,0.681466
bilstm_finetuned,counterfactual,template,2026,test_lookalike_3,bongo_0855,1,0.132471
bilstm_finetuned,counterfactual,template,2026,test_lookalike_3,bongo_0856,0,0.000050
bilstm_finetuned,counterfactual,template,2026,test_lookalike_3,bongo_0864,1,0.999921
bilstm_finetuned,counterfactual,template,2026,test_lookalike_3,bongo_0871,1,0.999846
bilstm_finetuned,counterfactual,template,2026,test_lookalike_3,bongo_0872,0,0.004264
bilstm_finetuned,counterfactual,template,2026,test_lookalike_3,bongo_0904,0,0.000137
bilstm_finetuned,counterfactual,template,2026,test_lookalike_3,bongo_0905,1,0.690063
bilstm_finetuned,counterfactual,template,2026,test_lookalike_3,bongo_0909,1,0.999621
bilstm_finetuned,counterfactual,template,2026,test_lookalike_3,bongo_0917,1,0.018317
bilstm_finetuned,counterfactual,template,2026,test_lookalike_3,bongo_0918,1,0.999624
bilstm_finetuned,counterfactual,template,2026,test_lookalike_3,bongo_0950,0,0.000029
bilstm_finetuned,counterfactual,template,2026,test_lookalike_3,bongo_0955,1,0.999959
bilstm_finetuned,counterfactual,template,2026,test_lookalike_3,bongo_0956,0,0.000023
bilstm_finetuned,counterfactual,template,2026,test_lookalike_3,bongo_0971,0,0.000025
bilstm_finetuned,counterfactual,template,2026,test_lookalike_3,bongo_0983,0,0.000067
bilstm_finetuned,counterfactual,template,2026,test_lookalike_3,bongo_0989,1,0.999860
bilstm_finetuned,counterfactual,template,2026,test_lookalike_3,bongo_0994,0,0.000094
bilstm_finetuned,counterfactual,template,2026,test_lookalike_3,bongo_1003,1,0.769756
bilstm_finetuned,counterfactual,template,2026,test_lookalike_3,bongo_1006,0,0.000031
bilstm_finetuned,counterfactual,template,2026,test_lookalike_3,bongo_1012,1,0.070983
bilstm_finetuned,counterfactual,template,2026,test_lookalike_3,bongo_1015,0,0.000015
bilstm_finetuned,counterfactual,template,2026,test_lookalike_3,bongo_1022,1,0.051834
bilstm_finetuned,counterfactual,template,2026,test_lookalike_3,bongo_1037,0,0.000043
bilstm_finetuned,counterfactual,template,2026,test_lookalike_3,bongo_1040,0,0.000031
bilstm_finetuned,counterfactual,template,2026,test_lookalike_3,bongo_1042,1,0.696616
bilstm_finetuned,counterfactual,template,2026,test_lookalike_3,bongo_1047,1,0.999657
bilstm_finetuned,counterfactual,template,2026,test_lookalike_3,bongo_1050,0,0.000024
bilstm_finetuned,counterfactual,template,2026,test_lookalike_3,bongo_1052,1,0.588313
bilstm_finetuned,counterfactual,template,2026,test_lookalike_3,bongo_1059,0,0.000019
bilstm_finetuned,counterfactual,template,2026,test_lookalike_3,bongo_1071,0,0.000027
bilstm_finetuned,counterfactual,template,2026,test_lookalike_3,bongo_1090,0,0.000015
bilstm_finetuned,counterfactual,template,2026,test_lookalike_3,bongo_1104,1,0.999668
bilstm_finetuned,counterfactual,template,2026,test_lookalike_3,bongo_1115,0,0.000009
bilstm_finetuned,counterfactual,template,2026,test_lookalike_3,bongo_1123,0,0.000032
bilstm_finetuned,counterfactual,template,2026,test_lookalike_3,bongo_1125,0,0.005142
bilstm_finetuned,counterfactual,template,2026,test_lookalike_3,bongo_1127,1,0.026191
bilstm_finetuned,counterfactual,template,2026,test_lookalike_3,bongo_1131,1,0.689102
bilstm_finetuned,counterfactual,template,2026,test_lookalike_3,bongo_1134,1,0.193939
bilstm_finetuned,counterfactual,template,2026,test_lookalike_3,bongo_1135,0,0.051320
bilstm_finetuned,counterfactual,template,2026,test_lookalike_3,bongo_1136,1,0.281097
bilstm_finetuned,counterfactual,template,2026,test_lookalike_3,bongo_1138,1,0.999229
bilstm_finetuned,counterfactual,template,2026,test_lookalike_3,bongo_1140,1,0.999456
bilstm_finetuned,counterfactual,template,2026,test_lookalike_3,bongo_1154,1,0.999970
bilstm_finetuned,counterfactual,template,2026,test_lookalike_3,bongo_1155,0,0.000025
bilstm_finetuned,counterfactual,template,2026,test_lookalike_3,bongo_1171,1,0.999963
bilstm_finetuned,counterfactual,template,2026,test_lookalike_3,bongo_1181,1,0.509214
bilstm_finetuned,counterfactual,template,2026,test_lookalike_3,bongo_1185,1,0.055760
bilstm_finetuned,counterfactual,template,2026,test_lookalike_3,bongo_1194,0,0.000729
bilstm_finetuned,counterfactual,template,2026,test_lookalike_3,bongo_1195,1,0.132456
bilstm_finetuned,counterfactual,template,2026,test_lookalike_3,bongo_1198,0,0.000103
bilstm_finetuned,counterfactual,template,2026,test_lookalike_3,bongo_1204,1,0.020890
bilstm_finetuned,counterfactual,template,2026,test_lookalike_3,bongo_1220,1,0.999912
bilstm_finetuned,counterfactual,template,2026,test_lookalike_3,bongo_1233,1,0.999990
bilstm_finetuned,counterfactual,template,2026,test_lookalike_3,bongo_1236,0,0.000054
bilstm_finetuned,counterfactual,template,2026,test_lookalike_3,bongo_1240,1,0.055853
bilstm_finetuned,counterfactual,template,2026,test_lookalike_3,bongo_1244,0,0.000023
bilstm_finetuned,counterfactual,template,2026,test_lookalike_3,bongo_1249,0,0.000009
bilstm_finetuned,counterfactual,template,2026,test_lookalike_3,bongo_1253,0,0.081567
bilstm_finetuned,counterfactual,template,2026,test_lookalike_3,bongo_1260,0,0.000027
bilstm_finetuned,counterfactual,template,2026,test_lookalike_3,bongo_1262,0,0.000032
bilstm_finetuned,counterfactual,template,2026,test_lookalike_3,bongo_1278,1,0.082118
bilstm_finetuned,counterfactual,template,2026,test_lookalike_3,bongo_1285,0,0.000023
bilstm_finetuned,counterfactual,template,2026,test_lookalike_3,bongo_1293,1,0.999952
bilstm_finetuned,counterfactual,template,2026,test_lookalike_3,bongo_1316,0,0.000075
bilstm_finetuned,counterfactual,template,2026,test_lookalike_3,bongo_1327,1,0.018230
bilstm_finetuned,counterfactual,template,2026,test_lookalike_3,bongo_1330,0,0.061334
bilstm_finetuned,counterfactual,template,2026,test_lookalike_3,bongo_1359,0,0.004311
bilstm_finetuned,counterfactual,template,2026,test_lookalike_3,bongo_1375,0,0.000035
bilstm_finetuned,counterfactual,template,2026,test_lookalike_all,bongo_0025,1,0.339055
bilstm_finetuned,counterfactual,template,2026,test_lookalike_all,bongo_0029,0,0.056582
bilstm_finetuned,counterfactual,template,2026,test_lookalike_all,bongo_0039,1,0.665174
bilstm_finetuned,counterfactual,template,2026,test_lookalike_all,bongo_0047,1,0.999206
bilstm_finetuned,counterfactual,template,2026,test_lookalike_all,bongo_0053,0,0.000036
bilstm_finetuned,counterfactual,template,2026,test_lookalike_all,bongo_0055,1,0.000019
bilstm_finetuned,counterfactual,template,2026,test_lookalike_all,bongo_0061,1,0.999583
bilstm_finetuned,counterfactual,template,2026,test_lookalike_all,bongo_0097,0,0.000212
bilstm_finetuned,counterfactual,template,2026,test_lookalike_all,bongo_0107,0,0.000015
bilstm_finetuned,counterfactual,template,2026,test_lookalike_all,bongo_0110,0,0.000013
bilstm_finetuned,counterfactual,template,2026,test_lookalike_all,bongo_0112,1,0.000031
bilstm_finetuned,counterfactual,template,2026,test_lookalike_all,bongo_0115,0,0.000074
bilstm_finetuned,counterfactual,template,2026,test_lookalike_all,bongo_0143,0,0.000021
bilstm_finetuned,counterfactual,template,2026,test_lookalike_all,bongo_0146,1,0.416830
bilstm_finetuned,counterfactual,template,2026,test_lookalike_all,bongo_0154,1,0.274765
bilstm_finetuned,counterfactual,template,2026,test_lookalike_all,bongo_0159,1,0.000022
bilstm_finetuned,counterfactual,template,2026,test_lookalike_all,bongo_0160,0,0.000028
bilstm_finetuned,counterfactual,template,2026,test_lookalike_all,bongo_0172,0,0.291826
bilstm_finetuned,counterfactual,template,2026,test_lookalike_all,bongo_0173,1,0.021148
bilstm_finetuned,counterfactual,template,2026,test_lookalike_all,bongo_0175,0,0.000022
bilstm_finetuned,counterfactual,template,2026,test_lookalike_all,bongo_0182,0,0.000010
bilstm_finetuned,counterfactual,template,2026,test_lookalike_all,bongo_0195,1,0.998682
bilstm_finetuned,counterfactual,template,2026,test_lookalike_all,bongo_0197,0,0.000031
bilstm_finetuned,counterfactual,template,2026,test_lookalike_all,bongo_0201,1,0.747411
bilstm_finetuned,counterfactual,template,2026,test_lookalike_all,bongo_0203,1,0.635011
bilstm_finetuned,counterfactual,template,2026,test_lookalike_all,bongo_0250,1,0.000022
bilstm_finetuned,counterfactual,template,2026,test_lookalike_all,bongo_0253,0,0.000044
bilstm_finetuned,counterfactual,template,2026,test_lookalike_all,bongo_0255,1,0.000024
bilstm_finetuned,counterfactual,template,2026,test_lookalike_all,bongo_0265,1,0.020619
bilstm_finetuned,counterfactual,template,2026,test_lookalike_all,bongo_0271,0,0.000027
bilstm_finetuned,counterfactual,template,2026,test_lookalike_all,bongo_0300,0,0.000030
bilstm_finetuned,counterfactual,template,2026,test_lookalike_all,bongo_0306,0,0.000046
bilstm_finetuned,counterfactual,template,2026,test_lookalike_all,bongo_0356,1,0.000024
bilstm_finetuned,counterfactual,template,2026,test_lookalike_all,bongo_0360,1,0.999965
bilstm_finetuned,counterfactual,template,2026,test_lookalike_all,bongo_0361,1,0.644750
bilstm_finetuned,counterfactual,template,2026,test_lookalike_all,bongo_0363,0,0.000031
bilstm_finetuned,counterfactual,template,2026,test_lookalike_all,bongo_0368,0,0.000098
bilstm_finetuned,counterfactual,template,2026,test_lookalike_all,bongo_0372,0,0.000050
bilstm_finetuned,counterfactual,template,2026,test_lookalike_all,bongo_0380,1,0.000022
bilstm_finetuned,counterfactual,template,2026,test_lookalike_all,bongo_0389,0,0.000025
bilstm_finetuned,counterfactual,template,2026,test_lookalike_all,bongo_0395,0,0.000623
bilstm_finetuned,counterfactual,template,2026,test_lookalike_all,bongo_0405,1,0.623229
bilstm_finetuned,counterfactual,template,2026,test_lookalike_all,bongo_0424,1,0.999983
bilstm_finetuned,counterfactual,template,2026,test_lookalike_all,bongo_0427,0,0.000049
bilstm_finetuned,counterfactual,template,2026,test_lookalike_all,bongo_0434,1,0.000020
bilstm_finetuned,counterfactual,template,2026,test_lookalike_all,bongo_0463,0,0.000329
bilstm_finetuned,counterfactual,template,2026,test_lookalike_all,bongo_0476,1,0.535285
bilstm_finetuned,counterfactual,template,2026,test_lookalike_all,bongo_0510,1,0.999951
bilstm_finetuned,counterfactual,template,2026,test_lookalike_all,bongo_0531,0,0.000124
bilstm_finetuned,counterfactual,template,2026,test_lookalike_all,bongo_0542,0,0.000023
bilstm_finetuned,counterfactual,template,2026,test_lookalike_all,bongo_0545,0,0.000024
bilstm_finetuned,counterfactual,template,2026,test_lookalike_all,bongo_0560,1,0.641755
bilstm_finetuned,counterfactual,template,2026,test_lookalike_all,bongo_0565,1,0.000034
bilstm_finetuned,counterfactual,template,2026,test_lookalike_all,bongo_0566,1,0.822154
bilstm_finetuned,counterfactual,template,2026,test_lookalike_all,bongo_0571,0,0.000020
bilstm_finetuned,counterfactual,template,2026,test_lookalike_all,bongo_0577,1,0.566531
bilstm_finetuned,counterfactual,template,2026,test_lookalike_all,bongo_0580,1,0.999272
bilstm_finetuned,counterfactual,template,2026,test_lookalike_all,bongo_0621,1,0.538966
bilstm_finetuned,counterfactual,template,2026,test_lookalike_all,bongo_0624,1,0.999979
bilstm_finetuned,counterfactual,template,2026,test_lookalike_all,bongo_0630,0,0.000157
bilstm_finetuned,counterfactual,template,2026,test_lookalike_all,bongo_0638,1,0.556313
bilstm_finetuned,counterfactual,template,2026,test_lookalike_all,bongo_0648,0,0.007797
bilstm_finetuned,counterfactual,template,2026,test_lookalike_all,bongo_0674,0,0.000016
bilstm_finetuned,counterfactual,template,2026,test_lookalike_all,bongo_0685,0,0.021249
bilstm_finetuned,counterfactual,template,2026,test_lookalike_all,bongo_0697,1,0.000024
bilstm_finetuned,counterfactual,template,2026,test_lookalike_all,bongo_0701,0,0.000025
bilstm_finetuned,counterfactual,template,2026,test_lookalike_all,bongo_0706,1,0.000031
bilstm_finetuned,counterfactual,template,2026,test_lookalike_all,bongo_0719,1,0.000020
bilstm_finetuned,counterfactual,template,2026,test_lookalike_all,bongo_0721,1,0.401699
bilstm_finetuned,counterfactual,template,2026,test_lookalike_all,bongo_0724,1,0.000029
bilstm_finetuned,counterfactual,template,2026,test_lookalike_all,bongo_0729,1,0.484911
bilstm_finetuned,counterfactual,template,2026,test_lookalike_all,bongo_0741,0,0.000024
bilstm_finetuned,counterfactual,template,2026,test_lookalike_all,bongo_0749,1,0.000021
bilstm_finetuned,counterfactual,template,2026,test_lookalike_all,bongo_0769,1,0.464993
bilstm_finetuned,counterfactual,template,2026,test_lookalike_all,bongo_0770,1,0.000020
bilstm_finetuned,counterfactual,template,2026,test_lookalike_all,bongo_0778,1,0.000022
bilstm_finetuned,counterfactual,template,2026,test_lookalike_all,bongo_0787,1,0.999961
bilstm_finetuned,counterfactual,template,2026,test_lookalike_all,bongo_0795,0,0.000246
bilstm_finetuned,counterfactual,template,2026,test_lookalike_all,bongo_0806,1,0.000041
bilstm_finetuned,counterfactual,template,2026,test_lookalike_all,bongo_0807,1,0.684918
bilstm_finetuned,counterfactual,template,2026,test_lookalike_all,bongo_0818,0,0.004661
bilstm_finetuned,counterfactual,template,2026,test_lookalike_all,bongo_0819,0,0.000134
bilstm_finetuned,counterfactual,template,2026,test_lookalike_all,bongo_0835,0,0.000024
bilstm_finetuned,counterfactual,template,2026,test_lookalike_all,bongo_0840,1,0.999965
bilstm_finetuned,counterfactual,template,2026,test_lookalike_all,bongo_0855,1,0.000074
bilstm_finetuned,counterfactual,template,2026,test_lookalike_all,bongo_0856,0,0.000050
bilstm_finetuned,counterfactual,template,2026,test_lookalike_all,bongo_0864,1,0.668644
bilstm_finetuned,counterfactual,template,2026,test_lookalike_all,bongo_0871,1,0.999978
bilstm_finetuned,counterfactual,template,2026,test_lookalike_all,bongo_0872,0,0.004264
bilstm_finetuned,counterfactual,template,2026,test_lookalike_all,bongo_0904,0,0.000137
bilstm_finetuned,counterfactual,template,2026,test_lookalike_all,bongo_0905,1,0.662694
bilstm_finetuned,counterfactual,template,2026,test_lookalike_all,bongo_0909,1,0.232990
bilstm_finetuned,counterfactual,template,2026,test_lookalike_all,bongo_0917,1,0.000022
bilstm_finetuned,counterfactual,template,2026,test_lookalike_all,bongo_0918,1,0.280077
bilstm_finetuned,counterfactual,template,2026,test_lookalike_all,bongo_0950,0,0.000029
bilstm_finetuned,counterfactual,template,2026,test_lookalike_all,bongo_0955,1,0.662729
bilstm_finetuned,counterfactual,template,2026,test_lookalike_all,bongo_0956,0,0.000023
bilstm_finetuned,counterfactual,template,2026,test_lookalike_all,bongo_0971,0,0.000025
bilstm_finetuned,counterfactual,template,2026,test_lookalike_all,bongo_0983,0,0.000067
bilstm_finetuned,counterfactual,template,2026,test_lookalike_all,bongo_0989,1,0.999924
bilstm_finetuned,counterfactual,template,2026,test_lookalike_all,bongo_0994,0,0.000094
bilstm_finetuned,counterfactual,template,2026,test_lookalike_all,bongo_1003,1,0.661331
bilstm_finetuned,counterfactual,template,2026,test_lookalike_all,bongo_1006,0,0.000031
bilstm_finetuned,counterfactual,template,2026,test_lookalike_all,bongo_1012,1,0.000022
bilstm_finetuned,counterfactual,template,2026,test_lookalike_all,bongo_1015,0,0.000015
bilstm_finetuned,counterfactual,template,2026,test_lookalike_all,bongo_1022,1,0.000022
bilstm_finetuned,counterfactual,template,2026,test_lookalike_all,bongo_1037,0,0.000043
bilstm_finetuned,counterfactual,template,2026,test_lookalike_all,bongo_1040,0,0.000031
bilstm_finetuned,counterfactual,template,2026,test_lookalike_all,bongo_1042,1,0.729148
bilstm_finetuned,counterfactual,template,2026,test_lookalike_all,bongo_1047,1,0.669275
bilstm_finetuned,counterfactual,template,2026,test_lookalike_all,bongo_1050,0,0.000024
bilstm_finetuned,counterfactual,template,2026,test_lookalike_all,bongo_1052,1,0.621101
bilstm_finetuned,counterfactual,template,2026,test_lookalike_all,bongo_1059,0,0.000019
bilstm_finetuned,counterfactual,template,2026,test_lookalike_all,bongo_1071,0,0.000027
bilstm_finetuned,counterfactual,template,2026,test_lookalike_all,bongo_1090,0,0.000015
bilstm_finetuned,counterfactual,template,2026,test_lookalike_all,bongo_1104,1,0.999978
bilstm_finetuned,counterfactual,template,2026,test_lookalike_all,bongo_1115,0,0.000009
bilstm_finetuned,counterfactual,template,2026,test_lookalike_all,bongo_1123,0,0.000032
bilstm_finetuned,counterfactual,template,2026,test_lookalike_all,bongo_1125,0,0.005142
bilstm_finetuned,counterfactual,template,2026,test_lookalike_all,bongo_1127,1,0.020656
bilstm_finetuned,counterfactual,template,2026,test_lookalike_all,bongo_1131,1,0.999059
bilstm_finetuned,counterfactual,template,2026,test_lookalike_all,bongo_1134,1,0.000025
bilstm_finetuned,counterfactual,template,2026,test_lookalike_all,bongo_1135,0,0.051320
bilstm_finetuned,counterfactual,template,2026,test_lookalike_all,bongo_1136,1,0.190157
bilstm_finetuned,counterfactual,template,2026,test_lookalike_all,bongo_1138,1,0.999026
bilstm_finetuned,counterfactual,template,2026,test_lookalike_all,bongo_1140,1,0.395134
bilstm_finetuned,counterfactual,template,2026,test_lookalike_all,bongo_1154,1,0.999962
bilstm_finetuned,counterfactual,template,2026,test_lookalike_all,bongo_1155,0,0.000025
bilstm_finetuned,counterfactual,template,2026,test_lookalike_all,bongo_1171,1,0.693295
bilstm_finetuned,counterfactual,template,2026,test_lookalike_all,bongo_1181,1,0.798147
bilstm_finetuned,counterfactual,template,2026,test_lookalike_all,bongo_1185,1,0.000022
bilstm_finetuned,counterfactual,template,2026,test_lookalike_all,bongo_1194,0,0.000729
bilstm_finetuned,counterfactual,template,2026,test_lookalike_all,bongo_1195,1,0.000023
bilstm_finetuned,counterfactual,template,2026,test_lookalike_all,bongo_1198,0,0.000103
bilstm_finetuned,counterfactual,template,2026,test_lookalike_all,bongo_1204,1,0.000020
bilstm_finetuned,counterfactual,template,2026,test_lookalike_all,bongo_1220,1,0.882263
bilstm_finetuned,counterfactual,template,2026,test_lookalike_all,bongo_1233,1,0.999990
bilstm_finetuned,counterfactual,template,2026,test_lookalike_all,bongo_1236,0,0.000054
bilstm_finetuned,counterfactual,template,2026,test_lookalike_all,bongo_1240,1,0.000022
bilstm_finetuned,counterfactual,template,2026,test_lookalike_all,bongo_1244,0,0.000023
bilstm_finetuned,counterfactual,template,2026,test_lookalike_all,bongo_1249,0,0.000009
bilstm_finetuned,counterfactual,template,2026,test_lookalike_all,bongo_1253,0,0.081567
bilstm_finetuned,counterfactual,template,2026,test_lookalike_all,bongo_1260,0,0.000027
bilstm_finetuned,counterfactual,template,2026,test_lookalike_all,bongo_1262,0,0.000032
bilstm_finetuned,counterfactual,template,2026,test_lookalike_all,bongo_1278,1,0.000021
bilstm_finetuned,counterfactual,template,2026,test_lookalike_all,bongo_1285,0,0.000023
bilstm_finetuned,counterfactual,template,2026,test_lookalike_all,bongo_1293,1,0.344398
bilstm_finetuned,counterfactual,template,2026,test_lookalike_all,bongo_1316,0,0.000075
bilstm_finetuned,counterfactual,template,2026,test_lookalike_all,bongo_1327,1,0.000019
bilstm_finetuned,counterfactual,template,2026,test_lookalike_all,bongo_1330,0,0.061334
bilstm_finetuned,counterfactual,template,2026,test_lookalike_all,bongo_1359,0,0.004311
bilstm_finetuned,counterfactual,template,2026,test_lookalike_all,bongo_1375,0,0.000035
bilstm_finetuned,counterfactual,template,2026,test_structural_1,bongo_0025,1,0.999936
bilstm_finetuned,counterfactual,template,2026,test_structural_1,bongo_0029,0,0.056582
bilstm_finetuned,counterfactual,template,2026,test_structural_1,bongo_0039,1,0.999985
bilstm_finetuned,counterfactual,template,2026,test_structural_1,bongo_0047,1,0.999985
bilstm_finetuned,counterfactual,template,2026,test_structural_1,bongo_0053,0,0.000036
bilstm_finetuned,counterfactual,template,2026,test_structural_1,bongo_0055,1,0.020742
bilstm_finetuned,counterfactual,template,2026,test_structural_1,bongo_0061,1,0.999975
bilstm_finetuned,counterfactual,template,2026,test_structural_1,bongo_0097,0,0.000212
bilstm_finetuned,counterfactual,template,2026,test_structural_1,bongo_0107,0,0.000015
bilstm_finetuned,counterfactual,template,2026,test_structural_1,bongo_0110,0,0.000013
bilstm_finetuned,counterfactual,template,2026,test_structural_1,bongo_0112,1,0.176299
bilstm_finetuned,counterfactual,template,2026,test_structural_1,bongo_0115,0,0.000074
bilstm_finetuned,counterfactual,template,2026,test_structural_1,bongo_0143,0,0.000021
bilstm_finetuned,counterfactual,template,2026,test_structural_1,bongo_0146,1,0.999971
bilstm_finetuned,counterfactual,template,2026,test_structural_1,bongo_0154,1,0.999979
bilstm_finetuned,counterfactual,template,2026,test_structural_1,bongo_0159,1,0.022302
bilstm_finetuned,counterfactual,template,2026,test_structural_1,bongo_0160,0,0.000028
bilstm_finetuned,counterfactual,template,2026,test_structural_1,bongo_0172,0,0.291826
bilstm_finetuned,counterfactual,template,2026,test_structural_1,bongo_0173,1,0.035590
bilstm_finetuned,counterfactual,template,2026,test_structural_1,bongo_0175,0,0.000022
bilstm_finetuned,counterfactual,template,2026,test_structural_1,bongo_0182,0,0.000010
bilstm_finetuned,counterfactual,template,2026,test_structural_1,bongo_0195,1,0.999977
bilstm_finetuned,counterfactual,template,2026,test_structural_1,bongo_0197,0,0.000031
bilstm_finetuned,counterfactual,template,2026,test_structural_1,bongo_0201,1,0.999987
bilstm_finetuned,counterfactual,template,2026,test_structural_1,bongo_0203,1,0.999863
bilstm_finetuned,counterfactual,template,2026,test_structural_1,bongo_0250,1,0.022302
bilstm_finetuned,counterfactual,template,2026,test_structural_1,bongo_0253,0,0.000044
bilstm_finetuned,counterfactual,template,2026,test_structural_1,bongo_0255,1,0.058716
bilstm_finetuned,counterfactual,template,2026,test_structural_1,bongo_0265,1,0.037177
bilstm_finetuned,counterfactual,template,2026,test_structural_1,bongo_0271,0,0.000027
bilstm_finetuned,counterfactual,template,2026,test_structural_1,bongo_0300,0,0.000030
bilstm_finetuned,counterfactual,template,2026,test_structural_1,bongo_0306,0,0.000046
bilstm_finetuned,counterfactual,template,2026,test_structural_1,bongo_0356,1,0.169622
bilstm_finetuned,counterfactual,template,2026,test_structural_1,bongo_0360,1,0.999958
bilstm_finetuned,counterfactual,template,2026,test_structural_1,bongo_0361,1,0.999862
bilstm_finetuned,counterfactual,template,2026,test_structural_1,bongo_0363,0,0.000031
bilstm_finetuned,counterfactual,template,2026,test_structural_1,bongo_0368,0,0.000098
bilstm_finetuned,counterfactual,template,2026,test_structural_1,bongo_0372,0,0.000050
bilstm_finetuned,counterfactual,template,2026,test_structural_1,bongo_0380,1,0.055630
bilstm_finetuned,counterfactual,template,2026,test_structural_1,bongo_0389,0,0.000025
bilstm_finetuned,counterfactual,template,2026,test_structural_1,bongo_0395,0,0.000623
bilstm_finetuned,counterfactual,template,2026,test_structural_1,bongo_0405,1,0.999909
bilstm_finetuned,counterfactual,template,2026,test_structural_1,bongo_0424,1,0.999987
bilstm_finetuned,counterfactual,template,2026,test_structural_1,bongo_0427,0,0.000049
bilstm_finetuned,counterfactual,template,2026,test_structural_1,bongo_0434,1,0.022002
bilstm_finetuned,counterfactual,template,2026,test_structural_1,bongo_0463,0,0.000329
bilstm_finetuned,counterfactual,template,2026,test_structural_1,bongo_0476,1,0.999918
bilstm_finetuned,counterfactual,template,2026,test_structural_1,bongo_0510,1,0.999953
bilstm_finetuned,counterfactual,template,2026,test_structural_1,bongo_0531,0,0.000124
bilstm_finetuned,counterfactual,template,2026,test_structural_1,bongo_0542,0,0.000023
bilstm_finetuned,counterfactual,template,2026,test_structural_1,bongo_0545,0,0.000024
bilstm_finetuned,counterfactual,template,2026,test_structural_1,bongo_0560,1,0.999933
bilstm_finetuned,counterfactual,template,2026,test_structural_1,bongo_0565,1,0.136550
bilstm_finetuned,counterfactual,template,2026,test_structural_1,bongo_0566,1,0.999990
bilstm_finetuned,counterfactual,template,2026,test_structural_1,bongo_0571,0,0.000020
bilstm_finetuned,counterfactual,template,2026,test_structural_1,bongo_0577,1,0.998222
bilstm_finetuned,counterfactual,template,2026,test_structural_1,bongo_0580,1,0.999981
bilstm_finetuned,counterfactual,template,2026,test_structural_1,bongo_0621,1,0.999912
bilstm_finetuned,counterfactual,template,2026,test_structural_1,bongo_0624,1,0.999981
bilstm_finetuned,counterfactual,template,2026,test_structural_1,bongo_0630,0,0.000157
bilstm_finetuned,counterfactual,template,2026,test_structural_1,bongo_0638,1,0.999976
bilstm_finetuned,counterfactual,template,2026,test_structural_1,bongo_0648,0,0.007797
bilstm_finetuned,counterfactual,template,2026,test_structural_1,bongo_0674,0,0.000016
bilstm_finetuned,counterfactual,template,2026,test_structural_1,bongo_0685,0,0.021249
bilstm_finetuned,counterfactual,template,2026,test_structural_1,bongo_0697,1,0.136550
bilstm_finetuned,counterfactual,template,2026,test_structural_1,bongo_0701,0,0.000025
bilstm_finetuned,counterfactual,template,2026,test_structural_1,bongo_0706,1,0.169230
bilstm_finetuned,counterfactual,template,2026,test_structural_1,bongo_0719,1,0.058068
bilstm_finetuned,counterfactual,template,2026,test_structural_1,bongo_0721,1,0.999980
bilstm_finetuned,counterfactual,template,2026,test_structural_1,bongo_0724,1,0.144264
bilstm_finetuned,counterfactual,template,2026,test_structural_1,bongo_0729,1,0.999972
bilstm_finetuned,counterfactual,template,2026,test_structural_1,bongo_0741,0,0.000024
bilstm_finetuned,counterfactual,template,2026,test_structural_1,bongo_0749,1,0.079989
bilstm_finetuned,counterfactual,template,2026,test_structural_1,bongo_0769,1,0.999989
bilstm_finetuned,counterfactual,template,2026,test_structural_1,bongo_0770,1,0.022002
bilstm_finetuned,counterfactual,template,2026,test_structural_1,bongo_0778,1,0.079385
bilstm_finetuned,counterfactual,template,2026,test_structural_1,bongo_0787,1,0.999957
bilstm_finetuned,counterfactual,template,2026,test_structural_1,bongo_0795,0,0.000246
bilstm_finetuned,counterfactual,template,2026,test_structural_1,bongo_0806,1,0.148174
bilstm_finetuned,counterfactual,template,2026,test_structural_1,bongo_0807,1,0.999979
bilstm_finetuned,counterfactual,template,2026,test_structural_1,bongo_0818,0,0.004661
bilstm_finetuned,counterfactual,template,2026,test_structural_1,bongo_0819,0,0.000134
bilstm_finetuned,counterfactual,template,2026,test_structural_1,bongo_0835,0,0.000024
bilstm_finetuned,counterfactual,template,2026,test_structural_1,bongo_0840,1,0.999958
bilstm_finetuned,counterfactual,template,2026,test_structural_1,bongo_0855,1,0.129104
bilstm_finetuned,counterfactual,template,2026,test_structural_1,bongo_0856,0,0.000050
bilstm_finetuned,counterfactual,template,2026,test_structural_1,bongo_0864,1,0.999989
bilstm_finetuned,counterfactual,template,2026,test_structural_1,bongo_0871,1,0.999955
bilstm_finetuned,counterfactual,template,2026,test_structural_1,bongo_0872,0,0.004264
bilstm_finetuned,counterfactual,template,2026,test_structural_1,bongo_0904,0,0.000137
bilstm_finetuned,counterfactual,template,2026,test_structural_1,bongo_0905,1,0.999989
bilstm_finetuned,counterfactual,template,2026,test_structural_1,bongo_0909,1,0.999877
bilstm_finetuned,counterfactual,template,2026,test_structural_1,bongo_0917,1,0.020846
bilstm_finetuned,counterfactual,template,2026,test_structural_1,bongo_0918,1,0.998286
bilstm_finetuned,counterfactual,template,2026,test_structural_1,bongo_0950,0,0.000029
bilstm_finetuned,counterfactual,template,2026,test_structural_1,bongo_0955,1,0.999989
bilstm_finetuned,counterfactual,template,2026,test_structural_1,bongo_0956,0,0.000023
bilstm_finetuned,counterfactual,template,2026,test_structural_1,bongo_0971,0,0.000025
bilstm_finetuned,counterfactual,template,2026,test_structural_1,bongo_0983,0,0.000067
bilstm_finetuned,counterfactual,template,2026,test_structural_1,bongo_0989,1,0.999981
bilstm_finetuned,counterfactual,template,2026,test_structural_1,bongo_0994,0,0.000094
bilstm_finetuned,counterfactual,template,2026,test_structural_1,bongo_1003,1,0.999934
bilstm_finetuned,counterfactual,template,2026,test_structural_1,bongo_1006,0,0.000031
bilstm_finetuned,counterfactual,template,2026,test_structural_1,bongo_1012,1,0.072258
bilstm_finetuned,counterfactual,template,2026,test_structural_1,bongo_1015,0,0.000015
bilstm_finetuned,counterfactual,template,2026,test_structural_1,bongo_1022,1,0.055457
bilstm_finetuned,counterfactual,template,2026,test_structural_1,bongo_1037,0,0.000043
bilstm_finetuned,counterfactual,template,2026,test_structural_1,bongo_1040,0,0.000031
bilstm_finetuned,counterfactual,template,2026,test_structural_1,bongo_1042,1,0.999874
bilstm_finetuned,counterfactual,template,2026,test_structural_1,bongo_1047,1,0.999989
bilstm_finetuned,counterfactual,template,2026,test_structural_1,bongo_1050,0,0.000024
bilstm_finetuned,counterfactual,template,2026,test_structural_1,bongo_1052,1,0.999963
bilstm_finetuned,counterfactual,template,2026,test_structural_1,bongo_1059,0,0.000019
bilstm_finetuned,counterfactual,template,2026,test_structural_1,bongo_1071,0,0.000027
bilstm_finetuned,counterfactual,template,2026,test_structural_1,bongo_1090,0,0.000015
bilstm_finetuned,counterfactual,template,2026,test_structural_1,bongo_1104,1,0.999984
bilstm_finetuned,counterfactual,template,2026,test_structural_1,bongo_1115,0,0.000009
bilstm_finetuned,counterfactual,template,2026,test_structural_1,bongo_1123,0,0.000032
bilstm_finetuned,counterfactual,template,2026,test_structural_1,bongo_1125,0,0.005142
bilstm_finetuned,counterfactual,template,2026,test_structural_1,bongo_1127,1,0.036544
bilstm_finetuned,counterfactual,template,2026,test_structural_1,bongo_1131,1,0.999984
bilstm_finetuned,counterfactual,template,2026,test_structural_1,bongo_1134,1,0.179205
bilstm_finetuned,counterfactual,template,2026,test_structural_1,bongo_1135,0,0.051320
bilstm_finetuned,counterfactual,template,2026,test_structural_1,bongo_1136,1,0.999981
bilstm_finetuned,counterfactual,template,2026,test_structural_1,bongo_1138,1,0.999989
bilstm_finetuned,counterfactual,template,2026,test_structural_1,bongo_1140,1,0.999876
bilstm_finetuned,counterfactual,template,2026,test_structural_1,bongo_1154,1,0.999972
bilstm_finetuned,counterfactual,template,2026,test_structural_1,bongo_1155,0,0.000025
bilstm_finetuned,counterfactual,template,2026,test_structural_1,bongo_1171,1,0.999984
bilstm_finetuned,counterfactual,template,2026,test_structural_1,bongo_1181,1,0.999940
bilstm_finetuned,counterfactual,template,2026,test_structural_1,bongo_1185,1,0.051734
bilstm_finetuned,counterfactual,template,2026,test_structural_1,bongo_1194,0,0.000729
bilstm_finetuned,counterfactual,template,2026,test_structural_1,bongo_1195,1,0.129163
bilstm_finetuned,counterfactual,template,2026,test_structural_1,bongo_1198,0,0.000103
bilstm_finetuned,counterfactual,template,2026,test_structural_1,bongo_1204,1,0.022869
bilstm_finetuned,counterfactual,template,2026,test_structural_1,bongo_1220,1,0.999986
bilstm_finetuned,counterfactual,template,2026,test_structural_1,bongo_1233,1,0.999989
bilstm_finetuned,counterfactual,template,2026,test_structural_1,bongo_1236,0,0.000054
bilstm_finetuned,counterfactual,template,2026,test_structural_1,bongo_1240,1,0.060458
bilstm_finetuned,counterfactual,template,2026,test_structural_1,bongo_1244,0,0.000023
bilstm_finetuned,counterfactual,template,2026,test_structural_1,bongo_1249,0,0.000009
bilstm_finetuned,counterfactual,template,2026,test_structural_1,bongo_1253,0,0.081567
bilstm_finetuned,counterfactual,template,2026,test_structural_1,bongo_1260,0,0.000027
bilstm_finetuned,counterfactual,template,2026,test_structural_1,bongo_1262,0,0.000032
bilstm_finetuned,counterfactual,template,2026,test_structural_1,bongo_1278,1,0.081237
bilstm_finetuned,counterfactual,template,2026,test_structural_1,bongo_1285,0,0.000023
bilstm_finetuned,counterfactual,template,2026,test_structural_1,bongo_1293,1,0.999955
bilstm_finetuned,counterfactual,template,2026,test_structural_1,bongo_1316,0,0.000075
bilstm_finetuned,counterfactual,template,2026,test_structural_1,bongo_1327,1,0.023878
bilstm_finetuned,counterfactual,template,2026,test_structural_1,bongo_1330,0,0.061334
bilstm_finetuned,counterfactual,template,2026,test_structural_1,bongo_1359,0,0.004311
bilstm_finetuned,counterfactual,template,2026,test_structural_1,bongo_1375,0,0.000035
bilstm_finetuned,counterfactual,template,2026,test_structural_3,bongo_0025,1,0.999964
bilstm_finetuned,counterfactual,template,2026,test_structural_3,bongo_0029,0,0.056582
bilstm_finetuned,counterfactual,template,2026,test_structural_3,bongo_0039,1,0.999989
bilstm_finetuned,counterfactual,template,2026,test_structural_3,bongo_0047,1,0.999985
bilstm_finetuned,counterfactual,template,2026,test_structural_3,bongo_0053,0,0.000036
bilstm_finetuned,counterfactual,template,2026,test_structural_3,bongo_0055,1,0.032932
bilstm_finetuned,counterfactual,template,2026,test_structural_3,bongo_0061,1,0.999788
bilstm_finetuned,counterfactual,template,2026,test_structural_3,bongo_0097,0,0.000212
bilstm_finetuned,counterfactual,template,2026,test_structural_3,bongo_0107,0,0.000015
bilstm_finetuned,counterfactual,template,2026,test_structural_3,bongo_0110,0,0.000013
bilstm_finetuned,counterfactual,template,2026,test_structural_3,bongo_0112,1,0.178977
bilstm_finetuned,counterfactual,template,2026,test_structural_3,bongo_0115,0,0.000074
bilstm_finetuned,counterfactual,template,2026,test_structural_3,bongo_0143,0,0.000021
bilstm_finetuned,counterfactual,template,2026,test_structural_3,bongo_0146,1,0.999971
bilstm_finetuned,counterfactual,template,2026,test_structural_3,bongo_0154,1,0.999815
bilstm_finetuned,counterfactual,template,2026,test_structural_3,bongo_0159,1,0.031232
bilstm_finetuned,counterfactual,template,2026,test_structural_3,bongo_0160,0,0.000028
bilstm_finetuned,counterfactual,template,2026,test_structural_3,bongo_0172,0,0.291826
bilstm_finetuned,counterfactual,template,2026,test_structural_3,bongo_0173,1,0.109608
bilstm_finetuned,counterfactual,template,2026,test_structural_3,bongo_0175,0,0.000022
bilstm_finetuned,counterfactual,template,2026,test_structural_3,bongo_0182,0,0.000010
bilstm_finetuned,counterfactual,template,2026,test_structural_3,bongo_0195,1,0.999955
bilstm_finetuned,counterfactual,template,2026,test_structural_3,bongo_0197,0,0.000031
bilstm_finetuned,counterfactual,template,2026,test_structural_3,bongo_0201,1,0.999992
bilstm_finetuned,counterfactual,template,2026,test_structural_3,bongo_0203,1,0.999867
bilstm_finetuned,counterfactual,template,2026,test_structural_3,bongo_0250,1,0.030374
bilstm_finetuned,counterfactual,template,2026,test_structural_3,bongo_0253,0,0.000044
bilstm_finetuned,counterfactual,template,2026,test_structural_3,bongo_0255,1,0.106860
bilstm_finetuned,counterfactual,template,2026,test_structural_3,bongo_0265,1,0.044128
bilstm_finetuned,counterfactual,template,2026,test_structural_3,bongo_0271,0,0.000027
bilstm_finetuned,counterfactual,template,2026,test_structural_3,bongo_0300,0,0.000030
bilstm_finetuned,counterfactual,template,2026,test_structural_3,bongo_0306,0,0.000046
bilstm_finetuned,counterfactual,template,2026,test_structural_3,bongo_0356,1,0.185004
bilstm_finetuned,counterfactual,template,2026,test_structural_3,bongo_0360,1,0.999973
bilstm_finetuned,counterfactual,template,2026,test_structural_3,bongo_0361,1,0.694464
bilstm_finetuned,counterfactual,template,2026,test_structural_3,bongo_0363,0,0.000031
bilstm_finetuned,counterfactual,template,2026,test_structural_3,bongo_0368,0,0.000098
bilstm_finetuned,counterfactual,template,2026,test_structural_3,bongo_0372,0,0.000050
bilstm_finetuned,counterfactual,template,2026,test_structural_3,bongo_0380,1,0.048154
bilstm_finetuned,counterfactual,template,2026,test_structural_3,bongo_0389,0,0.000025
bilstm_finetuned,counterfactual,template,2026,test_structural_3,bongo_0395,0,0.000623
bilstm_finetuned,counterfactual,template,2026,test_structural_3,bongo_0405,1,0.999819
bilstm_finetuned,counterfactual,template,2026,test_structural_3,bongo_0424,1,0.999987
bilstm_finetuned,counterfactual,template,2026,test_structural_3,bongo_0427,0,0.000049
bilstm_finetuned,counterfactual,template,2026,test_structural_3,bongo_0434,1,0.032557
bilstm_finetuned,counterfactual,template,2026,test_structural_3,bongo_0463,0,0.000329
bilstm_finetuned,counterfactual,template,2026,test_structural_3,bongo_0476,1,0.999981
bilstm_finetuned,counterfactual,template,2026,test_structural_3,bongo_0510,1,0.999989
bilstm_finetuned,counterfactual,template,2026,test_structural_3,bongo_0531,0,0.000124
bilstm_finetuned,counterfactual,template,2026,test_structural_3,bongo_0542,0,0.000023
bilstm_finetuned,counterfactual,template,2026,test_structural_3,bongo_0545,0,0.000024
bilstm_finetuned,counterfactual,template,2026,test_structural_3,bongo_0560,1,0.999801
bilstm_finetuned,counterfactual,template,2026,test_structural_3,bongo_0565,1,0.144535
bilstm_finetuned,counterfactual,template,2026,test_structural_3,bongo_0566,1,0.999990
bilstm_finetuned,counterfactual,template,2026,test_structural_3,bongo_0571,0,0.000020
bilstm_finetuned,counterfactual,template,2026,test_structural_3,bongo_0577,1,0.999905
bilstm_finetuned,counterfactual,template,2026,test_structural_3,bongo_0580,1,0.999982
bilstm_finetuned,counterfactual,template,2026,test_structural_3,bongo_0621,1,0.999921
bilstm_finetuned,counterfactual,template,2026,test_structural_3,bongo_0624,1,0.999971
bilstm_finetuned,counterfactual,template,2026,test_structural_3,bongo_0630,0,0.000157
bilstm_finetuned,counterfactual,template,2026,test_structural_3,bongo_0638,1,0.999976
bilstm_finetuned,counterfactual,template,2026,test_structural_3,bongo_0648,0,0.007797
bilstm_finetuned,counterfactual,template,2026,test_structural_3,bongo_0674,0,0.000016
bilstm_finetuned,counterfactual,template,2026,test_structural_3,bongo_0685,0,0.021249
bilstm_finetuned,counterfactual,template,2026,test_structural_3,bongo_0697,1,0.145601
bilstm_finetuned,counterfactual,template,2026,test_structural_3,bongo_0701,0,0.000025
bilstm_finetuned,counterfactual,template,2026,test_structural_3,bongo_0706,1,0.175712
bilstm_finetuned,counterfactual,template,2026,test_structural_3,bongo_0719,1,0.067271
bilstm_finetuned,counterfactual,template,2026,test_structural_3,bongo_0721,1,0.999981
bilstm_finetuned,counterfactual,template,2026,test_structural_3,bongo_0724,1,0.149371
bilstm_finetuned,counterfactual,template,2026,test_structural_3,bongo_0729,1,0.999971
bilstm_finetuned,counterfactual,template,2026,test_structural_3,bongo_0741,0,0.000024
bilstm_finetuned,counterfactual,template,2026,test_structural_3,bongo_0749,1,0.073317
bilstm_finetuned,counterfactual,template,2026,test_structural_3,bongo_0769,1,0.999987
bilstm_finetuned,counterfactual,template,2026,test_structural_3,bongo_0770,1,0.030555
bilstm_finetuned,counterfactual,template,2026,test_structural_3,bongo_0778,1,0.074332
bilstm_finetuned,counterfactual,template,2026,test_structural_3,bongo_0787,1,0.999973
bilstm_finetuned,counterfactual,template,2026,test_structural_3,bongo_0795,0,0.000246
bilstm_finetuned,counterfactual,template,2026,test_structural_3,bongo_0806,1,0.158995
bilstm_finetuned,counterfactual,template,2026,test_structural_3,bongo_0807,1,0.999980
bilstm_finetuned,counterfactual,template,2026,test_structural_3,bongo_0818,0,0.004661
bilstm_finetuned,counterfactual,template,2026,test_structural_3,bongo_0819,0,0.000134
bilstm_finetuned,counterfactual,template,2026,test_structural_3,bongo_0835,0,0.000024
bilstm_finetuned,counterfactual,template,2026,test_structural_3,bongo_0840,1,0.999973
bilstm_finetuned,counterfactual,template,2026,test_structural_3,bongo_0855,1,0.145101
bilstm_finetuned,counterfactual,template,2026,test_structural_3,bongo_0856,0,0.000050
bilstm_finetuned,counterfactual,template,2026,test_structural_3,bongo_0864,1,0.999990
bilstm_finetuned,counterfactual,template,2026,test_structural_3,bongo_0871,1,0.999983
bilstm_finetuned,counterfactual,template,2026,test_structural_3,bongo_0872,0,0.004264
bilstm_finetuned,counterfactual,template,2026,test_structural_3,bongo_0904,0,0.000137
bilstm_finetuned,counterfactual,template,2026,test_structural_3,bongo_0905,1,0.999989
bilstm_finetuned,counterfactual,template,2026,test_structural_3,bongo_0909,1,0.999951
bilstm_finetuned,counterfactual,template,2026,test_structural_3,bongo_0917,1,0.021981
bilstm_finetuned,counterfactual,template,2026,test_structural_3,bongo_0918,1,0.999944
bilstm_finetuned,counterfactual,template,2026,test_structural_3,bongo_0950,0,0.000029
bilstm_finetuned,counterfactual,template,2026,test_structural_3,bongo_0955,1,0.999973
bilstm_finetuned,counterfactual,template,2026,test_structural_3,bongo_0956,0,0.000023
bilstm_finetuned,counterfactual,template,2026,test_structural_3,bongo_0971,0,0.000025
bilstm_finetuned,counterfactual,template,2026,test_structural_3,bongo_0983,0,0.000067
bilstm_finetuned,counterfactual,template,2026,test_structural_3,bongo_0989,1,0.999984
bilstm_finetuned,counterfactual,template,2026,test_structural_3,bongo_0994,0,0.000094
bilstm_finetuned,counterfactual,template,2026,test_structural_3,bongo_1003,1,0.999994
bilstm_finetuned,counterfactual,template,2026,test_structural_3,bongo_1006,0,0.000031
bilstm_finetuned,counterfactual,template,2026,test_structural_3,bongo_1012,1,0.090202
bilstm_finetuned,counterfactual,template,2026,test_structural_3,bongo_1015,0,0.000015
bilstm_finetuned,counterfactual,template,2026,test_structural_3,bongo_1022,1,0.068987
bilstm_finetuned,counterfactual,template,2026,test_structural_3,bongo_1037,0,0.000043
bilstm_finetuned,counterfactual,template,2026,test_structural_3,bongo_1040,0,0.000031
bilstm_finetuned,counterfactual,template,2026,test_structural_3,bongo_1042,1,0.999990
bilstm_finetuned,counterfactual,template,2026,test_structural_3,bongo_1047,1,0.999990
bilstm_finetuned,counterfactual,template,2026,test_structural_3,bongo_1050,0,0.000024
bilstm_finetuned,counterfactual,template,2026,test_structural_3,bongo_1052,1,0.999990
bilstm_finetuned,counterfactual,template,2026,test_structural_3,bongo_1059,0,0.000019
bilstm_finetuned,counterfactual,template,2026,test_structural_3,bongo_1071,0,0.000027
bilstm_finetuned,counterfactual,template,2026,test_structural_3,bongo_1090,0,0.000015
bilstm_finetuned,counterfactual,template,2026,test_structural_3,bongo_1104,1,0.999990
bilstm_finetuned,counterfactual,template,2026,test_structural_3,bongo_1115,0,0.000009
bilstm_finetuned,counterfactual,template,2026,test_structural_3,bongo_1123,0,0.000032
bilstm_finetuned,counterfactual,template,2026,test_structural_3,bongo_1125,0,0.005142
bilstm_finetuned,counterfactual,template,2026,test_structural_3,bongo_1127,1,0.089850
bilstm_finetuned,counterfactual,template,2026,test_structural_3,bongo_1131,1,0.999868
bilstm_finetuned,counterfactual,template,2026,test_structural_3,bongo_1134,1,0.226575
bilstm_finetuned,counterfactual,template,2026,test_structural_3,bongo_1135,0,0.051320
bilstm_finetuned,counterfactual,template,2026,test_structural_3,bongo_1136,1,0.999989
bilstm_finetuned,counterfactual,template,2026,test_structural_3,bongo_1138,1,0.999983
bilstm_finetuned,counterfactual,template,2026,test_structural_3,bongo_1140,1,0.999944
bilstm_finetuned,counterfactual,template,2026,test_structural_3,bongo_1154,1,0.999974
bilstm_finetuned,counterfactual,template,2026,test_structural_3,bongo_1155,0,0.000025
bilstm_finetuned,counterfactual,template,2026,test_structural_3,bongo_1171,1,0.999990
bilstm_finetuned,counterfactual,template,2026,test_structural_3,bongo_1181,1,0.999983
bilstm_finetuned,counterfactual,template,2026,test_structural_3,bongo_1185,1,0.097437
bilstm_finetuned,counterfactual,template,2026,test_structural_3,bongo_1194,0,0.000729
bilstm_finetuned,counterfactual,template,2026,test_structural_3,bongo_1195,1,0.147977
bilstm_finetuned,counterfactual,template,2026,test_structural_3,bongo_1198,0,0.000103
bilstm_finetuned,counterfactual,template,2026,test_structural_3,bongo_1204,1,0.028546
bilstm_finetuned,counterfactual,template,2026,test_structural_3,bongo_1220,1,0.999990
bilstm_finetuned,counterfactual,template,2026,test_structural_3,bongo_1233,1,0.999990
bilstm_finetuned,counterfactual,template,2026,test_structural_3,bongo_1236,0,0.000054
bilstm_finetuned,counterfactual,template,2026,test_structural_3,bongo_1240,1,0.108331
bilstm_finetuned,counterfactual,template,2026,test_structural_3,bongo_1244,0,0.000023
bilstm_finetuned,counterfactual,template,2026,test_structural_3,bongo_1249,0,0.000009
bilstm_finetuned,counterfactual,template,2026,test_structural_3,bongo_1253,0,0.081567
bilstm_finetuned,counterfactual,template,2026,test_structural_3,bongo_1260,0,0.000027
bilstm_finetuned,counterfactual,template,2026,test_structural_3,bongo_1262,0,0.000032
bilstm_finetuned,counterfactual,template,2026,test_structural_3,bongo_1278,1,0.137893
bilstm_finetuned,counterfactual,template,2026,test_structural_3,bongo_1285,0,0.000023
bilstm_finetuned,counterfactual,template,2026,test_structural_3,bongo_1293,1,0.999956
bilstm_finetuned,counterfactual,template,2026,test_structural_3,bongo_1316,0,0.000075
bilstm_finetuned,counterfactual,template,2026,test_structural_3,bongo_1327,1,0.059671
bilstm_finetuned,counterfactual,template,2026,test_structural_3,bongo_1330,0,0.061334
bilstm_finetuned,counterfactual,template,2026,test_structural_3,bongo_1359,0,0.004311
bilstm_finetuned,counterfactual,template,2026,test_structural_3,bongo_1375,0,0.000035
bilstm_finetuned,counterfactual,template,2026,test_structural_all,bongo_0025,1,0.999966
bilstm_finetuned,counterfactual,template,2026,test_structural_all,bongo_0029,0,0.056582
bilstm_finetuned,counterfactual,template,2026,test_structural_all,bongo_0039,1,0.999990
bilstm_finetuned,counterfactual,template,2026,test_structural_all,bongo_0047,1,0.999993
bilstm_finetuned,counterfactual,template,2026,test_structural_all,bongo_0053,0,0.000036
bilstm_finetuned,counterfactual,template,2026,test_structural_all,bongo_0055,1,0.671829
bilstm_finetuned,counterfactual,template,2026,test_structural_all,bongo_0061,1,0.999978
bilstm_finetuned,counterfactual,template,2026,test_structural_all,bongo_0097,0,0.000212
bilstm_finetuned,counterfactual,template,2026,test_structural_all,bongo_0107,0,0.000015
bilstm_finetuned,counterfactual,template,2026,test_structural_all,bongo_0110,0,0.000013
bilstm_finetuned,counterfactual,template,2026,test_structural_all,bongo_0112,1,0.562618
bilstm_finetuned,counterfactual,template,2026,test_structural_all,bongo_0115,0,0.000074
bilstm_finetuned,counterfactual,template,2026,test_structural_all,bongo_0143,0,0.000021
bilstm_finetuned,counterfactual,template,2026,test_structural_all,bongo_0146,1,0.999975
bilstm_finetuned,counterfactual,template,2026,test_structural_all,bongo_0154,1,0.999994
bilstm_finetuned,counterfactual,template,2026,test_structural_all,bongo_0159,1,0.672214
bilstm_finetuned,counterfactual,template,2026,test_structural_all,bongo_0160,0,0.000028
bilstm_finetuned,counterfactual,template,2026,test_structural_all,bongo_0172,0,0.291826
bilstm_finetuned,counterfactual,template,2026,test_structural_all,bongo_0173,1,0.432882
bilstm_finetuned,counterfactual,template,2026,test_structural_all,bongo_0175,0,0.000022
bilstm_finetuned,counterfactual,template,2026,test_structural_all,bongo_0182,0,0.000010
bilstm_finetuned,counterfactual,template,2026,test_structural_all,bongo_0195,1,0.999986
bilstm_finetuned,counterfactual,template,2026,test_structural_all,bongo_0197,0,0.000031
bilstm_finetuned,counterfactual,template,2026,test_structural_all,bongo_0201,1,0.999993
bilstm_finetuned,counterfactual,template,2026,test_structural_all,bongo_0203,1,0.999907
bilstm_finetuned,counterfactual,template,2026,test_structural_all,bongo_0250,1,0.559232
bilstm_finetuned,counterfactual,template,2026,test_structural_all,bongo_0253,0,0.000044
bilstm_finetuned,counterfactual,template,2026,test_structural_all,bongo_0255,1,0.568161
bilstm_finetuned,counterfactual,template,2026,test_structural_all,bongo_0265,1,0.329793
bilstm_finetuned,counterfactual,template,2026,test_structural_all,bongo_0271,0,0.000027
bilstm_finetuned,counterfactual,template,2026,test_structural_all,bongo_0300,0,0.000030
bilstm_finetuned,counterfactual,template,2026,test_structural_all,bongo_0306,0,0.000046
bilstm_finetuned,counterfactual,template,2026,test_structural_all,bongo_0356,1,0.576491
bilstm_finetuned,counterfactual,template,2026,test_structural_all,bongo_0360,1,0.999978
bilstm_finetuned,counterfactual,template,2026,test_structural_all,bongo_0361,1,0.999898
bilstm_finetuned,counterfactual,template,2026,test_structural_all,bongo_0363,0,0.000031
bilstm_finetuned,counterfactual,template,2026,test_structural_all,bongo_0368,0,0.000098
bilstm_finetuned,counterfactual,template,2026,test_structural_all,bongo_0372,0,0.000050
bilstm_finetuned,counterfactual,template,2026,test_structural_all,bongo_0380,1,0.568462
bilstm_finetuned,counterfactual,template,2026,test_structural_all,bongo_0389,0,0.000025
bilstm_finetuned,counterfactual,template,2026,test_structural_all,bongo_0395,0,0.000623
bilstm_finetuned,counterfactual,template,2026,test_structural_all,bongo_0405,1,0.999971
bilstm_finetuned,counterfactual,template,2026,test_structural_all,bongo_0424,1,0.999993
bilstm_finetuned,counterfactual,template,2026,test_structural_all,bongo_0427,0,0.000049
bilstm_finetuned,counterfactual,template,2026,test_structural_all,bongo_0434,1,0.566215
bilstm_finetuned,counterfactual,template,2026,test_structural_all,bongo_0463,0,0.000329
bilstm_finetuned,counterfactual,template,2026,test_structural_all,bongo_0476,1,0.999982
bilstm_finetuned,counterfactual,template,2026,test_structural_all,bongo_0510,1,0.999993
bilstm_finetuned,counterfactual,template,2026,test_structural_all,bongo_0531,0,0.000124
bilstm_finetuned,counterfactual,template,2026,test_structural_all,bongo_0542,0,0.000023
bilstm_finetuned,counterfactual,template,2026,test_structural_all,bongo_0545,0,0.000024
bilstm_finetuned,counterfactual,template,2026,test_structural_all,bongo_0560,1,0.999990
bilstm_finetuned,counterfactual,template,2026,test_structural_all,bongo_0565,1,0.035886
bilstm_finetuned,counterfactual,template,2026,test_structural_all,bongo_0566,1,0.999992
bilstm_finetuned,counterfactual,template,2026,test_structural_all,bongo_0571,0,0.000020
bilstm_finetuned,counterfactual,template,2026,test_structural_all,bongo_0577,1,0.999983
bilstm_finetuned,counterfactual,template,2026,test_structural_all,bongo_0580,1,0.999976
bilstm_finetuned,counterfactual,template,2026,test_structural_all,bongo_0621,1,0.999959
bilstm_finetuned,counterfactual,template,2026,test_structural_all,bongo_0624,1,0.999985
bilstm_finetuned,counterfactual,template,2026,test_structural_all,bongo_0630,0,0.000157
bilstm_finetuned,counterfactual,template,2026,test_structural_all,bongo_0638,1,0.999975
bilstm_finetuned,counterfactual,template,2026,test_structural_all,bongo_0648,0,0.007797
bilstm_finetuned,counterfactual,template,2026,test_structural_all,bongo_0674,0,0.000016
bilstm_finetuned,counterfactual,template,2026,test_structural_all,bongo_0685,0,0.021249
bilstm_finetuned,counterfactual,template,2026,test_structural_all,bongo_0697,1,0.020520
bilstm_finetuned,counterfactual,template,2026,test_structural_all,bongo_0701,0,0.000025
bilstm_finetuned,counterfactual,template,2026,test_structural_all,bongo_0706,1,0.036146
bilstm_finetuned,counterfactual,template,2026,test_structural_all,bongo_0719,1,0.573481
bilstm_finetuned,counterfactual,template,2026,test_structural_all,bongo_0721,1,0.999870
bilstm_finetuned,counterfactual,template,2026,test_structural_all,bongo_0724,1,0.567102
bilstm_finetuned,counterfactual,template,2026,test_structural_all,bongo_0729,1,0.999979
bilstm_finetuned,counterfactual,template,2026,test_structural_all,bongo_0741,0,0.000024
bilstm_finetuned,counterfactual,template,2026,test_structural_all,bongo_0749,1,0.566336
bilstm_finetuned,counterfactual,template,2026,test_structural_all,bongo_0769,1,0.999987
bilstm_finetuned,counterfactual,template,2026,test_structural_all,bongo_0770,1,0.563625
bilstm_finetuned,counterfactual,template,2026,test_structural_all,bongo_0778,1,0.999985
bilstm_finetuned,counterfactual,template,2026,test_structural_all,bongo_0787,1,0.999989
bilstm_finetuned,counterfactual,template,2026,test_structural_all,bongo_0795,0,0.000246
bilstm_finetuned,counterfactual,template,2026,test_structural_all,bongo_0806,1,0.999565
bilstm_finetuned,counterfactual,template,2026,test_structural_all,bongo_0807,1,0.999989
bilstm_finetuned,counterfactual,template,2026,test_structural_all,bongo_0818,0,0.004661
bilstm_finetuned,counterfactual,template,2026,test_structural_all,bongo_0819,0,0.000134
bilstm_finetuned,counterfactual,template,2026,test_structural_all,bongo_0835,0,0.000024
bilstm_finetuned,counterfactual,template,2026,test_structural_all,bongo_0840,1,0.999974
bilstm_finetuned,counterfactual,template,2026,test_structural_all,bongo_0855,1,0.516233
bilstm_finetuned,counterfactual,template,2026,test_structural_all,bongo_0856,0,0.000050
bilstm_finetuned,counterfactual,template,2026,test_structural_all,bongo_0864,1,0.999990
bilstm_finetuned,counterfactual,template,2026,test_structural_all,bongo_0871,1,0.999993
bilstm_finetuned,counterfactual,template,2026,test_structural_all,bongo_0872,0,0.004264
bilstm_finetuned,counterfactual,template,2026,test_structural_all,bongo_0904,0,0.000137
bilstm_finetuned,counterfactual,template,2026,test_structural_all,bongo_0905,1,0.999990
bilstm_finetuned,counterfactual,template,2026,test_structural_all,bongo_0909,1,0.999944
bilstm_finetuned,counterfactual,template,2026,test_structural_all,bongo_0917,1,0.692290
bilstm_finetuned,counterfactual,template,2026,test_structural_all,bongo_0918,1,0.999926
bilstm_finetuned,counterfactual,template,2026,test_structural_all,bongo_0950,0,0.000029
bilstm_finetuned,counterfactual,template,2026,test_structural_all,bongo_0955,1,0.999991
bilstm_finetuned,counterfactual,template,2026,test_structural_all,bongo_0956,0,0.000023
bilstm_finetuned,counterfactual,template,2026,test_structural_all,bongo_0971,0,0.000025
bilstm_finetuned,counterfactual,template,2026,test_structural_all,bongo_0983,0,0.000067
bilstm_finetuned,counterfactual,template,2026,test_structural_all,bongo_0989,1,0.999993
bilstm_finetuned,counterfactual,template,2026,test_structural_all,bongo_0994,0,0.000094
bilstm_finetuned,counterfactual,template,2026,test_structural_all,bongo_1003,1,0.999989
bilstm_finetuned,counterfactual,template,2026,test_structural_all,bongo_1006,0,0.000031
bilstm_finetuned,counterfactual,template,2026,test_structural_all,bongo_1012,1,0.999989
bilstm_finetuned,counterfactual,template,2026,test_structural_all,bongo_1015,0,0.000015
bilstm_finetuned,counterfactual,template,2026,test_structural_all,bongo_1022,1,0.999993
bilstm_finetuned,counterfactual,template,2026,test_structural_all,bongo_1037,0,0.000043
bilstm_finetuned,counterfactual,template,2026,test_structural_all,bongo_1040,0,0.000031
bilstm_finetuned,counterfactual,template,2026,test_structural_all,bongo_1042,1,0.999991
bilstm_finetuned,counterfactual,template,2026,test_structural_all,bongo_1047,1,0.999982
bilstm_finetuned,counterfactual,template,2026,test_structural_all,bongo_1050,0,0.000024
bilstm_finetuned,counterfactual,template,2026,test_structural_all,bongo_1052,1,0.999990
bilstm_finetuned,counterfactual,template,2026,test_structural_all,bongo_1059,0,0.000019
bilstm_finetuned,counterfactual,template,2026,test_structural_all,bongo_1071,0,0.000027
bilstm_finetuned,counterfactual,template,2026,test_structural_all,bongo_1090,0,0.000015
bilstm_finetuned,counterfactual,template,2026,test_structural_all,bongo_1104,1,0.999991
bilstm_finetuned,counterfactual,template,2026,test_structural_all,bongo_1115,0,0.000009
bilstm_finetuned,counterfactual,template,2026,test_structural_all,bongo_1123,0,0.000032
bilstm_finetuned,counterfactual,template,2026,test_structural_all,bongo_1125,0,0.005142
bilstm_finetuned,counterfactual,template,2026,test_structural_all,bongo_1127,1,0.335695
bilstm_finetuned,counterfactual,template,2026,test_structural_all,bongo_1131,1,0.999984
bilstm_finetuned,counterfactual,template,2026,test_structural_all,bongo_1134,1,0.687392
bilstm_finetuned,counterfactual,template,2026,test_structural_all,bongo_1135,0,0.051320
bilstm_finetuned,counterfactual,template,2026,test_structural_all,bongo_1136,1,0.999985
bilstm_finetuned,counterfactual,template,2026,test_structural_all,bongo_1138,1,0.999992
bilstm_finetuned,counterfactual,template,2026,test_structural_all,bongo_1140,1,0.999915
bilstm_finetuned,counterfactual,template,2026,test_structural_all,bongo_1154,1,0.999984
bilstm_finetuned,counterfactual,template,2026,test_structural_all,bongo_1155,0,0.000025
bilstm_finetuned,counterfactual,template,2026,test_structural_all,bongo_1171,1,0.999991
bilstm_finetuned,counterfactual,template,2026,test_structural_all,bongo_1181,1,0.999983
bilstm_finetuned,counterfactual,template,2026,test_structural_all,bongo_1185,1,0.000057
bilstm_finetuned,counterfactual,template,2026,test_structural_all,bongo_1194,0,0.000729
bilstm_finetuned,counterfactual,template,2026,test_structural_all,bongo_1195,1,0.000025
bilstm_finetuned,counterfactual,template,2026,test_structural_all,bongo_1198,0,0.000103
bilstm_finetuned,counterfactual,template,2026,test_structural_all,bongo_1204,1,0.999991
bilstm_finetuned,counterfactual,template,2026,test_structural_all,bongo_1220,1,0.999993
bilstm_finetuned,counterfactual,template,2026,test_structural_all,bongo_1233,1,0.999983
bilstm_finetuned,counterfactual,template,2026,test_structural_all,bongo_1236,0,0.000054
bilstm_finetuned,counterfactual,template,2026,test_structural_all,bongo_1240,1,0.569366
bilstm_finetuned,counterfactual,template,2026,test_structural_all,bongo_1244,0,0.000023
bilstm_finetuned,counterfactual,template,2026,test_structural_all,bongo_1249,0,0.000009
bilstm_finetuned,counterfactual,template,2026,test_structural_all,bongo_1253,0,0.081567
bilstm_finetuned,counterfactual,template,2026,test_structural_all,bongo_1260,0,0.000027
bilstm_finetuned,counterfactual,template,2026,test_structural_all,bongo_1262,0,0.000032
bilstm_finetuned,counterfactual,template,2026,test_structural_all,bongo_1278,1,0.000021
bilstm_finetuned,counterfactual,template,2026,test_structural_all,bongo_1285,0,0.000023
bilstm_finetuned,counterfactual,template,2026,test_structural_all,bongo_1293,1,0.999922
bilstm_finetuned,counterfactual,template,2026,test_structural_all,bongo_1316,0,0.000075
bilstm_finetuned,counterfactual,template,2026,test_structural_all,bongo_1327,1,0.999993
bilstm_finetuned,counterfactual,template,2026,test_structural_all,bongo_1330,0,0.061334
bilstm_finetuned,counterfactual,template,2026,test_structural_all,bongo_1359,0,0.004311
bilstm_finetuned,counterfactual,template,2026,test_structural_all,bongo_1375,0,0.000035
bilstm_finetuned,counterfactual,template,2026,test_codeswitch_1,bongo_0025,1,0.999939
bilstm_finetuned,counterfactual,template,2026,test_codeswitch_1,bongo_0029,0,0.056582
bilstm_finetuned,counterfactual,template,2026,test_codeswitch_1,bongo_0039,1,0.692748
bilstm_finetuned,counterfactual,template,2026,test_codeswitch_1,bongo_0047,1,0.999985
bilstm_finetuned,counterfactual,template,2026,test_codeswitch_1,bongo_0053,0,0.000036
bilstm_finetuned,counterfactual,template,2026,test_codeswitch_1,bongo_0055,1,0.020786
bilstm_finetuned,counterfactual,template,2026,test_codeswitch_1,bongo_0061,1,0.999753
bilstm_finetuned,counterfactual,template,2026,test_codeswitch_1,bongo_0097,0,0.000212
bilstm_finetuned,counterfactual,template,2026,test_codeswitch_1,bongo_0107,0,0.000015
bilstm_finetuned,counterfactual,template,2026,test_codeswitch_1,bongo_0110,0,0.000013
bilstm_finetuned,counterfactual,template,2026,test_codeswitch_1,bongo_0112,1,0.160626
bilstm_finetuned,counterfactual,template,2026,test_codeswitch_1,bongo_0115,0,0.000074
bilstm_finetuned,counterfactual,template,2026,test_codeswitch_1,bongo_0143,0,0.000021
bilstm_finetuned,counterfactual,template,2026,test_codeswitch_1,bongo_0146,1,0.999965
bilstm_finetuned,counterfactual,template,2026,test_codeswitch_1,bongo_0154,1,0.999945
bilstm_finetuned,counterfactual,template,2026,test_codeswitch_1,bongo_0159,1,0.020808
bilstm_finetuned,counterfactual,template,2026,test_codeswitch_1,bongo_0160,0,0.000028
bilstm_finetuned,counterfactual,template,2026,test_codeswitch_1,bongo_0172,0,0.291826
bilstm_finetuned,counterfactual,template,2026,test_codeswitch_1,bongo_0173,1,0.033246
bilstm_finetuned,counterfactual,template,2026,test_codeswitch_1,bongo_0175,0,0.000022
bilstm_finetuned,counterfactual,template,2026,test_codeswitch_1,bongo_0182,0,0.000010
bilstm_finetuned,counterfactual,template,2026,test_codeswitch_1,bongo_0195,1,0.445686
bilstm_finetuned,counterfactual,template,2026,test_codeswitch_1,bongo_0197,0,0.000031
bilstm_finetuned,counterfactual,template,2026,test_codeswitch_1,bongo_0201,1,0.999982
bilstm_finetuned,counterfactual,template,2026,test_codeswitch_1,bongo_0203,1,0.677831
bilstm_finetuned,counterfactual,template,2026,test_codeswitch_1,bongo_0250,1,0.020808
bilstm_finetuned,counterfactual,template,2026,test_codeswitch_1,bongo_0253,0,0.000044
bilstm_finetuned,counterfactual,template,2026,test_codeswitch_1,bongo_0255,1,0.052587
bilstm_finetuned,counterfactual,template,2026,test_codeswitch_1,bongo_0265,1,0.033413
bilstm_finetuned,counterfactual,template,2026,test_codeswitch_1,bongo_0271,0,0.000027
bilstm_finetuned,counterfactual,template,2026,test_codeswitch_1,bongo_0300,0,0.000030
bilstm_finetuned,counterfactual,template,2026,test_codeswitch_1,bongo_0306,0,0.000046
bilstm_finetuned,counterfactual,template,2026,test_codeswitch_1,bongo_0356,1,0.160717
bilstm_finetuned,counterfactual,template,2026,test_codeswitch_1,bongo_0360,1,0.999957
bilstm_finetuned,counterfactual,template,2026,test_codeswitch_1,bongo_0361,1,0.675036
bilstm_finetuned,counterfactual,template,2026,test_codeswitch_1,bongo_0363,0,0.000031
bilstm_finetuned,counterfactual,template,2026,test_codeswitch_1,bongo_0368,0,0.000098
bilstm_finetuned,counterfactual,template,2026,test_codeswitch_1,bongo_0372,0,0.000050
bilstm_finetuned,counterfactual,template,2026,test_codeswitch_1,bongo_0380,1,0.052310
bilstm_finetuned,counterfactual,template,2026,test_codeswitch_1,bongo_0389,0,0.000025
bilstm_finetuned,counterfactual,template,2026,test_codeswitch_1,bongo_0395,0,0.000623
bilstm_finetuned,counterfactual,template,2026,test_codeswitch_1,bongo_0405,1,0.999756
bilstm_finetuned,counterfactual,template,2026,test_codeswitch_1,bongo_0424,1,0.999981
bilstm_finetuned,counterfactual,template,2026,test_codeswitch_1,bongo_0427,0,0.000049
bilstm_finetuned,counterfactual,template,2026,test_codeswitch_1,bongo_0434,1,0.020786
bilstm_finetuned,counterfactual,template,2026,test_codeswitch_1,bongo_0463,0,0.000329
bilstm_finetuned,counterfactual,template,2026,test_codeswitch_1,bongo_0476,1,0.469732
bilstm_finetuned,counterfactual,template,2026,test_codeswitch_1,bongo_0510,1,0.999954
bilstm_finetuned,counterfactual,template,2026,test_codeswitch_1,bongo_0531,0,0.000124
bilstm_finetuned,counterfactual,template,2026,test_codeswitch_1,bongo_0542,0,0.000023
bilstm_finetuned,counterfactual,template,2026,test_codeswitch_1,bongo_0545,0,0.000024
bilstm_finetuned,counterfactual,template,2026,test_codeswitch_1,bongo_0560,1,0.999934
bilstm_finetuned,counterfactual,template,2026,test_codeswitch_1,bongo_0565,1,0.129572
bilstm_finetuned,counterfactual,template,2026,test_codeswitch_1,bongo_0566,1,0.999989
bilstm_finetuned,counterfactual,template,2026,test_codeswitch_1,bongo_0571,0,0.000020
bilstm_finetuned,counterfactual,template,2026,test_codeswitch_1,bongo_0577,1,0.999679
bilstm_finetuned,counterfactual,template,2026,test_codeswitch_1,bongo_0580,1,0.494742
bilstm_finetuned,counterfactual,template,2026,test_codeswitch_1,bongo_0621,1,0.999781
bilstm_finetuned,counterfactual,template,2026,test_codeswitch_1,bongo_0624,1,0.999872
bilstm_finetuned,counterfactual,template,2026,test_codeswitch_1,bongo_0630,0,0.000157
bilstm_finetuned,counterfactual,template,2026,test_codeswitch_1,bongo_0638,1,0.999964
bilstm_finetuned,counterfactual,template,2026,test_codeswitch_1,bongo_0648,0,0.007797
bilstm_finetuned,counterfactual,template,2026,test_codeswitch_1,bongo_0674,0,0.000016
bilstm_finetuned,counterfactual,template,2026,test_codeswitch_1,bongo_0685,0,0.021249
bilstm_finetuned,counterfactual,template,2026,test_codeswitch_1,bongo_0697,1,0.129572
bilstm_finetuned,counterfactual,template,2026,test_codeswitch_1,bongo_0701,0,0.000025
bilstm_finetuned,counterfactual,template,2026,test_codeswitch_1,bongo_0706,1,0.160591
bilstm_finetuned,counterfactual,template,2026,test_codeswitch_1,bongo_0719,1,0.052276
bilstm_finetuned,counterfactual,template,2026,test_codeswitch_1,bongo_0721,1,0.494302
bilstm_finetuned,counterfactual,template,2026,test_codeswitch_1,bongo_0724,1,0.130065
bilstm_finetuned,counterfactual,template,2026,test_codeswitch_1,bongo_0729,1,0.400381
bilstm_finetuned,counterfactual,template,2026,test_codeswitch_1,bongo_0741,0,0.000024
bilstm_finetuned,counterfactual,template,2026,test_codeswitch_1,bongo_0749,1,0.072263
bilstm_finetuned,counterfactual,template,2026,test_codeswitch_1,bongo_0769,1,0.686373
bilstm_finetuned,counterfactual,template,2026,test_codeswitch_1,bongo_0770,1,0.020786
bilstm_finetuned,counterfactual,template,2026,test_codeswitch_1,bongo_0778,1,0.072246
bilstm_finetuned,counterfactual,template,2026,test_codeswitch_1,bongo_0787,1,0.999957
bilstm_finetuned,counterfactual,template,2026,test_codeswitch_1,bongo_0795,0,0.000246
bilstm_finetuned,counterfactual,template,2026,test_codeswitch_1,bongo_0806,1,0.130065
bilstm_finetuned,counterfactual,template,2026,test_codeswitch_1,bongo_0807,1,0.999941
bilstm_finetuned,counterfactual,template,2026,test_codeswitch_1,bongo_0818,0,0.004661
bilstm_finetuned,counterfactual,template,2026,test_codeswitch_1,bongo_0819,0,0.000134
bilstm_finetuned,counterfactual,template,2026,test_codeswitch_1,bongo_0835,0,0.000024
bilstm_finetuned,counterfactual,template,2026,test_codeswitch_1,bongo_0840,1,0.999957
bilstm_finetuned,counterfactual,template,2026,test_codeswitch_1,bongo_0855,1,0.129357
bilstm_finetuned,counterfactual,template,2026,test_codeswitch_1,bongo_0856,0,0.000050
bilstm_finetuned,counterfactual,template,2026,test_codeswitch_1,bongo_0864,1,0.692446
bilstm_finetuned,counterfactual,template,2026,test_codeswitch_1,bongo_0871,1,0.999864
bilstm_finetuned,counterfactual,template,2026,test_codeswitch_1,bongo_0872,0,0.004264
bilstm_finetuned,counterfactual,template,2026,test_codeswitch_1,bongo_0904,0,0.000137
bilstm_finetuned,counterfactual,template,2026,test_codeswitch_1,bongo_0905,1,0.693151
bilstm_finetuned,counterfactual,template,2026,test_codeswitch_1,bongo_0909,1,0.999379
bilstm_finetuned,counterfactual,template,2026,test_codeswitch_1,bongo_0917,1,0.020914
bilstm_finetuned,counterfactual,template,2026,test_codeswitch_1,bongo_0918,1,0.999642
bilstm_finetuned,counterfactual,template,2026,test_codeswitch_1,bongo_0950,0,0.000029
bilstm_finetuned,counterfactual,template,2026,test_codeswitch_1,bongo_0955,1,0.999964
bilstm_finetuned,counterfactual,template,2026,test_codeswitch_1,bongo_0956,0,0.000023
bilstm_finetuned,counterfactual,template,2026,test_codeswitch_1,bongo_0971,0,0.000025
bilstm_finetuned,counterfactual,template,2026,test_codeswitch_1,bongo_0983,0,0.000067
bilstm_finetuned,counterfactual,template,2026,test_codeswitch_1,bongo_0989,1,0.999875
bilstm_finetuned,counterfactual,template,2026,test_codeswitch_1,bongo_0994,0,0.000094
bilstm_finetuned,counterfactual,template,2026,test_codeswitch_1,bongo_1003,1,0.999934
bilstm_finetuned,counterfactual,template,2026,test_codeswitch_1,bongo_1006,0,0.000031
bilstm_finetuned,counterfactual,template,2026,test_codeswitch_1,bongo_1012,1,0.072322
bilstm_finetuned,counterfactual,template,2026,test_codeswitch_1,bongo_1015,0,0.000015
bilstm_finetuned,counterfactual,template,2026,test_codeswitch_1,bongo_1022,1,0.052260
bilstm_finetuned,counterfactual,template,2026,test_codeswitch_1,bongo_1037,0,0.000043
bilstm_finetuned,counterfactual,template,2026,test_codeswitch_1,bongo_1040,0,0.000031
bilstm_finetuned,counterfactual,template,2026,test_codeswitch_1,bongo_1042,1,0.999910
bilstm_finetuned,counterfactual,template,2026,test_codeswitch_1,bongo_1047,1,0.693038
bilstm_finetuned,counterfactual,template,2026,test_codeswitch_1,bongo_1050,0,0.000024
bilstm_finetuned,counterfactual,template,2026,test_codeswitch_1,bongo_1052,1,0.668810
bilstm_finetuned,counterfactual,template,2026,test_codeswitch_1,bongo_1059,0,0.000019
bilstm_finetuned,counterfactual,template,2026,test_codeswitch_1,bongo_1071,0,0.000027
bilstm_finetuned,counterfactual,template,2026,test_codeswitch_1,bongo_1090,0,0.000015
bilstm_finetuned,counterfactual,template,2026,test_codeswitch_1,bongo_1104,1,0.999964
bilstm_finetuned,counterfactual,template,2026,test_codeswitch_1,bongo_1115,0,0.000009
bilstm_finetuned,counterfactual,template,2026,test_codeswitch_1,bongo_1123,0,0.000032
bilstm_finetuned,counterfactual,template,2026,test_codeswitch_1,bongo_1125,0,0.005142
bilstm_finetuned,counterfactual,template,2026,test_codeswitch_1,bongo_1127,1,0.033204
bilstm_finetuned,counterfactual,template,2026,test_codeswitch_1,bongo_1131,1,0.999976
bilstm_finetuned,counterfactual,template,2026,test_codeswitch_1,bongo_1134,1,0.161469
bilstm_finetuned,counterfactual,template,2026,test_codeswitch_1,bongo_1135,0,0.051320
bilstm_finetuned,counterfactual,template,2026,test_codeswitch_1,bongo_1136,1,0.999920
bilstm_finetuned,counterfactual,template,2026,test_codeswitch_1,bongo_1138,1,0.692633
bilstm_finetuned,counterfactual,template,2026,test_codeswitch_1,bongo_1140,1,0.999365
bilstm_finetuned,counterfactual,template,2026,test_codeswitch_1,bongo_1154,1,0.999947
bilstm_finetuned,counterfactual,template,2026,test_codeswitch_1,bongo_1155,0,0.000025
bilstm_finetuned,counterfactual,template,2026,test_codeswitch_1,bongo_1171,1,0.999963
bilstm_finetuned,counterfactual,template,2026,test_codeswitch_1,bongo_1181,1,0.494336
bilstm_finetuned,counterfactual,template,2026,test_codeswitch_1,bongo_1185,1,0.052292
bilstm_finetuned,counterfactual,template,2026,test_codeswitch_1,bongo_1194,0,0.000729
bilstm_finetuned,counterfactual,template,2026,test_codeswitch_1,bongo_1195,1,0.129439
bilstm_finetuned,counterfactual,template,2026,test_codeswitch_1,bongo_1198,0,0.000103
bilstm_finetuned,counterfactual,template,2026,test_codeswitch_1,bongo_1204,1,0.020800
bilstm_finetuned,counterfactual,template,2026,test_codeswitch_1,bongo_1220,1,0.693596
bilstm_finetuned,counterfactual,template,2026,test_codeswitch_1,bongo_1233,1,0.999989
bilstm_finetuned,counterfactual,template,2026,test_codeswitch_1,bongo_1236,0,0.000054
bilstm_finetuned,counterfactual,template,2026,test_codeswitch_1,bongo_1240,1,0.052587
bilstm_finetuned,counterfactual,template,2026,test_codeswitch_1,bongo_1244,0,0.000023
bilstm_finetuned,counterfactual,template,2026,test_codeswitch_1,bongo_1249,0,0.000009
bilstm_finetuned,counterfactual,template,2026,test_codeswitch_1,bongo_1253,0,0.081567
bilstm_finetuned,counterfactual,template,2026,test_codeswitch_1,bongo_1260,0,0.000027
bilstm_finetuned,counterfactual,template,2026,test_codeswitch_1,bongo_1262,0,0.000032
bilstm_finetuned,counterfactual,template,2026,test_codeswitch_1,bongo_1278,1,0.072697
bilstm_finetuned,counterfactual,template,2026,test_codeswitch_1,bongo_1285,0,0.000023
bilstm_finetuned,counterfactual,template,2026,test_codeswitch_1,bongo_1293,1,0.999937
bilstm_finetuned,counterfactual,template,2026,test_codeswitch_1,bongo_1316,0,0.000075
bilstm_finetuned,counterfactual,template,2026,test_codeswitch_1,bongo_1327,1,0.020782
bilstm_finetuned,counterfactual,template,2026,test_codeswitch_1,bongo_1330,0,0.061334
bilstm_finetuned,counterfactual,template,2026,test_codeswitch_1,bongo_1359,0,0.004311
bilstm_finetuned,counterfactual,template,2026,test_codeswitch_1,bongo_1375,0,0.000035
bilstm_finetuned,counterfactual,template,2026,test_codeswitch_3,bongo_0025,1,0.999925
bilstm_finetuned,counterfactual,template,2026,test_codeswitch_3,bongo_0029,0,0.056582
bilstm_finetuned,counterfactual,template,2026,test_codeswitch_3,bongo_0039,1,0.699477
bilstm_finetuned,counterfactual,template,2026,test_codeswitch_3,bongo_0047,1,0.999985
bilstm_finetuned,counterfactual,template,2026,test_codeswitch_3,bongo_0053,0,0.000036
bilstm_finetuned,counterfactual,template,2026,test_codeswitch_3,bongo_0055,1,0.016031
bilstm_finetuned,counterfactual,template,2026,test_codeswitch_3,bongo_0061,1,0.999753
bilstm_finetuned,counterfactual,template,2026,test_codeswitch_3,bongo_0097,0,0.000212
bilstm_finetuned,counterfactual,template,2026,test_codeswitch_3,bongo_0107,0,0.000015
bilstm_finetuned,counterfactual,template,2026,test_codeswitch_3,bongo_0110,0,0.000013
bilstm_finetuned,counterfactual,template,2026,test_codeswitch_3,bongo_0112,1,0.160225
bilstm_finetuned,counterfactual,template,2026,test_codeswitch_3,bongo_0115,0,0.000074
bilstm_finetuned,counterfactual,template,2026,test_codeswitch_3,bongo_0143,0,0.000021
bilstm_finetuned,counterfactual,template,2026,test_codeswitch_3,bongo_0146,1,0.540905
bilstm_finetuned,counterfactual,template,2026,test_codeswitch_3,bongo_0154,1,0.999943
bilstm_finetuned,counterfactual,template,2026,test_codeswitch_3,bongo_0159,1,0.016044
bilstm_finetuned,counterfactual,template,2026,test_codeswitch_3,bongo_0160,0,0.000028
bilstm_finetuned,counterfactual,template,2026,test_codeswitch_3,bongo_0172,0,0.291826
bilstm_finetuned,counterfactual,template,2026,test_codeswitch_3,bongo_0173,1,0.013053
bilstm_finetuned,counterfactual,template,2026,test_codeswitch_3,bongo_0175,0,0.000022
bilstm_finetuned,counterfactual,template,2026,test_codeswitch_3,bongo_0182,0,0.000010
bilstm_finetuned,counterfactual,template,2026,test_codeswitch_3,bongo_0195,1,0.445686
bilstm_finetuned,counterfactual,template,2026,test_codeswitch_3,bongo_0197,0,0.000031
bilstm_finetuned,counterfactual,template,2026,test_codeswitch_3,bongo_0201,1,0.999982
bilstm_finetuned,counterfactual,template,2026,test_codeswitch_3,bongo_0203,1,0.568292
bilstm_finetuned,counterfactual,template,2026,test_codeswitch_3,bongo_0250,1,0.016044
bilstm_finetuned,counterfactual,template,2026,test_codeswitch_3,bongo_0253,0,0.000044
bilstm_finetuned,counterfactual,template,2026,test_codeswitch_3,bongo_0255,1,0.044949
bilstm_finetuned,counterfactual,template,2026,test_codeswitch_3,bongo_0265,1,0.013136
bilstm_finetuned,counterfactual,template,2026,test_codeswitch_3,bongo_0271,0,0.000027
bilstm_finetuned,counterfactual,template,2026,test_codeswitch_3,bongo_0300,0,0.000030
bilstm_finetuned,counterfactual,template,2026,test_codeswitch_3,bongo_0306,0,0.000046
bilstm_finetuned,counterfactual,template,2026,test_codeswitch_3,bongo_0356,1,0.160304
bilstm_finetuned,counterfactual,template,2026,test_codeswitch_3,bongo_0360,1,0.999536
bilstm_finetuned,counterfactual,template,2026,test_codeswitch_3,bongo_0361,1,0.564291
bilstm_finetuned,counterfactual,template,2026,test_codeswitch_3,bongo_0363,0,0.000031
bilstm_finetuned,counterfactual,template,2026,test_codeswitch_3,bongo_0368,0,0.000098
bilstm_finetuned,counterfactual,template,2026,test_codeswitch_3,bongo_0372,0,0.000050
bilstm_finetuned,counterfactual,template,2026,test_codeswitch_3,bongo_0380,1,0.044703
bilstm_finetuned,counterfactual,template,2026,test_codeswitch_3,bongo_0389,0,0.000025
bilstm_finetuned,counterfactual,template,2026,test_codeswitch_3,bongo_0395,0,0.000623
bilstm_finetuned,counterfactual,template,2026,test_codeswitch_3,bongo_0405,1,0.999940
bilstm_finetuned,counterfactual,template,2026,test_codeswitch_3,bongo_0424,1,0.999981
bilstm_finetuned,counterfactual,template,2026,test_codeswitch_3,bongo_0427,0,0.000049
bilstm_finetuned,counterfactual,template,2026,test_codeswitch_3,bongo_0434,1,0.016031
bilstm_finetuned,counterfactual,template,2026,test_codeswitch_3,bongo_0463,0,0.000329
bilstm_finetuned,counterfactual,template,2026,test_codeswitch_3,bongo_0476,1,0.469732
bilstm_finetuned,counterfactual,template,2026,test_codeswitch_3,bongo_0510,1,0.999983
bilstm_finetuned,counterfactual,template,2026,test_codeswitch_3,bongo_0531,0,0.000124
bilstm_finetuned,counterfactual,template,2026,test_codeswitch_3,bongo_0542,0,0.000023
bilstm_finetuned,counterfactual,template,2026,test_codeswitch_3,bongo_0545,0,0.000024
bilstm_finetuned,counterfactual,template,2026,test_codeswitch_3,bongo_0560,1,0.999934
bilstm_finetuned,counterfactual,template,2026,test_codeswitch_3,bongo_0565,1,0.129581
bilstm_finetuned,counterfactual,template,2026,test_codeswitch_3,bongo_0566,1,0.798450
bilstm_finetuned,counterfactual,template,2026,test_codeswitch_3,bongo_0571,0,0.000020
bilstm_finetuned,counterfactual,template,2026,test_codeswitch_3,bongo_0577,1,0.999918
bilstm_finetuned,counterfactual,template,2026,test_codeswitch_3,bongo_0580,1,0.494742
bilstm_finetuned,counterfactual,template,2026,test_codeswitch_3,bongo_0621,1,0.999794
bilstm_finetuned,counterfactual,template,2026,test_codeswitch_3,bongo_0624,1,0.730774
bilstm_finetuned,counterfactual,template,2026,test_codeswitch_3,bongo_0630,0,0.000157
bilstm_finetuned,counterfactual,template,2026,test_codeswitch_3,bongo_0638,1,0.545812
bilstm_finetuned,counterfactual,template,2026,test_codeswitch_3,bongo_0648,0,0.007797
bilstm_finetuned,counterfactual,template,2026,test_codeswitch_3,bongo_0674,0,0.000016
bilstm_finetuned,counterfactual,template,2026,test_codeswitch_3,bongo_0685,0,0.021249
bilstm_finetuned,counterfactual,template,2026,test_codeswitch_3,bongo_0697,1,0.129581
bilstm_finetuned,counterfactual,template,2026,test_codeswitch_3,bongo_0701,0,0.000025
bilstm_finetuned,counterfactual,template,2026,test_codeswitch_3,bongo_0706,1,0.160183
bilstm_finetuned,counterfactual,template,2026,test_codeswitch_3,bongo_0719,1,0.044722
bilstm_finetuned,counterfactual,template,2026,test_codeswitch_3,bongo_0721,1,0.367596
bilstm_finetuned,counterfactual,template,2026,test_codeswitch_3,bongo_0724,1,0.130056
bilstm_finetuned,counterfactual,template,2026,test_codeswitch_3,bongo_0729,1,0.400381
bilstm_finetuned,counterfactual,template,2026,test_codeswitch_3,bongo_0741,0,0.000024
bilstm_finetuned,counterfactual,template,2026,test_codeswitch_3,bongo_0749,1,0.065022
bilstm_finetuned,counterfactual,template,2026,test_codeswitch_3,bongo_0769,1,0.711558
bilstm_finetuned,counterfactual,template,2026,test_codeswitch_3,bongo_0770,1,0.016031
bilstm_finetuned,counterfactual,template,2026,test_codeswitch_3,bongo_0778,1,0.064983
bilstm_finetuned,counterfactual,template,2026,test_codeswitch_3,bongo_0787,1,0.999536
bilstm_finetuned,counterfactual,template,2026,test_codeswitch_3,bongo_0795,0,0.000246
bilstm_finetuned,counterfactual,template,2026,test_codeswitch_3,bongo_0806,1,0.130056
bilstm_finetuned,counterfactual,template,2026,test_codeswitch_3,bongo_0807,1,0.999979
bilstm_finetuned,counterfactual,template,2026,test_codeswitch_3,bongo_0818,0,0.004661
bilstm_finetuned,counterfactual,template,2026,test_codeswitch_3,bongo_0819,0,0.000134
bilstm_finetuned,counterfactual,template,2026,test_codeswitch_3,bongo_0835,0,0.000024
bilstm_finetuned,counterfactual,template,2026,test_codeswitch_3,bongo_0840,1,0.999537
bilstm_finetuned,counterfactual,template,2026,test_codeswitch_3,bongo_0855,1,0.129377
bilstm_finetuned,counterfactual,template,2026,test_codeswitch_3,bongo_0856,0,0.000050
bilstm_finetuned,counterfactual,template,2026,test_codeswitch_3,bongo_0864,1,0.698996
bilstm_finetuned,counterfactual,template,2026,test_codeswitch_3,bongo_0871,1,0.716964
bilstm_finetuned,counterfactual,template,2026,test_codeswitch_3,bongo_0872,0,0.004264
bilstm_finetuned,counterfactual,template,2026,test_codeswitch_3,bongo_0904,0,0.000137
bilstm_finetuned,counterfactual,template,2026,test_codeswitch_3,bongo_0905,1,0.699484
bilstm_finetuned,counterfactual,template,2026,test_codeswitch_3,bongo_0909,1,0.999883
bilstm_finetuned,counterfactual,template,2026,test_codeswitch_3,bongo_0917,1,0.016116
bilstm_finetuned,counterfactual,template,2026,test_codeswitch_3,bongo_0918,1,0.999909
bilstm_finetuned,counterfactual,template,2026,test_codeswitch_3,bongo_0950,0,0.000029
bilstm_finetuned,counterfactual,template,2026,test_codeswitch_3,bongo_0955,1,0.999957
bilstm_finetuned,counterfactual,template,2026,test_codeswitch_3,bongo_0956,0,0.000023
bilstm_finetuned,counterfactual,template,2026,test_codeswitch_3,bongo_0971,0,0.000025
bilstm_finetuned,counterfactual,template,2026,test_codeswitch_3,bongo_0983,0,0.000067
bilstm_finetuned,counterfactual,template,2026,test_codeswitch_3,bongo_0989,1,0.735267
bilstm_finetuned,counterfactual,template,2026,test_codeswitch_3,bongo_0994,0,0.000094
bilstm_finetuned,counterfactual,template,2026,test_codeswitch_3,bongo_1003,1,0.999934
bilstm_finetuned,counterfactual,template,2026,test_codeswitch_3,bongo_1006,0,0.000031
bilstm_finetuned,counterfactual,template,2026,test_codeswitch_3,bongo_1012,1,0.065048
bilstm_finetuned,counterfactual,template,2026,test_codeswitch_3,bongo_1015,0,0.000015
bilstm_finetuned,counterfactual,template,2026,test_codeswitch_3,bongo_1022,1,0.044671
bilstm_finetuned,counterfactual,template,2026,test_codeswitch_3,bongo_1037,0,0.000043
bilstm_finetuned,counterfactual,template,2026,test_codeswitch_3,bongo_1040,0,0.000031
bilstm_finetuned,counterfactual,template,2026,test_codeswitch_3,bongo_1042,1,0.659732
bilstm_finetuned,counterfactual,template,2026,test_codeswitch_3,bongo_1047,1,0.699602
bilstm_finetuned,counterfactual,template,2026,test_codeswitch_3,bongo_1050,0,0.000024
bilstm_finetuned,counterfactual,template,2026,test_codeswitch_3,bongo_1052,1,0.675873
bilstm_finetuned,counterfactual,template,2026,test_codeswitch_3,bongo_1059,0,0.000019
bilstm_finetuned,counterfactual,template,2026,test_codeswitch_3,bongo_1071,0,0.000027
bilstm_finetuned,counterfactual,template,2026,test_codeswitch_3,bongo_1090,0,0.000015
bilstm_finetuned,counterfactual,template,2026,test_codeswitch_3,bongo_1104,1,0.999961
bilstm_finetuned,counterfactual,template,2026,test_codeswitch_3,bongo_1115,0,0.000009
bilstm_finetuned,counterfactual,template,2026,test_codeswitch_3,bongo_1123,0,0.000032
bilstm_finetuned,counterfactual,template,2026,test_codeswitch_3,bongo_1125,0,0.005142
bilstm_finetuned,counterfactual,template,2026,test_codeswitch_3,bongo_1127,1,0.013051
bilstm_finetuned,counterfactual,template,2026,test_codeswitch_3,bongo_1131,1,0.665470
bilstm_finetuned,counterfactual,template,2026,test_codeswitch_3,bongo_1134,1,0.161062
bilstm_finetuned,counterfactual,template,2026,test_codeswitch_3,bongo_1135,0,0.051320
bilstm_finetuned,counterfactual,template,2026,test_codeswitch_3,bongo_1136,1,0.999920
bilstm_finetuned,counterfactual,template,2026,test_codeswitch_3,bongo_1138,1,0.698972
bilstm_finetuned,counterfactual,template,2026,test_codeswitch_3,bongo_1140,1,0.999866
bilstm_finetuned,counterfactual,template,2026,test_codeswitch_3,bongo_1154,1,0.999760
bilstm_finetuned,counterfactual,template,2026,test_codeswitch_3,bongo_1155,0,0.000025
bilstm_finetuned,counterfactual,template,2026,test_codeswitch_3,bongo_1171,1,0.999961
bilstm_finetuned,counterfactual,template,2026,test_codeswitch_3,bongo_1181,1,0.494336
bilstm_finetuned,counterfactual,template,2026,test_codeswitch_3,bongo_1185,1,0.044671
bilstm_finetuned,counterfactual,template,2026,test_codeswitch_3,bongo_1194,0,0.000729
bilstm_finetuned,counterfactual,template,2026,test_codeswitch_3,bongo_1195,1,0.129452
bilstm_finetuned,counterfactual,template,2026,test_codeswitch_3,bongo_1198,0,0.000103
bilstm_finetuned,counterfactual,template,2026,test_codeswitch_3,bongo_1204,1,0.016033
bilstm_finetuned,counterfactual,template,2026,test_codeswitch_3,bongo_1220,1,0.700438
bilstm_finetuned,counterfactual,template,2026,test_codeswitch_3,bongo_1233,1,0.807281
bilstm_finetuned,counterfactual,template,2026,test_codeswitch_3,bongo_1236,0,0.000054
bilstm_finetuned,counterfactual,template,2026,test_codeswitch_3,bongo_1240,1,0.044949
bilstm_finetuned,counterfactual,template,2026,test_codeswitch_3,bongo_1244,0,0.000023
bilstm_finetuned,counterfactual,template,2026,test_codeswitch_3,bongo_1249,0,0.000009
bilstm_finetuned,counterfactual,template,2026,test_codeswitch_3,bongo_1253,0,0.081567
bilstm_finetuned,counterfactual,template,2026,test_codeswitch_3,bongo_1260,0,0.000027
bilstm_finetuned,counterfactual,template,2026,test_codeswitch_3,bongo_1262,0,0.000032
bilstm_finetuned,counterfactual,template,2026,test_codeswitch_3,bongo_1278,1,0.065399
bilstm_finetuned,counterfactual,template,2026,test_codeswitch_3,bongo_1285,0,0.000023
bilstm_finetuned,counterfactual,template,2026,test_codeswitch_3,bongo_1293,1,0.999918
bilstm_finetuned,counterfactual,template,2026,test_codeswitch_3,bongo_1316,0,0.000075
bilstm_finetuned,counterfactual,template,2026,test_codeswitch_3,bongo_1327,1,0.016027
bilstm_finetuned,counterfactual,template,2026,test_codeswitch_3,bongo_1330,0,0.061334
bilstm_finetuned,counterfactual,template,2026,test_codeswitch_3,bongo_1359,0,0.004311
bilstm_finetuned,counterfactual,template,2026,test_codeswitch_3,bongo_1375,0,0.000035
bilstm_finetuned,counterfactual,template,2026,test_codeswitch_all,bongo_0025,1,0.999925
bilstm_finetuned,counterfactual,template,2026,test_codeswitch_all,bongo_0029,0,0.056582
bilstm_finetuned,counterfactual,template,2026,test_codeswitch_all,bongo_0039,1,0.699477
bilstm_finetuned,counterfactual,template,2026,test_codeswitch_all,bongo_0047,1,0.999985
bilstm_finetuned,counterfactual,template,2026,test_codeswitch_all,bongo_0053,0,0.000036
bilstm_finetuned,counterfactual,template,2026,test_codeswitch_all,bongo_0055,1,0.016031
bilstm_finetuned,counterfactual,template,2026,test_codeswitch_all,bongo_0061,1,0.999753
bilstm_finetuned,counterfactual,template,2026,test_codeswitch_all,bongo_0097,0,0.000212
bilstm_finetuned,counterfactual,template,2026,test_codeswitch_all,bongo_0107,0,0.000015
bilstm_finetuned,counterfactual,template,2026,test_codeswitch_all,bongo_0110,0,0.000013
bilstm_finetuned,counterfactual,template,2026,test_codeswitch_all,bongo_0112,1,0.160225
bilstm_finetuned,counterfactual,template,2026,test_codeswitch_all,bongo_0115,0,0.000074
bilstm_finetuned,counterfactual,template,2026,test_codeswitch_all,bongo_0143,0,0.000021
bilstm_finetuned,counterfactual,template,2026,test_codeswitch_all,bongo_0146,1,0.427437
bilstm_finetuned,counterfactual,template,2026,test_codeswitch_all,bongo_0154,1,0.999943
bilstm_finetuned,counterfactual,template,2026,test_codeswitch_all,bongo_0159,1,0.016044
bilstm_finetuned,counterfactual,template,2026,test_codeswitch_all,bongo_0160,0,0.000028
bilstm_finetuned,counterfactual,template,2026,test_codeswitch_all,bongo_0172,0,0.291826
bilstm_finetuned,counterfactual,template,2026,test_codeswitch_all,bongo_0173,1,0.013053
bilstm_finetuned,counterfactual,template,2026,test_codeswitch_all,bongo_0175,0,0.000022
bilstm_finetuned,counterfactual,template,2026,test_codeswitch_all,bongo_0182,0,0.000010
bilstm_finetuned,counterfactual,template,2026,test_codeswitch_all,bongo_0195,1,0.445686
bilstm_finetuned,counterfactual,template,2026,test_codeswitch_all,bongo_0197,0,0.000031
bilstm_finetuned,counterfactual,template,2026,test_codeswitch_all,bongo_0201,1,0.999982
bilstm_finetuned,counterfactual,template,2026,test_codeswitch_all,bongo_0203,1,0.319754
bilstm_finetuned,counterfactual,template,2026,test_codeswitch_all,bongo_0250,1,0.016044
bilstm_finetuned,counterfactual,template,2026,test_codeswitch_all,bongo_0253,0,0.000044
bilstm_finetuned,counterfactual,template,2026,test_codeswitch_all,bongo_0255,1,0.044949
bilstm_finetuned,counterfactual,template,2026,test_codeswitch_all,bongo_0265,1,0.013136
bilstm_finetuned,counterfactual,template,2026,test_codeswitch_all,bongo_0271,0,0.000027
bilstm_finetuned,counterfactual,template,2026,test_codeswitch_all,bongo_0300,0,0.000030
bilstm_finetuned,counterfactual,template,2026,test_codeswitch_all,bongo_0306,0,0.000046
bilstm_finetuned,counterfactual,template,2026,test_codeswitch_all,bongo_0356,1,0.160304
bilstm_finetuned,counterfactual,template,2026,test_codeswitch_all,bongo_0360,1,0.989536
bilstm_finetuned,counterfactual,template,2026,test_codeswitch_all,bongo_0361,1,0.316478
bilstm_finetuned,counterfactual,template,2026,test_codeswitch_all,bongo_0363,0,0.000031
bilstm_finetuned,counterfactual,template,2026,test_codeswitch_all,bongo_0368,0,0.000098
bilstm_finetuned,counterfactual,template,2026,test_codeswitch_all,bongo_0372,0,0.000050
bilstm_finetuned,counterfactual,template,2026,test_codeswitch_all,bongo_0380,1,0.044703
bilstm_finetuned,counterfactual,template,2026,test_codeswitch_all,bongo_0389,0,0.000025
bilstm_finetuned,counterfactual,template,2026,test_codeswitch_all,bongo_0395,0,0.000623
bilstm_finetuned,counterfactual,template,2026,test_codeswitch_all,bongo_0405,1,0.999940
bilstm_finetuned,counterfactual,template,2026,test_codeswitch_all,bongo_0424,1,0.999981
bilstm_finetuned,counterfactual,template,2026,test_codeswitch_all,bongo_0427,0,0.000049
bilstm_finetuned,counterfactual,template,2026,test_codeswitch_all,bongo_0434,1,0.016031
bilstm_finetuned,counterfactual,template,2026,test_codeswitch_all,bongo_0463,0,0.000329
bilstm_finetuned,counterfactual,template,2026,test_codeswitch_all,bongo_0476,1,0.469732
bilstm_finetuned,counterfactual,template,2026,test_codeswitch_all,bongo_0510,1,0.999983
bilstm_finetuned,counterfactual,template,2026,test_codeswitch_all,bongo_0531,0,0.000124
bilstm_finetuned,counterfactual,template,2026,test_codeswitch_all,bongo_0542,0,0.000023
bilstm_finetuned,counterfactual,template,2026,test_codeswitch_all,bongo_0545,0,0.000024
bilstm_finetuned,counterfactual,template,2026,test_codeswitch_all,bongo_0560,1,0.999934
bilstm_finetuned,counterfactual,template,2026,test_codeswitch_all,bongo_0565,1,0.129581
bilstm_finetuned,counterfactual,template,2026,test_codeswitch_all,bongo_0566,1,0.715164
bilstm_finetuned,counterfactual,template,2026,test_codeswitch_all,bongo_0571,0,0.000020
bilstm_finetuned,counterfactual,template,2026,test_codeswitch_all,bongo_0577,1,0.999918
bilstm_finetuned,counterfactual,template,2026,test_codeswitch_all,bongo_0580,1,0.494742
bilstm_finetuned,counterfactual,template,2026,test_codeswitch_all,bongo_0621,1,0.999794
bilstm_finetuned,counterfactual,template,2026,test_codeswitch_all,bongo_0624,1,0.730774
bilstm_finetuned,counterfactual,template,2026,test_codeswitch_all,bongo_0630,0,0.000157
bilstm_finetuned,counterfactual,template,2026,test_codeswitch_all,bongo_0638,1,0.429109
bilstm_finetuned,counterfactual,template,2026,test_codeswitch_all,bongo_0648,0,0.007797
bilstm_finetuned,counterfactual,template,2026,test_codeswitch_all,bongo_0674,0,0.000016
bilstm_finetuned,counterfactual,template,2026,test_codeswitch_all,bongo_0685,0,0.021249
bilstm_finetuned,counterfactual,template,2026,test_codeswitch_all,bongo_0697,1,0.129581
bilstm_finetuned,counterfactual,template,2026,test_codeswitch_all,bongo_0701,0,0.000025
bilstm_finetuned,counterfactual,template,2026,test_codeswitch_all,bongo_0706,1,0.160183
bilstm_finetuned,counterfactual,template,2026,test_codeswitch_all,bongo_0719,1,0.044722
bilstm_finetuned,counterfactual,template,2026,test_codeswitch_all,bongo_0721,1,0.367596
bilstm_finetuned,counterfactual,template,2026,test_codeswitch_all,bongo_0724,1,0.130056
bilstm_finetuned,counterfactual,template,2026,test_codeswitch_all,bongo_0729,1,0.400381
bilstm_finetuned,counterfactual,template,2026,test_codeswitch_all,bongo_0741,0,0.000024
bilstm_finetuned,counterfactual,template,2026,test_codeswitch_all,bongo_0749,1,0.065022
bilstm_finetuned,counterfactual,template,2026,test_codeswitch_all,bongo_0769,1,0.711558
bilstm_finetuned,counterfactual,template,2026,test_codeswitch_all,bongo_0770,1,0.016031
bilstm_finetuned,counterfactual,template,2026,test_codeswitch_all,bongo_0778,1,0.064983
bilstm_finetuned,counterfactual,template,2026,test_codeswitch_all,bongo_0787,1,0.989597
bilstm_finetuned,counterfactual,template,2026,test_codeswitch_all,bongo_0795,0,0.000246
bilstm_finetuned,counterfactual,template,2026,test_codeswitch_all,bongo_0806,1,0.130056
bilstm_finetuned,counterfactual,template,2026,test_codeswitch_all,bongo_0807,1,0.999979
bilstm_finetuned,counterfactual,template,2026,test_codeswitch_all,bongo_0818,0,0.004661
bilstm_finetuned,counterfactual,template,2026,test_codeswitch_all,bongo_0819,0,0.000134
bilstm_finetuned,counterfactual,template,2026,test_codeswitch_all,bongo_0835,0,0.000024
bilstm_finetuned,counterfactual,template,2026,test_codeswitch_all,bongo_0840,1,0.989594
bilstm_finetuned,counterfactual,template,2026,test_codeswitch_all,bongo_0855,1,0.129377
bilstm_finetuned,counterfactual,template,2026,test_codeswitch_all,bongo_0856,0,0.000050
bilstm_finetuned,counterfactual,template,2026,test_codeswitch_all,bongo_0864,1,0.698996
bilstm_finetuned,counterfactual,template,2026,test_codeswitch_all,bongo_0871,1,0.716964
bilstm_finetuned,counterfactual,template,2026,test_codeswitch_all,bongo_0872,0,0.004264
bilstm_finetuned,counterfactual,template,2026,test_codeswitch_all,bongo_0904,0,0.000137
bilstm_finetuned,counterfactual,template,2026,test_codeswitch_all,bongo_0905,1,0.699484
bilstm_finetuned,counterfactual,template,2026,test_codeswitch_all,bongo_0909,1,0.999883
bilstm_finetuned,counterfactual,template,2026,test_codeswitch_all,bongo_0917,1,0.016116
bilstm_finetuned,counterfactual,template,2026,test_codeswitch_all,bongo_0918,1,0.999909
bilstm_finetuned,counterfactual,template,2026,test_codeswitch_all,bongo_0950,0,0.000029
bilstm_finetuned,counterfactual,template,2026,test_codeswitch_all,bongo_0955,1,0.999957
bilstm_finetuned,counterfactual,template,2026,test_codeswitch_all,bongo_0956,0,0.000023
bilstm_finetuned,counterfactual,template,2026,test_codeswitch_all,bongo_0971,0,0.000025
bilstm_finetuned,counterfactual,template,2026,test_codeswitch_all,bongo_0983,0,0.000067
bilstm_finetuned,counterfactual,template,2026,test_codeswitch_all,bongo_0989,1,0.735267
bilstm_finetuned,counterfactual,template,2026,test_codeswitch_all,bongo_0994,0,0.000094
bilstm_finetuned,counterfactual,template,2026,test_codeswitch_all,bongo_1003,1,0.999934
bilstm_finetuned,counterfactual,template,2026,test_codeswitch_all,bongo_1006,0,0.000031
bilstm_finetuned,counterfactual,template,2026,test_codeswitch_all,bongo_1012,1,0.065048
bilstm_finetuned,counterfactual,template,2026,test_codeswitch_all,bongo_1015,0,0.000015
bilstm_finetuned,counterfactual,template,2026,test_codeswitch_all,bongo_1022,1,0.044671
bilstm_finetuned,counterfactual,template,2026,test_codeswitch_all,bongo_1037,0,0.000043
bilstm_finetuned,counterfactual,template,2026,test_codeswitch_all,bongo_1040,0,0.000031
bilstm_finetuned,counterfactual,template,2026,test_codeswitch_all,bongo_1042,1,0.563291
bilstm_finetuned,counterfactual,template,2026,test_codeswitch_all,bongo_1047,1,0.699602
bilstm_finetuned,counterfactual,template,2026,test_codeswitch_all,bongo_1050,0,0.000024
bilstm_finetuned,counterfactual,template,2026,test_codeswitch_all,bongo_1052,1,0.675873
bilstm_finetuned,counterfactual,template,2026,test_codeswitch_all,bongo_1059,0,0.000019
bilstm_finetuned,counterfactual,template,2026,test_codeswitch_all,bongo_1071,0,0.000027
bilstm_finetuned,counterfactual,template,2026,test_codeswitch_all,bongo_1090,0,0.000015
bilstm_finetuned,counterfactual,template,2026,test_codeswitch_all,bongo_1104,1,0.999961
bilstm_finetuned,counterfactual,template,2026,test_codeswitch_all,bongo_1115,0,0.000009
bilstm_finetuned,counterfactual,template,2026,test_codeswitch_all,bongo_1123,0,0.000032
bilstm_finetuned,counterfactual,template,2026,test_codeswitch_all,bongo_1125,0,0.005142
bilstm_finetuned,counterfactual,template,2026,test_codeswitch_all,bongo_1127,1,0.013051
bilstm_finetuned,counterfactual,template,2026,test_codeswitch_all,bongo_1131,1,0.569145
bilstm_finetuned,counterfactual,template,2026,test_codeswitch_all,bongo_1134,1,0.161062
bilstm_finetuned,counterfactual,template,2026,test_codeswitch_all,bongo_1135,0,0.051320
bilstm_finetuned,counterfactual,template,2026,test_codeswitch_all,bongo_1136,1,0.999920
bilstm_finetuned,counterfactual,template,2026,test_codeswitch_all,bongo_1138,1,0.698972
bilstm_finetuned,counterfactual,template,2026,test_codeswitch_all,bongo_1140,1,0.999866
bilstm_finetuned,counterfactual,template,2026,test_codeswitch_all,bongo_1154,1,0.394028
bilstm_finetuned,counterfactual,template,2026,test_codeswitch_all,bongo_1155,0,0.000025
bilstm_finetuned,counterfactual,template,2026,test_codeswitch_all,bongo_1171,1,0.999961
bilstm_finetuned,counterfactual,template,2026,test_codeswitch_all,bongo_1181,1,0.494336
bilstm_finetuned,counterfactual,template,2026,test_codeswitch_all,bongo_1185,1,0.044671
bilstm_finetuned,counterfactual,template,2026,test_codeswitch_all,bongo_1194,0,0.000729
bilstm_finetuned,counterfactual,template,2026,test_codeswitch_all,bongo_1195,1,0.129452
bilstm_finetuned,counterfactual,template,2026,test_codeswitch_all,bongo_1198,0,0.000103
bilstm_finetuned,counterfactual,template,2026,test_codeswitch_all,bongo_1204,1,0.016033
bilstm_finetuned,counterfactual,template,2026,test_codeswitch_all,bongo_1220,1,0.700438
bilstm_finetuned,counterfactual,template,2026,test_codeswitch_all,bongo_1233,1,0.719284
bilstm_finetuned,counterfactual,template,2026,test_codeswitch_all,bongo_1236,0,0.000054
bilstm_finetuned,counterfactual,template,2026,test_codeswitch_all,bongo_1240,1,0.044949
bilstm_finetuned,counterfactual,template,2026,test_codeswitch_all,bongo_1244,0,0.000023
bilstm_finetuned,counterfactual,template,2026,test_codeswitch_all,bongo_1249,0,0.000009
bilstm_finetuned,counterfactual,template,2026,test_codeswitch_all,bongo_1253,0,0.081567
bilstm_finetuned,counterfactual,template,2026,test_codeswitch_all,bongo_1260,0,0.000027
bilstm_finetuned,counterfactual,template,2026,test_codeswitch_all,bongo_1262,0,0.000032
bilstm_finetuned,counterfactual,template,2026,test_codeswitch_all,bongo_1278,1,0.065399
bilstm_finetuned,counterfactual,template,2026,test_codeswitch_all,bongo_1285,0,0.000023
bilstm_finetuned,counterfactual,template,2026,test_codeswitch_all,bongo_1293,1,0.380461
bilstm_finetuned,counterfactual,template,2026,test_codeswitch_all,bongo_1316,0,0.000075
bilstm_finetuned,counterfactual,template,2026,test_codeswitch_all,bongo_1327,1,0.016027
bilstm_finetuned,counterfactual,template,2026,test_codeswitch_all,bongo_1330,0,0.061334
bilstm_finetuned,counterfactual,template,2026,test_codeswitch_all,bongo_1359,0,0.004311
bilstm_finetuned,counterfactual,template,2026,test_codeswitch_all,bongo_1375,0,0.000035
bilstm_finetuned,counterfactual,template,2026,chichewa,chi_0000,1,0.983672
bilstm_finetuned,counterfactual,template,2026,chichewa,chi_0001,1,0.421315
bilstm_finetuned,counterfactual,template,2026,chichewa,chi_0002,0,0.000038
bilstm_finetuned,counterfactual,template,2026,chichewa,chi_0003,0,0.396023
bilstm_finetuned,counterfactual,template,2026,chichewa,chi_0004,1,0.392552
bilstm_finetuned,counterfactual,template,2026,chichewa,chi_0005,1,0.998410
bilstm_finetuned,counterfactual,template,2026,chichewa,chi_0006,0,0.612981
bilstm_finetuned,counterfactual,template,2026,chichewa,chi_0007,0,0.210336
bilstm_finetuned,counterfactual,template,2026,chichewa,chi_0008,1,0.000089
bilstm_finetuned,counterfactual,template,2026,chichewa,chi_0009,1,0.841478
bilstm_finetuned,counterfactual,template,2026,chichewa,chi_0010,0,0.000091
bilstm_finetuned,counterfactual,template,2026,chichewa,chi_0011,0,0.000056
bilstm_finetuned,counterfactual,template,2026,chichewa,chi_0012,0,0.392185
bilstm_finetuned,counterfactual,template,2026,chichewa,chi_0013,1,0.670763
bilstm_finetuned,counterfactual,template,2026,chichewa,chi_0014,1,0.997128
bilstm_finetuned,counterfactual,template,2026,chichewa,chi_0015,0,0.022245
bilstm_finetuned,counterfactual,template,2026,chichewa,chi_0016,0,0.020521
bilstm_finetuned,counterfactual,template,2026,chichewa,chi_0017,0,0.353323
bilstm_finetuned,counterfactual,template,2026,chichewa,chi_0018,1,0.411999
bilstm_finetuned,counterfactual,template,2026,chichewa,chi_0019,1,0.999190
bilstm_finetuned,counterfactual,template,2026,chichewa,chi_0020,0,0.021855
bilstm_finetuned,counterfactual,template,2026,chichewa,chi_0021,1,0.994930
bilstm_finetuned,counterfactual,template,2026,chichewa,chi_0022,0,0.000047
bilstm_finetuned,counterfactual,template,2026,chichewa,chi_0023,1,0.999505
bilstm_finetuned,counterfactual,template,2026,chichewa,chi_0024,1,0.199676
bilstm_finetuned,counterfactual,template,2026,chichewa,chi_0025,0,0.000114
bilstm_finetuned,counterfactual,template,2026,chichewa,chi_0026,0,0.757217
bilstm_finetuned,counterfactual,template,2026,chichewa,chi_0027,1,0.397324
bilstm_finetuned,counterfactual,template,2026,chichewa,chi_0028,1,0.999800
bilstm_finetuned,counterfactual,template,2026,chichewa,chi_0029,0,0.288849
bilstm_finetuned,counterfactual,template,2026,chichewa,chi_0030,0,0.000042
bilstm_finetuned,counterfactual,template,2026,chichewa,chi_0031,1,0.000138
bilstm_finetuned,counterfactual,template,2026,chichewa,chi_0032,1,0.764451
bilstm_finetuned,counterfactual,template,2026,chichewa,chi_0033,1,0.485422
bilstm_finetuned,counterfactual,template,2026,chichewa,chi_0034,1,0.763573
bilstm_finetuned,counterfactual,template,2026,chichewa,chi_0035,0,0.044409
bilstm_finetuned,counterfactual,template,2026,chichewa,chi_0036,0,0.203526
bilstm_finetuned,counterfactual,template,2026,chichewa,chi_0037,0,0.000051
bilstm_finetuned,counterfactual,template,2026,chichewa,chi_0038,0,0.784580
bilstm_finetuned,counterfactual,template,2026,chichewa,chi_0039,0,0.000093
bilstm_finetuned,counterfactual,template,2026,chichewa,chi_0040,1,0.731327
bilstm_finetuned,counterfactual,template,2026,chichewa,chi_0041,1,0.998463
bilstm_finetuned,counterfactual,template,2026,chichewa,chi_0042,0,0.252528
bilstm_finetuned,counterfactual,template,2026,chichewa,chi_0043,0,0.113224
bilstm_finetuned,counterfactual,template,2026,chichewa,chi_0044,0,0.000037
bilstm_finetuned,counterfactual,template,2026,chichewa,chi_0045,1,0.999835
bilstm_finetuned,counterfactual,template,2026,chichewa,chi_0046,1,0.703529
bilstm_finetuned,counterfactual,template,2026,chichewa,chi_0047,1,0.597673
bilstm_finetuned,counterfactual,template,2026,chichewa,chi_0048,0,0.997848
bilstm_finetuned,counterfactual,template,2026,chichewa,chi_0049,0,0.811511
bilstm_finetuned,counterfactual,template,2026,chichewa,chi_0050,0,0.424939
bilstm_finetuned,counterfactual,template,2026,chichewa,chi_0051,1,0.075192
bilstm_finetuned,counterfactual,template,2026,chichewa,chi_0052,0,0.017601
bilstm_finetuned,counterfactual,template,2026,chichewa,chi_0053,0,0.177512
bilstm_finetuned,counterfactual,template,2026,chichewa,chi_0054,1,0.262159
bilstm_finetuned,counterfactual,template,2026,chichewa,chi_0055,1,0.970205
bilstm_finetuned,counterfactual,template,2026,chichewa,chi_0056,0,0.000045
bilstm_finetuned,counterfactual,template,2026,chichewa,chi_0057,1,0.283275
bilstm_finetuned,counterfactual,template,2026,chichewa,chi_0058,1,0.195250
bilstm_finetuned,counterfactual,template,2026,chichewa,chi_0059,0,0.101019
bilstm_finetuned,counterfactual,template,2026,chichewa,chi_0060,0,0.146415
bilstm_finetuned,counterfactual,template,2026,chichewa,chi_0061,1,0.184437
bilstm_finetuned,counterfactual,template,2026,chichewa,chi_0062,0,0.063897
bilstm_finetuned,counterfactual,template,2026,chichewa,chi_0063,1,0.995925
bilstm_finetuned,counterfactual,template,2026,chichewa,chi_0064,1,0.550884
bilstm_finetuned,counterfactual,template,2026,chichewa,chi_0065,1,0.000122
bilstm_finetuned,counterfactual,template,2026,chichewa,chi_0066,0,0.176954
bilstm_finetuned,counterfactual,template,2026,chichewa,chi_0067,0,0.055292
bilstm_finetuned,counterfactual,template,2026,chichewa,chi_0068,0,0.019782
bilstm_finetuned,counterfactual,template,2026,chichewa,chi_0069,1,0.999821
bilstm_finetuned,counterfactual,template,2026,chichewa,chi_0070,1,0.999861
bilstm_finetuned,counterfactual,template,2026,chichewa,chi_0071,0,0.071835
bilstm_finetuned,counterfactual,template,2026,chichewa,chi_0072,0,0.246494
bilstm_finetuned,counterfactual,template,2026,chichewa,chi_0073,1,0.387590
bilstm_finetuned,counterfactual,template,2026,chichewa,chi_0074,1,0.994530
bilstm_finetuned,counterfactual,template,2026,chichewa,chi_0075,0,0.025668
bilstm_finetuned,counterfactual,template,2026,chichewa,chi_0076,0,0.020541
bilstm_finetuned,counterfactual,template,2026,chichewa,chi_0077,0,0.020630
bilstm_finetuned,counterfactual,template,2026,chichewa,chi_0078,1,0.030616
bilstm_finetuned,counterfactual,template,2026,chichewa,chi_0079,1,0.000068
bilstm_finetuned,counterfactual,template,2026,chichewa,chi_0080,1,0.633508
bilstm_finetuned,counterfactual,template,2026,chichewa,chi_0081,1,0.998079
bilstm_finetuned,counterfactual,template,2026,chichewa,chi_0082,0,0.193124
bilstm_finetuned,counterfactual,template,2026,chichewa,chi_0083,0,0.353039
bilstm_finetuned,counterfactual,template,2026,chichewa,chi_0084,0,0.018820
bilstm_finetuned,counterfactual,template,2026,chichewa,chi_0085,1,0.402814
bilstm_finetuned,counterfactual,template,2026,chichewa,chi_0086,1,0.999460
bilstm_finetuned,counterfactual,template,2026,chichewa,chi_0087,0,0.000061
bilstm_finetuned,counterfactual,template,2026,chichewa,chi_0088,0,0.539887
bilstm_finetuned,counterfactual,template,2026,chichewa,chi_0089,0,0.556478
bilstm_finetuned,counterfactual,template,2026,chichewa,chi_0090,1,0.618921
bilstm_finetuned,counterfactual,template,2026,chichewa,chi_0091,0,0.037214
bilstm_finetuned,counterfactual,template,2026,chichewa,chi_0092,0,0.548924
bilstm_finetuned,counterfactual,template,2026,chichewa,chi_0093,0,0.543640
bilstm_finetuned,counterfactual,template,2026,chichewa,chi_0094,1,0.999036
bilstm_finetuned,counterfactual,template,2026,chichewa,chi_0095,1,0.542910
bilstm_finetuned,counterfactual,template,2026,chichewa,chi_0096,0,0.063349
bilstm_finetuned,counterfactual,template,2026,chichewa,chi_0097,0,0.166046
bilstm_finetuned,counterfactual,template,2026,chichewa,chi_0098,1,0.999407
bilstm_finetuned,counterfactual,template,2026,chichewa,chi_0099,1,0.432331
bilstm_finetuned,counterfactual,template,2026,chichewa,chi_0100,0,0.019567
bilstm_finetuned,counterfactual,template,2026,chichewa,chi_0101,1,0.999810
bilstm_finetuned,counterfactual,template,2026,chichewa,chi_0102,0,0.983954
bilstm_finetuned,counterfactual,template,2026,chichewa,chi_0103,0,0.533393
bilstm_finetuned,counterfactual,template,2026,chichewa,chi_0104,0,0.000103
bilstm_finetuned,counterfactual,template,2026,chichewa,chi_0105,1,0.132835
bilstm_finetuned,counterfactual,template,2026,chichewa,chi_0106,1,0.366981
bilstm_finetuned,counterfactual,template,2026,chichewa,chi_0107,1,0.783977
bilstm_finetuned,counterfactual,template,2026,chichewa,chi_0108,0,0.000102
bilstm_finetuned,counterfactual,template,2026,chichewa,chi_0109,0,0.055092
bilstm_finetuned,counterfactual,template,2026,chichewa,chi_0110,0,0.064470
bilstm_finetuned,counterfactual,template,2026,chichewa,chi_0111,1,0.985767
bilstm_finetuned,counterfactual,template,2026,chichewa,chi_0112,1,0.998227
bilstm_finetuned,counterfactual,template,2026,chichewa,chi_0113,1,0.384731
bilstm_finetuned,counterfactual,template,2026,chichewa,chi_0114,0,0.126901
bilstm_finetuned,counterfactual,template,2026,chichewa,chi_0115,0,0.190007
bilstm_finetuned,counterfactual,template,2026,chichewa,chi_0116,0,0.091254
bilstm_finetuned,counterfactual,template,2026,chichewa,chi_0117,1,0.999406
bilstm_finetuned,counterfactual,template,2026,chichewa,chi_0118,1,0.998364
bilstm_finetuned,counterfactual,template,2026,chichewa,chi_0119,1,0.585818
bilstm_finetuned,counterfactual,template,2026,chichewa,chi_0120,0,0.004655
bilstm_finetuned,counterfactual,template,2026,chichewa,chi_0121,0,0.206887
bilstm_finetuned,counterfactual,template,2026,chichewa,chi_0122,0,0.332543
bilstm_finetuned,counterfactual,template,2026,chichewa,chi_0123,1,0.464523
bilstm_finetuned,counterfactual,template,2026,chichewa,chi_0124,1,0.650678
bilstm_finetuned,counterfactual,template,2026,chichewa,chi_0125,1,0.571144
bilstm_finetuned,counterfactual,template,2026,chichewa,chi_0126,0,0.382063
bilstm_finetuned,counterfactual,template,2026,chichewa,chi_0127,0,0.058496
bilstm_finetuned,counterfactual,template,2026,chichewa,chi_0128,0,0.338416
bilstm_finetuned,counterfactual,template,2026,chichewa,chi_0129,1,0.999908
bilstm_finetuned,counterfactual,template,2026,chichewa,chi_0130,1,0.000085
bilstm_finetuned,counterfactual,template,2026,chichewa,chi_0131,0,0.998602
bilstm_finetuned,counterfactual,template,2026,chichewa,chi_0132,0,0.467876
bilstm_finetuned,counterfactual,template,2026,chichewa,chi_0133,0,0.000204
bilstm_finetuned,counterfactual,template,2026,chichewa,chi_0134,1,0.999028
bilstm_finetuned,counterfactual,template,2026,chichewa,chi_0135,0,0.317374
bilstm_finetuned,counterfactual,template,2026,chichewa,chi_0136,1,0.708608
bilstm_finetuned,counterfactual,template,2026,chichewa,chi_0137,0,0.169752
bilstm_finetuned,counterfactual,template,2026,chichewa,chi_0138,0,0.000481
bilstm_finetuned,counterfactual,template,2026,chichewa,chi_0139,0,0.027249
bilstm_finetuned,counterfactual,template,2026,chichewa,chi_0140,1,0.010149
bilstm_finetuned,counterfactual,template,2026,chichewa,chi_0141,0,0.208941
bilstm_finetuned,counterfactual,template,2026,chichewa,chi_0142,0,0.109552
bilstm_finetuned,counterfactual,template,2026,chichewa,chi_0143,0,0.034405
bilstm_finetuned,counterfactual,template,2026,chichewa,chi_0144,1,0.049865
bilstm_finetuned,counterfactual,template,2026,chichewa,chi_0145,0,0.045008
bilstm_finetuned,counterfactual,template,2026,chichewa,chi_0146,0,0.200505
bilstm_finetuned,counterfactual,template,2026,chichewa,chi_0147,1,0.999797
bilstm_finetuned,counterfactual,template,2026,chichewa,chi_0148,1,0.999611
bilstm_finetuned,counterfactual,template,2026,chichewa,chi_0149,0,0.234178
bilstm_finetuned,counterfactual,template,2026,chichewa,chi_0150,0,0.000215
bilstm_finetuned,counterfactual,template,2026,chichewa,chi_0151,1,0.015685
bilstm_finetuned,counterfactual,template,2026,chichewa,chi_0152,0,0.097106
bilstm_finetuned,counterfactual,template,2026,chichewa,chi_0153,0,0.208741
bilstm_finetuned,counterfactual,template,2026,chichewa,chi_0154,0,0.019576
bilstm_finetuned,counterfactual,template,2026,chichewa,chi_0155,1,0.390429
bilstm_finetuned,counterfactual,template,2026,chichewa,chi_0156,1,0.560061
bilstm_finetuned,counterfactual,template,2026,chichewa,chi_0157,1,0.999893
bilstm_finetuned,counterfactual,template,2026,chichewa,chi_0158,0,0.395566
bilstm_finetuned,counterfactual,template,2026,chichewa,chi_0159,0,0.123107
bilstm_finetuned,counterfactual,template,2026,chichewa,chi_0160,0,0.001255
bilstm_finetuned,counterfactual,template,2026,chichewa,chi_0161,1,0.537896
bilstm_finetuned,counterfactual,template,2026,chichewa,chi_0162,1,0.479350
bilstm_finetuned,counterfactual,template,2026,chichewa,chi_0163,1,0.649204
bilstm_finetuned,counterfactual,template,2026,chichewa,chi_0164,1,0.651482
bilstm_finetuned,counterfactual,template,2026,chichewa,chi_0165,0,0.141447
bilstm_finetuned,counterfactual,template,2026,chichewa,chi_0166,0,0.205491
bilstm_finetuned,counterfactual,template,2026,chichewa,chi_0167,1,0.576246
bilstm_finetuned,counterfactual,template,2026,chichewa,chi_0168,1,0.019730
bilstm_finetuned,counterfactual,template,2026,chichewa,chi_0169,0,0.018037
bilstm_finetuned,counterfactual,template,2026,chichewa,chi_0170,0,0.340361
bilstm_finetuned,counterfactual,template,2026,chichewa,chi_0171,1,0.016785
bilstm_finetuned,counterfactual,template,2026,chichewa,chi_0172,1,0.000919
bilstm_finetuned,counterfactual,template,2026,chichewa,chi_0173,0,0.203526
bilstm_finetuned,counterfactual,template,2026,chichewa,chi_0174,0,0.244386
bilstm_finetuned,counterfactual,template,2026,chichewa,chi_0175,0,0.067767
bilstm_finetuned,counterfactual,template,2026,chichewa,chi_0176,1,0.033925
bilstm_finetuned,counterfactual,template,2026,chichewa,chi_0177,1,0.004117
bilstm_finetuned,counterfactual,template,2026,chichewa,chi_0178,0,0.059892
bilstm_finetuned,counterfactual,template,2026,chichewa,chi_0179,1,0.001930
bilstm_finetuned,counterfactual,template,2026,chichewa,chi_0180,1,0.992710
bilstm_finetuned,counterfactual,template,2026,chichewa,chi_0181,1,0.317459
bilstm_finetuned,counterfactual,template,2026,chichewa,chi_0182,0,0.017160
bilstm_finetuned,counterfactual,template,2026,chichewa,chi_0183,0,0.220481
bilstm_finetuned,counterfactual,template,2026,chichewa,chi_0184,0,0.000027
bilstm_finetuned,counterfactual,template,2026,chichewa,chi_0185,1,0.295487
bilstm_finetuned,counterfactual,template,2026,chichewa,chi_0186,1,0.000093
bilstm_finetuned,counterfactual,template,2026,chichewa,chi_0187,1,0.266629
bilstm_finetuned,counterfactual,template,2026,chichewa,chi_0188,0,0.005826
bilstm_finetuned,counterfactual,template,2026,chichewa,chi_0189,0,0.038325
bilstm_finetuned,counterfactual,template,2026,chichewa,chi_0190,1,0.517301
bilstm_finetuned,counterfactual,template,2026,chichewa,chi_0191,1,0.658936
bilstm_finetuned,counterfactual,template,2026,chichewa,chi_0192,0,0.027862
bilstm_finetuned,counterfactual,template,2026,chichewa,chi_0193,0,0.867627
bilstm_finetuned,counterfactual,template,2026,chichewa,chi_0194,0,0.001294
bilstm_finetuned,counterfactual,template,2026,chichewa,chi_0195,0,0.000165
bilstm_finetuned,counterfactual,template,2026,chichewa,chi_0196,1,0.999971
bilstm_finetuned,counterfactual,template,2026,chichewa,chi_0197,1,0.021773
bilstm_finetuned,counterfactual,template,2026,chichewa,chi_0198,1,0.000056
bilstm_finetuned,counterfactual,template,2026,chichewa,chi_0199,1,0.298974
bilstm_finetuned,counterfactual,template,2026,chichewa,chi_0200,1,0.130386
bilstm_finetuned,counterfactual,template,2026,chichewa,chi_0201,0,0.098373
bilstm_finetuned,counterfactual,template,2026,chichewa,chi_0202,1,0.094576
bilstm_finetuned,counterfactual,template,2026,chichewa,chi_0203,1,0.000079
bilstm_finetuned,counterfactual,template,2026,chichewa,chi_0204,1,0.999571
bilstm_finetuned,counterfactual,template,2026,chichewa,chi_0205,0,0.995015
bilstm_finetuned,counterfactual,template,2026,chichewa,chi_0206,0,0.813717
bilstm_finetuned,counterfactual,template,2026,chichewa,chi_0207,1,0.206797
bilstm_finetuned,counterfactual,template,2026,chichewa,chi_0208,1,0.088644
bilstm_finetuned,counterfactual,template,2026,chichewa,chi_0209,1,0.000134
bilstm_finetuned,counterfactual,template,2026,chichewa,chi_0210,0,0.000112
bilstm_finetuned,counterfactual,template,2026,chichewa,chi_0211,0,0.003349
bilstm_finetuned,counterfactual,template,2026,chichewa,chi_0212,1,0.413605
bilstm_finetuned,counterfactual,template,2026,chichewa,chi_0213,1,0.046064
bilstm_finetuned,counterfactual,template,2026,chichewa,chi_0214,1,0.999936
bilstm_finetuned,counterfactual,template,2026,chichewa,chi_0215,0,0.830002
bilstm_finetuned,counterfactual,template,2026,chichewa,chi_0216,0,0.000129
bilstm_finetuned,counterfactual,template,2026,chichewa,chi_0217,1,0.403713
bilstm_finetuned,counterfactual,template,2026,chichewa,chi_0218,1,0.999213
bilstm_finetuned,counterfactual,template,2026,chichewa,chi_0219,1,0.671810
bilstm_finetuned,counterfactual,template,2026,chichewa,chi_0220,0,0.000040
bilstm_finetuned,counterfactual,template,2026,chichewa,chi_0221,0,0.075430
bilstm_finetuned,counterfactual,template,2026,chichewa,chi_0222,0,0.205756
bilstm_finetuned,counterfactual,template,2026,chichewa,chi_0223,1,0.999832
bilstm_finetuned,counterfactual,template,2026,chichewa,chi_0224,1,0.999583
bilstm_finetuned,counterfactual,template,2026,chichewa,chi_0225,0,0.394628
bilstm_finetuned,counterfactual,template,2026,chichewa,chi_0226,0,0.000057
bilstm_finetuned,counterfactual,template,2026,chichewa,chi_0227,0,0.000024
bilstm_finetuned,counterfactual,template,2026,chichewa,chi_0228,0,0.381318
bilstm_finetuned,counterfactual,template,2026,chichewa,chi_0229,1,0.410407
bilstm_finetuned,counterfactual,template,2026,chichewa,chi_0230,1,0.999693
bilstm_finetuned,counterfactual,template,2026,chichewa,chi_0231,1,0.999164
bilstm_finetuned,counterfactual,template,2026,chichewa,chi_0232,0,0.997921
bilstm_finetuned,counterfactual,template,2026,chichewa,chi_0233,1,0.119210
bilstm_finetuned,counterfactual,template,2026,chichewa,chi_0234,0,0.499932
bilstm_finetuned,counterfactual,template,2026,chichewa,chi_0235,0,0.000118
bilstm_finetuned,counterfactual,template,2026,chichewa,chi_0236,1,0.997823
bilstm_finetuned,counterfactual,template,2026,chichewa,chi_0237,1,0.058060
bilstm_finetuned,counterfactual,template,2026,chichewa,chi_0238,0,0.031530
bilstm_finetuned,counterfactual,template,2026,chichewa,chi_0239,0,0.000431
bilstm_finetuned,counterfactual,template,2026,chichewa,chi_0240,0,0.003583
bilstm_finetuned,counterfactual,template,2026,chichewa,chi_0241,0,0.000836
bilstm_finetuned,counterfactual,template,2026,chichewa,chi_0242,1,0.999788
bilstm_finetuned,counterfactual,template,2026,chichewa,chi_0243,1,0.995006
bilstm_finetuned,counterfactual,template,2026,chichewa,chi_0244,0,0.177653
bilstm_finetuned,counterfactual,template,2026,chichewa,chi_0245,1,0.998911
bilstm_finetuned,counterfactual,template,2026,chichewa,chi_0246,1,0.309259
bilstm_finetuned,counterfactual,template,2026,chichewa,chi_0247,1,0.999769
bilstm_finetuned,counterfactual,template,2026,chichewa,chi_0248,0,0.000078
bilstm_finetuned,counterfactual,template,2026,chichewa,chi_0249,0,0.000593
bilstm_finetuned,counterfactual,template,2026,chichewa,chi_0250,0,0.102244
bilstm_finetuned,counterfactual,template,2026,chichewa,chi_0251,0,0.993260
bilstm_finetuned,counterfactual,template,2026,chichewa,chi_0252,0,0.001532
bilstm_finetuned,counterfactual,template,2026,chichewa,chi_0253,0,0.005076
bilstm_finetuned,counterfactual,template,2026,chichewa,chi_0254,1,0.000333
bilstm_finetuned,counterfactual,template,2026,chichewa,chi_0255,1,0.792068
bilstm_finetuned,counterfactual,template,2026,chichewa,chi_0256,0,0.000391
bilstm_finetuned,counterfactual,template,2026,chichewa,chi_0257,0,0.003038
bilstm_finetuned,counterfactual,template,2026,chichewa,chi_0258,1,0.000080
bilstm_finetuned,counterfactual,template,2026,chichewa,chi_0259,0,0.167039
bilstm_finetuned,counterfactual,template,2026,chichewa,chi_0260,1,0.014303
bilstm_finetuned,counterfactual,template,2026,chichewa,chi_0261,1,0.060748
bilstm_finetuned,counterfactual,template,2026,chichewa,chi_0262,1,0.138760
bilstm_finetuned,counterfactual,template,2026,chichewa,chi_0263,0,0.097392
bilstm_finetuned,counterfactual,template,2026,chichewa,chi_0264,0,0.000053
bilstm_finetuned,counterfactual,template,2026,chichewa,chi_0265,0,0.024126
bilstm_finetuned,counterfactual,template,2026,chichewa,chi_0266,1,0.072169
bilstm_finetuned,counterfactual,template,2026,chichewa,chi_0267,1,0.000224
bilstm_finetuned,counterfactual,template,2026,chichewa,chi_0268,1,0.999486
bilstm_finetuned,counterfactual,template,2026,chichewa,chi_0269,0,0.000032
bilstm_finetuned,counterfactual,template,2026,chichewa,chi_0270,0,0.045871
bilstm_finetuned,counterfactual,template,2026,chichewa,chi_0271,0,0.846475
bilstm_finetuned,counterfactual,template,2026,chichewa,chi_0272,1,0.000165
bilstm_finetuned,counterfactual,template,2026,chichewa,chi_0273,1,0.029813
bilstm_finetuned,counterfactual,template,2026,chichewa,chi_0274,1,0.488511
bilstm_finetuned,counterfactual,template,2026,chichewa,chi_0275,1,0.999987
bilstm_finetuned,counterfactual,template,2026,chichewa,chi_0276,0,0.003894
bilstm_finetuned,counterfactual,template,2026,chichewa,chi_0277,1,0.997202
bilstm_finetuned,counterfactual,template,2026,chichewa,chi_0278,1,0.000120
bilstm_finetuned,counterfactual,template,2026,chichewa,chi_0279,0,0.000065
bilstm_finetuned,counterfactual,template,2026,chichewa,chi_0280,0,0.108035
bilstm_finetuned,counterfactual,template,2026,chichewa,chi_0281,1,0.439626
bilstm_finetuned,counterfactual,template,2026,chichewa,chi_0282,0,0.996613
bilstm_finetuned,counterfactual,template,2026,chichewa,chi_0283,0,0.002133
bilstm_finetuned,counterfactual,template,2026,chichewa,chi_0284,1,0.209827
bilstm_finetuned,counterfactual,template,2026,chichewa,chi_0285,1,0.241000
bilstm_finetuned,counterfactual,template,2026,chichewa,chi_0286,1,0.000064
bilstm_finetuned,counterfactual,template,2026,chichewa,chi_0287,0,0.000087
bilstm_finetuned,counterfactual,template,2026,chichewa,chi_0288,0,0.018164
bilstm_finetuned,counterfactual,template,2026,chichewa,chi_0289,0,0.000035
bilstm_finetuned,counterfactual,template,2026,chichewa,chi_0290,1,0.639670
bilstm_finetuned,counterfactual,template,2026,chichewa,chi_0291,1,0.968055
bilstm_finetuned,counterfactual,template,2026,chichewa,chi_0292,0,0.000065
bilstm_finetuned,counterfactual,template,2026,chichewa,chi_0293,0,0.595144
bilstm_finetuned,counterfactual,template,2026,chichewa,chi_0294,0,0.999819
bilstm_finetuned,counterfactual,template,2026,chichewa,chi_0295,1,0.106393
bilstm_finetuned,counterfactual,template,2026,chichewa,chi_0296,1,0.227887
bilstm_finetuned,counterfactual,template,2026,chichewa,chi_0297,0,0.000044
bilstm_finetuned,counterfactual,template,2026,chichewa,chi_0298,0,0.069352
bilstm_finetuned,counterfactual,template,2026,chichewa,chi_0299,0,0.065181
bilstm_finetuned,counterfactual,template,2026,chichewa,chi_0300,1,0.998978
bilstm_finetuned,counterfactual,template,2026,chichewa,chi_0301,1,0.000056
bilstm_finetuned,counterfactual,template,2026,chichewa,chi_0302,1,0.988756
bilstm_finetuned,counterfactual,template,2026,chichewa,chi_0303,0,0.469665
bilstm_finetuned,counterfactual,template,2026,chichewa,chi_0304,0,0.466725
bilstm_finetuned,counterfactual,template,2026,chichewa,chi_0305,0,0.472521
bilstm_finetuned,counterfactual,template,2026,chichewa,chi_0306,0,0.307998
bilstm_finetuned,counterfactual,template,2026,chichewa,chi_0307,1,0.078099
bilstm_finetuned,counterfactual,template,2026,chichewa,chi_0308,1,0.354154
bilstm_finetuned,counterfactual,template,2026,chichewa,chi_0309,1,0.404293
bilstm_finetuned,counterfactual,template,2026,chichewa,chi_0310,1,0.000082
bilstm_finetuned,counterfactual,template,2026,chichewa,chi_0311,0,0.000064
bilstm_finetuned,counterfactual,template,2026,chichewa,chi_0312,0,0.406661
bilstm_finetuned,counterfactual,template,2026,chichewa,chi_0313,0,0.457594
bilstm_finetuned,counterfactual,template,2026,chichewa,chi_0314,1,0.204281
bilstm_finetuned,counterfactual,template,2026,chichewa,chi_0315,1,0.171946
bilstm_finetuned,counterfactual,template,2026,chichewa,chi_0316,0,0.455706
bilstm_finetuned,counterfactual,template,2026,chichewa,chi_0317,0,0.285766
bilstm_finetuned,counterfactual,template,2026,chichewa,chi_0318,1,0.610749
bilstm_finetuned,counterfactual,template,2026,chichewa,chi_0319,1,0.095131
bilstm_finetuned,counterfactual,template,2026,chichewa,chi_0320,0,0.000975
bilstm_finetuned,counterfactual,template,2026,chichewa,chi_0321,1,0.452563
bilstm_finetuned,counterfactual,template,2026,chichewa,chi_0322,0,0.263075
bilstm_finetuned,counterfactual,template,2026,chichewa,chi_0323,0,0.000064
bilstm_finetuned,counterfactual,template,2026,chichewa,chi_0324,0,0.012899
bilstm_finetuned,counterfactual,template,2026,chichewa,chi_0325,0,0.999985
bilstm_finetuned,counterfactual,template,2026,chichewa,chi_0326,1,0.044968
bilstm_finetuned,counterfactual,template,2026,chichewa,chi_0327,1,0.000056
bilstm_finetuned,counterfactual,template,2026,chichewa,chi_0328,0,0.287034
bilstm_finetuned,counterfactual,template,2026,chichewa,chi_0329,0,0.978983
bilstm_finetuned,counterfactual,template,2026,chichewa,chi_0330,0,0.000048
bilstm_finetuned,counterfactual,template,2026,chichewa,chi_0331,1,0.022290
bilstm_finetuned,counterfactual,template,2026,chichewa,chi_0332,0,0.131778
bilstm_finetuned,counterfactual,template,2026,chichewa,chi_0333,0,0.295343
bilstm_finetuned,counterfactual,template,2026,chichewa,chi_0334,0,0.291920
bilstm_finetuned,counterfactual,template,2026,chichewa,chi_0335,0,0.000602
bilstm_finetuned,counterfactual,template,2026,chichewa,chi_0336,1,0.997945
bilstm_finetuned,counterfactual,template,2026,chichewa,chi_0337,1,0.000064
bilstm_finetuned,counterfactual,template,2026,chichewa,chi_0338,1,0.994131
bilstm_finetuned,counterfactual,template,2026,chichewa,chi_0339,0,0.555877
bilstm_finetuned,counterfactual,template,2026,chichewa,chi_0340,0,0.002822
bilstm_finetuned,counterfactual,template,2026,chichewa,chi_0341,0,0.007795
bilstm_finetuned,counterfactual,template,2026,chichewa,chi_0342,1,0.110019
bilstm_finetuned,counterfactual,template,2026,chichewa,chi_0343,1,0.036433
bilstm_finetuned,counterfactual,template,2026,chichewa,chi_0344,1,0.056916
bilstm_finetuned,counterfactual,template,2026,chichewa,chi_0345,0,0.032252
bilstm_finetuned,counterfactual,template,2026,chichewa,chi_0346,0,0.000273
bilstm_finetuned,counterfactual,template,2026,chichewa,chi_0347,1,0.055617
bilstm_finetuned,counterfactual,template,2026,chichewa,chi_0348,0,0.212001
bilstm_finetuned,counterfactual,template,2026,chichewa,chi_0349,0,0.000128
bilstm_finetuned,counterfactual,template,2026,chichewa,chi_0350,1,0.065801
bilstm_finetuned,counterfactual,template,2026,chichewa,chi_0351,1,0.053766
bilstm_finetuned,counterfactual,template,2026,chichewa,chi_0352,1,0.192938
bilstm_finetuned,counterfactual,template,2026,chichewa,chi_0353,1,0.000049
bilstm_finetuned,counterfactual,template,2026,chichewa,chi_0354,1,0.067548
bilstm_finetuned,counterfactual,template,2026,chichewa,chi_0355,0,0.022316
bilstm_finetuned,counterfactual,template,2026,chichewa,chi_0356,0,0.000562
bilstm_finetuned,counterfactual,template,2026,chichewa,chi_0357,0,0.001381
bilstm_finetuned,counterfactual,template,2026,chichewa,chi_0358,0,0.000343
bilstm_finetuned,counterfactual,template,2026,chichewa,chi_0359,1,0.604789
bilstm_finetuned,counterfactual,template,2026,chichewa,chi_0360,0,0.555323
bilstm_finetuned,counterfactual,template,2026,chichewa,chi_0361,1,0.173873
bilstm_finetuned,counterfactual,template,2026,chichewa,chi_0362,1,0.999852
bilstm_finetuned,counterfactual,template,2026,chichewa,chi_0363,1,0.000040
bilstm_finetuned,counterfactual,template,2026,chichewa,chi_0364,0,0.000271
bilstm_finetuned,counterfactual,template,2026,chichewa,chi_0365,0,0.002687
bilstm_finetuned,counterfactual,template,2026,chichewa,chi_0366,0,0.002927
bilstm_finetuned,counterfactual,template,2026,chichewa,chi_0367,1,0.000096
bilstm_finetuned,counterfactual,template,2026,chichewa,chi_0368,1,0.436495
bilstm_finetuned,counterfactual,template,2026,chichewa,chi_0369,0,0.008436
bilstm_finetuned,counterfactual,template,2026,chichewa,chi_0370,0,0.001564
bilstm_finetuned,counterfactual,template,2026,chichewa,chi_0371,0,0.015208
bilstm_finetuned,counterfactual,template,2026,chichewa,chi_0372,1,0.703980
bilstm_finetuned,counterfactual,template,2026,chichewa,chi_0373,1,0.505774
bilstm_finetuned,counterfactual,template,2026,chichewa,chi_0374,0,0.000225
bilstm_finetuned,counterfactual,template,2026,chichewa,chi_0375,0,0.000710
bilstm_finetuned,counterfactual,template,2026,chichewa,chi_0376,1,0.020862
bilstm_finetuned,counterfactual,template,2026,chichewa,chi_0377,1,0.000067
bilstm_finetuned,counterfactual,template,2026,chichewa,chi_0378,0,0.059618
bilstm_finetuned,counterfactual,template,2026,chichewa,chi_0379,0,0.000161
bilstm_finetuned,counterfactual,template,2026,chichewa,chi_0380,1,0.004249
bilstm_finetuned,counterfactual,template,2026,chichewa,chi_0381,1,0.000094
bilstm_finetuned,counterfactual,template,2026,chichewa,chi_0382,0,0.000387
bilstm_finetuned,counterfactual,template,2026,chichewa,chi_0383,0,0.002874
bilstm_finetuned,counterfactual,template,2026,chichewa,chi_0384,1,0.037580
bilstm_finetuned,counterfactual,template,2026,chichewa,chi_0385,1,0.035217
bilstm_finetuned,counterfactual,template,2026,chichewa,chi_0386,1,0.000095
bilstm_finetuned,counterfactual,template,2026,chichewa,chi_0387,1,0.043133
bilstm_finetuned,counterfactual,template,2026,chichewa,chi_0388,0,0.018788
bilstm_finetuned,counterfactual,template,2026,chichewa,chi_0389,1,0.005667
bilstm_finetuned,counterfactual,template,2026,chichewa,chi_0390,0,0.013363
bilstm_finetuned,counterfactual,template,2026,chichewa,chi_0391,0,0.000230
bilstm_finetuned,counterfactual,template,2026,chichewa,chi_0392,1,0.999328
bilstm_finetuned,counterfactual,template,2026,chichewa,chi_0393,0,0.000105
bilstm_finetuned,counterfactual,template,2026,chichewa,chi_0394,0,0.000188
bilstm_finetuned,counterfactual,template,2026,chichewa,chi_0395,1,0.088690
bilstm_finetuned,counterfactual,template,2026,chichewa,chi_0396,0,0.011241
bilstm_finetuned,counterfactual,template,2026,chichewa,chi_0397,0,0.022538
bilstm_finetuned,counterfactual,template,2026,chichewa,chi_0398,0,0.015618
bilstm_finetuned,counterfactual,template,2026,chichewa,chi_0399,0,0.450904
bilstm_finetuned,counterfactual,template,2026,chichewa,chi_0400,0,0.000072
bilstm_finetuned,counterfactual,template,2026,chichewa,chi_0401,0,0.000060
bilstm_finetuned,counterfactual,template,2026,chichewa,chi_0402,0,0.000480
bilstm_finetuned,counterfactual,template,2026,chichewa,chi_0403,0,0.000070
bilstm_finetuned,counterfactual,template,2026,chichewa,chi_0404,0,0.000072
bilstm_finetuned,counterfactual,template,2026,chichewa,chi_0405,0,0.000068
bilstm_finetuned,counterfactual,template,2026,chichewa,chi_0406,0,0.000086
bilstm_finetuned,counterfactual,template,2026,chichewa,chi_0407,0,0.000132
bilstm_finetuned,counterfactual,template,2026,chichewa,chi_0408,0,0.019260
bilstm_finetuned,counterfactual,template,2026,chichewa,chi_0409,0,0.191570
bilstm_finetuned,counterfactual,template,2026,chichewa,chi_0410,0,0.000200
bilstm_finetuned,counterfactual,template,2026,chichewa,chi_0411,1,0.113617
bilstm_finetuned,counterfactual,template,2026,chichewa,chi_0412,1,0.278749
bilstm_finetuned,counterfactual,template,2026,chichewa,chi_0413,1,0.999784
bilstm_finetuned,counterfactual,template,2026,chichewa,chi_0414,0,0.218072
bilstm_finetuned,counterfactual,template,2026,chichewa,chi_0415,0,0.001565
bilstm_finetuned,counterfactual,template,2026,chichewa,chi_0416,1,0.097070
bilstm_finetuned,counterfactual,template,2026,chichewa,chi_0417,1,0.008766
bilstm_finetuned,counterfactual,template,2026,chichewa,chi_0418,1,0.004374
bilstm_finetuned,counterfactual,template,2026,chichewa,chi_0419,0,0.041734
bilstm_finetuned,counterfactual,template,2026,chichewa,chi_0420,1,0.869951
bilstm_finetuned,counterfactual,template,2026,chichewa,chi_0421,0,0.075974
bilstm_finetuned,counterfactual,template,2026,chichewa,chi_0422,0,0.055346
bilstm_finetuned,counterfactual,template,2026,chichewa,chi_0423,1,0.998151
bilstm_finetuned,counterfactual,template,2026,chichewa,chi_0424,1,0.022199
bilstm_finetuned,counterfactual,template,2026,chichewa,chi_0425,0,0.170154
bilstm_finetuned,counterfactual,template,2026,chichewa,chi_0426,1,0.000219
bilstm_finetuned,counterfactual,template,2026,chichewa,chi_0427,1,0.003821
bilstm_finetuned,counterfactual,template,2026,chichewa,chi_0428,1,0.999103
bilstm_finetuned,counterfactual,template,2026,chichewa,chi_0429,0,0.156643
bilstm_finetuned,counterfactual,template,2026,chichewa,chi_0430,0,0.187000
bilstm_finetuned,counterfactual,template,2026,chichewa,chi_0431,0,0.224518
bilstm_finetuned,counterfactual,template,2026,chichewa,chi_0432,1,0.999198
bilstm_finetuned,counterfactual,template,2026,chichewa,chi_0433,1,0.998164
bilstm_finetuned,counterfactual,template,2026,chichewa,chi_0434,1,0.998839
bilstm_finetuned,counterfactual,template,2026,chichewa,chi_0435,1,0.112317
bilstm_finetuned,counterfactual,template,2026,chichewa,chi_0436,1,0.999577
bilstm_finetuned,counterfactual,template,2026,chichewa,chi_0437,1,0.999754
bilstm_finetuned,counterfactual,template,2026,chichewa,chi_0438,1,0.128303
bilstm_finetuned,counterfactual,template,2026,chichewa,chi_0439,1,0.051288
bilstm_finetuned,counterfactual,template,2026,chichewa,chi_0440,1,0.213963
bilstm_finetuned,counterfactual,template,2026,chichewa,chi_0441,1,0.104838
bilstm_finetuned,counterfactual,template,2026,chichewa,chi_0442,1,0.213892
bilstm_finetuned,counterfactual,template,2026,chichewa,chi_0443,1,0.114169
bilstm_finetuned,counterfactual,template,2026,chichewa,chi_0444,1,0.180430
bilstm_finetuned,counterfactual,template,2026,chichewa,chi_0445,1,0.154272
bilstm_finetuned,counterfactual,template,2026,chichewa,chi_0446,1,0.208344
bilstm_finetuned,counterfactual,template,2026,chichewa,chi_0447,1,0.998797
bilstm_finetuned,counterfactual,template,2026,chichewa,chi_0448,1,0.221421
bilstm_finetuned,counterfactual,template,2026,chichewa,chi_0449,1,0.315765
bilstm_finetuned,counterfactual,template,2026,chichewa,chi_0450,1,0.105310
bilstm_finetuned,counterfactual,template,2026,chichewa,chi_0451,0,0.840181
bilstm_finetuned,counterfactual,template,2026,chichewa,chi_0452,0,0.000854
bilstm_finetuned,counterfactual,template,2026,chichewa,chi_0453,1,0.998919
bilstm_finetuned,counterfactual,template,2026,chichewa,chi_0454,1,0.999406
bilstm_finetuned,counterfactual,template,2026,chichewa,chi_0455,1,0.639835
bilstm_finetuned,counterfactual,template,2026,chichewa,chi_0456,1,0.645615
bilstm_finetuned,counterfactual,template,2026,chichewa,chi_0457,1,0.999791
bilstm_finetuned,counterfactual,template,2026,chichewa,chi_0458,1,0.997041
bilstm_finetuned,counterfactual,template,2026,chichewa,chi_0459,0,0.991456
bilstm_finetuned,counterfactual,template,2026,chichewa,chi_0460,1,0.999669
bilstm_finetuned,counterfactual,template,2026,chichewa,chi_0461,1,0.999282
bilstm_finetuned,counterfactual,template,2026,chichewa,chi_0462,0,0.000079
bilstm_finetuned,counterfactual,template,2026,chichewa,chi_0463,0,0.003134
bilstm_finetuned,counterfactual,template,2026,chichewa,chi_0464,1,0.999061
bilstm_finetuned,counterfactual,template,2026,chichewa,chi_0465,0,0.000205
bilstm_finetuned,counterfactual,template,2026,chichewa,chi_0466,0,0.997585
bilstm_finetuned,counterfactual,template,2026,chichewa,chi_0467,1,0.999041
bilstm_finetuned,counterfactual,template,2026,chichewa,chi_0468,1,0.998235
bilstm_finetuned,counterfactual,template,2026,chichewa,chi_0469,0,0.219625
bilstm_finetuned,counterfactual,template,2026,chichewa,chi_0470,0,0.999606
bilstm_finetuned,counterfactual,template,2026,chichewa,chi_0471,1,0.999912
bilstm_finetuned,counterfactual,template,2026,chichewa,chi_0472,1,0.999935
bilstm_finetuned,counterfactual,template,2026,chichewa,chi_0473,0,0.690995
bilstm_finetuned,counterfactual,template,2026,chichewa,chi_0474,0,0.032008
bilstm_finetuned,counterfactual,template,2026,chichewa,chi_0475,1,0.015930
bilstm_finetuned,counterfactual,template,2026,chichewa,chi_0476,1,0.999872
bilstm_finetuned,counterfactual,template,2026,chichewa,chi_0477,1,0.999313
bilstm_finetuned,counterfactual,template,2026,chichewa,chi_0478,0,0.407340
bilstm_finetuned,counterfactual,template,2026,chichewa,chi_0479,0,0.997592
bilstm_finetuned,counterfactual,template,2026,chichewa,chi_0480,0,0.000137
bilstm_finetuned,counterfactual,template,2026,chichewa,chi_0481,1,0.999489
bilstm_finetuned,counterfactual,template,2026,chichewa,chi_0482,1,0.999751
bilstm_finetuned,counterfactual,template,2026,chichewa,chi_0483,0,0.999829
bilstm_finetuned,counterfactual,template,2026,chichewa,chi_0484,0,0.998526
bilstm_finetuned,counterfactual,template,2026,chichewa,chi_0485,0,0.000065
bilstm_finetuned,counterfactual,template,2026,chichewa,chi_0486,1,0.990781
bilstm_finetuned,counterfactual,template,2026,chichewa,chi_0487,1,0.998311
bilstm_finetuned,counterfactual,template,2026,chichewa,chi_0488,1,0.998492
bilstm_finetuned,counterfactual,template,2026,chichewa,chi_0489,0,0.758200
bilstm_finetuned,counterfactual,template,2026,chichewa,chi_0490,0,0.969121
bilstm_finetuned,counterfactual,template,2026,chichewa,chi_0491,1,0.999861
bilstm_finetuned,counterfactual,template,2026,chichewa,chi_0492,1,0.999850
bilstm_finetuned,counterfactual,template,2026,chichewa,chi_0493,1,0.999975
bilstm_finetuned,counterfactual,template,2026,chichewa,chi_0494,0,0.999612
bilstm_finetuned,counterfactual,template,2026,chichewa,chi_0495,0,0.851914
bilstm_finetuned,counterfactual,template,2026,chichewa,chi_0496,0,0.119186
bilstm_finetuned,counterfactual,template,2026,chichewa,chi_0497,1,0.999802
bilstm_finetuned,counterfactual,template,2026,chichewa,chi_0498,1,0.999721
bilstm_finetuned,counterfactual,template,2026,chichewa,chi_0499,0,0.000054
bilstm_finetuned,counterfactual,template,2026,chichewa,chi_0500,0,0.268970
bilstm_finetuned,counterfactual,template,2026,chichewa,chi_0501,0,0.652473
bilstm_finetuned,counterfactual,template,2026,chichewa,chi_0502,1,0.999864
bilstm_finetuned,counterfactual,template,2026,chichewa,chi_0503,1,0.000038
bilstm_finetuned,counterfactual,template,2026,chichewa,chi_0504,1,0.999905
bilstm_finetuned,counterfactual,template,2026,chichewa,chi_0505,0,0.000094
bilstm_finetuned,counterfactual,template,2026,chichewa,chi_0506,0,0.000106
bilstm_finetuned,counterfactual,template,2026,chichewa,chi_0507,0,0.000056
bilstm_finetuned,counterfactual,template,2026,chichewa,chi_0508,1,0.999165
bilstm_finetuned,counterfactual,template,2026,chichewa,chi_0509,1,0.999474
bilstm_finetuned,counterfactual,template,2026,chichewa,chi_0510,1,0.999648
bilstm_finetuned,counterfactual,template,2026,chichewa,chi_0511,0,0.001429
bilstm_finetuned,counterfactual,template,2026,chichewa,chi_0512,0,0.000040
bilstm_finetuned,counterfactual,template,2026,chichewa,chi_0513,0,0.000224
bilstm_finetuned,counterfactual,template,2026,chichewa,chi_0514,1,0.000035
bilstm_finetuned,counterfactual,template,2026,chichewa,chi_0515,1,0.999615
bilstm_finetuned,counterfactual,template,2026,chichewa,chi_0516,1,0.990594
bilstm_finetuned,counterfactual,template,2026,chichewa,chi_0517,0,0.664351
bilstm_finetuned,counterfactual,template,2026,chichewa,chi_0518,0,0.000072
bilstm_finetuned,counterfactual,template,2026,chichewa,chi_0519,1,0.999983
bilstm_finetuned,counterfactual,template,2026,chichewa,chi_0520,1,0.999611
bilstm_finetuned,counterfactual,template,2026,chichewa,chi_0521,1,0.000054
bilstm_finetuned,counterfactual,template,2026,chichewa,chi_0522,0,0.588264
bilstm_finetuned,counterfactual,template,2026,chichewa,chi_0523,0,0.200857
bilstm_finetuned,counterfactual,template,2026,chichewa,chi_0524,0,0.004330
bilstm_finetuned,counterfactual,template,2026,chichewa,chi_0525,1,0.999834
bilstm_finetuned,counterfactual,template,2026,chichewa,chi_0526,1,0.999800
bilstm_finetuned,counterfactual,template,2026,chichewa,chi_0527,1,0.997212
bilstm_finetuned,counterfactual,template,2026,chichewa,chi_0528,0,0.341896
bilstm_finetuned,counterfactual,template,2026,chichewa,chi_0529,0,0.615001
bilstm_finetuned,counterfactual,template,2026,chichewa,chi_0530,0,0.000070
bilstm_finetuned,counterfactual,template,2026,chichewa,chi_0531,1,0.999071
bilstm_finetuned,counterfactual,template,2026,chichewa,chi_0532,1,0.999275
bilstm_finetuned,counterfactual,template,2026,chichewa,chi_0533,1,0.999415
bilstm_finetuned,counterfactual,template,2026,chichewa,chi_0534,0,0.654480
bilstm_finetuned,counterfactual,template,2026,chichewa,chi_0535,0,0.093775
bilstm_finetuned,counterfactual,template,2026,chichewa,chi_0536,0,0.147479
bilstm_finetuned,counterfactual,template,2026,chichewa,chi_0537,1,0.999456
bilstm_finetuned,counterfactual,template,2026,chichewa,chi_0538,1,0.998515
bilstm_finetuned,counterfactual,template,2026,chichewa,chi_0539,1,0.999961
bilstm_finetuned,counterfactual,template,2026,chichewa,chi_0540,0,0.000999
bilstm_finetuned,counterfactual,template,2026,chichewa,chi_0541,0,0.000106
bilstm_finetuned,counterfactual,template,2026,chichewa,chi_0542,0,0.300346
bilstm_finetuned,counterfactual,template,2026,chichewa,chi_0543,1,0.999929
bilstm_finetuned,counterfactual,template,2026,chichewa,chi_0544,1,0.999725
bilstm_finetuned,counterfactual,template,2026,chichewa,chi_0545,1,0.999612
bilstm_finetuned,counterfactual,template,2026,chichewa,chi_0546,0,0.000145
bilstm_finetuned,counterfactual,template,2026,chichewa,chi_0547,0,0.524421
bilstm_finetuned,counterfactual,template,2026,chichewa,chi_0548,0,0.996402
bilstm_finetuned,counterfactual,template,2026,chichewa,chi_0549,1,0.172436
bilstm_finetuned,counterfactual,template,2026,chichewa,chi_0550,1,0.955532
bilstm_finetuned,counterfactual,template,2026,chichewa,chi_0551,1,0.998841
bilstm_finetuned,counterfactual,template,2026,chichewa,chi_0552,0,0.574909
bilstm_finetuned,counterfactual,template,2026,chichewa,chi_0553,0,0.000155
bilstm_finetuned,counterfactual,template,2026,chichewa,chi_0554,1,0.952800
bilstm_finetuned,counterfactual,template,2026,chichewa,chi_0555,1,0.503115
bilstm_finetuned,counterfactual,template,2026,chichewa,chi_0556,1,0.659199
bilstm_finetuned,counterfactual,template,2026,chichewa,chi_0557,0,0.546247
bilstm_finetuned,counterfactual,template,2026,chichewa,chi_0558,0,0.558615
bilstm_finetuned,counterfactual,template,2026,chichewa,chi_0559,0,0.567939
bilstm_finetuned,counterfactual,template,2026,chichewa,chi_0560,1,0.592056
bilstm_finetuned,counterfactual,template,2026,chichewa,chi_0561,1,0.999560
bilstm_finetuned,counterfactual,template,2026,chichewa,chi_0562,1,0.999823
bilstm_finetuned,counterfactual,template,2026,chichewa,chi_0563,0,0.000066
bilstm_finetuned,counterfactual,template,2026,chichewa,chi_0564,0,0.503920
bilstm_finetuned,counterfactual,template,2026,chichewa,chi_0565,0,0.000048
bilstm_finetuned,counterfactual,template,2026,chichewa,chi_0566,0,0.008123
bilstm_finetuned,counterfactual,template,2026,chichewa,chi_0567,1,0.999573
bilstm_finetuned,counterfactual,template,2026,chichewa,chi_0568,1,0.999512
bilstm_finetuned,counterfactual,template,2026,chichewa,chi_0569,1,0.999704
bilstm_finetuned,counterfactual,template,2026,chichewa,chi_0570,1,0.999596
bilstm_finetuned,counterfactual,template,2026,chichewa,chi_0571,0,0.745655
bilstm_finetuned,counterfactual,template,2026,chichewa,chi_0572,1,0.999055
bilstm_finetuned,counterfactual,template,2026,chichewa,chi_0573,1,0.999750
bilstm_finetuned,counterfactual,template,2026,chichewa,chi_0574,1,0.999648
bilstm_finetuned,counterfactual,template,2026,chichewa,chi_0575,0,0.501118
bilstm_finetuned,counterfactual,template,2026,chichewa,chi_0576,1,0.837964
bilstm_finetuned,counterfactual,template,2026,chichewa,chi_0577,1,0.105847
bilstm_finetuned,counterfactual,template,2026,chichewa,chi_0578,0,0.054603
bilstm_finetuned,counterfactual,template,2026,chichewa,chi_0579,0,0.022433
bilstm_finetuned,counterfactual,template,2026,chichewa,chi_0580,0,0.058985
bilstm_finetuned,counterfactual,template,2026,chichewa,chi_0581,1,0.671427
bilstm_finetuned,counterfactual,template,2026,chichewa,chi_0582,0,0.000359
bilstm_finetuned,counterfactual,template,2026,chichewa,chi_0583,0,0.109222
bilstm_finetuned,counterfactual,template,2026,chichewa,chi_0584,0,0.039257
bilstm_finetuned,counterfactual,template,2026,chichewa,chi_0585,0,0.121217
bilstm_finetuned,counterfactual,template,2026,chichewa,chi_0586,0,0.000142
bilstm_finetuned,counterfactual,template,2026,chichewa,chi_0587,0,0.267999
bilstm_finetuned,counterfactual,template,2026,chichewa,chi_0588,0,0.034927
bilstm_finetuned,counterfactual,template,2026,chichewa,chi_0589,1,0.000101
bilstm_finetuned,counterfactual,template,2026,chichewa,chi_0590,1,0.999958
bilstm_finetuned,counterfactual,template,2026,chichewa,chi_0591,1,0.631799
bilstm_finetuned,counterfactual,template,2026,chichewa,chi_0592,0,0.008949
bilstm_finetuned,counterfactual,template,2026,chichewa,chi_0593,0,0.993808
bilstm_finetuned,counterfactual,template,2026,chichewa,chi_0594,0,0.245454
bilstm_finetuned,counterfactual,template,2026,chichewa,chi_0595,1,0.013273
bilstm_finetuned,counterfactual,template,2026,chichewa,chi_0596,1,0.650052
bilstm_finetuned,counterfactual,template,2026,chichewa,chi_0597,1,0.966432
bilstm_finetuned,counterfactual,template,2026,chichewa,chi_0598,1,0.920265
bilstm_finetuned,counterfactual,template,2026,chichewa,chi_0599,0,0.001297
bilstm_finetuned,counterfactual,template,2026,chichewa,chi_0600,0,0.001604
bilstm_finetuned,counterfactual,template,2026,chichewa,chi_0601,0,0.000072
bilstm_finetuned,counterfactual,template,2026,chichewa,chi_0602,1,0.889620
bilstm_finetuned,counterfactual,template,2026,chichewa,chi_0603,0,0.000061
bilstm_finetuned,counterfactual,template,2026,chichewa,chi_0604,0,0.000095
bilstm_finetuned,counterfactual,template,2026,chichewa,chi_0605,0,0.730758
bilstm_finetuned,counterfactual,template,2026,chichewa,chi_0606,1,0.000137
bilstm_finetuned,counterfactual,template,2026,chichewa,chi_0607,0,0.097529
bilstm_finetuned,counterfactual,template,2026,chichewa,chi_0608,0,0.093468
bilstm_finetuned,counterfactual,template,2026,chichewa,chi_0609,0,0.045009
bilstm_finetuned,counterfactual,template,2026,chichewa,chi_0610,1,0.325468
bilstm_finetuned,counterfactual,template,2026,chichewa,chi_0611,0,0.005575
bilstm_finetuned,counterfactual,template,2026,chichewa,chi_0612,0,0.385777
bilstm_finetuned,counterfactual,template,2026,chichewa,chi_0613,0,0.006046
bilstm_finetuned,counterfactual,template,2026,chichewa,chi_0614,0,0.000165
bilstm_finetuned,counterfactual,template,2026,chichewa,chi_0615,1,0.152021
bilstm_finetuned,counterfactual,template,2026,chichewa,chi_0616,0,0.119974
bilstm_finetuned,counterfactual,template,2026,chichewa,chi_0617,0,0.103625
bilstm_finetuned,counterfactual,template,2026,chichewa,chi_0618,1,0.999983
bilstm_finetuned,counterfactual,template,2026,chichewa,chi_0619,1,0.999963
bilstm_finetuned,counterfactual,template,2026,chichewa,chi_0620,1,0.649685
bilstm_finetuned,counterfactual,template,2026,chichewa,chi_0621,0,0.018551
bilstm_finetuned,counterfactual,template,2026,chichewa,chi_0622,0,0.002225
bilstm_finetuned,counterfactual,template,2026,chichewa,chi_0623,0,0.896818
bilstm_finetuned,counterfactual,template,2026,chichewa,chi_0624,1,0.999891
bilstm_finetuned,counterfactual,template,2026,chichewa,chi_0625,0,0.722449
bilstm_finetuned,counterfactual,template,2026,chichewa,chi_0626,0,0.034462
bilstm_finetuned,counterfactual,template,2026,chichewa,chi_0627,0,0.306968
bilstm_finetuned,counterfactual,template,2026,chichewa,chi_0628,0,0.328401
bilstm_finetuned,counterfactual,template,2026,chichewa,chi_0629,0,0.941237
bilstm_finetuned,counterfactual,template,2026,chichewa,chi_0630,1,0.999068
bilstm_finetuned,counterfactual,template,2026,chichewa,chi_0631,1,0.999728
bilstm_finetuned,counterfactual,template,2026,chichewa,chi_0632,0,0.738919
bilstm_finetuned,counterfactual,template,2026,chichewa,chi_0633,0,0.001112
bilstm_finetuned,counterfactual,template,2026,chichewa,chi_0634,1,0.461042
bilstm_finetuned,counterfactual,template,2026,chichewa,chi_0635,1,0.999832
bilstm_finetuned,counterfactual,template,2026,chichewa,chi_0636,1,0.999634
bilstm_finetuned,counterfactual,template,2026,chichewa,chi_0637,0,0.000137
bilstm_finetuned,counterfactual,template,2026,chichewa,chi_0638,0,0.000060
bilstm_finetuned,counterfactual,template,2026,chichewa,chi_0639,0,0.999564
bilstm_finetuned,counterfactual,template,2026,chichewa,chi_0640,0,0.730577
bilstm_finetuned,counterfactual,template,2026,chichewa,chi_0641,1,0.998906
bilstm_finetuned,counterfactual,template,2026,chichewa,chi_0642,1,0.998969
bilstm_finetuned,counterfactual,template,2026,chichewa,chi_0643,1,0.994683
bilstm_finetuned,counterfactual,template,2026,chichewa,chi_0644,0,0.994198
bilstm_finetuned,counterfactual,template,2026,chichewa,chi_0645,1,0.999836
bilstm_finetuned,counterfactual,template,2026,chichewa,chi_0646,1,0.999885
bilstm_finetuned,counterfactual,template,2026,chichewa,chi_0647,1,0.992593
bilstm_finetuned,counterfactual,template,2026,chichewa,chi_0648,1,0.446082
bilstm_finetuned,counterfactual,template,2026,chichewa,chi_0649,1,0.640131
bilstm_finetuned,counterfactual,template,2026,chichewa,chi_0650,1,0.999831
bilstm_finetuned,counterfactual,template,2026,chichewa,chi_0651,1,0.086539
bilstm_finetuned,counterfactual,template,2026,chichewa,chi_0652,1,0.000080
bilstm_finetuned,counterfactual,template,2026,chichewa,chi_0653,1,0.989940
bilstm_finetuned,counterfactual,template,2026,chichewa,chi_0654,1,0.991840
bilstm_finetuned,counterfactual,template,2026,chichewa,chi_0655,1,0.644899
bilstm_finetuned,counterfactual,template,2026,chichewa,chi_0656,1,0.013865
bilstm_finetuned,counterfactual,template,2026,chichewa,chi_0657,1,0.000106
bilstm_finetuned,counterfactual,template,2026,chichewa,chi_0658,1,0.998946
bilstm_finetuned,counterfactual,template,2026,chichewa,chi_0659,1,0.999829
bilstm_finetuned,counterfactual,template,2026,chichewa,chi_0660,1,0.000054
bilstm_finetuned,counterfactual,template,2026,chichewa,chi_0661,1,0.475244
bilstm_finetuned,counterfactual,template,2026,chichewa,chi_0662,1,0.995587
bilstm_finetuned,counterfactual,template,2026,chichewa,chi_0663,1,0.000043
bilstm_finetuned,counterfactual,template,2026,chichewa,chi_0664,1,0.999916
bilstm_finetuned,counterfactual,template,2026,chichewa,chi_0665,1,0.463204
bilstm_finetuned,counterfactual,template,2026,chichewa,chi_0666,1,0.318505
bilstm_finetuned,counterfactual,template,2026,chichewa,chi_0667,1,0.283066
bilstm_finetuned,counterfactual,template,2026,chichewa,chi_0668,0,0.007400
bilstm_finetuned,counterfactual,template,2026,chichewa,chi_0669,0,0.021777
bilstm_finetuned,counterfactual,template,2026,chichewa,chi_0670,0,0.997612
bilstm_finetuned,counterfactual,template,2026,chichewa,chi_0671,0,0.000059
bilstm_finetuned,counterfactual,template,2026,chichewa,chi_0672,0,0.079215
bilstm_finetuned,counterfactual,template,2026,chichewa,chi_0673,0,0.298908
bilstm_finetuned,counterfactual,template,2026,chichewa,chi_0674,0,0.997774
bilstm_finetuned,counterfactual,template,2026,chichewa,chi_0675,0,0.980505
bilstm_finetuned,counterfactual,template,2026,chichewa,chi_0676,0,0.279057
bilstm_finetuned,counterfactual,template,2026,chichewa,chi_0677,0,0.279844
bilstm_finetuned,counterfactual,template,2026,chichewa,chi_0678,0,0.338659
bilstm_finetuned,counterfactual,template,2026,chichewa,chi_0679,0,0.000039
bilstm_finetuned,counterfactual,template,2026,chichewa,chi_0680,0,0.357576
bilstm_finetuned,counterfactual,template,2026,chichewa,chi_0681,0,0.989571
bilstm_finetuned,counterfactual,template,2026,chichewa,chi_0682,0,0.000053
bilstm_finetuned,counterfactual,template,2026,chichewa,chi_0683,0,0.288188
bilstm_finetuned,counterfactual,template,2026,chichewa,chi_0684,0,0.000043
bilstm_finetuned,counterfactual,template,2026,chichewa,chi_0685,0,0.050341
bilstm_finetuned,counterfactual,template,2026,chichewa,chi_0686,0,0.169905
bilstm_finetuned,counterfactual,template,2026,chichewa,chi_0687,0,0.092683
bilstm_finetuned,counterfactual,template,2026,chichewa,chi_0688,0,0.300660
bilstm_finetuned,counterfactual,template,2026,chichewa,chi_0689,0,0.281200
bilstm_finetuned,counterfactual,template,2026,chichewa,chi_0690,0,0.998303
bilstm_finetuned,counterfactual,template,2026,chichewa,chi_0691,0,0.574021
bilstm_finetuned,counterfactual,template,2026,chichewa,chi_0692,0,0.000064
bilstm_finetuned,counterfactual,template,2026,chichewa,chi_0693,0,0.293075
bilstm_finetuned,counterfactual,template,2026,chichewa,chi_0694,0,0.292653
bilstm_finetuned,counterfactual,template,2026,chichewa,chi_0695,0,0.193166
bilstm_finetuned,counterfactual,template,2026,chichewa,chi_0696,0,0.076056
bilstm_finetuned,counterfactual,template,2026,chichewa,chi_0697,0,0.290101
bilstm_finetuned,counterfactual,template,2026,chichewa,chi_0698,0,0.000060
bilstm_finetuned,counterfactual,template,2026,chichewa,chi_0699,0,0.999868
bilstm_finetuned,counterfactual,template,2026,chichewa,chi_0700,0,0.276054
bilstm_finetuned,counterfactual,template,2026,chichewa,chi_0701,0,0.602184
bilstm_finetuned,counterfactual,template,2026,chichewa,chi_0702,0,0.994785
bilstm_finetuned,counterfactual,template,2026,chichewa,chi_0703,0,0.999921
bilstm_finetuned,counterfactual,template,2026,chichewa,chi_0704,0,0.341833
bilstm_finetuned,counterfactual,template,2026,chichewa,chi_0705,0,0.158630
bilstm_finetuned,counterfactual,template,2026,chichewa,chi_0706,0,0.698221
bilstm_finetuned,counterfactual,template,2026,chichewa,chi_0707,0,0.446177
bilstm_finetuned,counterfactual,template,2026,chichewa,chi_0708,0,0.804879
bilstm_finetuned,counterfactual,template,2026,chichewa,chi_0709,0,0.812407
bilstm_finetuned,counterfactual,template,2026,chichewa,chi_0710,0,0.000033
bilstm_finetuned,counterfactual,template,2026,chichewa,chi_0711,0,0.813077
bilstm_finetuned,counterfactual,template,2026,chichewa,chi_0712,0,0.998167
bilstm_finetuned,counterfactual,template,2026,chichewa,chi_0713,0,0.000064
bilstm_finetuned,counterfactual,template,2026,chichewa,chi_0714,0,0.000065
bilstm_finetuned,counterfactual,template,2026,chichewa,chi_0715,0,0.043270
bilstm_finetuned,counterfactual,template,2026,chichewa,chi_0716,0,0.402484
bilstm_finetuned,counterfactual,template,2026,chichewa,chi_0717,0,0.353629
bilstm_finetuned,counterfactual,template,2026,chichewa,chi_0718,0,0.476954
bilstm_finetuned,counterfactual,template,2026,chichewa,chi_0719,0,0.000056
bilstm_finetuned,counterfactual,template,2026,chichewa,chi_0720,0,0.000132
bilstm_finetuned,counterfactual,template,2026,chichewa,chi_0721,0,0.999457
bilstm_finetuned,counterfactual,template,2026,chichewa,chi_0722,0,0.000052
bilstm_finetuned,counterfactual,template,2026,chichewa,chi_0723,0,0.000061
bilstm_finetuned,counterfactual,template,2026,chichewa,chi_0724,0,0.293334
bilstm_finetuned,counterfactual,template,2026,chichewa,chi_0725,0,0.999930
bilstm_finetuned,counterfactual,template,2026,chichewa,chi_0726,0,0.975592
bilstm_finetuned,counterfactual,template,2026,chichewa,chi_0727,0,0.991155
bilstm_finetuned,counterfactual,template,2026,chichewa,chi_0728,0,0.000096
bilstm_finetuned,counterfactual,template,2026,chichewa,chi_0729,0,0.000065
bilstm_finetuned,counterfactual,template,2026,chichewa,chi_0730,0,0.000057
bilstm_finetuned,counterfactual,template,2026,chichewa,chi_0731,0,0.000165
bilstm_finetuned,counterfactual,template,2026,chichewa,chi_0732,0,0.000042
bilstm_finetuned,counterfactual,template,2026,ctrl_lookalike,bongo_0029,0,0.473105
bilstm_finetuned,counterfactual,template,2026,ctrl_lookalike,bongo_0053,0,0.000043
bilstm_finetuned,counterfactual,template,2026,ctrl_lookalike,bongo_0097,0,0.001129
bilstm_finetuned,counterfactual,template,2026,ctrl_lookalike,bongo_0107,0,0.000023
bilstm_finetuned,counterfactual,template,2026,ctrl_lookalike,bongo_0110,0,0.000018
bilstm_finetuned,counterfactual,template,2026,ctrl_lookalike,bongo_0115,0,0.000248
bilstm_finetuned,counterfactual,template,2026,ctrl_lookalike,bongo_0143,0,0.000023
bilstm_finetuned,counterfactual,template,2026,ctrl_lookalike,bongo_0160,0,0.000029
bilstm_finetuned,counterfactual,template,2026,ctrl_lookalike,bongo_0172,0,0.681461
bilstm_finetuned,counterfactual,template,2026,ctrl_lookalike,bongo_0175,0,0.000023
bilstm_finetuned,counterfactual,template,2026,ctrl_lookalike,bongo_0182,0,0.000011
bilstm_finetuned,counterfactual,template,2026,ctrl_lookalike,bongo_0197,0,0.000033
bilstm_finetuned,counterfactual,template,2026,ctrl_lookalike,bongo_0253,0,0.000045
bilstm_finetuned,counterfactual,template,2026,ctrl_lookalike,bongo_0271,0,0.000244
bilstm_finetuned,counterfactual,template,2026,ctrl_lookalike,bongo_0300,0,0.000042
bilstm_finetuned,counterfactual,template,2026,ctrl_lookalike,bongo_0306,0,0.000054
bilstm_finetuned,counterfactual,template,2026,ctrl_lookalike,bongo_0363,0,0.000059
bilstm_finetuned,counterfactual,template,2026,ctrl_lookalike,bongo_0368,0,0.000254
bilstm_finetuned,counterfactual,template,2026,ctrl_lookalike,bongo_0372,0,0.000041
bilstm_finetuned,counterfactual,template,2026,ctrl_lookalike,bongo_0389,0,0.000025
bilstm_finetuned,counterfactual,template,2026,ctrl_lookalike,bongo_0395,0,0.000028
bilstm_finetuned,counterfactual,template,2026,ctrl_lookalike,bongo_0427,0,0.000044
bilstm_finetuned,counterfactual,template,2026,ctrl_lookalike,bongo_0463,0,0.000060
bilstm_finetuned,counterfactual,template,2026,ctrl_lookalike,bongo_0531,0,0.000046
bilstm_finetuned,counterfactual,template,2026,ctrl_lookalike,bongo_0542,0,0.000023
bilstm_finetuned,counterfactual,template,2026,ctrl_lookalike,bongo_0545,0,0.000027
bilstm_finetuned,counterfactual,template,2026,ctrl_lookalike,bongo_0571,0,0.000022
bilstm_finetuned,counterfactual,template,2026,ctrl_lookalike,bongo_0630,0,0.000118
bilstm_finetuned,counterfactual,template,2026,ctrl_lookalike,bongo_0648,0,0.160643
bilstm_finetuned,counterfactual,template,2026,ctrl_lookalike,bongo_0674,0,0.000021
bilstm_finetuned,counterfactual,template,2026,ctrl_lookalike,bongo_0685,0,0.000178
bilstm_finetuned,counterfactual,template,2026,ctrl_lookalike,bongo_0701,0,0.000031
bilstm_finetuned,counterfactual,template,2026,ctrl_lookalike,bongo_0741,0,0.000043
bilstm_finetuned,counterfactual,template,2026,ctrl_lookalike,bongo_0795,0,0.438444
bilstm_finetuned,counterfactual,template,2026,ctrl_lookalike,bongo_0818,0,0.047920
bilstm_finetuned,counterfactual,template,2026,ctrl_lookalike,bongo_0819,0,0.000232
bilstm_finetuned,counterfactual,template,2026,ctrl_lookalike,bongo_0835,0,0.000067
bilstm_finetuned,counterfactual,template,2026,ctrl_lookalike,bongo_0856,0,0.000046
bilstm_finetuned,counterfactual,template,2026,ctrl_lookalike,bongo_0872,0,0.323332
bilstm_finetuned,counterfactual,template,2026,ctrl_lookalike,bongo_0904,0,0.284567
bilstm_finetuned,counterfactual,template,2026,ctrl_lookalike,bongo_0950,0,0.000028
bilstm_finetuned,counterfactual,template,2026,ctrl_lookalike,bongo_0956,0,0.000024
bilstm_finetuned,counterfactual,template,2026,ctrl_lookalike,bongo_0971,0,0.000039
bilstm_finetuned,counterfactual,template,2026,ctrl_lookalike,bongo_0983,0,0.000107
bilstm_finetuned,counterfactual,template,2026,ctrl_lookalike,bongo_0994,0,0.993597
bilstm_finetuned,counterfactual,template,2026,ctrl_lookalike,bongo_1006,0,0.000039
bilstm_finetuned,counterfactual,template,2026,ctrl_lookalike,bongo_1015,0,0.000015
bilstm_finetuned,counterfactual,template,2026,ctrl_lookalike,bongo_1037,0,0.000323
bilstm_finetuned,counterfactual,template,2026,ctrl_lookalike,bongo_1040,0,0.000041
bilstm_finetuned,counterfactual,template,2026,ctrl_lookalike,bongo_1050,0,0.000024
bilstm_finetuned,counterfactual,template,2026,ctrl_lookalike,bongo_1059,0,0.000020
bilstm_finetuned,counterfactual,template,2026,ctrl_lookalike,bongo_1071,0,0.000039
bilstm_finetuned,counterfactual,template,2026,ctrl_lookalike,bongo_1090,0,0.000015
bilstm_finetuned,counterfactual,template,2026,ctrl_lookalike,bongo_1115,0,0.000011
bilstm_finetuned,counterfactual,template,2026,ctrl_lookalike,bongo_1123,0,0.004425
bilstm_finetuned,counterfactual,template,2026,ctrl_lookalike,bongo_1125,0,0.626663
bilstm_finetuned,counterfactual,template,2026,ctrl_lookalike,bongo_1135,0,0.535733
bilstm_finetuned,counterfactual,template,2026,ctrl_lookalike,bongo_1155,0,0.000033
bilstm_finetuned,counterfactual,template,2026,ctrl_lookalike,bongo_1194,0,0.000118
bilstm_finetuned,counterfactual,template,2026,ctrl_lookalike,bongo_1198,0,0.000055
bilstm_finetuned,counterfactual,template,2026,ctrl_lookalike,bongo_1236,0,0.002754
bilstm_finetuned,counterfactual,template,2026,ctrl_lookalike,bongo_1244,0,0.121943
bilstm_finetuned,counterfactual,template,2026,ctrl_lookalike,bongo_1249,0,0.000009
bilstm_finetuned,counterfactual,template,2026,ctrl_lookalike,bongo_1253,0,0.506713
bilstm_finetuned,counterfactual,template,2026,ctrl_lookalike,bongo_1260,0,0.000029
bilstm_finetuned,counterfactual,template,2026,ctrl_lookalike,bongo_1262,0,0.000033
bilstm_finetuned,counterfactual,template,2026,ctrl_lookalike,bongo_1285,0,0.000035
bilstm_finetuned,counterfactual,template,2026,ctrl_lookalike,bongo_1316,0,0.000040
bilstm_finetuned,counterfactual,template,2026,ctrl_lookalike,bongo_1330,0,0.025495
bilstm_finetuned,counterfactual,template,2026,ctrl_lookalike,bongo_1359,0,0.017288
bilstm_finetuned,counterfactual,template,2026,ctrl_lookalike,bongo_1375,0,0.439149
bilstm_finetuned,counterfactual,template,2026,ctrl_structural,bongo_0029,0,0.999989
bilstm_finetuned,counterfactual,template,2026,ctrl_structural,bongo_0053,0,0.999988
bilstm_finetuned,counterfactual,template,2026,ctrl_structural,bongo_0097,0,0.999975
bilstm_finetuned,counterfactual,template,2026,ctrl_structural,bongo_0107,0,0.597289
bilstm_finetuned,counterfactual,template,2026,ctrl_structural,bongo_0110,0,0.447545
bilstm_finetuned,counterfactual,template,2026,ctrl_structural,bongo_0115,0,0.999985
bilstm_finetuned,counterfactual,template,2026,ctrl_structural,bongo_0143,0,0.000029
bilstm_finetuned,counterfactual,template,2026,ctrl_structural,bongo_0160,0,0.444096
bilstm_finetuned,counterfactual,template,2026,ctrl_structural,bongo_0172,0,0.997245
bilstm_finetuned,counterfactual,template,2026,ctrl_structural,bongo_0175,0,0.000024
bilstm_finetuned,counterfactual,template,2026,ctrl_structural,bongo_0182,0,0.000014
bilstm_finetuned,counterfactual,template,2026,ctrl_structural,bongo_0197,0,0.278282
bilstm_finetuned,counterfactual,template,2026,ctrl_structural,bongo_0253,0,0.999953
bilstm_finetuned,counterfactual,template,2026,ctrl_structural,bongo_0271,0,0.545102
bilstm_finetuned,counterfactual,template,2026,ctrl_structural,bongo_0300,0,0.738093
bilstm_finetuned,counterfactual,template,2026,ctrl_structural,bongo_0306,0,0.999963
bilstm_finetuned,counterfactual,template,2026,ctrl_structural,bongo_0363,0,0.999988
bilstm_finetuned,counterfactual,template,2026,ctrl_structural,bongo_0368,0,0.999987
bilstm_finetuned,counterfactual,template,2026,ctrl_structural,bongo_0372,0,0.998630
bilstm_finetuned,counterfactual,template,2026,ctrl_structural,bongo_0389,0,0.000038
bilstm_finetuned,counterfactual,template,2026,ctrl_structural,bongo_0395,0,0.639416
bilstm_finetuned,counterfactual,template,2026,ctrl_structural,bongo_0427,0,0.403242
bilstm_finetuned,counterfactual,template,2026,ctrl_structural,bongo_0463,0,0.999672
bilstm_finetuned,counterfactual,template,2026,ctrl_structural,bongo_0531,0,0.999982
bilstm_finetuned,counterfactual,template,2026,ctrl_structural,bongo_0542,0,0.000050
bilstm_finetuned,counterfactual,template,2026,ctrl_structural,bongo_0545,0,0.999928
bilstm_finetuned,counterfactual,template,2026,ctrl_structural,bongo_0571,0,0.257753
bilstm_finetuned,counterfactual,template,2026,ctrl_structural,bongo_0630,0,0.999991
bilstm_finetuned,counterfactual,template,2026,ctrl_structural,bongo_0648,0,0.999986
bilstm_finetuned,counterfactual,template,2026,ctrl_structural,bongo_0674,0,0.590478
bilstm_finetuned,counterfactual,template,2026,ctrl_structural,bongo_0685,0,0.999982
bilstm_finetuned,counterfactual,template,2026,ctrl_structural,bongo_0701,0,0.580250
bilstm_finetuned,counterfactual,template,2026,ctrl_structural,bongo_0741,0,0.566094
bilstm_finetuned,counterfactual,template,2026,ctrl_structural,bongo_0795,0,0.659132
bilstm_finetuned,counterfactual,template,2026,ctrl_structural,bongo_0818,0,0.999992
bilstm_finetuned,counterfactual,template,2026,ctrl_structural,bongo_0819,0,0.999985
bilstm_finetuned,counterfactual,template,2026,ctrl_structural,bongo_0835,0,0.999989
bilstm_finetuned,counterfactual,template,2026,ctrl_structural,bongo_0856,0,0.748440
bilstm_finetuned,counterfactual,template,2026,ctrl_structural,bongo_0872,0,0.999552
bilstm_finetuned,counterfactual,template,2026,ctrl_structural,bongo_0904,0,0.738575
bilstm_finetuned,counterfactual,template,2026,ctrl_structural,bongo_0950,0,0.626941
bilstm_finetuned,counterfactual,template,2026,ctrl_structural,bongo_0956,0,0.201327
bilstm_finetuned,counterfactual,template,2026,ctrl_structural,bongo_0971,0,0.263259
bilstm_finetuned,counterfactual,template,2026,ctrl_structural,bongo_0983,0,0.998936
bilstm_finetuned,counterfactual,template,2026,ctrl_structural,bongo_0994,0,0.999983
bilstm_finetuned,counterfactual,template,2026,ctrl_structural,bongo_1006,0,0.694725
bilstm_finetuned,counterfactual,template,2026,ctrl_structural,bongo_1015,0,0.000028
bilstm_finetuned,counterfactual,template,2026,ctrl_structural,bongo_1037,0,0.999799
bilstm_finetuned,counterfactual,template,2026,ctrl_structural,bongo_1040,0,0.000033
bilstm_finetuned,counterfactual,template,2026,ctrl_structural,bongo_1050,0,0.000028
bilstm_finetuned,counterfactual,template,2026,ctrl_structural,bongo_1059,0,0.000026
bilstm_finetuned,counterfactual,template,2026,ctrl_structural,bongo_1071,0,0.700505
bilstm_finetuned,counterfactual,template,2026,ctrl_structural,bongo_1090,0,0.000018
bilstm_finetuned,counterfactual,template,2026,ctrl_structural,bongo_1115,0,0.367847
bilstm_finetuned,counterfactual,template,2026,ctrl_structural,bongo_1123,0,0.999968
bilstm_finetuned,counterfactual,template,2026,ctrl_structural,bongo_1125,0,0.999988
bilstm_finetuned,counterfactual,template,2026,ctrl_structural,bongo_1135,0,0.722379
bilstm_finetuned,counterfactual,template,2026,ctrl_structural,bongo_1155,0,0.999106
bilstm_finetuned,counterfactual,template,2026,ctrl_structural,bongo_1194,0,0.999884
bilstm_finetuned,counterfactual,template,2026,ctrl_structural,bongo_1198,0,0.999900
bilstm_finetuned,counterfactual,template,2026,ctrl_structural,bongo_1236,0,0.999987
bilstm_finetuned,counterfactual,template,2026,ctrl_structural,bongo_1244,0,0.462188
bilstm_finetuned,counterfactual,template,2026,ctrl_structural,bongo_1249,0,0.000011
bilstm_finetuned,counterfactual,template,2026,ctrl_structural,bongo_1253,0,0.595068
bilstm_finetuned,counterfactual,template,2026,ctrl_structural,bongo_1260,0,0.489002
bilstm_finetuned,counterfactual,template,2026,ctrl_structural,bongo_1262,0,0.000034
bilstm_finetuned,counterfactual,template,2026,ctrl_structural,bongo_1285,0,0.731107
bilstm_finetuned,counterfactual,template,2026,ctrl_structural,bongo_1316,0,0.117931
bilstm_finetuned,counterfactual,template,2026,ctrl_structural,bongo_1330,0,0.999989
bilstm_finetuned,counterfactual,template,2026,ctrl_structural,bongo_1359,0,0.031979
bilstm_finetuned,counterfactual,template,2026,ctrl_structural,bongo_1375,0,0.999985
bilstm_finetuned,counterfactual,template,2026,ctrl_codeswitch,bongo_0029,0,0.056582
bilstm_finetuned,counterfactual,template,2026,ctrl_codeswitch,bongo_0053,0,0.000036
bilstm_finetuned,counterfactual,template,2026,ctrl_codeswitch,bongo_0097,0,0.000242
bilstm_finetuned,counterfactual,template,2026,ctrl_codeswitch,bongo_0107,0,0.000015
bilstm_finetuned,counterfactual,template,2026,ctrl_codeswitch,bongo_0110,0,0.000013
bilstm_finetuned,counterfactual,template,2026,ctrl_codeswitch,bongo_0115,0,0.000096
bilstm_finetuned,counterfactual,template,2026,ctrl_codeswitch,bongo_0143,0,0.000021
bilstm_finetuned,counterfactual,template,2026,ctrl_codeswitch,bongo_0160,0,0.000028
bilstm_finetuned,counterfactual,template,2026,ctrl_codeswitch,bongo_0172,0,0.401530
bilstm_finetuned,counterfactual,template,2026,ctrl_codeswitch,bongo_0175,0,0.000022
bilstm_finetuned,counterfactual,template,2026,ctrl_codeswitch,bongo_0182,0,0.000010
bilstm_finetuned,counterfactual,template,2026,ctrl_codeswitch,bongo_0197,0,0.000031
bilstm_finetuned,counterfactual,template,2026,ctrl_codeswitch,bongo_0253,0,0.000044
bilstm_finetuned,counterfactual,template,2026,ctrl_codeswitch,bongo_0271,0,0.000027
bilstm_finetuned,counterfactual,template,2026,ctrl_codeswitch,bongo_0300,0,0.000030
bilstm_finetuned,counterfactual,template,2026,ctrl_codeswitch,bongo_0306,0,0.000046
bilstm_finetuned,counterfactual,template,2026,ctrl_codeswitch,bongo_0363,0,0.000031
bilstm_finetuned,counterfactual,template,2026,ctrl_codeswitch,bongo_0368,0,0.000112
bilstm_finetuned,counterfactual,template,2026,ctrl_codeswitch,bongo_0372,0,0.000050
bilstm_finetuned,counterfactual,template,2026,ctrl_codeswitch,bongo_0389,0,0.000025
bilstm_finetuned,counterfactual,template,2026,ctrl_codeswitch,bongo_0395,0,0.000623
bilstm_finetuned,counterfactual,template,2026,ctrl_codeswitch,bongo_0427,0,0.001474
bilstm_finetuned,counterfactual,template,2026,ctrl_codeswitch,bongo_0463,0,0.000229
bilstm_finetuned,counterfactual,template,2026,ctrl_codeswitch,bongo_0531,0,0.000124
bilstm_finetuned,counterfactual,template,2026,ctrl_codeswitch,bongo_0542,0,0.000023
bilstm_finetuned,counterfactual,template,2026,ctrl_codeswitch,bongo_0545,0,0.000024
bilstm_finetuned,counterfactual,template,2026,ctrl_codeswitch,bongo_0571,0,0.000020
bilstm_finetuned,counterfactual,template,2026,ctrl_codeswitch,bongo_0630,0,0.000157
bilstm_finetuned,counterfactual,template,2026,ctrl_codeswitch,bongo_0648,0,0.007797
bilstm_finetuned,counterfactual,template,2026,ctrl_codeswitch,bongo_0674,0,0.000016
bilstm_finetuned,counterfactual,template,2026,ctrl_codeswitch,bongo_0685,0,0.636808
bilstm_finetuned,counterfactual,template,2026,ctrl_codeswitch,bongo_0701,0,0.000025
bilstm_finetuned,counterfactual,template,2026,ctrl_codeswitch,bongo_0741,0,0.000024
bilstm_finetuned,counterfactual,template,2026,ctrl_codeswitch,bongo_0795,0,0.000246
bilstm_finetuned,counterfactual,template,2026,ctrl_codeswitch,bongo_0818,0,0.004661
bilstm_finetuned,counterfactual,template,2026,ctrl_codeswitch,bongo_0819,0,0.000134
bilstm_finetuned,counterfactual,template,2026,ctrl_codeswitch,bongo_0835,0,0.000024
bilstm_finetuned,counterfactual,template,2026,ctrl_codeswitch,bongo_0856,0,0.000050
bilstm_finetuned,counterfactual,template,2026,ctrl_codeswitch,bongo_0872,0,0.000838
bilstm_finetuned,counterfactual,template,2026,ctrl_codeswitch,bongo_0904,0,0.000152
bilstm_finetuned,counterfactual,template,2026,ctrl_codeswitch,bongo_0950,0,0.000029
bilstm_finetuned,counterfactual,template,2026,ctrl_codeswitch,bongo_0956,0,0.000023
bilstm_finetuned,counterfactual,template,2026,ctrl_codeswitch,bongo_0971,0,0.000025
bilstm_finetuned,counterfactual,template,2026,ctrl_codeswitch,bongo_0983,0,0.000067
bilstm_finetuned,counterfactual,template,2026,ctrl_codeswitch,bongo_0994,0,0.000109
bilstm_finetuned,counterfactual,template,2026,ctrl_codeswitch,bongo_1006,0,0.000030
bilstm_finetuned,counterfactual,template,2026,ctrl_codeswitch,bongo_1015,0,0.000015
bilstm_finetuned,counterfactual,template,2026,ctrl_codeswitch,bongo_1037,0,0.000043
bilstm_finetuned,counterfactual,template,2026,ctrl_codeswitch,bongo_1040,0,0.000031
bilstm_finetuned,counterfactual,template,2026,ctrl_codeswitch,bongo_1050,0,0.000024
bilstm_finetuned,counterfactual,template,2026,ctrl_codeswitch,bongo_1059,0,0.000019
bilstm_finetuned,counterfactual,template,2026,ctrl_codeswitch,bongo_1071,0,0.000027
bilstm_finetuned,counterfactual,template,2026,ctrl_codeswitch,bongo_1090,0,0.000015
bilstm_finetuned,counterfactual,template,2026,ctrl_codeswitch,bongo_1115,0,0.000009
bilstm_finetuned,counterfactual,template,2026,ctrl_codeswitch,bongo_1123,0,0.000032
bilstm_finetuned,counterfactual,template,2026,ctrl_codeswitch,bongo_1125,0,0.005142
bilstm_finetuned,counterfactual,template,2026,ctrl_codeswitch,bongo_1135,0,0.051320
bilstm_finetuned,counterfactual,template,2026,ctrl_codeswitch,bongo_1155,0,0.000025
bilstm_finetuned,counterfactual,template,2026,ctrl_codeswitch,bongo_1194,0,0.000729
bilstm_finetuned,counterfactual,template,2026,ctrl_codeswitch,bongo_1198,0,0.000103
bilstm_finetuned,counterfactual,template,2026,ctrl_codeswitch,bongo_1236,0,0.000054
bilstm_finetuned,counterfactual,template,2026,ctrl_codeswitch,bongo_1244,0,0.000021
bilstm_finetuned,counterfactual,template,2026,ctrl_codeswitch,bongo_1249,0,0.000009
bilstm_finetuned,counterfactual,template,2026,ctrl_codeswitch,bongo_1253,0,0.081567
bilstm_finetuned,counterfactual,template,2026,ctrl_codeswitch,bongo_1260,0,0.000027
bilstm_finetuned,counterfactual,template,2026,ctrl_codeswitch,bongo_1262,0,0.000032
bilstm_finetuned,counterfactual,template,2026,ctrl_codeswitch,bongo_1285,0,0.000023
bilstm_finetuned,counterfactual,template,2026,ctrl_codeswitch,bongo_1316,0,0.000075
bilstm_finetuned,counterfactual,template,2026,ctrl_codeswitch,bongo_1330,0,0.061334
bilstm_finetuned,counterfactual,template,2026,ctrl_codeswitch,bongo_1359,0,0.004351
bilstm_finetuned,counterfactual,template,2026,ctrl_codeswitch,bongo_1375,0,0.000035
bilstm_finetuned,counterfactual,template,2026,val+norm,bongo_0004,1,0.999972
bilstm_finetuned,counterfactual,template,2026,val+norm,bongo_0007,1,0.999934
bilstm_finetuned,counterfactual,template,2026,val+norm,bongo_0008,0,0.000041
bilstm_finetuned,counterfactual,template,2026,val+norm,bongo_0031,1,0.999972
bilstm_finetuned,counterfactual,template,2026,val+norm,bongo_0033,0,0.000026
bilstm_finetuned,counterfactual,template,2026,val+norm,bongo_0036,1,0.999949
bilstm_finetuned,counterfactual,template,2026,val+norm,bongo_0046,1,0.999972
bilstm_finetuned,counterfactual,template,2026,val+norm,bongo_0052,1,0.999958
bilstm_finetuned,counterfactual,template,2026,val+norm,bongo_0057,1,0.999899
bilstm_finetuned,counterfactual,template,2026,val+norm,bongo_0063,0,0.000036
bilstm_finetuned,counterfactual,template,2026,val+norm,bongo_0065,0,0.000054
bilstm_finetuned,counterfactual,template,2026,val+norm,bongo_0076,0,0.000023
bilstm_finetuned,counterfactual,template,2026,val+norm,bongo_0081,0,0.000030
bilstm_finetuned,counterfactual,template,2026,val+norm,bongo_0088,1,0.999958
bilstm_finetuned,counterfactual,template,2026,val+norm,bongo_0089,1,0.999972
bilstm_finetuned,counterfactual,template,2026,val+norm,bongo_0095,0,0.000016
bilstm_finetuned,counterfactual,template,2026,val+norm,bongo_0101,1,0.999880
bilstm_finetuned,counterfactual,template,2026,val+norm,bongo_0102,1,0.999989
bilstm_finetuned,counterfactual,template,2026,val+norm,bongo_0103,1,0.999652
bilstm_finetuned,counterfactual,template,2026,val+norm,bongo_0105,0,0.000026
bilstm_finetuned,counterfactual,template,2026,val+norm,bongo_0111,0,0.000028
bilstm_finetuned,counterfactual,template,2026,val+norm,bongo_0120,1,0.999972
bilstm_finetuned,counterfactual,template,2026,val+norm,bongo_0121,0,0.000060
bilstm_finetuned,counterfactual,template,2026,val+norm,bongo_0127,0,0.000012
bilstm_finetuned,counterfactual,template,2026,val+norm,bongo_0145,0,0.000033
bilstm_finetuned,counterfactual,template,2026,val+norm,bongo_0148,0,0.002442
bilstm_finetuned,counterfactual,template,2026,val+norm,bongo_0181,1,0.999288
bilstm_finetuned,counterfactual,template,2026,val+norm,bongo_0186,0,0.000026
bilstm_finetuned,counterfactual,template,2026,val+norm,bongo_0191,0,0.000025
bilstm_finetuned,counterfactual,template,2026,val+norm,bongo_0210,1,0.999940
bilstm_finetuned,counterfactual,template,2026,val+norm,bongo_0226,1,0.999972
bilstm_finetuned,counterfactual,template,2026,val+norm,bongo_0228,1,0.999972
bilstm_finetuned,counterfactual,template,2026,val+norm,bongo_0235,1,0.999972
bilstm_finetuned,counterfactual,template,2026,val+norm,bongo_0243,1,0.999985
bilstm_finetuned,counterfactual,template,2026,val+norm,bongo_0247,1,0.999973
bilstm_finetuned,counterfactual,template,2026,val+norm,bongo_0248,1,0.999989
bilstm_finetuned,counterfactual,template,2026,val+norm,bongo_0264,0,0.000266
bilstm_finetuned,counterfactual,template,2026,val+norm,bongo_0275,0,0.000037
bilstm_finetuned,counterfactual,template,2026,val+norm,bongo_0278,1,0.999985
bilstm_finetuned,counterfactual,template,2026,val+norm,bongo_0312,1,0.999972
bilstm_finetuned,counterfactual,template,2026,val+norm,bongo_0315,1,0.999949
bilstm_finetuned,counterfactual,template,2026,val+norm,bongo_0319,1,0.999988
bilstm_finetuned,counterfactual,template,2026,val+norm,bongo_0353,1,0.999982
bilstm_finetuned,counterfactual,template,2026,val+norm,bongo_0370,1,0.999915
bilstm_finetuned,counterfactual,template,2026,val+norm,bongo_0377,1,0.999856
bilstm_finetuned,counterfactual,template,2026,val+norm,bongo_0393,0,0.000036
bilstm_finetuned,counterfactual,template,2026,val+norm,bongo_0403,1,0.999987
bilstm_finetuned,counterfactual,template,2026,val+norm,bongo_0410,0,0.000018
bilstm_finetuned,counterfactual,template,2026,val+norm,bongo_0411,0,0.000035
bilstm_finetuned,counterfactual,template,2026,val+norm,bongo_0426,0,0.000016
bilstm_finetuned,counterfactual,template,2026,val+norm,bongo_0430,0,0.071346
bilstm_finetuned,counterfactual,template,2026,val+norm,bongo_0438,1,0.999887
bilstm_finetuned,counterfactual,template,2026,val+norm,bongo_0451,1,0.999901
bilstm_finetuned,counterfactual,template,2026,val+norm,bongo_0455,1,0.999948
bilstm_finetuned,counterfactual,template,2026,val+norm,bongo_0466,1,0.999958
bilstm_finetuned,counterfactual,template,2026,val+norm,bongo_0495,0,0.000390
bilstm_finetuned,counterfactual,template,2026,val+norm,bongo_0499,1,0.999978
bilstm_finetuned,counterfactual,template,2026,val+norm,bongo_0502,1,0.999949
bilstm_finetuned,counterfactual,template,2026,val+norm,bongo_0548,0,0.000030
bilstm_finetuned,counterfactual,template,2026,val+norm,bongo_0556,1,0.999955
bilstm_finetuned,counterfactual,template,2026,val+norm,bongo_0557,1,0.999949
bilstm_finetuned,counterfactual,template,2026,val+norm,bongo_0561,0,0.003655
bilstm_finetuned,counterfactual,template,2026,val+norm,bongo_0563,0,0.000031
bilstm_finetuned,counterfactual,template,2026,val+norm,bongo_0570,1,0.999972
bilstm_finetuned,counterfactual,template,2026,val+norm,bongo_0581,0,0.000014
bilstm_finetuned,counterfactual,template,2026,val+norm,bongo_0587,1,0.999949
bilstm_finetuned,counterfactual,template,2026,val+norm,bongo_0593,0,0.000022
bilstm_finetuned,counterfactual,template,2026,val+norm,bongo_0607,0,0.000036
bilstm_finetuned,counterfactual,template,2026,val+norm,bongo_0610,0,0.000009
bilstm_finetuned,counterfactual,template,2026,val+norm,bongo_0632,1,0.999988
bilstm_finetuned,counterfactual,template,2026,val+norm,bongo_0634,0,0.000047
bilstm_finetuned,counterfactual,template,2026,val+norm,bongo_0637,1,0.999950
bilstm_finetuned,counterfactual,template,2026,val+norm,bongo_0643,0,0.000037
bilstm_finetuned,counterfactual,template,2026,val+norm,bongo_0666,1,0.999958
bilstm_finetuned,counterfactual,template,2026,val+norm,bongo_0672,0,0.000143
bilstm_finetuned,counterfactual,template,2026,val+norm,bongo_0680,1,0.999897
bilstm_finetuned,counterfactual,template,2026,val+norm,bongo_0681,0,0.000035
bilstm_finetuned,counterfactual,template,2026,val+norm,bongo_0693,0,0.000024
bilstm_finetuned,counterfactual,template,2026,val+norm,bongo_0694,0,0.001101
bilstm_finetuned,counterfactual,template,2026,val+norm,bongo_0698,1,0.999972
bilstm_finetuned,counterfactual,template,2026,val+norm,bongo_0726,0,0.000127
bilstm_finetuned,counterfactual,template,2026,val+norm,bongo_0742,0,0.000028
bilstm_finetuned,counterfactual,template,2026,val+norm,bongo_0752,0,0.000049
bilstm_finetuned,counterfactual,template,2026,val+norm,bongo_0754,0,0.000009
bilstm_finetuned,counterfactual,template,2026,val+norm,bongo_0762,1,0.999878
bilstm_finetuned,counterfactual,template,2026,val+norm,bongo_0764,1,0.999988
bilstm_finetuned,counterfactual,template,2026,val+norm,bongo_0788,1,0.999985
bilstm_finetuned,counterfactual,template,2026,val+norm,bongo_0805,0,0.000024
bilstm_finetuned,counterfactual,template,2026,val+norm,bongo_0809,0,0.000021
bilstm_finetuned,counterfactual,template,2026,val+norm,bongo_0811,1,0.999978
bilstm_finetuned,counterfactual,template,2026,val+norm,bongo_0823,1,0.999864
bilstm_finetuned,counterfactual,template,2026,val+norm,bongo_0827,1,0.999978
bilstm_finetuned,counterfactual,template,2026,val+norm,bongo_0833,0,0.000038
bilstm_finetuned,counterfactual,template,2026,val+norm,bongo_0844,1,0.999972
bilstm_finetuned,counterfactual,template,2026,val+norm,bongo_0869,1,0.999982
bilstm_finetuned,counterfactual,template,2026,val+norm,bongo_0880,1,0.999985
bilstm_finetuned,counterfactual,template,2026,val+norm,bongo_0886,1,0.999905
bilstm_finetuned,counterfactual,template,2026,val+norm,bongo_0911,1,0.999859
bilstm_finetuned,counterfactual,template,2026,val+norm,bongo_0919,0,0.000025
bilstm_finetuned,counterfactual,template,2026,val+norm,bongo_0921,1,0.999963
bilstm_finetuned,counterfactual,template,2026,val+norm,bongo_0922,0,0.000034
bilstm_finetuned,counterfactual,template,2026,val+norm,bongo_0923,1,0.999945
bilstm_finetuned,counterfactual,template,2026,val+norm,bongo_0943,1,0.999955
bilstm_finetuned,counterfactual,template,2026,val+norm,bongo_0948,1,0.999946
bilstm_finetuned,counterfactual,template,2026,val+norm,bongo_0949,1,0.999862
bilstm_finetuned,counterfactual,template,2026,val+norm,bongo_0959,1,0.999929
bilstm_finetuned,counterfactual,template,2026,val+norm,bongo_0961,1,0.999915
bilstm_finetuned,counterfactual,template,2026,val+norm,bongo_0973,0,0.000031
bilstm_finetuned,counterfactual,template,2026,val+norm,bongo_0988,0,0.000035
bilstm_finetuned,counterfactual,template,2026,val+norm,bongo_0992,0,0.000228
bilstm_finetuned,counterfactual,template,2026,val+norm,bongo_1001,1,0.999969
bilstm_finetuned,counterfactual,template,2026,val+norm,bongo_1028,1,0.999972
bilstm_finetuned,counterfactual,template,2026,val+norm,bongo_1039,0,0.000026
bilstm_finetuned,counterfactual,template,2026,val+norm,bongo_1044,0,0.000023
bilstm_finetuned,counterfactual,template,2026,val+norm,bongo_1082,0,0.016496
bilstm_finetuned,counterfactual,template,2026,val+norm,bongo_1086,1,0.999934
bilstm_finetuned,counterfactual,template,2026,val+norm,bongo_1099,0,0.000365
bilstm_finetuned,counterfactual,template,2026,val+norm,bongo_1101,1,0.999958
bilstm_finetuned,counterfactual,template,2026,val+norm,bongo_1108,0,0.000027
bilstm_finetuned,counterfactual,template,2026,val+norm,bongo_1109,0,0.000038
bilstm_finetuned,counterfactual,template,2026,val+norm,bongo_1120,0,0.000021
bilstm_finetuned,counterfactual,template,2026,val+norm,bongo_1124,0,0.000025
bilstm_finetuned,counterfactual,template,2026,val+norm,bongo_1130,1,0.999988
bilstm_finetuned,counterfactual,template,2026,val+norm,bongo_1132,1,0.999909
bilstm_finetuned,counterfactual,template,2026,val+norm,bongo_1137,1,0.999948
bilstm_finetuned,counterfactual,template,2026,val+norm,bongo_1145,0,0.000045
bilstm_finetuned,counterfactual,template,2026,val+norm,bongo_1153,0,0.000019
bilstm_finetuned,counterfactual,template,2026,val+norm,bongo_1161,0,0.000092
bilstm_finetuned,counterfactual,template,2026,val+norm,bongo_1162,0,0.026398
bilstm_finetuned,counterfactual,template,2026,val+norm,bongo_1163,1,0.999949
bilstm_finetuned,counterfactual,template,2026,val+norm,bongo_1166,1,0.999982
bilstm_finetuned,counterfactual,template,2026,val+norm,bongo_1197,1,0.999862
bilstm_finetuned,counterfactual,template,2026,val+norm,bongo_1203,1,0.999964
bilstm_finetuned,counterfactual,template,2026,val+norm,bongo_1212,0,0.000033
bilstm_finetuned,counterfactual,template,2026,val+norm,bongo_1213,1,0.999950
bilstm_finetuned,counterfactual,template,2026,val+norm,bongo_1216,0,0.000967
bilstm_finetuned,counterfactual,template,2026,val+norm,bongo_1224,1,0.999877
bilstm_finetuned,counterfactual,template,2026,val+norm,bongo_1247,1,0.999862
bilstm_finetuned,counterfactual,template,2026,val+norm,bongo_1251,1,0.999972
bilstm_finetuned,counterfactual,template,2026,val+norm,bongo_1257,1,0.999898
bilstm_finetuned,counterfactual,template,2026,val+norm,bongo_1258,1,0.999972
bilstm_finetuned,counterfactual,template,2026,val+norm,bongo_1265,0,0.000036
bilstm_finetuned,counterfactual,template,2026,val+norm,bongo_1272,0,0.000064
bilstm_finetuned,counterfactual,template,2026,val+norm,bongo_1275,0,0.000019
bilstm_finetuned,counterfactual,template,2026,val+norm,bongo_1296,0,0.000021
bilstm_finetuned,counterfactual,template,2026,val+norm,bongo_1299,1,0.999909
bilstm_finetuned,counterfactual,template,2026,val+norm,bongo_1307,1,0.999955
bilstm_finetuned,counterfactual,template,2026,val+norm,bongo_1328,0,0.000030
bilstm_finetuned,counterfactual,template,2026,val+norm,bongo_1335,0,0.109121
bilstm_finetuned,counterfactual,template,2026,val+norm,bongo_1341,0,0.000056
bilstm_finetuned,counterfactual,template,2026,val+norm,bongo_1349,0,0.000047
bilstm_finetuned,counterfactual,template,2026,val+norm,bongo_1360,0,0.000025
bilstm_finetuned,counterfactual,template,2026,test+norm,bongo_0025,1,0.999942
bilstm_finetuned,counterfactual,template,2026,test+norm,bongo_0029,0,0.056582
bilstm_finetuned,counterfactual,template,2026,test+norm,bongo_0039,1,0.999985
bilstm_finetuned,counterfactual,template,2026,test+norm,bongo_0047,1,0.999985
bilstm_finetuned,counterfactual,template,2026,test+norm,bongo_0053,0,0.000036
bilstm_finetuned,counterfactual,template,2026,test+norm,bongo_0055,1,0.020742
bilstm_finetuned,counterfactual,template,2026,test+norm,bongo_0061,1,0.999753
bilstm_finetuned,counterfactual,template,2026,test+norm,bongo_0097,0,0.000212
bilstm_finetuned,counterfactual,template,2026,test+norm,bongo_0107,0,0.000015
bilstm_finetuned,counterfactual,template,2026,test+norm,bongo_0110,0,0.000013
bilstm_finetuned,counterfactual,template,2026,test+norm,bongo_0112,1,0.160362
bilstm_finetuned,counterfactual,template,2026,test+norm,bongo_0115,0,0.000074
bilstm_finetuned,counterfactual,template,2026,test+norm,bongo_0143,0,0.000021
bilstm_finetuned,counterfactual,template,2026,test+norm,bongo_0146,1,0.999970
bilstm_finetuned,counterfactual,template,2026,test+norm,bongo_0154,1,0.999945
bilstm_finetuned,counterfactual,template,2026,test+norm,bongo_0159,1,0.020778
bilstm_finetuned,counterfactual,template,2026,test+norm,bongo_0160,0,0.000028
bilstm_finetuned,counterfactual,template,2026,test+norm,bongo_0172,0,0.291826
bilstm_finetuned,counterfactual,template,2026,test+norm,bongo_0173,1,0.033139
bilstm_finetuned,counterfactual,template,2026,test+norm,bongo_0175,0,0.000022
bilstm_finetuned,counterfactual,template,2026,test+norm,bongo_0182,0,0.000010
bilstm_finetuned,counterfactual,template,2026,test+norm,bongo_0195,1,0.999889
bilstm_finetuned,counterfactual,template,2026,test+norm,bongo_0197,0,0.000031
bilstm_finetuned,counterfactual,template,2026,test+norm,bongo_0201,1,0.999989
bilstm_finetuned,counterfactual,template,2026,test+norm,bongo_0203,1,0.999722
bilstm_finetuned,counterfactual,template,2026,test+norm,bongo_0250,1,0.020778
bilstm_finetuned,counterfactual,template,2026,test+norm,bongo_0253,0,0.000044
bilstm_finetuned,counterfactual,template,2026,test+norm,bongo_0255,1,0.052643
bilstm_finetuned,counterfactual,template,2026,test+norm,bongo_0265,1,0.033361
bilstm_finetuned,counterfactual,template,2026,test+norm,bongo_0271,0,0.000027
bilstm_finetuned,counterfactual,template,2026,test+norm,bongo_0300,0,0.000030
bilstm_finetuned,counterfactual,template,2026,test+norm,bongo_0306,0,0.000046
bilstm_finetuned,counterfactual,template,2026,test+norm,bongo_0356,1,0.160496
bilstm_finetuned,counterfactual,template,2026,test+norm,bongo_0360,1,0.999958
bilstm_finetuned,counterfactual,template,2026,test+norm,bongo_0361,1,0.999703
bilstm_finetuned,counterfactual,template,2026,test+norm,bongo_0363,0,0.000031
bilstm_finetuned,counterfactual,template,2026,test+norm,bongo_0368,0,0.000098
bilstm_finetuned,counterfactual,template,2026,test+norm,bongo_0372,0,0.000050
bilstm_finetuned,counterfactual,template,2026,test+norm,bongo_0380,1,0.052320
bilstm_finetuned,counterfactual,template,2026,test+norm,bongo_0389,0,0.000025
bilstm_finetuned,counterfactual,template,2026,test+norm,bongo_0395,0,0.000623
bilstm_finetuned,counterfactual,template,2026,test+norm,bongo_0405,1,0.999891
bilstm_finetuned,counterfactual,template,2026,test+norm,bongo_0424,1,0.999988
bilstm_finetuned,counterfactual,template,2026,test+norm,bongo_0427,0,0.000049
bilstm_finetuned,counterfactual,template,2026,test+norm,bongo_0434,1,0.020742
bilstm_finetuned,counterfactual,template,2026,test+norm,bongo_0463,0,0.000329
bilstm_finetuned,counterfactual,template,2026,test+norm,bongo_0476,1,0.999902
bilstm_finetuned,counterfactual,template,2026,test+norm,bongo_0510,1,0.999959
bilstm_finetuned,counterfactual,template,2026,test+norm,bongo_0531,0,0.000124
bilstm_finetuned,counterfactual,template,2026,test+norm,bongo_0542,0,0.000023
bilstm_finetuned,counterfactual,template,2026,test+norm,bongo_0545,0,0.000024
bilstm_finetuned,counterfactual,template,2026,test+norm,bongo_0560,1,0.999934
bilstm_finetuned,counterfactual,template,2026,test+norm,bongo_0565,1,0.129355
bilstm_finetuned,counterfactual,template,2026,test+norm,bongo_0566,1,0.999990
bilstm_finetuned,counterfactual,template,2026,test+norm,bongo_0571,0,0.000020
bilstm_finetuned,counterfactual,template,2026,test+norm,bongo_0577,1,0.999879
bilstm_finetuned,counterfactual,template,2026,test+norm,bongo_0580,1,0.999908
bilstm_finetuned,counterfactual,template,2026,test+norm,bongo_0621,1,0.999837
bilstm_finetuned,counterfactual,template,2026,test+norm,bongo_0624,1,0.999973
bilstm_finetuned,counterfactual,template,2026,test+norm,bongo_0630,0,0.000157
bilstm_finetuned,counterfactual,template,2026,test+norm,bongo_0638,1,0.999974
bilstm_finetuned,counterfactual,template,2026,test+norm,bongo_0648,0,0.007797
bilstm_finetuned,counterfactual,template,2026,test+norm,bongo_0674,0,0.000016
bilstm_finetuned,counterfactual,template,2026,test+norm,bongo_0685,0,0.021249
bilstm_finetuned,counterfactual,template,2026,test+norm,bongo_0697,1,0.129355
bilstm_finetuned,counterfactual,template,2026,test+norm,bongo_0701,0,0.000025
bilstm_finetuned,counterfactual,template,2026,test+norm,bongo_0706,1,0.160226
bilstm_finetuned,counterfactual,template,2026,test+norm,bongo_0719,1,0.052270
bilstm_finetuned,counterfactual,template,2026,test+norm,bongo_0721,1,0.999927
bilstm_finetuned,counterfactual,template,2026,test+norm,bongo_0724,1,0.129950
bilstm_finetuned,counterfactual,template,2026,test+norm,bongo_0729,1,0.999865
bilstm_finetuned,counterfactual,template,2026,test+norm,bongo_0741,0,0.000024
bilstm_finetuned,counterfactual,template,2026,test+norm,bongo_0749,1,0.072179
bilstm_finetuned,counterfactual,template,2026,test+norm,bongo_0769,1,0.999935
bilstm_finetuned,counterfactual,template,2026,test+norm,bongo_0770,1,0.020742
bilstm_finetuned,counterfactual,template,2026,test+norm,bongo_0778,1,0.072111
bilstm_finetuned,counterfactual,template,2026,test+norm,bongo_0787,1,0.999958
bilstm_finetuned,counterfactual,template,2026,test+norm,bongo_0795,0,0.000246
bilstm_finetuned,counterfactual,template,2026,test+norm,bongo_0806,1,0.129950
bilstm_finetuned,counterfactual,template,2026,test+norm,bongo_0807,1,0.999952
bilstm_finetuned,counterfactual,template,2026,test+norm,bongo_0818,0,0.004661
bilstm_finetuned,counterfactual,template,2026,test+norm,bongo_0819,0,0.000134
bilstm_finetuned,counterfactual,template,2026,test+norm,bongo_0835,0,0.000024
bilstm_finetuned,counterfactual,template,2026,test+norm,bongo_0840,1,0.999958
bilstm_finetuned,counterfactual,template,2026,test+norm,bongo_0855,1,0.129104
bilstm_finetuned,counterfactual,template,2026,test+norm,bongo_0856,0,0.000050
bilstm_finetuned,counterfactual,template,2026,test+norm,bongo_0864,1,0.999985
bilstm_finetuned,counterfactual,template,2026,test+norm,bongo_0871,1,0.999971
bilstm_finetuned,counterfactual,template,2026,test+norm,bongo_0872,0,0.004264
bilstm_finetuned,counterfactual,template,2026,test+norm,bongo_0904,0,0.000137
bilstm_finetuned,counterfactual,template,2026,test+norm,bongo_0905,1,0.999985
bilstm_finetuned,counterfactual,template,2026,test+norm,bongo_0909,1,0.999868
bilstm_finetuned,counterfactual,template,2026,test+norm,bongo_0917,1,0.020911
bilstm_finetuned,counterfactual,template,2026,test+norm,bongo_0918,1,0.999865
bilstm_finetuned,counterfactual,template,2026,test+norm,bongo_0950,0,0.000029
bilstm_finetuned,counterfactual,template,2026,test+norm,bongo_0955,1,0.999983
bilstm_finetuned,counterfactual,template,2026,test+norm,bongo_0956,0,0.000023
bilstm_finetuned,counterfactual,template,2026,test+norm,bongo_0971,0,0.000025
bilstm_finetuned,counterfactual,template,2026,test+norm,bongo_0983,0,0.000067
bilstm_finetuned,counterfactual,template,2026,test+norm,bongo_0989,1,0.999974
bilstm_finetuned,counterfactual,template,2026,test+norm,bongo_0994,0,0.000094
bilstm_finetuned,counterfactual,template,2026,test+norm,bongo_1003,1,0.999934
bilstm_finetuned,counterfactual,template,2026,test+norm,bongo_1006,0,0.000031
bilstm_finetuned,counterfactual,template,2026,test+norm,bongo_1012,1,0.072258
bilstm_finetuned,counterfactual,template,2026,test+norm,bongo_1015,0,0.000015
bilstm_finetuned,counterfactual,template,2026,test+norm,bongo_1022,1,0.052217
bilstm_finetuned,counterfactual,template,2026,test+norm,bongo_1037,0,0.000043
bilstm_finetuned,counterfactual,template,2026,test+norm,bongo_1040,0,0.000031
bilstm_finetuned,counterfactual,template,2026,test+norm,bongo_1042,1,0.999948
bilstm_finetuned,counterfactual,template,2026,test+norm,bongo_1047,1,0.999985
bilstm_finetuned,counterfactual,template,2026,test+norm,bongo_1050,0,0.000024
bilstm_finetuned,counterfactual,template,2026,test+norm,bongo_1052,1,0.999950
bilstm_finetuned,counterfactual,template,2026,test+norm,bongo_1059,0,0.000019
bilstm_finetuned,counterfactual,template,2026,test+norm,bongo_1071,0,0.000027
bilstm_finetuned,counterfactual,template,2026,test+norm,bongo_1090,0,0.000015
bilstm_finetuned,counterfactual,template,2026,test+norm,bongo_1104,1,0.999984
bilstm_finetuned,counterfactual,template,2026,test+norm,bongo_1115,0,0.000009
bilstm_finetuned,counterfactual,template,2026,test+norm,bongo_1123,0,0.000032
bilstm_finetuned,counterfactual,template,2026,test+norm,bongo_1125,0,0.005142
bilstm_finetuned,counterfactual,template,2026,test+norm,bongo_1127,1,0.033088
bilstm_finetuned,counterfactual,template,2026,test+norm,bongo_1131,1,0.999979
bilstm_finetuned,counterfactual,template,2026,test+norm,bongo_1134,1,0.161370
bilstm_finetuned,counterfactual,template,2026,test+norm,bongo_1135,0,0.051320
bilstm_finetuned,counterfactual,template,2026,test+norm,bongo_1136,1,0.999950
bilstm_finetuned,counterfactual,template,2026,test+norm,bongo_1138,1,0.999985
bilstm_finetuned,counterfactual,template,2026,test+norm,bongo_1140,1,0.999845
bilstm_finetuned,counterfactual,template,2026,test+norm,bongo_1154,1,0.999972
bilstm_finetuned,counterfactual,template,2026,test+norm,bongo_1155,0,0.000025
bilstm_finetuned,counterfactual,template,2026,test+norm,bongo_1171,1,0.999984
bilstm_finetuned,counterfactual,template,2026,test+norm,bongo_1181,1,0.999923
bilstm_finetuned,counterfactual,template,2026,test+norm,bongo_1185,1,0.052253
bilstm_finetuned,counterfactual,template,2026,test+norm,bongo_1194,0,0.000729
bilstm_finetuned,counterfactual,template,2026,test+norm,bongo_1195,1,0.129163
bilstm_finetuned,counterfactual,template,2026,test+norm,bongo_1198,0,0.000103
bilstm_finetuned,counterfactual,template,2026,test+norm,bongo_1204,1,0.020779
bilstm_finetuned,counterfactual,template,2026,test+norm,bongo_1220,1,0.999985
bilstm_finetuned,counterfactual,template,2026,test+norm,bongo_1233,1,0.999990
bilstm_finetuned,counterfactual,template,2026,test+norm,bongo_1236,0,0.000054
bilstm_finetuned,counterfactual,template,2026,test+norm,bongo_1240,1,0.052643
bilstm_finetuned,counterfactual,template,2026,test+norm,bongo_1244,0,0.000023
bilstm_finetuned,counterfactual,template,2026,test+norm,bongo_1249,0,0.000009
bilstm_finetuned,counterfactual,template,2026,test+norm,bongo_1253,0,0.081567
bilstm_finetuned,counterfactual,template,2026,test+norm,bongo_1260,0,0.000027
bilstm_finetuned,counterfactual,template,2026,test+norm,bongo_1262,0,0.000032
bilstm_finetuned,counterfactual,template,2026,test+norm,bongo_1278,1,0.072695
bilstm_finetuned,counterfactual,template,2026,test+norm,bongo_1285,0,0.000023
bilstm_finetuned,counterfactual,template,2026,test+norm,bongo_1293,1,0.999954
bilstm_finetuned,counterfactual,template,2026,test+norm,bongo_1316,0,0.000075
bilstm_finetuned,counterfactual,template,2026,test+norm,bongo_1327,1,0.020741
bilstm_finetuned,counterfactual,template,2026,test+norm,bongo_1330,0,0.061334
bilstm_finetuned,counterfactual,template,2026,test+norm,bongo_1359,0,0.004311
bilstm_finetuned,counterfactual,template,2026,test+norm,bongo_1375,0,0.000035
bilstm_finetuned,counterfactual,template,2026,test_lookalike_1+norm,bongo_0025,1,0.999942
bilstm_finetuned,counterfactual,template,2026,test_lookalike_1+norm,bongo_0029,0,0.056582
bilstm_finetuned,counterfactual,template,2026,test_lookalike_1+norm,bongo_0039,1,0.999985
bilstm_finetuned,counterfactual,template,2026,test_lookalike_1+norm,bongo_0047,1,0.999985
bilstm_finetuned,counterfactual,template,2026,test_lookalike_1+norm,bongo_0053,0,0.000036
bilstm_finetuned,counterfactual,template,2026,test_lookalike_1+norm,bongo_0055,1,0.020742
bilstm_finetuned,counterfactual,template,2026,test_lookalike_1+norm,bongo_0061,1,0.999753
bilstm_finetuned,counterfactual,template,2026,test_lookalike_1+norm,bongo_0097,0,0.000212
bilstm_finetuned,counterfactual,template,2026,test_lookalike_1+norm,bongo_0107,0,0.000015
bilstm_finetuned,counterfactual,template,2026,test_lookalike_1+norm,bongo_0110,0,0.000013
bilstm_finetuned,counterfactual,template,2026,test_lookalike_1+norm,bongo_0112,1,0.160362
bilstm_finetuned,counterfactual,template,2026,test_lookalike_1+norm,bongo_0115,0,0.000074
bilstm_finetuned,counterfactual,template,2026,test_lookalike_1+norm,bongo_0143,0,0.000021
bilstm_finetuned,counterfactual,template,2026,test_lookalike_1+norm,bongo_0146,1,0.999970
bilstm_finetuned,counterfactual,template,2026,test_lookalike_1+norm,bongo_0154,1,0.999945
bilstm_finetuned,counterfactual,template,2026,test_lookalike_1+norm,bongo_0159,1,0.020778
bilstm_finetuned,counterfactual,template,2026,test_lookalike_1+norm,bongo_0160,0,0.000028
bilstm_finetuned,counterfactual,template,2026,test_lookalike_1+norm,bongo_0172,0,0.291826
bilstm_finetuned,counterfactual,template,2026,test_lookalike_1+norm,bongo_0173,1,0.033139
bilstm_finetuned,counterfactual,template,2026,test_lookalike_1+norm,bongo_0175,0,0.000022
bilstm_finetuned,counterfactual,template,2026,test_lookalike_1+norm,bongo_0182,0,0.000010
bilstm_finetuned,counterfactual,template,2026,test_lookalike_1+norm,bongo_0195,1,0.999889
bilstm_finetuned,counterfactual,template,2026,test_lookalike_1+norm,bongo_0197,0,0.000031
bilstm_finetuned,counterfactual,template,2026,test_lookalike_1+norm,bongo_0201,1,0.999989
bilstm_finetuned,counterfactual,template,2026,test_lookalike_1+norm,bongo_0203,1,0.999722
bilstm_finetuned,counterfactual,template,2026,test_lookalike_1+norm,bongo_0250,1,0.020778
bilstm_finetuned,counterfactual,template,2026,test_lookalike_1+norm,bongo_0253,0,0.000044
bilstm_finetuned,counterfactual,template,2026,test_lookalike_1+norm,bongo_0255,1,0.052643
bilstm_finetuned,counterfactual,template,2026,test_lookalike_1+norm,bongo_0265,1,0.033361
bilstm_finetuned,counterfactual,template,2026,test_lookalike_1+norm,bongo_0271,0,0.000027
bilstm_finetuned,counterfactual,template,2026,test_lookalike_1+norm,bongo_0300,0,0.000030
bilstm_finetuned,counterfactual,template,2026,test_lookalike_1+norm,bongo_0306,0,0.000046
bilstm_finetuned,counterfactual,template,2026,test_lookalike_1+norm,bongo_0356,1,0.160496
bilstm_finetuned,counterfactual,template,2026,test_lookalike_1+norm,bongo_0360,1,0.999958
bilstm_finetuned,counterfactual,template,2026,test_lookalike_1+norm,bongo_0361,1,0.999703
bilstm_finetuned,counterfactual,template,2026,test_lookalike_1+norm,bongo_0363,0,0.000031
bilstm_finetuned,counterfactual,template,2026,test_lookalike_1+norm,bongo_0368,0,0.000098
bilstm_finetuned,counterfactual,template,2026,test_lookalike_1+norm,bongo_0372,0,0.000050
bilstm_finetuned,counterfactual,template,2026,test_lookalike_1+norm,bongo_0380,1,0.052320
bilstm_finetuned,counterfactual,template,2026,test_lookalike_1+norm,bongo_0389,0,0.000025
bilstm_finetuned,counterfactual,template,2026,test_lookalike_1+norm,bongo_0395,0,0.000623
bilstm_finetuned,counterfactual,template,2026,test_lookalike_1+norm,bongo_0405,1,0.999891
bilstm_finetuned,counterfactual,template,2026,test_lookalike_1+norm,bongo_0424,1,0.999988
bilstm_finetuned,counterfactual,template,2026,test_lookalike_1+norm,bongo_0427,0,0.000049
bilstm_finetuned,counterfactual,template,2026,test_lookalike_1+norm,bongo_0434,1,0.020742
bilstm_finetuned,counterfactual,template,2026,test_lookalike_1+norm,bongo_0463,0,0.000329
bilstm_finetuned,counterfactual,template,2026,test_lookalike_1+norm,bongo_0476,1,0.999902
bilstm_finetuned,counterfactual,template,2026,test_lookalike_1+norm,bongo_0510,1,0.999959
bilstm_finetuned,counterfactual,template,2026,test_lookalike_1+norm,bongo_0531,0,0.000124
bilstm_finetuned,counterfactual,template,2026,test_lookalike_1+norm,bongo_0542,0,0.000023
bilstm_finetuned,counterfactual,template,2026,test_lookalike_1+norm,bongo_0545,0,0.000024
bilstm_finetuned,counterfactual,template,2026,test_lookalike_1+norm,bongo_0560,1,0.999934
bilstm_finetuned,counterfactual,template,2026,test_lookalike_1+norm,bongo_0565,1,0.129355
bilstm_finetuned,counterfactual,template,2026,test_lookalike_1+norm,bongo_0566,1,0.999990
bilstm_finetuned,counterfactual,template,2026,test_lookalike_1+norm,bongo_0571,0,0.000020
bilstm_finetuned,counterfactual,template,2026,test_lookalike_1+norm,bongo_0577,1,0.999879
bilstm_finetuned,counterfactual,template,2026,test_lookalike_1+norm,bongo_0580,1,0.999908
bilstm_finetuned,counterfactual,template,2026,test_lookalike_1+norm,bongo_0621,1,0.999837
bilstm_finetuned,counterfactual,template,2026,test_lookalike_1+norm,bongo_0624,1,0.999973
bilstm_finetuned,counterfactual,template,2026,test_lookalike_1+norm,bongo_0630,0,0.000157
bilstm_finetuned,counterfactual,template,2026,test_lookalike_1+norm,bongo_0638,1,0.999974
bilstm_finetuned,counterfactual,template,2026,test_lookalike_1+norm,bongo_0648,0,0.007797
bilstm_finetuned,counterfactual,template,2026,test_lookalike_1+norm,bongo_0674,0,0.000016
bilstm_finetuned,counterfactual,template,2026,test_lookalike_1+norm,bongo_0685,0,0.021249
bilstm_finetuned,counterfactual,template,2026,test_lookalike_1+norm,bongo_0697,1,0.129355
bilstm_finetuned,counterfactual,template,2026,test_lookalike_1+norm,bongo_0701,0,0.000025
bilstm_finetuned,counterfactual,template,2026,test_lookalike_1+norm,bongo_0706,1,0.160226
bilstm_finetuned,counterfactual,template,2026,test_lookalike_1+norm,bongo_0719,1,0.052270
bilstm_finetuned,counterfactual,template,2026,test_lookalike_1+norm,bongo_0721,1,0.973001
bilstm_finetuned,counterfactual,template,2026,test_lookalike_1+norm,bongo_0724,1,0.129950
bilstm_finetuned,counterfactual,template,2026,test_lookalike_1+norm,bongo_0729,1,0.999865
bilstm_finetuned,counterfactual,template,2026,test_lookalike_1+norm,bongo_0741,0,0.000024
bilstm_finetuned,counterfactual,template,2026,test_lookalike_1+norm,bongo_0749,1,0.072179
bilstm_finetuned,counterfactual,template,2026,test_lookalike_1+norm,bongo_0769,1,0.999935
bilstm_finetuned,counterfactual,template,2026,test_lookalike_1+norm,bongo_0770,1,0.020742
bilstm_finetuned,counterfactual,template,2026,test_lookalike_1+norm,bongo_0778,1,0.072111
bilstm_finetuned,counterfactual,template,2026,test_lookalike_1+norm,bongo_0787,1,0.999958
bilstm_finetuned,counterfactual,template,2026,test_lookalike_1+norm,bongo_0795,0,0.000246
bilstm_finetuned,counterfactual,template,2026,test_lookalike_1+norm,bongo_0806,1,0.129950
bilstm_finetuned,counterfactual,template,2026,test_lookalike_1+norm,bongo_0807,1,0.999952
bilstm_finetuned,counterfactual,template,2026,test_lookalike_1+norm,bongo_0818,0,0.004661
bilstm_finetuned,counterfactual,template,2026,test_lookalike_1+norm,bongo_0819,0,0.000134
bilstm_finetuned,counterfactual,template,2026,test_lookalike_1+norm,bongo_0835,0,0.000024
bilstm_finetuned,counterfactual,template,2026,test_lookalike_1+norm,bongo_0840,1,0.999958
bilstm_finetuned,counterfactual,template,2026,test_lookalike_1+norm,bongo_0855,1,0.129104
bilstm_finetuned,counterfactual,template,2026,test_lookalike_1+norm,bongo_0856,0,0.000050
bilstm_finetuned,counterfactual,template,2026,test_lookalike_1+norm,bongo_0864,1,0.999985
bilstm_finetuned,counterfactual,template,2026,test_lookalike_1+norm,bongo_0871,1,0.999971
bilstm_finetuned,counterfactual,template,2026,test_lookalike_1+norm,bongo_0872,0,0.004264
bilstm_finetuned,counterfactual,template,2026,test_lookalike_1+norm,bongo_0904,0,0.000137
bilstm_finetuned,counterfactual,template,2026,test_lookalike_1+norm,bongo_0905,1,0.999985
bilstm_finetuned,counterfactual,template,2026,test_lookalike_1+norm,bongo_0909,1,0.999868
bilstm_finetuned,counterfactual,template,2026,test_lookalike_1+norm,bongo_0917,1,0.020911
bilstm_finetuned,counterfactual,template,2026,test_lookalike_1+norm,bongo_0918,1,0.999865
bilstm_finetuned,counterfactual,template,2026,test_lookalike_1+norm,bongo_0950,0,0.000029
bilstm_finetuned,counterfactual,template,2026,test_lookalike_1+norm,bongo_0955,1,0.999983
bilstm_finetuned,counterfactual,template,2026,test_lookalike_1+norm,bongo_0956,0,0.000023
bilstm_finetuned,counterfactual,template,2026,test_lookalike_1+norm,bongo_0971,0,0.000025
bilstm_finetuned,counterfactual,template,2026,test_lookalike_1+norm,bongo_0983,0,0.000067
bilstm_finetuned,counterfactual,template,2026,test_lookalike_1+norm,bongo_0989,1,0.999974
bilstm_finetuned,counterfactual,template,2026,test_lookalike_1+norm,bongo_0994,0,0.000094
bilstm_finetuned,counterfactual,template,2026,test_lookalike_1+norm,bongo_1003,1,0.999934
bilstm_finetuned,counterfactual,template,2026,test_lookalike_1+norm,bongo_1006,0,0.000031
bilstm_finetuned,counterfactual,template,2026,test_lookalike_1+norm,bongo_1012,1,0.072258
bilstm_finetuned,counterfactual,template,2026,test_lookalike_1+norm,bongo_1015,0,0.000015
bilstm_finetuned,counterfactual,template,2026,test_lookalike_1+norm,bongo_1022,1,0.052217
bilstm_finetuned,counterfactual,template,2026,test_lookalike_1+norm,bongo_1037,0,0.000043
bilstm_finetuned,counterfactual,template,2026,test_lookalike_1+norm,bongo_1040,0,0.000031
bilstm_finetuned,counterfactual,template,2026,test_lookalike_1+norm,bongo_1042,1,0.999948
bilstm_finetuned,counterfactual,template,2026,test_lookalike_1+norm,bongo_1047,1,0.999985
bilstm_finetuned,counterfactual,template,2026,test_lookalike_1+norm,bongo_1050,0,0.000024
bilstm_finetuned,counterfactual,template,2026,test_lookalike_1+norm,bongo_1052,1,0.999950
bilstm_finetuned,counterfactual,template,2026,test_lookalike_1+norm,bongo_1059,0,0.000019
bilstm_finetuned,counterfactual,template,2026,test_lookalike_1+norm,bongo_1071,0,0.000027
bilstm_finetuned,counterfactual,template,2026,test_lookalike_1+norm,bongo_1090,0,0.000015
bilstm_finetuned,counterfactual,template,2026,test_lookalike_1+norm,bongo_1104,1,0.999984
bilstm_finetuned,counterfactual,template,2026,test_lookalike_1+norm,bongo_1115,0,0.000009
bilstm_finetuned,counterfactual,template,2026,test_lookalike_1+norm,bongo_1123,0,0.000032
bilstm_finetuned,counterfactual,template,2026,test_lookalike_1+norm,bongo_1125,0,0.005142
bilstm_finetuned,counterfactual,template,2026,test_lookalike_1+norm,bongo_1127,1,0.033088
bilstm_finetuned,counterfactual,template,2026,test_lookalike_1+norm,bongo_1131,1,0.999979
bilstm_finetuned,counterfactual,template,2026,test_lookalike_1+norm,bongo_1134,1,0.161370
bilstm_finetuned,counterfactual,template,2026,test_lookalike_1+norm,bongo_1135,0,0.051320
bilstm_finetuned,counterfactual,template,2026,test_lookalike_1+norm,bongo_1136,1,0.999950
bilstm_finetuned,counterfactual,template,2026,test_lookalike_1+norm,bongo_1138,1,0.999985
bilstm_finetuned,counterfactual,template,2026,test_lookalike_1+norm,bongo_1140,1,0.999845
bilstm_finetuned,counterfactual,template,2026,test_lookalike_1+norm,bongo_1154,1,0.999972
bilstm_finetuned,counterfactual,template,2026,test_lookalike_1+norm,bongo_1155,0,0.000025
bilstm_finetuned,counterfactual,template,2026,test_lookalike_1+norm,bongo_1171,1,0.999984
bilstm_finetuned,counterfactual,template,2026,test_lookalike_1+norm,bongo_1181,1,0.999923
bilstm_finetuned,counterfactual,template,2026,test_lookalike_1+norm,bongo_1185,1,0.052253
bilstm_finetuned,counterfactual,template,2026,test_lookalike_1+norm,bongo_1194,0,0.000729
bilstm_finetuned,counterfactual,template,2026,test_lookalike_1+norm,bongo_1195,1,0.129163
bilstm_finetuned,counterfactual,template,2026,test_lookalike_1+norm,bongo_1198,0,0.000103
bilstm_finetuned,counterfactual,template,2026,test_lookalike_1+norm,bongo_1204,1,0.020779
bilstm_finetuned,counterfactual,template,2026,test_lookalike_1+norm,bongo_1220,1,0.999978
bilstm_finetuned,counterfactual,template,2026,test_lookalike_1+norm,bongo_1233,1,0.999990
bilstm_finetuned,counterfactual,template,2026,test_lookalike_1+norm,bongo_1236,0,0.000054
bilstm_finetuned,counterfactual,template,2026,test_lookalike_1+norm,bongo_1240,1,0.052643
bilstm_finetuned,counterfactual,template,2026,test_lookalike_1+norm,bongo_1244,0,0.000023
bilstm_finetuned,counterfactual,template,2026,test_lookalike_1+norm,bongo_1249,0,0.000009
bilstm_finetuned,counterfactual,template,2026,test_lookalike_1+norm,bongo_1253,0,0.081567
bilstm_finetuned,counterfactual,template,2026,test_lookalike_1+norm,bongo_1260,0,0.000027
bilstm_finetuned,counterfactual,template,2026,test_lookalike_1+norm,bongo_1262,0,0.000032
bilstm_finetuned,counterfactual,template,2026,test_lookalike_1+norm,bongo_1278,1,0.072695
bilstm_finetuned,counterfactual,template,2026,test_lookalike_1+norm,bongo_1285,0,0.000023
bilstm_finetuned,counterfactual,template,2026,test_lookalike_1+norm,bongo_1293,1,0.999954
bilstm_finetuned,counterfactual,template,2026,test_lookalike_1+norm,bongo_1316,0,0.000075
bilstm_finetuned,counterfactual,template,2026,test_lookalike_1+norm,bongo_1327,1,0.020741
bilstm_finetuned,counterfactual,template,2026,test_lookalike_1+norm,bongo_1330,0,0.061334
bilstm_finetuned,counterfactual,template,2026,test_lookalike_1+norm,bongo_1359,0,0.004311
bilstm_finetuned,counterfactual,template,2026,test_lookalike_1+norm,bongo_1375,0,0.000035
bilstm_finetuned,counterfactual,template,2026,test_lookalike_3+norm,bongo_0025,1,0.999942
bilstm_finetuned,counterfactual,template,2026,test_lookalike_3+norm,bongo_0029,0,0.056582
bilstm_finetuned,counterfactual,template,2026,test_lookalike_3+norm,bongo_0039,1,0.999985
bilstm_finetuned,counterfactual,template,2026,test_lookalike_3+norm,bongo_0047,1,0.999985
bilstm_finetuned,counterfactual,template,2026,test_lookalike_3+norm,bongo_0053,0,0.000036
bilstm_finetuned,counterfactual,template,2026,test_lookalike_3+norm,bongo_0055,1,0.020742
bilstm_finetuned,counterfactual,template,2026,test_lookalike_3+norm,bongo_0061,1,0.999753
bilstm_finetuned,counterfactual,template,2026,test_lookalike_3+norm,bongo_0097,0,0.000212
bilstm_finetuned,counterfactual,template,2026,test_lookalike_3+norm,bongo_0107,0,0.000015
bilstm_finetuned,counterfactual,template,2026,test_lookalike_3+norm,bongo_0110,0,0.000013
bilstm_finetuned,counterfactual,template,2026,test_lookalike_3+norm,bongo_0112,1,0.160362
bilstm_finetuned,counterfactual,template,2026,test_lookalike_3+norm,bongo_0115,0,0.000074
bilstm_finetuned,counterfactual,template,2026,test_lookalike_3+norm,bongo_0143,0,0.000021
bilstm_finetuned,counterfactual,template,2026,test_lookalike_3+norm,bongo_0146,1,0.999970
bilstm_finetuned,counterfactual,template,2026,test_lookalike_3+norm,bongo_0154,1,0.999945
bilstm_finetuned,counterfactual,template,2026,test_lookalike_3+norm,bongo_0159,1,0.020778
bilstm_finetuned,counterfactual,template,2026,test_lookalike_3+norm,bongo_0160,0,0.000028
bilstm_finetuned,counterfactual,template,2026,test_lookalike_3+norm,bongo_0172,0,0.291826
bilstm_finetuned,counterfactual,template,2026,test_lookalike_3+norm,bongo_0173,1,0.033139
bilstm_finetuned,counterfactual,template,2026,test_lookalike_3+norm,bongo_0175,0,0.000022
bilstm_finetuned,counterfactual,template,2026,test_lookalike_3+norm,bongo_0182,0,0.000010
bilstm_finetuned,counterfactual,template,2026,test_lookalike_3+norm,bongo_0195,1,0.999889
bilstm_finetuned,counterfactual,template,2026,test_lookalike_3+norm,bongo_0197,0,0.000031
bilstm_finetuned,counterfactual,template,2026,test_lookalike_3+norm,bongo_0201,1,0.999989
bilstm_finetuned,counterfactual,template,2026,test_lookalike_3+norm,bongo_0203,1,0.999722
bilstm_finetuned,counterfactual,template,2026,test_lookalike_3+norm,bongo_0250,1,0.020778
bilstm_finetuned,counterfactual,template,2026,test_lookalike_3+norm,bongo_0253,0,0.000044
bilstm_finetuned,counterfactual,template,2026,test_lookalike_3+norm,bongo_0255,1,0.052643
bilstm_finetuned,counterfactual,template,2026,test_lookalike_3+norm,bongo_0265,1,0.033361
bilstm_finetuned,counterfactual,template,2026,test_lookalike_3+norm,bongo_0271,0,0.000027
bilstm_finetuned,counterfactual,template,2026,test_lookalike_3+norm,bongo_0300,0,0.000030
bilstm_finetuned,counterfactual,template,2026,test_lookalike_3+norm,bongo_0306,0,0.000046
bilstm_finetuned,counterfactual,template,2026,test_lookalike_3+norm,bongo_0356,1,0.160496
bilstm_finetuned,counterfactual,template,2026,test_lookalike_3+norm,bongo_0360,1,0.999958
bilstm_finetuned,counterfactual,template,2026,test_lookalike_3+norm,bongo_0361,1,0.999703
bilstm_finetuned,counterfactual,template,2026,test_lookalike_3+norm,bongo_0363,0,0.000031
bilstm_finetuned,counterfactual,template,2026,test_lookalike_3+norm,bongo_0368,0,0.000098
bilstm_finetuned,counterfactual,template,2026,test_lookalike_3+norm,bongo_0372,0,0.000050
bilstm_finetuned,counterfactual,template,2026,test_lookalike_3+norm,bongo_0380,1,0.052320
bilstm_finetuned,counterfactual,template,2026,test_lookalike_3+norm,bongo_0389,0,0.000025
bilstm_finetuned,counterfactual,template,2026,test_lookalike_3+norm,bongo_0395,0,0.000623
bilstm_finetuned,counterfactual,template,2026,test_lookalike_3+norm,bongo_0405,1,0.999891
bilstm_finetuned,counterfactual,template,2026,test_lookalike_3+norm,bongo_0424,1,0.999988
bilstm_finetuned,counterfactual,template,2026,test_lookalike_3+norm,bongo_0427,0,0.000049
bilstm_finetuned,counterfactual,template,2026,test_lookalike_3+norm,bongo_0434,1,0.020742
bilstm_finetuned,counterfactual,template,2026,test_lookalike_3+norm,bongo_0463,0,0.000329
bilstm_finetuned,counterfactual,template,2026,test_lookalike_3+norm,bongo_0476,1,0.999902
bilstm_finetuned,counterfactual,template,2026,test_lookalike_3+norm,bongo_0510,1,0.999959
bilstm_finetuned,counterfactual,template,2026,test_lookalike_3+norm,bongo_0531,0,0.000124
bilstm_finetuned,counterfactual,template,2026,test_lookalike_3+norm,bongo_0542,0,0.000023
bilstm_finetuned,counterfactual,template,2026,test_lookalike_3+norm,bongo_0545,0,0.000024
bilstm_finetuned,counterfactual,template,2026,test_lookalike_3+norm,bongo_0560,1,0.999934
bilstm_finetuned,counterfactual,template,2026,test_lookalike_3+norm,bongo_0565,1,0.129355
bilstm_finetuned,counterfactual,template,2026,test_lookalike_3+norm,bongo_0566,1,0.999990
bilstm_finetuned,counterfactual,template,2026,test_lookalike_3+norm,bongo_0571,0,0.000020
bilstm_finetuned,counterfactual,template,2026,test_lookalike_3+norm,bongo_0577,1,0.999879
bilstm_finetuned,counterfactual,template,2026,test_lookalike_3+norm,bongo_0580,1,0.999908
bilstm_finetuned,counterfactual,template,2026,test_lookalike_3+norm,bongo_0621,1,0.999837
bilstm_finetuned,counterfactual,template,2026,test_lookalike_3+norm,bongo_0624,1,0.999973
bilstm_finetuned,counterfactual,template,2026,test_lookalike_3+norm,bongo_0630,0,0.000157
bilstm_finetuned,counterfactual,template,2026,test_lookalike_3+norm,bongo_0638,1,0.999974
bilstm_finetuned,counterfactual,template,2026,test_lookalike_3+norm,bongo_0648,0,0.007797
bilstm_finetuned,counterfactual,template,2026,test_lookalike_3+norm,bongo_0674,0,0.000016
bilstm_finetuned,counterfactual,template,2026,test_lookalike_3+norm,bongo_0685,0,0.021249
bilstm_finetuned,counterfactual,template,2026,test_lookalike_3+norm,bongo_0697,1,0.129355
bilstm_finetuned,counterfactual,template,2026,test_lookalike_3+norm,bongo_0701,0,0.000025
bilstm_finetuned,counterfactual,template,2026,test_lookalike_3+norm,bongo_0706,1,0.160226
bilstm_finetuned,counterfactual,template,2026,test_lookalike_3+norm,bongo_0719,1,0.052270
bilstm_finetuned,counterfactual,template,2026,test_lookalike_3+norm,bongo_0721,1,0.999927
bilstm_finetuned,counterfactual,template,2026,test_lookalike_3+norm,bongo_0724,1,0.129950
bilstm_finetuned,counterfactual,template,2026,test_lookalike_3+norm,bongo_0729,1,0.999865
bilstm_finetuned,counterfactual,template,2026,test_lookalike_3+norm,bongo_0741,0,0.000024
bilstm_finetuned,counterfactual,template,2026,test_lookalike_3+norm,bongo_0749,1,0.072179
bilstm_finetuned,counterfactual,template,2026,test_lookalike_3+norm,bongo_0769,1,0.999935
bilstm_finetuned,counterfactual,template,2026,test_lookalike_3+norm,bongo_0770,1,0.020742
bilstm_finetuned,counterfactual,template,2026,test_lookalike_3+norm,bongo_0778,1,0.072111
bilstm_finetuned,counterfactual,template,2026,test_lookalike_3+norm,bongo_0787,1,0.999958
bilstm_finetuned,counterfactual,template,2026,test_lookalike_3+norm,bongo_0795,0,0.000246
bilstm_finetuned,counterfactual,template,2026,test_lookalike_3+norm,bongo_0806,1,0.129950
bilstm_finetuned,counterfactual,template,2026,test_lookalike_3+norm,bongo_0807,1,0.999952
bilstm_finetuned,counterfactual,template,2026,test_lookalike_3+norm,bongo_0818,0,0.004661
bilstm_finetuned,counterfactual,template,2026,test_lookalike_3+norm,bongo_0819,0,0.000134
bilstm_finetuned,counterfactual,template,2026,test_lookalike_3+norm,bongo_0835,0,0.000024
bilstm_finetuned,counterfactual,template,2026,test_lookalike_3+norm,bongo_0840,1,0.999958
bilstm_finetuned,counterfactual,template,2026,test_lookalike_3+norm,bongo_0855,1,0.129104
bilstm_finetuned,counterfactual,template,2026,test_lookalike_3+norm,bongo_0856,0,0.000050
bilstm_finetuned,counterfactual,template,2026,test_lookalike_3+norm,bongo_0864,1,0.999985
bilstm_finetuned,counterfactual,template,2026,test_lookalike_3+norm,bongo_0871,1,0.999971
bilstm_finetuned,counterfactual,template,2026,test_lookalike_3+norm,bongo_0872,0,0.004264
bilstm_finetuned,counterfactual,template,2026,test_lookalike_3+norm,bongo_0904,0,0.000137
bilstm_finetuned,counterfactual,template,2026,test_lookalike_3+norm,bongo_0905,1,0.999985
bilstm_finetuned,counterfactual,template,2026,test_lookalike_3+norm,bongo_0909,1,0.999868
bilstm_finetuned,counterfactual,template,2026,test_lookalike_3+norm,bongo_0917,1,0.020911
bilstm_finetuned,counterfactual,template,2026,test_lookalike_3+norm,bongo_0918,1,0.999865
bilstm_finetuned,counterfactual,template,2026,test_lookalike_3+norm,bongo_0950,0,0.000029
bilstm_finetuned,counterfactual,template,2026,test_lookalike_3+norm,bongo_0955,1,0.999983
bilstm_finetuned,counterfactual,template,2026,test_lookalike_3+norm,bongo_0956,0,0.000023
bilstm_finetuned,counterfactual,template,2026,test_lookalike_3+norm,bongo_0971,0,0.000025
bilstm_finetuned,counterfactual,template,2026,test_lookalike_3+norm,bongo_0983,0,0.000067
bilstm_finetuned,counterfactual,template,2026,test_lookalike_3+norm,bongo_0989,1,0.999974
bilstm_finetuned,counterfactual,template,2026,test_lookalike_3+norm,bongo_0994,0,0.000094
bilstm_finetuned,counterfactual,template,2026,test_lookalike_3+norm,bongo_1003,1,0.999934
bilstm_finetuned,counterfactual,template,2026,test_lookalike_3+norm,bongo_1006,0,0.000031
bilstm_finetuned,counterfactual,template,2026,test_lookalike_3+norm,bongo_1012,1,0.072258
bilstm_finetuned,counterfactual,template,2026,test_lookalike_3+norm,bongo_1015,0,0.000015
bilstm_finetuned,counterfactual,template,2026,test_lookalike_3+norm,bongo_1022,1,0.052217
bilstm_finetuned,counterfactual,template,2026,test_lookalike_3+norm,bongo_1037,0,0.000043
bilstm_finetuned,counterfactual,template,2026,test_lookalike_3+norm,bongo_1040,0,0.000031
bilstm_finetuned,counterfactual,template,2026,test_lookalike_3+norm,bongo_1042,1,0.999948
bilstm_finetuned,counterfactual,template,2026,test_lookalike_3+norm,bongo_1047,1,0.999985
bilstm_finetuned,counterfactual,template,2026,test_lookalike_3+norm,bongo_1050,0,0.000024
bilstm_finetuned,counterfactual,template,2026,test_lookalike_3+norm,bongo_1052,1,0.999950
bilstm_finetuned,counterfactual,template,2026,test_lookalike_3+norm,bongo_1059,0,0.000019
bilstm_finetuned,counterfactual,template,2026,test_lookalike_3+norm,bongo_1071,0,0.000027
bilstm_finetuned,counterfactual,template,2026,test_lookalike_3+norm,bongo_1090,0,0.000015
bilstm_finetuned,counterfactual,template,2026,test_lookalike_3+norm,bongo_1104,1,0.999984
bilstm_finetuned,counterfactual,template,2026,test_lookalike_3+norm,bongo_1115,0,0.000009
bilstm_finetuned,counterfactual,template,2026,test_lookalike_3+norm,bongo_1123,0,0.000032
bilstm_finetuned,counterfactual,template,2026,test_lookalike_3+norm,bongo_1125,0,0.005142
bilstm_finetuned,counterfactual,template,2026,test_lookalike_3+norm,bongo_1127,1,0.033088
bilstm_finetuned,counterfactual,template,2026,test_lookalike_3+norm,bongo_1131,1,0.999979
bilstm_finetuned,counterfactual,template,2026,test_lookalike_3+norm,bongo_1134,1,0.161370
bilstm_finetuned,counterfactual,template,2026,test_lookalike_3+norm,bongo_1135,0,0.051320
bilstm_finetuned,counterfactual,template,2026,test_lookalike_3+norm,bongo_1136,1,0.999950
bilstm_finetuned,counterfactual,template,2026,test_lookalike_3+norm,bongo_1138,1,0.999985
bilstm_finetuned,counterfactual,template,2026,test_lookalike_3+norm,bongo_1140,1,0.999845
bilstm_finetuned,counterfactual,template,2026,test_lookalike_3+norm,bongo_1154,1,0.999972
bilstm_finetuned,counterfactual,template,2026,test_lookalike_3+norm,bongo_1155,0,0.000025
bilstm_finetuned,counterfactual,template,2026,test_lookalike_3+norm,bongo_1171,1,0.999984
bilstm_finetuned,counterfactual,template,2026,test_lookalike_3+norm,bongo_1181,1,0.999923
bilstm_finetuned,counterfactual,template,2026,test_lookalike_3+norm,bongo_1185,1,0.052253
bilstm_finetuned,counterfactual,template,2026,test_lookalike_3+norm,bongo_1194,0,0.000729
bilstm_finetuned,counterfactual,template,2026,test_lookalike_3+norm,bongo_1195,1,0.129163
bilstm_finetuned,counterfactual,template,2026,test_lookalike_3+norm,bongo_1198,0,0.000103
bilstm_finetuned,counterfactual,template,2026,test_lookalike_3+norm,bongo_1204,1,0.020779
bilstm_finetuned,counterfactual,template,2026,test_lookalike_3+norm,bongo_1220,1,0.999985
bilstm_finetuned,counterfactual,template,2026,test_lookalike_3+norm,bongo_1233,1,0.999990
bilstm_finetuned,counterfactual,template,2026,test_lookalike_3+norm,bongo_1236,0,0.000054
bilstm_finetuned,counterfactual,template,2026,test_lookalike_3+norm,bongo_1240,1,0.052643
bilstm_finetuned,counterfactual,template,2026,test_lookalike_3+norm,bongo_1244,0,0.000023
bilstm_finetuned,counterfactual,template,2026,test_lookalike_3+norm,bongo_1249,0,0.000009
bilstm_finetuned,counterfactual,template,2026,test_lookalike_3+norm,bongo_1253,0,0.081567
bilstm_finetuned,counterfactual,template,2026,test_lookalike_3+norm,bongo_1260,0,0.000027
bilstm_finetuned,counterfactual,template,2026,test_lookalike_3+norm,bongo_1262,0,0.000032
bilstm_finetuned,counterfactual,template,2026,test_lookalike_3+norm,bongo_1278,1,0.072695
bilstm_finetuned,counterfactual,template,2026,test_lookalike_3+norm,bongo_1285,0,0.000023
bilstm_finetuned,counterfactual,template,2026,test_lookalike_3+norm,bongo_1293,1,0.999954
bilstm_finetuned,counterfactual,template,2026,test_lookalike_3+norm,bongo_1316,0,0.000075
bilstm_finetuned,counterfactual,template,2026,test_lookalike_3+norm,bongo_1327,1,0.020741
bilstm_finetuned,counterfactual,template,2026,test_lookalike_3+norm,bongo_1330,0,0.061334
bilstm_finetuned,counterfactual,template,2026,test_lookalike_3+norm,bongo_1359,0,0.004311
bilstm_finetuned,counterfactual,template,2026,test_lookalike_3+norm,bongo_1375,0,0.000035
bilstm_finetuned,counterfactual,template,2026,test_lookalike_all+norm,bongo_0025,1,0.999942
bilstm_finetuned,counterfactual,template,2026,test_lookalike_all+norm,bongo_0029,0,0.056582
bilstm_finetuned,counterfactual,template,2026,test_lookalike_all+norm,bongo_0039,1,0.999985
bilstm_finetuned,counterfactual,template,2026,test_lookalike_all+norm,bongo_0047,1,0.999985
bilstm_finetuned,counterfactual,template,2026,test_lookalike_all+norm,bongo_0053,0,0.000036
bilstm_finetuned,counterfactual,template,2026,test_lookalike_all+norm,bongo_0055,1,0.020791
bilstm_finetuned,counterfactual,template,2026,test_lookalike_all+norm,bongo_0061,1,0.999753
bilstm_finetuned,counterfactual,template,2026,test_lookalike_all+norm,bongo_0097,0,0.000212
bilstm_finetuned,counterfactual,template,2026,test_lookalike_all+norm,bongo_0107,0,0.000015
bilstm_finetuned,counterfactual,template,2026,test_lookalike_all+norm,bongo_0110,0,0.000013
bilstm_finetuned,counterfactual,template,2026,test_lookalike_all+norm,bongo_0112,1,0.160362
bilstm_finetuned,counterfactual,template,2026,test_lookalike_all+norm,bongo_0115,0,0.000074
bilstm_finetuned,counterfactual,template,2026,test_lookalike_all+norm,bongo_0143,0,0.000021
bilstm_finetuned,counterfactual,template,2026,test_lookalike_all+norm,bongo_0146,1,0.999970
bilstm_finetuned,counterfactual,template,2026,test_lookalike_all+norm,bongo_0154,1,0.999944
bilstm_finetuned,counterfactual,template,2026,test_lookalike_all+norm,bongo_0159,1,0.020778
bilstm_finetuned,counterfactual,template,2026,test_lookalike_all+norm,bongo_0160,0,0.000028
bilstm_finetuned,counterfactual,template,2026,test_lookalike_all+norm,bongo_0172,0,0.291826
bilstm_finetuned,counterfactual,template,2026,test_lookalike_all+norm,bongo_0173,1,0.033139
bilstm_finetuned,counterfactual,template,2026,test_lookalike_all+norm,bongo_0175,0,0.000022
bilstm_finetuned,counterfactual,template,2026,test_lookalike_all+norm,bongo_0182,0,0.000010
bilstm_finetuned,counterfactual,template,2026,test_lookalike_all+norm,bongo_0195,1,0.999776
bilstm_finetuned,counterfactual,template,2026,test_lookalike_all+norm,bongo_0197,0,0.000031
bilstm_finetuned,counterfactual,template,2026,test_lookalike_all+norm,bongo_0201,1,0.999989
bilstm_finetuned,counterfactual,template,2026,test_lookalike_all+norm,bongo_0203,1,0.999722
bilstm_finetuned,counterfactual,template,2026,test_lookalike_all+norm,bongo_0250,1,0.020778
bilstm_finetuned,counterfactual,template,2026,test_lookalike_all+norm,bongo_0253,0,0.000044
bilstm_finetuned,counterfactual,template,2026,test_lookalike_all+norm,bongo_0255,1,0.052643
bilstm_finetuned,counterfactual,template,2026,test_lookalike_all+norm,bongo_0265,1,0.033361
bilstm_finetuned,counterfactual,template,2026,test_lookalike_all+norm,bongo_0271,0,0.000027
bilstm_finetuned,counterfactual,template,2026,test_lookalike_all+norm,bongo_0300,0,0.000030
bilstm_finetuned,counterfactual,template,2026,test_lookalike_all+norm,bongo_0306,0,0.000046
bilstm_finetuned,counterfactual,template,2026,test_lookalike_all+norm,bongo_0356,1,0.160496
bilstm_finetuned,counterfactual,template,2026,test_lookalike_all+norm,bongo_0360,1,0.999952
bilstm_finetuned,counterfactual,template,2026,test_lookalike_all+norm,bongo_0361,1,0.999703
bilstm_finetuned,counterfactual,template,2026,test_lookalike_all+norm,bongo_0363,0,0.000031
bilstm_finetuned,counterfactual,template,2026,test_lookalike_all+norm,bongo_0368,0,0.000098
bilstm_finetuned,counterfactual,template,2026,test_lookalike_all+norm,bongo_0372,0,0.000050
bilstm_finetuned,counterfactual,template,2026,test_lookalike_all+norm,bongo_0380,1,0.052320
bilstm_finetuned,counterfactual,template,2026,test_lookalike_all+norm,bongo_0389,0,0.000025
bilstm_finetuned,counterfactual,template,2026,test_lookalike_all+norm,bongo_0395,0,0.000623
bilstm_finetuned,counterfactual,template,2026,test_lookalike_all+norm,bongo_0405,1,0.999891
bilstm_finetuned,counterfactual,template,2026,test_lookalike_all+norm,bongo_0424,1,0.999988
bilstm_finetuned,counterfactual,template,2026,test_lookalike_all+norm,bongo_0427,0,0.000049
bilstm_finetuned,counterfactual,template,2026,test_lookalike_all+norm,bongo_0434,1,0.020742
bilstm_finetuned,counterfactual,template,2026,test_lookalike_all+norm,bongo_0463,0,0.000329
bilstm_finetuned,counterfactual,template,2026,test_lookalike_all+norm,bongo_0476,1,0.999902
bilstm_finetuned,counterfactual,template,2026,test_lookalike_all+norm,bongo_0510,1,0.999959
bilstm_finetuned,counterfactual,template,2026,test_lookalike_all+norm,bongo_0531,0,0.000124
bilstm_finetuned,counterfactual,template,2026,test_lookalike_all+norm,bongo_0542,0,0.000023
bilstm_finetuned,counterfactual,template,2026,test_lookalike_all+norm,bongo_0545,0,0.000024
bilstm_finetuned,counterfactual,template,2026,test_lookalike_all+norm,bongo_0560,1,0.999934
bilstm_finetuned,counterfactual,template,2026,test_lookalike_all+norm,bongo_0565,1,0.129413
bilstm_finetuned,counterfactual,template,2026,test_lookalike_all+norm,bongo_0566,1,0.999990
bilstm_finetuned,counterfactual,template,2026,test_lookalike_all+norm,bongo_0571,0,0.000020
bilstm_finetuned,counterfactual,template,2026,test_lookalike_all+norm,bongo_0577,1,0.999879
bilstm_finetuned,counterfactual,template,2026,test_lookalike_all+norm,bongo_0580,1,0.999908
bilstm_finetuned,counterfactual,template,2026,test_lookalike_all+norm,bongo_0621,1,0.999837
bilstm_finetuned,counterfactual,template,2026,test_lookalike_all+norm,bongo_0624,1,0.999973
bilstm_finetuned,counterfactual,template,2026,test_lookalike_all+norm,bongo_0630,0,0.000157
bilstm_finetuned,counterfactual,template,2026,test_lookalike_all+norm,bongo_0638,1,0.999974
bilstm_finetuned,counterfactual,template,2026,test_lookalike_all+norm,bongo_0648,0,0.007797
bilstm_finetuned,counterfactual,template,2026,test_lookalike_all+norm,bongo_0674,0,0.000016
bilstm_finetuned,counterfactual,template,2026,test_lookalike_all+norm,bongo_0685,0,0.021249
bilstm_finetuned,counterfactual,template,2026,test_lookalike_all+norm,bongo_0697,1,0.129355
bilstm_finetuned,counterfactual,template,2026,test_lookalike_all+norm,bongo_0701,0,0.000025
bilstm_finetuned,counterfactual,template,2026,test_lookalike_all+norm,bongo_0706,1,0.160226
bilstm_finetuned,counterfactual,template,2026,test_lookalike_all+norm,bongo_0719,1,0.052270
bilstm_finetuned,counterfactual,template,2026,test_lookalike_all+norm,bongo_0721,1,0.999927
bilstm_finetuned,counterfactual,template,2026,test_lookalike_all+norm,bongo_0724,1,0.129950
bilstm_finetuned,counterfactual,template,2026,test_lookalike_all+norm,bongo_0729,1,0.999865
bilstm_finetuned,counterfactual,template,2026,test_lookalike_all+norm,bongo_0741,0,0.000024
bilstm_finetuned,counterfactual,template,2026,test_lookalike_all+norm,bongo_0749,1,0.072179
bilstm_finetuned,counterfactual,template,2026,test_lookalike_all+norm,bongo_0769,1,0.999935
bilstm_finetuned,counterfactual,template,2026,test_lookalike_all+norm,bongo_0770,1,0.020742
bilstm_finetuned,counterfactual,template,2026,test_lookalike_all+norm,bongo_0778,1,0.072111
bilstm_finetuned,counterfactual,template,2026,test_lookalike_all+norm,bongo_0787,1,0.999958
bilstm_finetuned,counterfactual,template,2026,test_lookalike_all+norm,bongo_0795,0,0.000246
bilstm_finetuned,counterfactual,template,2026,test_lookalike_all+norm,bongo_0806,1,0.129950
bilstm_finetuned,counterfactual,template,2026,test_lookalike_all+norm,bongo_0807,1,0.999952
bilstm_finetuned,counterfactual,template,2026,test_lookalike_all+norm,bongo_0818,0,0.004661
bilstm_finetuned,counterfactual,template,2026,test_lookalike_all+norm,bongo_0819,0,0.000134
bilstm_finetuned,counterfactual,template,2026,test_lookalike_all+norm,bongo_0835,0,0.000024
bilstm_finetuned,counterfactual,template,2026,test_lookalike_all+norm,bongo_0840,1,0.999958
bilstm_finetuned,counterfactual,template,2026,test_lookalike_all+norm,bongo_0855,1,0.129104
bilstm_finetuned,counterfactual,template,2026,test_lookalike_all+norm,bongo_0856,0,0.000050
bilstm_finetuned,counterfactual,template,2026,test_lookalike_all+norm,bongo_0864,1,0.999985
bilstm_finetuned,counterfactual,template,2026,test_lookalike_all+norm,bongo_0871,1,0.999971
bilstm_finetuned,counterfactual,template,2026,test_lookalike_all+norm,bongo_0872,0,0.004264
bilstm_finetuned,counterfactual,template,2026,test_lookalike_all+norm,bongo_0904,0,0.000137
bilstm_finetuned,counterfactual,template,2026,test_lookalike_all+norm,bongo_0905,1,0.999985
bilstm_finetuned,counterfactual,template,2026,test_lookalike_all+norm,bongo_0909,1,0.999868
bilstm_finetuned,counterfactual,template,2026,test_lookalike_all+norm,bongo_0917,1,0.020907
bilstm_finetuned,counterfactual,template,2026,test_lookalike_all+norm,bongo_0918,1,0.999865
bilstm_finetuned,counterfactual,template,2026,test_lookalike_all+norm,bongo_0950,0,0.000029
bilstm_finetuned,counterfactual,template,2026,test_lookalike_all+norm,bongo_0955,1,0.999983
bilstm_finetuned,counterfactual,template,2026,test_lookalike_all+norm,bongo_0956,0,0.000023
bilstm_finetuned,counterfactual,template,2026,test_lookalike_all+norm,bongo_0971,0,0.000025
bilstm_finetuned,counterfactual,template,2026,test_lookalike_all+norm,bongo_0983,0,0.000067
bilstm_finetuned,counterfactual,template,2026,test_lookalike_all+norm,bongo_0989,1,0.999974
bilstm_finetuned,counterfactual,template,2026,test_lookalike_all+norm,bongo_0994,0,0.000094
bilstm_finetuned,counterfactual,template,2026,test_lookalike_all+norm,bongo_1003,1,0.999934
bilstm_finetuned,counterfactual,template,2026,test_lookalike_all+norm,bongo_1006,0,0.000031
bilstm_finetuned,counterfactual,template,2026,test_lookalike_all+norm,bongo_1012,1,0.073022
bilstm_finetuned,counterfactual,template,2026,test_lookalike_all+norm,bongo_1015,0,0.000015
bilstm_finetuned,counterfactual,template,2026,test_lookalike_all+norm,bongo_1022,1,0.052340
bilstm_finetuned,counterfactual,template,2026,test_lookalike_all+norm,bongo_1037,0,0.000043
bilstm_finetuned,counterfactual,template,2026,test_lookalike_all+norm,bongo_1040,0,0.000031
bilstm_finetuned,counterfactual,template,2026,test_lookalike_all+norm,bongo_1042,1,0.999948
bilstm_finetuned,counterfactual,template,2026,test_lookalike_all+norm,bongo_1047,1,0.999985
bilstm_finetuned,counterfactual,template,2026,test_lookalike_all+norm,bongo_1050,0,0.000024
bilstm_finetuned,counterfactual,template,2026,test_lookalike_all+norm,bongo_1052,1,0.999950
bilstm_finetuned,counterfactual,template,2026,test_lookalike_all+norm,bongo_1059,0,0.000019
bilstm_finetuned,counterfactual,template,2026,test_lookalike_all+norm,bongo_1071,0,0.000027
bilstm_finetuned,counterfactual,template,2026,test_lookalike_all+norm,bongo_1090,0,0.000015
bilstm_finetuned,counterfactual,template,2026,test_lookalike_all+norm,bongo_1104,1,0.999984
bilstm_finetuned,counterfactual,template,2026,test_lookalike_all+norm,bongo_1115,0,0.000009
bilstm_finetuned,counterfactual,template,2026,test_lookalike_all+norm,bongo_1123,0,0.000032
bilstm_finetuned,counterfactual,template,2026,test_lookalike_all+norm,bongo_1125,0,0.005142
bilstm_finetuned,counterfactual,template,2026,test_lookalike_all+norm,bongo_1127,1,0.033161
bilstm_finetuned,counterfactual,template,2026,test_lookalike_all+norm,bongo_1131,1,0.999979
bilstm_finetuned,counterfactual,template,2026,test_lookalike_all+norm,bongo_1134,1,0.161370
bilstm_finetuned,counterfactual,template,2026,test_lookalike_all+norm,bongo_1135,0,0.051320
bilstm_finetuned,counterfactual,template,2026,test_lookalike_all+norm,bongo_1136,1,0.999950
bilstm_finetuned,counterfactual,template,2026,test_lookalike_all+norm,bongo_1138,1,0.999985
bilstm_finetuned,counterfactual,template,2026,test_lookalike_all+norm,bongo_1140,1,0.999845
bilstm_finetuned,counterfactual,template,2026,test_lookalike_all+norm,bongo_1154,1,0.999972
bilstm_finetuned,counterfactual,template,2026,test_lookalike_all+norm,bongo_1155,0,0.000025
bilstm_finetuned,counterfactual,template,2026,test_lookalike_all+norm,bongo_1171,1,0.999984
bilstm_finetuned,counterfactual,template,2026,test_lookalike_all+norm,bongo_1181,1,0.999923
bilstm_finetuned,counterfactual,template,2026,test_lookalike_all+norm,bongo_1185,1,0.052253
bilstm_finetuned,counterfactual,template,2026,test_lookalike_all+norm,bongo_1194,0,0.000729
bilstm_finetuned,counterfactual,template,2026,test_lookalike_all+norm,bongo_1195,1,0.129273
bilstm_finetuned,counterfactual,template,2026,test_lookalike_all+norm,bongo_1198,0,0.000103
bilstm_finetuned,counterfactual,template,2026,test_lookalike_all+norm,bongo_1204,1,0.020779
bilstm_finetuned,counterfactual,template,2026,test_lookalike_all+norm,bongo_1220,1,0.999985
bilstm_finetuned,counterfactual,template,2026,test_lookalike_all+norm,bongo_1233,1,0.999990
bilstm_finetuned,counterfactual,template,2026,test_lookalike_all+norm,bongo_1236,0,0.000054
bilstm_finetuned,counterfactual,template,2026,test_lookalike_all+norm,bongo_1240,1,0.052643
bilstm_finetuned,counterfactual,template,2026,test_lookalike_all+norm,bongo_1244,0,0.000023
bilstm_finetuned,counterfactual,template,2026,test_lookalike_all+norm,bongo_1249,0,0.000009
bilstm_finetuned,counterfactual,template,2026,test_lookalike_all+norm,bongo_1253,0,0.081567
bilstm_finetuned,counterfactual,template,2026,test_lookalike_all+norm,bongo_1260,0,0.000027
bilstm_finetuned,counterfactual,template,2026,test_lookalike_all+norm,bongo_1262,0,0.000032
bilstm_finetuned,counterfactual,template,2026,test_lookalike_all+norm,bongo_1278,1,0.072695
bilstm_finetuned,counterfactual,template,2026,test_lookalike_all+norm,bongo_1285,0,0.000023
bilstm_finetuned,counterfactual,template,2026,test_lookalike_all+norm,bongo_1293,1,0.999954
bilstm_finetuned,counterfactual,template,2026,test_lookalike_all+norm,bongo_1316,0,0.000075
bilstm_finetuned,counterfactual,template,2026,test_lookalike_all+norm,bongo_1327,1,0.020741
bilstm_finetuned,counterfactual,template,2026,test_lookalike_all+norm,bongo_1330,0,0.061334
bilstm_finetuned,counterfactual,template,2026,test_lookalike_all+norm,bongo_1359,0,0.004311
bilstm_finetuned,counterfactual,template,2026,test_lookalike_all+norm,bongo_1375,0,0.000035
bilstm_finetuned,counterfactual,template,2026,test_structural_1+norm,bongo_0025,1,0.999936
bilstm_finetuned,counterfactual,template,2026,test_structural_1+norm,bongo_0029,0,0.056582
bilstm_finetuned,counterfactual,template,2026,test_structural_1+norm,bongo_0039,1,0.999985
bilstm_finetuned,counterfactual,template,2026,test_structural_1+norm,bongo_0047,1,0.999985
bilstm_finetuned,counterfactual,template,2026,test_structural_1+norm,bongo_0053,0,0.000036
bilstm_finetuned,counterfactual,template,2026,test_structural_1+norm,bongo_0055,1,0.020742
bilstm_finetuned,counterfactual,template,2026,test_structural_1+norm,bongo_0061,1,0.999753
bilstm_finetuned,counterfactual,template,2026,test_structural_1+norm,bongo_0097,0,0.000212
bilstm_finetuned,counterfactual,template,2026,test_structural_1+norm,bongo_0107,0,0.000015
bilstm_finetuned,counterfactual,template,2026,test_structural_1+norm,bongo_0110,0,0.000013
bilstm_finetuned,counterfactual,template,2026,test_structural_1+norm,bongo_0112,1,0.163189
bilstm_finetuned,counterfactual,template,2026,test_structural_1+norm,bongo_0115,0,0.000074
bilstm_finetuned,counterfactual,template,2026,test_structural_1+norm,bongo_0143,0,0.000021
bilstm_finetuned,counterfactual,template,2026,test_structural_1+norm,bongo_0146,1,0.999970
bilstm_finetuned,counterfactual,template,2026,test_structural_1+norm,bongo_0154,1,0.999945
bilstm_finetuned,counterfactual,template,2026,test_structural_1+norm,bongo_0159,1,0.020778
bilstm_finetuned,counterfactual,template,2026,test_structural_1+norm,bongo_0160,0,0.000028
bilstm_finetuned,counterfactual,template,2026,test_structural_1+norm,bongo_0172,0,0.291826
bilstm_finetuned,counterfactual,template,2026,test_structural_1+norm,bongo_0173,1,0.033139
bilstm_finetuned,counterfactual,template,2026,test_structural_1+norm,bongo_0175,0,0.000022
bilstm_finetuned,counterfactual,template,2026,test_structural_1+norm,bongo_0182,0,0.000010
bilstm_finetuned,counterfactual,template,2026,test_structural_1+norm,bongo_0195,1,0.999889
bilstm_finetuned,counterfactual,template,2026,test_structural_1+norm,bongo_0197,0,0.000031
bilstm_finetuned,counterfactual,template,2026,test_structural_1+norm,bongo_0201,1,0.999987
bilstm_finetuned,counterfactual,template,2026,test_structural_1+norm,bongo_0203,1,0.999722
bilstm_finetuned,counterfactual,template,2026,test_structural_1+norm,bongo_0250,1,0.020778
bilstm_finetuned,counterfactual,template,2026,test_structural_1+norm,bongo_0253,0,0.000044
bilstm_finetuned,counterfactual,template,2026,test_structural_1+norm,bongo_0255,1,0.052643
bilstm_finetuned,counterfactual,template,2026,test_structural_1+norm,bongo_0265,1,0.033361
bilstm_finetuned,counterfactual,template,2026,test_structural_1+norm,bongo_0271,0,0.000027
bilstm_finetuned,counterfactual,template,2026,test_structural_1+norm,bongo_0300,0,0.000030
bilstm_finetuned,counterfactual,template,2026,test_structural_1+norm,bongo_0306,0,0.000046
bilstm_finetuned,counterfactual,template,2026,test_structural_1+norm,bongo_0356,1,0.160496
bilstm_finetuned,counterfactual,template,2026,test_structural_1+norm,bongo_0360,1,0.999958
bilstm_finetuned,counterfactual,template,2026,test_structural_1+norm,bongo_0361,1,0.999703
bilstm_finetuned,counterfactual,template,2026,test_structural_1+norm,bongo_0363,0,0.000031
bilstm_finetuned,counterfactual,template,2026,test_structural_1+norm,bongo_0368,0,0.000098
bilstm_finetuned,counterfactual,template,2026,test_structural_1+norm,bongo_0372,0,0.000050
bilstm_finetuned,counterfactual,template,2026,test_structural_1+norm,bongo_0380,1,0.052320
bilstm_finetuned,counterfactual,template,2026,test_structural_1+norm,bongo_0389,0,0.000025
bilstm_finetuned,counterfactual,template,2026,test_structural_1+norm,bongo_0395,0,0.000623
bilstm_finetuned,counterfactual,template,2026,test_structural_1+norm,bongo_0405,1,0.999891
bilstm_finetuned,counterfactual,template,2026,test_structural_1+norm,bongo_0424,1,0.999987
bilstm_finetuned,counterfactual,template,2026,test_structural_1+norm,bongo_0427,0,0.000049
bilstm_finetuned,counterfactual,template,2026,test_structural_1+norm,bongo_0434,1,0.020742
bilstm_finetuned,counterfactual,template,2026,test_structural_1+norm,bongo_0463,0,0.000329
bilstm_finetuned,counterfactual,template,2026,test_structural_1+norm,bongo_0476,1,0.999918
bilstm_finetuned,counterfactual,template,2026,test_structural_1+norm,bongo_0510,1,0.999953
bilstm_finetuned,counterfactual,template,2026,test_structural_1+norm,bongo_0531,0,0.000124
bilstm_finetuned,counterfactual,template,2026,test_structural_1+norm,bongo_0542,0,0.000023
bilstm_finetuned,counterfactual,template,2026,test_structural_1+norm,bongo_0545,0,0.000024
bilstm_finetuned,counterfactual,template,2026,test_structural_1+norm,bongo_0560,1,0.999934
bilstm_finetuned,counterfactual,template,2026,test_structural_1+norm,bongo_0565,1,0.129355
bilstm_finetuned,counterfactual,template,2026,test_structural_1+norm,bongo_0566,1,0.999990
bilstm_finetuned,counterfactual,template,2026,test_structural_1+norm,bongo_0571,0,0.000020
bilstm_finetuned,counterfactual,template,2026,test_structural_1+norm,bongo_0577,1,0.998222
bilstm_finetuned,counterfactual,template,2026,test_structural_1+norm,bongo_0580,1,0.999908
bilstm_finetuned,counterfactual,template,2026,test_structural_1+norm,bongo_0621,1,0.999837
bilstm_finetuned,counterfactual,template,2026,test_structural_1+norm,bongo_0624,1,0.999973
bilstm_finetuned,counterfactual,template,2026,test_structural_1+norm,bongo_0630,0,0.000157
bilstm_finetuned,counterfactual,template,2026,test_structural_1+norm,bongo_0638,1,0.999974
bilstm_finetuned,counterfactual,template,2026,test_structural_1+norm,bongo_0648,0,0.007797
bilstm_finetuned,counterfactual,template,2026,test_structural_1+norm,bongo_0674,0,0.000016
bilstm_finetuned,counterfactual,template,2026,test_structural_1+norm,bongo_0685,0,0.021249
bilstm_finetuned,counterfactual,template,2026,test_structural_1+norm,bongo_0697,1,0.129355
bilstm_finetuned,counterfactual,template,2026,test_structural_1+norm,bongo_0701,0,0.000025
bilstm_finetuned,counterfactual,template,2026,test_structural_1+norm,bongo_0706,1,0.160226
bilstm_finetuned,counterfactual,template,2026,test_structural_1+norm,bongo_0719,1,0.053310
bilstm_finetuned,counterfactual,template,2026,test_structural_1+norm,bongo_0721,1,0.999927
bilstm_finetuned,counterfactual,template,2026,test_structural_1+norm,bongo_0724,1,0.129950
bilstm_finetuned,counterfactual,template,2026,test_structural_1+norm,bongo_0729,1,0.999865
bilstm_finetuned,counterfactual,template,2026,test_structural_1+norm,bongo_0741,0,0.000024
bilstm_finetuned,counterfactual,template,2026,test_structural_1+norm,bongo_0749,1,0.073594
bilstm_finetuned,counterfactual,template,2026,test_structural_1+norm,bongo_0769,1,0.999935
bilstm_finetuned,counterfactual,template,2026,test_structural_1+norm,bongo_0770,1,0.020742
bilstm_finetuned,counterfactual,template,2026,test_structural_1+norm,bongo_0778,1,0.073529
bilstm_finetuned,counterfactual,template,2026,test_structural_1+norm,bongo_0787,1,0.999957
bilstm_finetuned,counterfactual,template,2026,test_structural_1+norm,bongo_0795,0,0.000246
bilstm_finetuned,counterfactual,template,2026,test_structural_1+norm,bongo_0806,1,0.129950
bilstm_finetuned,counterfactual,template,2026,test_structural_1+norm,bongo_0807,1,0.999952
bilstm_finetuned,counterfactual,template,2026,test_structural_1+norm,bongo_0818,0,0.004661
bilstm_finetuned,counterfactual,template,2026,test_structural_1+norm,bongo_0819,0,0.000134
bilstm_finetuned,counterfactual,template,2026,test_structural_1+norm,bongo_0835,0,0.000024
bilstm_finetuned,counterfactual,template,2026,test_structural_1+norm,bongo_0840,1,0.999958
bilstm_finetuned,counterfactual,template,2026,test_structural_1+norm,bongo_0855,1,0.129104
bilstm_finetuned,counterfactual,template,2026,test_structural_1+norm,bongo_0856,0,0.000050
bilstm_finetuned,counterfactual,template,2026,test_structural_1+norm,bongo_0864,1,0.999985
bilstm_finetuned,counterfactual,template,2026,test_structural_1+norm,bongo_0871,1,0.999955
bilstm_finetuned,counterfactual,template,2026,test_structural_1+norm,bongo_0872,0,0.004264
bilstm_finetuned,counterfactual,template,2026,test_structural_1+norm,bongo_0904,0,0.000137
bilstm_finetuned,counterfactual,template,2026,test_structural_1+norm,bongo_0905,1,0.999985
bilstm_finetuned,counterfactual,template,2026,test_structural_1+norm,bongo_0909,1,0.999868
bilstm_finetuned,counterfactual,template,2026,test_structural_1+norm,bongo_0917,1,0.020846
bilstm_finetuned,counterfactual,template,2026,test_structural_1+norm,bongo_0918,1,0.998286
bilstm_finetuned,counterfactual,template,2026,test_structural_1+norm,bongo_0950,0,0.000029
bilstm_finetuned,counterfactual,template,2026,test_structural_1+norm,bongo_0955,1,0.999983
bilstm_finetuned,counterfactual,template,2026,test_structural_1+norm,bongo_0956,0,0.000023
bilstm_finetuned,counterfactual,template,2026,test_structural_1+norm,bongo_0971,0,0.000025
bilstm_finetuned,counterfactual,template,2026,test_structural_1+norm,bongo_0983,0,0.000067
bilstm_finetuned,counterfactual,template,2026,test_structural_1+norm,bongo_0989,1,0.999974
bilstm_finetuned,counterfactual,template,2026,test_structural_1+norm,bongo_0994,0,0.000094
bilstm_finetuned,counterfactual,template,2026,test_structural_1+norm,bongo_1003,1,0.999934
bilstm_finetuned,counterfactual,template,2026,test_structural_1+norm,bongo_1006,0,0.000031
bilstm_finetuned,counterfactual,template,2026,test_structural_1+norm,bongo_1012,1,0.072258
bilstm_finetuned,counterfactual,template,2026,test_structural_1+norm,bongo_1015,0,0.000015
bilstm_finetuned,counterfactual,template,2026,test_structural_1+norm,bongo_1022,1,0.052217
bilstm_finetuned,counterfactual,template,2026,test_structural_1+norm,bongo_1037,0,0.000043
bilstm_finetuned,counterfactual,template,2026,test_structural_1+norm,bongo_1040,0,0.000031
bilstm_finetuned,counterfactual,template,2026,test_structural_1+norm,bongo_1042,1,0.999874
bilstm_finetuned,counterfactual,template,2026,test_structural_1+norm,bongo_1047,1,0.999985
bilstm_finetuned,counterfactual,template,2026,test_structural_1+norm,bongo_1050,0,0.000024
bilstm_finetuned,counterfactual,template,2026,test_structural_1+norm,bongo_1052,1,0.999950
bilstm_finetuned,counterfactual,template,2026,test_structural_1+norm,bongo_1059,0,0.000019
bilstm_finetuned,counterfactual,template,2026,test_structural_1+norm,bongo_1071,0,0.000027
bilstm_finetuned,counterfactual,template,2026,test_structural_1+norm,bongo_1090,0,0.000015
bilstm_finetuned,counterfactual,template,2026,test_structural_1+norm,bongo_1104,1,0.999984
bilstm_finetuned,counterfactual,template,2026,test_structural_1+norm,bongo_1115,0,0.000009
bilstm_finetuned,counterfactual,template,2026,test_structural_1+norm,bongo_1123,0,0.000032
bilstm_finetuned,counterfactual,template,2026,test_structural_1+norm,bongo_1125,0,0.005142
bilstm_finetuned,counterfactual,template,2026,test_structural_1+norm,bongo_1127,1,0.033751
bilstm_finetuned,counterfactual,template,2026,test_structural_1+norm,bongo_1131,1,0.999979
bilstm_finetuned,counterfactual,template,2026,test_structural_1+norm,bongo_1134,1,0.161370
bilstm_finetuned,counterfactual,template,2026,test_structural_1+norm,bongo_1135,0,0.051320
bilstm_finetuned,counterfactual,template,2026,test_structural_1+norm,bongo_1136,1,0.999950
bilstm_finetuned,counterfactual,template,2026,test_structural_1+norm,bongo_1138,1,0.999985
bilstm_finetuned,counterfactual,template,2026,test_structural_1+norm,bongo_1140,1,0.999845
bilstm_finetuned,counterfactual,template,2026,test_structural_1+norm,bongo_1154,1,0.999972
bilstm_finetuned,counterfactual,template,2026,test_structural_1+norm,bongo_1155,0,0.000025
bilstm_finetuned,counterfactual,template,2026,test_structural_1+norm,bongo_1171,1,0.999984
bilstm_finetuned,counterfactual,template,2026,test_structural_1+norm,bongo_1181,1,0.999940
bilstm_finetuned,counterfactual,template,2026,test_structural_1+norm,bongo_1185,1,0.051734
bilstm_finetuned,counterfactual,template,2026,test_structural_1+norm,bongo_1194,0,0.000729
bilstm_finetuned,counterfactual,template,2026,test_structural_1+norm,bongo_1195,1,0.129163
bilstm_finetuned,counterfactual,template,2026,test_structural_1+norm,bongo_1198,0,0.000103
bilstm_finetuned,counterfactual,template,2026,test_structural_1+norm,bongo_1204,1,0.021168
bilstm_finetuned,counterfactual,template,2026,test_structural_1+norm,bongo_1220,1,0.999986
bilstm_finetuned,counterfactual,template,2026,test_structural_1+norm,bongo_1233,1,0.999989
bilstm_finetuned,counterfactual,template,2026,test_structural_1+norm,bongo_1236,0,0.000054
bilstm_finetuned,counterfactual,template,2026,test_structural_1+norm,bongo_1240,1,0.052643
bilstm_finetuned,counterfactual,template,2026,test_structural_1+norm,bongo_1244,0,0.000023
bilstm_finetuned,counterfactual,template,2026,test_structural_1+norm,bongo_1249,0,0.000009
bilstm_finetuned,counterfactual,template,2026,test_structural_1+norm,bongo_1253,0,0.081567
bilstm_finetuned,counterfactual,template,2026,test_structural_1+norm,bongo_1260,0,0.000027
bilstm_finetuned,counterfactual,template,2026,test_structural_1+norm,bongo_1262,0,0.000032
bilstm_finetuned,counterfactual,template,2026,test_structural_1+norm,bongo_1278,1,0.072695
bilstm_finetuned,counterfactual,template,2026,test_structural_1+norm,bongo_1285,0,0.000023
bilstm_finetuned,counterfactual,template,2026,test_structural_1+norm,bongo_1293,1,0.999954
bilstm_finetuned,counterfactual,template,2026,test_structural_1+norm,bongo_1316,0,0.000075
bilstm_finetuned,counterfactual,template,2026,test_structural_1+norm,bongo_1327,1,0.020741
bilstm_finetuned,counterfactual,template,2026,test_structural_1+norm,bongo_1330,0,0.061334
bilstm_finetuned,counterfactual,template,2026,test_structural_1+norm,bongo_1359,0,0.004311
bilstm_finetuned,counterfactual,template,2026,test_structural_1+norm,bongo_1375,0,0.000035
bilstm_finetuned,counterfactual,template,2026,test_structural_3+norm,bongo_0025,1,0.999861
bilstm_finetuned,counterfactual,template,2026,test_structural_3+norm,bongo_0029,0,0.056582
bilstm_finetuned,counterfactual,template,2026,test_structural_3+norm,bongo_0039,1,0.999984
bilstm_finetuned,counterfactual,template,2026,test_structural_3+norm,bongo_0047,1,0.999985
bilstm_finetuned,counterfactual,template,2026,test_structural_3+norm,bongo_0053,0,0.000036
bilstm_finetuned,counterfactual,template,2026,test_structural_3+norm,bongo_0055,1,0.020742
bilstm_finetuned,counterfactual,template,2026,test_structural_3+norm,bongo_0061,1,0.999762
bilstm_finetuned,counterfactual,template,2026,test_structural_3+norm,bongo_0097,0,0.000212
bilstm_finetuned,counterfactual,template,2026,test_structural_3+norm,bongo_0107,0,0.000015
bilstm_finetuned,counterfactual,template,2026,test_structural_3+norm,bongo_0110,0,0.000013
bilstm_finetuned,counterfactual,template,2026,test_structural_3+norm,bongo_0112,1,0.159443
bilstm_finetuned,counterfactual,template,2026,test_structural_3+norm,bongo_0115,0,0.000074
bilstm_finetuned,counterfactual,template,2026,test_structural_3+norm,bongo_0143,0,0.000021
bilstm_finetuned,counterfactual,template,2026,test_structural_3+norm,bongo_0146,1,0.999970
bilstm_finetuned,counterfactual,template,2026,test_structural_3+norm,bongo_0154,1,0.999815
bilstm_finetuned,counterfactual,template,2026,test_structural_3+norm,bongo_0159,1,0.021183
bilstm_finetuned,counterfactual,template,2026,test_structural_3+norm,bongo_0160,0,0.000028
bilstm_finetuned,counterfactual,template,2026,test_structural_3+norm,bongo_0172,0,0.291826
bilstm_finetuned,counterfactual,template,2026,test_structural_3+norm,bongo_0173,1,0.033139
bilstm_finetuned,counterfactual,template,2026,test_structural_3+norm,bongo_0175,0,0.000022
bilstm_finetuned,counterfactual,template,2026,test_structural_3+norm,bongo_0182,0,0.000010
bilstm_finetuned,counterfactual,template,2026,test_structural_3+norm,bongo_0195,1,0.999811
bilstm_finetuned,counterfactual,template,2026,test_structural_3+norm,bongo_0197,0,0.000031
bilstm_finetuned,counterfactual,template,2026,test_structural_3+norm,bongo_0201,1,0.999989
bilstm_finetuned,counterfactual,template,2026,test_structural_3+norm,bongo_0203,1,0.999681
bilstm_finetuned,counterfactual,template,2026,test_structural_3+norm,bongo_0250,1,0.020778
bilstm_finetuned,counterfactual,template,2026,test_structural_3+norm,bongo_0253,0,0.000044
bilstm_finetuned,counterfactual,template,2026,test_structural_3+norm,bongo_0255,1,0.048775
bilstm_finetuned,counterfactual,template,2026,test_structural_3+norm,bongo_0265,1,0.014261
bilstm_finetuned,counterfactual,template,2026,test_structural_3+norm,bongo_0271,0,0.000027
bilstm_finetuned,counterfactual,template,2026,test_structural_3+norm,bongo_0300,0,0.000030
bilstm_finetuned,counterfactual,template,2026,test_structural_3+norm,bongo_0306,0,0.000046
bilstm_finetuned,counterfactual,template,2026,test_structural_3+norm,bongo_0356,1,0.160496
bilstm_finetuned,counterfactual,template,2026,test_structural_3+norm,bongo_0360,1,0.999958
bilstm_finetuned,counterfactual,template,2026,test_structural_3+norm,bongo_0361,1,0.695340
bilstm_finetuned,counterfactual,template,2026,test_structural_3+norm,bongo_0363,0,0.000031
bilstm_finetuned,counterfactual,template,2026,test_structural_3+norm,bongo_0368,0,0.000098
bilstm_finetuned,counterfactual,template,2026,test_structural_3+norm,bongo_0372,0,0.000050
bilstm_finetuned,counterfactual,template,2026,test_structural_3+norm,bongo_0380,1,0.044914
bilstm_finetuned,counterfactual,template,2026,test_structural_3+norm,bongo_0389,0,0.000025
bilstm_finetuned,counterfactual,template,2026,test_structural_3+norm,bongo_0395,0,0.000623
bilstm_finetuned,counterfactual,template,2026,test_structural_3+norm,bongo_0405,1,0.720347
bilstm_finetuned,counterfactual,template,2026,test_structural_3+norm,bongo_0424,1,0.999987
bilstm_finetuned,counterfactual,template,2026,test_structural_3+norm,bongo_0427,0,0.000049
bilstm_finetuned,counterfactual,template,2026,test_structural_3+norm,bongo_0434,1,0.020742
bilstm_finetuned,counterfactual,template,2026,test_structural_3+norm,bongo_0463,0,0.000329
bilstm_finetuned,counterfactual,template,2026,test_structural_3+norm,bongo_0476,1,0.999903
bilstm_finetuned,counterfactual,template,2026,test_structural_3+norm,bongo_0510,1,0.999966
bilstm_finetuned,counterfactual,template,2026,test_structural_3+norm,bongo_0531,0,0.000124
bilstm_finetuned,counterfactual,template,2026,test_structural_3+norm,bongo_0542,0,0.000023
bilstm_finetuned,counterfactual,template,2026,test_structural_3+norm,bongo_0545,0,0.000024
bilstm_finetuned,counterfactual,template,2026,test_structural_3+norm,bongo_0560,1,0.999793
bilstm_finetuned,counterfactual,template,2026,test_structural_3+norm,bongo_0565,1,0.129609
bilstm_finetuned,counterfactual,template,2026,test_structural_3+norm,bongo_0566,1,0.999990
bilstm_finetuned,counterfactual,template,2026,test_structural_3+norm,bongo_0571,0,0.000020
bilstm_finetuned,counterfactual,template,2026,test_structural_3+norm,bongo_0577,1,0.999741
bilstm_finetuned,counterfactual,template,2026,test_structural_3+norm,bongo_0580,1,0.999908
bilstm_finetuned,counterfactual,template,2026,test_structural_3+norm,bongo_0621,1,0.372028
bilstm_finetuned,counterfactual,template,2026,test_structural_3+norm,bongo_0624,1,0.999957
bilstm_finetuned,counterfactual,template,2026,test_structural_3+norm,bongo_0630,0,0.000157
bilstm_finetuned,counterfactual,template,2026,test_structural_3+norm,bongo_0638,1,0.999974
bilstm_finetuned,counterfactual,template,2026,test_structural_3+norm,bongo_0648,0,0.007797
bilstm_finetuned,counterfactual,template,2026,test_structural_3+norm,bongo_0674,0,0.000016
bilstm_finetuned,counterfactual,template,2026,test_structural_3+norm,bongo_0685,0,0.021249
bilstm_finetuned,counterfactual,template,2026,test_structural_3+norm,bongo_0697,1,0.131389
bilstm_finetuned,counterfactual,template,2026,test_structural_3+norm,bongo_0701,0,0.000025
bilstm_finetuned,counterfactual,template,2026,test_structural_3+norm,bongo_0706,1,0.159355
bilstm_finetuned,counterfactual,template,2026,test_structural_3+norm,bongo_0719,1,0.052270
bilstm_finetuned,counterfactual,template,2026,test_structural_3+norm,bongo_0721,1,0.999970
bilstm_finetuned,counterfactual,template,2026,test_structural_3+norm,bongo_0724,1,0.135140
bilstm_finetuned,counterfactual,template,2026,test_structural_3+norm,bongo_0729,1,0.999851
bilstm_finetuned,counterfactual,template,2026,test_structural_3+norm,bongo_0741,0,0.000024
bilstm_finetuned,counterfactual,template,2026,test_structural_3+norm,bongo_0749,1,0.065800
bilstm_finetuned,counterfactual,template,2026,test_structural_3+norm,bongo_0769,1,0.999935
bilstm_finetuned,counterfactual,template,2026,test_structural_3+norm,bongo_0770,1,0.021147
bilstm_finetuned,counterfactual,template,2026,test_structural_3+norm,bongo_0778,1,0.065718
bilstm_finetuned,counterfactual,template,2026,test_structural_3+norm,bongo_0787,1,0.999957
bilstm_finetuned,counterfactual,template,2026,test_structural_3+norm,bongo_0795,0,0.000246
bilstm_finetuned,counterfactual,template,2026,test_structural_3+norm,bongo_0806,1,0.135356
bilstm_finetuned,counterfactual,template,2026,test_structural_3+norm,bongo_0807,1,0.999975
bilstm_finetuned,counterfactual,template,2026,test_structural_3+norm,bongo_0818,0,0.004661
bilstm_finetuned,counterfactual,template,2026,test_structural_3+norm,bongo_0819,0,0.000134
bilstm_finetuned,counterfactual,template,2026,test_structural_3+norm,bongo_0835,0,0.000024
bilstm_finetuned,counterfactual,template,2026,test_structural_3+norm,bongo_0840,1,0.999958
bilstm_finetuned,counterfactual,template,2026,test_structural_3+norm,bongo_0855,1,0.128429
bilstm_finetuned,counterfactual,template,2026,test_structural_3+norm,bongo_0856,0,0.000050
bilstm_finetuned,counterfactual,template,2026,test_structural_3+norm,bongo_0864,1,0.999985
bilstm_finetuned,counterfactual,template,2026,test_structural_3+norm,bongo_0871,1,0.999955
bilstm_finetuned,counterfactual,template,2026,test_structural_3+norm,bongo_0872,0,0.004264
bilstm_finetuned,counterfactual,template,2026,test_structural_3+norm,bongo_0904,0,0.000137
bilstm_finetuned,counterfactual,template,2026,test_structural_3+norm,bongo_0905,1,0.999962
bilstm_finetuned,counterfactual,template,2026,test_structural_3+norm,bongo_0909,1,0.999868
bilstm_finetuned,counterfactual,template,2026,test_structural_3+norm,bongo_0917,1,0.015727
bilstm_finetuned,counterfactual,template,2026,test_structural_3+norm,bongo_0918,1,0.999865
bilstm_finetuned,counterfactual,template,2026,test_structural_3+norm,bongo_0950,0,0.000029
bilstm_finetuned,counterfactual,template,2026,test_structural_3+norm,bongo_0955,1,0.999963
bilstm_finetuned,counterfactual,template,2026,test_structural_3+norm,bongo_0956,0,0.000023
bilstm_finetuned,counterfactual,template,2026,test_structural_3+norm,bongo_0971,0,0.000025
bilstm_finetuned,counterfactual,template,2026,test_structural_3+norm,bongo_0983,0,0.000067
bilstm_finetuned,counterfactual,template,2026,test_structural_3+norm,bongo_0989,1,0.999954
bilstm_finetuned,counterfactual,template,2026,test_structural_3+norm,bongo_0994,0,0.000094
bilstm_finetuned,counterfactual,template,2026,test_structural_3+norm,bongo_1003,1,0.999934
bilstm_finetuned,counterfactual,template,2026,test_structural_3+norm,bongo_1006,0,0.000031
bilstm_finetuned,counterfactual,template,2026,test_structural_3+norm,bongo_1012,1,0.072258
bilstm_finetuned,counterfactual,template,2026,test_structural_3+norm,bongo_1015,0,0.000015
bilstm_finetuned,counterfactual,template,2026,test_structural_3+norm,bongo_1022,1,0.053262
bilstm_finetuned,counterfactual,template,2026,test_structural_3+norm,bongo_1037,0,0.000043
bilstm_finetuned,counterfactual,template,2026,test_structural_3+norm,bongo_1040,0,0.000031
bilstm_finetuned,counterfactual,template,2026,test_structural_3+norm,bongo_1042,1,0.999948
bilstm_finetuned,counterfactual,template,2026,test_structural_3+norm,bongo_1047,1,0.999985
bilstm_finetuned,counterfactual,template,2026,test_structural_3+norm,bongo_1050,0,0.000024
bilstm_finetuned,counterfactual,template,2026,test_structural_3+norm,bongo_1052,1,0.999950
bilstm_finetuned,counterfactual,template,2026,test_structural_3+norm,bongo_1059,0,0.000019
bilstm_finetuned,counterfactual,template,2026,test_structural_3+norm,bongo_1071,0,0.000027
bilstm_finetuned,counterfactual,template,2026,test_structural_3+norm,bongo_1090,0,0.000015
bilstm_finetuned,counterfactual,template,2026,test_structural_3+norm,bongo_1104,1,0.999984
bilstm_finetuned,counterfactual,template,2026,test_structural_3+norm,bongo_1115,0,0.000009
bilstm_finetuned,counterfactual,template,2026,test_structural_3+norm,bongo_1123,0,0.000032
bilstm_finetuned,counterfactual,template,2026,test_structural_3+norm,bongo_1125,0,0.005142
bilstm_finetuned,counterfactual,template,2026,test_structural_3+norm,bongo_1127,1,0.033088
bilstm_finetuned,counterfactual,template,2026,test_structural_3+norm,bongo_1131,1,0.896784
bilstm_finetuned,counterfactual,template,2026,test_structural_3+norm,bongo_1134,1,0.161312
bilstm_finetuned,counterfactual,template,2026,test_structural_3+norm,bongo_1135,0,0.051320
bilstm_finetuned,counterfactual,template,2026,test_structural_3+norm,bongo_1136,1,0.999950
bilstm_finetuned,counterfactual,template,2026,test_structural_3+norm,bongo_1138,1,0.999983
bilstm_finetuned,counterfactual,template,2026,test_structural_3+norm,bongo_1140,1,0.999845
bilstm_finetuned,counterfactual,template,2026,test_structural_3+norm,bongo_1154,1,0.999972
bilstm_finetuned,counterfactual,template,2026,test_structural_3+norm,bongo_1155,0,0.000025
bilstm_finetuned,counterfactual,template,2026,test_structural_3+norm,bongo_1171,1,0.999983
bilstm_finetuned,counterfactual,template,2026,test_structural_3+norm,bongo_1181,1,0.999848
bilstm_finetuned,counterfactual,template,2026,test_structural_3+norm,bongo_1185,1,0.044773
bilstm_finetuned,counterfactual,template,2026,test_structural_3+norm,bongo_1194,0,0.000729
bilstm_finetuned,counterfactual,template,2026,test_structural_3+norm,bongo_1195,1,0.129163
bilstm_finetuned,counterfactual,template,2026,test_structural_3+norm,bongo_1198,0,0.000103
bilstm_finetuned,counterfactual,template,2026,test_structural_3+norm,bongo_1204,1,0.020678
bilstm_finetuned,counterfactual,template,2026,test_structural_3+norm,bongo_1220,1,0.999985
bilstm_finetuned,counterfactual,template,2026,test_structural_3+norm,bongo_1233,1,0.999990
bilstm_finetuned,counterfactual,template,2026,test_structural_3+norm,bongo_1236,0,0.000054
bilstm_finetuned,counterfactual,template,2026,test_structural_3+norm,bongo_1240,1,0.045548
bilstm_finetuned,counterfactual,template,2026,test_structural_3+norm,bongo_1244,0,0.000023
bilstm_finetuned,counterfactual,template,2026,test_structural_3+norm,bongo_1249,0,0.000009
bilstm_finetuned,counterfactual,template,2026,test_structural_3+norm,bongo_1253,0,0.081567
bilstm_finetuned,counterfactual,template,2026,test_structural_3+norm,bongo_1260,0,0.000027
bilstm_finetuned,counterfactual,template,2026,test_structural_3+norm,bongo_1262,0,0.000032
bilstm_finetuned,counterfactual,template,2026,test_structural_3+norm,bongo_1278,1,0.072163
bilstm_finetuned,counterfactual,template,2026,test_structural_3+norm,bongo_1285,0,0.000023
bilstm_finetuned,counterfactual,template,2026,test_structural_3+norm,bongo_1293,1,0.999953
bilstm_finetuned,counterfactual,template,2026,test_structural_3+norm,bongo_1316,0,0.000075
bilstm_finetuned,counterfactual,template,2026,test_structural_3+norm,bongo_1327,1,0.016524
bilstm_finetuned,counterfactual,template,2026,test_structural_3+norm,bongo_1330,0,0.061334
bilstm_finetuned,counterfactual,template,2026,test_structural_3+norm,bongo_1359,0,0.004311
bilstm_finetuned,counterfactual,template,2026,test_structural_3+norm,bongo_1375,0,0.000035
bilstm_finetuned,counterfactual,template,2026,test_structural_all+norm,bongo_0025,1,0.999804
bilstm_finetuned,counterfactual,template,2026,test_structural_all+norm,bongo_0029,0,0.056582
bilstm_finetuned,counterfactual,template,2026,test_structural_all+norm,bongo_0039,1,0.841630
bilstm_finetuned,counterfactual,template,2026,test_structural_all+norm,bongo_0047,1,0.999969
bilstm_finetuned,counterfactual,template,2026,test_structural_all+norm,bongo_0053,0,0.000036
bilstm_finetuned,counterfactual,template,2026,test_structural_all+norm,bongo_0055,1,0.023084
bilstm_finetuned,counterfactual,template,2026,test_structural_all+norm,bongo_0061,1,0.999691
bilstm_finetuned,counterfactual,template,2026,test_structural_all+norm,bongo_0097,0,0.000212
bilstm_finetuned,counterfactual,template,2026,test_structural_all+norm,bongo_0107,0,0.000015
bilstm_finetuned,counterfactual,template,2026,test_structural_all+norm,bongo_0110,0,0.000013
bilstm_finetuned,counterfactual,template,2026,test_structural_all+norm,bongo_0112,1,0.161348
bilstm_finetuned,counterfactual,template,2026,test_structural_all+norm,bongo_0115,0,0.000074
bilstm_finetuned,counterfactual,template,2026,test_structural_all+norm,bongo_0143,0,0.000021
bilstm_finetuned,counterfactual,template,2026,test_structural_all+norm,bongo_0146,1,0.700906
bilstm_finetuned,counterfactual,template,2026,test_structural_all+norm,bongo_0154,1,0.999805
bilstm_finetuned,counterfactual,template,2026,test_structural_all+norm,bongo_0159,1,0.014415
bilstm_finetuned,counterfactual,template,2026,test_structural_all+norm,bongo_0160,0,0.000028
bilstm_finetuned,counterfactual,template,2026,test_structural_all+norm,bongo_0172,0,0.291826
bilstm_finetuned,counterfactual,template,2026,test_structural_all+norm,bongo_0173,1,0.000043
bilstm_finetuned,counterfactual,template,2026,test_structural_all+norm,bongo_0175,0,0.000022
bilstm_finetuned,counterfactual,template,2026,test_structural_all+norm,bongo_0182,0,0.000010
bilstm_finetuned,counterfactual,template,2026,test_structural_all+norm,bongo_0195,1,0.999963
bilstm_finetuned,counterfactual,template,2026,test_structural_all+norm,bongo_0197,0,0.000031
bilstm_finetuned,counterfactual,template,2026,test_structural_all+norm,bongo_0201,1,0.999981
bilstm_finetuned,counterfactual,template,2026,test_structural_all+norm,bongo_0203,1,0.937063
bilstm_finetuned,counterfactual,template,2026,test_structural_all+norm,bongo_0250,1,0.014821
bilstm_finetuned,counterfactual,template,2026,test_structural_all+norm,bongo_0253,0,0.000044
bilstm_finetuned,counterfactual,template,2026,test_structural_all+norm,bongo_0255,1,0.050785
bilstm_finetuned,counterfactual,template,2026,test_structural_all+norm,bongo_0265,1,0.021670
bilstm_finetuned,counterfactual,template,2026,test_structural_all+norm,bongo_0271,0,0.000027
bilstm_finetuned,counterfactual,template,2026,test_structural_all+norm,bongo_0300,0,0.000030
bilstm_finetuned,counterfactual,template,2026,test_structural_all+norm,bongo_0306,0,0.000046
bilstm_finetuned,counterfactual,template,2026,test_structural_all+norm,bongo_0356,1,0.185209
bilstm_finetuned,counterfactual,template,2026,test_structural_all+norm,bongo_0360,1,0.999937
bilstm_finetuned,counterfactual,template,2026,test_structural_all+norm,bongo_0361,1,0.856325
bilstm_finetuned,counterfactual,template,2026,test_structural_all+norm,bongo_0363,0,0.000031
bilstm_finetuned,counterfactual,template,2026,test_structural_all+norm,bongo_0368,0,0.000098
bilstm_finetuned,counterfactual,template,2026,test_structural_all+norm,bongo_0372,0,0.000050
bilstm_finetuned,counterfactual,template,2026,test_structural_all+norm,bongo_0380,1,0.040366
bilstm_finetuned,counterfactual,template,2026,test_structural_all+norm,bongo_0389,0,0.000025
bilstm_finetuned,counterfactual,template,2026,test_structural_all+norm,bongo_0395,0,0.000623
bilstm_finetuned,counterfactual,template,2026,test_structural_all+norm,bongo_0405,1,0.540189
bilstm_finetuned,counterfactual,template,2026,test_structural_all+norm,bongo_0424,1,0.999982
bilstm_finetuned,counterfactual,template,2026,test_structural_all+norm,bongo_0427,0,0.000049
bilstm_finetuned,counterfactual,template,2026,test_structural_all+norm,bongo_0434,1,0.014702
bilstm_finetuned,counterfactual,template,2026,test_structural_all+norm,bongo_0463,0,0.000329
bilstm_finetuned,counterfactual,template,2026,test_structural_all+norm,bongo_0476,1,0.999851
bilstm_finetuned,counterfactual,template,2026,test_structural_all+norm,bongo_0510,1,0.999831
bilstm_finetuned,counterfactual,template,2026,test_structural_all+norm,bongo_0531,0,0.000124
bilstm_finetuned,counterfactual,template,2026,test_structural_all+norm,bongo_0542,0,0.000023
bilstm_finetuned,counterfactual,template,2026,test_structural_all+norm,bongo_0545,0,0.000024
bilstm_finetuned,counterfactual,template,2026,test_structural_all+norm,bongo_0560,1,0.999917
bilstm_finetuned,counterfactual,template,2026,test_structural_all+norm,bongo_0565,1,0.000017
bilstm_finetuned,counterfactual,template,2026,test_structural_all+norm,bongo_0566,1,0.658677
bilstm_finetuned,counterfactual,template,2026,test_structural_all+norm,bongo_0571,0,0.000020
bilstm_finetuned,counterfactual,template,2026,test_structural_all+norm,bongo_0577,1,0.998543
bilstm_finetuned,counterfactual,template,2026,test_structural_all+norm,bongo_0580,1,0.999967
bilstm_finetuned,counterfactual,template,2026,test_structural_all+norm,bongo_0621,1,0.737343
bilstm_finetuned,counterfactual,template,2026,test_structural_all+norm,bongo_0624,1,0.998321
bilstm_finetuned,counterfactual,template,2026,test_structural_all+norm,bongo_0630,0,0.000157
bilstm_finetuned,counterfactual,template,2026,test_structural_all+norm,bongo_0638,1,0.000494
bilstm_finetuned,counterfactual,template,2026,test_structural_all+norm,bongo_0648,0,0.007797
bilstm_finetuned,counterfactual,template,2026,test_structural_all+norm,bongo_0674,0,0.000016
bilstm_finetuned,counterfactual,template,2026,test_structural_all+norm,bongo_0685,0,0.021249
bilstm_finetuned,counterfactual,template,2026,test_structural_all+norm,bongo_0697,1,0.000021
bilstm_finetuned,counterfactual,template,2026,test_structural_all+norm,bongo_0701,0,0.000025
bilstm_finetuned,counterfactual,template,2026,test_structural_all+norm,bongo_0706,1,0.000028
bilstm_finetuned,counterfactual,template,2026,test_structural_all+norm,bongo_0719,1,0.056415
bilstm_finetuned,counterfactual,template,2026,test_structural_all+norm,bongo_0721,1,0.144411
bilstm_finetuned,counterfactual,template,2026,test_structural_all+norm,bongo_0724,1,0.129519
bilstm_finetuned,counterfactual,template,2026,test_structural_all+norm,bongo_0729,1,0.999939
bilstm_finetuned,counterfactual,template,2026,test_structural_all+norm,bongo_0741,0,0.000024
bilstm_finetuned,counterfactual,template,2026,test_structural_all+norm,bongo_0749,1,0.060444
bilstm_finetuned,counterfactual,template,2026,test_structural_all+norm,bongo_0769,1,0.999871
bilstm_finetuned,counterfactual,template,2026,test_structural_all+norm,bongo_0770,1,0.009831
bilstm_finetuned,counterfactual,template,2026,test_structural_all+norm,bongo_0778,1,0.083311
bilstm_finetuned,counterfactual,template,2026,test_structural_all+norm,bongo_0787,1,0.997895
bilstm_finetuned,counterfactual,template,2026,test_structural_all+norm,bongo_0795,0,0.000246
bilstm_finetuned,counterfactual,template,2026,test_structural_all+norm,bongo_0806,1,0.000017
bilstm_finetuned,counterfactual,template,2026,test_structural_all+norm,bongo_0807,1,0.984688
bilstm_finetuned,counterfactual,template,2026,test_structural_all+norm,bongo_0818,0,0.004661
bilstm_finetuned,counterfactual,template,2026,test_structural_all+norm,bongo_0819,0,0.000134
bilstm_finetuned,counterfactual,template,2026,test_structural_all+norm,bongo_0835,0,0.000024
bilstm_finetuned,counterfactual,template,2026,test_structural_all+norm,bongo_0840,1,0.999907
bilstm_finetuned,counterfactual,template,2026,test_structural_all+norm,bongo_0855,1,0.000019
bilstm_finetuned,counterfactual,template,2026,test_structural_all+norm,bongo_0856,0,0.000050
bilstm_finetuned,counterfactual,template,2026,test_structural_all+norm,bongo_0864,1,0.830445
bilstm_finetuned,counterfactual,template,2026,test_structural_all+norm,bongo_0871,1,0.997916
bilstm_finetuned,counterfactual,template,2026,test_structural_all+norm,bongo_0872,0,0.004264
bilstm_finetuned,counterfactual,template,2026,test_structural_all+norm,bongo_0904,0,0.000137
bilstm_finetuned,counterfactual,template,2026,test_structural_all+norm,bongo_0905,1,0.999983
bilstm_finetuned,counterfactual,template,2026,test_structural_all+norm,bongo_0909,1,0.631303
bilstm_finetuned,counterfactual,template,2026,test_structural_all+norm,bongo_0917,1,0.011124
bilstm_finetuned,counterfactual,template,2026,test_structural_all+norm,bongo_0918,1,0.251564
bilstm_finetuned,counterfactual,template,2026,test_structural_all+norm,bongo_0950,0,0.000029
bilstm_finetuned,counterfactual,template,2026,test_structural_all+norm,bongo_0955,1,0.999980
bilstm_finetuned,counterfactual,template,2026,test_structural_all+norm,bongo_0956,0,0.000023
bilstm_finetuned,counterfactual,template,2026,test_structural_all+norm,bongo_0971,0,0.000025
bilstm_finetuned,counterfactual,template,2026,test_structural_all+norm,bongo_0983,0,0.000067
bilstm_finetuned,counterfactual,template,2026,test_structural_all+norm,bongo_0989,1,0.999258
bilstm_finetuned,counterfactual,template,2026,test_structural_all+norm,bongo_0994,0,0.000094
bilstm_finetuned,counterfactual,template,2026,test_structural_all+norm,bongo_1003,1,0.999663
bilstm_finetuned,counterfactual,template,2026,test_structural_all+norm,bongo_1006,0,0.000031
bilstm_finetuned,counterfactual,template,2026,test_structural_all+norm,bongo_1012,1,0.060148
bilstm_finetuned,counterfactual,template,2026,test_structural_all+norm,bongo_1015,0,0.000015
bilstm_finetuned,counterfactual,template,2026,test_structural_all+norm,bongo_1022,1,0.040426
bilstm_finetuned,counterfactual,template,2026,test_structural_all+norm,bongo_1037,0,0.000043
bilstm_finetuned,counterfactual,template,2026,test_structural_all+norm,bongo_1040,0,0.000031
bilstm_finetuned,counterfactual,template,2026,test_structural_all+norm,bongo_1042,1,0.644443
bilstm_finetuned,counterfactual,template,2026,test_structural_all+norm,bongo_1047,1,0.999959
bilstm_finetuned,counterfactual,template,2026,test_structural_all+norm,bongo_1050,0,0.000024
bilstm_finetuned,counterfactual,template,2026,test_structural_all+norm,bongo_1052,1,0.144064
bilstm_finetuned,counterfactual,template,2026,test_structural_all+norm,bongo_1059,0,0.000019
bilstm_finetuned,counterfactual,template,2026,test_structural_all+norm,bongo_1071,0,0.000027
bilstm_finetuned,counterfactual,template,2026,test_structural_all+norm,bongo_1090,0,0.000015
bilstm_finetuned,counterfactual,template,2026,test_structural_all+norm,bongo_1104,1,0.764162
bilstm_finetuned,counterfactual,template,2026,test_structural_all+norm,bongo_1115,0,0.000009
bilstm_finetuned,counterfactual,template,2026,test_structural_all+norm,bongo_1123,0,0.000032
bilstm_finetuned,counterfactual,template,2026,test_structural_all+norm,bongo_1125,0,0.005142
bilstm_finetuned,counterfactual,template,2026,test_structural_all+norm,bongo_1127,1,0.030973
bilstm_finetuned,counterfactual,template,2026,test_structural_all+norm,bongo_1131,1,0.896784
bilstm_finetuned,counterfactual,template,2026,test_structural_all+norm,bongo_1134,1,0.178001
bilstm_finetuned,counterfactual,template,2026,test_structural_all+norm,bongo_1135,0,0.051320
bilstm_finetuned,counterfactual,template,2026,test_structural_all+norm,bongo_1136,1,0.502269
bilstm_finetuned,counterfactual,template,2026,test_structural_all+norm,bongo_1138,1,0.796995
bilstm_finetuned,counterfactual,template,2026,test_structural_all+norm,bongo_1140,1,0.050850
bilstm_finetuned,counterfactual,template,2026,test_structural_all+norm,bongo_1154,1,0.002637
bilstm_finetuned,counterfactual,template,2026,test_structural_all+norm,bongo_1155,0,0.000025
bilstm_finetuned,counterfactual,template,2026,test_structural_all+norm,bongo_1171,1,0.766108
bilstm_finetuned,counterfactual,template,2026,test_structural_all+norm,bongo_1181,1,0.999865
bilstm_finetuned,counterfactual,template,2026,test_structural_all+norm,bongo_1185,1,0.000016
bilstm_finetuned,counterfactual,template,2026,test_structural_all+norm,bongo_1194,0,0.000729
bilstm_finetuned,counterfactual,template,2026,test_structural_all+norm,bongo_1195,1,0.000020
bilstm_finetuned,counterfactual,template,2026,test_structural_all+norm,bongo_1198,0,0.000103
bilstm_finetuned,counterfactual,template,2026,test_structural_all+norm,bongo_1204,1,0.003486
bilstm_finetuned,counterfactual,template,2026,test_structural_all+norm,bongo_1220,1,0.801709
bilstm_finetuned,counterfactual,template,2026,test_structural_all+norm,bongo_1233,1,0.991922
bilstm_finetuned,counterfactual,template,2026,test_structural_all+norm,bongo_1236,0,0.000054
bilstm_finetuned,counterfactual,template,2026,test_structural_all+norm,bongo_1240,1,0.066050
bilstm_finetuned,counterfactual,template,2026,test_structural_all+norm,bongo_1244,0,0.000023
bilstm_finetuned,counterfactual,template,2026,test_structural_all+norm,bongo_1249,0,0.000009
bilstm_finetuned,counterfactual,template,2026,test_structural_all+norm,bongo_1253,0,0.081567
bilstm_finetuned,counterfactual,template,2026,test_structural_all+norm,bongo_1260,0,0.000027
bilstm_finetuned,counterfactual,template,2026,test_structural_all+norm,bongo_1262,0,0.000032
bilstm_finetuned,counterfactual,template,2026,test_structural_all+norm,bongo_1278,1,0.000016
bilstm_finetuned,counterfactual,template,2026,test_structural_all+norm,bongo_1285,0,0.000023
bilstm_finetuned,counterfactual,template,2026,test_structural_all+norm,bongo_1293,1,0.793487
bilstm_finetuned,counterfactual,template,2026,test_structural_all+norm,bongo_1316,0,0.000075
bilstm_finetuned,counterfactual,template,2026,test_structural_all+norm,bongo_1327,1,0.006163
bilstm_finetuned,counterfactual,template,2026,test_structural_all+norm,bongo_1330,0,0.061334
bilstm_finetuned,counterfactual,template,2026,test_structural_all+norm,bongo_1359,0,0.004311
bilstm_finetuned,counterfactual,template,2026,test_structural_all+norm,bongo_1375,0,0.000035
bilstm_finetuned,counterfactual,template,2026,test_codeswitch_1+norm,bongo_0025,1,0.999939
bilstm_finetuned,counterfactual,template,2026,test_codeswitch_1+norm,bongo_0029,0,0.056582
bilstm_finetuned,counterfactual,template,2026,test_codeswitch_1+norm,bongo_0039,1,0.692748
bilstm_finetuned,counterfactual,template,2026,test_codeswitch_1+norm,bongo_0047,1,0.999985
bilstm_finetuned,counterfactual,template,2026,test_codeswitch_1+norm,bongo_0053,0,0.000036
bilstm_finetuned,counterfactual,template,2026,test_codeswitch_1+norm,bongo_0055,1,0.020786
bilstm_finetuned,counterfactual,template,2026,test_codeswitch_1+norm,bongo_0061,1,0.999753
bilstm_finetuned,counterfactual,template,2026,test_codeswitch_1+norm,bongo_0097,0,0.000212
bilstm_finetuned,counterfactual,template,2026,test_codeswitch_1+norm,bongo_0107,0,0.000015
bilstm_finetuned,counterfactual,template,2026,test_codeswitch_1+norm,bongo_0110,0,0.000013
bilstm_finetuned,counterfactual,template,2026,test_codeswitch_1+norm,bongo_0112,1,0.160626
bilstm_finetuned,counterfactual,template,2026,test_codeswitch_1+norm,bongo_0115,0,0.000074
bilstm_finetuned,counterfactual,template,2026,test_codeswitch_1+norm,bongo_0143,0,0.000021
bilstm_finetuned,counterfactual,template,2026,test_codeswitch_1+norm,bongo_0146,1,0.999965
bilstm_finetuned,counterfactual,template,2026,test_codeswitch_1+norm,bongo_0154,1,0.999945
bilstm_finetuned,counterfactual,template,2026,test_codeswitch_1+norm,bongo_0159,1,0.020808
bilstm_finetuned,counterfactual,template,2026,test_codeswitch_1+norm,bongo_0160,0,0.000028
bilstm_finetuned,counterfactual,template,2026,test_codeswitch_1+norm,bongo_0172,0,0.291826
bilstm_finetuned,counterfactual,template,2026,test_codeswitch_1+norm,bongo_0173,1,0.033246
bilstm_finetuned,counterfactual,template,2026,test_codeswitch_1+norm,bongo_0175,0,0.000022
bilstm_finetuned,counterfactual,template,2026,test_codeswitch_1+norm,bongo_0182,0,0.000010
bilstm_finetuned,counterfactual,template,2026,test_codeswitch_1+norm,bongo_0195,1,0.445686
bilstm_finetuned,counterfactual,template,2026,test_codeswitch_1+norm,bongo_0197,0,0.000031
bilstm_finetuned,counterfactual,template,2026,test_codeswitch_1+norm,bongo_0201,1,0.999982
bilstm_finetuned,counterfactual,template,2026,test_codeswitch_1+norm,bongo_0203,1,0.677831
bilstm_finetuned,counterfactual,template,2026,test_codeswitch_1+norm,bongo_0250,1,0.020808
bilstm_finetuned,counterfactual,template,2026,test_codeswitch_1+norm,bongo_0253,0,0.000044
bilstm_finetuned,counterfactual,template,2026,test_codeswitch_1+norm,bongo_0255,1,0.052587
bilstm_finetuned,counterfactual,template,2026,test_codeswitch_1+norm,bongo_0265,1,0.033413
bilstm_finetuned,counterfactual,template,2026,test_codeswitch_1+norm,bongo_0271,0,0.000027
bilstm_finetuned,counterfactual,template,2026,test_codeswitch_1+norm,bongo_0300,0,0.000030
bilstm_finetuned,counterfactual,template,2026,test_codeswitch_1+norm,bongo_0306,0,0.000046
bilstm_finetuned,counterfactual,template,2026,test_codeswitch_1+norm,bongo_0356,1,0.160717
bilstm_finetuned,counterfactual,template,2026,test_codeswitch_1+norm,bongo_0360,1,0.999957
bilstm_finetuned,counterfactual,template,2026,test_codeswitch_1+norm,bongo_0361,1,0.675036
bilstm_finetuned,counterfactual,template,2026,test_codeswitch_1+norm,bongo_0363,0,0.000031
bilstm_finetuned,counterfactual,template,2026,test_codeswitch_1+norm,bongo_0368,0,0.000098
bilstm_finetuned,counterfactual,template,2026,test_codeswitch_1+norm,bongo_0372,0,0.000050
bilstm_finetuned,counterfactual,template,2026,test_codeswitch_1+norm,bongo_0380,1,0.052310
bilstm_finetuned,counterfactual,template,2026,test_codeswitch_1+norm,bongo_0389,0,0.000025
bilstm_finetuned,counterfactual,template,2026,test_codeswitch_1+norm,bongo_0395,0,0.000623
bilstm_finetuned,counterfactual,template,2026,test_codeswitch_1+norm,bongo_0405,1,0.999756
bilstm_finetuned,counterfactual,template,2026,test_codeswitch_1+norm,bongo_0424,1,0.999981
bilstm_finetuned,counterfactual,template,2026,test_codeswitch_1+norm,bongo_0427,0,0.000049
bilstm_finetuned,counterfactual,template,2026,test_codeswitch_1+norm,bongo_0434,1,0.020786
bilstm_finetuned,counterfactual,template,2026,test_codeswitch_1+norm,bongo_0463,0,0.000329
bilstm_finetuned,counterfactual,template,2026,test_codeswitch_1+norm,bongo_0476,1,0.469732
bilstm_finetuned,counterfactual,template,2026,test_codeswitch_1+norm,bongo_0510,1,0.999954
bilstm_finetuned,counterfactual,template,2026,test_codeswitch_1+norm,bongo_0531,0,0.000124
bilstm_finetuned,counterfactual,template,2026,test_codeswitch_1+norm,bongo_0542,0,0.000023
bilstm_finetuned,counterfactual,template,2026,test_codeswitch_1+norm,bongo_0545,0,0.000024
bilstm_finetuned,counterfactual,template,2026,test_codeswitch_1+norm,bongo_0560,1,0.999934
bilstm_finetuned,counterfactual,template,2026,test_codeswitch_1+norm,bongo_0565,1,0.129572
bilstm_finetuned,counterfactual,template,2026,test_codeswitch_1+norm,bongo_0566,1,0.999989
bilstm_finetuned,counterfactual,template,2026,test_codeswitch_1+norm,bongo_0571,0,0.000020
bilstm_finetuned,counterfactual,template,2026,test_codeswitch_1+norm,bongo_0577,1,0.999679
bilstm_finetuned,counterfactual,template,2026,test_codeswitch_1+norm,bongo_0580,1,0.494742
bilstm_finetuned,counterfactual,template,2026,test_codeswitch_1+norm,bongo_0621,1,0.999781
bilstm_finetuned,counterfactual,template,2026,test_codeswitch_1+norm,bongo_0624,1,0.999872
bilstm_finetuned,counterfactual,template,2026,test_codeswitch_1+norm,bongo_0630,0,0.000157
bilstm_finetuned,counterfactual,template,2026,test_codeswitch_1+norm,bongo_0638,1,0.999964
bilstm_finetuned,counterfactual,template,2026,test_codeswitch_1+norm,bongo_0648,0,0.007797
bilstm_finetuned,counterfactual,template,2026,test_codeswitch_1+norm,bongo_0674,0,0.000016
bilstm_finetuned,counterfactual,template,2026,test_codeswitch_1+norm,bongo_0685,0,0.021249
bilstm_finetuned,counterfactual,template,2026,test_codeswitch_1+norm,bongo_0697,1,0.129572
bilstm_finetuned,counterfactual,template,2026,test_codeswitch_1+norm,bongo_0701,0,0.000025
bilstm_finetuned,counterfactual,template,2026,test_codeswitch_1+norm,bongo_0706,1,0.160591
bilstm_finetuned,counterfactual,template,2026,test_codeswitch_1+norm,bongo_0719,1,0.052276
bilstm_finetuned,counterfactual,template,2026,test_codeswitch_1+norm,bongo_0721,1,0.494302
bilstm_finetuned,counterfactual,template,2026,test_codeswitch_1+norm,bongo_0724,1,0.130065
bilstm_finetuned,counterfactual,template,2026,test_codeswitch_1+norm,bongo_0729,1,0.400381
bilstm_finetuned,counterfactual,template,2026,test_codeswitch_1+norm,bongo_0741,0,0.000024
bilstm_finetuned,counterfactual,template,2026,test_codeswitch_1+norm,bongo_0749,1,0.072263
bilstm_finetuned,counterfactual,template,2026,test_codeswitch_1+norm,bongo_0769,1,0.686373
bilstm_finetuned,counterfactual,template,2026,test_codeswitch_1+norm,bongo_0770,1,0.020786
bilstm_finetuned,counterfactual,template,2026,test_codeswitch_1+norm,bongo_0778,1,0.072246
bilstm_finetuned,counterfactual,template,2026,test_codeswitch_1+norm,bongo_0787,1,0.999957
bilstm_finetuned,counterfactual,template,2026,test_codeswitch_1+norm,bongo_0795,0,0.000246
bilstm_finetuned,counterfactual,template,2026,test_codeswitch_1+norm,bongo_0806,1,0.130066
bilstm_finetuned,counterfactual,template,2026,test_codeswitch_1+norm,bongo_0807,1,0.999941
bilstm_finetuned,counterfactual,template,2026,test_codeswitch_1+norm,bongo_0818,0,0.004661
bilstm_finetuned,counterfactual,template,2026,test_codeswitch_1+norm,bongo_0819,0,0.000134
bilstm_finetuned,counterfactual,template,2026,test_codeswitch_1+norm,bongo_0835,0,0.000024
bilstm_finetuned,counterfactual,template,2026,test_codeswitch_1+norm,bongo_0840,1,0.999957
bilstm_finetuned,counterfactual,template,2026,test_codeswitch_1+norm,bongo_0855,1,0.129357
bilstm_finetuned,counterfactual,template,2026,test_codeswitch_1+norm,bongo_0856,0,0.000050
bilstm_finetuned,counterfactual,template,2026,test_codeswitch_1+norm,bongo_0864,1,0.692446
bilstm_finetuned,counterfactual,template,2026,test_codeswitch_1+norm,bongo_0871,1,0.999864
bilstm_finetuned,counterfactual,template,2026,test_codeswitch_1+norm,bongo_0872,0,0.004264
bilstm_finetuned,counterfactual,template,2026,test_codeswitch_1+norm,bongo_0904,0,0.000137
bilstm_finetuned,counterfactual,template,2026,test_codeswitch_1+norm,bongo_0905,1,0.693151
bilstm_finetuned,counterfactual,template,2026,test_codeswitch_1+norm,bongo_0909,1,0.999379
bilstm_finetuned,counterfactual,template,2026,test_codeswitch_1+norm,bongo_0917,1,0.020914
bilstm_finetuned,counterfactual,template,2026,test_codeswitch_1+norm,bongo_0918,1,0.999642
bilstm_finetuned,counterfactual,template,2026,test_codeswitch_1+norm,bongo_0950,0,0.000029
bilstm_finetuned,counterfactual,template,2026,test_codeswitch_1+norm,bongo_0955,1,0.999964
bilstm_finetuned,counterfactual,template,2026,test_codeswitch_1+norm,bongo_0956,0,0.000023
bilstm_finetuned,counterfactual,template,2026,test_codeswitch_1+norm,bongo_0971,0,0.000025
bilstm_finetuned,counterfactual,template,2026,test_codeswitch_1+norm,bongo_0983,0,0.000067
bilstm_finetuned,counterfactual,template,2026,test_codeswitch_1+norm,bongo_0989,1,0.999875
bilstm_finetuned,counterfactual,template,2026,test_codeswitch_1+norm,bongo_0994,0,0.000094
bilstm_finetuned,counterfactual,template,2026,test_codeswitch_1+norm,bongo_1003,1,0.999934
bilstm_finetuned,counterfactual,template,2026,test_codeswitch_1+norm,bongo_1006,0,0.000031
bilstm_finetuned,counterfactual,template,2026,test_codeswitch_1+norm,bongo_1012,1,0.072322
bilstm_finetuned,counterfactual,template,2026,test_codeswitch_1+norm,bongo_1015,0,0.000015
bilstm_finetuned,counterfactual,template,2026,test_codeswitch_1+norm,bongo_1022,1,0.052260
bilstm_finetuned,counterfactual,template,2026,test_codeswitch_1+norm,bongo_1037,0,0.000043
bilstm_finetuned,counterfactual,template,2026,test_codeswitch_1+norm,bongo_1040,0,0.000031
bilstm_finetuned,counterfactual,template,2026,test_codeswitch_1+norm,bongo_1042,1,0.999910
bilstm_finetuned,counterfactual,template,2026,test_codeswitch_1+norm,bongo_1047,1,0.693038
bilstm_finetuned,counterfactual,template,2026,test_codeswitch_1+norm,bongo_1050,0,0.000024
bilstm_finetuned,counterfactual,template,2026,test_codeswitch_1+norm,bongo_1052,1,0.668810
bilstm_finetuned,counterfactual,template,2026,test_codeswitch_1+norm,bongo_1059,0,0.000019
bilstm_finetuned,counterfactual,template,2026,test_codeswitch_1+norm,bongo_1071,0,0.000027
bilstm_finetuned,counterfactual,template,2026,test_codeswitch_1+norm,bongo_1090,0,0.000015
bilstm_finetuned,counterfactual,template,2026,test_codeswitch_1+norm,bongo_1104,1,0.999964
bilstm_finetuned,counterfactual,template,2026,test_codeswitch_1+norm,bongo_1115,0,0.000009
bilstm_finetuned,counterfactual,template,2026,test_codeswitch_1+norm,bongo_1123,0,0.000032
bilstm_finetuned,counterfactual,template,2026,test_codeswitch_1+norm,bongo_1125,0,0.005142
bilstm_finetuned,counterfactual,template,2026,test_codeswitch_1+norm,bongo_1127,1,0.033204
bilstm_finetuned,counterfactual,template,2026,test_codeswitch_1+norm,bongo_1131,1,0.999976
bilstm_finetuned,counterfactual,template,2026,test_codeswitch_1+norm,bongo_1134,1,0.161469
bilstm_finetuned,counterfactual,template,2026,test_codeswitch_1+norm,bongo_1135,0,0.051320
bilstm_finetuned,counterfactual,template,2026,test_codeswitch_1+norm,bongo_1136,1,0.999920
bilstm_finetuned,counterfactual,template,2026,test_codeswitch_1+norm,bongo_1138,1,0.692633
bilstm_finetuned,counterfactual,template,2026,test_codeswitch_1+norm,bongo_1140,1,0.999365
bilstm_finetuned,counterfactual,template,2026,test_codeswitch_1+norm,bongo_1154,1,0.999947
bilstm_finetuned,counterfactual,template,2026,test_codeswitch_1+norm,bongo_1155,0,0.000025
bilstm_finetuned,counterfactual,template,2026,test_codeswitch_1+norm,bongo_1171,1,0.999963
bilstm_finetuned,counterfactual,template,2026,test_codeswitch_1+norm,bongo_1181,1,0.494336
bilstm_finetuned,counterfactual,template,2026,test_codeswitch_1+norm,bongo_1185,1,0.052292
bilstm_finetuned,counterfactual,template,2026,test_codeswitch_1+norm,bongo_1194,0,0.000729
bilstm_finetuned,counterfactual,template,2026,test_codeswitch_1+norm,bongo_1195,1,0.129439
bilstm_finetuned,counterfactual,template,2026,test_codeswitch_1+norm,bongo_1198,0,0.000103
bilstm_finetuned,counterfactual,template,2026,test_codeswitch_1+norm,bongo_1204,1,0.020800
bilstm_finetuned,counterfactual,template,2026,test_codeswitch_1+norm,bongo_1220,1,0.693596
bilstm_finetuned,counterfactual,template,2026,test_codeswitch_1+norm,bongo_1233,1,0.999989
bilstm_finetuned,counterfactual,template,2026,test_codeswitch_1+norm,bongo_1236,0,0.000054
bilstm_finetuned,counterfactual,template,2026,test_codeswitch_1+norm,bongo_1240,1,0.052587
bilstm_finetuned,counterfactual,template,2026,test_codeswitch_1+norm,bongo_1244,0,0.000023
bilstm_finetuned,counterfactual,template,2026,test_codeswitch_1+norm,bongo_1249,0,0.000009
bilstm_finetuned,counterfactual,template,2026,test_codeswitch_1+norm,bongo_1253,0,0.081567
bilstm_finetuned,counterfactual,template,2026,test_codeswitch_1+norm,bongo_1260,0,0.000027
bilstm_finetuned,counterfactual,template,2026,test_codeswitch_1+norm,bongo_1262,0,0.000032
bilstm_finetuned,counterfactual,template,2026,test_codeswitch_1+norm,bongo_1278,1,0.072697
bilstm_finetuned,counterfactual,template,2026,test_codeswitch_1+norm,bongo_1285,0,0.000023
bilstm_finetuned,counterfactual,template,2026,test_codeswitch_1+norm,bongo_1293,1,0.999937
bilstm_finetuned,counterfactual,template,2026,test_codeswitch_1+norm,bongo_1316,0,0.000075
bilstm_finetuned,counterfactual,template,2026,test_codeswitch_1+norm,bongo_1327,1,0.020782
bilstm_finetuned,counterfactual,template,2026,test_codeswitch_1+norm,bongo_1330,0,0.061334
bilstm_finetuned,counterfactual,template,2026,test_codeswitch_1+norm,bongo_1359,0,0.004311
bilstm_finetuned,counterfactual,template,2026,test_codeswitch_1+norm,bongo_1375,0,0.000035
bilstm_finetuned,counterfactual,template,2026,test_codeswitch_3+norm,bongo_0025,1,0.999925
bilstm_finetuned,counterfactual,template,2026,test_codeswitch_3+norm,bongo_0029,0,0.056582
bilstm_finetuned,counterfactual,template,2026,test_codeswitch_3+norm,bongo_0039,1,0.699477
bilstm_finetuned,counterfactual,template,2026,test_codeswitch_3+norm,bongo_0047,1,0.999985
bilstm_finetuned,counterfactual,template,2026,test_codeswitch_3+norm,bongo_0053,0,0.000036
bilstm_finetuned,counterfactual,template,2026,test_codeswitch_3+norm,bongo_0055,1,0.016031
bilstm_finetuned,counterfactual,template,2026,test_codeswitch_3+norm,bongo_0061,1,0.999753
bilstm_finetuned,counterfactual,template,2026,test_codeswitch_3+norm,bongo_0097,0,0.000212
bilstm_finetuned,counterfactual,template,2026,test_codeswitch_3+norm,bongo_0107,0,0.000015
bilstm_finetuned,counterfactual,template,2026,test_codeswitch_3+norm,bongo_0110,0,0.000013
bilstm_finetuned,counterfactual,template,2026,test_codeswitch_3+norm,bongo_0112,1,0.160225
bilstm_finetuned,counterfactual,template,2026,test_codeswitch_3+norm,bongo_0115,0,0.000074
bilstm_finetuned,counterfactual,template,2026,test_codeswitch_3+norm,bongo_0143,0,0.000021
bilstm_finetuned,counterfactual,template,2026,test_codeswitch_3+norm,bongo_0146,1,0.540905
bilstm_finetuned,counterfactual,template,2026,test_codeswitch_3+norm,bongo_0154,1,0.999943
bilstm_finetuned,counterfactual,template,2026,test_codeswitch_3+norm,bongo_0159,1,0.016044
bilstm_finetuned,counterfactual,template,2026,test_codeswitch_3+norm,bongo_0160,0,0.000028
bilstm_finetuned,counterfactual,template,2026,test_codeswitch_3+norm,bongo_0172,0,0.291826
bilstm_finetuned,counterfactual,template,2026,test_codeswitch_3+norm,bongo_0173,1,0.013053
bilstm_finetuned,counterfactual,template,2026,test_codeswitch_3+norm,bongo_0175,0,0.000022
bilstm_finetuned,counterfactual,template,2026,test_codeswitch_3+norm,bongo_0182,0,0.000010
bilstm_finetuned,counterfactual,template,2026,test_codeswitch_3+norm,bongo_0195,1,0.445686
bilstm_finetuned,counterfactual,template,2026,test_codeswitch_3+norm,bongo_0197,0,0.000031
bilstm_finetuned,counterfactual,template,2026,test_codeswitch_3+norm,bongo_0201,1,0.999982
bilstm_finetuned,counterfactual,template,2026,test_codeswitch_3+norm,bongo_0203,1,0.568292
bilstm_finetuned,counterfactual,template,2026,test_codeswitch_3+norm,bongo_0250,1,0.016044
bilstm_finetuned,counterfactual,template,2026,test_codeswitch_3+norm,bongo_0253,0,0.000044
bilstm_finetuned,counterfactual,template,2026,test_codeswitch_3+norm,bongo_0255,1,0.044949
bilstm_finetuned,counterfactual,template,2026,test_codeswitch_3+norm,bongo_0265,1,0.013136
bilstm_finetuned,counterfactual,template,2026,test_codeswitch_3+norm,bongo_0271,0,0.000027
bilstm_finetuned,counterfactual,template,2026,test_codeswitch_3+norm,bongo_0300,0,0.000030
bilstm_finetuned,counterfactual,template,2026,test_codeswitch_3+norm,bongo_0306,0,0.000046
bilstm_finetuned,counterfactual,template,2026,test_codeswitch_3+norm,bongo_0356,1,0.160304
bilstm_finetuned,counterfactual,template,2026,test_codeswitch_3+norm,bongo_0360,1,0.999536
bilstm_finetuned,counterfactual,template,2026,test_codeswitch_3+norm,bongo_0361,1,0.564291
bilstm_finetuned,counterfactual,template,2026,test_codeswitch_3+norm,bongo_0363,0,0.000031
bilstm_finetuned,counterfactual,template,2026,test_codeswitch_3+norm,bongo_0368,0,0.000098
bilstm_finetuned,counterfactual,template,2026,test_codeswitch_3+norm,bongo_0372,0,0.000050
bilstm_finetuned,counterfactual,template,2026,test_codeswitch_3+norm,bongo_0380,1,0.044703
bilstm_finetuned,counterfactual,template,2026,test_codeswitch_3+norm,bongo_0389,0,0.000025
bilstm_finetuned,counterfactual,template,2026,test_codeswitch_3+norm,bongo_0395,0,0.000623
bilstm_finetuned,counterfactual,template,2026,test_codeswitch_3+norm,bongo_0405,1,0.999940
bilstm_finetuned,counterfactual,template,2026,test_codeswitch_3+norm,bongo_0424,1,0.999981
bilstm_finetuned,counterfactual,template,2026,test_codeswitch_3+norm,bongo_0427,0,0.000049
bilstm_finetuned,counterfactual,template,2026,test_codeswitch_3+norm,bongo_0434,1,0.016031
bilstm_finetuned,counterfactual,template,2026,test_codeswitch_3+norm,bongo_0463,0,0.000329
bilstm_finetuned,counterfactual,template,2026,test_codeswitch_3+norm,bongo_0476,1,0.469732
bilstm_finetuned,counterfactual,template,2026,test_codeswitch_3+norm,bongo_0510,1,0.999983
bilstm_finetuned,counterfactual,template,2026,test_codeswitch_3+norm,bongo_0531,0,0.000124
bilstm_finetuned,counterfactual,template,2026,test_codeswitch_3+norm,bongo_0542,0,0.000023
bilstm_finetuned,counterfactual,template,2026,test_codeswitch_3+norm,bongo_0545,0,0.000024
bilstm_finetuned,counterfactual,template,2026,test_codeswitch_3+norm,bongo_0560,1,0.999934
bilstm_finetuned,counterfactual,template,2026,test_codeswitch_3+norm,bongo_0565,1,0.129581
bilstm_finetuned,counterfactual,template,2026,test_codeswitch_3+norm,bongo_0566,1,0.798450
bilstm_finetuned,counterfactual,template,2026,test_codeswitch_3+norm,bongo_0571,0,0.000020
bilstm_finetuned,counterfactual,template,2026,test_codeswitch_3+norm,bongo_0577,1,0.999918
bilstm_finetuned,counterfactual,template,2026,test_codeswitch_3+norm,bongo_0580,1,0.494742
bilstm_finetuned,counterfactual,template,2026,test_codeswitch_3+norm,bongo_0621,1,0.999794
bilstm_finetuned,counterfactual,template,2026,test_codeswitch_3+norm,bongo_0624,1,0.730774
bilstm_finetuned,counterfactual,template,2026,test_codeswitch_3+norm,bongo_0630,0,0.000157
bilstm_finetuned,counterfactual,template,2026,test_codeswitch_3+norm,bongo_0638,1,0.545812
bilstm_finetuned,counterfactual,template,2026,test_codeswitch_3+norm,bongo_0648,0,0.007797
bilstm_finetuned,counterfactual,template,2026,test_codeswitch_3+norm,bongo_0674,0,0.000016
bilstm_finetuned,counterfactual,template,2026,test_codeswitch_3+norm,bongo_0685,0,0.021249
bilstm_finetuned,counterfactual,template,2026,test_codeswitch_3+norm,bongo_0697,1,0.129581
bilstm_finetuned,counterfactual,template,2026,test_codeswitch_3+norm,bongo_0701,0,0.000025
bilstm_finetuned,counterfactual,template,2026,test_codeswitch_3+norm,bongo_0706,1,0.160183
bilstm_finetuned,counterfactual,template,2026,test_codeswitch_3+norm,bongo_0719,1,0.044722
bilstm_finetuned,counterfactual,template,2026,test_codeswitch_3+norm,bongo_0721,1,0.367596
bilstm_finetuned,counterfactual,template,2026,test_codeswitch_3+norm,bongo_0724,1,0.130056
bilstm_finetuned,counterfactual,template,2026,test_codeswitch_3+norm,bongo_0729,1,0.400381
bilstm_finetuned,counterfactual,template,2026,test_codeswitch_3+norm,bongo_0741,0,0.000024
bilstm_finetuned,counterfactual,template,2026,test_codeswitch_3+norm,bongo_0749,1,0.065022
bilstm_finetuned,counterfactual,template,2026,test_codeswitch_3+norm,bongo_0769,1,0.711558
bilstm_finetuned,counterfactual,template,2026,test_codeswitch_3+norm,bongo_0770,1,0.016031
bilstm_finetuned,counterfactual,template,2026,test_codeswitch_3+norm,bongo_0778,1,0.064983
bilstm_finetuned,counterfactual,template,2026,test_codeswitch_3+norm,bongo_0787,1,0.999536
bilstm_finetuned,counterfactual,template,2026,test_codeswitch_3+norm,bongo_0795,0,0.000246
bilstm_finetuned,counterfactual,template,2026,test_codeswitch_3+norm,bongo_0806,1,0.130056
bilstm_finetuned,counterfactual,template,2026,test_codeswitch_3+norm,bongo_0807,1,0.999979
bilstm_finetuned,counterfactual,template,2026,test_codeswitch_3+norm,bongo_0818,0,0.004661
bilstm_finetuned,counterfactual,template,2026,test_codeswitch_3+norm,bongo_0819,0,0.000134
bilstm_finetuned,counterfactual,template,2026,test_codeswitch_3+norm,bongo_0835,0,0.000024
bilstm_finetuned,counterfactual,template,2026,test_codeswitch_3+norm,bongo_0840,1,0.999537
bilstm_finetuned,counterfactual,template,2026,test_codeswitch_3+norm,bongo_0855,1,0.129377
bilstm_finetuned,counterfactual,template,2026,test_codeswitch_3+norm,bongo_0856,0,0.000050
bilstm_finetuned,counterfactual,template,2026,test_codeswitch_3+norm,bongo_0864,1,0.698996
bilstm_finetuned,counterfactual,template,2026,test_codeswitch_3+norm,bongo_0871,1,0.716964
bilstm_finetuned,counterfactual,template,2026,test_codeswitch_3+norm,bongo_0872,0,0.004264
bilstm_finetuned,counterfactual,template,2026,test_codeswitch_3+norm,bongo_0904,0,0.000137
bilstm_finetuned,counterfactual,template,2026,test_codeswitch_3+norm,bongo_0905,1,0.699484
bilstm_finetuned,counterfactual,template,2026,test_codeswitch_3+norm,bongo_0909,1,0.999883
bilstm_finetuned,counterfactual,template,2026,test_codeswitch_3+norm,bongo_0917,1,0.016116
bilstm_finetuned,counterfactual,template,2026,test_codeswitch_3+norm,bongo_0918,1,0.999909
bilstm_finetuned,counterfactual,template,2026,test_codeswitch_3+norm,bongo_0950,0,0.000029
bilstm_finetuned,counterfactual,template,2026,test_codeswitch_3+norm,bongo_0955,1,0.999957
bilstm_finetuned,counterfactual,template,2026,test_codeswitch_3+norm,bongo_0956,0,0.000023
bilstm_finetuned,counterfactual,template,2026,test_codeswitch_3+norm,bongo_0971,0,0.000025
bilstm_finetuned,counterfactual,template,2026,test_codeswitch_3+norm,bongo_0983,0,0.000067
bilstm_finetuned,counterfactual,template,2026,test_codeswitch_3+norm,bongo_0989,1,0.735267
bilstm_finetuned,counterfactual,template,2026,test_codeswitch_3+norm,bongo_0994,0,0.000094
bilstm_finetuned,counterfactual,template,2026,test_codeswitch_3+norm,bongo_1003,1,0.999934
bilstm_finetuned,counterfactual,template,2026,test_codeswitch_3+norm,bongo_1006,0,0.000031
bilstm_finetuned,counterfactual,template,2026,test_codeswitch_3+norm,bongo_1012,1,0.065048
bilstm_finetuned,counterfactual,template,2026,test_codeswitch_3+norm,bongo_1015,0,0.000015
bilstm_finetuned,counterfactual,template,2026,test_codeswitch_3+norm,bongo_1022,1,0.044671
bilstm_finetuned,counterfactual,template,2026,test_codeswitch_3+norm,bongo_1037,0,0.000043
bilstm_finetuned,counterfactual,template,2026,test_codeswitch_3+norm,bongo_1040,0,0.000031
bilstm_finetuned,counterfactual,template,2026,test_codeswitch_3+norm,bongo_1042,1,0.659732
bilstm_finetuned,counterfactual,template,2026,test_codeswitch_3+norm,bongo_1047,1,0.699602
bilstm_finetuned,counterfactual,template,2026,test_codeswitch_3+norm,bongo_1050,0,0.000024
bilstm_finetuned,counterfactual,template,2026,test_codeswitch_3+norm,bongo_1052,1,0.675873
bilstm_finetuned,counterfactual,template,2026,test_codeswitch_3+norm,bongo_1059,0,0.000019
bilstm_finetuned,counterfactual,template,2026,test_codeswitch_3+norm,bongo_1071,0,0.000027
bilstm_finetuned,counterfactual,template,2026,test_codeswitch_3+norm,bongo_1090,0,0.000015
bilstm_finetuned,counterfactual,template,2026,test_codeswitch_3+norm,bongo_1104,1,0.999961
bilstm_finetuned,counterfactual,template,2026,test_codeswitch_3+norm,bongo_1115,0,0.000009
bilstm_finetuned,counterfactual,template,2026,test_codeswitch_3+norm,bongo_1123,0,0.000032
bilstm_finetuned,counterfactual,template,2026,test_codeswitch_3+norm,bongo_1125,0,0.005142
bilstm_finetuned,counterfactual,template,2026,test_codeswitch_3+norm,bongo_1127,1,0.013051
bilstm_finetuned,counterfactual,template,2026,test_codeswitch_3+norm,bongo_1131,1,0.665470
bilstm_finetuned,counterfactual,template,2026,test_codeswitch_3+norm,bongo_1134,1,0.161062
bilstm_finetuned,counterfactual,template,2026,test_codeswitch_3+norm,bongo_1135,0,0.051320
bilstm_finetuned,counterfactual,template,2026,test_codeswitch_3+norm,bongo_1136,1,0.999920
bilstm_finetuned,counterfactual,template,2026,test_codeswitch_3+norm,bongo_1138,1,0.698972
bilstm_finetuned,counterfactual,template,2026,test_codeswitch_3+norm,bongo_1140,1,0.999866
bilstm_finetuned,counterfactual,template,2026,test_codeswitch_3+norm,bongo_1154,1,0.999760
bilstm_finetuned,counterfactual,template,2026,test_codeswitch_3+norm,bongo_1155,0,0.000025
bilstm_finetuned,counterfactual,template,2026,test_codeswitch_3+norm,bongo_1171,1,0.999961
bilstm_finetuned,counterfactual,template,2026,test_codeswitch_3+norm,bongo_1181,1,0.494336
bilstm_finetuned,counterfactual,template,2026,test_codeswitch_3+norm,bongo_1185,1,0.044671
bilstm_finetuned,counterfactual,template,2026,test_codeswitch_3+norm,bongo_1194,0,0.000729
bilstm_finetuned,counterfactual,template,2026,test_codeswitch_3+norm,bongo_1195,1,0.129452
bilstm_finetuned,counterfactual,template,2026,test_codeswitch_3+norm,bongo_1198,0,0.000103
bilstm_finetuned,counterfactual,template,2026,test_codeswitch_3+norm,bongo_1204,1,0.016033
bilstm_finetuned,counterfactual,template,2026,test_codeswitch_3+norm,bongo_1220,1,0.700438
bilstm_finetuned,counterfactual,template,2026,test_codeswitch_3+norm,bongo_1233,1,0.807281
bilstm_finetuned,counterfactual,template,2026,test_codeswitch_3+norm,bongo_1236,0,0.000054
bilstm_finetuned,counterfactual,template,2026,test_codeswitch_3+norm,bongo_1240,1,0.044949
bilstm_finetuned,counterfactual,template,2026,test_codeswitch_3+norm,bongo_1244,0,0.000023
bilstm_finetuned,counterfactual,template,2026,test_codeswitch_3+norm,bongo_1249,0,0.000009
bilstm_finetuned,counterfactual,template,2026,test_codeswitch_3+norm,bongo_1253,0,0.081567
bilstm_finetuned,counterfactual,template,2026,test_codeswitch_3+norm,bongo_1260,0,0.000027
bilstm_finetuned,counterfactual,template,2026,test_codeswitch_3+norm,bongo_1262,0,0.000032
bilstm_finetuned,counterfactual,template,2026,test_codeswitch_3+norm,bongo_1278,1,0.065399
bilstm_finetuned,counterfactual,template,2026,test_codeswitch_3+norm,bongo_1285,0,0.000023
bilstm_finetuned,counterfactual,template,2026,test_codeswitch_3+norm,bongo_1293,1,0.999918
bilstm_finetuned,counterfactual,template,2026,test_codeswitch_3+norm,bongo_1316,0,0.000075
bilstm_finetuned,counterfactual,template,2026,test_codeswitch_3+norm,bongo_1327,1,0.016027
bilstm_finetuned,counterfactual,template,2026,test_codeswitch_3+norm,bongo_1330,0,0.061334
bilstm_finetuned,counterfactual,template,2026,test_codeswitch_3+norm,bongo_1359,0,0.004311
bilstm_finetuned,counterfactual,template,2026,test_codeswitch_3+norm,bongo_1375,0,0.000035
bilstm_finetuned,counterfactual,template,2026,test_codeswitch_all+norm,bongo_0025,1,0.999925
bilstm_finetuned,counterfactual,template,2026,test_codeswitch_all+norm,bongo_0029,0,0.056582
bilstm_finetuned,counterfactual,template,2026,test_codeswitch_all+norm,bongo_0039,1,0.699477
bilstm_finetuned,counterfactual,template,2026,test_codeswitch_all+norm,bongo_0047,1,0.999985
bilstm_finetuned,counterfactual,template,2026,test_codeswitch_all+norm,bongo_0053,0,0.000036
bilstm_finetuned,counterfactual,template,2026,test_codeswitch_all+norm,bongo_0055,1,0.016031
bilstm_finetuned,counterfactual,template,2026,test_codeswitch_all+norm,bongo_0061,1,0.999753
bilstm_finetuned,counterfactual,template,2026,test_codeswitch_all+norm,bongo_0097,0,0.000212
bilstm_finetuned,counterfactual,template,2026,test_codeswitch_all+norm,bongo_0107,0,0.000015
bilstm_finetuned,counterfactual,template,2026,test_codeswitch_all+norm,bongo_0110,0,0.000013
bilstm_finetuned,counterfactual,template,2026,test_codeswitch_all+norm,bongo_0112,1,0.160225
bilstm_finetuned,counterfactual,template,2026,test_codeswitch_all+norm,bongo_0115,0,0.000074
bilstm_finetuned,counterfactual,template,2026,test_codeswitch_all+norm,bongo_0143,0,0.000021
bilstm_finetuned,counterfactual,template,2026,test_codeswitch_all+norm,bongo_0146,1,0.427437
bilstm_finetuned,counterfactual,template,2026,test_codeswitch_all+norm,bongo_0154,1,0.999943
bilstm_finetuned,counterfactual,template,2026,test_codeswitch_all+norm,bongo_0159,1,0.016044
bilstm_finetuned,counterfactual,template,2026,test_codeswitch_all+norm,bongo_0160,0,0.000028
bilstm_finetuned,counterfactual,template,2026,test_codeswitch_all+norm,bongo_0172,0,0.291826
bilstm_finetuned,counterfactual,template,2026,test_codeswitch_all+norm,bongo_0173,1,0.013053
bilstm_finetuned,counterfactual,template,2026,test_codeswitch_all+norm,bongo_0175,0,0.000022
bilstm_finetuned,counterfactual,template,2026,test_codeswitch_all+norm,bongo_0182,0,0.000010
bilstm_finetuned,counterfactual,template,2026,test_codeswitch_all+norm,bongo_0195,1,0.445686
bilstm_finetuned,counterfactual,template,2026,test_codeswitch_all+norm,bongo_0197,0,0.000031
bilstm_finetuned,counterfactual,template,2026,test_codeswitch_all+norm,bongo_0201,1,0.999982
bilstm_finetuned,counterfactual,template,2026,test_codeswitch_all+norm,bongo_0203,1,0.319754
bilstm_finetuned,counterfactual,template,2026,test_codeswitch_all+norm,bongo_0250,1,0.016044
bilstm_finetuned,counterfactual,template,2026,test_codeswitch_all+norm,bongo_0253,0,0.000044
bilstm_finetuned,counterfactual,template,2026,test_codeswitch_all+norm,bongo_0255,1,0.044949
bilstm_finetuned,counterfactual,template,2026,test_codeswitch_all+norm,bongo_0265,1,0.013136
bilstm_finetuned,counterfactual,template,2026,test_codeswitch_all+norm,bongo_0271,0,0.000027
bilstm_finetuned,counterfactual,template,2026,test_codeswitch_all+norm,bongo_0300,0,0.000030
bilstm_finetuned,counterfactual,template,2026,test_codeswitch_all+norm,bongo_0306,0,0.000046
bilstm_finetuned,counterfactual,template,2026,test_codeswitch_all+norm,bongo_0356,1,0.160304
bilstm_finetuned,counterfactual,template,2026,test_codeswitch_all+norm,bongo_0360,1,0.989536
bilstm_finetuned,counterfactual,template,2026,test_codeswitch_all+norm,bongo_0361,1,0.316478
bilstm_finetuned,counterfactual,template,2026,test_codeswitch_all+norm,bongo_0363,0,0.000031
bilstm_finetuned,counterfactual,template,2026,test_codeswitch_all+norm,bongo_0368,0,0.000098
bilstm_finetuned,counterfactual,template,2026,test_codeswitch_all+norm,bongo_0372,0,0.000050
bilstm_finetuned,counterfactual,template,2026,test_codeswitch_all+norm,bongo_0380,1,0.044703
bilstm_finetuned,counterfactual,template,2026,test_codeswitch_all+norm,bongo_0389,0,0.000025
bilstm_finetuned,counterfactual,template,2026,test_codeswitch_all+norm,bongo_0395,0,0.000623
bilstm_finetuned,counterfactual,template,2026,test_codeswitch_all+norm,bongo_0405,1,0.999940
bilstm_finetuned,counterfactual,template,2026,test_codeswitch_all+norm,bongo_0424,1,0.999981
bilstm_finetuned,counterfactual,template,2026,test_codeswitch_all+norm,bongo_0427,0,0.000049
bilstm_finetuned,counterfactual,template,2026,test_codeswitch_all+norm,bongo_0434,1,0.016031
bilstm_finetuned,counterfactual,template,2026,test_codeswitch_all+norm,bongo_0463,0,0.000329
bilstm_finetuned,counterfactual,template,2026,test_codeswitch_all+norm,bongo_0476,1,0.469732
bilstm_finetuned,counterfactual,template,2026,test_codeswitch_all+norm,bongo_0510,1,0.999983
bilstm_finetuned,counterfactual,template,2026,test_codeswitch_all+norm,bongo_0531,0,0.000124
bilstm_finetuned,counterfactual,template,2026,test_codeswitch_all+norm,bongo_0542,0,0.000023
bilstm_finetuned,counterfactual,template,2026,test_codeswitch_all+norm,bongo_0545,0,0.000024
bilstm_finetuned,counterfactual,template,2026,test_codeswitch_all+norm,bongo_0560,1,0.999934
bilstm_finetuned,counterfactual,template,2026,test_codeswitch_all+norm,bongo_0565,1,0.129581
bilstm_finetuned,counterfactual,template,2026,test_codeswitch_all+norm,bongo_0566,1,0.715164
bilstm_finetuned,counterfactual,template,2026,test_codeswitch_all+norm,bongo_0571,0,0.000020
bilstm_finetuned,counterfactual,template,2026,test_codeswitch_all+norm,bongo_0577,1,0.999918
bilstm_finetuned,counterfactual,template,2026,test_codeswitch_all+norm,bongo_0580,1,0.494742
bilstm_finetuned,counterfactual,template,2026,test_codeswitch_all+norm,bongo_0621,1,0.999794
bilstm_finetuned,counterfactual,template,2026,test_codeswitch_all+norm,bongo_0624,1,0.730774
bilstm_finetuned,counterfactual,template,2026,test_codeswitch_all+norm,bongo_0630,0,0.000157
bilstm_finetuned,counterfactual,template,2026,test_codeswitch_all+norm,bongo_0638,1,0.429109
bilstm_finetuned,counterfactual,template,2026,test_codeswitch_all+norm,bongo_0648,0,0.007797
bilstm_finetuned,counterfactual,template,2026,test_codeswitch_all+norm,bongo_0674,0,0.000016
bilstm_finetuned,counterfactual,template,2026,test_codeswitch_all+norm,bongo_0685,0,0.021249
bilstm_finetuned,counterfactual,template,2026,test_codeswitch_all+norm,bongo_0697,1,0.129581
bilstm_finetuned,counterfactual,template,2026,test_codeswitch_all+norm,bongo_0701,0,0.000025
bilstm_finetuned,counterfactual,template,2026,test_codeswitch_all+norm,bongo_0706,1,0.160183
bilstm_finetuned,counterfactual,template,2026,test_codeswitch_all+norm,bongo_0719,1,0.044722
bilstm_finetuned,counterfactual,template,2026,test_codeswitch_all+norm,bongo_0721,1,0.367596
bilstm_finetuned,counterfactual,template,2026,test_codeswitch_all+norm,bongo_0724,1,0.130056
bilstm_finetuned,counterfactual,template,2026,test_codeswitch_all+norm,bongo_0729,1,0.400381
bilstm_finetuned,counterfactual,template,2026,test_codeswitch_all+norm,bongo_0741,0,0.000024
bilstm_finetuned,counterfactual,template,2026,test_codeswitch_all+norm,bongo_0749,1,0.065022
bilstm_finetuned,counterfactual,template,2026,test_codeswitch_all+norm,bongo_0769,1,0.711558
bilstm_finetuned,counterfactual,template,2026,test_codeswitch_all+norm,bongo_0770,1,0.016031
bilstm_finetuned,counterfactual,template,2026,test_codeswitch_all+norm,bongo_0778,1,0.064983
bilstm_finetuned,counterfactual,template,2026,test_codeswitch_all+norm,bongo_0787,1,0.989597
bilstm_finetuned,counterfactual,template,2026,test_codeswitch_all+norm,bongo_0795,0,0.000246
bilstm_finetuned,counterfactual,template,2026,test_codeswitch_all+norm,bongo_0806,1,0.130056
bilstm_finetuned,counterfactual,template,2026,test_codeswitch_all+norm,bongo_0807,1,0.999979
bilstm_finetuned,counterfactual,template,2026,test_codeswitch_all+norm,bongo_0818,0,0.004661
bilstm_finetuned,counterfactual,template,2026,test_codeswitch_all+norm,bongo_0819,0,0.000134
bilstm_finetuned,counterfactual,template,2026,test_codeswitch_all+norm,bongo_0835,0,0.000024
bilstm_finetuned,counterfactual,template,2026,test_codeswitch_all+norm,bongo_0840,1,0.989594
bilstm_finetuned,counterfactual,template,2026,test_codeswitch_all+norm,bongo_0855,1,0.129377
bilstm_finetuned,counterfactual,template,2026,test_codeswitch_all+norm,bongo_0856,0,0.000050
bilstm_finetuned,counterfactual,template,2026,test_codeswitch_all+norm,bongo_0864,1,0.698996
bilstm_finetuned,counterfactual,template,2026,test_codeswitch_all+norm,bongo_0871,1,0.716964
bilstm_finetuned,counterfactual,template,2026,test_codeswitch_all+norm,bongo_0872,0,0.004264
bilstm_finetuned,counterfactual,template,2026,test_codeswitch_all+norm,bongo_0904,0,0.000137
bilstm_finetuned,counterfactual,template,2026,test_codeswitch_all+norm,bongo_0905,1,0.699484
bilstm_finetuned,counterfactual,template,2026,test_codeswitch_all+norm,bongo_0909,1,0.999883
bilstm_finetuned,counterfactual,template,2026,test_codeswitch_all+norm,bongo_0917,1,0.016116
bilstm_finetuned,counterfactual,template,2026,test_codeswitch_all+norm,bongo_0918,1,0.999909
bilstm_finetuned,counterfactual,template,2026,test_codeswitch_all+norm,bongo_0950,0,0.000029
bilstm_finetuned,counterfactual,template,2026,test_codeswitch_all+norm,bongo_0955,1,0.999957
bilstm_finetuned,counterfactual,template,2026,test_codeswitch_all+norm,bongo_0956,0,0.000023
bilstm_finetuned,counterfactual,template,2026,test_codeswitch_all+norm,bongo_0971,0,0.000025
bilstm_finetuned,counterfactual,template,2026,test_codeswitch_all+norm,bongo_0983,0,0.000067
bilstm_finetuned,counterfactual,template,2026,test_codeswitch_all+norm,bongo_0989,1,0.735267
bilstm_finetuned,counterfactual,template,2026,test_codeswitch_all+norm,bongo_0994,0,0.000094
bilstm_finetuned,counterfactual,template,2026,test_codeswitch_all+norm,bongo_1003,1,0.999934
bilstm_finetuned,counterfactual,template,2026,test_codeswitch_all+norm,bongo_1006,0,0.000031
bilstm_finetuned,counterfactual,template,2026,test_codeswitch_all+norm,bongo_1012,1,0.065048
bilstm_finetuned,counterfactual,template,2026,test_codeswitch_all+norm,bongo_1015,0,0.000015
bilstm_finetuned,counterfactual,template,2026,test_codeswitch_all+norm,bongo_1022,1,0.044671
bilstm_finetuned,counterfactual,template,2026,test_codeswitch_all+norm,bongo_1037,0,0.000043
bilstm_finetuned,counterfactual,template,2026,test_codeswitch_all+norm,bongo_1040,0,0.000031
bilstm_finetuned,counterfactual,template,2026,test_codeswitch_all+norm,bongo_1042,1,0.563291
bilstm_finetuned,counterfactual,template,2026,test_codeswitch_all+norm,bongo_1047,1,0.699602
bilstm_finetuned,counterfactual,template,2026,test_codeswitch_all+norm,bongo_1050,0,0.000024
bilstm_finetuned,counterfactual,template,2026,test_codeswitch_all+norm,bongo_1052,1,0.675873
bilstm_finetuned,counterfactual,template,2026,test_codeswitch_all+norm,bongo_1059,0,0.000019
bilstm_finetuned,counterfactual,template,2026,test_codeswitch_all+norm,bongo_1071,0,0.000027
bilstm_finetuned,counterfactual,template,2026,test_codeswitch_all+norm,bongo_1090,0,0.000015
bilstm_finetuned,counterfactual,template,2026,test_codeswitch_all+norm,bongo_1104,1,0.999961
bilstm_finetuned,counterfactual,template,2026,test_codeswitch_all+norm,bongo_1115,0,0.000009
bilstm_finetuned,counterfactual,template,2026,test_codeswitch_all+norm,bongo_1123,0,0.000032
bilstm_finetuned,counterfactual,template,2026,test_codeswitch_all+norm,bongo_1125,0,0.005142
bilstm_finetuned,counterfactual,template,2026,test_codeswitch_all+norm,bongo_1127,1,0.013051
bilstm_finetuned,counterfactual,template,2026,test_codeswitch_all+norm,bongo_1131,1,0.569145
bilstm_finetuned,counterfactual,template,2026,test_codeswitch_all+norm,bongo_1134,1,0.161062
bilstm_finetuned,counterfactual,template,2026,test_codeswitch_all+norm,bongo_1135,0,0.051320
bilstm_finetuned,counterfactual,template,2026,test_codeswitch_all+norm,bongo_1136,1,0.999920
bilstm_finetuned,counterfactual,template,2026,test_codeswitch_all+norm,bongo_1138,1,0.698972
bilstm_finetuned,counterfactual,template,2026,test_codeswitch_all+norm,bongo_1140,1,0.999866
bilstm_finetuned,counterfactual,template,2026,test_codeswitch_all+norm,bongo_1154,1,0.394028
bilstm_finetuned,counterfactual,template,2026,test_codeswitch_all+norm,bongo_1155,0,0.000025
bilstm_finetuned,counterfactual,template,2026,test_codeswitch_all+norm,bongo_1171,1,0.999961
bilstm_finetuned,counterfactual,template,2026,test_codeswitch_all+norm,bongo_1181,1,0.494336
bilstm_finetuned,counterfactual,template,2026,test_codeswitch_all+norm,bongo_1185,1,0.044671
bilstm_finetuned,counterfactual,template,2026,test_codeswitch_all+norm,bongo_1194,0,0.000729
bilstm_finetuned,counterfactual,template,2026,test_codeswitch_all+norm,bongo_1195,1,0.129452
bilstm_finetuned,counterfactual,template,2026,test_codeswitch_all+norm,bongo_1198,0,0.000103
bilstm_finetuned,counterfactual,template,2026,test_codeswitch_all+norm,bongo_1204,1,0.016033
bilstm_finetuned,counterfactual,template,2026,test_codeswitch_all+norm,bongo_1220,1,0.700438
bilstm_finetuned,counterfactual,template,2026,test_codeswitch_all+norm,bongo_1233,1,0.719284
bilstm_finetuned,counterfactual,template,2026,test_codeswitch_all+norm,bongo_1236,0,0.000054
bilstm_finetuned,counterfactual,template,2026,test_codeswitch_all+norm,bongo_1240,1,0.044949
bilstm_finetuned,counterfactual,template,2026,test_codeswitch_all+norm,bongo_1244,0,0.000023
bilstm_finetuned,counterfactual,template,2026,test_codeswitch_all+norm,bongo_1249,0,0.000009
bilstm_finetuned,counterfactual,template,2026,test_codeswitch_all+norm,bongo_1253,0,0.081567
bilstm_finetuned,counterfactual,template,2026,test_codeswitch_all+norm,bongo_1260,0,0.000027
bilstm_finetuned,counterfactual,template,2026,test_codeswitch_all+norm,bongo_1262,0,0.000032
bilstm_finetuned,counterfactual,template,2026,test_codeswitch_all+norm,bongo_1278,1,0.065399
bilstm_finetuned,counterfactual,template,2026,test_codeswitch_all+norm,bongo_1285,0,0.000023
bilstm_finetuned,counterfactual,template,2026,test_codeswitch_all+norm,bongo_1293,1,0.380461
bilstm_finetuned,counterfactual,template,2026,test_codeswitch_all+norm,bongo_1316,0,0.000075
bilstm_finetuned,counterfactual,template,2026,test_codeswitch_all+norm,bongo_1327,1,0.016027
bilstm_finetuned,counterfactual,template,2026,test_codeswitch_all+norm,bongo_1330,0,0.061334
bilstm_finetuned,counterfactual,template,2026,test_codeswitch_all+norm,bongo_1359,0,0.004311
bilstm_finetuned,counterfactual,template,2026,test_codeswitch_all+norm,bongo_1375,0,0.000035
bilstm_finetuned,counterfactual,template,2026,chichewa+norm,chi_0000,1,0.983672
bilstm_finetuned,counterfactual,template,2026,chichewa+norm,chi_0001,1,0.421315
bilstm_finetuned,counterfactual,template,2026,chichewa+norm,chi_0002,0,0.000038
bilstm_finetuned,counterfactual,template,2026,chichewa+norm,chi_0003,0,0.396664
bilstm_finetuned,counterfactual,template,2026,chichewa+norm,chi_0004,1,0.392552
bilstm_finetuned,counterfactual,template,2026,chichewa+norm,chi_0005,1,0.998410
bilstm_finetuned,counterfactual,template,2026,chichewa+norm,chi_0006,0,0.612954
bilstm_finetuned,counterfactual,template,2026,chichewa+norm,chi_0007,0,0.210336
bilstm_finetuned,counterfactual,template,2026,chichewa+norm,chi_0008,1,0.000089
bilstm_finetuned,counterfactual,template,2026,chichewa+norm,chi_0009,1,0.841478
bilstm_finetuned,counterfactual,template,2026,chichewa+norm,chi_0010,0,0.000091
bilstm_finetuned,counterfactual,template,2026,chichewa+norm,chi_0011,0,0.000056
bilstm_finetuned,counterfactual,template,2026,chichewa+norm,chi_0012,0,0.392185
bilstm_finetuned,counterfactual,template,2026,chichewa+norm,chi_0013,1,0.670763
bilstm_finetuned,counterfactual,template,2026,chichewa+norm,chi_0014,1,0.997128
bilstm_finetuned,counterfactual,template,2026,chichewa+norm,chi_0015,0,0.022245
bilstm_finetuned,counterfactual,template,2026,chichewa+norm,chi_0016,0,0.020521
bilstm_finetuned,counterfactual,template,2026,chichewa+norm,chi_0017,0,0.353323
bilstm_finetuned,counterfactual,template,2026,chichewa+norm,chi_0018,1,0.411999
bilstm_finetuned,counterfactual,template,2026,chichewa+norm,chi_0019,1,0.999190
bilstm_finetuned,counterfactual,template,2026,chichewa+norm,chi_0020,0,0.021855
bilstm_finetuned,counterfactual,template,2026,chichewa+norm,chi_0021,1,0.994930
bilstm_finetuned,counterfactual,template,2026,chichewa+norm,chi_0022,0,0.000047
bilstm_finetuned,counterfactual,template,2026,chichewa+norm,chi_0023,1,0.999505
bilstm_finetuned,counterfactual,template,2026,chichewa+norm,chi_0024,1,0.199676
bilstm_finetuned,counterfactual,template,2026,chichewa+norm,chi_0025,0,0.000114
bilstm_finetuned,counterfactual,template,2026,chichewa+norm,chi_0026,0,0.757217
bilstm_finetuned,counterfactual,template,2026,chichewa+norm,chi_0027,1,0.397324
bilstm_finetuned,counterfactual,template,2026,chichewa+norm,chi_0028,1,0.999800
bilstm_finetuned,counterfactual,template,2026,chichewa+norm,chi_0029,0,0.288849
bilstm_finetuned,counterfactual,template,2026,chichewa+norm,chi_0030,0,0.000042
bilstm_finetuned,counterfactual,template,2026,chichewa+norm,chi_0031,1,0.000138
bilstm_finetuned,counterfactual,template,2026,chichewa+norm,chi_0032,1,0.764451
bilstm_finetuned,counterfactual,template,2026,chichewa+norm,chi_0033,1,0.485422
bilstm_finetuned,counterfactual,template,2026,chichewa+norm,chi_0034,1,0.763573
bilstm_finetuned,counterfactual,template,2026,chichewa+norm,chi_0035,0,0.044409
bilstm_finetuned,counterfactual,template,2026,chichewa+norm,chi_0036,0,0.203526
bilstm_finetuned,counterfactual,template,2026,chichewa+norm,chi_0037,0,0.000051
bilstm_finetuned,counterfactual,template,2026,chichewa+norm,chi_0038,0,0.784580
bilstm_finetuned,counterfactual,template,2026,chichewa+norm,chi_0039,0,0.000093
bilstm_finetuned,counterfactual,template,2026,chichewa+norm,chi_0040,1,0.731327
bilstm_finetuned,counterfactual,template,2026,chichewa+norm,chi_0041,1,0.998463
bilstm_finetuned,counterfactual,template,2026,chichewa+norm,chi_0042,0,0.252528
bilstm_finetuned,counterfactual,template,2026,chichewa+norm,chi_0043,0,0.113224
bilstm_finetuned,counterfactual,template,2026,chichewa+norm,chi_0044,0,0.000037
bilstm_finetuned,counterfactual,template,2026,chichewa+norm,chi_0045,1,0.999835
bilstm_finetuned,counterfactual,template,2026,chichewa+norm,chi_0046,1,0.703529
bilstm_finetuned,counterfactual,template,2026,chichewa+norm,chi_0047,1,0.597673
bilstm_finetuned,counterfactual,template,2026,chichewa+norm,chi_0048,0,0.997848
bilstm_finetuned,counterfactual,template,2026,chichewa+norm,chi_0049,0,0.806423
bilstm_finetuned,counterfactual,template,2026,chichewa+norm,chi_0050,0,0.424939
bilstm_finetuned,counterfactual,template,2026,chichewa+norm,chi_0051,1,0.075192
bilstm_finetuned,counterfactual,template,2026,chichewa+norm,chi_0052,0,0.017601
bilstm_finetuned,counterfactual,template,2026,chichewa+norm,chi_0053,0,0.177512
bilstm_finetuned,counterfactual,template,2026,chichewa+norm,chi_0054,1,0.263408
bilstm_finetuned,counterfactual,template,2026,chichewa+norm,chi_0055,1,0.970205
bilstm_finetuned,counterfactual,template,2026,chichewa+norm,chi_0056,0,0.000045
bilstm_finetuned,counterfactual,template,2026,chichewa+norm,chi_0057,1,0.283275
bilstm_finetuned,counterfactual,template,2026,chichewa+norm,chi_0058,1,0.195250
bilstm_finetuned,counterfactual,template,2026,chichewa+norm,chi_0059,0,0.101019
bilstm_finetuned,counterfactual,template,2026,chichewa+norm,chi_0060,0,0.146415
bilstm_finetuned,counterfactual,template,2026,chichewa+norm,chi_0061,1,0.184437
bilstm_finetuned,counterfactual,template,2026,chichewa+norm,chi_0062,0,0.063897
bilstm_finetuned,counterfactual,template,2026,chichewa+norm,chi_0063,1,0.995925
bilstm_finetuned,counterfactual,template,2026,chichewa+norm,chi_0064,1,0.550884
bilstm_finetuned,counterfactual,template,2026,chichewa+norm,chi_0065,1,0.000122
bilstm_finetuned,counterfactual,template,2026,chichewa+norm,chi_0066,0,0.176954
bilstm_finetuned,counterfactual,template,2026,chichewa+norm,chi_0067,0,0.055292
bilstm_finetuned,counterfactual,template,2026,chichewa+norm,chi_0068,0,0.019782
bilstm_finetuned,counterfactual,template,2026,chichewa+norm,chi_0069,1,0.999821
bilstm_finetuned,counterfactual,template,2026,chichewa+norm,chi_0070,1,0.999861
bilstm_finetuned,counterfactual,template,2026,chichewa+norm,chi_0071,0,0.071835
bilstm_finetuned,counterfactual,template,2026,chichewa+norm,chi_0072,0,0.246494
bilstm_finetuned,counterfactual,template,2026,chichewa+norm,chi_0073,1,0.387590
bilstm_finetuned,counterfactual,template,2026,chichewa+norm,chi_0074,1,0.994530
bilstm_finetuned,counterfactual,template,2026,chichewa+norm,chi_0075,0,0.025668
bilstm_finetuned,counterfactual,template,2026,chichewa+norm,chi_0076,0,0.020541
bilstm_finetuned,counterfactual,template,2026,chichewa+norm,chi_0077,0,0.020630
bilstm_finetuned,counterfactual,template,2026,chichewa+norm,chi_0078,1,0.030616
bilstm_finetuned,counterfactual,template,2026,chichewa+norm,chi_0079,1,0.000068
bilstm_finetuned,counterfactual,template,2026,chichewa+norm,chi_0080,1,0.633508
bilstm_finetuned,counterfactual,template,2026,chichewa+norm,chi_0081,1,0.998079
bilstm_finetuned,counterfactual,template,2026,chichewa+norm,chi_0082,0,0.193124
bilstm_finetuned,counterfactual,template,2026,chichewa+norm,chi_0083,0,0.353039
bilstm_finetuned,counterfactual,template,2026,chichewa+norm,chi_0084,0,0.018820
bilstm_finetuned,counterfactual,template,2026,chichewa+norm,chi_0085,1,0.402814
bilstm_finetuned,counterfactual,template,2026,chichewa+norm,chi_0086,1,0.999460
bilstm_finetuned,counterfactual,template,2026,chichewa+norm,chi_0087,0,0.000061
bilstm_finetuned,counterfactual,template,2026,chichewa+norm,chi_0088,0,0.539887
bilstm_finetuned,counterfactual,template,2026,chichewa+norm,chi_0089,0,0.556478
bilstm_finetuned,counterfactual,template,2026,chichewa+norm,chi_0090,1,0.618921
bilstm_finetuned,counterfactual,template,2026,chichewa+norm,chi_0091,0,0.037214
bilstm_finetuned,counterfactual,template,2026,chichewa+norm,chi_0092,0,0.548924
bilstm_finetuned,counterfactual,template,2026,chichewa+norm,chi_0093,0,0.543640
bilstm_finetuned,counterfactual,template,2026,chichewa+norm,chi_0094,1,0.999036
bilstm_finetuned,counterfactual,template,2026,chichewa+norm,chi_0095,1,0.542910
bilstm_finetuned,counterfactual,template,2026,chichewa+norm,chi_0096,0,0.063349
bilstm_finetuned,counterfactual,template,2026,chichewa+norm,chi_0097,0,0.166046
bilstm_finetuned,counterfactual,template,2026,chichewa+norm,chi_0098,1,0.999406
bilstm_finetuned,counterfactual,template,2026,chichewa+norm,chi_0099,1,0.433291
bilstm_finetuned,counterfactual,template,2026,chichewa+norm,chi_0100,0,0.019567
bilstm_finetuned,counterfactual,template,2026,chichewa+norm,chi_0101,1,0.999810
bilstm_finetuned,counterfactual,template,2026,chichewa+norm,chi_0102,0,0.983954
bilstm_finetuned,counterfactual,template,2026,chichewa+norm,chi_0103,0,0.533393
bilstm_finetuned,counterfactual,template,2026,chichewa+norm,chi_0104,0,0.000103
bilstm_finetuned,counterfactual,template,2026,chichewa+norm,chi_0105,1,0.132835
bilstm_finetuned,counterfactual,template,2026,chichewa+norm,chi_0106,1,0.366981
bilstm_finetuned,counterfactual,template,2026,chichewa+norm,chi_0107,1,0.783977
bilstm_finetuned,counterfactual,template,2026,chichewa+norm,chi_0108,0,0.000102
bilstm_finetuned,counterfactual,template,2026,chichewa+norm,chi_0109,0,0.055092
bilstm_finetuned,counterfactual,template,2026,chichewa+norm,chi_0110,0,0.064470
bilstm_finetuned,counterfactual,template,2026,chichewa+norm,chi_0111,1,0.985767
bilstm_finetuned,counterfactual,template,2026,chichewa+norm,chi_0112,1,0.998227
bilstm_finetuned,counterfactual,template,2026,chichewa+norm,chi_0113,1,0.384731
bilstm_finetuned,counterfactual,template,2026,chichewa+norm,chi_0114,0,0.126901
bilstm_finetuned,counterfactual,template,2026,chichewa+norm,chi_0115,0,0.190007
bilstm_finetuned,counterfactual,template,2026,chichewa+norm,chi_0116,0,0.091254
bilstm_finetuned,counterfactual,template,2026,chichewa+norm,chi_0117,1,0.999425
bilstm_finetuned,counterfactual,template,2026,chichewa+norm,chi_0118,1,0.998364
bilstm_finetuned,counterfactual,template,2026,chichewa+norm,chi_0119,1,0.585818
bilstm_finetuned,counterfactual,template,2026,chichewa+norm,chi_0120,0,0.004655
bilstm_finetuned,counterfactual,template,2026,chichewa+norm,chi_0121,0,0.206887
bilstm_finetuned,counterfactual,template,2026,chichewa+norm,chi_0122,0,0.332543
bilstm_finetuned,counterfactual,template,2026,chichewa+norm,chi_0123,1,0.464523
bilstm_finetuned,counterfactual,template,2026,chichewa+norm,chi_0124,1,0.650678
bilstm_finetuned,counterfactual,template,2026,chichewa+norm,chi_0125,1,0.571144
bilstm_finetuned,counterfactual,template,2026,chichewa+norm,chi_0126,0,0.382063
bilstm_finetuned,counterfactual,template,2026,chichewa+norm,chi_0127,0,0.058496
bilstm_finetuned,counterfactual,template,2026,chichewa+norm,chi_0128,0,0.338416
bilstm_finetuned,counterfactual,template,2026,chichewa+norm,chi_0129,1,0.999908
bilstm_finetuned,counterfactual,template,2026,chichewa+norm,chi_0130,1,0.000085
bilstm_finetuned,counterfactual,template,2026,chichewa+norm,chi_0131,0,0.998602
bilstm_finetuned,counterfactual,template,2026,chichewa+norm,chi_0132,0,0.467876
bilstm_finetuned,counterfactual,template,2026,chichewa+norm,chi_0133,0,0.000204
bilstm_finetuned,counterfactual,template,2026,chichewa+norm,chi_0134,1,0.999028
bilstm_finetuned,counterfactual,template,2026,chichewa+norm,chi_0135,0,0.317374
bilstm_finetuned,counterfactual,template,2026,chichewa+norm,chi_0136,1,0.708608
bilstm_finetuned,counterfactual,template,2026,chichewa+norm,chi_0137,0,0.169752
bilstm_finetuned,counterfactual,template,2026,chichewa+norm,chi_0138,0,0.000481
bilstm_finetuned,counterfactual,template,2026,chichewa+norm,chi_0139,0,0.027249
bilstm_finetuned,counterfactual,template,2026,chichewa+norm,chi_0140,1,0.010149
bilstm_finetuned,counterfactual,template,2026,chichewa+norm,chi_0141,0,0.208941
bilstm_finetuned,counterfactual,template,2026,chichewa+norm,chi_0142,0,0.109552
bilstm_finetuned,counterfactual,template,2026,chichewa+norm,chi_0143,0,0.034405
bilstm_finetuned,counterfactual,template,2026,chichewa+norm,chi_0144,1,0.049547
bilstm_finetuned,counterfactual,template,2026,chichewa+norm,chi_0145,0,0.045008
bilstm_finetuned,counterfactual,template,2026,chichewa+norm,chi_0146,0,0.200505
bilstm_finetuned,counterfactual,template,2026,chichewa+norm,chi_0147,1,0.999797
bilstm_finetuned,counterfactual,template,2026,chichewa+norm,chi_0148,1,0.999611
bilstm_finetuned,counterfactual,template,2026,chichewa+norm,chi_0149,0,0.234178
bilstm_finetuned,counterfactual,template,2026,chichewa+norm,chi_0150,0,0.000215
bilstm_finetuned,counterfactual,template,2026,chichewa+norm,chi_0151,1,0.015685
bilstm_finetuned,counterfactual,template,2026,chichewa+norm,chi_0152,0,0.097106
bilstm_finetuned,counterfactual,template,2026,chichewa+norm,chi_0153,0,0.208741
bilstm_finetuned,counterfactual,template,2026,chichewa+norm,chi_0154,0,0.019576
bilstm_finetuned,counterfactual,template,2026,chichewa+norm,chi_0155,1,0.390429
bilstm_finetuned,counterfactual,template,2026,chichewa+norm,chi_0156,1,0.560061
bilstm_finetuned,counterfactual,template,2026,chichewa+norm,chi_0157,1,0.999893
bilstm_finetuned,counterfactual,template,2026,chichewa+norm,chi_0158,0,0.395830
bilstm_finetuned,counterfactual,template,2026,chichewa+norm,chi_0159,0,0.123107
bilstm_finetuned,counterfactual,template,2026,chichewa+norm,chi_0160,0,0.001255
bilstm_finetuned,counterfactual,template,2026,chichewa+norm,chi_0161,1,0.537896
bilstm_finetuned,counterfactual,template,2026,chichewa+norm,chi_0162,1,0.479350
bilstm_finetuned,counterfactual,template,2026,chichewa+norm,chi_0163,1,0.649204
bilstm_finetuned,counterfactual,template,2026,chichewa+norm,chi_0164,1,0.651482
bilstm_finetuned,counterfactual,template,2026,chichewa+norm,chi_0165,0,0.141447
bilstm_finetuned,counterfactual,template,2026,chichewa+norm,chi_0166,0,0.205491
bilstm_finetuned,counterfactual,template,2026,chichewa+norm,chi_0167,1,0.576246
bilstm_finetuned,counterfactual,template,2026,chichewa+norm,chi_0168,1,0.019934
bilstm_finetuned,counterfactual,template,2026,chichewa+norm,chi_0169,0,0.018037
bilstm_finetuned,counterfactual,template,2026,chichewa+norm,chi_0170,0,0.340361
bilstm_finetuned,counterfactual,template,2026,chichewa+norm,chi_0171,1,0.016785
bilstm_finetuned,counterfactual,template,2026,chichewa+norm,chi_0172,1,0.000919
bilstm_finetuned,counterfactual,template,2026,chichewa+norm,chi_0173,0,0.203526
bilstm_finetuned,counterfactual,template,2026,chichewa+norm,chi_0174,0,0.244386
bilstm_finetuned,counterfactual,template,2026,chichewa+norm,chi_0175,0,0.067767
bilstm_finetuned,counterfactual,template,2026,chichewa+norm,chi_0176,1,0.033925
bilstm_finetuned,counterfactual,template,2026,chichewa+norm,chi_0177,1,0.004117
bilstm_finetuned,counterfactual,template,2026,chichewa+norm,chi_0178,0,0.059892
bilstm_finetuned,counterfactual,template,2026,chichewa+norm,chi_0179,1,0.001930
bilstm_finetuned,counterfactual,template,2026,chichewa+norm,chi_0180,1,0.992710
bilstm_finetuned,counterfactual,template,2026,chichewa+norm,chi_0181,1,0.317459
bilstm_finetuned,counterfactual,template,2026,chichewa+norm,chi_0182,0,0.017160
bilstm_finetuned,counterfactual,template,2026,chichewa+norm,chi_0183,0,0.220481
bilstm_finetuned,counterfactual,template,2026,chichewa+norm,chi_0184,0,0.000027
bilstm_finetuned,counterfactual,template,2026,chichewa+norm,chi_0185,1,0.295487
bilstm_finetuned,counterfactual,template,2026,chichewa+norm,chi_0186,1,0.000093
bilstm_finetuned,counterfactual,template,2026,chichewa+norm,chi_0187,1,0.266629
bilstm_finetuned,counterfactual,template,2026,chichewa+norm,chi_0188,0,0.005826
bilstm_finetuned,counterfactual,template,2026,chichewa+norm,chi_0189,0,0.038325
bilstm_finetuned,counterfactual,template,2026,chichewa+norm,chi_0190,1,0.517301
bilstm_finetuned,counterfactual,template,2026,chichewa+norm,chi_0191,1,0.658936
bilstm_finetuned,counterfactual,template,2026,chichewa+norm,chi_0192,0,0.027862
bilstm_finetuned,counterfactual,template,2026,chichewa+norm,chi_0193,0,0.867627
bilstm_finetuned,counterfactual,template,2026,chichewa+norm,chi_0194,0,0.001294
bilstm_finetuned,counterfactual,template,2026,chichewa+norm,chi_0195,0,0.000165
bilstm_finetuned,counterfactual,template,2026,chichewa+norm,chi_0196,1,0.999971
bilstm_finetuned,counterfactual,template,2026,chichewa+norm,chi_0197,1,0.021773
bilstm_finetuned,counterfactual,template,2026,chichewa+norm,chi_0198,1,0.000056
bilstm_finetuned,counterfactual,template,2026,chichewa+norm,chi_0199,1,0.298974
bilstm_finetuned,counterfactual,template,2026,chichewa+norm,chi_0200,1,0.130386
bilstm_finetuned,counterfactual,template,2026,chichewa+norm,chi_0201,0,0.098373
bilstm_finetuned,counterfactual,template,2026,chichewa+norm,chi_0202,1,0.094576
bilstm_finetuned,counterfactual,template,2026,chichewa+norm,chi_0203,1,0.000079
bilstm_finetuned,counterfactual,template,2026,chichewa+norm,chi_0204,1,0.999571
bilstm_finetuned,counterfactual,template,2026,chichewa+norm,chi_0205,0,0.995015
bilstm_finetuned,counterfactual,template,2026,chichewa+norm,chi_0206,0,0.813717
bilstm_finetuned,counterfactual,template,2026,chichewa+norm,chi_0207,1,0.206818
bilstm_finetuned,counterfactual,template,2026,chichewa+norm,chi_0208,1,0.088644
bilstm_finetuned,counterfactual,template,2026,chichewa+norm,chi_0209,1,0.000085
bilstm_finetuned,counterfactual,template,2026,chichewa+norm,chi_0210,0,0.000112
bilstm_finetuned,counterfactual,template,2026,chichewa+norm,chi_0211,0,0.003349
bilstm_finetuned,counterfactual,template,2026,chichewa+norm,chi_0212,1,0.413778
bilstm_finetuned,counterfactual,template,2026,chichewa+norm,chi_0213,1,0.046064
bilstm_finetuned,counterfactual,template,2026,chichewa+norm,chi_0214,1,0.999936
bilstm_finetuned,counterfactual,template,2026,chichewa+norm,chi_0215,0,0.830002
bilstm_finetuned,counterfactual,template,2026,chichewa+norm,chi_0216,0,0.000129
bilstm_finetuned,counterfactual,template,2026,chichewa+norm,chi_0217,1,0.403713
bilstm_finetuned,counterfactual,template,2026,chichewa+norm,chi_0218,1,0.999213
bilstm_finetuned,counterfactual,template,2026,chichewa+norm,chi_0219,1,0.671810
bilstm_finetuned,counterfactual,template,2026,chichewa+norm,chi_0220,0,0.000040
bilstm_finetuned,counterfactual,template,2026,chichewa+norm,chi_0221,0,0.075430
bilstm_finetuned,counterfactual,template,2026,chichewa+norm,chi_0222,0,0.205756
bilstm_finetuned,counterfactual,template,2026,chichewa+norm,chi_0223,1,0.999757
bilstm_finetuned,counterfactual,template,2026,chichewa+norm,chi_0224,1,0.999583
bilstm_finetuned,counterfactual,template,2026,chichewa+norm,chi_0225,0,0.394628
bilstm_finetuned,counterfactual,template,2026,chichewa+norm,chi_0226,0,0.000057
bilstm_finetuned,counterfactual,template,2026,chichewa+norm,chi_0227,0,0.000024
bilstm_finetuned,counterfactual,template,2026,chichewa+norm,chi_0228,0,0.381318
bilstm_finetuned,counterfactual,template,2026,chichewa+norm,chi_0229,1,0.410581
bilstm_finetuned,counterfactual,template,2026,chichewa+norm,chi_0230,1,0.999693
bilstm_finetuned,counterfactual,template,2026,chichewa+norm,chi_0231,1,0.999164
bilstm_finetuned,counterfactual,template,2026,chichewa+norm,chi_0232,0,0.997921
bilstm_finetuned,counterfactual,template,2026,chichewa+norm,chi_0233,1,0.119210
bilstm_finetuned,counterfactual,template,2026,chichewa+norm,chi_0234,0,0.499932
bilstm_finetuned,counterfactual,template,2026,chichewa+norm,chi_0235,0,0.000118
bilstm_finetuned,counterfactual,template,2026,chichewa+norm,chi_0236,1,0.997823
bilstm_finetuned,counterfactual,template,2026,chichewa+norm,chi_0237,1,0.058060
bilstm_finetuned,counterfactual,template,2026,chichewa+norm,chi_0238,0,0.031530
bilstm_finetuned,counterfactual,template,2026,chichewa+norm,chi_0239,0,0.000431
bilstm_finetuned,counterfactual,template,2026,chichewa+norm,chi_0240,0,0.003583
bilstm_finetuned,counterfactual,template,2026,chichewa+norm,chi_0241,0,0.000836
bilstm_finetuned,counterfactual,template,2026,chichewa+norm,chi_0242,1,0.999788
bilstm_finetuned,counterfactual,template,2026,chichewa+norm,chi_0243,1,0.995006
bilstm_finetuned,counterfactual,template,2026,chichewa+norm,chi_0244,0,0.177653
bilstm_finetuned,counterfactual,template,2026,chichewa+norm,chi_0245,1,0.998911
bilstm_finetuned,counterfactual,template,2026,chichewa+norm,chi_0246,1,0.309259
bilstm_finetuned,counterfactual,template,2026,chichewa+norm,chi_0247,1,0.999769
bilstm_finetuned,counterfactual,template,2026,chichewa+norm,chi_0248,0,0.000078
bilstm_finetuned,counterfactual,template,2026,chichewa+norm,chi_0249,0,0.000593
bilstm_finetuned,counterfactual,template,2026,chichewa+norm,chi_0250,0,0.102244
bilstm_finetuned,counterfactual,template,2026,chichewa+norm,chi_0251,0,0.993260
bilstm_finetuned,counterfactual,template,2026,chichewa+norm,chi_0252,0,0.001532
bilstm_finetuned,counterfactual,template,2026,chichewa+norm,chi_0253,0,0.005076
bilstm_finetuned,counterfactual,template,2026,chichewa+norm,chi_0254,1,0.000333
bilstm_finetuned,counterfactual,template,2026,chichewa+norm,chi_0255,1,0.792068
bilstm_finetuned,counterfactual,template,2026,chichewa+norm,chi_0256,0,0.000391
bilstm_finetuned,counterfactual,template,2026,chichewa+norm,chi_0257,0,0.003038
bilstm_finetuned,counterfactual,template,2026,chichewa+norm,chi_0258,1,0.000080
bilstm_finetuned,counterfactual,template,2026,chichewa+norm,chi_0259,0,0.167039
bilstm_finetuned,counterfactual,template,2026,chichewa+norm,chi_0260,1,0.014303
bilstm_finetuned,counterfactual,template,2026,chichewa+norm,chi_0261,1,0.060748
bilstm_finetuned,counterfactual,template,2026,chichewa+norm,chi_0262,1,0.121827
bilstm_finetuned,counterfactual,template,2026,chichewa+norm,chi_0263,0,0.097392
bilstm_finetuned,counterfactual,template,2026,chichewa+norm,chi_0264,0,0.000053
bilstm_finetuned,counterfactual,template,2026,chichewa+norm,chi_0265,0,0.024126
bilstm_finetuned,counterfactual,template,2026,chichewa+norm,chi_0266,1,0.072169
bilstm_finetuned,counterfactual,template,2026,chichewa+norm,chi_0267,1,0.000224
bilstm_finetuned,counterfactual,template,2026,chichewa+norm,chi_0268,1,0.999486
bilstm_finetuned,counterfactual,template,2026,chichewa+norm,chi_0269,0,0.000032
bilstm_finetuned,counterfactual,template,2026,chichewa+norm,chi_0270,0,0.045871
bilstm_finetuned,counterfactual,template,2026,chichewa+norm,chi_0271,0,0.846475
bilstm_finetuned,counterfactual,template,2026,chichewa+norm,chi_0272,1,0.000165
bilstm_finetuned,counterfactual,template,2026,chichewa+norm,chi_0273,1,0.029813
bilstm_finetuned,counterfactual,template,2026,chichewa+norm,chi_0274,1,0.488508
bilstm_finetuned,counterfactual,template,2026,chichewa+norm,chi_0275,1,0.999987
bilstm_finetuned,counterfactual,template,2026,chichewa+norm,chi_0276,0,0.003894
bilstm_finetuned,counterfactual,template,2026,chichewa+norm,chi_0277,1,0.996240
bilstm_finetuned,counterfactual,template,2026,chichewa+norm,chi_0278,1,0.000120
bilstm_finetuned,counterfactual,template,2026,chichewa+norm,chi_0279,0,0.000065
bilstm_finetuned,counterfactual,template,2026,chichewa+norm,chi_0280,0,0.108035
bilstm_finetuned,counterfactual,template,2026,chichewa+norm,chi_0281,1,0.440553
bilstm_finetuned,counterfactual,template,2026,chichewa+norm,chi_0282,0,0.996613
bilstm_finetuned,counterfactual,template,2026,chichewa+norm,chi_0283,0,0.002133
bilstm_finetuned,counterfactual,template,2026,chichewa+norm,chi_0284,1,0.209827
bilstm_finetuned,counterfactual,template,2026,chichewa+norm,chi_0285,1,0.241000
bilstm_finetuned,counterfactual,template,2026,chichewa+norm,chi_0286,1,0.000064
bilstm_finetuned,counterfactual,template,2026,chichewa+norm,chi_0287,0,0.000087
bilstm_finetuned,counterfactual,template,2026,chichewa+norm,chi_0288,0,0.018164
bilstm_finetuned,counterfactual,template,2026,chichewa+norm,chi_0289,0,0.000035
bilstm_finetuned,counterfactual,template,2026,chichewa+norm,chi_0290,1,0.639670
bilstm_finetuned,counterfactual,template,2026,chichewa+norm,chi_0291,1,0.968055
bilstm_finetuned,counterfactual,template,2026,chichewa+norm,chi_0292,0,0.000065
bilstm_finetuned,counterfactual,template,2026,chichewa+norm,chi_0293,0,0.591658
bilstm_finetuned,counterfactual,template,2026,chichewa+norm,chi_0294,0,0.999819
bilstm_finetuned,counterfactual,template,2026,chichewa+norm,chi_0295,1,0.106393
bilstm_finetuned,counterfactual,template,2026,chichewa+norm,chi_0296,1,0.227887
bilstm_finetuned,counterfactual,template,2026,chichewa+norm,chi_0297,0,0.000044
bilstm_finetuned,counterfactual,template,2026,chichewa+norm,chi_0298,0,0.069352
bilstm_finetuned,counterfactual,template,2026,chichewa+norm,chi_0299,0,0.065181
bilstm_finetuned,counterfactual,template,2026,chichewa+norm,chi_0300,1,0.998978
bilstm_finetuned,counterfactual,template,2026,chichewa+norm,chi_0301,1,0.000056
bilstm_finetuned,counterfactual,template,2026,chichewa+norm,chi_0302,1,0.988756
bilstm_finetuned,counterfactual,template,2026,chichewa+norm,chi_0303,0,0.467484
bilstm_finetuned,counterfactual,template,2026,chichewa+norm,chi_0304,0,0.464839
bilstm_finetuned,counterfactual,template,2026,chichewa+norm,chi_0305,0,0.472813
bilstm_finetuned,counterfactual,template,2026,chichewa+norm,chi_0306,0,0.307959
bilstm_finetuned,counterfactual,template,2026,chichewa+norm,chi_0307,1,0.078099
bilstm_finetuned,counterfactual,template,2026,chichewa+norm,chi_0308,1,0.354154
bilstm_finetuned,counterfactual,template,2026,chichewa+norm,chi_0309,1,0.404293
bilstm_finetuned,counterfactual,template,2026,chichewa+norm,chi_0310,1,0.000082
bilstm_finetuned,counterfactual,template,2026,chichewa+norm,chi_0311,0,0.000064
bilstm_finetuned,counterfactual,template,2026,chichewa+norm,chi_0312,0,0.406661
bilstm_finetuned,counterfactual,template,2026,chichewa+norm,chi_0313,0,0.457594
bilstm_finetuned,counterfactual,template,2026,chichewa+norm,chi_0314,1,0.204281
bilstm_finetuned,counterfactual,template,2026,chichewa+norm,chi_0315,1,0.171946
bilstm_finetuned,counterfactual,template,2026,chichewa+norm,chi_0316,0,0.455706
bilstm_finetuned,counterfactual,template,2026,chichewa+norm,chi_0317,0,0.285766
bilstm_finetuned,counterfactual,template,2026,chichewa+norm,chi_0318,1,0.610749
bilstm_finetuned,counterfactual,template,2026,chichewa+norm,chi_0319,1,0.095131
bilstm_finetuned,counterfactual,template,2026,chichewa+norm,chi_0320,0,0.000975
bilstm_finetuned,counterfactual,template,2026,chichewa+norm,chi_0321,1,0.452563
bilstm_finetuned,counterfactual,template,2026,chichewa+norm,chi_0322,0,0.263075
bilstm_finetuned,counterfactual,template,2026,chichewa+norm,chi_0323,0,0.000064
bilstm_finetuned,counterfactual,template,2026,chichewa+norm,chi_0324,0,0.012898
bilstm_finetuned,counterfactual,template,2026,chichewa+norm,chi_0325,0,0.999985
bilstm_finetuned,counterfactual,template,2026,chichewa+norm,chi_0326,1,0.044968
bilstm_finetuned,counterfactual,template,2026,chichewa+norm,chi_0327,1,0.000056
bilstm_finetuned,counterfactual,template,2026,chichewa+norm,chi_0328,0,0.287034
bilstm_finetuned,counterfactual,template,2026,chichewa+norm,chi_0329,0,0.978983
bilstm_finetuned,counterfactual,template,2026,chichewa+norm,chi_0330,0,0.000048
bilstm_finetuned,counterfactual,template,2026,chichewa+norm,chi_0331,1,0.022703
bilstm_finetuned,counterfactual,template,2026,chichewa+norm,chi_0332,0,0.131778
bilstm_finetuned,counterfactual,template,2026,chichewa+norm,chi_0333,0,0.295343
bilstm_finetuned,counterfactual,template,2026,chichewa+norm,chi_0334,0,0.291920
bilstm_finetuned,counterfactual,template,2026,chichewa+norm,chi_0335,0,0.000602
bilstm_finetuned,counterfactual,template,2026,chichewa+norm,chi_0336,1,0.997945
bilstm_finetuned,counterfactual,template,2026,chichewa+norm,chi_0337,1,0.000064
bilstm_finetuned,counterfactual,template,2026,chichewa+norm,chi_0338,1,0.994131
bilstm_finetuned,counterfactual,template,2026,chichewa+norm,chi_0339,0,0.555877
bilstm_finetuned,counterfactual,template,2026,chichewa+norm,chi_0340,0,0.002822
bilstm_finetuned,counterfactual,template,2026,chichewa+norm,chi_0341,0,0.007795
bilstm_finetuned,counterfactual,template,2026,chichewa+norm,chi_0342,1,0.110019
bilstm_finetuned,counterfactual,template,2026,chichewa+norm,chi_0343,1,0.036196
bilstm_finetuned,counterfactual,template,2026,chichewa+norm,chi_0344,1,0.056916
bilstm_finetuned,counterfactual,template,2026,chichewa+norm,chi_0345,0,0.032252
bilstm_finetuned,counterfactual,template,2026,chichewa+norm,chi_0346,0,0.000273
bilstm_finetuned,counterfactual,template,2026,chichewa+norm,chi_0347,1,0.056256
bilstm_finetuned,counterfactual,template,2026,chichewa+norm,chi_0348,0,0.212001
bilstm_finetuned,counterfactual,template,2026,chichewa+norm,chi_0349,0,0.000116
bilstm_finetuned,counterfactual,template,2026,chichewa+norm,chi_0350,1,0.065801
bilstm_finetuned,counterfactual,template,2026,chichewa+norm,chi_0351,1,0.053766
bilstm_finetuned,counterfactual,template,2026,chichewa+norm,chi_0352,1,0.193753
bilstm_finetuned,counterfactual,template,2026,chichewa+norm,chi_0353,1,0.000049
bilstm_finetuned,counterfactual,template,2026,chichewa+norm,chi_0354,1,0.067548
bilstm_finetuned,counterfactual,template,2026,chichewa+norm,chi_0355,0,0.022316
bilstm_finetuned,counterfactual,template,2026,chichewa+norm,chi_0356,0,0.000562
bilstm_finetuned,counterfactual,template,2026,chichewa+norm,chi_0357,0,0.001381
bilstm_finetuned,counterfactual,template,2026,chichewa+norm,chi_0358,0,0.000343
bilstm_finetuned,counterfactual,template,2026,chichewa+norm,chi_0359,1,0.604789
bilstm_finetuned,counterfactual,template,2026,chichewa+norm,chi_0360,0,0.555323
bilstm_finetuned,counterfactual,template,2026,chichewa+norm,chi_0361,1,0.173873
bilstm_finetuned,counterfactual,template,2026,chichewa+norm,chi_0362,1,0.999852
bilstm_finetuned,counterfactual,template,2026,chichewa+norm,chi_0363,1,0.000040
bilstm_finetuned,counterfactual,template,2026,chichewa+norm,chi_0364,0,0.000271
bilstm_finetuned,counterfactual,template,2026,chichewa+norm,chi_0365,0,0.002687
bilstm_finetuned,counterfactual,template,2026,chichewa+norm,chi_0366,0,0.002927
bilstm_finetuned,counterfactual,template,2026,chichewa+norm,chi_0367,1,0.000096
bilstm_finetuned,counterfactual,template,2026,chichewa+norm,chi_0368,1,0.436495
bilstm_finetuned,counterfactual,template,2026,chichewa+norm,chi_0369,0,0.008436
bilstm_finetuned,counterfactual,template,2026,chichewa+norm,chi_0370,0,0.001564
bilstm_finetuned,counterfactual,template,2026,chichewa+norm,chi_0371,0,0.015208
bilstm_finetuned,counterfactual,template,2026,chichewa+norm,chi_0372,1,0.703980
bilstm_finetuned,counterfactual,template,2026,chichewa+norm,chi_0373,1,0.505774
bilstm_finetuned,counterfactual,template,2026,chichewa+norm,chi_0374,0,0.000225
bilstm_finetuned,counterfactual,template,2026,chichewa+norm,chi_0375,0,0.000710
bilstm_finetuned,counterfactual,template,2026,chichewa+norm,chi_0376,1,0.020862
bilstm_finetuned,counterfactual,template,2026,chichewa+norm,chi_0377,1,0.000067
bilstm_finetuned,counterfactual,template,2026,chichewa+norm,chi_0378,0,0.059618
bilstm_finetuned,counterfactual,template,2026,chichewa+norm,chi_0379,0,0.000161
bilstm_finetuned,counterfactual,template,2026,chichewa+norm,chi_0380,1,0.004249
bilstm_finetuned,counterfactual,template,2026,chichewa+norm,chi_0381,1,0.000094
bilstm_finetuned,counterfactual,template,2026,chichewa+norm,chi_0382,0,0.000387
bilstm_finetuned,counterfactual,template,2026,chichewa+norm,chi_0383,0,0.002874
bilstm_finetuned,counterfactual,template,2026,chichewa+norm,chi_0384,1,0.037580
bilstm_finetuned,counterfactual,template,2026,chichewa+norm,chi_0385,1,0.035217
bilstm_finetuned,counterfactual,template,2026,chichewa+norm,chi_0386,1,0.000095
bilstm_finetuned,counterfactual,template,2026,chichewa+norm,chi_0387,1,0.043133
bilstm_finetuned,counterfactual,template,2026,chichewa+norm,chi_0388,0,0.018788
bilstm_finetuned,counterfactual,template,2026,chichewa+norm,chi_0389,1,0.005667
bilstm_finetuned,counterfactual,template,2026,chichewa+norm,chi_0390,0,0.007410
bilstm_finetuned,counterfactual,template,2026,chichewa+norm,chi_0391,0,0.000230
bilstm_finetuned,counterfactual,template,2026,chichewa+norm,chi_0392,1,0.999328
bilstm_finetuned,counterfactual,template,2026,chichewa+norm,chi_0393,0,0.000105
bilstm_finetuned,counterfactual,template,2026,chichewa+norm,chi_0394,0,0.000188
bilstm_finetuned,counterfactual,template,2026,chichewa+norm,chi_0395,1,0.088995
bilstm_finetuned,counterfactual,template,2026,chichewa+norm,chi_0396,0,0.011241
bilstm_finetuned,counterfactual,template,2026,chichewa+norm,chi_0397,0,0.016420
bilstm_finetuned,counterfactual,template,2026,chichewa+norm,chi_0398,0,0.011357
bilstm_finetuned,counterfactual,template,2026,chichewa+norm,chi_0399,0,0.445138
bilstm_finetuned,counterfactual,template,2026,chichewa+norm,chi_0400,0,0.000072
bilstm_finetuned,counterfactual,template,2026,chichewa+norm,chi_0401,0,0.000060
bilstm_finetuned,counterfactual,template,2026,chichewa+norm,chi_0402,0,0.000480
bilstm_finetuned,counterfactual,template,2026,chichewa+norm,chi_0403,0,0.000068
bilstm_finetuned,counterfactual,template,2026,chichewa+norm,chi_0404,0,0.000072
bilstm_finetuned,counterfactual,template,2026,chichewa+norm,chi_0405,0,0.000068
bilstm_finetuned,counterfactual,template,2026,chichewa+norm,chi_0406,0,0.000086
bilstm_finetuned,counterfactual,template,2026,chichewa+norm,chi_0407,0,0.000132
bilstm_finetuned,counterfactual,template,2026,chichewa+norm,chi_0408,0,0.019260
bilstm_finetuned,counterfactual,template,2026,chichewa+norm,chi_0409,0,0.191570
bilstm_finetuned,counterfactual,template,2026,chichewa+norm,chi_0410,0,0.000200
bilstm_finetuned,counterfactual,template,2026,chichewa+norm,chi_0411,1,0.113617
bilstm_finetuned,counterfactual,template,2026,chichewa+norm,chi_0412,1,0.278749
bilstm_finetuned,counterfactual,template,2026,chichewa+norm,chi_0413,1,0.999784
bilstm_finetuned,counterfactual,template,2026,chichewa+norm,chi_0414,0,0.218072
bilstm_finetuned,counterfactual,template,2026,chichewa+norm,chi_0415,0,0.001565
bilstm_finetuned,counterfactual,template,2026,chichewa+norm,chi_0416,1,0.097070
bilstm_finetuned,counterfactual,template,2026,chichewa+norm,chi_0417,1,0.008766
bilstm_finetuned,counterfactual,template,2026,chichewa+norm,chi_0418,1,0.004374
bilstm_finetuned,counterfactual,template,2026,chichewa+norm,chi_0419,0,0.041734
bilstm_finetuned,counterfactual,template,2026,chichewa+norm,chi_0420,1,0.869951
bilstm_finetuned,counterfactual,template,2026,chichewa+norm,chi_0421,0,0.075974
bilstm_finetuned,counterfactual,template,2026,chichewa+norm,chi_0422,0,0.055346
bilstm_finetuned,counterfactual,template,2026,chichewa+norm,chi_0423,1,0.998151
bilstm_finetuned,counterfactual,template,2026,chichewa+norm,chi_0424,1,0.022199
bilstm_finetuned,counterfactual,template,2026,chichewa+norm,chi_0425,0,0.170154
bilstm_finetuned,counterfactual,template,2026,chichewa+norm,chi_0426,1,0.000219
bilstm_finetuned,counterfactual,template,2026,chichewa+norm,chi_0427,1,0.003821
bilstm_finetuned,counterfactual,template,2026,chichewa+norm,chi_0428,1,0.999103
bilstm_finetuned,counterfactual,template,2026,chichewa+norm,chi_0429,0,0.156643
bilstm_finetuned,counterfactual,template,2026,chichewa+norm,chi_0430,0,0.187000
bilstm_finetuned,counterfactual,template,2026,chichewa+norm,chi_0431,0,0.224518
bilstm_finetuned,counterfactual,template,2026,chichewa+norm,chi_0432,1,0.999198
bilstm_finetuned,counterfactual,template,2026,chichewa+norm,chi_0433,1,0.998164
bilstm_finetuned,counterfactual,template,2026,chichewa+norm,chi_0434,1,0.998839
bilstm_finetuned,counterfactual,template,2026,chichewa+norm,chi_0435,1,0.112317
bilstm_finetuned,counterfactual,template,2026,chichewa+norm,chi_0436,1,0.999577
bilstm_finetuned,counterfactual,template,2026,chichewa+norm,chi_0437,1,0.999754
bilstm_finetuned,counterfactual,template,2026,chichewa+norm,chi_0438,1,0.128303
bilstm_finetuned,counterfactual,template,2026,chichewa+norm,chi_0439,1,0.051288
bilstm_finetuned,counterfactual,template,2026,chichewa+norm,chi_0440,1,0.213963
bilstm_finetuned,counterfactual,template,2026,chichewa+norm,chi_0441,1,0.104838
bilstm_finetuned,counterfactual,template,2026,chichewa+norm,chi_0442,1,0.213892
bilstm_finetuned,counterfactual,template,2026,chichewa+norm,chi_0443,1,0.114169
bilstm_finetuned,counterfactual,template,2026,chichewa+norm,chi_0444,1,0.180430
bilstm_finetuned,counterfactual,template,2026,chichewa+norm,chi_0445,1,0.154272
bilstm_finetuned,counterfactual,template,2026,chichewa+norm,chi_0446,1,0.208344
bilstm_finetuned,counterfactual,template,2026,chichewa+norm,chi_0447,1,0.998797
bilstm_finetuned,counterfactual,template,2026,chichewa+norm,chi_0448,1,0.221421
bilstm_finetuned,counterfactual,template,2026,chichewa+norm,chi_0449,1,0.315765
bilstm_finetuned,counterfactual,template,2026,chichewa+norm,chi_0450,1,0.105310
bilstm_finetuned,counterfactual,template,2026,chichewa+norm,chi_0451,0,0.840181
bilstm_finetuned,counterfactual,template,2026,chichewa+norm,chi_0452,0,0.000854
bilstm_finetuned,counterfactual,template,2026,chichewa+norm,chi_0453,1,0.998919
bilstm_finetuned,counterfactual,template,2026,chichewa+norm,chi_0454,1,0.999406
bilstm_finetuned,counterfactual,template,2026,chichewa+norm,chi_0455,1,0.639835
bilstm_finetuned,counterfactual,template,2026,chichewa+norm,chi_0456,1,0.645615
bilstm_finetuned,counterfactual,template,2026,chichewa+norm,chi_0457,1,0.999791
bilstm_finetuned,counterfactual,template,2026,chichewa+norm,chi_0458,1,0.997181
bilstm_finetuned,counterfactual,template,2026,chichewa+norm,chi_0459,0,0.991456
bilstm_finetuned,counterfactual,template,2026,chichewa+norm,chi_0460,1,0.999669
bilstm_finetuned,counterfactual,template,2026,chichewa+norm,chi_0461,1,0.999282
bilstm_finetuned,counterfactual,template,2026,chichewa+norm,chi_0462,0,0.000079
bilstm_finetuned,counterfactual,template,2026,chichewa+norm,chi_0463,0,0.003134
bilstm_finetuned,counterfactual,template,2026,chichewa+norm,chi_0464,1,0.999061
bilstm_finetuned,counterfactual,template,2026,chichewa+norm,chi_0465,0,0.000205
bilstm_finetuned,counterfactual,template,2026,chichewa+norm,chi_0466,0,0.997585
bilstm_finetuned,counterfactual,template,2026,chichewa+norm,chi_0467,1,0.999041
bilstm_finetuned,counterfactual,template,2026,chichewa+norm,chi_0468,1,0.998235
bilstm_finetuned,counterfactual,template,2026,chichewa+norm,chi_0469,0,0.219625
bilstm_finetuned,counterfactual,template,2026,chichewa+norm,chi_0470,0,0.999606
bilstm_finetuned,counterfactual,template,2026,chichewa+norm,chi_0471,1,0.999912
bilstm_finetuned,counterfactual,template,2026,chichewa+norm,chi_0472,1,0.999935
bilstm_finetuned,counterfactual,template,2026,chichewa+norm,chi_0473,0,0.690995
bilstm_finetuned,counterfactual,template,2026,chichewa+norm,chi_0474,0,0.032008
bilstm_finetuned,counterfactual,template,2026,chichewa+norm,chi_0475,1,0.015930
bilstm_finetuned,counterfactual,template,2026,chichewa+norm,chi_0476,1,0.999872
bilstm_finetuned,counterfactual,template,2026,chichewa+norm,chi_0477,1,0.999313
bilstm_finetuned,counterfactual,template,2026,chichewa+norm,chi_0478,0,0.407340
bilstm_finetuned,counterfactual,template,2026,chichewa+norm,chi_0479,0,0.997592
bilstm_finetuned,counterfactual,template,2026,chichewa+norm,chi_0480,0,0.000137
bilstm_finetuned,counterfactual,template,2026,chichewa+norm,chi_0481,1,0.999489
bilstm_finetuned,counterfactual,template,2026,chichewa+norm,chi_0482,1,0.999751
bilstm_finetuned,counterfactual,template,2026,chichewa+norm,chi_0483,0,0.999829
bilstm_finetuned,counterfactual,template,2026,chichewa+norm,chi_0484,0,0.998526
bilstm_finetuned,counterfactual,template,2026,chichewa+norm,chi_0485,0,0.000065
bilstm_finetuned,counterfactual,template,2026,chichewa+norm,chi_0486,1,0.990781
bilstm_finetuned,counterfactual,template,2026,chichewa+norm,chi_0487,1,0.998311
bilstm_finetuned,counterfactual,template,2026,chichewa+norm,chi_0488,1,0.998492
bilstm_finetuned,counterfactual,template,2026,chichewa+norm,chi_0489,0,0.758200
bilstm_finetuned,counterfactual,template,2026,chichewa+norm,chi_0490,0,0.969121
bilstm_finetuned,counterfactual,template,2026,chichewa+norm,chi_0491,1,0.999861
bilstm_finetuned,counterfactual,template,2026,chichewa+norm,chi_0492,1,0.999850
bilstm_finetuned,counterfactual,template,2026,chichewa+norm,chi_0493,1,0.999975
bilstm_finetuned,counterfactual,template,2026,chichewa+norm,chi_0494,0,0.999611
bilstm_finetuned,counterfactual,template,2026,chichewa+norm,chi_0495,0,0.851914
bilstm_finetuned,counterfactual,template,2026,chichewa+norm,chi_0496,0,0.119186
bilstm_finetuned,counterfactual,template,2026,chichewa+norm,chi_0497,1,0.999802
bilstm_finetuned,counterfactual,template,2026,chichewa+norm,chi_0498,1,0.999721
bilstm_finetuned,counterfactual,template,2026,chichewa+norm,chi_0499,0,0.000054
bilstm_finetuned,counterfactual,template,2026,chichewa+norm,chi_0500,0,0.268970
bilstm_finetuned,counterfactual,template,2026,chichewa+norm,chi_0501,0,0.652473
bilstm_finetuned,counterfactual,template,2026,chichewa+norm,chi_0502,1,0.999864
bilstm_finetuned,counterfactual,template,2026,chichewa+norm,chi_0503,1,0.000038
bilstm_finetuned,counterfactual,template,2026,chichewa+norm,chi_0504,1,0.999905
bilstm_finetuned,counterfactual,template,2026,chichewa+norm,chi_0505,0,0.000094
bilstm_finetuned,counterfactual,template,2026,chichewa+norm,chi_0506,0,0.000106
bilstm_finetuned,counterfactual,template,2026,chichewa+norm,chi_0507,0,0.000056
bilstm_finetuned,counterfactual,template,2026,chichewa+norm,chi_0508,1,0.999165
bilstm_finetuned,counterfactual,template,2026,chichewa+norm,chi_0509,1,0.999474
bilstm_finetuned,counterfactual,template,2026,chichewa+norm,chi_0510,1,0.999648
bilstm_finetuned,counterfactual,template,2026,chichewa+norm,chi_0511,0,0.005611
bilstm_finetuned,counterfactual,template,2026,chichewa+norm,chi_0512,0,0.000040
bilstm_finetuned,counterfactual,template,2026,chichewa+norm,chi_0513,0,0.000224
bilstm_finetuned,counterfactual,template,2026,chichewa+norm,chi_0514,1,0.000035
bilstm_finetuned,counterfactual,template,2026,chichewa+norm,chi_0515,1,0.999615
bilstm_finetuned,counterfactual,template,2026,chichewa+norm,chi_0516,1,0.990594
bilstm_finetuned,counterfactual,template,2026,chichewa+norm,chi_0517,0,0.664351
bilstm_finetuned,counterfactual,template,2026,chichewa+norm,chi_0518,0,0.000072
bilstm_finetuned,counterfactual,template,2026,chichewa+norm,chi_0519,1,0.999983
bilstm_finetuned,counterfactual,template,2026,chichewa+norm,chi_0520,1,0.999611
bilstm_finetuned,counterfactual,template,2026,chichewa+norm,chi_0521,1,0.000054
bilstm_finetuned,counterfactual,template,2026,chichewa+norm,chi_0522,0,0.588264
bilstm_finetuned,counterfactual,template,2026,chichewa+norm,chi_0523,0,0.200857
bilstm_finetuned,counterfactual,template,2026,chichewa+norm,chi_0524,0,0.004330
bilstm_finetuned,counterfactual,template,2026,chichewa+norm,chi_0525,1,0.999834
bilstm_finetuned,counterfactual,template,2026,chichewa+norm,chi_0526,1,0.999800
bilstm_finetuned,counterfactual,template,2026,chichewa+norm,chi_0527,1,0.997212
bilstm_finetuned,counterfactual,template,2026,chichewa+norm,chi_0528,0,0.341896
bilstm_finetuned,counterfactual,template,2026,chichewa+norm,chi_0529,0,0.615001
bilstm_finetuned,counterfactual,template,2026,chichewa+norm,chi_0530,0,0.000070
bilstm_finetuned,counterfactual,template,2026,chichewa+norm,chi_0531,1,0.999071
bilstm_finetuned,counterfactual,template,2026,chichewa+norm,chi_0532,1,0.999275
bilstm_finetuned,counterfactual,template,2026,chichewa+norm,chi_0533,1,0.999415
bilstm_finetuned,counterfactual,template,2026,chichewa+norm,chi_0534,0,0.654480
bilstm_finetuned,counterfactual,template,2026,chichewa+norm,chi_0535,0,0.093775
bilstm_finetuned,counterfactual,template,2026,chichewa+norm,chi_0536,0,0.147479
bilstm_finetuned,counterfactual,template,2026,chichewa+norm,chi_0537,1,0.999456
bilstm_finetuned,counterfactual,template,2026,chichewa+norm,chi_0538,1,0.998515
bilstm_finetuned,counterfactual,template,2026,chichewa+norm,chi_0539,1,0.999961
bilstm_finetuned,counterfactual,template,2026,chichewa+norm,chi_0540,0,0.000999
bilstm_finetuned,counterfactual,template,2026,chichewa+norm,chi_0541,0,0.000106
bilstm_finetuned,counterfactual,template,2026,chichewa+norm,chi_0542,0,0.300346
bilstm_finetuned,counterfactual,template,2026,chichewa+norm,chi_0543,1,0.999929
bilstm_finetuned,counterfactual,template,2026,chichewa+norm,chi_0544,1,0.999725
bilstm_finetuned,counterfactual,template,2026,chichewa+norm,chi_0545,1,0.999612
bilstm_finetuned,counterfactual,template,2026,chichewa+norm,chi_0546,0,0.000145
bilstm_finetuned,counterfactual,template,2026,chichewa+norm,chi_0547,0,0.524421
bilstm_finetuned,counterfactual,template,2026,chichewa+norm,chi_0548,0,0.996402
bilstm_finetuned,counterfactual,template,2026,chichewa+norm,chi_0549,1,0.172436
bilstm_finetuned,counterfactual,template,2026,chichewa+norm,chi_0550,1,0.955532
bilstm_finetuned,counterfactual,template,2026,chichewa+norm,chi_0551,1,0.998841
bilstm_finetuned,counterfactual,template,2026,chichewa+norm,chi_0552,0,0.574909
bilstm_finetuned,counterfactual,template,2026,chichewa+norm,chi_0553,0,0.000155
bilstm_finetuned,counterfactual,template,2026,chichewa+norm,chi_0554,1,0.952800
bilstm_finetuned,counterfactual,template,2026,chichewa+norm,chi_0555,1,0.503115
bilstm_finetuned,counterfactual,template,2026,chichewa+norm,chi_0556,1,0.659199
bilstm_finetuned,counterfactual,template,2026,chichewa+norm,chi_0557,0,0.546247
bilstm_finetuned,counterfactual,template,2026,chichewa+norm,chi_0558,0,0.558615
bilstm_finetuned,counterfactual,template,2026,chichewa+norm,chi_0559,0,0.567939
bilstm_finetuned,counterfactual,template,2026,chichewa+norm,chi_0560,1,0.592056
bilstm_finetuned,counterfactual,template,2026,chichewa+norm,chi_0561,1,0.999560
bilstm_finetuned,counterfactual,template,2026,chichewa+norm,chi_0562,1,0.999823
bilstm_finetuned,counterfactual,template,2026,chichewa+norm,chi_0563,0,0.000066
bilstm_finetuned,counterfactual,template,2026,chichewa+norm,chi_0564,0,0.503920
bilstm_finetuned,counterfactual,template,2026,chichewa+norm,chi_0565,0,0.000048
bilstm_finetuned,counterfactual,template,2026,chichewa+norm,chi_0566,0,0.008123
bilstm_finetuned,counterfactual,template,2026,chichewa+norm,chi_0567,1,0.999573
bilstm_finetuned,counterfactual,template,2026,chichewa+norm,chi_0568,1,0.999512
bilstm_finetuned,counterfactual,template,2026,chichewa+norm,chi_0569,1,0.999704
bilstm_finetuned,counterfactual,template,2026,chichewa+norm,chi_0570,1,0.999596
bilstm_finetuned,counterfactual,template,2026,chichewa+norm,chi_0571,0,0.745655
bilstm_finetuned,counterfactual,template,2026,chichewa+norm,chi_0572,1,0.999055
bilstm_finetuned,counterfactual,template,2026,chichewa+norm,chi_0573,1,0.999750
bilstm_finetuned,counterfactual,template,2026,chichewa+norm,chi_0574,1,0.999648
bilstm_finetuned,counterfactual,template,2026,chichewa+norm,chi_0575,0,0.501118
bilstm_finetuned,counterfactual,template,2026,chichewa+norm,chi_0576,1,0.842887
bilstm_finetuned,counterfactual,template,2026,chichewa+norm,chi_0577,1,0.105847
bilstm_finetuned,counterfactual,template,2026,chichewa+norm,chi_0578,0,0.054603
bilstm_finetuned,counterfactual,template,2026,chichewa+norm,chi_0579,0,0.022433
bilstm_finetuned,counterfactual,template,2026,chichewa+norm,chi_0580,0,0.058985
bilstm_finetuned,counterfactual,template,2026,chichewa+norm,chi_0581,1,0.671427
bilstm_finetuned,counterfactual,template,2026,chichewa+norm,chi_0582,0,0.000359
bilstm_finetuned,counterfactual,template,2026,chichewa+norm,chi_0583,0,0.109222
bilstm_finetuned,counterfactual,template,2026,chichewa+norm,chi_0584,0,0.039257
bilstm_finetuned,counterfactual,template,2026,chichewa+norm,chi_0585,0,0.121217
bilstm_finetuned,counterfactual,template,2026,chichewa+norm,chi_0586,0,0.000142
bilstm_finetuned,counterfactual,template,2026,chichewa+norm,chi_0587,0,0.267999
bilstm_finetuned,counterfactual,template,2026,chichewa+norm,chi_0588,0,0.034927
bilstm_finetuned,counterfactual,template,2026,chichewa+norm,chi_0589,1,0.000101
bilstm_finetuned,counterfactual,template,2026,chichewa+norm,chi_0590,1,0.999958
bilstm_finetuned,counterfactual,template,2026,chichewa+norm,chi_0591,1,0.631799
bilstm_finetuned,counterfactual,template,2026,chichewa+norm,chi_0592,0,0.008949
bilstm_finetuned,counterfactual,template,2026,chichewa+norm,chi_0593,0,0.993808
bilstm_finetuned,counterfactual,template,2026,chichewa+norm,chi_0594,0,0.245454
bilstm_finetuned,counterfactual,template,2026,chichewa+norm,chi_0595,1,0.013273
bilstm_finetuned,counterfactual,template,2026,chichewa+norm,chi_0596,1,0.650052
bilstm_finetuned,counterfactual,template,2026,chichewa+norm,chi_0597,1,0.966432
bilstm_finetuned,counterfactual,template,2026,chichewa+norm,chi_0598,1,0.920265
bilstm_finetuned,counterfactual,template,2026,chichewa+norm,chi_0599,0,0.001297
bilstm_finetuned,counterfactual,template,2026,chichewa+norm,chi_0600,0,0.001604
bilstm_finetuned,counterfactual,template,2026,chichewa+norm,chi_0601,0,0.000072
bilstm_finetuned,counterfactual,template,2026,chichewa+norm,chi_0602,1,0.889620
bilstm_finetuned,counterfactual,template,2026,chichewa+norm,chi_0603,0,0.000061
bilstm_finetuned,counterfactual,template,2026,chichewa+norm,chi_0604,0,0.000095
bilstm_finetuned,counterfactual,template,2026,chichewa+norm,chi_0605,0,0.730758
bilstm_finetuned,counterfactual,template,2026,chichewa+norm,chi_0606,1,0.000137
bilstm_finetuned,counterfactual,template,2026,chichewa+norm,chi_0607,0,0.097529
bilstm_finetuned,counterfactual,template,2026,chichewa+norm,chi_0608,0,0.093468
bilstm_finetuned,counterfactual,template,2026,chichewa+norm,chi_0609,0,0.045009
bilstm_finetuned,counterfactual,template,2026,chichewa+norm,chi_0610,1,0.325468
bilstm_finetuned,counterfactual,template,2026,chichewa+norm,chi_0611,0,0.005575
bilstm_finetuned,counterfactual,template,2026,chichewa+norm,chi_0612,0,0.385777
bilstm_finetuned,counterfactual,template,2026,chichewa+norm,chi_0613,0,0.006046
bilstm_finetuned,counterfactual,template,2026,chichewa+norm,chi_0614,0,0.000165
bilstm_finetuned,counterfactual,template,2026,chichewa+norm,chi_0615,1,0.152021
bilstm_finetuned,counterfactual,template,2026,chichewa+norm,chi_0616,0,0.119974
bilstm_finetuned,counterfactual,template,2026,chichewa+norm,chi_0617,0,0.103625
bilstm_finetuned,counterfactual,template,2026,chichewa+norm,chi_0618,1,0.999983
bilstm_finetuned,counterfactual,template,2026,chichewa+norm,chi_0619,1,0.999963
bilstm_finetuned,counterfactual,template,2026,chichewa+norm,chi_0620,1,0.649685
bilstm_finetuned,counterfactual,template,2026,chichewa+norm,chi_0621,0,0.018551
bilstm_finetuned,counterfactual,template,2026,chichewa+norm,chi_0622,0,0.002225
bilstm_finetuned,counterfactual,template,2026,chichewa+norm,chi_0623,0,0.896818
bilstm_finetuned,counterfactual,template,2026,chichewa+norm,chi_0624,1,0.999891
bilstm_finetuned,counterfactual,template,2026,chichewa+norm,chi_0625,0,0.722449
bilstm_finetuned,counterfactual,template,2026,chichewa+norm,chi_0626,0,0.034462
bilstm_finetuned,counterfactual,template,2026,chichewa+norm,chi_0627,0,0.306968
bilstm_finetuned,counterfactual,template,2026,chichewa+norm,chi_0628,0,0.328401
bilstm_finetuned,counterfactual,template,2026,chichewa+norm,chi_0629,0,0.941237
bilstm_finetuned,counterfactual,template,2026,chichewa+norm,chi_0630,1,0.999068
bilstm_finetuned,counterfactual,template,2026,chichewa+norm,chi_0631,1,0.999728
bilstm_finetuned,counterfactual,template,2026,chichewa+norm,chi_0632,0,0.738919
bilstm_finetuned,counterfactual,template,2026,chichewa+norm,chi_0633,0,0.001112
bilstm_finetuned,counterfactual,template,2026,chichewa+norm,chi_0634,1,0.461042
bilstm_finetuned,counterfactual,template,2026,chichewa+norm,chi_0635,1,0.999832
bilstm_finetuned,counterfactual,template,2026,chichewa+norm,chi_0636,1,0.999634
bilstm_finetuned,counterfactual,template,2026,chichewa+norm,chi_0637,0,0.000137
bilstm_finetuned,counterfactual,template,2026,chichewa+norm,chi_0638,0,0.000060
bilstm_finetuned,counterfactual,template,2026,chichewa+norm,chi_0639,0,0.999564
bilstm_finetuned,counterfactual,template,2026,chichewa+norm,chi_0640,0,0.730577
bilstm_finetuned,counterfactual,template,2026,chichewa+norm,chi_0641,1,0.998906
bilstm_finetuned,counterfactual,template,2026,chichewa+norm,chi_0642,1,0.998969
bilstm_finetuned,counterfactual,template,2026,chichewa+norm,chi_0643,1,0.994683
bilstm_finetuned,counterfactual,template,2026,chichewa+norm,chi_0644,0,0.994198
bilstm_finetuned,counterfactual,template,2026,chichewa+norm,chi_0645,1,0.999836
bilstm_finetuned,counterfactual,template,2026,chichewa+norm,chi_0646,1,0.999885
bilstm_finetuned,counterfactual,template,2026,chichewa+norm,chi_0647,1,0.992593
bilstm_finetuned,counterfactual,template,2026,chichewa+norm,chi_0648,1,0.446082
bilstm_finetuned,counterfactual,template,2026,chichewa+norm,chi_0649,1,0.640131
bilstm_finetuned,counterfactual,template,2026,chichewa+norm,chi_0650,1,0.999840
bilstm_finetuned,counterfactual,template,2026,chichewa+norm,chi_0651,1,0.086539
bilstm_finetuned,counterfactual,template,2026,chichewa+norm,chi_0652,1,0.000080
bilstm_finetuned,counterfactual,template,2026,chichewa+norm,chi_0653,1,0.989940
bilstm_finetuned,counterfactual,template,2026,chichewa+norm,chi_0654,1,0.991840
bilstm_finetuned,counterfactual,template,2026,chichewa+norm,chi_0655,1,0.644899
bilstm_finetuned,counterfactual,template,2026,chichewa+norm,chi_0656,1,0.013865
bilstm_finetuned,counterfactual,template,2026,chichewa+norm,chi_0657,1,0.000106
bilstm_finetuned,counterfactual,template,2026,chichewa+norm,chi_0658,1,0.998946
bilstm_finetuned,counterfactual,template,2026,chichewa+norm,chi_0659,1,0.999838
bilstm_finetuned,counterfactual,template,2026,chichewa+norm,chi_0660,1,0.000054
bilstm_finetuned,counterfactual,template,2026,chichewa+norm,chi_0661,1,0.487088
bilstm_finetuned,counterfactual,template,2026,chichewa+norm,chi_0662,1,0.995587
bilstm_finetuned,counterfactual,template,2026,chichewa+norm,chi_0663,1,0.000043
bilstm_finetuned,counterfactual,template,2026,chichewa+norm,chi_0664,1,0.999916
bilstm_finetuned,counterfactual,template,2026,chichewa+norm,chi_0665,1,0.463204
bilstm_finetuned,counterfactual,template,2026,chichewa+norm,chi_0666,1,0.318505
bilstm_finetuned,counterfactual,template,2026,chichewa+norm,chi_0667,1,0.283066
bilstm_finetuned,counterfactual,template,2026,chichewa+norm,chi_0668,0,0.007400
bilstm_finetuned,counterfactual,template,2026,chichewa+norm,chi_0669,0,0.021777
bilstm_finetuned,counterfactual,template,2026,chichewa+norm,chi_0670,0,0.997612
bilstm_finetuned,counterfactual,template,2026,chichewa+norm,chi_0671,0,0.000059
bilstm_finetuned,counterfactual,template,2026,chichewa+norm,chi_0672,0,0.079215
bilstm_finetuned,counterfactual,template,2026,chichewa+norm,chi_0673,0,0.298908
bilstm_finetuned,counterfactual,template,2026,chichewa+norm,chi_0674,0,0.997774
bilstm_finetuned,counterfactual,template,2026,chichewa+norm,chi_0675,0,0.980505
bilstm_finetuned,counterfactual,template,2026,chichewa+norm,chi_0676,0,0.279057
bilstm_finetuned,counterfactual,template,2026,chichewa+norm,chi_0677,0,0.279844
bilstm_finetuned,counterfactual,template,2026,chichewa+norm,chi_0678,0,0.338659
bilstm_finetuned,counterfactual,template,2026,chichewa+norm,chi_0679,0,0.000039
bilstm_finetuned,counterfactual,template,2026,chichewa+norm,chi_0680,0,0.357576
bilstm_finetuned,counterfactual,template,2026,chichewa+norm,chi_0681,0,0.989571
bilstm_finetuned,counterfactual,template,2026,chichewa+norm,chi_0682,0,0.000053
bilstm_finetuned,counterfactual,template,2026,chichewa+norm,chi_0683,0,0.288188
bilstm_finetuned,counterfactual,template,2026,chichewa+norm,chi_0684,0,0.000043
bilstm_finetuned,counterfactual,template,2026,chichewa+norm,chi_0685,0,0.050655
bilstm_finetuned,counterfactual,template,2026,chichewa+norm,chi_0686,0,0.169905
bilstm_finetuned,counterfactual,template,2026,chichewa+norm,chi_0687,0,0.092683
bilstm_finetuned,counterfactual,template,2026,chichewa+norm,chi_0688,0,0.300660
bilstm_finetuned,counterfactual,template,2026,chichewa+norm,chi_0689,0,0.281200
bilstm_finetuned,counterfactual,template,2026,chichewa+norm,chi_0690,0,0.998303
bilstm_finetuned,counterfactual,template,2026,chichewa+norm,chi_0691,0,0.574021
bilstm_finetuned,counterfactual,template,2026,chichewa+norm,chi_0692,0,0.000064
bilstm_finetuned,counterfactual,template,2026,chichewa+norm,chi_0693,0,0.293075
bilstm_finetuned,counterfactual,template,2026,chichewa+norm,chi_0694,0,0.292653
bilstm_finetuned,counterfactual,template,2026,chichewa+norm,chi_0695,0,0.193166
bilstm_finetuned,counterfactual,template,2026,chichewa+norm,chi_0696,0,0.076056
bilstm_finetuned,counterfactual,template,2026,chichewa+norm,chi_0697,0,0.290101
bilstm_finetuned,counterfactual,template,2026,chichewa+norm,chi_0698,0,0.000060
bilstm_finetuned,counterfactual,template,2026,chichewa+norm,chi_0699,0,0.999868
bilstm_finetuned,counterfactual,template,2026,chichewa+norm,chi_0700,0,0.276054
bilstm_finetuned,counterfactual,template,2026,chichewa+norm,chi_0701,0,0.602184
bilstm_finetuned,counterfactual,template,2026,chichewa+norm,chi_0702,0,0.994785
bilstm_finetuned,counterfactual,template,2026,chichewa+norm,chi_0703,0,0.999921
bilstm_finetuned,counterfactual,template,2026,chichewa+norm,chi_0704,0,0.341839
bilstm_finetuned,counterfactual,template,2026,chichewa+norm,chi_0705,0,0.158782
bilstm_finetuned,counterfactual,template,2026,chichewa+norm,chi_0706,0,0.698221
bilstm_finetuned,counterfactual,template,2026,chichewa+norm,chi_0707,0,0.446177
bilstm_finetuned,counterfactual,template,2026,chichewa+norm,chi_0708,0,0.804898
bilstm_finetuned,counterfactual,template,2026,chichewa+norm,chi_0709,0,0.812411
bilstm_finetuned,counterfactual,template,2026,chichewa+norm,chi_0710,0,0.000033
bilstm_finetuned,counterfactual,template,2026,chichewa+norm,chi_0711,0,0.813077
bilstm_finetuned,counterfactual,template,2026,chichewa+norm,chi_0712,0,0.998164
bilstm_finetuned,counterfactual,template,2026,chichewa+norm,chi_0713,0,0.000064
bilstm_finetuned,counterfactual,template,2026,chichewa+norm,chi_0714,0,0.000065
bilstm_finetuned,counterfactual,template,2026,chichewa+norm,chi_0715,0,0.043270
bilstm_finetuned,counterfactual,template,2026,chichewa+norm,chi_0716,0,0.402484
bilstm_finetuned,counterfactual,template,2026,chichewa+norm,chi_0717,0,0.353629
bilstm_finetuned,counterfactual,template,2026,chichewa+norm,chi_0718,0,0.476954
bilstm_finetuned,counterfactual,template,2026,chichewa+norm,chi_0719,0,0.000056
bilstm_finetuned,counterfactual,template,2026,chichewa+norm,chi_0720,0,0.000132
bilstm_finetuned,counterfactual,template,2026,chichewa+norm,chi_0721,0,0.999457
bilstm_finetuned,counterfactual,template,2026,chichewa+norm,chi_0722,0,0.000052
bilstm_finetuned,counterfactual,template,2026,chichewa+norm,chi_0723,0,0.000061
bilstm_finetuned,counterfactual,template,2026,chichewa+norm,chi_0724,0,0.293334
bilstm_finetuned,counterfactual,template,2026,chichewa+norm,chi_0725,0,0.999930
bilstm_finetuned,counterfactual,template,2026,chichewa+norm,chi_0726,0,0.975592
bilstm_finetuned,counterfactual,template,2026,chichewa+norm,chi_0727,0,0.991155
bilstm_finetuned,counterfactual,template,2026,chichewa+norm,chi_0728,0,0.000104
bilstm_finetuned,counterfactual,template,2026,chichewa+norm,chi_0729,0,0.000071
bilstm_finetuned,counterfactual,template,2026,chichewa+norm,chi_0730,0,0.000057
bilstm_finetuned,counterfactual,template,2026,chichewa+norm,chi_0731,0,0.000165
bilstm_finetuned,counterfactual,template,2026,chichewa+norm,chi_0732,0,0.000042
bilstm_finetuned,counterfactual,template,2026,ctrl_lookalike+norm,bongo_0029,0,0.056582
bilstm_finetuned,counterfactual,template,2026,ctrl_lookalike+norm,bongo_0053,0,0.000036
bilstm_finetuned,counterfactual,template,2026,ctrl_lookalike+norm,bongo_0097,0,0.000212
bilstm_finetuned,counterfactual,template,2026,ctrl_lookalike+norm,bongo_0107,0,0.000015
bilstm_finetuned,counterfactual,template,2026,ctrl_lookalike+norm,bongo_0110,0,0.000013
bilstm_finetuned,counterfactual,template,2026,ctrl_lookalike+norm,bongo_0115,0,0.000074
bilstm_finetuned,counterfactual,template,2026,ctrl_lookalike+norm,bongo_0143,0,0.000021
bilstm_finetuned,counterfactual,template,2026,ctrl_lookalike+norm,bongo_0160,0,0.000028
bilstm_finetuned,counterfactual,template,2026,ctrl_lookalike+norm,bongo_0172,0,0.291826
bilstm_finetuned,counterfactual,template,2026,ctrl_lookalike+norm,bongo_0175,0,0.000022
bilstm_finetuned,counterfactual,template,2026,ctrl_lookalike+norm,bongo_0182,0,0.000010
bilstm_finetuned,counterfactual,template,2026,ctrl_lookalike+norm,bongo_0197,0,0.000031
bilstm_finetuned,counterfactual,template,2026,ctrl_lookalike+norm,bongo_0253,0,0.000044
bilstm_finetuned,counterfactual,template,2026,ctrl_lookalike+norm,bongo_0271,0,0.000027
bilstm_finetuned,counterfactual,template,2026,ctrl_lookalike+norm,bongo_0300,0,0.000030
bilstm_finetuned,counterfactual,template,2026,ctrl_lookalike+norm,bongo_0306,0,0.000046
bilstm_finetuned,counterfactual,template,2026,ctrl_lookalike+norm,bongo_0363,0,0.000031
bilstm_finetuned,counterfactual,template,2026,ctrl_lookalike+norm,bongo_0368,0,0.000098
bilstm_finetuned,counterfactual,template,2026,ctrl_lookalike+norm,bongo_0372,0,0.000050
bilstm_finetuned,counterfactual,template,2026,ctrl_lookalike+norm,bongo_0389,0,0.000025
bilstm_finetuned,counterfactual,template,2026,ctrl_lookalike+norm,bongo_0395,0,0.000623
bilstm_finetuned,counterfactual,template,2026,ctrl_lookalike+norm,bongo_0427,0,0.000049
bilstm_finetuned,counterfactual,template,2026,ctrl_lookalike+norm,bongo_0463,0,0.000329
bilstm_finetuned,counterfactual,template,2026,ctrl_lookalike+norm,bongo_0531,0,0.000124
bilstm_finetuned,counterfactual,template,2026,ctrl_lookalike+norm,bongo_0542,0,0.000023
bilstm_finetuned,counterfactual,template,2026,ctrl_lookalike+norm,bongo_0545,0,0.000024
bilstm_finetuned,counterfactual,template,2026,ctrl_lookalike+norm,bongo_0571,0,0.000020
bilstm_finetuned,counterfactual,template,2026,ctrl_lookalike+norm,bongo_0630,0,0.000157
bilstm_finetuned,counterfactual,template,2026,ctrl_lookalike+norm,bongo_0648,0,0.007797
bilstm_finetuned,counterfactual,template,2026,ctrl_lookalike+norm,bongo_0674,0,0.000016
bilstm_finetuned,counterfactual,template,2026,ctrl_lookalike+norm,bongo_0685,0,0.021249
bilstm_finetuned,counterfactual,template,2026,ctrl_lookalike+norm,bongo_0701,0,0.000025
bilstm_finetuned,counterfactual,template,2026,ctrl_lookalike+norm,bongo_0741,0,0.000024
bilstm_finetuned,counterfactual,template,2026,ctrl_lookalike+norm,bongo_0795,0,0.000632
bilstm_finetuned,counterfactual,template,2026,ctrl_lookalike+norm,bongo_0818,0,0.004661
bilstm_finetuned,counterfactual,template,2026,ctrl_lookalike+norm,bongo_0819,0,0.000134
bilstm_finetuned,counterfactual,template,2026,ctrl_lookalike+norm,bongo_0835,0,0.000027
bilstm_finetuned,counterfactual,template,2026,ctrl_lookalike+norm,bongo_0856,0,0.000050
bilstm_finetuned,counterfactual,template,2026,ctrl_lookalike+norm,bongo_0872,0,0.004264
bilstm_finetuned,counterfactual,template,2026,ctrl_lookalike+norm,bongo_0904,0,0.000137
bilstm_finetuned,counterfactual,template,2026,ctrl_lookalike+norm,bongo_0950,0,0.000029
bilstm_finetuned,counterfactual,template,2026,ctrl_lookalike+norm,bongo_0956,0,0.000023
bilstm_finetuned,counterfactual,template,2026,ctrl_lookalike+norm,bongo_0971,0,0.000025
bilstm_finetuned,counterfactual,template,2026,ctrl_lookalike+norm,bongo_0983,0,0.000067
bilstm_finetuned,counterfactual,template,2026,ctrl_lookalike+norm,bongo_0994,0,0.000238
bilstm_finetuned,counterfactual,template,2026,ctrl_lookalike+norm,bongo_1006,0,0.000031
bilstm_finetuned,counterfactual,template,2026,ctrl_lookalike+norm,bongo_1015,0,0.000015
bilstm_finetuned,counterfactual,template,2026,ctrl_lookalike+norm,bongo_1037,0,0.000043
bilstm_finetuned,counterfactual,template,2026,ctrl_lookalike+norm,bongo_1040,0,0.000031
bilstm_finetuned,counterfactual,template,2026,ctrl_lookalike+norm,bongo_1050,0,0.000024
bilstm_finetuned,counterfactual,template,2026,ctrl_lookalike+norm,bongo_1059,0,0.000020
bilstm_finetuned,counterfactual,template,2026,ctrl_lookalike+norm,bongo_1071,0,0.000027
bilstm_finetuned,counterfactual,template,2026,ctrl_lookalike+norm,bongo_1090,0,0.000015
bilstm_finetuned,counterfactual,template,2026,ctrl_lookalike+norm,bongo_1115,0,0.000009
bilstm_finetuned,counterfactual,template,2026,ctrl_lookalike+norm,bongo_1123,0,0.000032
bilstm_finetuned,counterfactual,template,2026,ctrl_lookalike+norm,bongo_1125,0,0.005142
bilstm_finetuned,counterfactual,template,2026,ctrl_lookalike+norm,bongo_1135,0,0.051320
bilstm_finetuned,counterfactual,template,2026,ctrl_lookalike+norm,bongo_1155,0,0.000025
bilstm_finetuned,counterfactual,template,2026,ctrl_lookalike+norm,bongo_1194,0,0.001274
bilstm_finetuned,counterfactual,template,2026,ctrl_lookalike+norm,bongo_1198,0,0.000103
bilstm_finetuned,counterfactual,template,2026,ctrl_lookalike+norm,bongo_1236,0,0.000054
bilstm_finetuned,counterfactual,template,2026,ctrl_lookalike+norm,bongo_1244,0,0.000023
bilstm_finetuned,counterfactual,template,2026,ctrl_lookalike+norm,bongo_1249,0,0.000009
bilstm_finetuned,counterfactual,template,2026,ctrl_lookalike+norm,bongo_1253,0,0.081567
bilstm_finetuned,counterfactual,template,2026,ctrl_lookalike+norm,bongo_1260,0,0.000027
bilstm_finetuned,counterfactual,template,2026,ctrl_lookalike+norm,bongo_1262,0,0.000032
bilstm_finetuned,counterfactual,template,2026,ctrl_lookalike+norm,bongo_1285,0,0.000023
bilstm_finetuned,counterfactual,template,2026,ctrl_lookalike+norm,bongo_1316,0,0.000075
bilstm_finetuned,counterfactual,template,2026,ctrl_lookalike+norm,bongo_1330,0,0.061334
bilstm_finetuned,counterfactual,template,2026,ctrl_lookalike+norm,bongo_1359,0,0.004311
bilstm_finetuned,counterfactual,template,2026,ctrl_lookalike+norm,bongo_1375,0,0.000035
bilstm_finetuned,counterfactual,template,2026,ctrl_structural+norm,bongo_0029,0,0.326581
bilstm_finetuned,counterfactual,template,2026,ctrl_structural+norm,bongo_0053,0,0.000036
bilstm_finetuned,counterfactual,template,2026,ctrl_structural+norm,bongo_0097,0,0.001016
bilstm_finetuned,counterfactual,template,2026,ctrl_structural+norm,bongo_0107,0,0.000018
bilstm_finetuned,counterfactual,template,2026,ctrl_structural+norm,bongo_0110,0,0.000303
bilstm_finetuned,counterfactual,template,2026,ctrl_structural+norm,bongo_0115,0,0.000109
bilstm_finetuned,counterfactual,template,2026,ctrl_structural+norm,bongo_0143,0,0.000022
bilstm_finetuned,counterfactual,template,2026,ctrl_structural+norm,bongo_0160,0,0.000110
bilstm_finetuned,counterfactual,template,2026,ctrl_structural+norm,bongo_0172,0,0.058590
bilstm_finetuned,counterfactual,template,2026,ctrl_structural+norm,bongo_0175,0,0.000022
bilstm_finetuned,counterfactual,template,2026,ctrl_structural+norm,bongo_0182,0,0.000010
bilstm_finetuned,counterfactual,template,2026,ctrl_structural+norm,bongo_0197,0,0.000031
bilstm_finetuned,counterfactual,template,2026,ctrl_structural+norm,bongo_0253,0,0.000077
bilstm_finetuned,counterfactual,template,2026,ctrl_structural+norm,bongo_0271,0,0.000027
bilstm_finetuned,counterfactual,template,2026,ctrl_structural+norm,bongo_0300,0,0.000030
bilstm_finetuned,counterfactual,template,2026,ctrl_structural+norm,bongo_0306,0,0.000110
bilstm_finetuned,counterfactual,template,2026,ctrl_structural+norm,bongo_0363,0,0.000093
bilstm_finetuned,counterfactual,template,2026,ctrl_structural+norm,bongo_0368,0,0.000225
bilstm_finetuned,counterfactual,template,2026,ctrl_structural+norm,bongo_0372,0,0.000067
bilstm_finetuned,counterfactual,template,2026,ctrl_structural+norm,bongo_0389,0,0.000026
bilstm_finetuned,counterfactual,template,2026,ctrl_structural+norm,bongo_0395,0,0.001063
bilstm_finetuned,counterfactual,template,2026,ctrl_structural+norm,bongo_0427,0,0.000060
bilstm_finetuned,counterfactual,template,2026,ctrl_structural+norm,bongo_0463,0,0.004795
bilstm_finetuned,counterfactual,template,2026,ctrl_structural+norm,bongo_0531,0,0.000318
bilstm_finetuned,counterfactual,template,2026,ctrl_structural+norm,bongo_0542,0,0.000025
bilstm_finetuned,counterfactual,template,2026,ctrl_structural+norm,bongo_0545,0,0.000027
bilstm_finetuned,counterfactual,template,2026,ctrl_structural+norm,bongo_0571,0,0.000027
bilstm_finetuned,counterfactual,template,2026,ctrl_structural+norm,bongo_0630,0,0.001862
bilstm_finetuned,counterfactual,template,2026,ctrl_structural+norm,bongo_0648,0,0.319121
bilstm_finetuned,counterfactual,template,2026,ctrl_structural+norm,bongo_0674,0,0.000016
bilstm_finetuned,counterfactual,template,2026,ctrl_structural+norm,bongo_0685,0,0.000474
bilstm_finetuned,counterfactual,template,2026,ctrl_structural+norm,bongo_0701,0,0.000025
bilstm_finetuned,counterfactual,template,2026,ctrl_structural+norm,bongo_0741,0,0.000024
bilstm_finetuned,counterfactual,template,2026,ctrl_structural+norm,bongo_0795,0,0.002645
bilstm_finetuned,counterfactual,template,2026,ctrl_structural+norm,bongo_0818,0,0.314211
bilstm_finetuned,counterfactual,template,2026,ctrl_structural+norm,bongo_0819,0,0.000806
bilstm_finetuned,counterfactual,template,2026,ctrl_structural+norm,bongo_0835,0,0.000034
bilstm_finetuned,counterfactual,template,2026,ctrl_structural+norm,bongo_0856,0,0.000455
bilstm_finetuned,counterfactual,template,2026,ctrl_structural+norm,bongo_0872,0,0.001366
bilstm_finetuned,counterfactual,template,2026,ctrl_structural+norm,bongo_0904,0,0.000505
bilstm_finetuned,counterfactual,template,2026,ctrl_structural+norm,bongo_0950,0,0.000121
bilstm_finetuned,counterfactual,template,2026,ctrl_structural+norm,bongo_0956,0,0.000023
bilstm_finetuned,counterfactual,template,2026,ctrl_structural+norm,bongo_0971,0,0.000025
bilstm_finetuned,counterfactual,template,2026,ctrl_structural+norm,bongo_0983,0,0.000115
bilstm_finetuned,counterfactual,template,2026,ctrl_structural+norm,bongo_0994,0,0.000354
bilstm_finetuned,counterfactual,template,2026,ctrl_structural+norm,bongo_1006,0,0.000031
bilstm_finetuned,counterfactual,template,2026,ctrl_structural+norm,bongo_1015,0,0.000015
bilstm_finetuned,counterfactual,template,2026,ctrl_structural+norm,bongo_1037,0,0.000658
bilstm_finetuned,counterfactual,template,2026,ctrl_structural+norm,bongo_1040,0,0.000033
bilstm_finetuned,counterfactual,template,2026,ctrl_structural+norm,bongo_1050,0,0.000024
bilstm_finetuned,counterfactual,template,2026,ctrl_structural+norm,bongo_1059,0,0.000021
bilstm_finetuned,counterfactual,template,2026,ctrl_structural+norm,bongo_1071,0,0.000030
bilstm_finetuned,counterfactual,template,2026,ctrl_structural+norm,bongo_1090,0,0.000027
bilstm_finetuned,counterfactual,template,2026,ctrl_structural+norm,bongo_1115,0,0.000010
bilstm_finetuned,counterfactual,template,2026,ctrl_structural+norm,bongo_1123,0,0.000063
bilstm_finetuned,counterfactual,template,2026,ctrl_structural+norm,bongo_1125,0,0.060042
bilstm_finetuned,counterfactual,template,2026,ctrl_structural+norm,bongo_1135,0,0.051320
bilstm_finetuned,counterfactual,template,2026,ctrl_structural+norm,bongo_1155,0,0.000025
bilstm_finetuned,counterfactual,template,2026,ctrl_structural+norm,bongo_1194,0,0.011115
bilstm_finetuned,counterfactual,template,2026,ctrl_structural+norm,bongo_1198,0,0.001777
bilstm_finetuned,counterfactual,template,2026,ctrl_structural+norm,bongo_1236,0,0.000071
bilstm_finetuned,counterfactual,template,2026,ctrl_structural+norm,bongo_1244,0,0.000023
bilstm_finetuned,counterfactual,template,2026,ctrl_structural+norm,bongo_1249,0,0.000009
bilstm_finetuned,counterfactual,template,2026,ctrl_structural+norm,bongo_1253,0,0.084626
bilstm_finetuned,counterfactual,template,2026,ctrl_structural+norm,bongo_1260,0,0.000027
bilstm_finetuned,counterfactual,template,2026,ctrl_structural+norm,bongo_1262,0,0.000032
bilstm_finetuned,counterfactual,template,2026,ctrl_structural+norm,bongo_1285,0,0.000023
bilstm_finetuned,counterfactual,template,2026,ctrl_structural+norm,bongo_1316,0,0.007509
bilstm_finetuned,counterfactual,template,2026,ctrl_structural+norm,bongo_1330,0,0.344507
bilstm_finetuned,counterfactual,template,2026,ctrl_structural+norm,bongo_1359,0,0.004028
bilstm_finetuned,counterfactual,template,2026,ctrl_structural+norm,bongo_1375,0,0.000108
bilstm_finetuned,counterfactual,template,2026,ctrl_codeswitch+norm,bongo_0029,0,0.056582
bilstm_finetuned,counterfactual,template,2026,ctrl_codeswitch+norm,bongo_0053,0,0.000036
bilstm_finetuned,counterfactual,template,2026,ctrl_codeswitch+norm,bongo_0097,0,0.000242
bilstm_finetuned,counterfactual,template,2026,ctrl_codeswitch+norm,bongo_0107,0,0.000015
bilstm_finetuned,counterfactual,template,2026,ctrl_codeswitch+norm,bongo_0110,0,0.000013
bilstm_finetuned,counterfactual,template,2026,ctrl_codeswitch+norm,bongo_0115,0,0.000096
bilstm_finetuned,counterfactual,template,2026,ctrl_codeswitch+norm,bongo_0143,0,0.000021
bilstm_finetuned,counterfactual,template,2026,ctrl_codeswitch+norm,bongo_0160,0,0.000028
bilstm_finetuned,counterfactual,template,2026,ctrl_codeswitch+norm,bongo_0172,0,0.401530
bilstm_finetuned,counterfactual,template,2026,ctrl_codeswitch+norm,bongo_0175,0,0.000022
bilstm_finetuned,counterfactual,template,2026,ctrl_codeswitch+norm,bongo_0182,0,0.000010
bilstm_finetuned,counterfactual,template,2026,ctrl_codeswitch+norm,bongo_0197,0,0.000031
bilstm_finetuned,counterfactual,template,2026,ctrl_codeswitch+norm,bongo_0253,0,0.000044
bilstm_finetuned,counterfactual,template,2026,ctrl_codeswitch+norm,bongo_0271,0,0.000027
bilstm_finetuned,counterfactual,template,2026,ctrl_codeswitch+norm,bongo_0300,0,0.000030
bilstm_finetuned,counterfactual,template,2026,ctrl_codeswitch+norm,bongo_0306,0,0.000046
bilstm_finetuned,counterfactual,template,2026,ctrl_codeswitch+norm,bongo_0363,0,0.000031
bilstm_finetuned,counterfactual,template,2026,ctrl_codeswitch+norm,bongo_0368,0,0.000112
bilstm_finetuned,counterfactual,template,2026,ctrl_codeswitch+norm,bongo_0372,0,0.000050
bilstm_finetuned,counterfactual,template,2026,ctrl_codeswitch+norm,bongo_0389,0,0.000025
bilstm_finetuned,counterfactual,template,2026,ctrl_codeswitch+norm,bongo_0395,0,0.000623
bilstm_finetuned,counterfactual,template,2026,ctrl_codeswitch+norm,bongo_0427,0,0.001474
bilstm_finetuned,counterfactual,template,2026,ctrl_codeswitch+norm,bongo_0463,0,0.000229
bilstm_finetuned,counterfactual,template,2026,ctrl_codeswitch+norm,bongo_0531,0,0.000124
bilstm_finetuned,counterfactual,template,2026,ctrl_codeswitch+norm,bongo_0542,0,0.000023
bilstm_finetuned,counterfactual,template,2026,ctrl_codeswitch+norm,bongo_0545,0,0.000024
bilstm_finetuned,counterfactual,template,2026,ctrl_codeswitch+norm,bongo_0571,0,0.000020
bilstm_finetuned,counterfactual,template,2026,ctrl_codeswitch+norm,bongo_0630,0,0.000157
bilstm_finetuned,counterfactual,template,2026,ctrl_codeswitch+norm,bongo_0648,0,0.007797
bilstm_finetuned,counterfactual,template,2026,ctrl_codeswitch+norm,bongo_0674,0,0.000016
bilstm_finetuned,counterfactual,template,2026,ctrl_codeswitch+norm,bongo_0685,0,0.636808
bilstm_finetuned,counterfactual,template,2026,ctrl_codeswitch+norm,bongo_0701,0,0.000025
bilstm_finetuned,counterfactual,template,2026,ctrl_codeswitch+norm,bongo_0741,0,0.000024
bilstm_finetuned,counterfactual,template,2026,ctrl_codeswitch+norm,bongo_0795,0,0.000246
bilstm_finetuned,counterfactual,template,2026,ctrl_codeswitch+norm,bongo_0818,0,0.004661
bilstm_finetuned,counterfactual,template,2026,ctrl_codeswitch+norm,bongo_0819,0,0.000134
bilstm_finetuned,counterfactual,template,2026,ctrl_codeswitch+norm,bongo_0835,0,0.000024
bilstm_finetuned,counterfactual,template,2026,ctrl_codeswitch+norm,bongo_0856,0,0.000050
bilstm_finetuned,counterfactual,template,2026,ctrl_codeswitch+norm,bongo_0872,0,0.000838
bilstm_finetuned,counterfactual,template,2026,ctrl_codeswitch+norm,bongo_0904,0,0.000152
bilstm_finetuned,counterfactual,template,2026,ctrl_codeswitch+norm,bongo_0950,0,0.000029
bilstm_finetuned,counterfactual,template,2026,ctrl_codeswitch+norm,bongo_0956,0,0.000023
bilstm_finetuned,counterfactual,template,2026,ctrl_codeswitch+norm,bongo_0971,0,0.000025
bilstm_finetuned,counterfactual,template,2026,ctrl_codeswitch+norm,bongo_0983,0,0.000067
bilstm_finetuned,counterfactual,template,2026,ctrl_codeswitch+norm,bongo_0994,0,0.000109
bilstm_finetuned,counterfactual,template,2026,ctrl_codeswitch+norm,bongo_1006,0,0.000030
bilstm_finetuned,counterfactual,template,2026,ctrl_codeswitch+norm,bongo_1015,0,0.000015
bilstm_finetuned,counterfactual,template,2026,ctrl_codeswitch+norm,bongo_1037,0,0.000043
bilstm_finetuned,counterfactual,template,2026,ctrl_codeswitch+norm,bongo_1040,0,0.000031
bilstm_finetuned,counterfactual,template,2026,ctrl_codeswitch+norm,bongo_1050,0,0.000024
bilstm_finetuned,counterfactual,template,2026,ctrl_codeswitch+norm,bongo_1059,0,0.000019
bilstm_finetuned,counterfactual,template,2026,ctrl_codeswitch+norm,bongo_1071,0,0.000027
bilstm_finetuned,counterfactual,template,2026,ctrl_codeswitch+norm,bongo_1090,0,0.000015
bilstm_finetuned,counterfactual,template,2026,ctrl_codeswitch+norm,bongo_1115,0,0.000009
bilstm_finetuned,counterfactual,template,2026,ctrl_codeswitch+norm,bongo_1123,0,0.000032
bilstm_finetuned,counterfactual,template,2026,ctrl_codeswitch+norm,bongo_1125,0,0.005142
bilstm_finetuned,counterfactual,template,2026,ctrl_codeswitch+norm,bongo_1135,0,0.051320
bilstm_finetuned,counterfactual,template,2026,ctrl_codeswitch+norm,bongo_1155,0,0.000025
bilstm_finetuned,counterfactual,template,2026,ctrl_codeswitch+norm,bongo_1194,0,0.000729
bilstm_finetuned,counterfactual,template,2026,ctrl_codeswitch+norm,bongo_1198,0,0.000103
bilstm_finetuned,counterfactual,template,2026,ctrl_codeswitch+norm,bongo_1236,0,0.000054
bilstm_finetuned,counterfactual,template,2026,ctrl_codeswitch+norm,bongo_1244,0,0.000021
bilstm_finetuned,counterfactual,template,2026,ctrl_codeswitch+norm,bongo_1249,0,0.000009
bilstm_finetuned,counterfactual,template,2026,ctrl_codeswitch+norm,bongo_1253,0,0.081567
bilstm_finetuned,counterfactual,template,2026,ctrl_codeswitch+norm,bongo_1260,0,0.000027
bilstm_finetuned,counterfactual,template,2026,ctrl_codeswitch+norm,bongo_1262,0,0.000032
bilstm_finetuned,counterfactual,template,2026,ctrl_codeswitch+norm,bongo_1285,0,0.000023
bilstm_finetuned,counterfactual,template,2026,ctrl_codeswitch+norm,bongo_1316,0,0.000075
bilstm_finetuned,counterfactual,template,2026,ctrl_codeswitch+norm,bongo_1330,0,0.061334
bilstm_finetuned,counterfactual,template,2026,ctrl_codeswitch+norm,bongo_1359,0,0.004351
bilstm_finetuned,counterfactual,template,2026,ctrl_codeswitch+norm,bongo_1375,0,0.000035
bilstm_finetuned,counterfactual,template,2026,stress_genuine+phone,bongo_0029,0,0.005014
bilstm_finetuned,counterfactual,template,2026,stress_genuine+phone,bongo_0053,0,0.000035
bilstm_finetuned,counterfactual,template,2026,stress_genuine+phone,bongo_0097,0,0.000086
bilstm_finetuned,counterfactual,template,2026,stress_genuine+phone,bongo_0107,0,0.000028
bilstm_finetuned,counterfactual,template,2026,stress_genuine+phone,bongo_0110,0,0.000024
bilstm_finetuned,counterfactual,template,2026,stress_genuine+phone,bongo_0115,0,0.000068
bilstm_finetuned,counterfactual,template,2026,stress_genuine+phone,bongo_0143,0,0.000038
bilstm_finetuned,counterfactual,template,2026,stress_genuine+phone,bongo_0160,0,0.000026
bilstm_finetuned,counterfactual,template,2026,stress_genuine+phone,bongo_0172,0,0.054263
bilstm_finetuned,counterfactual,template,2026,stress_genuine+phone,bongo_0175,0,0.000022
bilstm_finetuned,counterfactual,template,2026,stress_genuine+phone,bongo_0182,0,0.000018
bilstm_finetuned,counterfactual,template,2026,stress_genuine+phone,bongo_0197,0,0.000030
bilstm_finetuned,counterfactual,template,2026,stress_genuine+phone,bongo_0253,0,0.000036
bilstm_finetuned,counterfactual,template,2026,stress_genuine+phone,bongo_0271,0,0.000026
bilstm_finetuned,counterfactual,template,2026,stress_genuine+phone,bongo_0300,0,0.000028
bilstm_finetuned,counterfactual,template,2026,stress_genuine+phone,bongo_0306,0,0.000034
bilstm_finetuned,counterfactual,template,2026,stress_genuine+phone,bongo_0363,0,0.000028
bilstm_finetuned,counterfactual,template,2026,stress_genuine+phone,bongo_0368,0,0.000060
bilstm_finetuned,counterfactual,template,2026,stress_genuine+phone,bongo_0372,0,0.000039
bilstm_finetuned,counterfactual,template,2026,stress_genuine+phone,bongo_0389,0,0.000026
bilstm_finetuned,counterfactual,template,2026,stress_genuine+phone,bongo_0395,0,0.000221
bilstm_finetuned,counterfactual,template,2026,stress_genuine+phone,bongo_0427,0,0.000049
bilstm_finetuned,counterfactual,template,2026,stress_genuine+phone,bongo_0463,0,0.000108
bilstm_finetuned,counterfactual,template,2026,stress_genuine+phone,bongo_0531,0,0.000061
bilstm_finetuned,counterfactual,template,2026,stress_genuine+phone,bongo_0542,0,0.000022
bilstm_finetuned,counterfactual,template,2026,stress_genuine+phone,bongo_0545,0,0.000025
bilstm_finetuned,counterfactual,template,2026,stress_genuine+phone,bongo_0571,0,0.000026
bilstm_finetuned,counterfactual,template,2026,stress_genuine+phone,bongo_0630,0,0.000065
bilstm_finetuned,counterfactual,template,2026,stress_genuine+phone,bongo_0648,0,0.000684
bilstm_finetuned,counterfactual,template,2026,stress_genuine+phone,bongo_0674,0,0.000028
bilstm_finetuned,counterfactual,template,2026,stress_genuine+phone,bongo_0685,0,0.025515
bilstm_finetuned,counterfactual,template,2026,stress_genuine+phone,bongo_0701,0,0.000024
bilstm_finetuned,counterfactual,template,2026,stress_genuine+phone,bongo_0741,0,0.000024
bilstm_finetuned,counterfactual,template,2026,stress_genuine+phone,bongo_0795,0,0.000079
bilstm_finetuned,counterfactual,template,2026,stress_genuine+phone,bongo_0818,0,0.000498
bilstm_finetuned,counterfactual,template,2026,stress_genuine+phone,bongo_0819,0,0.000070
bilstm_finetuned,counterfactual,template,2026,stress_genuine+phone,bongo_0835,0,0.000024
bilstm_finetuned,counterfactual,template,2026,stress_genuine+phone,bongo_0856,0,0.000038
bilstm_finetuned,counterfactual,template,2026,stress_genuine+phone,bongo_0872,0,0.000217
bilstm_finetuned,counterfactual,template,2026,stress_genuine+phone,bongo_0904,0,0.000068
bilstm_finetuned,counterfactual,template,2026,stress_genuine+phone,bongo_0950,0,0.000038
bilstm_finetuned,counterfactual,template,2026,stress_genuine+phone,bongo_0956,0,0.000023
bilstm_finetuned,counterfactual,template,2026,stress_genuine+phone,bongo_0971,0,0.000025
bilstm_finetuned,counterfactual,template,2026,stress_genuine+phone,bongo_0983,0,0.000044
bilstm_finetuned,counterfactual,template,2026,stress_genuine+phone,bongo_0994,0,0.000059
bilstm_finetuned,counterfactual,template,2026,stress_genuine+phone,bongo_1006,0,0.000031
bilstm_finetuned,counterfactual,template,2026,stress_genuine+phone,bongo_1015,0,0.000015
bilstm_finetuned,counterfactual,template,2026,stress_genuine+phone,bongo_1037,0,0.000034
bilstm_finetuned,counterfactual,template,2026,stress_genuine+phone,bongo_1040,0,0.000031
bilstm_finetuned,counterfactual,template,2026,stress_genuine+phone,bongo_1050,0,0.000024
bilstm_finetuned,counterfactual,template,2026,stress_genuine+phone,bongo_1059,0,0.000024
bilstm_finetuned,counterfactual,template,2026,stress_genuine+phone,bongo_1071,0,0.000028
bilstm_finetuned,counterfactual,template,2026,stress_genuine+phone,bongo_1090,0,0.000025
bilstm_finetuned,counterfactual,template,2026,stress_genuine+phone,bongo_1115,0,0.000009
bilstm_finetuned,counterfactual,template,2026,stress_genuine+phone,bongo_1123,0,0.000028
bilstm_finetuned,counterfactual,template,2026,stress_genuine+phone,bongo_1125,0,0.000489
bilstm_finetuned,counterfactual,template,2026,stress_genuine+phone,bongo_1135,0,0.047273
bilstm_finetuned,counterfactual,template,2026,stress_genuine+phone,bongo_1155,0,0.000026
bilstm_finetuned,counterfactual,template,2026,stress_genuine+phone,bongo_1194,0,0.000166
bilstm_finetuned,counterfactual,template,2026,stress_genuine+phone,bongo_1198,0,0.000051
bilstm_finetuned,counterfactual,template,2026,stress_genuine+phone,bongo_1236,0,0.000039
bilstm_finetuned,counterfactual,template,2026,stress_genuine+phone,bongo_1244,0,0.000021
bilstm_finetuned,counterfactual,template,2026,stress_genuine+phone,bongo_1249,0,0.000015
bilstm_finetuned,counterfactual,template,2026,stress_genuine+phone,bongo_1253,0,0.000054
bilstm_finetuned,counterfactual,template,2026,stress_genuine+phone,bongo_1260,0,0.000027
bilstm_finetuned,counterfactual,template,2026,stress_genuine+phone,bongo_1262,0,0.000028
bilstm_finetuned,counterfactual,template,2026,stress_genuine+phone,bongo_1285,0,0.000023
bilstm_finetuned,counterfactual,template,2026,stress_genuine+phone,bongo_1316,0,0.000050
bilstm_finetuned,counterfactual,template,2026,stress_genuine+phone,bongo_1330,0,0.007976
bilstm_finetuned,counterfactual,template,2026,stress_genuine+phone,bongo_1359,0,0.006651
bilstm_finetuned,counterfactual,template,2026,stress_genuine+phone,bongo_1375,0,0.000032
bilstm_finetuned,counterfactual,template,2026,stress_genuine+amount,bongo_0029,0,0.024863
bilstm_finetuned,counterfactual,template,2026,stress_genuine+amount,bongo_0053,0,0.000046
bilstm_finetuned,counterfactual,template,2026,stress_genuine+amount,bongo_0097,0,0.000699
bilstm_finetuned,counterfactual,template,2026,stress_genuine+amount,bongo_0107,0,0.000035
bilstm_finetuned,counterfactual,template,2026,stress_genuine+amount,bongo_0110,0,0.000030
bilstm_finetuned,counterfactual,template,2026,stress_genuine+amount,bongo_0115,0,0.000092
bilstm_finetuned,counterfactual,template,2026,stress_genuine+amount,bongo_0143,0,0.000047
bilstm_finetuned,counterfactual,template,2026,stress_genuine+amount,bongo_0160,0,0.000039
bilstm_finetuned,counterfactual,template,2026,stress_genuine+amount,bongo_0172,0,0.561831
bilstm_finetuned,counterfactual,template,2026,stress_genuine+amount,bongo_0175,0,0.000028
bilstm_finetuned,counterfactual,template,2026,stress_genuine+amount,bongo_0182,0,0.000022
bilstm_finetuned,counterfactual,template,2026,stress_genuine+amount,bongo_0197,0,0.000048
bilstm_finetuned,counterfactual,template,2026,stress_genuine+amount,bongo_0253,0,0.000143
bilstm_finetuned,counterfactual,template,2026,stress_genuine+amount,bongo_0271,0,0.000039
bilstm_finetuned,counterfactual,template,2026,stress_genuine+amount,bongo_0300,0,0.000039
bilstm_finetuned,counterfactual,template,2026,stress_genuine+amount,bongo_0306,0,0.000109
bilstm_finetuned,counterfactual,template,2026,stress_genuine+amount,bongo_0363,0,0.000097
bilstm_finetuned,counterfactual,template,2026,stress_genuine+amount,bongo_0368,0,0.000219
bilstm_finetuned,counterfactual,template,2026,stress_genuine+amount,bongo_0372,0,0.000074
bilstm_finetuned,counterfactual,template,2026,stress_genuine+amount,bongo_0389,0,0.000032
bilstm_finetuned,counterfactual,template,2026,stress_genuine+amount,bongo_0395,0,0.000351
bilstm_finetuned,counterfactual,template,2026,stress_genuine+amount,bongo_0427,0,0.000067
bilstm_finetuned,counterfactual,template,2026,stress_genuine+amount,bongo_0463,0,0.001393
bilstm_finetuned,counterfactual,template,2026,stress_genuine+amount,bongo_0531,0,0.000305
bilstm_finetuned,counterfactual,template,2026,stress_genuine+amount,bongo_0542,0,0.000029
bilstm_finetuned,counterfactual,template,2026,stress_genuine+amount,bongo_0545,0,0.000031
bilstm_finetuned,counterfactual,template,2026,stress_genuine+amount,bongo_0571,0,0.000032
bilstm_finetuned,counterfactual,template,2026,stress_genuine+amount,bongo_0630,0,0.000203
bilstm_finetuned,counterfactual,template,2026,stress_genuine+amount,bongo_0648,0,0.002568
bilstm_finetuned,counterfactual,template,2026,stress_genuine+amount,bongo_0674,0,0.000035
bilstm_finetuned,counterfactual,template,2026,stress_genuine+amount,bongo_0685,0,0.470983
bilstm_finetuned,counterfactual,template,2026,stress_genuine+amount,bongo_0701,0,0.071187
bilstm_finetuned,counterfactual,template,2026,stress_genuine+amount,bongo_0741,0,0.000044
bilstm_finetuned,counterfactual,template,2026,stress_genuine+amount,bongo_0795,0,0.000881
bilstm_finetuned,counterfactual,template,2026,stress_genuine+amount,bongo_0818,0,0.001292
bilstm_finetuned,counterfactual,template,2026,stress_genuine+amount,bongo_0819,0,0.000252
bilstm_finetuned,counterfactual,template,2026,stress_genuine+amount,bongo_0835,0,0.000032
bilstm_finetuned,counterfactual,template,2026,stress_genuine+amount,bongo_0856,0,0.000098
bilstm_finetuned,counterfactual,template,2026,stress_genuine+amount,bongo_0872,0,0.245522
bilstm_finetuned,counterfactual,template,2026,stress_genuine+amount,bongo_0904,0,0.004469
bilstm_finetuned,counterfactual,template,2026,stress_genuine+amount,bongo_0950,0,0.000051
bilstm_finetuned,counterfactual,template,2026,stress_genuine+amount,bongo_0956,0,0.000030
bilstm_finetuned,counterfactual,template,2026,stress_genuine+amount,bongo_0971,0,0.087480
bilstm_finetuned,counterfactual,template,2026,stress_genuine+amount,bongo_0983,0,0.000221
bilstm_finetuned,counterfactual,template,2026,stress_genuine+amount,bongo_0994,0,0.000105
bilstm_finetuned,counterfactual,template,2026,stress_genuine+amount,bongo_1006,0,0.000054
bilstm_finetuned,counterfactual,template,2026,stress_genuine+amount,bongo_1015,0,0.000019
bilstm_finetuned,counterfactual,template,2026,stress_genuine+amount,bongo_1037,0,0.000055
bilstm_finetuned,counterfactual,template,2026,stress_genuine+amount,bongo_1040,0,0.000045
bilstm_finetuned,counterfactual,template,2026,stress_genuine+amount,bongo_1050,0,0.000031
bilstm_finetuned,counterfactual,template,2026,stress_genuine+amount,bongo_1059,0,0.000030
bilstm_finetuned,counterfactual,template,2026,stress_genuine+amount,bongo_1071,0,0.000036
bilstm_finetuned,counterfactual,template,2026,stress_genuine+amount,bongo_1090,0,0.000032
bilstm_finetuned,counterfactual,template,2026,stress_genuine+amount,bongo_1115,0,0.000012
bilstm_finetuned,counterfactual,template,2026,stress_genuine+amount,bongo_1123,0,0.000060
bilstm_finetuned,counterfactual,template,2026,stress_genuine+amount,bongo_1125,0,0.001410
bilstm_finetuned,counterfactual,template,2026,stress_genuine+amount,bongo_1135,0,0.099350
bilstm_finetuned,counterfactual,template,2026,stress_genuine+amount,bongo_1155,0,0.000032
bilstm_finetuned,counterfactual,template,2026,stress_genuine+amount,bongo_1194,0,0.000888
bilstm_finetuned,counterfactual,template,2026,stress_genuine+amount,bongo_1198,0,0.000226
bilstm_finetuned,counterfactual,template,2026,stress_genuine+amount,bongo_1236,0,0.000067
bilstm_finetuned,counterfactual,template,2026,stress_genuine+amount,bongo_1244,0,0.000592
bilstm_finetuned,counterfactual,template,2026,stress_genuine+amount,bongo_1249,0,0.000019
bilstm_finetuned,counterfactual,template,2026,stress_genuine+amount,bongo_1253,0,0.563362
bilstm_finetuned,counterfactual,template,2026,stress_genuine+amount,bongo_1260,0,0.000034
bilstm_finetuned,counterfactual,template,2026,stress_genuine+amount,bongo_1262,0,0.412906
bilstm_finetuned,counterfactual,template,2026,stress_genuine+amount,bongo_1285,0,0.000032
bilstm_finetuned,counterfactual,template,2026,stress_genuine+amount,bongo_1316,0,0.000083
bilstm_finetuned,counterfactual,template,2026,stress_genuine+amount,bongo_1330,0,0.021145
bilstm_finetuned,counterfactual,template,2026,stress_genuine+amount,bongo_1359,0,0.008265
bilstm_finetuned,counterfactual,template,2026,stress_genuine+amount,bongo_1375,0,0.000059
bilstm_finetuned,counterfactual,template,2026,stress_scam-number,bongo_0025,1,0.999973
bilstm_finetuned,counterfactual,template,2026,stress_scam-number,bongo_0039,1,0.999985
bilstm_finetuned,counterfactual,template,2026,stress_scam-number,bongo_0047,1,0.999988
bilstm_finetuned,counterfactual,template,2026,stress_scam-number,bongo_0061,1,0.999535
bilstm_finetuned,counterfactual,template,2026,stress_scam-number,bongo_0146,1,0.999970
bilstm_finetuned,counterfactual,template,2026,stress_scam-number,bongo_0154,1,0.999976
bilstm_finetuned,counterfactual,template,2026,stress_scam-number,bongo_0195,1,0.999919
bilstm_finetuned,counterfactual,template,2026,stress_scam-number,bongo_0201,1,0.999989
bilstm_finetuned,counterfactual,template,2026,stress_scam-number,bongo_0203,1,0.999968
bilstm_finetuned,counterfactual,template,2026,stress_scam-number,bongo_0360,1,0.999958
bilstm_finetuned,counterfactual,template,2026,stress_scam-number,bongo_0361,1,0.999969
bilstm_finetuned,counterfactual,template,2026,stress_scam-number,bongo_0405,1,0.999888
bilstm_finetuned,counterfactual,template,2026,stress_scam-number,bongo_0424,1,0.999988
bilstm_finetuned,counterfactual,template,2026,stress_scam-number,bongo_0476,1,0.999928
bilstm_finetuned,counterfactual,template,2026,stress_scam-number,bongo_0510,1,0.999957
bilstm_finetuned,counterfactual,template,2026,stress_scam-number,bongo_0566,1,0.999990
bilstm_finetuned,counterfactual,template,2026,stress_scam-number,bongo_0577,1,0.999876
bilstm_finetuned,counterfactual,template,2026,stress_scam-number,bongo_0580,1,0.999933
bilstm_finetuned,counterfactual,template,2026,stress_scam-number,bongo_0621,1,0.999862
bilstm_finetuned,counterfactual,template,2026,stress_scam-number,bongo_0624,1,0.999973
bilstm_finetuned,counterfactual,template,2026,stress_scam-number,bongo_0638,1,0.999974
bilstm_finetuned,counterfactual,template,2026,stress_scam-number,bongo_0721,1,0.999921
bilstm_finetuned,counterfactual,template,2026,stress_scam-number,bongo_0729,1,0.999900
bilstm_finetuned,counterfactual,template,2026,stress_scam-number,bongo_0769,1,0.999976
bilstm_finetuned,counterfactual,template,2026,stress_scam-number,bongo_0787,1,0.999958
bilstm_finetuned,counterfactual,template,2026,stress_scam-number,bongo_0807,1,0.999950
bilstm_finetuned,counterfactual,template,2026,stress_scam-number,bongo_0840,1,0.999958
bilstm_finetuned,counterfactual,template,2026,stress_scam-number,bongo_0864,1,0.999985
bilstm_finetuned,counterfactual,template,2026,stress_scam-number,bongo_0871,1,0.999971
bilstm_finetuned,counterfactual,template,2026,stress_scam-number,bongo_0905,1,0.999985
bilstm_finetuned,counterfactual,template,2026,stress_scam-number,bongo_0909,1,0.999873
bilstm_finetuned,counterfactual,template,2026,stress_scam-number,bongo_0918,1,0.999872
bilstm_finetuned,counterfactual,template,2026,stress_scam-number,bongo_0955,1,0.999983
bilstm_finetuned,counterfactual,template,2026,stress_scam-number,bongo_0989,1,0.999973
bilstm_finetuned,counterfactual,template,2026,stress_scam-number,bongo_1042,1,0.999940
bilstm_finetuned,counterfactual,template,2026,stress_scam-number,bongo_1047,1,0.999985
bilstm_finetuned,counterfactual,template,2026,stress_scam-number,bongo_1052,1,0.999985
bilstm_finetuned,counterfactual,template,2026,stress_scam-number,bongo_1104,1,0.999984
bilstm_finetuned,counterfactual,template,2026,stress_scam-number,bongo_1131,1,0.999977
bilstm_finetuned,counterfactual,template,2026,stress_scam-number,bongo_1136,1,0.999976
bilstm_finetuned,counterfactual,template,2026,stress_scam-number,bongo_1138,1,0.999985
bilstm_finetuned,counterfactual,template,2026,stress_scam-number,bongo_1140,1,0.999859
bilstm_finetuned,counterfactual,template,2026,stress_scam-number,bongo_1154,1,0.999972
bilstm_finetuned,counterfactual,template,2026,stress_scam-number,bongo_1171,1,0.999984
bilstm_finetuned,counterfactual,template,2026,stress_scam-number,bongo_1181,1,0.999940
bilstm_finetuned,counterfactual,template,2026,stress_scam-number,bongo_1220,1,0.999985
bilstm_finetuned,counterfactual,template,2026,stress_scam-number,bongo_1233,1,0.999990
bilstm_finetuned,counterfactual,template,2026,stress_scam-number,bongo_1293,1,0.999953
bilstm_finetuned,counterfactual,template,2026,valstress_genuine+phone,bongo_0008,0,0.000034
bilstm_finetuned,counterfactual,template,2026,valstress_genuine+phone,bongo_0033,0,0.000026
bilstm_finetuned,counterfactual,template,2026,valstress_genuine+phone,bongo_0063,0,0.000032
bilstm_finetuned,counterfactual,template,2026,valstress_genuine+phone,bongo_0065,0,0.000040
bilstm_finetuned,counterfactual,template,2026,valstress_genuine+phone,bongo_0076,0,0.000023
bilstm_finetuned,counterfactual,template,2026,valstress_genuine+phone,bongo_0081,0,0.000028
bilstm_finetuned,counterfactual,template,2026,valstress_genuine+phone,bongo_0095,0,0.000027
bilstm_finetuned,counterfactual,template,2026,valstress_genuine+phone,bongo_0105,0,0.000025
bilstm_finetuned,counterfactual,template,2026,valstress_genuine+phone,bongo_0111,0,0.000025
bilstm_finetuned,counterfactual,template,2026,valstress_genuine+phone,bongo_0121,0,0.000041
bilstm_finetuned,counterfactual,template,2026,valstress_genuine+phone,bongo_0127,0,0.000021
bilstm_finetuned,counterfactual,template,2026,valstress_genuine+phone,bongo_0145,0,0.000032
bilstm_finetuned,counterfactual,template,2026,valstress_genuine+phone,bongo_0148,0,0.000328
bilstm_finetuned,counterfactual,template,2026,valstress_genuine+phone,bongo_0186,0,0.000026
bilstm_finetuned,counterfactual,template,2026,valstress_genuine+phone,bongo_0191,0,0.000024
bilstm_finetuned,counterfactual,template,2026,valstress_genuine+phone,bongo_0264,0,0.000085
bilstm_finetuned,counterfactual,template,2026,valstress_genuine+phone,bongo_0275,0,0.000032
bilstm_finetuned,counterfactual,template,2026,valstress_genuine+phone,bongo_0393,0,0.000036
bilstm_finetuned,counterfactual,template,2026,valstress_genuine+phone,bongo_0410,0,0.000022
bilstm_finetuned,counterfactual,template,2026,valstress_genuine+phone,bongo_0411,0,0.000033
bilstm_finetuned,counterfactual,template,2026,valstress_genuine+phone,bongo_0426,0,0.000016
bilstm_finetuned,counterfactual,template,2026,valstress_genuine+phone,bongo_0430,0,0.000093
bilstm_finetuned,counterfactual,template,2026,valstress_genuine+phone,bongo_0495,0,0.000102
bilstm_finetuned,counterfactual,template,2026,valstress_genuine+phone,bongo_0548,0,0.000031
bilstm_finetuned,counterfactual,template,2026,valstress_genuine+phone,bongo_0561,0,0.000401
bilstm_finetuned,counterfactual,template,2026,valstress_genuine+phone,bongo_0563,0,0.000030
bilstm_finetuned,counterfactual,template,2026,valstress_genuine+phone,bongo_0581,0,0.000025
bilstm_finetuned,counterfactual,template,2026,valstress_genuine+phone,bongo_0593,0,0.000023
bilstm_finetuned,counterfactual,template,2026,valstress_genuine+phone,bongo_0607,0,0.000030
bilstm_finetuned,counterfactual,template,2026,valstress_genuine+phone,bongo_0610,0,0.000016
bilstm_finetuned,counterfactual,template,2026,valstress_genuine+phone,bongo_0634,0,0.000037
bilstm_finetuned,counterfactual,template,2026,valstress_genuine+phone,bongo_0643,0,0.000034
bilstm_finetuned,counterfactual,template,2026,valstress_genuine+phone,bongo_0672,0,0.000065
bilstm_finetuned,counterfactual,template,2026,valstress_genuine+phone,bongo_0681,0,0.000031
bilstm_finetuned,counterfactual,template,2026,valstress_genuine+phone,bongo_0693,0,0.000025
bilstm_finetuned,counterfactual,template,2026,valstress_genuine+phone,bongo_0694,0,0.000202
bilstm_finetuned,counterfactual,template,2026,valstress_genuine+phone,bongo_0726,0,0.000062
bilstm_finetuned,counterfactual,template,2026,valstress_genuine+phone,bongo_0742,0,0.000027
bilstm_finetuned,counterfactual,template,2026,valstress_genuine+phone,bongo_0752,0,0.000035
bilstm_finetuned,counterfactual,template,2026,valstress_genuine+phone,bongo_0754,0,0.000016
bilstm_finetuned,counterfactual,template,2026,valstress_genuine+phone,bongo_0805,0,0.000024
bilstm_finetuned,counterfactual,template,2026,valstress_genuine+phone,bongo_0809,0,0.000026
bilstm_finetuned,counterfactual,template,2026,valstress_genuine+phone,bongo_0833,0,0.000034
bilstm_finetuned,counterfactual,template,2026,valstress_genuine+phone,bongo_0919,0,0.000024
bilstm_finetuned,counterfactual,template,2026,valstress_genuine+phone,bongo_0922,0,0.000028
bilstm_finetuned,counterfactual,template,2026,valstress_genuine+phone,bongo_0973,0,0.000031
bilstm_finetuned,counterfactual,template,2026,valstress_genuine+phone,bongo_0988,0,0.000032
bilstm_finetuned,counterfactual,template,2026,valstress_genuine+phone,bongo_0992,0,0.000085
bilstm_finetuned,counterfactual,template,2026,valstress_genuine+phone,bongo_1039,0,0.000026
bilstm_finetuned,counterfactual,template,2026,valstress_genuine+phone,bongo_1044,0,0.000022
bilstm_finetuned,counterfactual,template,2026,valstress_genuine+phone,bongo_1082,0,0.001880
bilstm_finetuned,counterfactual,template,2026,valstress_genuine+phone,bongo_1099,0,0.000107
bilstm_finetuned,counterfactual,template,2026,valstress_genuine+phone,bongo_1108,0,0.000027
bilstm_finetuned,counterfactual,template,2026,valstress_genuine+phone,bongo_1109,0,0.000032
bilstm_finetuned,counterfactual,template,2026,valstress_genuine+phone,bongo_1120,0,0.000021
bilstm_finetuned,counterfactual,template,2026,valstress_genuine+phone,bongo_1124,0,0.000025
bilstm_finetuned,counterfactual,template,2026,valstress_genuine+phone,bongo_1145,0,0.000036
bilstm_finetuned,counterfactual,template,2026,valstress_genuine+phone,bongo_1153,0,0.000032
bilstm_finetuned,counterfactual,template,2026,valstress_genuine+phone,bongo_1161,0,0.000076
bilstm_finetuned,counterfactual,template,2026,valstress_genuine+phone,bongo_1162,0,0.003091
bilstm_finetuned,counterfactual,template,2026,valstress_genuine+phone,bongo_1212,0,0.000032
bilstm_finetuned,counterfactual,template,2026,valstress_genuine+phone,bongo_1216,0,0.000158
bilstm_finetuned,counterfactual,template,2026,valstress_genuine+phone,bongo_1265,0,0.000032
bilstm_finetuned,counterfactual,template,2026,valstress_genuine+phone,bongo_1272,0,0.000038
bilstm_finetuned,counterfactual,template,2026,valstress_genuine+phone,bongo_1275,0,0.000019
bilstm_finetuned,counterfactual,template,2026,valstress_genuine+phone,bongo_1296,0,0.000032
bilstm_finetuned,counterfactual,template,2026,valstress_genuine+phone,bongo_1328,0,0.000027
bilstm_finetuned,counterfactual,template,2026,valstress_genuine+phone,bongo_1335,0,0.016969
bilstm_finetuned,counterfactual,template,2026,valstress_genuine+phone,bongo_1341,0,0.000039
bilstm_finetuned,counterfactual,template,2026,valstress_genuine+phone,bongo_1349,0,0.000036
bilstm_finetuned,counterfactual,template,2026,valstress_genuine+phone,bongo_1360,0,0.000025
bilstm_finetuned,counterfactual,template,2026,valstress_genuine+amount,bongo_0008,0,0.000099
bilstm_finetuned,counterfactual,template,2026,valstress_genuine+amount,bongo_0033,0,0.000051
bilstm_finetuned,counterfactual,template,2026,valstress_genuine+amount,bongo_0063,0,0.000126
bilstm_finetuned,counterfactual,template,2026,valstress_genuine+amount,bongo_0065,0,0.000110
bilstm_finetuned,counterfactual,template,2026,valstress_genuine+amount,bongo_0076,0,0.000033
bilstm_finetuned,counterfactual,template,2026,valstress_genuine+amount,bongo_0081,0,0.000042
bilstm_finetuned,counterfactual,template,2026,valstress_genuine+amount,bongo_0095,0,0.000034
bilstm_finetuned,counterfactual,template,2026,valstress_genuine+amount,bongo_0105,0,0.000033
bilstm_finetuned,counterfactual,template,2026,valstress_genuine+amount,bongo_0111,0,0.190117
bilstm_finetuned,counterfactual,template,2026,valstress_genuine+amount,bongo_0121,0,0.000151
bilstm_finetuned,counterfactual,template,2026,valstress_genuine+amount,bongo_0127,0,0.000026
bilstm_finetuned,counterfactual,template,2026,valstress_genuine+amount,bongo_0145,0,0.081829
bilstm_finetuned,counterfactual,template,2026,valstress_genuine+amount,bongo_0148,0,0.117459
bilstm_finetuned,counterfactual,template,2026,valstress_genuine+amount,bongo_0186,0,0.000033
bilstm_finetuned,counterfactual,template,2026,valstress_genuine+amount,bongo_0191,0,0.092765
bilstm_finetuned,counterfactual,template,2026,valstress_genuine+amount,bongo_0264,0,0.000198
bilstm_finetuned,counterfactual,template,2026,valstress_genuine+amount,bongo_0275,0,0.000064
bilstm_finetuned,counterfactual,template,2026,valstress_genuine+amount,bongo_0393,0,0.000048
bilstm_finetuned,counterfactual,template,2026,valstress_genuine+amount,bongo_0410,0,0.000028
bilstm_finetuned,counterfactual,template,2026,valstress_genuine+amount,bongo_0411,0,0.000045
bilstm_finetuned,counterfactual,template,2026,valstress_genuine+amount,bongo_0426,0,0.000023
bilstm_finetuned,counterfactual,template,2026,valstress_genuine+amount,bongo_0430,0,0.608779
bilstm_finetuned,counterfactual,template,2026,valstress_genuine+amount,bongo_0495,0,0.000298
bilstm_finetuned,counterfactual,template,2026,valstress_genuine+amount,bongo_0548,0,0.000039
bilstm_finetuned,counterfactual,template,2026,valstress_genuine+amount,bongo_0561,0,0.002290
bilstm_finetuned,counterfactual,template,2026,valstress_genuine+amount,bongo_0563,0,0.000039
bilstm_finetuned,counterfactual,template,2026,valstress_genuine+amount,bongo_0581,0,0.000032
bilstm_finetuned,counterfactual,template,2026,valstress_genuine+amount,bongo_0593,0,0.000033
bilstm_finetuned,counterfactual,template,2026,valstress_genuine+amount,bongo_0607,0,0.000051
bilstm_finetuned,counterfactual,template,2026,valstress_genuine+amount,bongo_0610,0,0.000020
bilstm_finetuned,counterfactual,template,2026,valstress_genuine+amount,bongo_0634,0,0.000058
bilstm_finetuned,counterfactual,template,2026,valstress_genuine+amount,bongo_0643,0,0.000052
bilstm_finetuned,counterfactual,template,2026,valstress_genuine+amount,bongo_0672,0,0.000385
bilstm_finetuned,counterfactual,template,2026,valstress_genuine+amount,bongo_0681,0,0.000270
bilstm_finetuned,counterfactual,template,2026,valstress_genuine+amount,bongo_0693,0,0.000031
bilstm_finetuned,counterfactual,template,2026,valstress_genuine+amount,bongo_0694,0,0.000628
bilstm_finetuned,counterfactual,template,2026,valstress_genuine+amount,bongo_0726,0,0.000508
bilstm_finetuned,counterfactual,template,2026,valstress_genuine+amount,bongo_0742,0,0.000038
bilstm_finetuned,counterfactual,template,2026,valstress_genuine+amount,bongo_0752,0,0.000130
bilstm_finetuned,counterfactual,template,2026,valstress_genuine+amount,bongo_0754,0,0.000020
bilstm_finetuned,counterfactual,template,2026,valstress_genuine+amount,bongo_0805,0,0.000034
bilstm_finetuned,counterfactual,template,2026,valstress_genuine+amount,bongo_0809,0,0.000033
bilstm_finetuned,counterfactual,template,2026,valstress_genuine+amount,bongo_0833,0,0.337125
bilstm_finetuned,counterfactual,template,2026,valstress_genuine+amount,bongo_0919,0,0.061748
bilstm_finetuned,counterfactual,template,2026,valstress_genuine+amount,bongo_0922,0,0.000068
bilstm_finetuned,counterfactual,template,2026,valstress_genuine+amount,bongo_0973,0,0.000040
bilstm_finetuned,counterfactual,template,2026,valstress_genuine+amount,bongo_0988,0,0.000058
bilstm_finetuned,counterfactual,template,2026,valstress_genuine+amount,bongo_0992,0,0.001354
bilstm_finetuned,counterfactual,template,2026,valstress_genuine+amount,bongo_1039,0,0.000033
bilstm_finetuned,counterfactual,template,2026,valstress_genuine+amount,bongo_1044,0,0.000030
bilstm_finetuned,counterfactual,template,2026,valstress_genuine+amount,bongo_1082,0,0.005939
bilstm_finetuned,counterfactual,template,2026,valstress_genuine+amount,bongo_1099,0,0.000614
bilstm_finetuned,counterfactual,template,2026,valstress_genuine+amount,bongo_1108,0,0.000037
bilstm_finetuned,counterfactual,template,2026,valstress_genuine+amount,bongo_1109,0,0.000081
bilstm_finetuned,counterfactual,template,2026,valstress_genuine+amount,bongo_1120,0,0.000027
bilstm_finetuned,counterfactual,template,2026,valstress_genuine+amount,bongo_1124,0,0.000034
bilstm_finetuned,counterfactual,template,2026,valstress_genuine+amount,bongo_1145,0,0.000079
bilstm_finetuned,counterfactual,template,2026,valstress_genuine+amount,bongo_1153,0,0.000040
bilstm_finetuned,counterfactual,template,2026,valstress_genuine+amount,bongo_1161,0,0.000116
bilstm_finetuned,counterfactual,template,2026,valstress_genuine+amount,bongo_1162,0,0.007702
bilstm_finetuned,counterfactual,template,2026,valstress_genuine+amount,bongo_1212,0,0.000048
bilstm_finetuned,counterfactual,template,2026,valstress_genuine+amount,bongo_1216,0,0.000517
bilstm_finetuned,counterfactual,template,2026,valstress_genuine+amount,bongo_1265,0,0.322998
bilstm_finetuned,counterfactual,template,2026,valstress_genuine+amount,bongo_1272,0,0.000141
bilstm_finetuned,counterfactual,template,2026,valstress_genuine+amount,bongo_1275,0,0.056460
bilstm_finetuned,counterfactual,template,2026,valstress_genuine+amount,bongo_1296,0,0.000042
bilstm_finetuned,counterfactual,template,2026,valstress_genuine+amount,bongo_1328,0,0.000046
bilstm_finetuned,counterfactual,template,2026,valstress_genuine+amount,bongo_1335,0,0.047460
bilstm_finetuned,counterfactual,template,2026,valstress_genuine+amount,bongo_1341,0,0.000077
bilstm_finetuned,counterfactual,template,2026,valstress_genuine+amount,bongo_1349,0,0.000131
bilstm_finetuned,counterfactual,template,2026,valstress_genuine+amount,bongo_1360,0,0.000031
bilstm_finetuned,counterfactual,template,2026,valstress_scam-number,bongo_0004,1,0.999972
bilstm_finetuned,counterfactual,template,2026,valstress_scam-number,bongo_0031,1,0.999972
bilstm_finetuned,counterfactual,template,2026,valstress_scam-number,bongo_0036,1,0.999984
bilstm_finetuned,counterfactual,template,2026,valstress_scam-number,bongo_0046,1,0.999972
bilstm_finetuned,counterfactual,template,2026,valstress_scam-number,bongo_0052,1,0.999960
bilstm_finetuned,counterfactual,template,2026,valstress_scam-number,bongo_0057,1,0.999927
bilstm_finetuned,counterfactual,template,2026,valstress_scam-number,bongo_0088,1,0.999958
bilstm_finetuned,counterfactual,template,2026,valstress_scam-number,bongo_0089,1,0.999972
bilstm_finetuned,counterfactual,template,2026,valstress_scam-number,bongo_0101,1,0.999880
bilstm_finetuned,counterfactual,template,2026,valstress_scam-number,bongo_0102,1,0.999988
bilstm_finetuned,counterfactual,template,2026,valstress_scam-number,bongo_0120,1,0.999972
bilstm_finetuned,counterfactual,template,2026,valstress_scam-number,bongo_0210,1,0.999980
bilstm_finetuned,counterfactual,template,2026,valstress_scam-number,bongo_0226,1,0.999972
bilstm_finetuned,counterfactual,template,2026,valstress_scam-number,bongo_0228,1,0.999972
bilstm_finetuned,counterfactual,template,2026,valstress_scam-number,bongo_0235,1,0.999972
bilstm_finetuned,counterfactual,template,2026,valstress_scam-number,bongo_0243,1,0.999985
bilstm_finetuned,counterfactual,template,2026,valstress_scam-number,bongo_0247,1,0.999973
bilstm_finetuned,counterfactual,template,2026,valstress_scam-number,bongo_0248,1,0.999989
bilstm_finetuned,counterfactual,template,2026,valstress_scam-number,bongo_0278,1,0.999985
bilstm_finetuned,counterfactual,template,2026,valstress_scam-number,bongo_0312,1,0.999972
bilstm_finetuned,counterfactual,template,2026,valstress_scam-number,bongo_0315,1,0.999975
bilstm_finetuned,counterfactual,template,2026,valstress_scam-number,bongo_0319,1,0.999988
bilstm_finetuned,counterfactual,template,2026,valstress_scam-number,bongo_0353,1,0.999985
bilstm_finetuned,counterfactual,template,2026,valstress_scam-number,bongo_0370,1,0.999960
bilstm_finetuned,counterfactual,template,2026,valstress_scam-number,bongo_0377,1,0.999936
bilstm_finetuned,counterfactual,template,2026,valstress_scam-number,bongo_0403,1,0.999987
bilstm_finetuned,counterfactual,template,2026,valstress_scam-number,bongo_0438,1,0.999916
bilstm_finetuned,counterfactual,template,2026,valstress_scam-number,bongo_0451,1,0.999898
bilstm_finetuned,counterfactual,template,2026,valstress_scam-number,bongo_0455,1,0.999975
bilstm_finetuned,counterfactual,template,2026,valstress_scam-number,bongo_0466,1,0.999958
bilstm_finetuned,counterfactual,template,2026,valstress_scam-number,bongo_0499,1,0.999977
bilstm_finetuned,counterfactual,template,2026,valstress_scam-number,bongo_0502,1,0.999949
bilstm_finetuned,counterfactual,template,2026,valstress_scam-number,bongo_0556,1,0.999955
bilstm_finetuned,counterfactual,template,2026,valstress_scam-number,bongo_0557,1,0.999949
bilstm_finetuned,counterfactual,template,2026,valstress_scam-number,bongo_0570,1,0.999972
bilstm_finetuned,counterfactual,template,2026,valstress_scam-number,bongo_0587,1,0.999949
bilstm_finetuned,counterfactual,template,2026,valstress_scam-number,bongo_0632,1,0.999988
bilstm_finetuned,counterfactual,template,2026,valstress_scam-number,bongo_0637,1,0.999978
bilstm_finetuned,counterfactual,template,2026,valstress_scam-number,bongo_0666,1,0.999958
bilstm_finetuned,counterfactual,template,2026,valstress_scam-number,bongo_0680,1,0.999892
bilstm_finetuned,counterfactual,template,2026,valstress_scam-number,bongo_0698,1,0.999972
bilstm_finetuned,counterfactual,template,2026,valstress_scam-number,bongo_0762,1,0.999877
bilstm_finetuned,counterfactual,template,2026,valstress_scam-number,bongo_0764,1,0.999988
bilstm_finetuned,counterfactual,template,2026,valstress_scam-number,bongo_0788,1,0.999985
bilstm_finetuned,counterfactual,template,2026,valstress_scam-number,bongo_0811,1,0.999978
bilstm_finetuned,counterfactual,template,2026,valstress_scam-number,bongo_0823,1,0.999937
bilstm_finetuned,counterfactual,template,2026,valstress_scam-number,bongo_0827,1,0.999978
bilstm_finetuned,counterfactual,template,2026,valstress_scam-number,bongo_0844,1,0.999972
bilstm_finetuned,counterfactual,template,2026,valstress_scam-number,bongo_0869,1,0.999985
bilstm_finetuned,counterfactual,template,2026,valstress_scam-number,bongo_0880,1,0.999985
bilstm_finetuned,counterfactual,template,2026,valstress_scam-number,bongo_0886,1,0.999930
bilstm_finetuned,counterfactual,template,2026,valstress_scam-number,bongo_0911,1,0.999935
bilstm_finetuned,counterfactual,template,2026,valstress_scam-number,bongo_0921,1,0.999966
bilstm_finetuned,counterfactual,template,2026,valstress_scam-number,bongo_0923,1,0.999976
bilstm_finetuned,counterfactual,template,2026,valstress_scam-number,bongo_0943,1,0.999986
bilstm_finetuned,counterfactual,template,2026,valstress_scam-number,bongo_0948,1,0.999976
bilstm_finetuned,counterfactual,template,2026,valstress_scam-number,bongo_0949,1,0.999858
bilstm_finetuned,counterfactual,template,2026,valstress_scam-number,bongo_0959,1,0.999974
bilstm_finetuned,counterfactual,template,2026,valstress_scam-number,bongo_0961,1,0.999963
bilstm_finetuned,counterfactual,template,2026,valstress_scam-number,bongo_1001,1,0.999969
bilstm_finetuned,counterfactual,template,2026,valstress_scam-number,bongo_1028,1,0.999971
bilstm_finetuned,counterfactual,template,2026,valstress_scam-number,bongo_1101,1,0.999958
bilstm_finetuned,counterfactual,template,2026,valstress_scam-number,bongo_1130,1,0.999988
bilstm_finetuned,counterfactual,template,2026,valstress_scam-number,bongo_1132,1,0.999901
bilstm_finetuned,counterfactual,template,2026,valstress_scam-number,bongo_1137,1,0.999977
bilstm_finetuned,counterfactual,template,2026,valstress_scam-number,bongo_1163,1,0.999976
bilstm_finetuned,counterfactual,template,2026,valstress_scam-number,bongo_1166,1,0.999982
bilstm_finetuned,counterfactual,template,2026,valstress_scam-number,bongo_1197,1,0.999902
bilstm_finetuned,counterfactual,template,2026,valstress_scam-number,bongo_1203,1,0.999965
bilstm_finetuned,counterfactual,template,2026,valstress_scam-number,bongo_1213,1,0.999943
bilstm_finetuned,counterfactual,template,2026,valstress_scam-number,bongo_1247,1,0.999932
bilstm_finetuned,counterfactual,template,2026,valstress_scam-number,bongo_1251,1,0.999972
bilstm_finetuned,counterfactual,template,2026,valstress_scam-number,bongo_1257,1,0.999953
bilstm_finetuned,counterfactual,template,2026,valstress_scam-number,bongo_1258,1,0.999972
bilstm_finetuned,counterfactual,template,2026,valstress_scam-number,bongo_1299,1,0.999901
bilstm_finetuned,counterfactual,template,2026,valstress_scam-number,bongo_1307,1,0.999955
bilstm_finetuned,counterfactual,template,2026,ctrlall_lookalike,bongo_0029,0,0.267355
bilstm_finetuned,counterfactual,template,2026,ctrlall_lookalike,bongo_0053,0,0.000054
bilstm_finetuned,counterfactual,template,2026,ctrlall_lookalike,bongo_0097,0,0.398204
bilstm_finetuned,counterfactual,template,2026,ctrlall_lookalike,bongo_0107,0,0.000034
bilstm_finetuned,counterfactual,template,2026,ctrlall_lookalike,bongo_0110,0,0.000019
bilstm_finetuned,counterfactual,template,2026,ctrlall_lookalike,bongo_0115,0,0.122902
bilstm_finetuned,counterfactual,template,2026,ctrlall_lookalike,bongo_0143,0,0.000024
bilstm_finetuned,counterfactual,template,2026,ctrlall_lookalike,bongo_0160,0,0.999936
bilstm_finetuned,counterfactual,template,2026,ctrlall_lookalike,bongo_0172,0,0.663053
bilstm_finetuned,counterfactual,template,2026,ctrlall_lookalike,bongo_0175,0,0.626760
bilstm_finetuned,counterfactual,template,2026,ctrlall_lookalike,bongo_0182,0,0.000018
bilstm_finetuned,counterfactual,template,2026,ctrlall_lookalike,bongo_0197,0,0.996889
bilstm_finetuned,counterfactual,template,2026,ctrlall_lookalike,bongo_0253,0,0.315706
bilstm_finetuned,counterfactual,template,2026,ctrlall_lookalike,bongo_0271,0,0.000064
bilstm_finetuned,counterfactual,template,2026,ctrlall_lookalike,bongo_0300,0,0.381713
bilstm_finetuned,counterfactual,template,2026,ctrlall_lookalike,bongo_0306,0,0.256231
bilstm_finetuned,counterfactual,template,2026,ctrlall_lookalike,bongo_0363,0,0.185962
bilstm_finetuned,counterfactual,template,2026,ctrlall_lookalike,bongo_0368,0,0.195145
bilstm_finetuned,counterfactual,template,2026,ctrlall_lookalike,bongo_0372,0,0.145086
bilstm_finetuned,counterfactual,template,2026,ctrlall_lookalike,bongo_0389,0,0.199372
bilstm_finetuned,counterfactual,template,2026,ctrlall_lookalike,bongo_0395,0,0.000027
bilstm_finetuned,counterfactual,template,2026,ctrlall_lookalike,bongo_0427,0,0.275025
bilstm_finetuned,counterfactual,template,2026,ctrlall_lookalike,bongo_0463,0,0.000304
bilstm_finetuned,counterfactual,template,2026,ctrlall_lookalike,bongo_0531,0,0.193245
bilstm_finetuned,counterfactual,template,2026,ctrlall_lookalike,bongo_0542,0,0.992586
bilstm_finetuned,counterfactual,template,2026,ctrlall_lookalike,bongo_0545,0,0.252449
bilstm_finetuned,counterfactual,template,2026,ctrlall_lookalike,bongo_0571,0,0.572918
bilstm_finetuned,counterfactual,template,2026,ctrlall_lookalike,bongo_0630,0,0.050699
bilstm_finetuned,counterfactual,template,2026,ctrlall_lookalike,bongo_0648,0,0.243146
bilstm_finetuned,counterfactual,template,2026,ctrlall_lookalike,bongo_0674,0,0.000038
bilstm_finetuned,counterfactual,template,2026,ctrlall_lookalike,bongo_0685,0,0.000085
bilstm_finetuned,counterfactual,template,2026,ctrlall_lookalike,bongo_0701,0,0.068880
bilstm_finetuned,counterfactual,template,2026,ctrlall_lookalike,bongo_0741,0,0.096889
bilstm_finetuned,counterfactual,template,2026,ctrlall_lookalike,bongo_0795,0,0.766758
bilstm_finetuned,counterfactual,template,2026,ctrlall_lookalike,bongo_0818,0,0.005159
bilstm_finetuned,counterfactual,template,2026,ctrlall_lookalike,bongo_0819,0,0.365103
bilstm_finetuned,counterfactual,template,2026,ctrlall_lookalike,bongo_0835,0,0.286169
bilstm_finetuned,counterfactual,template,2026,ctrlall_lookalike,bongo_0856,0,0.222381
bilstm_finetuned,counterfactual,template,2026,ctrlall_lookalike,bongo_0872,0,0.536885
bilstm_finetuned,counterfactual,template,2026,ctrlall_lookalike,bongo_0904,0,0.426197
bilstm_finetuned,counterfactual,template,2026,ctrlall_lookalike,bongo_0950,0,0.000031
bilstm_finetuned,counterfactual,template,2026,ctrlall_lookalike,bongo_0956,0,0.371993
bilstm_finetuned,counterfactual,template,2026,ctrlall_lookalike,bongo_0971,0,0.210185
bilstm_finetuned,counterfactual,template,2026,ctrlall_lookalike,bongo_0983,0,0.159742
bilstm_finetuned,counterfactual,template,2026,ctrlall_lookalike,bongo_0994,0,0.033039
bilstm_finetuned,counterfactual,template,2026,ctrlall_lookalike,bongo_1006,0,0.996225
bilstm_finetuned,counterfactual,template,2026,ctrlall_lookalike,bongo_1015,0,0.999888
bilstm_finetuned,counterfactual,template,2026,ctrlall_lookalike,bongo_1037,0,0.465981
bilstm_finetuned,counterfactual,template,2026,ctrlall_lookalike,bongo_1040,0,0.999454
bilstm_finetuned,counterfactual,template,2026,ctrlall_lookalike,bongo_1050,0,0.289007
bilstm_finetuned,counterfactual,template,2026,ctrlall_lookalike,bongo_1059,0,0.440562
bilstm_finetuned,counterfactual,template,2026,ctrlall_lookalike,bongo_1071,0,0.142438
bilstm_finetuned,counterfactual,template,2026,ctrlall_lookalike,bongo_1090,0,0.000025
bilstm_finetuned,counterfactual,template,2026,ctrlall_lookalike,bongo_1115,0,0.999852
bilstm_finetuned,counterfactual,template,2026,ctrlall_lookalike,bongo_1123,0,0.169699
bilstm_finetuned,counterfactual,template,2026,ctrlall_lookalike,bongo_1125,0,0.614283
bilstm_finetuned,counterfactual,template,2026,ctrlall_lookalike,bongo_1135,0,0.297894
bilstm_finetuned,counterfactual,template,2026,ctrlall_lookalike,bongo_1155,0,0.197438
bilstm_finetuned,counterfactual,template,2026,ctrlall_lookalike,bongo_1194,0,0.000071
bilstm_finetuned,counterfactual,template,2026,ctrlall_lookalike,bongo_1198,0,0.041171
bilstm_finetuned,counterfactual,template,2026,ctrlall_lookalike,bongo_1236,0,0.103627
bilstm_finetuned,counterfactual,template,2026,ctrlall_lookalike,bongo_1244,0,0.999435
bilstm_finetuned,counterfactual,template,2026,ctrlall_lookalike,bongo_1249,0,0.000032
bilstm_finetuned,counterfactual,template,2026,ctrlall_lookalike,bongo_1253,0,0.999390
bilstm_finetuned,counterfactual,template,2026,ctrlall_lookalike,bongo_1260,0,0.475754
bilstm_finetuned,counterfactual,template,2026,ctrlall_lookalike,bongo_1262,0,0.690621
bilstm_finetuned,counterfactual,template,2026,ctrlall_lookalike,bongo_1285,0,0.435169
bilstm_finetuned,counterfactual,template,2026,ctrlall_lookalike,bongo_1316,0,0.000038
bilstm_finetuned,counterfactual,template,2026,ctrlall_lookalike,bongo_1330,0,0.024956
bilstm_finetuned,counterfactual,template,2026,ctrlall_lookalike,bongo_1359,0,0.000051
bilstm_finetuned,counterfactual,template,2026,ctrlall_lookalike,bongo_1375,0,0.565094
bilstm_finetuned,counterfactual,template,2026,ctrlall_structural,bongo_0029,0,0.999990
bilstm_finetuned,counterfactual,template,2026,ctrlall_structural,bongo_0053,0,0.999988
bilstm_finetuned,counterfactual,template,2026,ctrlall_structural,bongo_0097,0,0.999969
bilstm_finetuned,counterfactual,template,2026,ctrlall_structural,bongo_0107,0,0.638565
bilstm_finetuned,counterfactual,template,2026,ctrlall_structural,bongo_0110,0,0.517960
bilstm_finetuned,counterfactual,template,2026,ctrlall_structural,bongo_0115,0,0.999986
bilstm_finetuned,counterfactual,template,2026,ctrlall_structural,bongo_0143,0,0.999993
bilstm_finetuned,counterfactual,template,2026,ctrlall_structural,bongo_0160,0,0.999984
bilstm_finetuned,counterfactual,template,2026,ctrlall_structural,bongo_0172,0,0.999991
bilstm_finetuned,counterfactual,template,2026,ctrlall_structural,bongo_0175,0,0.999990
bilstm_finetuned,counterfactual,template,2026,ctrlall_structural,bongo_0182,0,0.538751
bilstm_finetuned,counterfactual,template,2026,ctrlall_structural,bongo_0197,0,0.999962
bilstm_finetuned,counterfactual,template,2026,ctrlall_structural,bongo_0253,0,0.999990
bilstm_finetuned,counterfactual,template,2026,ctrlall_structural,bongo_0271,0,0.999983
bilstm_finetuned,counterfactual,template,2026,ctrlall_structural,bongo_0300,0,0.999975
bilstm_finetuned,counterfactual,template,2026,ctrlall_structural,bongo_0306,0,0.999975
bilstm_finetuned,counterfactual,template,2026,ctrlall_structural,bongo_0363,0,0.999986
bilstm_finetuned,counterfactual,template,2026,ctrlall_structural,bongo_0368,0,0.999989
bilstm_finetuned,counterfactual,template,2026,ctrlall_structural,bongo_0372,0,0.999989
bilstm_finetuned,counterfactual,template,2026,ctrlall_structural,bongo_0389,0,0.999986
bilstm_finetuned,counterfactual,template,2026,ctrlall_structural,bongo_0395,0,0.639416
bilstm_finetuned,counterfactual,template,2026,ctrlall_structural,bongo_0427,0,0.999993
bilstm_finetuned,counterfactual,template,2026,ctrlall_structural,bongo_0463,0,0.999976
bilstm_finetuned,counterfactual,template,2026,ctrlall_structural,bongo_0531,0,0.999959
bilstm_finetuned,counterfactual,template,2026,ctrlall_structural,bongo_0542,0,0.999988
bilstm_finetuned,counterfactual,template,2026,ctrlall_structural,bongo_0545,0,0.999987
bilstm_finetuned,counterfactual,template,2026,ctrlall_structural,bongo_0571,0,0.628926
bilstm_finetuned,counterfactual,template,2026,ctrlall_structural,bongo_0630,0,0.999991
bilstm_finetuned,counterfactual,template,2026,ctrlall_structural,bongo_0648,0,0.999987
bilstm_finetuned,counterfactual,template,2026,ctrlall_structural,bongo_0674,0,0.651812
bilstm_finetuned,counterfactual,template,2026,ctrlall_structural,bongo_0685,0,0.999983
bilstm_finetuned,counterfactual,template,2026,ctrlall_structural,bongo_0701,0,0.999972
bilstm_finetuned,counterfactual,template,2026,ctrlall_structural,bongo_0741,0,0.999970
bilstm_finetuned,counterfactual,template,2026,ctrlall_structural,bongo_0795,0,0.999983
bilstm_finetuned,counterfactual,template,2026,ctrlall_structural,bongo_0818,0,0.999992
bilstm_finetuned,counterfactual,template,2026,ctrlall_structural,bongo_0819,0,0.999985
bilstm_finetuned,counterfactual,template,2026,ctrlall_structural,bongo_0835,0,0.999994
bilstm_finetuned,counterfactual,template,2026,ctrlall_structural,bongo_0856,0,0.999990
bilstm_finetuned,counterfactual,template,2026,ctrlall_structural,bongo_0872,0,0.999973
bilstm_finetuned,counterfactual,template,2026,ctrlall_structural,bongo_0904,0,0.999991
bilstm_finetuned,counterfactual,template,2026,ctrlall_structural,bongo_0950,0,0.619470
bilstm_finetuned,counterfactual,template,2026,ctrlall_structural,bongo_0956,0,0.999989
bilstm_finetuned,counterfactual,template,2026,ctrlall_structural,bongo_0971,0,0.999994
bilstm_finetuned,counterfactual,template,2026,ctrlall_structural,bongo_0983,0,0.999990
bilstm_finetuned,counterfactual,template,2026,ctrlall_structural,bongo_0994,0,0.999969
bilstm_finetuned,counterfactual,template,2026,ctrlall_structural,bongo_1006,0,0.806136
bilstm_finetuned,counterfactual,template,2026,ctrlall_structural,bongo_1015,0,0.999992
bilstm_finetuned,counterfactual,template,2026,ctrlall_structural,bongo_1037,0,0.999979
bilstm_finetuned,counterfactual,template,2026,ctrlall_structural,bongo_1040,0,0.999990
bilstm_finetuned,counterfactual,template,2026,ctrlall_structural,bongo_1050,0,0.999984
bilstm_finetuned,counterfactual,template,2026,ctrlall_structural,bongo_1059,0,0.668481
bilstm_finetuned,counterfactual,template,2026,ctrlall_structural,bongo_1071,0,0.999989
bilstm_finetuned,counterfactual,template,2026,ctrlall_structural,bongo_1090,0,0.619872
bilstm_finetuned,counterfactual,template,2026,ctrlall_structural,bongo_1115,0,0.999988
bilstm_finetuned,counterfactual,template,2026,ctrlall_structural,bongo_1123,0,0.999988
bilstm_finetuned,counterfactual,template,2026,ctrlall_structural,bongo_1125,0,0.999993
bilstm_finetuned,counterfactual,template,2026,ctrlall_structural,bongo_1135,0,0.999989
bilstm_finetuned,counterfactual,template,2026,ctrlall_structural,bongo_1155,0,0.999982
bilstm_finetuned,counterfactual,template,2026,ctrlall_structural,bongo_1194,0,0.999985
bilstm_finetuned,counterfactual,template,2026,ctrlall_structural,bongo_1198,0,0.999985
bilstm_finetuned,counterfactual,template,2026,ctrlall_structural,bongo_1236,0,0.999971
bilstm_finetuned,counterfactual,template,2026,ctrlall_structural,bongo_1244,0,0.999986
bilstm_finetuned,counterfactual,template,2026,ctrlall_structural,bongo_1249,0,0.999994
bilstm_finetuned,counterfactual,template,2026,ctrlall_structural,bongo_1253,0,0.999993
bilstm_finetuned,counterfactual,template,2026,ctrlall_structural,bongo_1260,0,0.999968
bilstm_finetuned,counterfactual,template,2026,ctrlall_structural,bongo_1262,0,0.999993
bilstm_finetuned,counterfactual,template,2026,ctrlall_structural,bongo_1285,0,0.999964
bilstm_finetuned,counterfactual,template,2026,ctrlall_structural,bongo_1316,0,0.531525
bilstm_finetuned,counterfactual,template,2026,ctrlall_structural,bongo_1330,0,0.940529
bilstm_finetuned,counterfactual,template,2026,ctrlall_structural,bongo_1359,0,0.999965
bilstm_finetuned,counterfactual,template,2026,ctrlall_structural,bongo_1375,0,0.999977
bilstm_finetuned,counterfactual,template,2026,ctrlall_codeswitch,bongo_0029,0,0.056582
bilstm_finetuned,counterfactual,template,2026,ctrlall_codeswitch,bongo_0053,0,0.000036
bilstm_finetuned,counterfactual,template,2026,ctrlall_codeswitch,bongo_0097,0,0.000242
bilstm_finetuned,counterfactual,template,2026,ctrlall_codeswitch,bongo_0107,0,0.000015
bilstm_finetuned,counterfactual,template,2026,ctrlall_codeswitch,bongo_0110,0,0.000013
bilstm_finetuned,counterfactual,template,2026,ctrlall_codeswitch,bongo_0115,0,0.000096
bilstm_finetuned,counterfactual,template,2026,ctrlall_codeswitch,bongo_0143,0,0.000021
bilstm_finetuned,counterfactual,template,2026,ctrlall_codeswitch,bongo_0160,0,0.000028
bilstm_finetuned,counterfactual,template,2026,ctrlall_codeswitch,bongo_0172,0,0.401530
bilstm_finetuned,counterfactual,template,2026,ctrlall_codeswitch,bongo_0175,0,0.000022
bilstm_finetuned,counterfactual,template,2026,ctrlall_codeswitch,bongo_0182,0,0.000010
bilstm_finetuned,counterfactual,template,2026,ctrlall_codeswitch,bongo_0197,0,0.000031
bilstm_finetuned,counterfactual,template,2026,ctrlall_codeswitch,bongo_0253,0,0.000044
bilstm_finetuned,counterfactual,template,2026,ctrlall_codeswitch,bongo_0271,0,0.000027
bilstm_finetuned,counterfactual,template,2026,ctrlall_codeswitch,bongo_0300,0,0.000030
bilstm_finetuned,counterfactual,template,2026,ctrlall_codeswitch,bongo_0306,0,0.000046
bilstm_finetuned,counterfactual,template,2026,ctrlall_codeswitch,bongo_0363,0,0.000031
bilstm_finetuned,counterfactual,template,2026,ctrlall_codeswitch,bongo_0368,0,0.000112
bilstm_finetuned,counterfactual,template,2026,ctrlall_codeswitch,bongo_0372,0,0.000050
bilstm_finetuned,counterfactual,template,2026,ctrlall_codeswitch,bongo_0389,0,0.000025
bilstm_finetuned,counterfactual,template,2026,ctrlall_codeswitch,bongo_0395,0,0.000623
bilstm_finetuned,counterfactual,template,2026,ctrlall_codeswitch,bongo_0427,0,0.001474
bilstm_finetuned,counterfactual,template,2026,ctrlall_codeswitch,bongo_0463,0,0.000229
bilstm_finetuned,counterfactual,template,2026,ctrlall_codeswitch,bongo_0531,0,0.000124
bilstm_finetuned,counterfactual,template,2026,ctrlall_codeswitch,bongo_0542,0,0.000023
bilstm_finetuned,counterfactual,template,2026,ctrlall_codeswitch,bongo_0545,0,0.000024
bilstm_finetuned,counterfactual,template,2026,ctrlall_codeswitch,bongo_0571,0,0.000020
bilstm_finetuned,counterfactual,template,2026,ctrlall_codeswitch,bongo_0630,0,0.000157
bilstm_finetuned,counterfactual,template,2026,ctrlall_codeswitch,bongo_0648,0,0.007797
bilstm_finetuned,counterfactual,template,2026,ctrlall_codeswitch,bongo_0674,0,0.000016
bilstm_finetuned,counterfactual,template,2026,ctrlall_codeswitch,bongo_0685,0,0.636807
bilstm_finetuned,counterfactual,template,2026,ctrlall_codeswitch,bongo_0701,0,0.000025
bilstm_finetuned,counterfactual,template,2026,ctrlall_codeswitch,bongo_0741,0,0.000024
bilstm_finetuned,counterfactual,template,2026,ctrlall_codeswitch,bongo_0795,0,0.000246
bilstm_finetuned,counterfactual,template,2026,ctrlall_codeswitch,bongo_0818,0,0.004661
bilstm_finetuned,counterfactual,template,2026,ctrlall_codeswitch,bongo_0819,0,0.000134
bilstm_finetuned,counterfactual,template,2026,ctrlall_codeswitch,bongo_0835,0,0.000024
bilstm_finetuned,counterfactual,template,2026,ctrlall_codeswitch,bongo_0856,0,0.000050
bilstm_finetuned,counterfactual,template,2026,ctrlall_codeswitch,bongo_0872,0,0.000838
bilstm_finetuned,counterfactual,template,2026,ctrlall_codeswitch,bongo_0904,0,0.000152
bilstm_finetuned,counterfactual,template,2026,ctrlall_codeswitch,bongo_0950,0,0.000029
bilstm_finetuned,counterfactual,template,2026,ctrlall_codeswitch,bongo_0956,0,0.000023
bilstm_finetuned,counterfactual,template,2026,ctrlall_codeswitch,bongo_0971,0,0.000025
bilstm_finetuned,counterfactual,template,2026,ctrlall_codeswitch,bongo_0983,0,0.000067
bilstm_finetuned,counterfactual,template,2026,ctrlall_codeswitch,bongo_0994,0,0.000109
bilstm_finetuned,counterfactual,template,2026,ctrlall_codeswitch,bongo_1006,0,0.000030
bilstm_finetuned,counterfactual,template,2026,ctrlall_codeswitch,bongo_1015,0,0.000015
bilstm_finetuned,counterfactual,template,2026,ctrlall_codeswitch,bongo_1037,0,0.000043
bilstm_finetuned,counterfactual,template,2026,ctrlall_codeswitch,bongo_1040,0,0.000031
bilstm_finetuned,counterfactual,template,2026,ctrlall_codeswitch,bongo_1050,0,0.000024
bilstm_finetuned,counterfactual,template,2026,ctrlall_codeswitch,bongo_1059,0,0.000019
bilstm_finetuned,counterfactual,template,2026,ctrlall_codeswitch,bongo_1071,0,0.000027
bilstm_finetuned,counterfactual,template,2026,ctrlall_codeswitch,bongo_1090,0,0.000015
bilstm_finetuned,counterfactual,template,2026,ctrlall_codeswitch,bongo_1115,0,0.000009
bilstm_finetuned,counterfactual,template,2026,ctrlall_codeswitch,bongo_1123,0,0.000032
bilstm_finetuned,counterfactual,template,2026,ctrlall_codeswitch,bongo_1125,0,0.005142
bilstm_finetuned,counterfactual,template,2026,ctrlall_codeswitch,bongo_1135,0,0.051320
bilstm_finetuned,counterfactual,template,2026,ctrlall_codeswitch,bongo_1155,0,0.000025
bilstm_finetuned,counterfactual,template,2026,ctrlall_codeswitch,bongo_1194,0,0.000729
bilstm_finetuned,counterfactual,template,2026,ctrlall_codeswitch,bongo_1198,0,0.000103
bilstm_finetuned,counterfactual,template,2026,ctrlall_codeswitch,bongo_1236,0,0.000054
bilstm_finetuned,counterfactual,template,2026,ctrlall_codeswitch,bongo_1244,0,0.000021
bilstm_finetuned,counterfactual,template,2026,ctrlall_codeswitch,bongo_1249,0,0.000009
bilstm_finetuned,counterfactual,template,2026,ctrlall_codeswitch,bongo_1253,0,0.081567
bilstm_finetuned,counterfactual,template,2026,ctrlall_codeswitch,bongo_1260,0,0.000027
bilstm_finetuned,counterfactual,template,2026,ctrlall_codeswitch,bongo_1262,0,0.000032
bilstm_finetuned,counterfactual,template,2026,ctrlall_codeswitch,bongo_1285,0,0.000023
bilstm_finetuned,counterfactual,template,2026,ctrlall_codeswitch,bongo_1316,0,0.000075
bilstm_finetuned,counterfactual,template,2026,ctrlall_codeswitch,bongo_1330,0,0.061334
bilstm_finetuned,counterfactual,template,2026,ctrlall_codeswitch,bongo_1359,0,0.004351
bilstm_finetuned,counterfactual,template,2026,ctrlall_codeswitch,bongo_1375,0,0.000035
bilstm_finetuned,counterfactual,template,2026,test_xatk_lookalike_all,bongo_0025,1,0.999942
bilstm_finetuned,counterfactual,template,2026,test_xatk_lookalike_all,bongo_0029,0,0.056582
bilstm_finetuned,counterfactual,template,2026,test_xatk_lookalike_all,bongo_0039,1,0.999924
bilstm_finetuned,counterfactual,template,2026,test_xatk_lookalike_all,bongo_0047,1,0.999985
bilstm_finetuned,counterfactual,template,2026,test_xatk_lookalike_all,bongo_0053,0,0.000036
bilstm_finetuned,counterfactual,template,2026,test_xatk_lookalike_all,bongo_0055,1,0.019956
bilstm_finetuned,counterfactual,template,2026,test_xatk_lookalike_all,bongo_0061,1,0.999767
bilstm_finetuned,counterfactual,template,2026,test_xatk_lookalike_all,bongo_0097,0,0.000212
bilstm_finetuned,counterfactual,template,2026,test_xatk_lookalike_all,bongo_0107,0,0.000015
bilstm_finetuned,counterfactual,template,2026,test_xatk_lookalike_all,bongo_0110,0,0.000013
bilstm_finetuned,counterfactual,template,2026,test_xatk_lookalike_all,bongo_0112,1,0.195486
bilstm_finetuned,counterfactual,template,2026,test_xatk_lookalike_all,bongo_0115,0,0.000074
bilstm_finetuned,counterfactual,template,2026,test_xatk_lookalike_all,bongo_0143,0,0.000021
bilstm_finetuned,counterfactual,template,2026,test_xatk_lookalike_all,bongo_0146,1,0.999970
bilstm_finetuned,counterfactual,template,2026,test_xatk_lookalike_all,bongo_0154,1,0.999945
bilstm_finetuned,counterfactual,template,2026,test_xatk_lookalike_all,bongo_0159,1,0.020844
bilstm_finetuned,counterfactual,template,2026,test_xatk_lookalike_all,bongo_0160,0,0.000028
bilstm_finetuned,counterfactual,template,2026,test_xatk_lookalike_all,bongo_0172,0,0.291826
bilstm_finetuned,counterfactual,template,2026,test_xatk_lookalike_all,bongo_0173,1,0.020546
bilstm_finetuned,counterfactual,template,2026,test_xatk_lookalike_all,bongo_0175,0,0.000022
bilstm_finetuned,counterfactual,template,2026,test_xatk_lookalike_all,bongo_0182,0,0.000010
bilstm_finetuned,counterfactual,template,2026,test_xatk_lookalike_all,bongo_0195,1,0.996992
bilstm_finetuned,counterfactual,template,2026,test_xatk_lookalike_all,bongo_0197,0,0.000031
bilstm_finetuned,counterfactual,template,2026,test_xatk_lookalike_all,bongo_0201,1,0.728547
bilstm_finetuned,counterfactual,template,2026,test_xatk_lookalike_all,bongo_0203,1,0.097197
bilstm_finetuned,counterfactual,template,2026,test_xatk_lookalike_all,bongo_0250,1,0.020848
bilstm_finetuned,counterfactual,template,2026,test_xatk_lookalike_all,bongo_0253,0,0.000044
bilstm_finetuned,counterfactual,template,2026,test_xatk_lookalike_all,bongo_0255,1,0.063391
bilstm_finetuned,counterfactual,template,2026,test_xatk_lookalike_all,bongo_0265,1,0.022187
bilstm_finetuned,counterfactual,template,2026,test_xatk_lookalike_all,bongo_0271,0,0.000027
bilstm_finetuned,counterfactual,template,2026,test_xatk_lookalike_all,bongo_0300,0,0.000030
bilstm_finetuned,counterfactual,template,2026,test_xatk_lookalike_all,bongo_0306,0,0.000046
bilstm_finetuned,counterfactual,template,2026,test_xatk_lookalike_all,bongo_0356,1,0.210748
bilstm_finetuned,counterfactual,template,2026,test_xatk_lookalike_all,bongo_0360,1,0.999958
bilstm_finetuned,counterfactual,template,2026,test_xatk_lookalike_all,bongo_0361,1,0.159514
bilstm_finetuned,counterfactual,template,2026,test_xatk_lookalike_all,bongo_0363,0,0.000031
bilstm_finetuned,counterfactual,template,2026,test_xatk_lookalike_all,bongo_0368,0,0.000098
bilstm_finetuned,counterfactual,template,2026,test_xatk_lookalike_all,bongo_0372,0,0.000050
bilstm_finetuned,counterfactual,template,2026,test_xatk_lookalike_all,bongo_0380,1,0.061536
bilstm_finetuned,counterfactual,template,2026,test_xatk_lookalike_all,bongo_0389,0,0.000025
bilstm_finetuned,counterfactual,template,2026,test_xatk_lookalike_all,bongo_0395,0,0.000623
bilstm_finetuned,counterfactual,template,2026,test_xatk_lookalike_all,bongo_0405,1,0.293249
bilstm_finetuned,counterfactual,template,2026,test_xatk_lookalike_all,bongo_0424,1,0.999973
bilstm_finetuned,counterfactual,template,2026,test_xatk_lookalike_all,bongo_0427,0,0.000049
bilstm_finetuned,counterfactual,template,2026,test_xatk_lookalike_all,bongo_0434,1,0.020879
bilstm_finetuned,counterfactual,template,2026,test_xatk_lookalike_all,bongo_0463,0,0.000329
bilstm_finetuned,counterfactual,template,2026,test_xatk_lookalike_all,bongo_0476,1,0.220533
bilstm_finetuned,counterfactual,template,2026,test_xatk_lookalike_all,bongo_0510,1,0.651777
bilstm_finetuned,counterfactual,template,2026,test_xatk_lookalike_all,bongo_0531,0,0.000124
bilstm_finetuned,counterfactual,template,2026,test_xatk_lookalike_all,bongo_0542,0,0.000023
bilstm_finetuned,counterfactual,template,2026,test_xatk_lookalike_all,bongo_0545,0,0.000024
bilstm_finetuned,counterfactual,template,2026,test_xatk_lookalike_all,bongo_0560,1,0.999934
bilstm_finetuned,counterfactual,template,2026,test_xatk_lookalike_all,bongo_0565,1,0.419039
bilstm_finetuned,counterfactual,template,2026,test_xatk_lookalike_all,bongo_0566,1,0.999990
bilstm_finetuned,counterfactual,template,2026,test_xatk_lookalike_all,bongo_0571,0,0.000020
bilstm_finetuned,counterfactual,template,2026,test_xatk_lookalike_all,bongo_0577,1,0.363710
bilstm_finetuned,counterfactual,template,2026,test_xatk_lookalike_all,bongo_0580,1,0.426720
bilstm_finetuned,counterfactual,template,2026,test_xatk_lookalike_all,bongo_0621,1,0.713230
bilstm_finetuned,counterfactual,template,2026,test_xatk_lookalike_all,bongo_0624,1,0.999980
bilstm_finetuned,counterfactual,template,2026,test_xatk_lookalike_all,bongo_0630,0,0.000157
bilstm_finetuned,counterfactual,template,2026,test_xatk_lookalike_all,bongo_0638,1,0.999974
bilstm_finetuned,counterfactual,template,2026,test_xatk_lookalike_all,bongo_0648,0,0.007797
bilstm_finetuned,counterfactual,template,2026,test_xatk_lookalike_all,bongo_0674,0,0.000016
bilstm_finetuned,counterfactual,template,2026,test_xatk_lookalike_all,bongo_0685,0,0.021249
bilstm_finetuned,counterfactual,template,2026,test_xatk_lookalike_all,bongo_0697,1,0.416229
bilstm_finetuned,counterfactual,template,2026,test_xatk_lookalike_all,bongo_0701,0,0.000025
bilstm_finetuned,counterfactual,template,2026,test_xatk_lookalike_all,bongo_0706,1,0.194648
bilstm_finetuned,counterfactual,template,2026,test_xatk_lookalike_all,bongo_0719,1,0.067608
bilstm_finetuned,counterfactual,template,2026,test_xatk_lookalike_all,bongo_0721,1,0.330112
bilstm_finetuned,counterfactual,template,2026,test_xatk_lookalike_all,bongo_0724,1,0.418765
bilstm_finetuned,counterfactual,template,2026,test_xatk_lookalike_all,bongo_0729,1,0.297246
bilstm_finetuned,counterfactual,template,2026,test_xatk_lookalike_all,bongo_0741,0,0.000024
bilstm_finetuned,counterfactual,template,2026,test_xatk_lookalike_all,bongo_0749,1,0.098664
bilstm_finetuned,counterfactual,template,2026,test_xatk_lookalike_all,bongo_0769,1,0.412089
bilstm_finetuned,counterfactual,template,2026,test_xatk_lookalike_all,bongo_0770,1,0.019897
bilstm_finetuned,counterfactual,template,2026,test_xatk_lookalike_all,bongo_0778,1,0.091388
bilstm_finetuned,counterfactual,template,2026,test_xatk_lookalike_all,bongo_0787,1,0.999958
bilstm_finetuned,counterfactual,template,2026,test_xatk_lookalike_all,bongo_0795,0,0.000246
bilstm_finetuned,counterfactual,template,2026,test_xatk_lookalike_all,bongo_0806,1,0.417140
bilstm_finetuned,counterfactual,template,2026,test_xatk_lookalike_all,bongo_0807,1,0.681364
bilstm_finetuned,counterfactual,template,2026,test_xatk_lookalike_all,bongo_0818,0,0.004661
bilstm_finetuned,counterfactual,template,2026,test_xatk_lookalike_all,bongo_0819,0,0.000134
bilstm_finetuned,counterfactual,template,2026,test_xatk_lookalike_all,bongo_0835,0,0.000024
bilstm_finetuned,counterfactual,template,2026,test_xatk_lookalike_all,bongo_0840,1,0.999958
bilstm_finetuned,counterfactual,template,2026,test_xatk_lookalike_all,bongo_0855,1,0.415484
bilstm_finetuned,counterfactual,template,2026,test_xatk_lookalike_all,bongo_0856,0,0.000050
bilstm_finetuned,counterfactual,template,2026,test_xatk_lookalike_all,bongo_0864,1,0.999985
bilstm_finetuned,counterfactual,template,2026,test_xatk_lookalike_all,bongo_0871,1,0.999976
bilstm_finetuned,counterfactual,template,2026,test_xatk_lookalike_all,bongo_0872,0,0.004264
bilstm_finetuned,counterfactual,template,2026,test_xatk_lookalike_all,bongo_0904,0,0.000137
bilstm_finetuned,counterfactual,template,2026,test_xatk_lookalike_all,bongo_0905,1,0.999622
bilstm_finetuned,counterfactual,template,2026,test_xatk_lookalike_all,bongo_0909,1,0.290143
bilstm_finetuned,counterfactual,template,2026,test_xatk_lookalike_all,bongo_0917,1,0.019902
bilstm_finetuned,counterfactual,template,2026,test_xatk_lookalike_all,bongo_0918,1,0.000100
bilstm_finetuned,counterfactual,template,2026,test_xatk_lookalike_all,bongo_0950,0,0.000029
bilstm_finetuned,counterfactual,template,2026,test_xatk_lookalike_all,bongo_0955,1,0.719453
bilstm_finetuned,counterfactual,template,2026,test_xatk_lookalike_all,bongo_0956,0,0.000023
bilstm_finetuned,counterfactual,template,2026,test_xatk_lookalike_all,bongo_0971,0,0.000025
bilstm_finetuned,counterfactual,template,2026,test_xatk_lookalike_all,bongo_0983,0,0.000067
bilstm_finetuned,counterfactual,template,2026,test_xatk_lookalike_all,bongo_0989,1,0.999978
bilstm_finetuned,counterfactual,template,2026,test_xatk_lookalike_all,bongo_0994,0,0.000094
bilstm_finetuned,counterfactual,template,2026,test_xatk_lookalike_all,bongo_1003,1,0.999934
bilstm_finetuned,counterfactual,template,2026,test_xatk_lookalike_all,bongo_1006,0,0.000031
bilstm_finetuned,counterfactual,template,2026,test_xatk_lookalike_all,bongo_1012,1,0.091729
bilstm_finetuned,counterfactual,template,2026,test_xatk_lookalike_all,bongo_1015,0,0.000015
bilstm_finetuned,counterfactual,template,2026,test_xatk_lookalike_all,bongo_1022,1,0.067735
bilstm_finetuned,counterfactual,template,2026,test_xatk_lookalike_all,bongo_1037,0,0.000043
bilstm_finetuned,counterfactual,template,2026,test_xatk_lookalike_all,bongo_1040,0,0.000031
bilstm_finetuned,counterfactual,template,2026,test_xatk_lookalike_all,bongo_1042,1,0.627316
bilstm_finetuned,counterfactual,template,2026,test_xatk_lookalike_all,bongo_1047,1,0.999351
bilstm_finetuned,counterfactual,template,2026,test_xatk_lookalike_all,bongo_1050,0,0.000024
bilstm_finetuned,counterfactual,template,2026,test_xatk_lookalike_all,bongo_1052,1,0.647165
bilstm_finetuned,counterfactual,template,2026,test_xatk_lookalike_all,bongo_1059,0,0.000019
bilstm_finetuned,counterfactual,template,2026,test_xatk_lookalike_all,bongo_1071,0,0.000027
bilstm_finetuned,counterfactual,template,2026,test_xatk_lookalike_all,bongo_1090,0,0.000015
bilstm_finetuned,counterfactual,template,2026,test_xatk_lookalike_all,bongo_1104,1,0.999983
bilstm_finetuned,counterfactual,template,2026,test_xatk_lookalike_all,bongo_1115,0,0.000009
bilstm_finetuned,counterfactual,template,2026,test_xatk_lookalike_all,bongo_1123,0,0.000032
bilstm_finetuned,counterfactual,template,2026,test_xatk_lookalike_all,bongo_1125,0,0.005142
bilstm_finetuned,counterfactual,template,2026,test_xatk_lookalike_all,bongo_1127,1,0.021590
bilstm_finetuned,counterfactual,template,2026,test_xatk_lookalike_all,bongo_1131,1,0.999236
bilstm_finetuned,counterfactual,template,2026,test_xatk_lookalike_all,bongo_1134,1,0.194944
bilstm_finetuned,counterfactual,template,2026,test_xatk_lookalike_all,bongo_1135,0,0.051320
bilstm_finetuned,counterfactual,template,2026,test_xatk_lookalike_all,bongo_1136,1,0.999950
bilstm_finetuned,counterfactual,template,2026,test_xatk_lookalike_all,bongo_1138,1,0.999895
bilstm_finetuned,counterfactual,template,2026,test_xatk_lookalike_all,bongo_1140,1,0.319131
bilstm_finetuned,counterfactual,template,2026,test_xatk_lookalike_all,bongo_1154,1,0.999960
bilstm_finetuned,counterfactual,template,2026,test_xatk_lookalike_all,bongo_1155,0,0.000025
bilstm_finetuned,counterfactual,template,2026,test_xatk_lookalike_all,bongo_1171,1,0.674682
bilstm_finetuned,counterfactual,template,2026,test_xatk_lookalike_all,bongo_1181,1,0.478989
bilstm_finetuned,counterfactual,template,2026,test_xatk_lookalike_all,bongo_1185,1,0.061478
bilstm_finetuned,counterfactual,template,2026,test_xatk_lookalike_all,bongo_1194,0,0.000729
bilstm_finetuned,counterfactual,template,2026,test_xatk_lookalike_all,bongo_1195,1,0.419675
bilstm_finetuned,counterfactual,template,2026,test_xatk_lookalike_all,bongo_1198,0,0.000103
bilstm_finetuned,counterfactual,template,2026,test_xatk_lookalike_all,bongo_1204,1,0.021461
bilstm_finetuned,counterfactual,template,2026,test_xatk_lookalike_all,bongo_1220,1,0.999986
bilstm_finetuned,counterfactual,template,2026,test_xatk_lookalike_all,bongo_1233,1,0.999990
bilstm_finetuned,counterfactual,template,2026,test_xatk_lookalike_all,bongo_1236,0,0.000054
bilstm_finetuned,counterfactual,template,2026,test_xatk_lookalike_all,bongo_1240,1,0.063569
bilstm_finetuned,counterfactual,template,2026,test_xatk_lookalike_all,bongo_1244,0,0.000023
bilstm_finetuned,counterfactual,template,2026,test_xatk_lookalike_all,bongo_1249,0,0.000009
bilstm_finetuned,counterfactual,template,2026,test_xatk_lookalike_all,bongo_1253,0,0.081567
bilstm_finetuned,counterfactual,template,2026,test_xatk_lookalike_all,bongo_1260,0,0.000027
bilstm_finetuned,counterfactual,template,2026,test_xatk_lookalike_all,bongo_1262,0,0.000032
bilstm_finetuned,counterfactual,template,2026,test_xatk_lookalike_all,bongo_1278,1,0.090256
bilstm_finetuned,counterfactual,template,2026,test_xatk_lookalike_all,bongo_1285,0,0.000023
bilstm_finetuned,counterfactual,template,2026,test_xatk_lookalike_all,bongo_1293,1,0.999954
bilstm_finetuned,counterfactual,template,2026,test_xatk_lookalike_all,bongo_1316,0,0.000075
bilstm_finetuned,counterfactual,template,2026,test_xatk_lookalike_all,bongo_1327,1,0.020012
bilstm_finetuned,counterfactual,template,2026,test_xatk_lookalike_all,bongo_1330,0,0.061334
bilstm_finetuned,counterfactual,template,2026,test_xatk_lookalike_all,bongo_1359,0,0.004311
bilstm_finetuned,counterfactual,template,2026,test_xatk_lookalike_all,bongo_1375,0,0.000035
bilstm_finetuned,counterfactual,template,2026,test_xatk_structural_all,bongo_0025,1,0.999942
bilstm_finetuned,counterfactual,template,2026,test_xatk_structural_all,bongo_0029,0,0.056582
bilstm_finetuned,counterfactual,template,2026,test_xatk_structural_all,bongo_0039,1,0.999986
bilstm_finetuned,counterfactual,template,2026,test_xatk_structural_all,bongo_0047,1,0.999985
bilstm_finetuned,counterfactual,template,2026,test_xatk_structural_all,bongo_0053,0,0.000036
bilstm_finetuned,counterfactual,template,2026,test_xatk_structural_all,bongo_0055,1,0.023500
bilstm_finetuned,counterfactual,template,2026,test_xatk_structural_all,bongo_0061,1,0.999970
bilstm_finetuned,counterfactual,template,2026,test_xatk_structural_all,bongo_0097,0,0.000212
bilstm_finetuned,counterfactual,template,2026,test_xatk_structural_all,bongo_0107,0,0.000015
bilstm_finetuned,counterfactual,template,2026,test_xatk_structural_all,bongo_0110,0,0.000013
bilstm_finetuned,counterfactual,template,2026,test_xatk_structural_all,bongo_0112,1,0.232223
bilstm_finetuned,counterfactual,template,2026,test_xatk_structural_all,bongo_0115,0,0.000074
bilstm_finetuned,counterfactual,template,2026,test_xatk_structural_all,bongo_0143,0,0.000021
bilstm_finetuned,counterfactual,template,2026,test_xatk_structural_all,bongo_0146,1,0.999970
bilstm_finetuned,counterfactual,template,2026,test_xatk_structural_all,bongo_0154,1,0.999945
bilstm_finetuned,counterfactual,template,2026,test_xatk_structural_all,bongo_0159,1,0.023707
bilstm_finetuned,counterfactual,template,2026,test_xatk_structural_all,bongo_0160,0,0.000028
bilstm_finetuned,counterfactual,template,2026,test_xatk_structural_all,bongo_0172,0,0.291826
bilstm_finetuned,counterfactual,template,2026,test_xatk_structural_all,bongo_0173,1,0.332729
bilstm_finetuned,counterfactual,template,2026,test_xatk_structural_all,bongo_0175,0,0.000022
bilstm_finetuned,counterfactual,template,2026,test_xatk_structural_all,bongo_0182,0,0.000010
bilstm_finetuned,counterfactual,template,2026,test_xatk_structural_all,bongo_0195,1,0.999980
bilstm_finetuned,counterfactual,template,2026,test_xatk_structural_all,bongo_0197,0,0.000031
bilstm_finetuned,counterfactual,template,2026,test_xatk_structural_all,bongo_0201,1,0.999993
bilstm_finetuned,counterfactual,template,2026,test_xatk_structural_all,bongo_0203,1,0.999992
bilstm_finetuned,counterfactual,template,2026,test_xatk_structural_all,bongo_0250,1,0.065160
bilstm_finetuned,counterfactual,template,2026,test_xatk_structural_all,bongo_0253,0,0.000044
bilstm_finetuned,counterfactual,template,2026,test_xatk_structural_all,bongo_0255,1,0.074362
bilstm_finetuned,counterfactual,template,2026,test_xatk_structural_all,bongo_0265,1,0.045753
bilstm_finetuned,counterfactual,template,2026,test_xatk_structural_all,bongo_0271,0,0.000027
bilstm_finetuned,counterfactual,template,2026,test_xatk_structural_all,bongo_0300,0,0.000030
bilstm_finetuned,counterfactual,template,2026,test_xatk_structural_all,bongo_0306,0,0.000046
bilstm_finetuned,counterfactual,template,2026,test_xatk_structural_all,bongo_0356,1,0.240773
bilstm_finetuned,counterfactual,template,2026,test_xatk_structural_all,bongo_0360,1,0.999958
bilstm_finetuned,counterfactual,template,2026,test_xatk_structural_all,bongo_0361,1,0.999969
bilstm_finetuned,counterfactual,template,2026,test_xatk_structural_all,bongo_0363,0,0.000031
bilstm_finetuned,counterfactual,template,2026,test_xatk_structural_all,bongo_0368,0,0.000098
bilstm_finetuned,counterfactual,template,2026,test_xatk_structural_all,bongo_0372,0,0.000050
bilstm_finetuned,counterfactual,template,2026,test_xatk_structural_all,bongo_0380,1,0.076043
bilstm_finetuned,counterfactual,template,2026,test_xatk_structural_all,bongo_0389,0,0.000025
bilstm_finetuned,counterfactual,template,2026,test_xatk_structural_all,bongo_0395,0,0.000623
bilstm_finetuned,counterfactual,template,2026,test_xatk_structural_all,bongo_0405,1,0.999982
bilstm_finetuned,counterfactual,template,2026,test_xatk_structural_all,bongo_0424,1,0.999987
bilstm_finetuned,counterfactual,template,2026,test_xatk_structural_all,bongo_0427,0,0.000049
bilstm_finetuned,counterfactual,template,2026,test_xatk_structural_all,bongo_0434,1,0.022766
bilstm_finetuned,counterfactual,template,2026,test_xatk_structural_all,bongo_0463,0,0.000329
bilstm_finetuned,counterfactual,template,2026,test_xatk_structural_all,bongo_0476,1,0.999974
bilstm_finetuned,counterfactual,template,2026,test_xatk_structural_all,bongo_0510,1,0.999993
bilstm_finetuned,counterfactual,template,2026,test_xatk_structural_all,bongo_0531,0,0.000124
bilstm_finetuned,counterfactual,template,2026,test_xatk_structural_all,bongo_0542,0,0.000023
bilstm_finetuned,counterfactual,template,2026,test_xatk_structural_all,bongo_0545,0,0.000024
bilstm_finetuned,counterfactual,template,2026,test_xatk_structural_all,bongo_0560,1,0.999934
bilstm_finetuned,counterfactual,template,2026,test_xatk_structural_all,bongo_0565,1,0.234253
bilstm_finetuned,counterfactual,template,2026,test_xatk_structural_all,bongo_0566,1,0.999990
bilstm_finetuned,counterfactual,template,2026,test_xatk_structural_all,bongo_0571,0,0.000020
bilstm_finetuned,counterfactual,template,2026,test_xatk_structural_all,bongo_0577,1,0.999985
bilstm_finetuned,counterfactual,template,2026,test_xatk_structural_all,bongo_0580,1,0.999968
bilstm_finetuned,counterfactual,template,2026,test_xatk_structural_all,bongo_0621,1,0.999978
bilstm_finetuned,counterfactual,template,2026,test_xatk_structural_all,bongo_0624,1,0.999993
bilstm_finetuned,counterfactual,template,2026,test_xatk_structural_all,bongo_0630,0,0.000157
bilstm_finetuned,counterfactual,template,2026,test_xatk_structural_all,bongo_0638,1,0.999976
bilstm_finetuned,counterfactual,template,2026,test_xatk_structural_all,bongo_0648,0,0.007797
bilstm_finetuned,counterfactual,template,2026,test_xatk_structural_all,bongo_0674,0,0.000016
bilstm_finetuned,counterfactual,template,2026,test_xatk_structural_all,bongo_0685,0,0.021249
bilstm_finetuned,counterfactual,template,2026,test_xatk_structural_all,bongo_0697,1,0.238556
bilstm_finetuned,counterfactual,template,2026,test_xatk_structural_all,bongo_0701,0,0.000025
bilstm_finetuned,counterfactual,template,2026,test_xatk_structural_all,bongo_0706,1,0.239195
bilstm_finetuned,counterfactual,template,2026,test_xatk_structural_all,bongo_0719,1,0.115158
bilstm_finetuned,counterfactual,template,2026,test_xatk_structural_all,bongo_0721,1,0.999964
bilstm_finetuned,counterfactual,template,2026,test_xatk_structural_all,bongo_0724,1,0.432748
bilstm_finetuned,counterfactual,template,2026,test_xatk_structural_all,bongo_0729,1,0.999988
bilstm_finetuned,counterfactual,template,2026,test_xatk_structural_all,bongo_0741,0,0.000024
bilstm_finetuned,counterfactual,template,2026,test_xatk_structural_all,bongo_0749,1,0.147801
bilstm_finetuned,counterfactual,template,2026,test_xatk_structural_all,bongo_0769,1,0.999987
bilstm_finetuned,counterfactual,template,2026,test_xatk_structural_all,bongo_0770,1,0.035305
bilstm_finetuned,counterfactual,template,2026,test_xatk_structural_all,bongo_0778,1,0.147968
bilstm_finetuned,counterfactual,template,2026,test_xatk_structural_all,bongo_0787,1,0.999958
bilstm_finetuned,counterfactual,template,2026,test_xatk_structural_all,bongo_0795,0,0.000246
bilstm_finetuned,counterfactual,template,2026,test_xatk_structural_all,bongo_0806,1,0.999968
bilstm_finetuned,counterfactual,template,2026,test_xatk_structural_all,bongo_0807,1,0.999991
bilstm_finetuned,counterfactual,template,2026,test_xatk_structural_all,bongo_0818,0,0.004661
bilstm_finetuned,counterfactual,template,2026,test_xatk_structural_all,bongo_0819,0,0.000134
bilstm_finetuned,counterfactual,template,2026,test_xatk_structural_all,bongo_0835,0,0.000024
bilstm_finetuned,counterfactual,template,2026,test_xatk_structural_all,bongo_0840,1,0.999958
bilstm_finetuned,counterfactual,template,2026,test_xatk_structural_all,bongo_0855,1,0.323129
bilstm_finetuned,counterfactual,template,2026,test_xatk_structural_all,bongo_0856,0,0.000050
bilstm_finetuned,counterfactual,template,2026,test_xatk_structural_all,bongo_0864,1,0.999985
bilstm_finetuned,counterfactual,template,2026,test_xatk_structural_all,bongo_0871,1,0.999987
bilstm_finetuned,counterfactual,template,2026,test_xatk_structural_all,bongo_0872,0,0.004264
bilstm_finetuned,counterfactual,template,2026,test_xatk_structural_all,bongo_0904,0,0.000137
bilstm_finetuned,counterfactual,template,2026,test_xatk_structural_all,bongo_0905,1,0.999990
bilstm_finetuned,counterfactual,template,2026,test_xatk_structural_all,bongo_0909,1,0.999989
bilstm_finetuned,counterfactual,template,2026,test_xatk_structural_all,bongo_0917,1,0.023302
bilstm_finetuned,counterfactual,template,2026,test_xatk_structural_all,bongo_0918,1,0.999989
bilstm_finetuned,counterfactual,template,2026,test_xatk_structural_all,bongo_0950,0,0.000029
bilstm_finetuned,counterfactual,template,2026,test_xatk_structural_all,bongo_0955,1,0.999993
bilstm_finetuned,counterfactual,template,2026,test_xatk_structural_all,bongo_0956,0,0.000023
bilstm_finetuned,counterfactual,template,2026,test_xatk_structural_all,bongo_0971,0,0.000025
bilstm_finetuned,counterfactual,template,2026,test_xatk_structural_all,bongo_0983,0,0.000067
bilstm_finetuned,counterfactual,template,2026,test_xatk_structural_all,bongo_0989,1,0.999988
bilstm_finetuned,counterfactual,template,2026,test_xatk_structural_all,bongo_0994,0,0.000094
bilstm_finetuned,counterfactual,template,2026,test_xatk_structural_all,bongo_1003,1,0.999934
bilstm_finetuned,counterfactual,template,2026,test_xatk_structural_all,bongo_1006,0,0.000031
bilstm_finetuned,counterfactual,template,2026,test_xatk_structural_all,bongo_1012,1,0.999891
bilstm_finetuned,counterfactual,template,2026,test_xatk_structural_all,bongo_1015,0,0.000015
bilstm_finetuned,counterfactual,template,2026,test_xatk_structural_all,bongo_1022,1,0.999858
bilstm_finetuned,counterfactual,template,2026,test_xatk_structural_all,bongo_1037,0,0.000043
bilstm_finetuned,counterfactual,template,2026,test_xatk_structural_all,bongo_1040,0,0.000031
bilstm_finetuned,counterfactual,template,2026,test_xatk_structural_all,bongo_1042,1,0.999992
bilstm_finetuned,counterfactual,template,2026,test_xatk_structural_all,bongo_1047,1,0.999986
bilstm_finetuned,counterfactual,template,2026,test_xatk_structural_all,bongo_1050,0,0.000024
bilstm_finetuned,counterfactual,template,2026,test_xatk_structural_all,bongo_1052,1,0.999989
bilstm_finetuned,counterfactual,template,2026,test_xatk_structural_all,bongo_1059,0,0.000019
bilstm_finetuned,counterfactual,template,2026,test_xatk_structural_all,bongo_1071,0,0.000027
bilstm_finetuned,counterfactual,template,2026,test_xatk_structural_all,bongo_1090,0,0.000015
bilstm_finetuned,counterfactual,template,2026,test_xatk_structural_all,bongo_1104,1,0.999991
bilstm_finetuned,counterfactual,template,2026,test_xatk_structural_all,bongo_1115,0,0.000009
bilstm_finetuned,counterfactual,template,2026,test_xatk_structural_all,bongo_1123,0,0.000032
bilstm_finetuned,counterfactual,template,2026,test_xatk_structural_all,bongo_1125,0,0.005142
bilstm_finetuned,counterfactual,template,2026,test_xatk_structural_all,bongo_1127,1,0.336682
bilstm_finetuned,counterfactual,template,2026,test_xatk_structural_all,bongo_1131,1,0.999988
bilstm_finetuned,counterfactual,template,2026,test_xatk_structural_all,bongo_1134,1,0.236065
bilstm_finetuned,counterfactual,template,2026,test_xatk_structural_all,bongo_1135,0,0.051320
bilstm_finetuned,counterfactual,template,2026,test_xatk_structural_all,bongo_1136,1,0.999950
bilstm_finetuned,counterfactual,template,2026,test_xatk_structural_all,bongo_1138,1,0.999989
bilstm_finetuned,counterfactual,template,2026,test_xatk_structural_all,bongo_1140,1,0.999984
bilstm_finetuned,counterfactual,template,2026,test_xatk_structural_all,bongo_1154,1,0.999974
bilstm_finetuned,counterfactual,template,2026,test_xatk_structural_all,bongo_1155,0,0.000025
bilstm_finetuned,counterfactual,template,2026,test_xatk_structural_all,bongo_1171,1,0.999991
bilstm_finetuned,counterfactual,template,2026,test_xatk_structural_all,bongo_1181,1,0.999950
bilstm_finetuned,counterfactual,template,2026,test_xatk_structural_all,bongo_1185,1,0.117190
bilstm_finetuned,counterfactual,template,2026,test_xatk_structural_all,bongo_1194,0,0.000729
bilstm_finetuned,counterfactual,template,2026,test_xatk_structural_all,bongo_1195,1,0.232146
bilstm_finetuned,counterfactual,template,2026,test_xatk_structural_all,bongo_1198,0,0.000103
bilstm_finetuned,counterfactual,template,2026,test_xatk_structural_all,bongo_1204,1,0.044643
bilstm_finetuned,counterfactual,template,2026,test_xatk_structural_all,bongo_1220,1,0.999986
bilstm_finetuned,counterfactual,template,2026,test_xatk_structural_all,bongo_1233,1,0.999990
bilstm_finetuned,counterfactual,template,2026,test_xatk_structural_all,bongo_1236,0,0.000054
bilstm_finetuned,counterfactual,template,2026,test_xatk_structural_all,bongo_1240,1,0.072709
bilstm_finetuned,counterfactual,template,2026,test_xatk_structural_all,bongo_1244,0,0.000023
bilstm_finetuned,counterfactual,template,2026,test_xatk_structural_all,bongo_1249,0,0.000009
bilstm_finetuned,counterfactual,template,2026,test_xatk_structural_all,bongo_1253,0,0.081567
bilstm_finetuned,counterfactual,template,2026,test_xatk_structural_all,bongo_1260,0,0.000027
bilstm_finetuned,counterfactual,template,2026,test_xatk_structural_all,bongo_1262,0,0.000032
bilstm_finetuned,counterfactual,template,2026,test_xatk_structural_all,bongo_1278,1,0.142209
bilstm_finetuned,counterfactual,template,2026,test_xatk_structural_all,bongo_1285,0,0.000023
bilstm_finetuned,counterfactual,template,2026,test_xatk_structural_all,bongo_1293,1,0.999954
bilstm_finetuned,counterfactual,template,2026,test_xatk_structural_all,bongo_1316,0,0.000075
bilstm_finetuned,counterfactual,template,2026,test_xatk_structural_all,bongo_1327,1,0.064195
bilstm_finetuned,counterfactual,template,2026,test_xatk_structural_all,bongo_1330,0,0.061334
bilstm_finetuned,counterfactual,template,2026,test_xatk_structural_all,bongo_1359,0,0.004311
bilstm_finetuned,counterfactual,template,2026,test_xatk_structural_all,bongo_1375,0,0.000035
bilstm_finetuned,counterfactual,template,2026,test_xatk_codeswitch_all,bongo_0025,1,0.999925
bilstm_finetuned,counterfactual,template,2026,test_xatk_codeswitch_all,bongo_0029,0,0.056582
bilstm_finetuned,counterfactual,template,2026,test_xatk_codeswitch_all,bongo_0039,1,0.699477
bilstm_finetuned,counterfactual,template,2026,test_xatk_codeswitch_all,bongo_0047,1,0.999985
bilstm_finetuned,counterfactual,template,2026,test_xatk_codeswitch_all,bongo_0053,0,0.000036
bilstm_finetuned,counterfactual,template,2026,test_xatk_codeswitch_all,bongo_0055,1,0.016031
bilstm_finetuned,counterfactual,template,2026,test_xatk_codeswitch_all,bongo_0061,1,0.999753
bilstm_finetuned,counterfactual,template,2026,test_xatk_codeswitch_all,bongo_0097,0,0.000212
bilstm_finetuned,counterfactual,template,2026,test_xatk_codeswitch_all,bongo_0107,0,0.000015
bilstm_finetuned,counterfactual,template,2026,test_xatk_codeswitch_all,bongo_0110,0,0.000013
bilstm_finetuned,counterfactual,template,2026,test_xatk_codeswitch_all,bongo_0112,1,0.160225
bilstm_finetuned,counterfactual,template,2026,test_xatk_codeswitch_all,bongo_0115,0,0.000074
bilstm_finetuned,counterfactual,template,2026,test_xatk_codeswitch_all,bongo_0143,0,0.000021
bilstm_finetuned,counterfactual,template,2026,test_xatk_codeswitch_all,bongo_0146,1,0.427437
bilstm_finetuned,counterfactual,template,2026,test_xatk_codeswitch_all,bongo_0154,1,0.999943
bilstm_finetuned,counterfactual,template,2026,test_xatk_codeswitch_all,bongo_0159,1,0.016044
bilstm_finetuned,counterfactual,template,2026,test_xatk_codeswitch_all,bongo_0160,0,0.000028
bilstm_finetuned,counterfactual,template,2026,test_xatk_codeswitch_all,bongo_0172,0,0.291826
bilstm_finetuned,counterfactual,template,2026,test_xatk_codeswitch_all,bongo_0173,1,0.013053
bilstm_finetuned,counterfactual,template,2026,test_xatk_codeswitch_all,bongo_0175,0,0.000022
bilstm_finetuned,counterfactual,template,2026,test_xatk_codeswitch_all,bongo_0182,0,0.000010
bilstm_finetuned,counterfactual,template,2026,test_xatk_codeswitch_all,bongo_0195,1,0.445686
bilstm_finetuned,counterfactual,template,2026,test_xatk_codeswitch_all,bongo_0197,0,0.000031
bilstm_finetuned,counterfactual,template,2026,test_xatk_codeswitch_all,bongo_0201,1,0.999982
bilstm_finetuned,counterfactual,template,2026,test_xatk_codeswitch_all,bongo_0203,1,0.319754
bilstm_finetuned,counterfactual,template,2026,test_xatk_codeswitch_all,bongo_0250,1,0.016044
bilstm_finetuned,counterfactual,template,2026,test_xatk_codeswitch_all,bongo_0253,0,0.000044
bilstm_finetuned,counterfactual,template,2026,test_xatk_codeswitch_all,bongo_0255,1,0.044949
bilstm_finetuned,counterfactual,template,2026,test_xatk_codeswitch_all,bongo_0265,1,0.013136
bilstm_finetuned,counterfactual,template,2026,test_xatk_codeswitch_all,bongo_0271,0,0.000027
bilstm_finetuned,counterfactual,template,2026,test_xatk_codeswitch_all,bongo_0300,0,0.000030
bilstm_finetuned,counterfactual,template,2026,test_xatk_codeswitch_all,bongo_0306,0,0.000046
bilstm_finetuned,counterfactual,template,2026,test_xatk_codeswitch_all,bongo_0356,1,0.160304
bilstm_finetuned,counterfactual,template,2026,test_xatk_codeswitch_all,bongo_0360,1,0.989536
bilstm_finetuned,counterfactual,template,2026,test_xatk_codeswitch_all,bongo_0361,1,0.316478
bilstm_finetuned,counterfactual,template,2026,test_xatk_codeswitch_all,bongo_0363,0,0.000031
bilstm_finetuned,counterfactual,template,2026,test_xatk_codeswitch_all,bongo_0368,0,0.000098
bilstm_finetuned,counterfactual,template,2026,test_xatk_codeswitch_all,bongo_0372,0,0.000050
bilstm_finetuned,counterfactual,template,2026,test_xatk_codeswitch_all,bongo_0380,1,0.044703
bilstm_finetuned,counterfactual,template,2026,test_xatk_codeswitch_all,bongo_0389,0,0.000025
bilstm_finetuned,counterfactual,template,2026,test_xatk_codeswitch_all,bongo_0395,0,0.000623
bilstm_finetuned,counterfactual,template,2026,test_xatk_codeswitch_all,bongo_0405,1,0.999940
bilstm_finetuned,counterfactual,template,2026,test_xatk_codeswitch_all,bongo_0424,1,0.999981
bilstm_finetuned,counterfactual,template,2026,test_xatk_codeswitch_all,bongo_0427,0,0.000049
bilstm_finetuned,counterfactual,template,2026,test_xatk_codeswitch_all,bongo_0434,1,0.016031
bilstm_finetuned,counterfactual,template,2026,test_xatk_codeswitch_all,bongo_0463,0,0.000329
bilstm_finetuned,counterfactual,template,2026,test_xatk_codeswitch_all,bongo_0476,1,0.469732
bilstm_finetuned,counterfactual,template,2026,test_xatk_codeswitch_all,bongo_0510,1,0.999983
bilstm_finetuned,counterfactual,template,2026,test_xatk_codeswitch_all,bongo_0531,0,0.000124
bilstm_finetuned,counterfactual,template,2026,test_xatk_codeswitch_all,bongo_0542,0,0.000023
bilstm_finetuned,counterfactual,template,2026,test_xatk_codeswitch_all,bongo_0545,0,0.000024
bilstm_finetuned,counterfactual,template,2026,test_xatk_codeswitch_all,bongo_0560,1,0.999934
bilstm_finetuned,counterfactual,template,2026,test_xatk_codeswitch_all,bongo_0565,1,0.129581
bilstm_finetuned,counterfactual,template,2026,test_xatk_codeswitch_all,bongo_0566,1,0.715164
bilstm_finetuned,counterfactual,template,2026,test_xatk_codeswitch_all,bongo_0571,0,0.000020
bilstm_finetuned,counterfactual,template,2026,test_xatk_codeswitch_all,bongo_0577,1,0.999918
bilstm_finetuned,counterfactual,template,2026,test_xatk_codeswitch_all,bongo_0580,1,0.494742
bilstm_finetuned,counterfactual,template,2026,test_xatk_codeswitch_all,bongo_0621,1,0.999794
bilstm_finetuned,counterfactual,template,2026,test_xatk_codeswitch_all,bongo_0624,1,0.730774
bilstm_finetuned,counterfactual,template,2026,test_xatk_codeswitch_all,bongo_0630,0,0.000157
bilstm_finetuned,counterfactual,template,2026,test_xatk_codeswitch_all,bongo_0638,1,0.429109
bilstm_finetuned,counterfactual,template,2026,test_xatk_codeswitch_all,bongo_0648,0,0.007797
bilstm_finetuned,counterfactual,template,2026,test_xatk_codeswitch_all,bongo_0674,0,0.000016
bilstm_finetuned,counterfactual,template,2026,test_xatk_codeswitch_all,bongo_0685,0,0.021249
bilstm_finetuned,counterfactual,template,2026,test_xatk_codeswitch_all,bongo_0697,1,0.129581
bilstm_finetuned,counterfactual,template,2026,test_xatk_codeswitch_all,bongo_0701,0,0.000025
bilstm_finetuned,counterfactual,template,2026,test_xatk_codeswitch_all,bongo_0706,1,0.160183
bilstm_finetuned,counterfactual,template,2026,test_xatk_codeswitch_all,bongo_0719,1,0.044722
bilstm_finetuned,counterfactual,template,2026,test_xatk_codeswitch_all,bongo_0721,1,0.367596
bilstm_finetuned,counterfactual,template,2026,test_xatk_codeswitch_all,bongo_0724,1,0.130056
bilstm_finetuned,counterfactual,template,2026,test_xatk_codeswitch_all,bongo_0729,1,0.400381
bilstm_finetuned,counterfactual,template,2026,test_xatk_codeswitch_all,bongo_0741,0,0.000024
bilstm_finetuned,counterfactual,template,2026,test_xatk_codeswitch_all,bongo_0749,1,0.065022
bilstm_finetuned,counterfactual,template,2026,test_xatk_codeswitch_all,bongo_0769,1,0.711558
bilstm_finetuned,counterfactual,template,2026,test_xatk_codeswitch_all,bongo_0770,1,0.016031
bilstm_finetuned,counterfactual,template,2026,test_xatk_codeswitch_all,bongo_0778,1,0.064983
bilstm_finetuned,counterfactual,template,2026,test_xatk_codeswitch_all,bongo_0787,1,0.989597
bilstm_finetuned,counterfactual,template,2026,test_xatk_codeswitch_all,bongo_0795,0,0.000246
bilstm_finetuned,counterfactual,template,2026,test_xatk_codeswitch_all,bongo_0806,1,0.130056
bilstm_finetuned,counterfactual,template,2026,test_xatk_codeswitch_all,bongo_0807,1,0.999979
bilstm_finetuned,counterfactual,template,2026,test_xatk_codeswitch_all,bongo_0818,0,0.004661
bilstm_finetuned,counterfactual,template,2026,test_xatk_codeswitch_all,bongo_0819,0,0.000134
bilstm_finetuned,counterfactual,template,2026,test_xatk_codeswitch_all,bongo_0835,0,0.000024
bilstm_finetuned,counterfactual,template,2026,test_xatk_codeswitch_all,bongo_0840,1,0.989594
bilstm_finetuned,counterfactual,template,2026,test_xatk_codeswitch_all,bongo_0855,1,0.129377
bilstm_finetuned,counterfactual,template,2026,test_xatk_codeswitch_all,bongo_0856,0,0.000050
bilstm_finetuned,counterfactual,template,2026,test_xatk_codeswitch_all,bongo_0864,1,0.698996
bilstm_finetuned,counterfactual,template,2026,test_xatk_codeswitch_all,bongo_0871,1,0.716964
bilstm_finetuned,counterfactual,template,2026,test_xatk_codeswitch_all,bongo_0872,0,0.004264
bilstm_finetuned,counterfactual,template,2026,test_xatk_codeswitch_all,bongo_0904,0,0.000137
bilstm_finetuned,counterfactual,template,2026,test_xatk_codeswitch_all,bongo_0905,1,0.699484
bilstm_finetuned,counterfactual,template,2026,test_xatk_codeswitch_all,bongo_0909,1,0.999883
bilstm_finetuned,counterfactual,template,2026,test_xatk_codeswitch_all,bongo_0917,1,0.016116
bilstm_finetuned,counterfactual,template,2026,test_xatk_codeswitch_all,bongo_0918,1,0.999909
bilstm_finetuned,counterfactual,template,2026,test_xatk_codeswitch_all,bongo_0950,0,0.000029
bilstm_finetuned,counterfactual,template,2026,test_xatk_codeswitch_all,bongo_0955,1,0.999957
bilstm_finetuned,counterfactual,template,2026,test_xatk_codeswitch_all,bongo_0956,0,0.000023
bilstm_finetuned,counterfactual,template,2026,test_xatk_codeswitch_all,bongo_0971,0,0.000025
bilstm_finetuned,counterfactual,template,2026,test_xatk_codeswitch_all,bongo_0983,0,0.000067
bilstm_finetuned,counterfactual,template,2026,test_xatk_codeswitch_all,bongo_0989,1,0.735267
bilstm_finetuned,counterfactual,template,2026,test_xatk_codeswitch_all,bongo_0994,0,0.000094
bilstm_finetuned,counterfactual,template,2026,test_xatk_codeswitch_all,bongo_1003,1,0.999934
bilstm_finetuned,counterfactual,template,2026,test_xatk_codeswitch_all,bongo_1006,0,0.000031
bilstm_finetuned,counterfactual,template,2026,test_xatk_codeswitch_all,bongo_1012,1,0.065048
bilstm_finetuned,counterfactual,template,2026,test_xatk_codeswitch_all,bongo_1015,0,0.000015
bilstm_finetuned,counterfactual,template,2026,test_xatk_codeswitch_all,bongo_1022,1,0.044671
bilstm_finetuned,counterfactual,template,2026,test_xatk_codeswitch_all,bongo_1037,0,0.000043
bilstm_finetuned,counterfactual,template,2026,test_xatk_codeswitch_all,bongo_1040,0,0.000031
bilstm_finetuned,counterfactual,template,2026,test_xatk_codeswitch_all,bongo_1042,1,0.563291
bilstm_finetuned,counterfactual,template,2026,test_xatk_codeswitch_all,bongo_1047,1,0.699602
bilstm_finetuned,counterfactual,template,2026,test_xatk_codeswitch_all,bongo_1050,0,0.000024
bilstm_finetuned,counterfactual,template,2026,test_xatk_codeswitch_all,bongo_1052,1,0.675873
bilstm_finetuned,counterfactual,template,2026,test_xatk_codeswitch_all,bongo_1059,0,0.000019
bilstm_finetuned,counterfactual,template,2026,test_xatk_codeswitch_all,bongo_1071,0,0.000027
bilstm_finetuned,counterfactual,template,2026,test_xatk_codeswitch_all,bongo_1090,0,0.000015
bilstm_finetuned,counterfactual,template,2026,test_xatk_codeswitch_all,bongo_1104,1,0.999961
bilstm_finetuned,counterfactual,template,2026,test_xatk_codeswitch_all,bongo_1115,0,0.000009
bilstm_finetuned,counterfactual,template,2026,test_xatk_codeswitch_all,bongo_1123,0,0.000032
bilstm_finetuned,counterfactual,template,2026,test_xatk_codeswitch_all,bongo_1125,0,0.005142
bilstm_finetuned,counterfactual,template,2026,test_xatk_codeswitch_all,bongo_1127,1,0.013051
bilstm_finetuned,counterfactual,template,2026,test_xatk_codeswitch_all,bongo_1131,1,0.569145
bilstm_finetuned,counterfactual,template,2026,test_xatk_codeswitch_all,bongo_1134,1,0.161062
bilstm_finetuned,counterfactual,template,2026,test_xatk_codeswitch_all,bongo_1135,0,0.051320
bilstm_finetuned,counterfactual,template,2026,test_xatk_codeswitch_all,bongo_1136,1,0.999920
bilstm_finetuned,counterfactual,template,2026,test_xatk_codeswitch_all,bongo_1138,1,0.698972
bilstm_finetuned,counterfactual,template,2026,test_xatk_codeswitch_all,bongo_1140,1,0.999866
bilstm_finetuned,counterfactual,template,2026,test_xatk_codeswitch_all,bongo_1154,1,0.394028
bilstm_finetuned,counterfactual,template,2026,test_xatk_codeswitch_all,bongo_1155,0,0.000025
bilstm_finetuned,counterfactual,template,2026,test_xatk_codeswitch_all,bongo_1171,1,0.999961
bilstm_finetuned,counterfactual,template,2026,test_xatk_codeswitch_all,bongo_1181,1,0.494336
bilstm_finetuned,counterfactual,template,2026,test_xatk_codeswitch_all,bongo_1185,1,0.044671
bilstm_finetuned,counterfactual,template,2026,test_xatk_codeswitch_all,bongo_1194,0,0.000729
bilstm_finetuned,counterfactual,template,2026,test_xatk_codeswitch_all,bongo_1195,1,0.129452
bilstm_finetuned,counterfactual,template,2026,test_xatk_codeswitch_all,bongo_1198,0,0.000103
bilstm_finetuned,counterfactual,template,2026,test_xatk_codeswitch_all,bongo_1204,1,0.016033
bilstm_finetuned,counterfactual,template,2026,test_xatk_codeswitch_all,bongo_1220,1,0.700438
bilstm_finetuned,counterfactual,template,2026,test_xatk_codeswitch_all,bongo_1233,1,0.719284
bilstm_finetuned,counterfactual,template,2026,test_xatk_codeswitch_all,bongo_1236,0,0.000054
bilstm_finetuned,counterfactual,template,2026,test_xatk_codeswitch_all,bongo_1240,1,0.044949
bilstm_finetuned,counterfactual,template,2026,test_xatk_codeswitch_all,bongo_1244,0,0.000023
bilstm_finetuned,counterfactual,template,2026,test_xatk_codeswitch_all,bongo_1249,0,0.000009
bilstm_finetuned,counterfactual,template,2026,test_xatk_codeswitch_all,bongo_1253,0,0.081567
bilstm_finetuned,counterfactual,template,2026,test_xatk_codeswitch_all,bongo_1260,0,0.000027
bilstm_finetuned,counterfactual,template,2026,test_xatk_codeswitch_all,bongo_1262,0,0.000032
bilstm_finetuned,counterfactual,template,2026,test_xatk_codeswitch_all,bongo_1278,1,0.065399
bilstm_finetuned,counterfactual,template,2026,test_xatk_codeswitch_all,bongo_1285,0,0.000023
bilstm_finetuned,counterfactual,template,2026,test_xatk_codeswitch_all,bongo_1293,1,0.380461
bilstm_finetuned,counterfactual,template,2026,test_xatk_codeswitch_all,bongo_1316,0,0.000075
bilstm_finetuned,counterfactual,template,2026,test_xatk_codeswitch_all,bongo_1327,1,0.016027
bilstm_finetuned,counterfactual,template,2026,test_xatk_codeswitch_all,bongo_1330,0,0.061334
bilstm_finetuned,counterfactual,template,2026,test_xatk_codeswitch_all,bongo_1359,0,0.004311
bilstm_finetuned,counterfactual,template,2026,test_xatk_codeswitch_all,bongo_1375,0,0.000035
bilstm_finetuned,counterfactual,template,2026,test_unseen_all,bongo_0025,1,0.380789
bilstm_finetuned,counterfactual,template,2026,test_unseen_all,bongo_0029,0,0.056582
bilstm_finetuned,counterfactual,template,2026,test_unseen_all,bongo_0039,1,0.745065
bilstm_finetuned,counterfactual,template,2026,test_unseen_all,bongo_0047,1,0.999937
bilstm_finetuned,counterfactual,template,2026,test_unseen_all,bongo_0053,0,0.000036
bilstm_finetuned,counterfactual,template,2026,test_unseen_all,bongo_0055,1,0.000019
bilstm_finetuned,counterfactual,template,2026,test_unseen_all,bongo_0061,1,0.999772
bilstm_finetuned,counterfactual,template,2026,test_unseen_all,bongo_0097,0,0.000212
bilstm_finetuned,counterfactual,template,2026,test_unseen_all,bongo_0107,0,0.000015
bilstm_finetuned,counterfactual,template,2026,test_unseen_all,bongo_0110,0,0.000013
bilstm_finetuned,counterfactual,template,2026,test_unseen_all,bongo_0112,1,0.009600
bilstm_finetuned,counterfactual,template,2026,test_unseen_all,bongo_0115,0,0.000074
bilstm_finetuned,counterfactual,template,2026,test_unseen_all,bongo_0143,0,0.000021
bilstm_finetuned,counterfactual,template,2026,test_unseen_all,bongo_0146,1,0.999963
bilstm_finetuned,counterfactual,template,2026,test_unseen_all,bongo_0154,1,0.167119
bilstm_finetuned,counterfactual,template,2026,test_unseen_all,bongo_0159,1,0.000023
bilstm_finetuned,counterfactual,template,2026,test_unseen_all,bongo_0160,0,0.000028
bilstm_finetuned,counterfactual,template,2026,test_unseen_all,bongo_0172,0,0.291826
bilstm_finetuned,counterfactual,template,2026,test_unseen_all,bongo_0173,1,0.023698
bilstm_finetuned,counterfactual,template,2026,test_unseen_all,bongo_0175,0,0.000022
bilstm_finetuned,counterfactual,template,2026,test_unseen_all,bongo_0182,0,0.000010
bilstm_finetuned,counterfactual,template,2026,test_unseen_all,bongo_0195,1,0.374769
bilstm_finetuned,counterfactual,template,2026,test_unseen_all,bongo_0197,0,0.000031
bilstm_finetuned,counterfactual,template,2026,test_unseen_all,bongo_0201,1,0.752087
bilstm_finetuned,counterfactual,template,2026,test_unseen_all,bongo_0203,1,0.564506
bilstm_finetuned,counterfactual,template,2026,test_unseen_all,bongo_0250,1,0.000034
bilstm_finetuned,counterfactual,template,2026,test_unseen_all,bongo_0253,0,0.000044
bilstm_finetuned,counterfactual,template,2026,test_unseen_all,bongo_0255,1,0.000022
bilstm_finetuned,counterfactual,template,2026,test_unseen_all,bongo_0265,1,0.023847
bilstm_finetuned,counterfactual,template,2026,test_unseen_all,bongo_0271,0,0.000027
bilstm_finetuned,counterfactual,template,2026,test_unseen_all,bongo_0300,0,0.000030
bilstm_finetuned,counterfactual,template,2026,test_unseen_all,bongo_0306,0,0.000046
bilstm_finetuned,counterfactual,template,2026,test_unseen_all,bongo_0356,1,0.000023
bilstm_finetuned,counterfactual,template,2026,test_unseen_all,bongo_0360,1,0.999887
bilstm_finetuned,counterfactual,template,2026,test_unseen_all,bongo_0361,1,0.546062
bilstm_finetuned,counterfactual,template,2026,test_unseen_all,bongo_0363,0,0.000031
bilstm_finetuned,counterfactual,template,2026,test_unseen_all,bongo_0368,0,0.000098
bilstm_finetuned,counterfactual,template,2026,test_unseen_all,bongo_0372,0,0.000050
bilstm_finetuned,counterfactual,template,2026,test_unseen_all,bongo_0380,1,0.000021
bilstm_finetuned,counterfactual,template,2026,test_unseen_all,bongo_0389,0,0.000025
bilstm_finetuned,counterfactual,template,2026,test_unseen_all,bongo_0395,0,0.000623
bilstm_finetuned,counterfactual,template,2026,test_unseen_all,bongo_0405,1,0.997766
bilstm_finetuned,counterfactual,template,2026,test_unseen_all,bongo_0424,1,0.767785
bilstm_finetuned,counterfactual,template,2026,test_unseen_all,bongo_0427,0,0.000049
bilstm_finetuned,counterfactual,template,2026,test_unseen_all,bongo_0434,1,0.000035
bilstm_finetuned,counterfactual,template,2026,test_unseen_all,bongo_0463,0,0.000329
bilstm_finetuned,counterfactual,template,2026,test_unseen_all,bongo_0476,1,0.682684
bilstm_finetuned,counterfactual,template,2026,test_unseen_all,bongo_0510,1,0.999906
bilstm_finetuned,counterfactual,template,2026,test_unseen_all,bongo_0531,0,0.000124
bilstm_finetuned,counterfactual,template,2026,test_unseen_all,bongo_0542,0,0.000023
bilstm_finetuned,counterfactual,template,2026,test_unseen_all,bongo_0545,0,0.000024
bilstm_finetuned,counterfactual,template,2026,test_unseen_all,bongo_0560,1,0.673450
bilstm_finetuned,counterfactual,template,2026,test_unseen_all,bongo_0565,1,0.024587
bilstm_finetuned,counterfactual,template,2026,test_unseen_all,bongo_0566,1,0.999989
bilstm_finetuned,counterfactual,template,2026,test_unseen_all,bongo_0571,0,0.000020
bilstm_finetuned,counterfactual,template,2026,test_unseen_all,bongo_0577,1,0.991441
bilstm_finetuned,counterfactual,template,2026,test_unseen_all,bongo_0580,1,0.574231
bilstm_finetuned,counterfactual,template,2026,test_unseen_all,bongo_0621,1,0.998403
bilstm_finetuned,counterfactual,template,2026,test_unseen_all,bongo_0624,1,0.999966
bilstm_finetuned,counterfactual,template,2026,test_unseen_all,bongo_0630,0,0.000157
bilstm_finetuned,counterfactual,template,2026,test_unseen_all,bongo_0638,1,0.652156
bilstm_finetuned,counterfactual,template,2026,test_unseen_all,bongo_0648,0,0.007797
bilstm_finetuned,counterfactual,template,2026,test_unseen_all,bongo_0674,0,0.000016
bilstm_finetuned,counterfactual,template,2026,test_unseen_all,bongo_0685,0,0.021249
bilstm_finetuned,counterfactual,template,2026,test_unseen_all,bongo_0697,1,0.015049
bilstm_finetuned,counterfactual,template,2026,test_unseen_all,bongo_0701,0,0.000025
bilstm_finetuned,counterfactual,template,2026,test_unseen_all,bongo_0706,1,0.000041
bilstm_finetuned,counterfactual,template,2026,test_unseen_all,bongo_0719,1,0.000020
bilstm_finetuned,counterfactual,template,2026,test_unseen_all,bongo_0721,1,0.997323
bilstm_finetuned,counterfactual,template,2026,test_unseen_all,bongo_0724,1,0.009613
bilstm_finetuned,counterfactual,template,2026,test_unseen_all,bongo_0729,1,0.529840
bilstm_finetuned,counterfactual,template,2026,test_unseen_all,bongo_0741,0,0.000024
bilstm_finetuned,counterfactual,template,2026,test_unseen_all,bongo_0749,1,0.000021
bilstm_finetuned,counterfactual,template,2026,test_unseen_all,bongo_0769,1,0.649645
bilstm_finetuned,counterfactual,template,2026,test_unseen_all,bongo_0770,1,0.000020
bilstm_finetuned,counterfactual,template,2026,test_unseen_all,bongo_0778,1,0.000045
bilstm_finetuned,counterfactual,template,2026,test_unseen_all,bongo_0787,1,0.999920
bilstm_finetuned,counterfactual,template,2026,test_unseen_all,bongo_0795,0,0.000246
bilstm_finetuned,counterfactual,template,2026,test_unseen_all,bongo_0806,1,0.013594
bilstm_finetuned,counterfactual,template,2026,test_unseen_all,bongo_0807,1,0.999848
bilstm_finetuned,counterfactual,template,2026,test_unseen_all,bongo_0818,0,0.004661
bilstm_finetuned,counterfactual,template,2026,test_unseen_all,bongo_0819,0,0.000134
bilstm_finetuned,counterfactual,template,2026,test_unseen_all,bongo_0835,0,0.000024
bilstm_finetuned,counterfactual,template,2026,test_unseen_all,bongo_0840,1,0.999887
bilstm_finetuned,counterfactual,template,2026,test_unseen_all,bongo_0855,1,0.013647
bilstm_finetuned,counterfactual,template,2026,test_unseen_all,bongo_0856,0,0.000050
bilstm_finetuned,counterfactual,template,2026,test_unseen_all,bongo_0864,1,0.768297
bilstm_finetuned,counterfactual,template,2026,test_unseen_all,bongo_0871,1,0.999964
bilstm_finetuned,counterfactual,template,2026,test_unseen_all,bongo_0872,0,0.004264
bilstm_finetuned,counterfactual,template,2026,test_unseen_all,bongo_0904,0,0.000137
bilstm_finetuned,counterfactual,template,2026,test_unseen_all,bongo_0905,1,0.746454
bilstm_finetuned,counterfactual,template,2026,test_unseen_all,bongo_0909,1,0.996926
bilstm_finetuned,counterfactual,template,2026,test_unseen_all,bongo_0917,1,0.000035
bilstm_finetuned,counterfactual,template,2026,test_unseen_all,bongo_0918,1,0.998716
bilstm_finetuned,counterfactual,template,2026,test_unseen_all,bongo_0950,0,0.000029
bilstm_finetuned,counterfactual,template,2026,test_unseen_all,bongo_0955,1,0.635179
bilstm_finetuned,counterfactual,template,2026,test_unseen_all,bongo_0956,0,0.000023
bilstm_finetuned,counterfactual,template,2026,test_unseen_all,bongo_0971,0,0.000025
bilstm_finetuned,counterfactual,template,2026,test_unseen_all,bongo_0983,0,0.000067
bilstm_finetuned,counterfactual,template,2026,test_unseen_all,bongo_0989,1,0.999759
bilstm_finetuned,counterfactual,template,2026,test_unseen_all,bongo_0994,0,0.000094
bilstm_finetuned,counterfactual,template,2026,test_unseen_all,bongo_1003,1,0.665394
bilstm_finetuned,counterfactual,template,2026,test_unseen_all,bongo_1006,0,0.000031
bilstm_finetuned,counterfactual,template,2026,test_unseen_all,bongo_1012,1,0.000032
bilstm_finetuned,counterfactual,template,2026,test_unseen_all,bongo_1015,0,0.000015
bilstm_finetuned,counterfactual,template,2026,test_unseen_all,bongo_1022,1,0.000026
bilstm_finetuned,counterfactual,template,2026,test_unseen_all,bongo_1037,0,0.000043
bilstm_finetuned,counterfactual,template,2026,test_unseen_all,bongo_1040,0,0.000031
bilstm_finetuned,counterfactual,template,2026,test_unseen_all,bongo_1042,1,0.739012
bilstm_finetuned,counterfactual,template,2026,test_unseen_all,bongo_1047,1,0.805445
bilstm_finetuned,counterfactual,template,2026,test_unseen_all,bongo_1050,0,0.000024
bilstm_finetuned,counterfactual,template,2026,test_unseen_all,bongo_1052,1,0.999832
bilstm_finetuned,counterfactual,template,2026,test_unseen_all,bongo_1059,0,0.000019
bilstm_finetuned,counterfactual,template,2026,test_unseen_all,bongo_1071,0,0.000027
bilstm_finetuned,counterfactual,template,2026,test_unseen_all,bongo_1090,0,0.000015
bilstm_finetuned,counterfactual,template,2026,test_unseen_all,bongo_1104,1,0.756620
bilstm_finetuned,counterfactual,template,2026,test_unseen_all,bongo_1115,0,0.000009
bilstm_finetuned,counterfactual,template,2026,test_unseen_all,bongo_1123,0,0.000032
bilstm_finetuned,counterfactual,template,2026,test_unseen_all,bongo_1125,0,0.005142
bilstm_finetuned,counterfactual,template,2026,test_unseen_all,bongo_1127,1,0.027492
bilstm_finetuned,counterfactual,template,2026,test_unseen_all,bongo_1131,1,0.731337
bilstm_finetuned,counterfactual,template,2026,test_unseen_all,bongo_1134,1,0.000040
bilstm_finetuned,counterfactual,template,2026,test_unseen_all,bongo_1135,0,0.051320
bilstm_finetuned,counterfactual,template,2026,test_unseen_all,bongo_1136,1,0.000165
bilstm_finetuned,counterfactual,template,2026,test_unseen_all,bongo_1138,1,0.670109
bilstm_finetuned,counterfactual,template,2026,test_unseen_all,bongo_1140,1,0.998011
bilstm_finetuned,counterfactual,template,2026,test_unseen_all,bongo_1154,1,0.641753
bilstm_finetuned,counterfactual,template,2026,test_unseen_all,bongo_1155,0,0.000025
bilstm_finetuned,counterfactual,template,2026,test_unseen_all,bongo_1171,1,0.753599
bilstm_finetuned,counterfactual,template,2026,test_unseen_all,bongo_1181,1,0.694035
bilstm_finetuned,counterfactual,template,2026,test_unseen_all,bongo_1185,1,0.000040
bilstm_finetuned,counterfactual,template,2026,test_unseen_all,bongo_1194,0,0.000729
bilstm_finetuned,counterfactual,template,2026,test_unseen_all,bongo_1195,1,0.000032
bilstm_finetuned,counterfactual,template,2026,test_unseen_all,bongo_1198,0,0.000103
bilstm_finetuned,counterfactual,template,2026,test_unseen_all,bongo_1204,1,0.000021
bilstm_finetuned,counterfactual,template,2026,test_unseen_all,bongo_1220,1,0.645157
bilstm_finetuned,counterfactual,template,2026,test_unseen_all,bongo_1233,1,0.999990
bilstm_finetuned,counterfactual,template,2026,test_unseen_all,bongo_1236,0,0.000054
bilstm_finetuned,counterfactual,template,2026,test_unseen_all,bongo_1240,1,0.000031
bilstm_finetuned,counterfactual,template,2026,test_unseen_all,bongo_1244,0,0.000023
bilstm_finetuned,counterfactual,template,2026,test_unseen_all,bongo_1249,0,0.000009
bilstm_finetuned,counterfactual,template,2026,test_unseen_all,bongo_1253,0,0.081567
bilstm_finetuned,counterfactual,template,2026,test_unseen_all,bongo_1260,0,0.000027
bilstm_finetuned,counterfactual,template,2026,test_unseen_all,bongo_1262,0,0.000032
bilstm_finetuned,counterfactual,template,2026,test_unseen_all,bongo_1278,1,0.000022
bilstm_finetuned,counterfactual,template,2026,test_unseen_all,bongo_1285,0,0.000023
bilstm_finetuned,counterfactual,template,2026,test_unseen_all,bongo_1293,1,0.999943
bilstm_finetuned,counterfactual,template,2026,test_unseen_all,bongo_1316,0,0.000075
bilstm_finetuned,counterfactual,template,2026,test_unseen_all,bongo_1327,1,0.000021
bilstm_finetuned,counterfactual,template,2026,test_unseen_all,bongo_1330,0,0.061334
bilstm_finetuned,counterfactual,template,2026,test_unseen_all,bongo_1359,0,0.004311
bilstm_finetuned,counterfactual,template,2026,test_unseen_all,bongo_1375,0,0.000035
bilstm_finetuned,counterfactual,template,2026,test_unseen_all+norm,bongo_0025,1,0.380789
bilstm_finetuned,counterfactual,template,2026,test_unseen_all+norm,bongo_0029,0,0.056582
bilstm_finetuned,counterfactual,template,2026,test_unseen_all+norm,bongo_0039,1,0.745065
bilstm_finetuned,counterfactual,template,2026,test_unseen_all+norm,bongo_0047,1,0.999937
bilstm_finetuned,counterfactual,template,2026,test_unseen_all+norm,bongo_0053,0,0.000036
bilstm_finetuned,counterfactual,template,2026,test_unseen_all+norm,bongo_0055,1,0.000019
bilstm_finetuned,counterfactual,template,2026,test_unseen_all+norm,bongo_0061,1,0.999772
bilstm_finetuned,counterfactual,template,2026,test_unseen_all+norm,bongo_0097,0,0.000212
bilstm_finetuned,counterfactual,template,2026,test_unseen_all+norm,bongo_0107,0,0.000015
bilstm_finetuned,counterfactual,template,2026,test_unseen_all+norm,bongo_0110,0,0.000013
bilstm_finetuned,counterfactual,template,2026,test_unseen_all+norm,bongo_0112,1,0.009600
bilstm_finetuned,counterfactual,template,2026,test_unseen_all+norm,bongo_0115,0,0.000074
bilstm_finetuned,counterfactual,template,2026,test_unseen_all+norm,bongo_0143,0,0.000021
bilstm_finetuned,counterfactual,template,2026,test_unseen_all+norm,bongo_0146,1,0.999963
bilstm_finetuned,counterfactual,template,2026,test_unseen_all+norm,bongo_0154,1,0.167119
bilstm_finetuned,counterfactual,template,2026,test_unseen_all+norm,bongo_0159,1,0.000023
bilstm_finetuned,counterfactual,template,2026,test_unseen_all+norm,bongo_0160,0,0.000028
bilstm_finetuned,counterfactual,template,2026,test_unseen_all+norm,bongo_0172,0,0.291826
bilstm_finetuned,counterfactual,template,2026,test_unseen_all+norm,bongo_0173,1,0.023698
bilstm_finetuned,counterfactual,template,2026,test_unseen_all+norm,bongo_0175,0,0.000022
bilstm_finetuned,counterfactual,template,2026,test_unseen_all+norm,bongo_0182,0,0.000010
bilstm_finetuned,counterfactual,template,2026,test_unseen_all+norm,bongo_0195,1,0.374769
bilstm_finetuned,counterfactual,template,2026,test_unseen_all+norm,bongo_0197,0,0.000031
bilstm_finetuned,counterfactual,template,2026,test_unseen_all+norm,bongo_0201,1,0.752087
bilstm_finetuned,counterfactual,template,2026,test_unseen_all+norm,bongo_0203,1,0.564506
bilstm_finetuned,counterfactual,template,2026,test_unseen_all+norm,bongo_0250,1,0.000034
bilstm_finetuned,counterfactual,template,2026,test_unseen_all+norm,bongo_0253,0,0.000044
bilstm_finetuned,counterfactual,template,2026,test_unseen_all+norm,bongo_0255,1,0.000022
bilstm_finetuned,counterfactual,template,2026,test_unseen_all+norm,bongo_0265,1,0.023847
bilstm_finetuned,counterfactual,template,2026,test_unseen_all+norm,bongo_0271,0,0.000027
bilstm_finetuned,counterfactual,template,2026,test_unseen_all+norm,bongo_0300,0,0.000030
bilstm_finetuned,counterfactual,template,2026,test_unseen_all+norm,bongo_0306,0,0.000046
bilstm_finetuned,counterfactual,template,2026,test_unseen_all+norm,bongo_0356,1,0.000023
bilstm_finetuned,counterfactual,template,2026,test_unseen_all+norm,bongo_0360,1,0.999887
bilstm_finetuned,counterfactual,template,2026,test_unseen_all+norm,bongo_0361,1,0.546062
bilstm_finetuned,counterfactual,template,2026,test_unseen_all+norm,bongo_0363,0,0.000031
bilstm_finetuned,counterfactual,template,2026,test_unseen_all+norm,bongo_0368,0,0.000098
bilstm_finetuned,counterfactual,template,2026,test_unseen_all+norm,bongo_0372,0,0.000050
bilstm_finetuned,counterfactual,template,2026,test_unseen_all+norm,bongo_0380,1,0.000021
bilstm_finetuned,counterfactual,template,2026,test_unseen_all+norm,bongo_0389,0,0.000025
bilstm_finetuned,counterfactual,template,2026,test_unseen_all+norm,bongo_0395,0,0.000623
bilstm_finetuned,counterfactual,template,2026,test_unseen_all+norm,bongo_0405,1,0.997766
bilstm_finetuned,counterfactual,template,2026,test_unseen_all+norm,bongo_0424,1,0.767785
bilstm_finetuned,counterfactual,template,2026,test_unseen_all+norm,bongo_0427,0,0.000049
bilstm_finetuned,counterfactual,template,2026,test_unseen_all+norm,bongo_0434,1,0.000035
bilstm_finetuned,counterfactual,template,2026,test_unseen_all+norm,bongo_0463,0,0.000329
bilstm_finetuned,counterfactual,template,2026,test_unseen_all+norm,bongo_0476,1,0.682684
bilstm_finetuned,counterfactual,template,2026,test_unseen_all+norm,bongo_0510,1,0.999906
bilstm_finetuned,counterfactual,template,2026,test_unseen_all+norm,bongo_0531,0,0.000124
bilstm_finetuned,counterfactual,template,2026,test_unseen_all+norm,bongo_0542,0,0.000023
bilstm_finetuned,counterfactual,template,2026,test_unseen_all+norm,bongo_0545,0,0.000024
bilstm_finetuned,counterfactual,template,2026,test_unseen_all+norm,bongo_0560,1,0.673450
bilstm_finetuned,counterfactual,template,2026,test_unseen_all+norm,bongo_0565,1,0.024587
bilstm_finetuned,counterfactual,template,2026,test_unseen_all+norm,bongo_0566,1,0.999989
bilstm_finetuned,counterfactual,template,2026,test_unseen_all+norm,bongo_0571,0,0.000020
bilstm_finetuned,counterfactual,template,2026,test_unseen_all+norm,bongo_0577,1,0.991441
bilstm_finetuned,counterfactual,template,2026,test_unseen_all+norm,bongo_0580,1,0.574231
bilstm_finetuned,counterfactual,template,2026,test_unseen_all+norm,bongo_0621,1,0.998403
bilstm_finetuned,counterfactual,template,2026,test_unseen_all+norm,bongo_0624,1,0.999966
bilstm_finetuned,counterfactual,template,2026,test_unseen_all+norm,bongo_0630,0,0.000157
bilstm_finetuned,counterfactual,template,2026,test_unseen_all+norm,bongo_0638,1,0.652156
bilstm_finetuned,counterfactual,template,2026,test_unseen_all+norm,bongo_0648,0,0.007797
bilstm_finetuned,counterfactual,template,2026,test_unseen_all+norm,bongo_0674,0,0.000016
bilstm_finetuned,counterfactual,template,2026,test_unseen_all+norm,bongo_0685,0,0.021249
bilstm_finetuned,counterfactual,template,2026,test_unseen_all+norm,bongo_0697,1,0.015049
bilstm_finetuned,counterfactual,template,2026,test_unseen_all+norm,bongo_0701,0,0.000025
bilstm_finetuned,counterfactual,template,2026,test_unseen_all+norm,bongo_0706,1,0.000041
bilstm_finetuned,counterfactual,template,2026,test_unseen_all+norm,bongo_0719,1,0.000020
bilstm_finetuned,counterfactual,template,2026,test_unseen_all+norm,bongo_0721,1,0.997323
bilstm_finetuned,counterfactual,template,2026,test_unseen_all+norm,bongo_0724,1,0.009613
bilstm_finetuned,counterfactual,template,2026,test_unseen_all+norm,bongo_0729,1,0.529840
bilstm_finetuned,counterfactual,template,2026,test_unseen_all+norm,bongo_0741,0,0.000024
bilstm_finetuned,counterfactual,template,2026,test_unseen_all+norm,bongo_0749,1,0.000021
bilstm_finetuned,counterfactual,template,2026,test_unseen_all+norm,bongo_0769,1,0.649645
bilstm_finetuned,counterfactual,template,2026,test_unseen_all+norm,bongo_0770,1,0.000020
bilstm_finetuned,counterfactual,template,2026,test_unseen_all+norm,bongo_0778,1,0.000045
bilstm_finetuned,counterfactual,template,2026,test_unseen_all+norm,bongo_0787,1,0.999920
bilstm_finetuned,counterfactual,template,2026,test_unseen_all+norm,bongo_0795,0,0.000246
bilstm_finetuned,counterfactual,template,2026,test_unseen_all+norm,bongo_0806,1,0.013594
bilstm_finetuned,counterfactual,template,2026,test_unseen_all+norm,bongo_0807,1,0.999848
bilstm_finetuned,counterfactual,template,2026,test_unseen_all+norm,bongo_0818,0,0.004661
bilstm_finetuned,counterfactual,template,2026,test_unseen_all+norm,bongo_0819,0,0.000134
bilstm_finetuned,counterfactual,template,2026,test_unseen_all+norm,bongo_0835,0,0.000024
bilstm_finetuned,counterfactual,template,2026,test_unseen_all+norm,bongo_0840,1,0.999887
bilstm_finetuned,counterfactual,template,2026,test_unseen_all+norm,bongo_0855,1,0.013647
bilstm_finetuned,counterfactual,template,2026,test_unseen_all+norm,bongo_0856,0,0.000050
bilstm_finetuned,counterfactual,template,2026,test_unseen_all+norm,bongo_0864,1,0.768297
bilstm_finetuned,counterfactual,template,2026,test_unseen_all+norm,bongo_0871,1,0.999964
bilstm_finetuned,counterfactual,template,2026,test_unseen_all+norm,bongo_0872,0,0.004264
bilstm_finetuned,counterfactual,template,2026,test_unseen_all+norm,bongo_0904,0,0.000137
bilstm_finetuned,counterfactual,template,2026,test_unseen_all+norm,bongo_0905,1,0.746454
bilstm_finetuned,counterfactual,template,2026,test_unseen_all+norm,bongo_0909,1,0.996926
bilstm_finetuned,counterfactual,template,2026,test_unseen_all+norm,bongo_0917,1,0.000035
bilstm_finetuned,counterfactual,template,2026,test_unseen_all+norm,bongo_0918,1,0.998716
bilstm_finetuned,counterfactual,template,2026,test_unseen_all+norm,bongo_0950,0,0.000029
bilstm_finetuned,counterfactual,template,2026,test_unseen_all+norm,bongo_0955,1,0.635179
bilstm_finetuned,counterfactual,template,2026,test_unseen_all+norm,bongo_0956,0,0.000023
bilstm_finetuned,counterfactual,template,2026,test_unseen_all+norm,bongo_0971,0,0.000025
bilstm_finetuned,counterfactual,template,2026,test_unseen_all+norm,bongo_0983,0,0.000067
bilstm_finetuned,counterfactual,template,2026,test_unseen_all+norm,bongo_0989,1,0.999759
bilstm_finetuned,counterfactual,template,2026,test_unseen_all+norm,bongo_0994,0,0.000094
bilstm_finetuned,counterfactual,template,2026,test_unseen_all+norm,bongo_1003,1,0.665394
bilstm_finetuned,counterfactual,template,2026,test_unseen_all+norm,bongo_1006,0,0.000031
bilstm_finetuned,counterfactual,template,2026,test_unseen_all+norm,bongo_1012,1,0.000032
bilstm_finetuned,counterfactual,template,2026,test_unseen_all+norm,bongo_1015,0,0.000015
bilstm_finetuned,counterfactual,template,2026,test_unseen_all+norm,bongo_1022,1,0.000026
bilstm_finetuned,counterfactual,template,2026,test_unseen_all+norm,bongo_1037,0,0.000043
bilstm_finetuned,counterfactual,template,2026,test_unseen_all+norm,bongo_1040,0,0.000031
bilstm_finetuned,counterfactual,template,2026,test_unseen_all+norm,bongo_1042,1,0.739012
bilstm_finetuned,counterfactual,template,2026,test_unseen_all+norm,bongo_1047,1,0.805445
bilstm_finetuned,counterfactual,template,2026,test_unseen_all+norm,bongo_1050,0,0.000024
bilstm_finetuned,counterfactual,template,2026,test_unseen_all+norm,bongo_1052,1,0.999832
bilstm_finetuned,counterfactual,template,2026,test_unseen_all+norm,bongo_1059,0,0.000019
bilstm_finetuned,counterfactual,template,2026,test_unseen_all+norm,bongo_1071,0,0.000027
bilstm_finetuned,counterfactual,template,2026,test_unseen_all+norm,bongo_1090,0,0.000015
bilstm_finetuned,counterfactual,template,2026,test_unseen_all+norm,bongo_1104,1,0.756620
bilstm_finetuned,counterfactual,template,2026,test_unseen_all+norm,bongo_1115,0,0.000009
bilstm_finetuned,counterfactual,template,2026,test_unseen_all+norm,bongo_1123,0,0.000032
bilstm_finetuned,counterfactual,template,2026,test_unseen_all+norm,bongo_1125,0,0.005142
bilstm_finetuned,counterfactual,template,2026,test_unseen_all+norm,bongo_1127,1,0.027492
bilstm_finetuned,counterfactual,template,2026,test_unseen_all+norm,bongo_1131,1,0.731337
bilstm_finetuned,counterfactual,template,2026,test_unseen_all+norm,bongo_1134,1,0.000040
bilstm_finetuned,counterfactual,template,2026,test_unseen_all+norm,bongo_1135,0,0.051320
bilstm_finetuned,counterfactual,template,2026,test_unseen_all+norm,bongo_1136,1,0.000165
bilstm_finetuned,counterfactual,template,2026,test_unseen_all+norm,bongo_1138,1,0.670109
bilstm_finetuned,counterfactual,template,2026,test_unseen_all+norm,bongo_1140,1,0.998011
bilstm_finetuned,counterfactual,template,2026,test_unseen_all+norm,bongo_1154,1,0.641753
bilstm_finetuned,counterfactual,template,2026,test_unseen_all+norm,bongo_1155,0,0.000025
bilstm_finetuned,counterfactual,template,2026,test_unseen_all+norm,bongo_1171,1,0.753599
bilstm_finetuned,counterfactual,template,2026,test_unseen_all+norm,bongo_1181,1,0.694035
bilstm_finetuned,counterfactual,template,2026,test_unseen_all+norm,bongo_1185,1,0.000040
bilstm_finetuned,counterfactual,template,2026,test_unseen_all+norm,bongo_1194,0,0.000729
bilstm_finetuned,counterfactual,template,2026,test_unseen_all+norm,bongo_1195,1,0.000032
bilstm_finetuned,counterfactual,template,2026,test_unseen_all+norm,bongo_1198,0,0.000103
bilstm_finetuned,counterfactual,template,2026,test_unseen_all+norm,bongo_1204,1,0.000021
bilstm_finetuned,counterfactual,template,2026,test_unseen_all+norm,bongo_1220,1,0.645157
bilstm_finetuned,counterfactual,template,2026,test_unseen_all+norm,bongo_1233,1,0.999990
bilstm_finetuned,counterfactual,template,2026,test_unseen_all+norm,bongo_1236,0,0.000054
bilstm_finetuned,counterfactual,template,2026,test_unseen_all+norm,bongo_1240,1,0.000031
bilstm_finetuned,counterfactual,template,2026,test_unseen_all+norm,bongo_1244,0,0.000023
bilstm_finetuned,counterfactual,template,2026,test_unseen_all+norm,bongo_1249,0,0.000009
bilstm_finetuned,counterfactual,template,2026,test_unseen_all+norm,bongo_1253,0,0.081567
bilstm_finetuned,counterfactual,template,2026,test_unseen_all+norm,bongo_1260,0,0.000027
bilstm_finetuned,counterfactual,template,2026,test_unseen_all+norm,bongo_1262,0,0.000032
bilstm_finetuned,counterfactual,template,2026,test_unseen_all+norm,bongo_1278,1,0.000022
bilstm_finetuned,counterfactual,template,2026,test_unseen_all+norm,bongo_1285,0,0.000023
bilstm_finetuned,counterfactual,template,2026,test_unseen_all+norm,bongo_1293,1,0.999943
bilstm_finetuned,counterfactual,template,2026,test_unseen_all+norm,bongo_1316,0,0.000075
bilstm_finetuned,counterfactual,template,2026,test_unseen_all+norm,bongo_1327,1,0.000021
bilstm_finetuned,counterfactual,template,2026,test_unseen_all+norm,bongo_1330,0,0.061334
bilstm_finetuned,counterfactual,template,2026,test_unseen_all+norm,bongo_1359,0,0.004311
bilstm_finetuned,counterfactual,template,2026,test_unseen_all+norm,bongo_1375,0,0.000035
