model,variant,split,seed,set,id,label,prob
bilstm_frozen,clean,template,13,val,bongo_0004,1,0.999814
bilstm_frozen,clean,template,13,val,bongo_0007,1,0.971417
bilstm_frozen,clean,template,13,val,bongo_0008,0,0.000228
bilstm_frozen,clean,template,13,val,bongo_0031,1,0.999814
bilstm_frozen,clean,template,13,val,bongo_0033,0,0.000234
bilstm_frozen,clean,template,13,val,bongo_0036,1,0.999403
bilstm_frozen,clean,template,13,val,bongo_0046,1,0.999812
bilstm_frozen,clean,template,13,val,bongo_0052,1,0.999726
bilstm_frozen,clean,template,13,val,bongo_0057,1,0.998830
bilstm_frozen,clean,template,13,val,bongo_0063,0,0.000255
bilstm_frozen,clean,template,13,val,bongo_0065,0,0.000328
bilstm_frozen,clean,template,13,val,bongo_0076,0,0.000448
bilstm_frozen,clean,template,13,val,bongo_0081,0,0.000197
bilstm_frozen,clean,template,13,val,bongo_0088,1,0.999495
bilstm_frozen,clean,template,13,val,bongo_0089,1,0.999814
bilstm_frozen,clean,template,13,val,bongo_0095,0,0.000092
bilstm_frozen,clean,template,13,val,bongo_0101,1,0.999241
bilstm_frozen,clean,template,13,val,bongo_0102,1,0.999853
bilstm_frozen,clean,template,13,val,bongo_0103,1,0.992528
bilstm_frozen,clean,template,13,val,bongo_0105,0,0.000194
bilstm_frozen,clean,template,13,val,bongo_0111,0,0.001027
bilstm_frozen,clean,template,13,val,bongo_0120,1,0.999814
bilstm_frozen,clean,template,13,val,bongo_0121,0,0.000239
bilstm_frozen,clean,template,13,val,bongo_0127,0,0.000068
bilstm_frozen,clean,template,13,val,bongo_0145,0,0.000426
bilstm_frozen,clean,template,13,val,bongo_0148,0,0.001721
bilstm_frozen,clean,template,13,val,bongo_0181,1,0.989690
bilstm_frozen,clean,template,13,val,bongo_0186,0,0.000186
bilstm_frozen,clean,template,13,val,bongo_0191,0,0.000838
bilstm_frozen,clean,template,13,val,bongo_0210,1,0.999276
bilstm_frozen,clean,template,13,val,bongo_0226,1,0.999814
bilstm_frozen,clean,template,13,val,bongo_0228,1,0.999814
bilstm_frozen,clean,template,13,val,bongo_0235,1,0.999814
bilstm_frozen,clean,template,13,val,bongo_0243,1,0.999703
bilstm_frozen,clean,template,13,val,bongo_0247,1,0.999637
bilstm_frozen,clean,template,13,val,bongo_0248,1,0.999854
bilstm_frozen,clean,template,13,val,bongo_0264,0,0.000920
bilstm_frozen,clean,template,13,val,bongo_0275,0,0.000214
bilstm_frozen,clean,template,13,val,bongo_0278,1,0.999711
bilstm_frozen,clean,template,13,val,bongo_0312,1,0.999814
bilstm_frozen,clean,template,13,val,bongo_0315,1,0.999355
bilstm_frozen,clean,template,13,val,bongo_0319,1,0.999769
bilstm_frozen,clean,template,13,val,bongo_0353,1,0.999635
bilstm_frozen,clean,template,13,val,bongo_0370,1,0.998700
bilstm_frozen,clean,template,13,val,bongo_0377,1,0.998280
bilstm_frozen,clean,template,13,val,bongo_0393,0,0.000381
bilstm_frozen,clean,template,13,val,bongo_0403,1,0.999847
bilstm_frozen,clean,template,13,val,bongo_0410,0,0.000810
bilstm_frozen,clean,template,13,val,bongo_0411,0,0.000271
bilstm_frozen,clean,template,13,val,bongo_0426,0,0.000117
bilstm_frozen,clean,template,13,val,bongo_0430,0,0.000985
bilstm_frozen,clean,template,13,val,bongo_0438,1,0.998704
bilstm_frozen,clean,template,13,val,bongo_0451,1,0.999297
bilstm_frozen,clean,template,13,val,bongo_0455,1,0.999293
bilstm_frozen,clean,template,13,val,bongo_0466,1,0.999494
bilstm_frozen,clean,template,13,val,bongo_0495,0,0.001794
bilstm_frozen,clean,template,13,val,bongo_0499,1,0.999861
bilstm_frozen,clean,template,13,val,bongo_0502,1,0.999407
bilstm_frozen,clean,template,13,val,bongo_0548,0,0.000322
bilstm_frozen,clean,template,13,val,bongo_0556,1,0.999450
bilstm_frozen,clean,template,13,val,bongo_0557,1,0.999409
bilstm_frozen,clean,template,13,val,bongo_0561,0,0.002247
bilstm_frozen,clean,template,13,val,bongo_0563,0,0.000197
bilstm_frozen,clean,template,13,val,bongo_0570,1,0.999814
bilstm_frozen,clean,template,13,val,bongo_0581,0,0.000240
bilstm_frozen,clean,template,13,val,bongo_0587,1,0.999409
bilstm_frozen,clean,template,13,val,bongo_0593,0,0.000172
bilstm_frozen,clean,template,13,val,bongo_0607,0,0.000232
bilstm_frozen,clean,template,13,val,bongo_0610,0,0.000369
bilstm_frozen,clean,template,13,val,bongo_0632,1,0.999768
bilstm_frozen,clean,template,13,val,bongo_0634,0,0.000331
bilstm_frozen,clean,template,13,val,bongo_0637,1,0.999519
bilstm_frozen,clean,template,13,val,bongo_0643,0,0.000287
bilstm_frozen,clean,template,13,val,bongo_0666,1,0.999494
bilstm_frozen,clean,template,13,val,bongo_0672,0,0.000423
bilstm_frozen,clean,template,13,val,bongo_0680,1,0.999303
bilstm_frozen,clean,template,13,val,bongo_0681,0,0.000261
bilstm_frozen,clean,template,13,val,bongo_0693,0,0.000251
bilstm_frozen,clean,template,13,val,bongo_0694,0,0.001493
bilstm_frozen,clean,template,13,val,bongo_0698,1,0.999814
bilstm_frozen,clean,template,13,val,bongo_0726,0,0.001479
bilstm_frozen,clean,template,13,val,bongo_0742,0,0.000173
bilstm_frozen,clean,template,13,val,bongo_0752,0,0.000244
bilstm_frozen,clean,template,13,val,bongo_0754,0,0.000286
bilstm_frozen,clean,template,13,val,bongo_0762,1,0.999215
bilstm_frozen,clean,template,13,val,bongo_0764,1,0.999760
bilstm_frozen,clean,template,13,val,bongo_0788,1,0.999703
bilstm_frozen,clean,template,13,val,bongo_0805,0,0.000278
bilstm_frozen,clean,template,13,val,bongo_0809,0,0.000998
bilstm_frozen,clean,template,13,val,bongo_0811,1,0.999821
bilstm_frozen,clean,template,13,val,bongo_0823,1,0.998146
bilstm_frozen,clean,template,13,val,bongo_0827,1,0.999818
bilstm_frozen,clean,template,13,val,bongo_0833,0,0.000767
bilstm_frozen,clean,template,13,val,bongo_0844,1,0.999814
bilstm_frozen,clean,template,13,val,bongo_0869,1,0.999617
bilstm_frozen,clean,template,13,val,bongo_0880,1,0.999702
bilstm_frozen,clean,template,13,val,bongo_0886,1,0.998902
bilstm_frozen,clean,template,13,val,bongo_0911,1,0.997559
bilstm_frozen,clean,template,13,val,bongo_0919,0,0.000600
bilstm_frozen,clean,template,13,val,bongo_0921,1,0.999766
bilstm_frozen,clean,template,13,val,bongo_0922,0,0.000423
bilstm_frozen,clean,template,13,val,bongo_0923,1,0.999463
bilstm_frozen,clean,template,13,val,bongo_0943,1,0.999479
bilstm_frozen,clean,template,13,val,bongo_0948,1,0.999492
bilstm_frozen,clean,template,13,val,bongo_0949,1,0.999197
bilstm_frozen,clean,template,13,val,bongo_0959,1,0.998007
bilstm_frozen,clean,template,13,val,bongo_0961,1,0.998918
bilstm_frozen,clean,template,13,val,bongo_0973,0,0.000259
bilstm_frozen,clean,template,13,val,bongo_0988,0,0.000307
bilstm_frozen,clean,template,13,val,bongo_0992,0,0.004364
bilstm_frozen,clean,template,13,val,bongo_1001,1,0.999800
bilstm_frozen,clean,template,13,val,bongo_1028,1,0.999626
bilstm_frozen,clean,template,13,val,bongo_1039,0,0.000203
bilstm_frozen,clean,template,13,val,bongo_1044,0,0.000136
bilstm_frozen,clean,template,13,val,bongo_1082,0,0.012145
bilstm_frozen,clean,template,13,val,bongo_1086,1,0.972244
bilstm_frozen,clean,template,13,val,bongo_1099,0,0.000748
bilstm_frozen,clean,template,13,val,bongo_1101,1,0.999461
bilstm_frozen,clean,template,13,val,bongo_1108,0,0.000168
bilstm_frozen,clean,template,13,val,bongo_1109,0,0.000199
bilstm_frozen,clean,template,13,val,bongo_1120,0,0.000160
bilstm_frozen,clean,template,13,val,bongo_1124,0,0.000186
bilstm_frozen,clean,template,13,val,bongo_1130,1,0.999774
bilstm_frozen,clean,template,13,val,bongo_1132,1,0.999085
bilstm_frozen,clean,template,13,val,bongo_1137,1,0.999381
bilstm_frozen,clean,template,13,val,bongo_1145,0,0.000302
bilstm_frozen,clean,template,13,val,bongo_1153,0,0.000303
bilstm_frozen,clean,template,13,val,bongo_1161,0,0.001071
bilstm_frozen,clean,template,13,val,bongo_1162,0,0.068208
bilstm_frozen,clean,template,13,val,bongo_1163,1,0.999387
bilstm_frozen,clean,template,13,val,bongo_1166,1,0.999729
bilstm_frozen,clean,template,13,val,bongo_1197,1,0.998571
bilstm_frozen,clean,template,13,val,bongo_1203,1,0.999743
bilstm_frozen,clean,template,13,val,bongo_1212,0,0.000230
bilstm_frozen,clean,template,13,val,bongo_1213,1,0.999227
bilstm_frozen,clean,template,13,val,bongo_1216,0,0.001216
bilstm_frozen,clean,template,13,val,bongo_1224,1,0.989859
bilstm_frozen,clean,template,13,val,bongo_1247,1,0.997320
bilstm_frozen,clean,template,13,val,bongo_1251,1,0.999815
bilstm_frozen,clean,template,13,val,bongo_1257,1,0.998216
bilstm_frozen,clean,template,13,val,bongo_1258,1,0.999814
bilstm_frozen,clean,template,13,val,bongo_1265,0,0.000205
bilstm_frozen,clean,template,13,val,bongo_1272,0,0.000680
bilstm_frozen,clean,template,13,val,bongo_1275,0,0.000841
bilstm_frozen,clean,template,13,val,bongo_1296,0,0.000101
bilstm_frozen,clean,template,13,val,bongo_1299,1,0.999085
bilstm_frozen,clean,template,13,val,bongo_1307,1,0.999438
bilstm_frozen,clean,template,13,val,bongo_1328,0,0.000272
bilstm_frozen,clean,template,13,val,bongo_1335,0,0.059875
bilstm_frozen,clean,template,13,val,bongo_1341,0,0.000301
bilstm_frozen,clean,template,13,val,bongo_1349,0,0.000239
bilstm_frozen,clean,template,13,val,bongo_1360,0,0.000429
bilstm_frozen,clean,template,13,test,bongo_0025,1,0.999412
bilstm_frozen,clean,template,13,test,bongo_0029,0,0.015926
bilstm_frozen,clean,template,13,test,bongo_0039,1,0.999701
bilstm_frozen,clean,template,13,test,bongo_0047,1,0.999598
bilstm_frozen,clean,template,13,test,bongo_0053,0,0.000213
bilstm_frozen,clean,template,13,test,bongo_0055,1,0.000851
bilstm_frozen,clean,template,13,test,bongo_0061,1,0.996565
bilstm_frozen,clean,template,13,test,bongo_0097,0,0.001308
bilstm_frozen,clean,template,13,test,bongo_0107,0,0.000084
bilstm_frozen,clean,template,13,test,bongo_0110,0,0.000055
bilstm_frozen,clean,template,13,test,bongo_0112,1,0.000839
bilstm_frozen,clean,template,13,test,bongo_0115,0,0.002955
bilstm_frozen,clean,template,13,test,bongo_0143,0,0.000372
bilstm_frozen,clean,template,13,test,bongo_0146,1,0.999782
bilstm_frozen,clean,template,13,test,bongo_0154,1,0.999467
bilstm_frozen,clean,template,13,test,bongo_0159,1,0.000861
bilstm_frozen,clean,template,13,test,bongo_0160,0,0.000164
bilstm_frozen,clean,template,13,test,bongo_0172,0,0.782687
bilstm_frozen,clean,template,13,test,bongo_0173,1,0.000681
bilstm_frozen,clean,template,13,test,bongo_0175,0,0.000740
bilstm_frozen,clean,template,13,test,bongo_0182,0,0.000291
bilstm_frozen,clean,template,13,test,bongo_0195,1,0.998724
bilstm_frozen,clean,template,13,test,bongo_0197,0,0.000188
bilstm_frozen,clean,template,13,test,bongo_0201,1,0.999777
bilstm_frozen,clean,template,13,test,bongo_0203,1,0.999855
bilstm_frozen,clean,template,13,test,bongo_0250,1,0.000861
bilstm_frozen,clean,template,13,test,bongo_0253,0,0.000316
bilstm_frozen,clean,template,13,test,bongo_0255,1,0.000870
bilstm_frozen,clean,template,13,test,bongo_0265,1,0.000697
bilstm_frozen,clean,template,13,test,bongo_0271,0,0.000251
bilstm_frozen,clean,template,13,test,bongo_0300,0,0.000185
bilstm_frozen,clean,template,13,test,bongo_0306,0,0.000268
bilstm_frozen,clean,template,13,test,bongo_0356,1,0.000831
bilstm_frozen,clean,template,13,test,bongo_0360,1,0.999494
bilstm_frozen,clean,template,13,test,bongo_0361,1,0.999854
bilstm_frozen,clean,template,13,test,bongo_0363,0,0.000221
bilstm_frozen,clean,template,13,test,bongo_0368,0,0.001293
bilstm_frozen,clean,template,13,test,bongo_0372,0,0.000265
bilstm_frozen,clean,template,13,test,bongo_0380,1,0.000842
bilstm_frozen,clean,template,13,test,bongo_0389,0,0.000257
bilstm_frozen,clean,template,13,test,bongo_0395,0,0.000543
bilstm_frozen,clean,template,13,test,bongo_0405,1,0.999295
bilstm_frozen,clean,template,13,test,bongo_0424,1,0.999764
bilstm_frozen,clean,template,13,test,bongo_0427,0,0.002924
bilstm_frozen,clean,template,13,test,bongo_0434,1,0.000851
bilstm_frozen,clean,template,13,test,bongo_0463,0,0.002949
bilstm_frozen,clean,template,13,test,bongo_0476,1,0.998845
bilstm_frozen,clean,template,13,test,bongo_0510,1,0.999601
bilstm_frozen,clean,template,13,test,bongo_0531,0,0.000346
bilstm_frozen,clean,template,13,test,bongo_0542,0,0.000385
bilstm_frozen,clean,template,13,test,bongo_0545,0,0.000391
bilstm_frozen,clean,template,13,test,bongo_0560,1,0.971527
bilstm_frozen,clean,template,13,test,bongo_0565,1,0.000601
bilstm_frozen,clean,template,13,test,bongo_0566,1,0.999853
bilstm_frozen,clean,template,13,test,bongo_0571,0,0.000196
bilstm_frozen,clean,template,13,test,bongo_0577,1,0.999174
bilstm_frozen,clean,template,13,test,bongo_0580,1,0.998828
bilstm_frozen,clean,template,13,test,bongo_0621,1,0.998836
bilstm_frozen,clean,template,13,test,bongo_0624,1,0.999462
bilstm_frozen,clean,template,13,test,bongo_0630,0,0.000365
bilstm_frozen,clean,template,13,test,bongo_0638,1,0.999815
bilstm_frozen,clean,template,13,test,bongo_0648,0,0.021890
bilstm_frozen,clean,template,13,test,bongo_0674,0,0.000081
bilstm_frozen,clean,template,13,test,bongo_0685,0,0.027571
bilstm_frozen,clean,template,13,test,bongo_0697,1,0.000601
bilstm_frozen,clean,template,13,test,bongo_0701,0,0.000252
bilstm_frozen,clean,template,13,test,bongo_0706,1,0.000829
bilstm_frozen,clean,template,13,test,bongo_0719,1,0.000851
bilstm_frozen,clean,template,13,test,bongo_0721,1,0.999138
bilstm_frozen,clean,template,13,test,bongo_0724,1,0.000621
bilstm_frozen,clean,template,13,test,bongo_0729,1,0.998281
bilstm_frozen,clean,template,13,test,bongo_0741,0,0.000234
bilstm_frozen,clean,template,13,test,bongo_0749,1,0.000833
bilstm_frozen,clean,template,13,test,bongo_0769,1,0.999367
bilstm_frozen,clean,template,13,test,bongo_0770,1,0.000851
bilstm_frozen,clean,template,13,test,bongo_0778,1,0.000823
bilstm_frozen,clean,template,13,test,bongo_0787,1,0.999494
bilstm_frozen,clean,template,13,test,bongo_0795,0,0.000643
bilstm_frozen,clean,template,13,test,bongo_0806,1,0.000621
bilstm_frozen,clean,template,13,test,bongo_0807,1,0.999575
bilstm_frozen,clean,template,13,test,bongo_0818,0,0.007304
bilstm_frozen,clean,template,13,test,bongo_0819,0,0.000527
bilstm_frozen,clean,template,13,test,bongo_0835,0,0.000150
bilstm_frozen,clean,template,13,test,bongo_0840,1,0.999494
bilstm_frozen,clean,template,13,test,bongo_0855,1,0.000608
bilstm_frozen,clean,template,13,test,bongo_0856,0,0.000250
bilstm_frozen,clean,template,13,test,bongo_0864,1,0.999702
bilstm_frozen,clean,template,13,test,bongo_0871,1,0.999473
bilstm_frozen,clean,template,13,test,bongo_0872,0,0.001244
bilstm_frozen,clean,template,13,test,bongo_0904,0,0.001511
bilstm_frozen,clean,template,13,test,bongo_0905,1,0.999710
bilstm_frozen,clean,template,13,test,bongo_0909,1,0.999140
bilstm_frozen,clean,template,13,test,bongo_0917,1,0.000881
bilstm_frozen,clean,template,13,test,bongo_0918,1,0.999297
bilstm_frozen,clean,template,13,test,bongo_0950,0,0.000178
bilstm_frozen,clean,template,13,test,bongo_0955,1,0.999754
bilstm_frozen,clean,template,13,test,bongo_0956,0,0.000249
bilstm_frozen,clean,template,13,test,bongo_0971,0,0.000220
bilstm_frozen,clean,template,13,test,bongo_0983,0,0.000463
bilstm_frozen,clean,template,13,test,bongo_0989,1,0.999474
bilstm_frozen,clean,template,13,test,bongo_0994,0,0.002226
bilstm_frozen,clean,template,13,test,bongo_1003,1,0.971480
bilstm_frozen,clean,template,13,test,bongo_1006,0,0.000340
bilstm_frozen,clean,template,13,test,bongo_1012,1,0.000825
bilstm_frozen,clean,template,13,test,bongo_1015,0,0.000557
bilstm_frozen,clean,template,13,test,bongo_1022,1,0.000840
bilstm_frozen,clean,template,13,test,bongo_1037,0,0.000614
bilstm_frozen,clean,template,13,test,bongo_1040,0,0.000300
bilstm_frozen,clean,template,13,test,bongo_1042,1,0.999235
bilstm_frozen,clean,template,13,test,bongo_1047,1,0.999700
bilstm_frozen,clean,template,13,test,bongo_1050,0,0.000802
bilstm_frozen,clean,template,13,test,bongo_1052,1,0.999433
bilstm_frozen,clean,template,13,test,bongo_1059,0,0.000744
bilstm_frozen,clean,template,13,test,bongo_1071,0,0.000295
bilstm_frozen,clean,template,13,test,bongo_1090,0,0.000170
bilstm_frozen,clean,template,13,test,bongo_1104,1,0.999748
bilstm_frozen,clean,template,13,test,bongo_1115,0,0.000232
bilstm_frozen,clean,template,13,test,bongo_1123,0,0.000238
bilstm_frozen,clean,template,13,test,bongo_1125,0,0.012666
bilstm_frozen,clean,template,13,test,bongo_1127,1,0.000673
bilstm_frozen,clean,template,13,test,bongo_1131,1,0.999808
bilstm_frozen,clean,template,13,test,bongo_1134,1,0.000858
bilstm_frozen,clean,template,13,test,bongo_1135,0,0.001657
bilstm_frozen,clean,template,13,test,bongo_1136,1,0.999398
bilstm_frozen,clean,template,13,test,bongo_1138,1,0.999701
bilstm_frozen,clean,template,13,test,bongo_1140,1,0.999230
bilstm_frozen,clean,template,13,test,bongo_1154,1,0.999844
bilstm_frozen,clean,template,13,test,bongo_1155,0,0.000215
bilstm_frozen,clean,template,13,test,bongo_1171,1,0.999747
bilstm_frozen,clean,template,13,test,bongo_1181,1,0.998974
bilstm_frozen,clean,template,13,test,bongo_1185,1,0.000836
bilstm_frozen,clean,template,13,test,bongo_1194,0,0.000869
bilstm_frozen,clean,template,13,test,bongo_1195,1,0.000600
bilstm_frozen,clean,template,13,test,bongo_1198,0,0.000356
bilstm_frozen,clean,template,13,test,bongo_1204,1,0.000853
bilstm_frozen,clean,template,13,test,bongo_1220,1,0.999704
bilstm_frozen,clean,template,13,test,bongo_1233,1,0.999853
bilstm_frozen,clean,template,13,test,bongo_1236,0,0.000282
bilstm_frozen,clean,template,13,test,bongo_1240,1,0.000870
bilstm_frozen,clean,template,13,test,bongo_1244,0,0.000697
bilstm_frozen,clean,template,13,test,bongo_1249,0,0.000533
bilstm_frozen,clean,template,13,test,bongo_1253,0,0.910899
bilstm_frozen,clean,template,13,test,bongo_1260,0,0.000234
bilstm_frozen,clean,template,13,test,bongo_1262,0,0.765511
bilstm_frozen,clean,template,13,test,bongo_1278,1,0.000852
bilstm_frozen,clean,template,13,test,bongo_1285,0,0.000243
bilstm_frozen,clean,template,13,test,bongo_1293,1,0.999740
bilstm_frozen,clean,template,13,test,bongo_1316,0,0.000311
bilstm_frozen,clean,template,13,test,bongo_1327,1,0.000847
bilstm_frozen,clean,template,13,test,bongo_1330,0,0.044616
bilstm_frozen,clean,template,13,test,bongo_1359,0,0.001240
bilstm_frozen,clean,template,13,test,bongo_1375,0,0.000302
bilstm_frozen,clean,template,13,test_lookalike_1,bongo_0025,1,0.999074
bilstm_frozen,clean,template,13,test_lookalike_1,bongo_0029,0,0.015926
bilstm_frozen,clean,template,13,test_lookalike_1,bongo_0039,1,0.999409
bilstm_frozen,clean,template,13,test_lookalike_1,bongo_0047,1,0.999673
bilstm_frozen,clean,template,13,test_lookalike_1,bongo_0053,0,0.000213
bilstm_frozen,clean,template,13,test_lookalike_1,bongo_0055,1,0.000949
bilstm_frozen,clean,template,13,test_lookalike_1,bongo_0061,1,0.995158
bilstm_frozen,clean,template,13,test_lookalike_1,bongo_0097,0,0.001308
bilstm_frozen,clean,template,13,test_lookalike_1,bongo_0107,0,0.000084
bilstm_frozen,clean,template,13,test_lookalike_1,bongo_0110,0,0.000055
bilstm_frozen,clean,template,13,test_lookalike_1,bongo_0112,1,0.000925
bilstm_frozen,clean,template,13,test_lookalike_1,bongo_0115,0,0.002955
bilstm_frozen,clean,template,13,test_lookalike_1,bongo_0143,0,0.000372
bilstm_frozen,clean,template,13,test_lookalike_1,bongo_0146,1,0.999780
bilstm_frozen,clean,template,13,test_lookalike_1,bongo_0154,1,0.995911
bilstm_frozen,clean,template,13,test_lookalike_1,bongo_0159,1,0.000949
bilstm_frozen,clean,template,13,test_lookalike_1,bongo_0160,0,0.000164
bilstm_frozen,clean,template,13,test_lookalike_1,bongo_0172,0,0.782687
bilstm_frozen,clean,template,13,test_lookalike_1,bongo_0173,1,0.000753
bilstm_frozen,clean,template,13,test_lookalike_1,bongo_0175,0,0.000740
bilstm_frozen,clean,template,13,test_lookalike_1,bongo_0182,0,0.000291
bilstm_frozen,clean,template,13,test_lookalike_1,bongo_0195,1,0.997982
bilstm_frozen,clean,template,13,test_lookalike_1,bongo_0197,0,0.000188
bilstm_frozen,clean,template,13,test_lookalike_1,bongo_0201,1,0.999498
bilstm_frozen,clean,template,13,test_lookalike_1,bongo_0203,1,0.999855
bilstm_frozen,clean,template,13,test_lookalike_1,bongo_0250,1,0.000961
bilstm_frozen,clean,template,13,test_lookalike_1,bongo_0253,0,0.000316
bilstm_frozen,clean,template,13,test_lookalike_1,bongo_0255,1,0.000893
bilstm_frozen,clean,template,13,test_lookalike_1,bongo_0265,1,0.000713
bilstm_frozen,clean,template,13,test_lookalike_1,bongo_0271,0,0.000251
bilstm_frozen,clean,template,13,test_lookalike_1,bongo_0300,0,0.000185
bilstm_frozen,clean,template,13,test_lookalike_1,bongo_0306,0,0.000268
bilstm_frozen,clean,template,13,test_lookalike_1,bongo_0356,1,0.000937
bilstm_frozen,clean,template,13,test_lookalike_1,bongo_0360,1,0.999520
bilstm_frozen,clean,template,13,test_lookalike_1,bongo_0361,1,0.999855
bilstm_frozen,clean,template,13,test_lookalike_1,bongo_0363,0,0.000221
bilstm_frozen,clean,template,13,test_lookalike_1,bongo_0368,0,0.001293
bilstm_frozen,clean,template,13,test_lookalike_1,bongo_0372,0,0.000265
bilstm_frozen,clean,template,13,test_lookalike_1,bongo_0380,1,0.000938
bilstm_frozen,clean,template,13,test_lookalike_1,bongo_0389,0,0.000257
bilstm_frozen,clean,template,13,test_lookalike_1,bongo_0395,0,0.000543
bilstm_frozen,clean,template,13,test_lookalike_1,bongo_0405,1,0.999324
bilstm_frozen,clean,template,13,test_lookalike_1,bongo_0424,1,0.999468
bilstm_frozen,clean,template,13,test_lookalike_1,bongo_0427,0,0.002924
bilstm_frozen,clean,template,13,test_lookalike_1,bongo_0434,1,0.000948
bilstm_frozen,clean,template,13,test_lookalike_1,bongo_0463,0,0.002949
bilstm_frozen,clean,template,13,test_lookalike_1,bongo_0476,1,0.976415
bilstm_frozen,clean,template,13,test_lookalike_1,bongo_0510,1,0.999601
bilstm_frozen,clean,template,13,test_lookalike_1,bongo_0531,0,0.000346
bilstm_frozen,clean,template,13,test_lookalike_1,bongo_0542,0,0.000385
bilstm_frozen,clean,template,13,test_lookalike_1,bongo_0545,0,0.000391
bilstm_frozen,clean,template,13,test_lookalike_1,bongo_0560,1,0.972917
bilstm_frozen,clean,template,13,test_lookalike_1,bongo_0565,1,0.000669
bilstm_frozen,clean,template,13,test_lookalike_1,bongo_0566,1,0.999851
bilstm_frozen,clean,template,13,test_lookalike_1,bongo_0571,0,0.000196
bilstm_frozen,clean,template,13,test_lookalike_1,bongo_0577,1,0.999199
bilstm_frozen,clean,template,13,test_lookalike_1,bongo_0580,1,0.998745
bilstm_frozen,clean,template,13,test_lookalike_1,bongo_0621,1,0.999006
bilstm_frozen,clean,template,13,test_lookalike_1,bongo_0624,1,0.999032
bilstm_frozen,clean,template,13,test_lookalike_1,bongo_0630,0,0.000365
bilstm_frozen,clean,template,13,test_lookalike_1,bongo_0638,1,0.999815
bilstm_frozen,clean,template,13,test_lookalike_1,bongo_0648,0,0.021890
bilstm_frozen,clean,template,13,test_lookalike_1,bongo_0674,0,0.000081
bilstm_frozen,clean,template,13,test_lookalike_1,bongo_0685,0,0.027571
bilstm_frozen,clean,template,13,test_lookalike_1,bongo_0697,1,0.000677
bilstm_frozen,clean,template,13,test_lookalike_1,bongo_0701,0,0.000252
bilstm_frozen,clean,template,13,test_lookalike_1,bongo_0706,1,0.000925
bilstm_frozen,clean,template,13,test_lookalike_1,bongo_0719,1,0.000949
bilstm_frozen,clean,template,13,test_lookalike_1,bongo_0721,1,0.967452
bilstm_frozen,clean,template,13,test_lookalike_1,bongo_0724,1,0.000659
bilstm_frozen,clean,template,13,test_lookalike_1,bongo_0729,1,0.963074
bilstm_frozen,clean,template,13,test_lookalike_1,bongo_0741,0,0.000234
bilstm_frozen,clean,template,13,test_lookalike_1,bongo_0749,1,0.000918
bilstm_frozen,clean,template,13,test_lookalike_1,bongo_0769,1,0.998848
bilstm_frozen,clean,template,13,test_lookalike_1,bongo_0770,1,0.000951
bilstm_frozen,clean,template,13,test_lookalike_1,bongo_0778,1,0.000927
bilstm_frozen,clean,template,13,test_lookalike_1,bongo_0787,1,0.999522
bilstm_frozen,clean,template,13,test_lookalike_1,bongo_0795,0,0.000643
bilstm_frozen,clean,template,13,test_lookalike_1,bongo_0806,1,0.000669
bilstm_frozen,clean,template,13,test_lookalike_1,bongo_0807,1,0.999606
bilstm_frozen,clean,template,13,test_lookalike_1,bongo_0818,0,0.007304
bilstm_frozen,clean,template,13,test_lookalike_1,bongo_0819,0,0.000527
bilstm_frozen,clean,template,13,test_lookalike_1,bongo_0835,0,0.000150
bilstm_frozen,clean,template,13,test_lookalike_1,bongo_0840,1,0.999514
bilstm_frozen,clean,template,13,test_lookalike_1,bongo_0855,1,0.000667
bilstm_frozen,clean,template,13,test_lookalike_1,bongo_0856,0,0.000250
bilstm_frozen,clean,template,13,test_lookalike_1,bongo_0864,1,0.998145
bilstm_frozen,clean,template,13,test_lookalike_1,bongo_0871,1,0.999042
bilstm_frozen,clean,template,13,test_lookalike_1,bongo_0872,0,0.001244
bilstm_frozen,clean,template,13,test_lookalike_1,bongo_0904,0,0.001511
bilstm_frozen,clean,template,13,test_lookalike_1,bongo_0905,1,0.997019
bilstm_frozen,clean,template,13,test_lookalike_1,bongo_0909,1,0.999281
bilstm_frozen,clean,template,13,test_lookalike_1,bongo_0917,1,0.000949
bilstm_frozen,clean,template,13,test_lookalike_1,bongo_0918,1,0.999315
bilstm_frozen,clean,template,13,test_lookalike_1,bongo_0950,0,0.000178
bilstm_frozen,clean,template,13,test_lookalike_1,bongo_0955,1,0.999455
bilstm_frozen,clean,template,13,test_lookalike_1,bongo_0956,0,0.000249
bilstm_frozen,clean,template,13,test_lookalike_1,bongo_0971,0,0.000220
bilstm_frozen,clean,template,13,test_lookalike_1,bongo_0983,0,0.000463
bilstm_frozen,clean,template,13,test_lookalike_1,bongo_0989,1,0.999046
bilstm_frozen,clean,template,13,test_lookalike_1,bongo_0994,0,0.002226
bilstm_frozen,clean,template,13,test_lookalike_1,bongo_1003,1,0.972699
bilstm_frozen,clean,template,13,test_lookalike_1,bongo_1006,0,0.000340
bilstm_frozen,clean,template,13,test_lookalike_1,bongo_1012,1,0.000992
bilstm_frozen,clean,template,13,test_lookalike_1,bongo_1015,0,0.000557
bilstm_frozen,clean,template,13,test_lookalike_1,bongo_1022,1,0.000937
bilstm_frozen,clean,template,13,test_lookalike_1,bongo_1037,0,0.000614
bilstm_frozen,clean,template,13,test_lookalike_1,bongo_1040,0,0.000300
bilstm_frozen,clean,template,13,test_lookalike_1,bongo_1042,1,0.999067
bilstm_frozen,clean,template,13,test_lookalike_1,bongo_1047,1,0.999398
bilstm_frozen,clean,template,13,test_lookalike_1,bongo_1050,0,0.000802
bilstm_frozen,clean,template,13,test_lookalike_1,bongo_1052,1,0.999416
bilstm_frozen,clean,template,13,test_lookalike_1,bongo_1059,0,0.000744
bilstm_frozen,clean,template,13,test_lookalike_1,bongo_1071,0,0.000295
bilstm_frozen,clean,template,13,test_lookalike_1,bongo_1090,0,0.000170
bilstm_frozen,clean,template,13,test_lookalike_1,bongo_1104,1,0.999744
bilstm_frozen,clean,template,13,test_lookalike_1,bongo_1115,0,0.000232
bilstm_frozen,clean,template,13,test_lookalike_1,bongo_1123,0,0.000238
bilstm_frozen,clean,template,13,test_lookalike_1,bongo_1125,0,0.012666
bilstm_frozen,clean,template,13,test_lookalike_1,bongo_1127,1,0.000758
bilstm_frozen,clean,template,13,test_lookalike_1,bongo_1131,1,0.999810
bilstm_frozen,clean,template,13,test_lookalike_1,bongo_1134,1,0.000909
bilstm_frozen,clean,template,13,test_lookalike_1,bongo_1135,0,0.001657
bilstm_frozen,clean,template,13,test_lookalike_1,bongo_1136,1,0.993631
bilstm_frozen,clean,template,13,test_lookalike_1,bongo_1138,1,0.997118
bilstm_frozen,clean,template,13,test_lookalike_1,bongo_1140,1,0.999253
bilstm_frozen,clean,template,13,test_lookalike_1,bongo_1154,1,0.999857
bilstm_frozen,clean,template,13,test_lookalike_1,bongo_1155,0,0.000215
bilstm_frozen,clean,template,13,test_lookalike_1,bongo_1171,1,0.999744
bilstm_frozen,clean,template,13,test_lookalike_1,bongo_1181,1,0.998986
bilstm_frozen,clean,template,13,test_lookalike_1,bongo_1185,1,0.000921
bilstm_frozen,clean,template,13,test_lookalike_1,bongo_1194,0,0.000869
bilstm_frozen,clean,template,13,test_lookalike_1,bongo_1195,1,0.000681
bilstm_frozen,clean,template,13,test_lookalike_1,bongo_1198,0,0.000356
bilstm_frozen,clean,template,13,test_lookalike_1,bongo_1204,1,0.000961
bilstm_frozen,clean,template,13,test_lookalike_1,bongo_1220,1,0.997455
bilstm_frozen,clean,template,13,test_lookalike_1,bongo_1233,1,0.999852
bilstm_frozen,clean,template,13,test_lookalike_1,bongo_1236,0,0.000282
bilstm_frozen,clean,template,13,test_lookalike_1,bongo_1240,1,0.000924
bilstm_frozen,clean,template,13,test_lookalike_1,bongo_1244,0,0.000697
bilstm_frozen,clean,template,13,test_lookalike_1,bongo_1249,0,0.000533
bilstm_frozen,clean,template,13,test_lookalike_1,bongo_1253,0,0.910899
bilstm_frozen,clean,template,13,test_lookalike_1,bongo_1260,0,0.000234
bilstm_frozen,clean,template,13,test_lookalike_1,bongo_1262,0,0.765511
bilstm_frozen,clean,template,13,test_lookalike_1,bongo_1278,1,0.000902
bilstm_frozen,clean,template,13,test_lookalike_1,bongo_1285,0,0.000243
bilstm_frozen,clean,template,13,test_lookalike_1,bongo_1293,1,0.999738
bilstm_frozen,clean,template,13,test_lookalike_1,bongo_1316,0,0.000311
bilstm_frozen,clean,template,13,test_lookalike_1,bongo_1327,1,0.000918
bilstm_frozen,clean,template,13,test_lookalike_1,bongo_1330,0,0.044616
bilstm_frozen,clean,template,13,test_lookalike_1,bongo_1359,0,0.001240
bilstm_frozen,clean,template,13,test_lookalike_1,bongo_1375,0,0.000302
bilstm_frozen,clean,template,13,test_lookalike_3,bongo_0025,1,0.986742
bilstm_frozen,clean,template,13,test_lookalike_3,bongo_0029,0,0.015926
bilstm_frozen,clean,template,13,test_lookalike_3,bongo_0039,1,0.999438
bilstm_frozen,clean,template,13,test_lookalike_3,bongo_0047,1,0.999757
bilstm_frozen,clean,template,13,test_lookalike_3,bongo_0053,0,0.000213
bilstm_frozen,clean,template,13,test_lookalike_3,bongo_0055,1,0.000986
bilstm_frozen,clean,template,13,test_lookalike_3,bongo_0061,1,0.995461
bilstm_frozen,clean,template,13,test_lookalike_3,bongo_0097,0,0.001308
bilstm_frozen,clean,template,13,test_lookalike_3,bongo_0107,0,0.000084
bilstm_frozen,clean,template,13,test_lookalike_3,bongo_0110,0,0.000055
bilstm_frozen,clean,template,13,test_lookalike_3,bongo_0112,1,0.000964
bilstm_frozen,clean,template,13,test_lookalike_3,bongo_0115,0,0.002955
bilstm_frozen,clean,template,13,test_lookalike_3,bongo_0143,0,0.000372
bilstm_frozen,clean,template,13,test_lookalike_3,bongo_0146,1,0.999841
bilstm_frozen,clean,template,13,test_lookalike_3,bongo_0154,1,0.996642
bilstm_frozen,clean,template,13,test_lookalike_3,bongo_0159,1,0.000967
bilstm_frozen,clean,template,13,test_lookalike_3,bongo_0160,0,0.000164
bilstm_frozen,clean,template,13,test_lookalike_3,bongo_0172,0,0.782687
bilstm_frozen,clean,template,13,test_lookalike_3,bongo_0173,1,0.000919
bilstm_frozen,clean,template,13,test_lookalike_3,bongo_0175,0,0.000740
bilstm_frozen,clean,template,13,test_lookalike_3,bongo_0182,0,0.000291
bilstm_frozen,clean,template,13,test_lookalike_3,bongo_0195,1,0.998762
bilstm_frozen,clean,template,13,test_lookalike_3,bongo_0197,0,0.000188
bilstm_frozen,clean,template,13,test_lookalike_3,bongo_0201,1,0.999335
bilstm_frozen,clean,template,13,test_lookalike_3,bongo_0203,1,0.999912
bilstm_frozen,clean,template,13,test_lookalike_3,bongo_0250,1,0.000974
bilstm_frozen,clean,template,13,test_lookalike_3,bongo_0253,0,0.000316
bilstm_frozen,clean,template,13,test_lookalike_3,bongo_0255,1,0.000954
bilstm_frozen,clean,template,13,test_lookalike_3,bongo_0265,1,0.000232
bilstm_frozen,clean,template,13,test_lookalike_3,bongo_0271,0,0.000251
bilstm_frozen,clean,template,13,test_lookalike_3,bongo_0300,0,0.000185
bilstm_frozen,clean,template,13,test_lookalike_3,bongo_0306,0,0.000268
bilstm_frozen,clean,template,13,test_lookalike_3,bongo_0356,1,0.000962
bilstm_frozen,clean,template,13,test_lookalike_3,bongo_0360,1,0.995830
bilstm_frozen,clean,template,13,test_lookalike_3,bongo_0361,1,0.999913
bilstm_frozen,clean,template,13,test_lookalike_3,bongo_0363,0,0.000221
bilstm_frozen,clean,template,13,test_lookalike_3,bongo_0368,0,0.001293
bilstm_frozen,clean,template,13,test_lookalike_3,bongo_0372,0,0.000265
bilstm_frozen,clean,template,13,test_lookalike_3,bongo_0380,1,0.000924
bilstm_frozen,clean,template,13,test_lookalike_3,bongo_0389,0,0.000257
bilstm_frozen,clean,template,13,test_lookalike_3,bongo_0395,0,0.000543
bilstm_frozen,clean,template,13,test_lookalike_3,bongo_0405,1,0.999333
bilstm_frozen,clean,template,13,test_lookalike_3,bongo_0424,1,0.999462
bilstm_frozen,clean,template,13,test_lookalike_3,bongo_0427,0,0.002924
bilstm_frozen,clean,template,13,test_lookalike_3,bongo_0434,1,0.000968
bilstm_frozen,clean,template,13,test_lookalike_3,bongo_0463,0,0.002949
bilstm_frozen,clean,template,13,test_lookalike_3,bongo_0476,1,0.976187
bilstm_frozen,clean,template,13,test_lookalike_3,bongo_0510,1,0.999804
bilstm_frozen,clean,template,13,test_lookalike_3,bongo_0531,0,0.000346
bilstm_frozen,clean,template,13,test_lookalike_3,bongo_0542,0,0.000385
bilstm_frozen,clean,template,13,test_lookalike_3,bongo_0545,0,0.000391
bilstm_frozen,clean,template,13,test_lookalike_3,bongo_0560,1,0.981712
bilstm_frozen,clean,template,13,test_lookalike_3,bongo_0565,1,0.000657
bilstm_frozen,clean,template,13,test_lookalike_3,bongo_0566,1,0.999882
bilstm_frozen,clean,template,13,test_lookalike_3,bongo_0571,0,0.000196
bilstm_frozen,clean,template,13,test_lookalike_3,bongo_0577,1,0.999090
bilstm_frozen,clean,template,13,test_lookalike_3,bongo_0580,1,0.975745
bilstm_frozen,clean,template,13,test_lookalike_3,bongo_0621,1,0.998475
bilstm_frozen,clean,template,13,test_lookalike_3,bongo_0624,1,0.998908
bilstm_frozen,clean,template,13,test_lookalike_3,bongo_0630,0,0.000365
bilstm_frozen,clean,template,13,test_lookalike_3,bongo_0638,1,0.999858
bilstm_frozen,clean,template,13,test_lookalike_3,bongo_0648,0,0.021890
bilstm_frozen,clean,template,13,test_lookalike_3,bongo_0674,0,0.000081
bilstm_frozen,clean,template,13,test_lookalike_3,bongo_0685,0,0.027571
bilstm_frozen,clean,template,13,test_lookalike_3,bongo_0697,1,0.000696
bilstm_frozen,clean,template,13,test_lookalike_3,bongo_0701,0,0.000252
bilstm_frozen,clean,template,13,test_lookalike_3,bongo_0706,1,0.000912
bilstm_frozen,clean,template,13,test_lookalike_3,bongo_0719,1,0.000953
bilstm_frozen,clean,template,13,test_lookalike_3,bongo_0721,1,0.998542
bilstm_frozen,clean,template,13,test_lookalike_3,bongo_0724,1,0.000695
bilstm_frozen,clean,template,13,test_lookalike_3,bongo_0729,1,0.949218
bilstm_frozen,clean,template,13,test_lookalike_3,bongo_0741,0,0.000234
bilstm_frozen,clean,template,13,test_lookalike_3,bongo_0749,1,0.000901
bilstm_frozen,clean,template,13,test_lookalike_3,bongo_0769,1,0.998895
bilstm_frozen,clean,template,13,test_lookalike_3,bongo_0770,1,0.001000
bilstm_frozen,clean,template,13,test_lookalike_3,bongo_0778,1,0.000897
bilstm_frozen,clean,template,13,test_lookalike_3,bongo_0787,1,0.999209
bilstm_frozen,clean,template,13,test_lookalike_3,bongo_0795,0,0.000643
bilstm_frozen,clean,template,13,test_lookalike_3,bongo_0806,1,0.000768
bilstm_frozen,clean,template,13,test_lookalike_3,bongo_0807,1,0.999781
bilstm_frozen,clean,template,13,test_lookalike_3,bongo_0818,0,0.007304
bilstm_frozen,clean,template,13,test_lookalike_3,bongo_0819,0,0.000527
bilstm_frozen,clean,template,13,test_lookalike_3,bongo_0835,0,0.000150
bilstm_frozen,clean,template,13,test_lookalike_3,bongo_0840,1,0.995758
bilstm_frozen,clean,template,13,test_lookalike_3,bongo_0855,1,0.000680
bilstm_frozen,clean,template,13,test_lookalike_3,bongo_0856,0,0.000250
bilstm_frozen,clean,template,13,test_lookalike_3,bongo_0864,1,0.999382
bilstm_frozen,clean,template,13,test_lookalike_3,bongo_0871,1,0.998863
bilstm_frozen,clean,template,13,test_lookalike_3,bongo_0872,0,0.001244
bilstm_frozen,clean,template,13,test_lookalike_3,bongo_0904,0,0.001511
bilstm_frozen,clean,template,13,test_lookalike_3,bongo_0905,1,0.988480
bilstm_frozen,clean,template,13,test_lookalike_3,bongo_0909,1,0.999308
bilstm_frozen,clean,template,13,test_lookalike_3,bongo_0917,1,0.000936
bilstm_frozen,clean,template,13,test_lookalike_3,bongo_0918,1,0.999331
bilstm_frozen,clean,template,13,test_lookalike_3,bongo_0950,0,0.000178
bilstm_frozen,clean,template,13,test_lookalike_3,bongo_0955,1,0.999443
bilstm_frozen,clean,template,13,test_lookalike_3,bongo_0956,0,0.000249
bilstm_frozen,clean,template,13,test_lookalike_3,bongo_0971,0,0.000220
bilstm_frozen,clean,template,13,test_lookalike_3,bongo_0983,0,0.000463
bilstm_frozen,clean,template,13,test_lookalike_3,bongo_0989,1,0.998869
bilstm_frozen,clean,template,13,test_lookalike_3,bongo_0994,0,0.002226
bilstm_frozen,clean,template,13,test_lookalike_3,bongo_1003,1,0.987455
bilstm_frozen,clean,template,13,test_lookalike_3,bongo_1006,0,0.000340
bilstm_frozen,clean,template,13,test_lookalike_3,bongo_1012,1,0.001004
bilstm_frozen,clean,template,13,test_lookalike_3,bongo_1015,0,0.000557
bilstm_frozen,clean,template,13,test_lookalike_3,bongo_1022,1,0.000977
bilstm_frozen,clean,template,13,test_lookalike_3,bongo_1037,0,0.000614
bilstm_frozen,clean,template,13,test_lookalike_3,bongo_1040,0,0.000300
bilstm_frozen,clean,template,13,test_lookalike_3,bongo_1042,1,0.985961
bilstm_frozen,clean,template,13,test_lookalike_3,bongo_1047,1,0.999429
bilstm_frozen,clean,template,13,test_lookalike_3,bongo_1050,0,0.000802
bilstm_frozen,clean,template,13,test_lookalike_3,bongo_1052,1,0.999087
bilstm_frozen,clean,template,13,test_lookalike_3,bongo_1059,0,0.000744
bilstm_frozen,clean,template,13,test_lookalike_3,bongo_1071,0,0.000295
bilstm_frozen,clean,template,13,test_lookalike_3,bongo_1090,0,0.000170
bilstm_frozen,clean,template,13,test_lookalike_3,bongo_1104,1,0.999327
bilstm_frozen,clean,template,13,test_lookalike_3,bongo_1115,0,0.000232
bilstm_frozen,clean,template,13,test_lookalike_3,bongo_1123,0,0.000238
bilstm_frozen,clean,template,13,test_lookalike_3,bongo_1125,0,0.012666
bilstm_frozen,clean,template,13,test_lookalike_3,bongo_1127,1,0.000941
bilstm_frozen,clean,template,13,test_lookalike_3,bongo_1131,1,0.998140
bilstm_frozen,clean,template,13,test_lookalike_3,bongo_1134,1,0.000973
bilstm_frozen,clean,template,13,test_lookalike_3,bongo_1135,0,0.001657
bilstm_frozen,clean,template,13,test_lookalike_3,bongo_1136,1,0.995888
bilstm_frozen,clean,template,13,test_lookalike_3,bongo_1138,1,0.996837
bilstm_frozen,clean,template,13,test_lookalike_3,bongo_1140,1,0.999299
bilstm_frozen,clean,template,13,test_lookalike_3,bongo_1154,1,0.999897
bilstm_frozen,clean,template,13,test_lookalike_3,bongo_1155,0,0.000215
bilstm_frozen,clean,template,13,test_lookalike_3,bongo_1171,1,0.999445
bilstm_frozen,clean,template,13,test_lookalike_3,bongo_1181,1,0.968748
bilstm_frozen,clean,template,13,test_lookalike_3,bongo_1185,1,0.000935
bilstm_frozen,clean,template,13,test_lookalike_3,bongo_1194,0,0.000869
bilstm_frozen,clean,template,13,test_lookalike_3,bongo_1195,1,0.000681
bilstm_frozen,clean,template,13,test_lookalike_3,bongo_1198,0,0.000356
bilstm_frozen,clean,template,13,test_lookalike_3,bongo_1204,1,0.000934
bilstm_frozen,clean,template,13,test_lookalike_3,bongo_1220,1,0.999608
bilstm_frozen,clean,template,13,test_lookalike_3,bongo_1233,1,0.999888
bilstm_frozen,clean,template,13,test_lookalike_3,bongo_1236,0,0.000282
bilstm_frozen,clean,template,13,test_lookalike_3,bongo_1240,1,0.000948
bilstm_frozen,clean,template,13,test_lookalike_3,bongo_1244,0,0.000697
bilstm_frozen,clean,template,13,test_lookalike_3,bongo_1249,0,0.000533
bilstm_frozen,clean,template,13,test_lookalike_3,bongo_1253,0,0.910899
bilstm_frozen,clean,template,13,test_lookalike_3,bongo_1260,0,0.000234
bilstm_frozen,clean,template,13,test_lookalike_3,bongo_1262,0,0.765511
bilstm_frozen,clean,template,13,test_lookalike_3,bongo_1278,1,0.000887
bilstm_frozen,clean,template,13,test_lookalike_3,bongo_1285,0,0.000243
bilstm_frozen,clean,template,13,test_lookalike_3,bongo_1293,1,0.999788
bilstm_frozen,clean,template,13,test_lookalike_3,bongo_1316,0,0.000311
bilstm_frozen,clean,template,13,test_lookalike_3,bongo_1327,1,0.000909
bilstm_frozen,clean,template,13,test_lookalike_3,bongo_1330,0,0.044616
bilstm_frozen,clean,template,13,test_lookalike_3,bongo_1359,0,0.001240
bilstm_frozen,clean,template,13,test_lookalike_3,bongo_1375,0,0.000302
bilstm_frozen,clean,template,13,test_lookalike_all,bongo_0025,1,0.998616
bilstm_frozen,clean,template,13,test_lookalike_all,bongo_0029,0,0.015926
bilstm_frozen,clean,template,13,test_lookalike_all,bongo_0039,1,0.995370
bilstm_frozen,clean,template,13,test_lookalike_all,bongo_0047,1,0.999561
bilstm_frozen,clean,template,13,test_lookalike_all,bongo_0053,0,0.000213
bilstm_frozen,clean,template,13,test_lookalike_all,bongo_0055,1,0.000377
bilstm_frozen,clean,template,13,test_lookalike_all,bongo_0061,1,0.995926
bilstm_frozen,clean,template,13,test_lookalike_all,bongo_0097,0,0.001308
bilstm_frozen,clean,template,13,test_lookalike_all,bongo_0107,0,0.000084
bilstm_frozen,clean,template,13,test_lookalike_all,bongo_0110,0,0.000055
bilstm_frozen,clean,template,13,test_lookalike_all,bongo_0112,1,0.001362
bilstm_frozen,clean,template,13,test_lookalike_all,bongo_0115,0,0.002955
bilstm_frozen,clean,template,13,test_lookalike_all,bongo_0143,0,0.000372
bilstm_frozen,clean,template,13,test_lookalike_all,bongo_0146,1,0.981604
bilstm_frozen,clean,template,13,test_lookalike_all,bongo_0154,1,0.993761
bilstm_frozen,clean,template,13,test_lookalike_all,bongo_0159,1,0.001269
bilstm_frozen,clean,template,13,test_lookalike_all,bongo_0160,0,0.000164
bilstm_frozen,clean,template,13,test_lookalike_all,bongo_0172,0,0.782687
bilstm_frozen,clean,template,13,test_lookalike_all,bongo_0173,1,0.000314
bilstm_frozen,clean,template,13,test_lookalike_all,bongo_0175,0,0.000740
bilstm_frozen,clean,template,13,test_lookalike_all,bongo_0182,0,0.000291
bilstm_frozen,clean,template,13,test_lookalike_all,bongo_0195,1,0.998897
bilstm_frozen,clean,template,13,test_lookalike_all,bongo_0197,0,0.000188
bilstm_frozen,clean,template,13,test_lookalike_all,bongo_0201,1,0.992802
bilstm_frozen,clean,template,13,test_lookalike_all,bongo_0203,1,0.999943
bilstm_frozen,clean,template,13,test_lookalike_all,bongo_0250,1,0.001165
bilstm_frozen,clean,template,13,test_lookalike_all,bongo_0253,0,0.000316
bilstm_frozen,clean,template,13,test_lookalike_all,bongo_0255,1,0.001154
bilstm_frozen,clean,template,13,test_lookalike_all,bongo_0265,1,0.000325
bilstm_frozen,clean,template,13,test_lookalike_all,bongo_0271,0,0.000251
bilstm_frozen,clean,template,13,test_lookalike_all,bongo_0300,0,0.000185
bilstm_frozen,clean,template,13,test_lookalike_all,bongo_0306,0,0.000268
bilstm_frozen,clean,template,13,test_lookalike_all,bongo_0356,1,0.000616
bilstm_frozen,clean,template,13,test_lookalike_all,bongo_0360,1,0.999590
bilstm_frozen,clean,template,13,test_lookalike_all,bongo_0361,1,0.999888
bilstm_frozen,clean,template,13,test_lookalike_all,bongo_0363,0,0.000221
bilstm_frozen,clean,template,13,test_lookalike_all,bongo_0368,0,0.001293
bilstm_frozen,clean,template,13,test_lookalike_all,bongo_0372,0,0.000265
bilstm_frozen,clean,template,13,test_lookalike_all,bongo_0380,1,0.000585
bilstm_frozen,clean,template,13,test_lookalike_all,bongo_0389,0,0.000257
bilstm_frozen,clean,template,13,test_lookalike_all,bongo_0395,0,0.000543
bilstm_frozen,clean,template,13,test_lookalike_all,bongo_0405,1,0.996302
bilstm_frozen,clean,template,13,test_lookalike_all,bongo_0424,1,0.999912
bilstm_frozen,clean,template,13,test_lookalike_all,bongo_0427,0,0.002924
bilstm_frozen,clean,template,13,test_lookalike_all,bongo_0434,1,0.000379
bilstm_frozen,clean,template,13,test_lookalike_all,bongo_0463,0,0.002949
bilstm_frozen,clean,template,13,test_lookalike_all,bongo_0476,1,0.986857
bilstm_frozen,clean,template,13,test_lookalike_all,bongo_0510,1,0.999858
bilstm_frozen,clean,template,13,test_lookalike_all,bongo_0531,0,0.000346
bilstm_frozen,clean,template,13,test_lookalike_all,bongo_0542,0,0.000385
bilstm_frozen,clean,template,13,test_lookalike_all,bongo_0545,0,0.000391
bilstm_frozen,clean,template,13,test_lookalike_all,bongo_0560,1,0.996365
bilstm_frozen,clean,template,13,test_lookalike_all,bongo_0565,1,0.000539
bilstm_frozen,clean,template,13,test_lookalike_all,bongo_0566,1,0.999689
bilstm_frozen,clean,template,13,test_lookalike_all,bongo_0571,0,0.000196
bilstm_frozen,clean,template,13,test_lookalike_all,bongo_0577,1,0.995817
bilstm_frozen,clean,template,13,test_lookalike_all,bongo_0580,1,0.998981
bilstm_frozen,clean,template,13,test_lookalike_all,bongo_0621,1,0.995658
bilstm_frozen,clean,template,13,test_lookalike_all,bongo_0624,1,0.999910
bilstm_frozen,clean,template,13,test_lookalike_all,bongo_0630,0,0.000365
bilstm_frozen,clean,template,13,test_lookalike_all,bongo_0638,1,0.999335
bilstm_frozen,clean,template,13,test_lookalike_all,bongo_0648,0,0.021890
bilstm_frozen,clean,template,13,test_lookalike_all,bongo_0674,0,0.000081
bilstm_frozen,clean,template,13,test_lookalike_all,bongo_0685,0,0.027571
bilstm_frozen,clean,template,13,test_lookalike_all,bongo_0697,1,0.000350
bilstm_frozen,clean,template,13,test_lookalike_all,bongo_0701,0,0.000252
bilstm_frozen,clean,template,13,test_lookalike_all,bongo_0706,1,0.001327
bilstm_frozen,clean,template,13,test_lookalike_all,bongo_0719,1,0.000341
bilstm_frozen,clean,template,13,test_lookalike_all,bongo_0721,1,0.966603
bilstm_frozen,clean,template,13,test_lookalike_all,bongo_0724,1,0.000722
bilstm_frozen,clean,template,13,test_lookalike_all,bongo_0729,1,0.993849
bilstm_frozen,clean,template,13,test_lookalike_all,bongo_0741,0,0.000234
bilstm_frozen,clean,template,13,test_lookalike_all,bongo_0749,1,0.000664
bilstm_frozen,clean,template,13,test_lookalike_all,bongo_0769,1,0.999114
bilstm_frozen,clean,template,13,test_lookalike_all,bongo_0770,1,0.000540
bilstm_frozen,clean,template,13,test_lookalike_all,bongo_0778,1,0.000837
bilstm_frozen,clean,template,13,test_lookalike_all,bongo_0787,1,0.999579
bilstm_frozen,clean,template,13,test_lookalike_all,bongo_0795,0,0.000643
bilstm_frozen,clean,template,13,test_lookalike_all,bongo_0806,1,0.000958
bilstm_frozen,clean,template,13,test_lookalike_all,bongo_0807,1,0.974209
bilstm_frozen,clean,template,13,test_lookalike_all,bongo_0818,0,0.007304
bilstm_frozen,clean,template,13,test_lookalike_all,bongo_0819,0,0.000527
bilstm_frozen,clean,template,13,test_lookalike_all,bongo_0835,0,0.000150
bilstm_frozen,clean,template,13,test_lookalike_all,bongo_0840,1,0.999592
bilstm_frozen,clean,template,13,test_lookalike_all,bongo_0855,1,0.001434
bilstm_frozen,clean,template,13,test_lookalike_all,bongo_0856,0,0.000250
bilstm_frozen,clean,template,13,test_lookalike_all,bongo_0864,1,0.992522
bilstm_frozen,clean,template,13,test_lookalike_all,bongo_0871,1,0.999909
bilstm_frozen,clean,template,13,test_lookalike_all,bongo_0872,0,0.001244
bilstm_frozen,clean,template,13,test_lookalike_all,bongo_0904,0,0.001511
bilstm_frozen,clean,template,13,test_lookalike_all,bongo_0905,1,0.998890
bilstm_frozen,clean,template,13,test_lookalike_all,bongo_0909,1,0.994024
bilstm_frozen,clean,template,13,test_lookalike_all,bongo_0917,1,0.001425
bilstm_frozen,clean,template,13,test_lookalike_all,bongo_0918,1,0.995823
bilstm_frozen,clean,template,13,test_lookalike_all,bongo_0950,0,0.000178
bilstm_frozen,clean,template,13,test_lookalike_all,bongo_0955,1,0.985471
bilstm_frozen,clean,template,13,test_lookalike_all,bongo_0956,0,0.000249
bilstm_frozen,clean,template,13,test_lookalike_all,bongo_0971,0,0.000220
bilstm_frozen,clean,template,13,test_lookalike_all,bongo_0983,0,0.000463
bilstm_frozen,clean,template,13,test_lookalike_all,bongo_0989,1,0.999895
bilstm_frozen,clean,template,13,test_lookalike_all,bongo_0994,0,0.002226
bilstm_frozen,clean,template,13,test_lookalike_all,bongo_1003,1,0.997365
bilstm_frozen,clean,template,13,test_lookalike_all,bongo_1006,0,0.000340
bilstm_frozen,clean,template,13,test_lookalike_all,bongo_1012,1,0.000891
bilstm_frozen,clean,template,13,test_lookalike_all,bongo_1015,0,0.000557
bilstm_frozen,clean,template,13,test_lookalike_all,bongo_1022,1,0.000558
bilstm_frozen,clean,template,13,test_lookalike_all,bongo_1037,0,0.000614
bilstm_frozen,clean,template,13,test_lookalike_all,bongo_1040,0,0.000300
bilstm_frozen,clean,template,13,test_lookalike_all,bongo_1042,1,0.997448
bilstm_frozen,clean,template,13,test_lookalike_all,bongo_1047,1,0.991949
bilstm_frozen,clean,template,13,test_lookalike_all,bongo_1050,0,0.000802
bilstm_frozen,clean,template,13,test_lookalike_all,bongo_1052,1,0.998980
bilstm_frozen,clean,template,13,test_lookalike_all,bongo_1059,0,0.000744
bilstm_frozen,clean,template,13,test_lookalike_all,bongo_1071,0,0.000295
bilstm_frozen,clean,template,13,test_lookalike_all,bongo_1090,0,0.000170
bilstm_frozen,clean,template,13,test_lookalike_all,bongo_1104,1,0.999907
bilstm_frozen,clean,template,13,test_lookalike_all,bongo_1115,0,0.000232
bilstm_frozen,clean,template,13,test_lookalike_all,bongo_1123,0,0.000238
bilstm_frozen,clean,template,13,test_lookalike_all,bongo_1125,0,0.012666
bilstm_frozen,clean,template,13,test_lookalike_all,bongo_1127,1,0.000321
bilstm_frozen,clean,template,13,test_lookalike_all,bongo_1131,1,0.996034
bilstm_frozen,clean,template,13,test_lookalike_all,bongo_1134,1,0.000856
bilstm_frozen,clean,template,13,test_lookalike_all,bongo_1135,0,0.001657
bilstm_frozen,clean,template,13,test_lookalike_all,bongo_1136,1,0.994942
bilstm_frozen,clean,template,13,test_lookalike_all,bongo_1138,1,0.999180
bilstm_frozen,clean,template,13,test_lookalike_all,bongo_1140,1,0.996047
bilstm_frozen,clean,template,13,test_lookalike_all,bongo_1154,1,0.999930
bilstm_frozen,clean,template,13,test_lookalike_all,bongo_1155,0,0.000215
bilstm_frozen,clean,template,13,test_lookalike_all,bongo_1171,1,0.995166
bilstm_frozen,clean,template,13,test_lookalike_all,bongo_1181,1,0.998265
bilstm_frozen,clean,template,13,test_lookalike_all,bongo_1185,1,0.000570
bilstm_frozen,clean,template,13,test_lookalike_all,bongo_1194,0,0.000869
bilstm_frozen,clean,template,13,test_lookalike_all,bongo_1195,1,0.000695
bilstm_frozen,clean,template,13,test_lookalike_all,bongo_1198,0,0.000356
bilstm_frozen,clean,template,13,test_lookalike_all,bongo_1204,1,0.000575
bilstm_frozen,clean,template,13,test_lookalike_all,bongo_1220,1,0.999664
bilstm_frozen,clean,template,13,test_lookalike_all,bongo_1233,1,0.999834
bilstm_frozen,clean,template,13,test_lookalike_all,bongo_1236,0,0.000282
bilstm_frozen,clean,template,13,test_lookalike_all,bongo_1240,1,0.000631
bilstm_frozen,clean,template,13,test_lookalike_all,bongo_1244,0,0.000697
bilstm_frozen,clean,template,13,test_lookalike_all,bongo_1249,0,0.000533
bilstm_frozen,clean,template,13,test_lookalike_all,bongo_1253,0,0.910899
bilstm_frozen,clean,template,13,test_lookalike_all,bongo_1260,0,0.000234
bilstm_frozen,clean,template,13,test_lookalike_all,bongo_1262,0,0.765511
bilstm_frozen,clean,template,13,test_lookalike_all,bongo_1278,1,0.000631
bilstm_frozen,clean,template,13,test_lookalike_all,bongo_1285,0,0.000243
bilstm_frozen,clean,template,13,test_lookalike_all,bongo_1293,1,0.988687
bilstm_frozen,clean,template,13,test_lookalike_all,bongo_1316,0,0.000311
bilstm_frozen,clean,template,13,test_lookalike_all,bongo_1327,1,0.000358
bilstm_frozen,clean,template,13,test_lookalike_all,bongo_1330,0,0.044616
bilstm_frozen,clean,template,13,test_lookalike_all,bongo_1359,0,0.001240
bilstm_frozen,clean,template,13,test_lookalike_all,bongo_1375,0,0.000302
bilstm_frozen,clean,template,13,test_structural_1,bongo_0025,1,0.999222
bilstm_frozen,clean,template,13,test_structural_1,bongo_0029,0,0.015926
bilstm_frozen,clean,template,13,test_structural_1,bongo_0039,1,0.999815
bilstm_frozen,clean,template,13,test_structural_1,bongo_0047,1,0.999666
bilstm_frozen,clean,template,13,test_structural_1,bongo_0053,0,0.000213
bilstm_frozen,clean,template,13,test_structural_1,bongo_0055,1,0.000851
bilstm_frozen,clean,template,13,test_structural_1,bongo_0061,1,0.999000
bilstm_frozen,clean,template,13,test_structural_1,bongo_0097,0,0.001308
bilstm_frozen,clean,template,13,test_structural_1,bongo_0107,0,0.000084
bilstm_frozen,clean,template,13,test_structural_1,bongo_0110,0,0.000055
bilstm_frozen,clean,template,13,test_structural_1,bongo_0112,1,0.954493
bilstm_frozen,clean,template,13,test_structural_1,bongo_0115,0,0.002955
bilstm_frozen,clean,template,13,test_structural_1,bongo_0143,0,0.000372
bilstm_frozen,clean,template,13,test_structural_1,bongo_0146,1,0.999823
bilstm_frozen,clean,template,13,test_structural_1,bongo_0154,1,0.999717
bilstm_frozen,clean,template,13,test_structural_1,bongo_0159,1,0.954162
bilstm_frozen,clean,template,13,test_structural_1,bongo_0160,0,0.000164
bilstm_frozen,clean,template,13,test_structural_1,bongo_0172,0,0.782687
bilstm_frozen,clean,template,13,test_structural_1,bongo_0173,1,0.942712
bilstm_frozen,clean,template,13,test_structural_1,bongo_0175,0,0.000740
bilstm_frozen,clean,template,13,test_structural_1,bongo_0182,0,0.000291
bilstm_frozen,clean,template,13,test_structural_1,bongo_0195,1,0.999840
bilstm_frozen,clean,template,13,test_structural_1,bongo_0197,0,0.000188
bilstm_frozen,clean,template,13,test_structural_1,bongo_0201,1,0.999682
bilstm_frozen,clean,template,13,test_structural_1,bongo_0203,1,0.999862
bilstm_frozen,clean,template,13,test_structural_1,bongo_0250,1,0.954162
bilstm_frozen,clean,template,13,test_structural_1,bongo_0253,0,0.000316
bilstm_frozen,clean,template,13,test_structural_1,bongo_0255,1,0.001513
bilstm_frozen,clean,template,13,test_structural_1,bongo_0265,1,0.001228
bilstm_frozen,clean,template,13,test_structural_1,bongo_0271,0,0.000251
bilstm_frozen,clean,template,13,test_structural_1,bongo_0300,0,0.000185
bilstm_frozen,clean,template,13,test_structural_1,bongo_0306,0,0.000268
bilstm_frozen,clean,template,13,test_structural_1,bongo_0356,1,0.001718
bilstm_frozen,clean,template,13,test_structural_1,bongo_0360,1,0.999606
bilstm_frozen,clean,template,13,test_structural_1,bongo_0361,1,0.999862
bilstm_frozen,clean,template,13,test_structural_1,bongo_0363,0,0.000221
bilstm_frozen,clean,template,13,test_structural_1,bongo_0368,0,0.001293
bilstm_frozen,clean,template,13,test_structural_1,bongo_0372,0,0.000265
bilstm_frozen,clean,template,13,test_structural_1,bongo_0380,1,0.001739
bilstm_frozen,clean,template,13,test_structural_1,bongo_0389,0,0.000257
bilstm_frozen,clean,template,13,test_structural_1,bongo_0395,0,0.000543
bilstm_frozen,clean,template,13,test_structural_1,bongo_0405,1,0.999341
bilstm_frozen,clean,template,13,test_structural_1,bongo_0424,1,0.999663
bilstm_frozen,clean,template,13,test_structural_1,bongo_0427,0,0.002924
bilstm_frozen,clean,template,13,test_structural_1,bongo_0434,1,0.953511
bilstm_frozen,clean,template,13,test_structural_1,bongo_0463,0,0.002949
bilstm_frozen,clean,template,13,test_structural_1,bongo_0476,1,0.998429
bilstm_frozen,clean,template,13,test_structural_1,bongo_0510,1,0.999600
bilstm_frozen,clean,template,13,test_structural_1,bongo_0531,0,0.000346
bilstm_frozen,clean,template,13,test_structural_1,bongo_0542,0,0.000385
bilstm_frozen,clean,template,13,test_structural_1,bongo_0545,0,0.000391
bilstm_frozen,clean,template,13,test_structural_1,bongo_0560,1,0.976414
bilstm_frozen,clean,template,13,test_structural_1,bongo_0565,1,0.001240
bilstm_frozen,clean,template,13,test_structural_1,bongo_0566,1,0.999880
bilstm_frozen,clean,template,13,test_structural_1,bongo_0571,0,0.000196
bilstm_frozen,clean,template,13,test_structural_1,bongo_0577,1,0.996352
bilstm_frozen,clean,template,13,test_structural_1,bongo_0580,1,0.999852
bilstm_frozen,clean,template,13,test_structural_1,bongo_0621,1,0.999197
bilstm_frozen,clean,template,13,test_structural_1,bongo_0624,1,0.999443
bilstm_frozen,clean,template,13,test_structural_1,bongo_0630,0,0.000365
bilstm_frozen,clean,template,13,test_structural_1,bongo_0638,1,0.999817
bilstm_frozen,clean,template,13,test_structural_1,bongo_0648,0,0.021890
bilstm_frozen,clean,template,13,test_structural_1,bongo_0674,0,0.000081
bilstm_frozen,clean,template,13,test_structural_1,bongo_0685,0,0.027571
bilstm_frozen,clean,template,13,test_structural_1,bongo_0697,1,0.001240
bilstm_frozen,clean,template,13,test_structural_1,bongo_0701,0,0.000252
bilstm_frozen,clean,template,13,test_structural_1,bongo_0706,1,0.952390
bilstm_frozen,clean,template,13,test_structural_1,bongo_0719,1,0.955210
bilstm_frozen,clean,template,13,test_structural_1,bongo_0721,1,0.999689
bilstm_frozen,clean,template,13,test_structural_1,bongo_0724,1,0.001082
bilstm_frozen,clean,template,13,test_structural_1,bongo_0729,1,0.999684
bilstm_frozen,clean,template,13,test_structural_1,bongo_0741,0,0.000234
bilstm_frozen,clean,template,13,test_structural_1,bongo_0749,1,0.954030
bilstm_frozen,clean,template,13,test_structural_1,bongo_0769,1,0.999909
bilstm_frozen,clean,template,13,test_structural_1,bongo_0770,1,0.953511
bilstm_frozen,clean,template,13,test_structural_1,bongo_0778,1,0.954279
bilstm_frozen,clean,template,13,test_structural_1,bongo_0787,1,0.999488
bilstm_frozen,clean,template,13,test_structural_1,bongo_0795,0,0.000643
bilstm_frozen,clean,template,13,test_structural_1,bongo_0806,1,0.001155
bilstm_frozen,clean,template,13,test_structural_1,bongo_0807,1,0.999802
bilstm_frozen,clean,template,13,test_structural_1,bongo_0818,0,0.007304
bilstm_frozen,clean,template,13,test_structural_1,bongo_0819,0,0.000527
bilstm_frozen,clean,template,13,test_structural_1,bongo_0835,0,0.000150
bilstm_frozen,clean,template,13,test_structural_1,bongo_0840,1,0.999593
bilstm_frozen,clean,template,13,test_structural_1,bongo_0855,1,0.000608
bilstm_frozen,clean,template,13,test_structural_1,bongo_0856,0,0.000250
bilstm_frozen,clean,template,13,test_structural_1,bongo_0864,1,0.999877
bilstm_frozen,clean,template,13,test_structural_1,bongo_0871,1,0.999115
bilstm_frozen,clean,template,13,test_structural_1,bongo_0872,0,0.001244
bilstm_frozen,clean,template,13,test_structural_1,bongo_0904,0,0.001511
bilstm_frozen,clean,template,13,test_structural_1,bongo_0905,1,0.999878
bilstm_frozen,clean,template,13,test_structural_1,bongo_0909,1,0.999307
bilstm_frozen,clean,template,13,test_structural_1,bongo_0917,1,0.000799
bilstm_frozen,clean,template,13,test_structural_1,bongo_0918,1,0.999058
bilstm_frozen,clean,template,13,test_structural_1,bongo_0950,0,0.000178
bilstm_frozen,clean,template,13,test_structural_1,bongo_0955,1,0.999779
bilstm_frozen,clean,template,13,test_structural_1,bongo_0956,0,0.000249
bilstm_frozen,clean,template,13,test_structural_1,bongo_0971,0,0.000220
bilstm_frozen,clean,template,13,test_structural_1,bongo_0983,0,0.000463
bilstm_frozen,clean,template,13,test_structural_1,bongo_0989,1,0.999429
bilstm_frozen,clean,template,13,test_structural_1,bongo_0994,0,0.002226
bilstm_frozen,clean,template,13,test_structural_1,bongo_1003,1,0.985494
bilstm_frozen,clean,template,13,test_structural_1,bongo_1006,0,0.000340
bilstm_frozen,clean,template,13,test_structural_1,bongo_1012,1,0.000825
bilstm_frozen,clean,template,13,test_structural_1,bongo_1015,0,0.000557
bilstm_frozen,clean,template,13,test_structural_1,bongo_1022,1,0.952968
bilstm_frozen,clean,template,13,test_structural_1,bongo_1037,0,0.000614
bilstm_frozen,clean,template,13,test_structural_1,bongo_1040,0,0.000300
bilstm_frozen,clean,template,13,test_structural_1,bongo_1042,1,0.998571
bilstm_frozen,clean,template,13,test_structural_1,bongo_1047,1,0.999878
bilstm_frozen,clean,template,13,test_structural_1,bongo_1050,0,0.000802
bilstm_frozen,clean,template,13,test_structural_1,bongo_1052,1,0.999617
bilstm_frozen,clean,template,13,test_structural_1,bongo_1059,0,0.000744
bilstm_frozen,clean,template,13,test_structural_1,bongo_1071,0,0.000295
bilstm_frozen,clean,template,13,test_structural_1,bongo_1090,0,0.000170
bilstm_frozen,clean,template,13,test_structural_1,bongo_1104,1,0.999748
bilstm_frozen,clean,template,13,test_structural_1,bongo_1115,0,0.000232
bilstm_frozen,clean,template,13,test_structural_1,bongo_1123,0,0.000238
bilstm_frozen,clean,template,13,test_structural_1,bongo_1125,0,0.012666
bilstm_frozen,clean,template,13,test_structural_1,bongo_1127,1,0.943153
bilstm_frozen,clean,template,13,test_structural_1,bongo_1131,1,0.999832
bilstm_frozen,clean,template,13,test_structural_1,bongo_1134,1,0.001490
bilstm_frozen,clean,template,13,test_structural_1,bongo_1135,0,0.001657
bilstm_frozen,clean,template,13,test_structural_1,bongo_1136,1,0.999209
bilstm_frozen,clean,template,13,test_structural_1,bongo_1138,1,0.999878
bilstm_frozen,clean,template,13,test_structural_1,bongo_1140,1,0.999307
bilstm_frozen,clean,template,13,test_structural_1,bongo_1154,1,0.999844
bilstm_frozen,clean,template,13,test_structural_1,bongo_1155,0,0.000215
bilstm_frozen,clean,template,13,test_structural_1,bongo_1171,1,0.999753
bilstm_frozen,clean,template,13,test_structural_1,bongo_1181,1,0.998922
bilstm_frozen,clean,template,13,test_structural_1,bongo_1185,1,0.000758
bilstm_frozen,clean,template,13,test_structural_1,bongo_1194,0,0.000869
bilstm_frozen,clean,template,13,test_structural_1,bongo_1195,1,0.000600
bilstm_frozen,clean,template,13,test_structural_1,bongo_1198,0,0.000356
bilstm_frozen,clean,template,13,test_structural_1,bongo_1204,1,0.954850
bilstm_frozen,clean,template,13,test_structural_1,bongo_1220,1,0.999812
bilstm_frozen,clean,template,13,test_structural_1,bongo_1233,1,0.999852
bilstm_frozen,clean,template,13,test_structural_1,bongo_1236,0,0.000282
bilstm_frozen,clean,template,13,test_structural_1,bongo_1240,1,0.001613
bilstm_frozen,clean,template,13,test_structural_1,bongo_1244,0,0.000697
bilstm_frozen,clean,template,13,test_structural_1,bongo_1249,0,0.000533
bilstm_frozen,clean,template,13,test_structural_1,bongo_1253,0,0.910899
bilstm_frozen,clean,template,13,test_structural_1,bongo_1260,0,0.000234
bilstm_frozen,clean,template,13,test_structural_1,bongo_1262,0,0.765511
bilstm_frozen,clean,template,13,test_structural_1,bongo_1278,1,0.001477
bilstm_frozen,clean,template,13,test_structural_1,bongo_1285,0,0.000243
bilstm_frozen,clean,template,13,test_structural_1,bongo_1293,1,0.999773
bilstm_frozen,clean,template,13,test_structural_1,bongo_1316,0,0.000311
bilstm_frozen,clean,template,13,test_structural_1,bongo_1327,1,0.001570
bilstm_frozen,clean,template,13,test_structural_1,bongo_1330,0,0.044616
bilstm_frozen,clean,template,13,test_structural_1,bongo_1359,0,0.001240
bilstm_frozen,clean,template,13,test_structural_1,bongo_1375,0,0.000302
bilstm_frozen,clean,template,13,test_structural_3,bongo_0025,1,0.998894
bilstm_frozen,clean,template,13,test_structural_3,bongo_0029,0,0.015926
bilstm_frozen,clean,template,13,test_structural_3,bongo_0039,1,0.999888
bilstm_frozen,clean,template,13,test_structural_3,bongo_0047,1,0.999823
bilstm_frozen,clean,template,13,test_structural_3,bongo_0053,0,0.000213
bilstm_frozen,clean,template,13,test_structural_3,bongo_0055,1,0.956860
bilstm_frozen,clean,template,13,test_structural_3,bongo_0061,1,0.997770
bilstm_frozen,clean,template,13,test_structural_3,bongo_0097,0,0.001308
bilstm_frozen,clean,template,13,test_structural_3,bongo_0107,0,0.000084
bilstm_frozen,clean,template,13,test_structural_3,bongo_0110,0,0.000055
bilstm_frozen,clean,template,13,test_structural_3,bongo_0112,1,0.952890
bilstm_frozen,clean,template,13,test_structural_3,bongo_0115,0,0.002955
bilstm_frozen,clean,template,13,test_structural_3,bongo_0143,0,0.000372
bilstm_frozen,clean,template,13,test_structural_3,bongo_0146,1,0.999895
bilstm_frozen,clean,template,13,test_structural_3,bongo_0154,1,0.999556
bilstm_frozen,clean,template,13,test_structural_3,bongo_0159,1,0.956702
bilstm_frozen,clean,template,13,test_structural_3,bongo_0160,0,0.000164
bilstm_frozen,clean,template,13,test_structural_3,bongo_0172,0,0.782687
bilstm_frozen,clean,template,13,test_structural_3,bongo_0173,1,0.952831
bilstm_frozen,clean,template,13,test_structural_3,bongo_0175,0,0.000740
bilstm_frozen,clean,template,13,test_structural_3,bongo_0182,0,0.000291
bilstm_frozen,clean,template,13,test_structural_3,bongo_0195,1,0.999442
bilstm_frozen,clean,template,13,test_structural_3,bongo_0197,0,0.000188
bilstm_frozen,clean,template,13,test_structural_3,bongo_0201,1,0.999912
bilstm_frozen,clean,template,13,test_structural_3,bongo_0203,1,0.999908
bilstm_frozen,clean,template,13,test_structural_3,bongo_0250,1,0.956131
bilstm_frozen,clean,template,13,test_structural_3,bongo_0253,0,0.000316
bilstm_frozen,clean,template,13,test_structural_3,bongo_0255,1,0.952740
bilstm_frozen,clean,template,13,test_structural_3,bongo_0265,1,0.777389
bilstm_frozen,clean,template,13,test_structural_3,bongo_0271,0,0.000251
bilstm_frozen,clean,template,13,test_structural_3,bongo_0300,0,0.000185
bilstm_frozen,clean,template,13,test_structural_3,bongo_0306,0,0.000268
bilstm_frozen,clean,template,13,test_structural_3,bongo_0356,1,0.954207
bilstm_frozen,clean,template,13,test_structural_3,bongo_0360,1,0.999568
bilstm_frozen,clean,template,13,test_structural_3,bongo_0361,1,0.999941
bilstm_frozen,clean,template,13,test_structural_3,bongo_0363,0,0.000221
bilstm_frozen,clean,template,13,test_structural_3,bongo_0368,0,0.001293
bilstm_frozen,clean,template,13,test_structural_3,bongo_0372,0,0.000265
bilstm_frozen,clean,template,13,test_structural_3,bongo_0380,1,0.001512
bilstm_frozen,clean,template,13,test_structural_3,bongo_0389,0,0.000257
bilstm_frozen,clean,template,13,test_structural_3,bongo_0395,0,0.000543
bilstm_frozen,clean,template,13,test_structural_3,bongo_0405,1,0.999619
bilstm_frozen,clean,template,13,test_structural_3,bongo_0424,1,0.999780
bilstm_frozen,clean,template,13,test_structural_3,bongo_0427,0,0.002924
bilstm_frozen,clean,template,13,test_structural_3,bongo_0434,1,0.954603
bilstm_frozen,clean,template,13,test_structural_3,bongo_0463,0,0.002949
bilstm_frozen,clean,template,13,test_structural_3,bongo_0476,1,0.999833
bilstm_frozen,clean,template,13,test_structural_3,bongo_0510,1,0.999944
bilstm_frozen,clean,template,13,test_structural_3,bongo_0531,0,0.000346
bilstm_frozen,clean,template,13,test_structural_3,bongo_0542,0,0.000385
bilstm_frozen,clean,template,13,test_structural_3,bongo_0545,0,0.000391
bilstm_frozen,clean,template,13,test_structural_3,bongo_0560,1,0.978228
bilstm_frozen,clean,template,13,test_structural_3,bongo_0565,1,0.001038
bilstm_frozen,clean,template,13,test_structural_3,bongo_0566,1,0.999915
bilstm_frozen,clean,template,13,test_structural_3,bongo_0571,0,0.000196
bilstm_frozen,clean,template,13,test_structural_3,bongo_0577,1,0.999341
bilstm_frozen,clean,template,13,test_structural_3,bongo_0580,1,0.999793
bilstm_frozen,clean,template,13,test_structural_3,bongo_0621,1,0.999190
bilstm_frozen,clean,template,13,test_structural_3,bongo_0624,1,0.999194
bilstm_frozen,clean,template,13,test_structural_3,bongo_0630,0,0.000365
bilstm_frozen,clean,template,13,test_structural_3,bongo_0638,1,0.999870
bilstm_frozen,clean,template,13,test_structural_3,bongo_0648,0,0.021890
bilstm_frozen,clean,template,13,test_structural_3,bongo_0674,0,0.000081
bilstm_frozen,clean,template,13,test_structural_3,bongo_0685,0,0.027571
bilstm_frozen,clean,template,13,test_structural_3,bongo_0697,1,0.939201
bilstm_frozen,clean,template,13,test_structural_3,bongo_0701,0,0.000252
bilstm_frozen,clean,template,13,test_structural_3,bongo_0706,1,0.002442
bilstm_frozen,clean,template,13,test_structural_3,bongo_0719,1,0.956228
bilstm_frozen,clean,template,13,test_structural_3,bongo_0721,1,0.999860
bilstm_frozen,clean,template,13,test_structural_3,bongo_0724,1,0.001056
bilstm_frozen,clean,template,13,test_structural_3,bongo_0729,1,0.999823
bilstm_frozen,clean,template,13,test_structural_3,bongo_0741,0,0.000234
bilstm_frozen,clean,template,13,test_structural_3,bongo_0749,1,0.001413
bilstm_frozen,clean,template,13,test_structural_3,bongo_0769,1,0.999929
bilstm_frozen,clean,template,13,test_structural_3,bongo_0770,1,0.956902
bilstm_frozen,clean,template,13,test_structural_3,bongo_0778,1,0.952177
bilstm_frozen,clean,template,13,test_structural_3,bongo_0787,1,0.999525
bilstm_frozen,clean,template,13,test_structural_3,bongo_0795,0,0.000643
bilstm_frozen,clean,template,13,test_structural_3,bongo_0806,1,0.939443
bilstm_frozen,clean,template,13,test_structural_3,bongo_0807,1,0.999807
bilstm_frozen,clean,template,13,test_structural_3,bongo_0818,0,0.007304
bilstm_frozen,clean,template,13,test_structural_3,bongo_0819,0,0.000527
bilstm_frozen,clean,template,13,test_structural_3,bongo_0835,0,0.000150
bilstm_frozen,clean,template,13,test_structural_3,bongo_0840,1,0.999586
bilstm_frozen,clean,template,13,test_structural_3,bongo_0855,1,0.938842
bilstm_frozen,clean,template,13,test_structural_3,bongo_0856,0,0.000250
bilstm_frozen,clean,template,13,test_structural_3,bongo_0864,1,0.999894
bilstm_frozen,clean,template,13,test_structural_3,bongo_0871,1,0.999837
bilstm_frozen,clean,template,13,test_structural_3,bongo_0872,0,0.001244
bilstm_frozen,clean,template,13,test_structural_3,bongo_0904,0,0.001511
bilstm_frozen,clean,template,13,test_structural_3,bongo_0905,1,0.999768
bilstm_frozen,clean,template,13,test_structural_3,bongo_0909,1,0.999779
bilstm_frozen,clean,template,13,test_structural_3,bongo_0917,1,0.951554
bilstm_frozen,clean,template,13,test_structural_3,bongo_0918,1,0.999695
bilstm_frozen,clean,template,13,test_structural_3,bongo_0950,0,0.000178
bilstm_frozen,clean,template,13,test_structural_3,bongo_0955,1,0.999571
bilstm_frozen,clean,template,13,test_structural_3,bongo_0956,0,0.000249
bilstm_frozen,clean,template,13,test_structural_3,bongo_0971,0,0.000220
bilstm_frozen,clean,template,13,test_structural_3,bongo_0983,0,0.000463
bilstm_frozen,clean,template,13,test_structural_3,bongo_0989,1,0.999840
bilstm_frozen,clean,template,13,test_structural_3,bongo_0994,0,0.002226
bilstm_frozen,clean,template,13,test_structural_3,bongo_1003,1,0.999993
bilstm_frozen,clean,template,13,test_structural_3,bongo_1006,0,0.000340
bilstm_frozen,clean,template,13,test_structural_3,bongo_1012,1,0.954256
bilstm_frozen,clean,template,13,test_structural_3,bongo_1015,0,0.000557
bilstm_frozen,clean,template,13,test_structural_3,bongo_1022,1,0.957150
bilstm_frozen,clean,template,13,test_structural_3,bongo_1037,0,0.000614
bilstm_frozen,clean,template,13,test_structural_3,bongo_1040,0,0.000300
bilstm_frozen,clean,template,13,test_structural_3,bongo_1042,1,0.999905
bilstm_frozen,clean,template,13,test_structural_3,bongo_1047,1,0.999895
bilstm_frozen,clean,template,13,test_structural_3,bongo_1050,0,0.000802
bilstm_frozen,clean,template,13,test_structural_3,bongo_1052,1,0.999940
bilstm_frozen,clean,template,13,test_structural_3,bongo_1059,0,0.000744
bilstm_frozen,clean,template,13,test_structural_3,bongo_1071,0,0.000295
bilstm_frozen,clean,template,13,test_structural_3,bongo_1090,0,0.000170
bilstm_frozen,clean,template,13,test_structural_3,bongo_1104,1,0.999912
bilstm_frozen,clean,template,13,test_structural_3,bongo_1115,0,0.000232
bilstm_frozen,clean,template,13,test_structural_3,bongo_1123,0,0.000238
bilstm_frozen,clean,template,13,test_structural_3,bongo_1125,0,0.012666
bilstm_frozen,clean,template,13,test_structural_3,bongo_1127,1,0.948233
bilstm_frozen,clean,template,13,test_structural_3,bongo_1131,1,0.998293
bilstm_frozen,clean,template,13,test_structural_3,bongo_1134,1,0.001649
bilstm_frozen,clean,template,13,test_structural_3,bongo_1135,0,0.001657
bilstm_frozen,clean,template,13,test_structural_3,bongo_1136,1,0.999771
bilstm_frozen,clean,template,13,test_structural_3,bongo_1138,1,0.999804
bilstm_frozen,clean,template,13,test_structural_3,bongo_1140,1,0.999790
bilstm_frozen,clean,template,13,test_structural_3,bongo_1154,1,0.999907
bilstm_frozen,clean,template,13,test_structural_3,bongo_1155,0,0.000215
bilstm_frozen,clean,template,13,test_structural_3,bongo_1171,1,0.999893
bilstm_frozen,clean,template,13,test_structural_3,bongo_1181,1,0.999867
bilstm_frozen,clean,template,13,test_structural_3,bongo_1185,1,0.000931
bilstm_frozen,clean,template,13,test_structural_3,bongo_1194,0,0.000869
bilstm_frozen,clean,template,13,test_structural_3,bongo_1195,1,0.937636
bilstm_frozen,clean,template,13,test_structural_3,bongo_1198,0,0.000356
bilstm_frozen,clean,template,13,test_structural_3,bongo_1204,1,0.002311
bilstm_frozen,clean,template,13,test_structural_3,bongo_1220,1,0.999819
bilstm_frozen,clean,template,13,test_structural_3,bongo_1233,1,0.999928
bilstm_frozen,clean,template,13,test_structural_3,bongo_1236,0,0.000282
bilstm_frozen,clean,template,13,test_structural_3,bongo_1240,1,0.001677
bilstm_frozen,clean,template,13,test_structural_3,bongo_1244,0,0.000697
bilstm_frozen,clean,template,13,test_structural_3,bongo_1249,0,0.000533
bilstm_frozen,clean,template,13,test_structural_3,bongo_1253,0,0.910899
bilstm_frozen,clean,template,13,test_structural_3,bongo_1260,0,0.000234
bilstm_frozen,clean,template,13,test_structural_3,bongo_1262,0,0.765511
bilstm_frozen,clean,template,13,test_structural_3,bongo_1278,1,0.950475
bilstm_frozen,clean,template,13,test_structural_3,bongo_1285,0,0.000243
bilstm_frozen,clean,template,13,test_structural_3,bongo_1293,1,0.999850
bilstm_frozen,clean,template,13,test_structural_3,bongo_1316,0,0.000311
bilstm_frozen,clean,template,13,test_structural_3,bongo_1327,1,0.001433
bilstm_frozen,clean,template,13,test_structural_3,bongo_1330,0,0.044616
bilstm_frozen,clean,template,13,test_structural_3,bongo_1359,0,0.001240
bilstm_frozen,clean,template,13,test_structural_3,bongo_1375,0,0.000302
bilstm_frozen,clean,template,13,test_structural_all,bongo_0025,1,0.999943
bilstm_frozen,clean,template,13,test_structural_all,bongo_0029,0,0.015926
bilstm_frozen,clean,template,13,test_structural_all,bongo_0039,1,0.999893
bilstm_frozen,clean,template,13,test_structural_all,bongo_0047,1,0.999508
bilstm_frozen,clean,template,13,test_structural_all,bongo_0053,0,0.000213
bilstm_frozen,clean,template,13,test_structural_all,bongo_0055,1,0.999716
bilstm_frozen,clean,template,13,test_structural_all,bongo_0061,1,0.999532
bilstm_frozen,clean,template,13,test_structural_all,bongo_0097,0,0.001308
bilstm_frozen,clean,template,13,test_structural_all,bongo_0107,0,0.000084
bilstm_frozen,clean,template,13,test_structural_all,bongo_0110,0,0.000055
bilstm_frozen,clean,template,13,test_structural_all,bongo_0112,1,0.999201
bilstm_frozen,clean,template,13,test_structural_all,bongo_0115,0,0.002955
bilstm_frozen,clean,template,13,test_structural_all,bongo_0143,0,0.000372
bilstm_frozen,clean,template,13,test_structural_all,bongo_0146,1,0.999916
bilstm_frozen,clean,template,13,test_structural_all,bongo_0154,1,0.999788
bilstm_frozen,clean,template,13,test_structural_all,bongo_0159,1,0.999617
bilstm_frozen,clean,template,13,test_structural_all,bongo_0160,0,0.000164
bilstm_frozen,clean,template,13,test_structural_all,bongo_0172,0,0.782687
bilstm_frozen,clean,template,13,test_structural_all,bongo_0173,1,0.977619
bilstm_frozen,clean,template,13,test_structural_all,bongo_0175,0,0.000740
bilstm_frozen,clean,template,13,test_structural_all,bongo_0182,0,0.000291
bilstm_frozen,clean,template,13,test_structural_all,bongo_0195,1,0.999873
bilstm_frozen,clean,template,13,test_structural_all,bongo_0197,0,0.000188
bilstm_frozen,clean,template,13,test_structural_all,bongo_0201,1,0.999938
bilstm_frozen,clean,template,13,test_structural_all,bongo_0203,1,0.999931
bilstm_frozen,clean,template,13,test_structural_all,bongo_0250,1,0.999190
bilstm_frozen,clean,template,13,test_structural_all,bongo_0253,0,0.000316
bilstm_frozen,clean,template,13,test_structural_all,bongo_0255,1,0.999278
bilstm_frozen,clean,template,13,test_structural_all,bongo_0265,1,0.898980
bilstm_frozen,clean,template,13,test_structural_all,bongo_0271,0,0.000251
bilstm_frozen,clean,template,13,test_structural_all,bongo_0300,0,0.000185
bilstm_frozen,clean,template,13,test_structural_all,bongo_0306,0,0.000268
bilstm_frozen,clean,template,13,test_structural_all,bongo_0356,1,0.999201
bilstm_frozen,clean,template,13,test_structural_all,bongo_0360,1,0.999654
bilstm_frozen,clean,template,13,test_structural_all,bongo_0361,1,0.999924
bilstm_frozen,clean,template,13,test_structural_all,bongo_0363,0,0.000221
bilstm_frozen,clean,template,13,test_structural_all,bongo_0368,0,0.001293
bilstm_frozen,clean,template,13,test_structural_all,bongo_0372,0,0.000265
bilstm_frozen,clean,template,13,test_structural_all,bongo_0380,1,0.999405
bilstm_frozen,clean,template,13,test_structural_all,bongo_0389,0,0.000257
bilstm_frozen,clean,template,13,test_structural_all,bongo_0395,0,0.000543
bilstm_frozen,clean,template,13,test_structural_all,bongo_0405,1,0.999743
bilstm_frozen,clean,template,13,test_structural_all,bongo_0424,1,0.999861
bilstm_frozen,clean,template,13,test_structural_all,bongo_0427,0,0.002924
bilstm_frozen,clean,template,13,test_structural_all,bongo_0434,1,0.999393
bilstm_frozen,clean,template,13,test_structural_all,bongo_0463,0,0.002949
bilstm_frozen,clean,template,13,test_structural_all,bongo_0476,1,0.999744
bilstm_frozen,clean,template,13,test_structural_all,bongo_0510,1,0.999954
bilstm_frozen,clean,template,13,test_structural_all,bongo_0531,0,0.000346
bilstm_frozen,clean,template,13,test_structural_all,bongo_0542,0,0.000385
bilstm_frozen,clean,template,13,test_structural_all,bongo_0545,0,0.000391
bilstm_frozen,clean,template,13,test_structural_all,bongo_0560,1,0.999757
bilstm_frozen,clean,template,13,test_structural_all,bongo_0565,1,0.989474
bilstm_frozen,clean,template,13,test_structural_all,bongo_0566,1,0.999942
bilstm_frozen,clean,template,13,test_structural_all,bongo_0571,0,0.000196
bilstm_frozen,clean,template,13,test_structural_all,bongo_0577,1,0.999919
bilstm_frozen,clean,template,13,test_structural_all,bongo_0580,1,0.999500
bilstm_frozen,clean,template,13,test_structural_all,bongo_0621,1,0.999398
bilstm_frozen,clean,template,13,test_structural_all,bongo_0624,1,0.999854
bilstm_frozen,clean,template,13,test_structural_all,bongo_0630,0,0.000365
bilstm_frozen,clean,template,13,test_structural_all,bongo_0638,1,0.995051
bilstm_frozen,clean,template,13,test_structural_all,bongo_0648,0,0.021890
bilstm_frozen,clean,template,13,test_structural_all,bongo_0674,0,0.000081
bilstm_frozen,clean,template,13,test_structural_all,bongo_0685,0,0.027571
bilstm_frozen,clean,template,13,test_structural_all,bongo_0697,1,0.962659
bilstm_frozen,clean,template,13,test_structural_all,bongo_0701,0,0.000252
bilstm_frozen,clean,template,13,test_structural_all,bongo_0706,1,0.941663
bilstm_frozen,clean,template,13,test_structural_all,bongo_0719,1,0.999184
bilstm_frozen,clean,template,13,test_structural_all,bongo_0721,1,0.999795
bilstm_frozen,clean,template,13,test_structural_all,bongo_0724,1,0.999259
bilstm_frozen,clean,template,13,test_structural_all,bongo_0729,1,0.999830
bilstm_frozen,clean,template,13,test_structural_all,bongo_0741,0,0.000234
bilstm_frozen,clean,template,13,test_structural_all,bongo_0749,1,0.999190
bilstm_frozen,clean,template,13,test_structural_all,bongo_0769,1,0.999945
bilstm_frozen,clean,template,13,test_structural_all,bongo_0770,1,0.999170
bilstm_frozen,clean,template,13,test_structural_all,bongo_0778,1,0.999836
bilstm_frozen,clean,template,13,test_structural_all,bongo_0787,1,0.999775
bilstm_frozen,clean,template,13,test_structural_all,bongo_0795,0,0.000643
bilstm_frozen,clean,template,13,test_structural_all,bongo_0806,1,0.996079
bilstm_frozen,clean,template,13,test_structural_all,bongo_0807,1,0.999857
bilstm_frozen,clean,template,13,test_structural_all,bongo_0818,0,0.007304
bilstm_frozen,clean,template,13,test_structural_all,bongo_0819,0,0.000527
bilstm_frozen,clean,template,13,test_structural_all,bongo_0835,0,0.000150
bilstm_frozen,clean,template,13,test_structural_all,bongo_0840,1,0.999642
bilstm_frozen,clean,template,13,test_structural_all,bongo_0855,1,0.990077
bilstm_frozen,clean,template,13,test_structural_all,bongo_0856,0,0.000250
bilstm_frozen,clean,template,13,test_structural_all,bongo_0864,1,0.999885
bilstm_frozen,clean,template,13,test_structural_all,bongo_0871,1,0.999886
bilstm_frozen,clean,template,13,test_structural_all,bongo_0872,0,0.001244
bilstm_frozen,clean,template,13,test_structural_all,bongo_0904,0,0.001511
bilstm_frozen,clean,template,13,test_structural_all,bongo_0905,1,0.999886
bilstm_frozen,clean,template,13,test_structural_all,bongo_0909,1,0.999923
bilstm_frozen,clean,template,13,test_structural_all,bongo_0917,1,0.999744
bilstm_frozen,clean,template,13,test_structural_all,bongo_0918,1,0.999917
bilstm_frozen,clean,template,13,test_structural_all,bongo_0950,0,0.000178
bilstm_frozen,clean,template,13,test_structural_all,bongo_0955,1,0.999933
bilstm_frozen,clean,template,13,test_structural_all,bongo_0956,0,0.000249
bilstm_frozen,clean,template,13,test_structural_all,bongo_0971,0,0.000220
bilstm_frozen,clean,template,13,test_structural_all,bongo_0983,0,0.000463
bilstm_frozen,clean,template,13,test_structural_all,bongo_0989,1,0.999885
bilstm_frozen,clean,template,13,test_structural_all,bongo_0994,0,0.002226
bilstm_frozen,clean,template,13,test_structural_all,bongo_1003,1,0.999785
bilstm_frozen,clean,template,13,test_structural_all,bongo_1006,0,0.000340
bilstm_frozen,clean,template,13,test_structural_all,bongo_1012,1,0.999901
bilstm_frozen,clean,template,13,test_structural_all,bongo_1015,0,0.000557
bilstm_frozen,clean,template,13,test_structural_all,bongo_1022,1,0.999880
bilstm_frozen,clean,template,13,test_structural_all,bongo_1037,0,0.000614
bilstm_frozen,clean,template,13,test_structural_all,bongo_1040,0,0.000300
bilstm_frozen,clean,template,13,test_structural_all,bongo_1042,1,0.999939
bilstm_frozen,clean,template,13,test_structural_all,bongo_1047,1,0.999789
bilstm_frozen,clean,template,13,test_structural_all,bongo_1050,0,0.000802
bilstm_frozen,clean,template,13,test_structural_all,bongo_1052,1,0.999952
bilstm_frozen,clean,template,13,test_structural_all,bongo_1059,0,0.000744
bilstm_frozen,clean,template,13,test_structural_all,bongo_1071,0,0.000295
bilstm_frozen,clean,template,13,test_structural_all,bongo_1090,0,0.000170
bilstm_frozen,clean,template,13,test_structural_all,bongo_1104,1,0.999869
bilstm_frozen,clean,template,13,test_structural_all,bongo_1115,0,0.000232
bilstm_frozen,clean,template,13,test_structural_all,bongo_1123,0,0.000238
bilstm_frozen,clean,template,13,test_structural_all,bongo_1125,0,0.012666
bilstm_frozen,clean,template,13,test_structural_all,bongo_1127,1,0.946426
bilstm_frozen,clean,template,13,test_structural_all,bongo_1131,1,0.999962
bilstm_frozen,clean,template,13,test_structural_all,bongo_1134,1,0.999710
bilstm_frozen,clean,template,13,test_structural_all,bongo_1135,0,0.001657
bilstm_frozen,clean,template,13,test_structural_all,bongo_1136,1,0.999822
bilstm_frozen,clean,template,13,test_structural_all,bongo_1138,1,0.999900
bilstm_frozen,clean,template,13,test_structural_all,bongo_1140,1,0.999925
bilstm_frozen,clean,template,13,test_structural_all,bongo_1154,1,0.999924
bilstm_frozen,clean,template,13,test_structural_all,bongo_1155,0,0.000215
bilstm_frozen,clean,template,13,test_structural_all,bongo_1171,1,0.999872
bilstm_frozen,clean,template,13,test_structural_all,bongo_1181,1,0.999759
bilstm_frozen,clean,template,13,test_structural_all,bongo_1185,1,0.975908
bilstm_frozen,clean,template,13,test_structural_all,bongo_1194,0,0.000869
bilstm_frozen,clean,template,13,test_structural_all,bongo_1195,1,0.845493
bilstm_frozen,clean,template,13,test_structural_all,bongo_1198,0,0.000356
bilstm_frozen,clean,template,13,test_structural_all,bongo_1204,1,0.999907
bilstm_frozen,clean,template,13,test_structural_all,bongo_1220,1,0.999901
bilstm_frozen,clean,template,13,test_structural_all,bongo_1233,1,0.999730
bilstm_frozen,clean,template,13,test_structural_all,bongo_1236,0,0.000282
bilstm_frozen,clean,template,13,test_structural_all,bongo_1240,1,0.999228
bilstm_frozen,clean,template,13,test_structural_all,bongo_1244,0,0.000697
bilstm_frozen,clean,template,13,test_structural_all,bongo_1249,0,0.000533
bilstm_frozen,clean,template,13,test_structural_all,bongo_1253,0,0.910899
bilstm_frozen,clean,template,13,test_structural_all,bongo_1260,0,0.000234
bilstm_frozen,clean,template,13,test_structural_all,bongo_1262,0,0.765511
bilstm_frozen,clean,template,13,test_structural_all,bongo_1278,1,0.972240
bilstm_frozen,clean,template,13,test_structural_all,bongo_1285,0,0.000243
bilstm_frozen,clean,template,13,test_structural_all,bongo_1293,1,0.999843
bilstm_frozen,clean,template,13,test_structural_all,bongo_1316,0,0.000311
bilstm_frozen,clean,template,13,test_structural_all,bongo_1327,1,0.999913
bilstm_frozen,clean,template,13,test_structural_all,bongo_1330,0,0.044616
bilstm_frozen,clean,template,13,test_structural_all,bongo_1359,0,0.001240
bilstm_frozen,clean,template,13,test_structural_all,bongo_1375,0,0.000302
bilstm_frozen,clean,template,13,test_codeswitch_1,bongo_0025,1,0.999266
bilstm_frozen,clean,template,13,test_codeswitch_1,bongo_0029,0,0.015926
bilstm_frozen,clean,template,13,test_codeswitch_1,bongo_0039,1,0.979112
bilstm_frozen,clean,template,13,test_codeswitch_1,bongo_0047,1,0.999599
bilstm_frozen,clean,template,13,test_codeswitch_1,bongo_0053,0,0.000213
bilstm_frozen,clean,template,13,test_codeswitch_1,bongo_0055,1,0.000868
bilstm_frozen,clean,template,13,test_codeswitch_1,bongo_0061,1,0.996565
bilstm_frozen,clean,template,13,test_codeswitch_1,bongo_0097,0,0.001308
bilstm_frozen,clean,template,13,test_codeswitch_1,bongo_0107,0,0.000084
bilstm_frozen,clean,template,13,test_codeswitch_1,bongo_0110,0,0.000055
bilstm_frozen,clean,template,13,test_codeswitch_1,bongo_0112,1,0.000855
bilstm_frozen,clean,template,13,test_codeswitch_1,bongo_0115,0,0.002955
bilstm_frozen,clean,template,13,test_codeswitch_1,bongo_0143,0,0.000372
bilstm_frozen,clean,template,13,test_codeswitch_1,bongo_0146,1,0.999766
bilstm_frozen,clean,template,13,test_codeswitch_1,bongo_0154,1,0.999475
bilstm_frozen,clean,template,13,test_codeswitch_1,bongo_0159,1,0.000877
bilstm_frozen,clean,template,13,test_codeswitch_1,bongo_0160,0,0.000164
bilstm_frozen,clean,template,13,test_codeswitch_1,bongo_0172,0,0.782687
bilstm_frozen,clean,template,13,test_codeswitch_1,bongo_0173,1,0.000700
bilstm_frozen,clean,template,13,test_codeswitch_1,bongo_0175,0,0.000740
bilstm_frozen,clean,template,13,test_codeswitch_1,bongo_0182,0,0.000291
bilstm_frozen,clean,template,13,test_codeswitch_1,bongo_0195,1,0.959600
bilstm_frozen,clean,template,13,test_codeswitch_1,bongo_0197,0,0.000188
bilstm_frozen,clean,template,13,test_codeswitch_1,bongo_0201,1,0.999681
bilstm_frozen,clean,template,13,test_codeswitch_1,bongo_0203,1,0.999843
bilstm_frozen,clean,template,13,test_codeswitch_1,bongo_0250,1,0.000877
bilstm_frozen,clean,template,13,test_codeswitch_1,bongo_0253,0,0.000316
bilstm_frozen,clean,template,13,test_codeswitch_1,bongo_0255,1,0.000885
bilstm_frozen,clean,template,13,test_codeswitch_1,bongo_0265,1,0.000713
bilstm_frozen,clean,template,13,test_codeswitch_1,bongo_0271,0,0.000251
bilstm_frozen,clean,template,13,test_codeswitch_1,bongo_0300,0,0.000185
bilstm_frozen,clean,template,13,test_codeswitch_1,bongo_0306,0,0.000268
bilstm_frozen,clean,template,13,test_codeswitch_1,bongo_0356,1,0.000847
bilstm_frozen,clean,template,13,test_codeswitch_1,bongo_0360,1,0.999494
bilstm_frozen,clean,template,13,test_codeswitch_1,bongo_0361,1,0.999842
bilstm_frozen,clean,template,13,test_codeswitch_1,bongo_0363,0,0.000221
bilstm_frozen,clean,template,13,test_codeswitch_1,bongo_0368,0,0.001293
bilstm_frozen,clean,template,13,test_codeswitch_1,bongo_0372,0,0.000265
bilstm_frozen,clean,template,13,test_codeswitch_1,bongo_0380,1,0.000861
bilstm_frozen,clean,template,13,test_codeswitch_1,bongo_0389,0,0.000257
bilstm_frozen,clean,template,13,test_codeswitch_1,bongo_0395,0,0.000543
bilstm_frozen,clean,template,13,test_codeswitch_1,bongo_0405,1,0.999242
bilstm_frozen,clean,template,13,test_codeswitch_1,bongo_0424,1,0.999662
bilstm_frozen,clean,template,13,test_codeswitch_1,bongo_0427,0,0.002924
bilstm_frozen,clean,template,13,test_codeswitch_1,bongo_0434,1,0.000868
bilstm_frozen,clean,template,13,test_codeswitch_1,bongo_0463,0,0.002949
bilstm_frozen,clean,template,13,test_codeswitch_1,bongo_0476,1,0.962976
bilstm_frozen,clean,template,13,test_codeswitch_1,bongo_0510,1,0.999593
bilstm_frozen,clean,template,13,test_codeswitch_1,bongo_0531,0,0.000346
bilstm_frozen,clean,template,13,test_codeswitch_1,bongo_0542,0,0.000385
bilstm_frozen,clean,template,13,test_codeswitch_1,bongo_0545,0,0.000391
bilstm_frozen,clean,template,13,test_codeswitch_1,bongo_0560,1,0.973515
bilstm_frozen,clean,template,13,test_codeswitch_1,bongo_0565,1,0.000615
bilstm_frozen,clean,template,13,test_codeswitch_1,bongo_0566,1,0.999850
bilstm_frozen,clean,template,13,test_codeswitch_1,bongo_0571,0,0.000196
bilstm_frozen,clean,template,13,test_codeswitch_1,bongo_0577,1,0.999124
bilstm_frozen,clean,template,13,test_codeswitch_1,bongo_0580,1,0.962381
bilstm_frozen,clean,template,13,test_codeswitch_1,bongo_0621,1,0.998845
bilstm_frozen,clean,template,13,test_codeswitch_1,bongo_0624,1,0.999346
bilstm_frozen,clean,template,13,test_codeswitch_1,bongo_0630,0,0.000365
bilstm_frozen,clean,template,13,test_codeswitch_1,bongo_0638,1,0.999804
bilstm_frozen,clean,template,13,test_codeswitch_1,bongo_0648,0,0.021890
bilstm_frozen,clean,template,13,test_codeswitch_1,bongo_0674,0,0.000081
bilstm_frozen,clean,template,13,test_codeswitch_1,bongo_0685,0,0.027571
bilstm_frozen,clean,template,13,test_codeswitch_1,bongo_0697,1,0.000615
bilstm_frozen,clean,template,13,test_codeswitch_1,bongo_0701,0,0.000252
bilstm_frozen,clean,template,13,test_codeswitch_1,bongo_0706,1,0.000845
bilstm_frozen,clean,template,13,test_codeswitch_1,bongo_0719,1,0.000868
bilstm_frozen,clean,template,13,test_codeswitch_1,bongo_0721,1,0.954030
bilstm_frozen,clean,template,13,test_codeswitch_1,bongo_0724,1,0.000632
bilstm_frozen,clean,template,13,test_codeswitch_1,bongo_0729,1,0.955281
bilstm_frozen,clean,template,13,test_codeswitch_1,bongo_0741,0,0.000234
bilstm_frozen,clean,template,13,test_codeswitch_1,bongo_0749,1,0.000847
bilstm_frozen,clean,template,13,test_codeswitch_1,bongo_0769,1,0.990802
bilstm_frozen,clean,template,13,test_codeswitch_1,bongo_0770,1,0.000868
bilstm_frozen,clean,template,13,test_codeswitch_1,bongo_0778,1,0.000838
bilstm_frozen,clean,template,13,test_codeswitch_1,bongo_0787,1,0.999495
bilstm_frozen,clean,template,13,test_codeswitch_1,bongo_0795,0,0.000643
bilstm_frozen,clean,template,13,test_codeswitch_1,bongo_0806,1,0.000632
bilstm_frozen,clean,template,13,test_codeswitch_1,bongo_0807,1,0.999557
bilstm_frozen,clean,template,13,test_codeswitch_1,bongo_0818,0,0.007304
bilstm_frozen,clean,template,13,test_codeswitch_1,bongo_0819,0,0.000527
bilstm_frozen,clean,template,13,test_codeswitch_1,bongo_0835,0,0.000150
bilstm_frozen,clean,template,13,test_codeswitch_1,bongo_0840,1,0.999494
bilstm_frozen,clean,template,13,test_codeswitch_1,bongo_0855,1,0.000621
bilstm_frozen,clean,template,13,test_codeswitch_1,bongo_0856,0,0.000250
bilstm_frozen,clean,template,13,test_codeswitch_1,bongo_0864,1,0.979301
bilstm_frozen,clean,template,13,test_codeswitch_1,bongo_0871,1,0.999360
bilstm_frozen,clean,template,13,test_codeswitch_1,bongo_0872,0,0.001244
bilstm_frozen,clean,template,13,test_codeswitch_1,bongo_0904,0,0.001511
bilstm_frozen,clean,template,13,test_codeswitch_1,bongo_0905,1,0.979797
bilstm_frozen,clean,template,13,test_codeswitch_1,bongo_0909,1,0.999111
bilstm_frozen,clean,template,13,test_codeswitch_1,bongo_0917,1,0.000895
bilstm_frozen,clean,template,13,test_codeswitch_1,bongo_0918,1,0.999240
bilstm_frozen,clean,template,13,test_codeswitch_1,bongo_0950,0,0.000178
bilstm_frozen,clean,template,13,test_codeswitch_1,bongo_0955,1,0.999635
bilstm_frozen,clean,template,13,test_codeswitch_1,bongo_0956,0,0.000249
bilstm_frozen,clean,template,13,test_codeswitch_1,bongo_0971,0,0.000220
bilstm_frozen,clean,template,13,test_codeswitch_1,bongo_0983,0,0.000463
bilstm_frozen,clean,template,13,test_codeswitch_1,bongo_0989,1,0.999363
bilstm_frozen,clean,template,13,test_codeswitch_1,bongo_0994,0,0.002226
bilstm_frozen,clean,template,13,test_codeswitch_1,bongo_1003,1,0.973505
bilstm_frozen,clean,template,13,test_codeswitch_1,bongo_1006,0,0.000340
bilstm_frozen,clean,template,13,test_codeswitch_1,bongo_1012,1,0.000840
bilstm_frozen,clean,template,13,test_codeswitch_1,bongo_1015,0,0.000557
bilstm_frozen,clean,template,13,test_codeswitch_1,bongo_1022,1,0.000859
bilstm_frozen,clean,template,13,test_codeswitch_1,bongo_1037,0,0.000614
bilstm_frozen,clean,template,13,test_codeswitch_1,bongo_1040,0,0.000300
bilstm_frozen,clean,template,13,test_codeswitch_1,bongo_1042,1,0.999029
bilstm_frozen,clean,template,13,test_codeswitch_1,bongo_1047,1,0.979494
bilstm_frozen,clean,template,13,test_codeswitch_1,bongo_1050,0,0.000802
bilstm_frozen,clean,template,13,test_codeswitch_1,bongo_1052,1,0.989976
bilstm_frozen,clean,template,13,test_codeswitch_1,bongo_1059,0,0.000744
bilstm_frozen,clean,template,13,test_codeswitch_1,bongo_1071,0,0.000295
bilstm_frozen,clean,template,13,test_codeswitch_1,bongo_1090,0,0.000170
bilstm_frozen,clean,template,13,test_codeswitch_1,bongo_1104,1,0.999624
bilstm_frozen,clean,template,13,test_codeswitch_1,bongo_1115,0,0.000232
bilstm_frozen,clean,template,13,test_codeswitch_1,bongo_1123,0,0.000238
bilstm_frozen,clean,template,13,test_codeswitch_1,bongo_1125,0,0.012666
bilstm_frozen,clean,template,13,test_codeswitch_1,bongo_1127,1,0.000692
bilstm_frozen,clean,template,13,test_codeswitch_1,bongo_1131,1,0.999804
bilstm_frozen,clean,template,13,test_codeswitch_1,bongo_1134,1,0.000871
bilstm_frozen,clean,template,13,test_codeswitch_1,bongo_1135,0,0.001657
bilstm_frozen,clean,template,13,test_codeswitch_1,bongo_1136,1,0.999407
bilstm_frozen,clean,template,13,test_codeswitch_1,bongo_1138,1,0.978942
bilstm_frozen,clean,template,13,test_codeswitch_1,bongo_1140,1,0.999180
bilstm_frozen,clean,template,13,test_codeswitch_1,bongo_1154,1,0.999835
bilstm_frozen,clean,template,13,test_codeswitch_1,bongo_1155,0,0.000215
bilstm_frozen,clean,template,13,test_codeswitch_1,bongo_1171,1,0.999622
bilstm_frozen,clean,template,13,test_codeswitch_1,bongo_1181,1,0.963587
bilstm_frozen,clean,template,13,test_codeswitch_1,bongo_1185,1,0.000855
bilstm_frozen,clean,template,13,test_codeswitch_1,bongo_1194,0,0.000869
bilstm_frozen,clean,template,13,test_codeswitch_1,bongo_1195,1,0.000614
bilstm_frozen,clean,template,13,test_codeswitch_1,bongo_1198,0,0.000356
bilstm_frozen,clean,template,13,test_codeswitch_1,bongo_1204,1,0.000870
bilstm_frozen,clean,template,13,test_codeswitch_1,bongo_1220,1,0.982355
bilstm_frozen,clean,template,13,test_codeswitch_1,bongo_1233,1,0.999851
bilstm_frozen,clean,template,13,test_codeswitch_1,bongo_1236,0,0.000282
bilstm_frozen,clean,template,13,test_codeswitch_1,bongo_1240,1,0.000885
bilstm_frozen,clean,template,13,test_codeswitch_1,bongo_1244,0,0.000697
bilstm_frozen,clean,template,13,test_codeswitch_1,bongo_1249,0,0.000533
bilstm_frozen,clean,template,13,test_codeswitch_1,bongo_1253,0,0.910899
bilstm_frozen,clean,template,13,test_codeswitch_1,bongo_1260,0,0.000234
bilstm_frozen,clean,template,13,test_codeswitch_1,bongo_1262,0,0.765511
bilstm_frozen,clean,template,13,test_codeswitch_1,bongo_1278,1,0.000864
bilstm_frozen,clean,template,13,test_codeswitch_1,bongo_1285,0,0.000243
bilstm_frozen,clean,template,13,test_codeswitch_1,bongo_1293,1,0.999722
bilstm_frozen,clean,template,13,test_codeswitch_1,bongo_1316,0,0.000311
bilstm_frozen,clean,template,13,test_codeswitch_1,bongo_1327,1,0.000864
bilstm_frozen,clean,template,13,test_codeswitch_1,bongo_1330,0,0.044616
bilstm_frozen,clean,template,13,test_codeswitch_1,bongo_1359,0,0.001240
bilstm_frozen,clean,template,13,test_codeswitch_1,bongo_1375,0,0.000302
bilstm_frozen,clean,template,13,test_codeswitch_3,bongo_0025,1,0.999251
bilstm_frozen,clean,template,13,test_codeswitch_3,bongo_0029,0,0.015926
bilstm_frozen,clean,template,13,test_codeswitch_3,bongo_0039,1,0.977588
bilstm_frozen,clean,template,13,test_codeswitch_3,bongo_0047,1,0.999599
bilstm_frozen,clean,template,13,test_codeswitch_3,bongo_0053,0,0.000213
bilstm_frozen,clean,template,13,test_codeswitch_3,bongo_0055,1,0.000854
bilstm_frozen,clean,template,13,test_codeswitch_3,bongo_0061,1,0.996565
bilstm_frozen,clean,template,13,test_codeswitch_3,bongo_0097,0,0.001308
bilstm_frozen,clean,template,13,test_codeswitch_3,bongo_0107,0,0.000084
bilstm_frozen,clean,template,13,test_codeswitch_3,bongo_0110,0,0.000055
bilstm_frozen,clean,template,13,test_codeswitch_3,bongo_0112,1,0.000843
bilstm_frozen,clean,template,13,test_codeswitch_3,bongo_0115,0,0.002955
bilstm_frozen,clean,template,13,test_codeswitch_3,bongo_0143,0,0.000372
bilstm_frozen,clean,template,13,test_codeswitch_3,bongo_0146,1,0.996425
bilstm_frozen,clean,template,13,test_codeswitch_3,bongo_0154,1,0.999483
bilstm_frozen,clean,template,13,test_codeswitch_3,bongo_0159,1,0.000866
bilstm_frozen,clean,template,13,test_codeswitch_3,bongo_0160,0,0.000164
bilstm_frozen,clean,template,13,test_codeswitch_3,bongo_0172,0,0.782687
bilstm_frozen,clean,template,13,test_codeswitch_3,bongo_0173,1,0.000751
bilstm_frozen,clean,template,13,test_codeswitch_3,bongo_0175,0,0.000740
bilstm_frozen,clean,template,13,test_codeswitch_3,bongo_0182,0,0.000291
bilstm_frozen,clean,template,13,test_codeswitch_3,bongo_0195,1,0.959600
bilstm_frozen,clean,template,13,test_codeswitch_3,bongo_0197,0,0.000188
bilstm_frozen,clean,template,13,test_codeswitch_3,bongo_0201,1,0.999669
bilstm_frozen,clean,template,13,test_codeswitch_3,bongo_0203,1,0.999681
bilstm_frozen,clean,template,13,test_codeswitch_3,bongo_0250,1,0.000866
bilstm_frozen,clean,template,13,test_codeswitch_3,bongo_0253,0,0.000316
bilstm_frozen,clean,template,13,test_codeswitch_3,bongo_0255,1,0.000869
bilstm_frozen,clean,template,13,test_codeswitch_3,bongo_0265,1,0.000763
bilstm_frozen,clean,template,13,test_codeswitch_3,bongo_0271,0,0.000251
bilstm_frozen,clean,template,13,test_codeswitch_3,bongo_0300,0,0.000185
bilstm_frozen,clean,template,13,test_codeswitch_3,bongo_0306,0,0.000268
bilstm_frozen,clean,template,13,test_codeswitch_3,bongo_0356,1,0.000833
bilstm_frozen,clean,template,13,test_codeswitch_3,bongo_0360,1,0.998755
bilstm_frozen,clean,template,13,test_codeswitch_3,bongo_0361,1,0.999681
bilstm_frozen,clean,template,13,test_codeswitch_3,bongo_0363,0,0.000221
bilstm_frozen,clean,template,13,test_codeswitch_3,bongo_0368,0,0.001293
bilstm_frozen,clean,template,13,test_codeswitch_3,bongo_0372,0,0.000265
bilstm_frozen,clean,template,13,test_codeswitch_3,bongo_0380,1,0.000845
bilstm_frozen,clean,template,13,test_codeswitch_3,bongo_0389,0,0.000257
bilstm_frozen,clean,template,13,test_codeswitch_3,bongo_0395,0,0.000543
bilstm_frozen,clean,template,13,test_codeswitch_3,bongo_0405,1,0.999370
bilstm_frozen,clean,template,13,test_codeswitch_3,bongo_0424,1,0.999662
bilstm_frozen,clean,template,13,test_codeswitch_3,bongo_0427,0,0.002924
bilstm_frozen,clean,template,13,test_codeswitch_3,bongo_0434,1,0.000854
bilstm_frozen,clean,template,13,test_codeswitch_3,bongo_0463,0,0.002949
bilstm_frozen,clean,template,13,test_codeswitch_3,bongo_0476,1,0.962976
bilstm_frozen,clean,template,13,test_codeswitch_3,bongo_0510,1,0.999719
bilstm_frozen,clean,template,13,test_codeswitch_3,bongo_0531,0,0.000346
bilstm_frozen,clean,template,13,test_codeswitch_3,bongo_0542,0,0.000385
bilstm_frozen,clean,template,13,test_codeswitch_3,bongo_0545,0,0.000391
bilstm_frozen,clean,template,13,test_codeswitch_3,bongo_0560,1,0.973515
bilstm_frozen,clean,template,13,test_codeswitch_3,bongo_0565,1,0.000608
bilstm_frozen,clean,template,13,test_codeswitch_3,bongo_0566,1,0.996819
bilstm_frozen,clean,template,13,test_codeswitch_3,bongo_0571,0,0.000196
bilstm_frozen,clean,template,13,test_codeswitch_3,bongo_0577,1,0.999295
bilstm_frozen,clean,template,13,test_codeswitch_3,bongo_0580,1,0.962381
bilstm_frozen,clean,template,13,test_codeswitch_3,bongo_0621,1,0.999019
bilstm_frozen,clean,template,13,test_codeswitch_3,bongo_0624,1,0.999259
bilstm_frozen,clean,template,13,test_codeswitch_3,bongo_0630,0,0.000365
bilstm_frozen,clean,template,13,test_codeswitch_3,bongo_0638,1,0.996715
bilstm_frozen,clean,template,13,test_codeswitch_3,bongo_0648,0,0.021890
bilstm_frozen,clean,template,13,test_codeswitch_3,bongo_0674,0,0.000081
bilstm_frozen,clean,template,13,test_codeswitch_3,bongo_0685,0,0.027571
bilstm_frozen,clean,template,13,test_codeswitch_3,bongo_0697,1,0.000608
bilstm_frozen,clean,template,13,test_codeswitch_3,bongo_0701,0,0.000252
bilstm_frozen,clean,template,13,test_codeswitch_3,bongo_0706,1,0.000832
bilstm_frozen,clean,template,13,test_codeswitch_3,bongo_0719,1,0.000855
bilstm_frozen,clean,template,13,test_codeswitch_3,bongo_0721,1,0.949129
bilstm_frozen,clean,template,13,test_codeswitch_3,bongo_0724,1,0.000625
bilstm_frozen,clean,template,13,test_codeswitch_3,bongo_0729,1,0.955281
bilstm_frozen,clean,template,13,test_codeswitch_3,bongo_0741,0,0.000234
bilstm_frozen,clean,template,13,test_codeswitch_3,bongo_0749,1,0.000837
bilstm_frozen,clean,template,13,test_codeswitch_3,bongo_0769,1,0.993024
bilstm_frozen,clean,template,13,test_codeswitch_3,bongo_0770,1,0.000854
bilstm_frozen,clean,template,13,test_codeswitch_3,bongo_0778,1,0.000825
bilstm_frozen,clean,template,13,test_codeswitch_3,bongo_0787,1,0.998753
bilstm_frozen,clean,template,13,test_codeswitch_3,bongo_0795,0,0.000643
bilstm_frozen,clean,template,13,test_codeswitch_3,bongo_0806,1,0.000625
bilstm_frozen,clean,template,13,test_codeswitch_3,bongo_0807,1,0.999694
bilstm_frozen,clean,template,13,test_codeswitch_3,bongo_0818,0,0.007304
bilstm_frozen,clean,template,13,test_codeswitch_3,bongo_0819,0,0.000527
bilstm_frozen,clean,template,13,test_codeswitch_3,bongo_0835,0,0.000150
bilstm_frozen,clean,template,13,test_codeswitch_3,bongo_0840,1,0.998758
bilstm_frozen,clean,template,13,test_codeswitch_3,bongo_0855,1,0.000615
bilstm_frozen,clean,template,13,test_codeswitch_3,bongo_0856,0,0.000250
bilstm_frozen,clean,template,13,test_codeswitch_3,bongo_0864,1,0.977716
bilstm_frozen,clean,template,13,test_codeswitch_3,bongo_0871,1,0.999274
bilstm_frozen,clean,template,13,test_codeswitch_3,bongo_0872,0,0.001244
bilstm_frozen,clean,template,13,test_codeswitch_3,bongo_0904,0,0.001511
bilstm_frozen,clean,template,13,test_codeswitch_3,bongo_0905,1,0.978027
bilstm_frozen,clean,template,13,test_codeswitch_3,bongo_0909,1,0.999320
bilstm_frozen,clean,template,13,test_codeswitch_3,bongo_0917,1,0.000880
bilstm_frozen,clean,template,13,test_codeswitch_3,bongo_0918,1,0.999353
bilstm_frozen,clean,template,13,test_codeswitch_3,bongo_0950,0,0.000178
bilstm_frozen,clean,template,13,test_codeswitch_3,bongo_0955,1,0.999618
bilstm_frozen,clean,template,13,test_codeswitch_3,bongo_0956,0,0.000249
bilstm_frozen,clean,template,13,test_codeswitch_3,bongo_0971,0,0.000220
bilstm_frozen,clean,template,13,test_codeswitch_3,bongo_0983,0,0.000463
bilstm_frozen,clean,template,13,test_codeswitch_3,bongo_0989,1,0.999277
bilstm_frozen,clean,template,13,test_codeswitch_3,bongo_0994,0,0.002226
bilstm_frozen,clean,template,13,test_codeswitch_3,bongo_1003,1,0.973505
bilstm_frozen,clean,template,13,test_codeswitch_3,bongo_1006,0,0.000340
bilstm_frozen,clean,template,13,test_codeswitch_3,bongo_1012,1,0.000827
bilstm_frozen,clean,template,13,test_codeswitch_3,bongo_1015,0,0.000557
bilstm_frozen,clean,template,13,test_codeswitch_3,bongo_1022,1,0.000844
bilstm_frozen,clean,template,13,test_codeswitch_3,bongo_1037,0,0.000614
bilstm_frozen,clean,template,13,test_codeswitch_3,bongo_1040,0,0.000300
bilstm_frozen,clean,template,13,test_codeswitch_3,bongo_1042,1,0.996115
bilstm_frozen,clean,template,13,test_codeswitch_3,bongo_1047,1,0.977770
bilstm_frozen,clean,template,13,test_codeswitch_3,bongo_1050,0,0.000802
bilstm_frozen,clean,template,13,test_codeswitch_3,bongo_1052,1,0.992428
bilstm_frozen,clean,template,13,test_codeswitch_3,bongo_1059,0,0.000744
bilstm_frozen,clean,template,13,test_codeswitch_3,bongo_1071,0,0.000295
bilstm_frozen,clean,template,13,test_codeswitch_3,bongo_1090,0,0.000170
bilstm_frozen,clean,template,13,test_codeswitch_3,bongo_1104,1,0.999606
bilstm_frozen,clean,template,13,test_codeswitch_3,bongo_1115,0,0.000232
bilstm_frozen,clean,template,13,test_codeswitch_3,bongo_1123,0,0.000238
bilstm_frozen,clean,template,13,test_codeswitch_3,bongo_1125,0,0.012666
bilstm_frozen,clean,template,13,test_codeswitch_3,bongo_1127,1,0.000741
bilstm_frozen,clean,template,13,test_codeswitch_3,bongo_1131,1,0.996126
bilstm_frozen,clean,template,13,test_codeswitch_3,bongo_1134,1,0.000857
bilstm_frozen,clean,template,13,test_codeswitch_3,bongo_1135,0,0.001657
bilstm_frozen,clean,template,13,test_codeswitch_3,bongo_1136,1,0.999407
bilstm_frozen,clean,template,13,test_codeswitch_3,bongo_1138,1,0.977428
bilstm_frozen,clean,template,13,test_codeswitch_3,bongo_1140,1,0.999320
bilstm_frozen,clean,template,13,test_codeswitch_3,bongo_1154,1,0.999506
bilstm_frozen,clean,template,13,test_codeswitch_3,bongo_1155,0,0.000215
bilstm_frozen,clean,template,13,test_codeswitch_3,bongo_1171,1,0.999606
bilstm_frozen,clean,template,13,test_codeswitch_3,bongo_1181,1,0.963587
bilstm_frozen,clean,template,13,test_codeswitch_3,bongo_1185,1,0.000840
bilstm_frozen,clean,template,13,test_codeswitch_3,bongo_1194,0,0.000869
bilstm_frozen,clean,template,13,test_codeswitch_3,bongo_1195,1,0.000607
bilstm_frozen,clean,template,13,test_codeswitch_3,bongo_1198,0,0.000356
bilstm_frozen,clean,template,13,test_codeswitch_3,bongo_1204,1,0.000856
bilstm_frozen,clean,template,13,test_codeswitch_3,bongo_1220,1,0.980993
bilstm_frozen,clean,template,13,test_codeswitch_3,bongo_1233,1,0.997048
bilstm_frozen,clean,template,13,test_codeswitch_3,bongo_1236,0,0.000282
bilstm_frozen,clean,template,13,test_codeswitch_3,bongo_1240,1,0.000869
bilstm_frozen,clean,template,13,test_codeswitch_3,bongo_1244,0,0.000697
bilstm_frozen,clean,template,13,test_codeswitch_3,bongo_1249,0,0.000533
bilstm_frozen,clean,template,13,test_codeswitch_3,bongo_1253,0,0.910899
bilstm_frozen,clean,template,13,test_codeswitch_3,bongo_1260,0,0.000234
bilstm_frozen,clean,template,13,test_codeswitch_3,bongo_1262,0,0.765511
bilstm_frozen,clean,template,13,test_codeswitch_3,bongo_1278,1,0.000850
bilstm_frozen,clean,template,13,test_codeswitch_3,bongo_1285,0,0.000243
bilstm_frozen,clean,template,13,test_codeswitch_3,bongo_1293,1,0.999727
bilstm_frozen,clean,template,13,test_codeswitch_3,bongo_1316,0,0.000311
bilstm_frozen,clean,template,13,test_codeswitch_3,bongo_1327,1,0.000850
bilstm_frozen,clean,template,13,test_codeswitch_3,bongo_1330,0,0.044616
bilstm_frozen,clean,template,13,test_codeswitch_3,bongo_1359,0,0.001240
bilstm_frozen,clean,template,13,test_codeswitch_3,bongo_1375,0,0.000302
bilstm_frozen,clean,template,13,test_codeswitch_all,bongo_0025,1,0.999251
bilstm_frozen,clean,template,13,test_codeswitch_all,bongo_0029,0,0.015926
bilstm_frozen,clean,template,13,test_codeswitch_all,bongo_0039,1,0.977588
bilstm_frozen,clean,template,13,test_codeswitch_all,bongo_0047,1,0.999599
bilstm_frozen,clean,template,13,test_codeswitch_all,bongo_0053,0,0.000213
bilstm_frozen,clean,template,13,test_codeswitch_all,bongo_0055,1,0.000854
bilstm_frozen,clean,template,13,test_codeswitch_all,bongo_0061,1,0.996565
bilstm_frozen,clean,template,13,test_codeswitch_all,bongo_0097,0,0.001308
bilstm_frozen,clean,template,13,test_codeswitch_all,bongo_0107,0,0.000084
bilstm_frozen,clean,template,13,test_codeswitch_all,bongo_0110,0,0.000055
bilstm_frozen,clean,template,13,test_codeswitch_all,bongo_0112,1,0.000843
bilstm_frozen,clean,template,13,test_codeswitch_all,bongo_0115,0,0.002955
bilstm_frozen,clean,template,13,test_codeswitch_all,bongo_0143,0,0.000372
bilstm_frozen,clean,template,13,test_codeswitch_all,bongo_0146,1,0.995065
bilstm_frozen,clean,template,13,test_codeswitch_all,bongo_0154,1,0.999483
bilstm_frozen,clean,template,13,test_codeswitch_all,bongo_0159,1,0.000866
bilstm_frozen,clean,template,13,test_codeswitch_all,bongo_0160,0,0.000164
bilstm_frozen,clean,template,13,test_codeswitch_all,bongo_0172,0,0.782687
bilstm_frozen,clean,template,13,test_codeswitch_all,bongo_0173,1,0.000751
bilstm_frozen,clean,template,13,test_codeswitch_all,bongo_0175,0,0.000740
bilstm_frozen,clean,template,13,test_codeswitch_all,bongo_0182,0,0.000291
bilstm_frozen,clean,template,13,test_codeswitch_all,bongo_0195,1,0.959600
bilstm_frozen,clean,template,13,test_codeswitch_all,bongo_0197,0,0.000188
bilstm_frozen,clean,template,13,test_codeswitch_all,bongo_0201,1,0.999667
bilstm_frozen,clean,template,13,test_codeswitch_all,bongo_0203,1,0.999540
bilstm_frozen,clean,template,13,test_codeswitch_all,bongo_0250,1,0.000866
bilstm_frozen,clean,template,13,test_codeswitch_all,bongo_0253,0,0.000316
bilstm_frozen,clean,template,13,test_codeswitch_all,bongo_0255,1,0.000869
bilstm_frozen,clean,template,13,test_codeswitch_all,bongo_0265,1,0.000763
bilstm_frozen,clean,template,13,test_codeswitch_all,bongo_0271,0,0.000251
bilstm_frozen,clean,template,13,test_codeswitch_all,bongo_0300,0,0.000185
bilstm_frozen,clean,template,13,test_codeswitch_all,bongo_0306,0,0.000268
bilstm_frozen,clean,template,13,test_codeswitch_all,bongo_0356,1,0.000833
bilstm_frozen,clean,template,13,test_codeswitch_all,bongo_0360,1,0.996818
bilstm_frozen,clean,template,13,test_codeswitch_all,bongo_0361,1,0.999539
bilstm_frozen,clean,template,13,test_codeswitch_all,bongo_0363,0,0.000221
bilstm_frozen,clean,template,13,test_codeswitch_all,bongo_0368,0,0.001293
bilstm_frozen,clean,template,13,test_codeswitch_all,bongo_0372,0,0.000265
bilstm_frozen,clean,template,13,test_codeswitch_all,bongo_0380,1,0.000845
bilstm_frozen,clean,template,13,test_codeswitch_all,bongo_0389,0,0.000257
bilstm_frozen,clean,template,13,test_codeswitch_all,bongo_0395,0,0.000543
bilstm_frozen,clean,template,13,test_codeswitch_all,bongo_0405,1,0.999370
bilstm_frozen,clean,template,13,test_codeswitch_all,bongo_0424,1,0.999661
bilstm_frozen,clean,template,13,test_codeswitch_all,bongo_0427,0,0.002924
bilstm_frozen,clean,template,13,test_codeswitch_all,bongo_0434,1,0.000854
bilstm_frozen,clean,template,13,test_codeswitch_all,bongo_0463,0,0.002949
bilstm_frozen,clean,template,13,test_codeswitch_all,bongo_0476,1,0.962976
bilstm_frozen,clean,template,13,test_codeswitch_all,bongo_0510,1,0.999719
bilstm_frozen,clean,template,13,test_codeswitch_all,bongo_0531,0,0.000346
bilstm_frozen,clean,template,13,test_codeswitch_all,bongo_0542,0,0.000385
bilstm_frozen,clean,template,13,test_codeswitch_all,bongo_0545,0,0.000391
bilstm_frozen,clean,template,13,test_codeswitch_all,bongo_0560,1,0.973515
bilstm_frozen,clean,template,13,test_codeswitch_all,bongo_0565,1,0.000608
bilstm_frozen,clean,template,13,test_codeswitch_all,bongo_0566,1,0.994835
bilstm_frozen,clean,template,13,test_codeswitch_all,bongo_0571,0,0.000196
bilstm_frozen,clean,template,13,test_codeswitch_all,bongo_0577,1,0.999295
bilstm_frozen,clean,template,13,test_codeswitch_all,bongo_0580,1,0.962381
bilstm_frozen,clean,template,13,test_codeswitch_all,bongo_0621,1,0.999019
bilstm_frozen,clean,template,13,test_codeswitch_all,bongo_0624,1,0.999259
bilstm_frozen,clean,template,13,test_codeswitch_all,bongo_0630,0,0.000365
bilstm_frozen,clean,template,13,test_codeswitch_all,bongo_0638,1,0.994878
bilstm_frozen,clean,template,13,test_codeswitch_all,bongo_0648,0,0.021890
bilstm_frozen,clean,template,13,test_codeswitch_all,bongo_0674,0,0.000081
bilstm_frozen,clean,template,13,test_codeswitch_all,bongo_0685,0,0.027571
bilstm_frozen,clean,template,13,test_codeswitch_all,bongo_0697,1,0.000608
bilstm_frozen,clean,template,13,test_codeswitch_all,bongo_0701,0,0.000252
bilstm_frozen,clean,template,13,test_codeswitch_all,bongo_0706,1,0.000832
bilstm_frozen,clean,template,13,test_codeswitch_all,bongo_0719,1,0.000855
bilstm_frozen,clean,template,13,test_codeswitch_all,bongo_0721,1,0.949129
bilstm_frozen,clean,template,13,test_codeswitch_all,bongo_0724,1,0.000625
bilstm_frozen,clean,template,13,test_codeswitch_all,bongo_0729,1,0.955281
bilstm_frozen,clean,template,13,test_codeswitch_all,bongo_0741,0,0.000234
bilstm_frozen,clean,template,13,test_codeswitch_all,bongo_0749,1,0.000837
bilstm_frozen,clean,template,13,test_codeswitch_all,bongo_0769,1,0.993024
bilstm_frozen,clean,template,13,test_codeswitch_all,bongo_0770,1,0.000854
bilstm_frozen,clean,template,13,test_codeswitch_all,bongo_0778,1,0.000825
bilstm_frozen,clean,template,13,test_codeswitch_all,bongo_0787,1,0.996816
bilstm_frozen,clean,template,13,test_codeswitch_all,bongo_0795,0,0.000643
bilstm_frozen,clean,template,13,test_codeswitch_all,bongo_0806,1,0.000625
bilstm_frozen,clean,template,13,test_codeswitch_all,bongo_0807,1,0.999694
bilstm_frozen,clean,template,13,test_codeswitch_all,bongo_0818,0,0.007304
bilstm_frozen,clean,template,13,test_codeswitch_all,bongo_0819,0,0.000527
bilstm_frozen,clean,template,13,test_codeswitch_all,bongo_0835,0,0.000150
bilstm_frozen,clean,template,13,test_codeswitch_all,bongo_0840,1,0.996821
bilstm_frozen,clean,template,13,test_codeswitch_all,bongo_0855,1,0.000615
bilstm_frozen,clean,template,13,test_codeswitch_all,bongo_0856,0,0.000250
bilstm_frozen,clean,template,13,test_codeswitch_all,bongo_0864,1,0.977716
bilstm_frozen,clean,template,13,test_codeswitch_all,bongo_0871,1,0.999274
bilstm_frozen,clean,template,13,test_codeswitch_all,bongo_0872,0,0.001244
bilstm_frozen,clean,template,13,test_codeswitch_all,bongo_0904,0,0.001511
bilstm_frozen,clean,template,13,test_codeswitch_all,bongo_0905,1,0.978027
bilstm_frozen,clean,template,13,test_codeswitch_all,bongo_0909,1,0.999320
bilstm_frozen,clean,template,13,test_codeswitch_all,bongo_0917,1,0.000880
bilstm_frozen,clean,template,13,test_codeswitch_all,bongo_0918,1,0.999353
bilstm_frozen,clean,template,13,test_codeswitch_all,bongo_0950,0,0.000178
bilstm_frozen,clean,template,13,test_codeswitch_all,bongo_0955,1,0.999618
bilstm_frozen,clean,template,13,test_codeswitch_all,bongo_0956,0,0.000249
bilstm_frozen,clean,template,13,test_codeswitch_all,bongo_0971,0,0.000220
bilstm_frozen,clean,template,13,test_codeswitch_all,bongo_0983,0,0.000463
bilstm_frozen,clean,template,13,test_codeswitch_all,bongo_0989,1,0.999277
bilstm_frozen,clean,template,13,test_codeswitch_all,bongo_0994,0,0.002226
bilstm_frozen,clean,template,13,test_codeswitch_all,bongo_1003,1,0.973505
bilstm_frozen,clean,template,13,test_codeswitch_all,bongo_1006,0,0.000340
bilstm_frozen,clean,template,13,test_codeswitch_all,bongo_1012,1,0.000827
bilstm_frozen,clean,template,13,test_codeswitch_all,bongo_1015,0,0.000557
bilstm_frozen,clean,template,13,test_codeswitch_all,bongo_1022,1,0.000844
bilstm_frozen,clean,template,13,test_codeswitch_all,bongo_1037,0,0.000614
bilstm_frozen,clean,template,13,test_codeswitch_all,bongo_1040,0,0.000300
bilstm_frozen,clean,template,13,test_codeswitch_all,bongo_1042,1,0.993639
bilstm_frozen,clean,template,13,test_codeswitch_all,bongo_1047,1,0.977770
bilstm_frozen,clean,template,13,test_codeswitch_all,bongo_1050,0,0.000802
bilstm_frozen,clean,template,13,test_codeswitch_all,bongo_1052,1,0.992428
bilstm_frozen,clean,template,13,test_codeswitch_all,bongo_1059,0,0.000744
bilstm_frozen,clean,template,13,test_codeswitch_all,bongo_1071,0,0.000295
bilstm_frozen,clean,template,13,test_codeswitch_all,bongo_1090,0,0.000170
bilstm_frozen,clean,template,13,test_codeswitch_all,bongo_1104,1,0.999605
bilstm_frozen,clean,template,13,test_codeswitch_all,bongo_1115,0,0.000232
bilstm_frozen,clean,template,13,test_codeswitch_all,bongo_1123,0,0.000238
bilstm_frozen,clean,template,13,test_codeswitch_all,bongo_1125,0,0.012666
bilstm_frozen,clean,template,13,test_codeswitch_all,bongo_1127,1,0.000741
bilstm_frozen,clean,template,13,test_codeswitch_all,bongo_1131,1,0.993640
bilstm_frozen,clean,template,13,test_codeswitch_all,bongo_1134,1,0.000857
bilstm_frozen,clean,template,13,test_codeswitch_all,bongo_1135,0,0.001657
bilstm_frozen,clean,template,13,test_codeswitch_all,bongo_1136,1,0.999407
bilstm_frozen,clean,template,13,test_codeswitch_all,bongo_1138,1,0.977428
bilstm_frozen,clean,template,13,test_codeswitch_all,bongo_1140,1,0.999320
bilstm_frozen,clean,template,13,test_codeswitch_all,bongo_1154,1,0.997176
bilstm_frozen,clean,template,13,test_codeswitch_all,bongo_1155,0,0.000215
bilstm_frozen,clean,template,13,test_codeswitch_all,bongo_1171,1,0.999605
bilstm_frozen,clean,template,13,test_codeswitch_all,bongo_1181,1,0.963587
bilstm_frozen,clean,template,13,test_codeswitch_all,bongo_1185,1,0.000840
bilstm_frozen,clean,template,13,test_codeswitch_all,bongo_1194,0,0.000869
bilstm_frozen,clean,template,13,test_codeswitch_all,bongo_1195,1,0.000607
bilstm_frozen,clean,template,13,test_codeswitch_all,bongo_1198,0,0.000356
bilstm_frozen,clean,template,13,test_codeswitch_all,bongo_1204,1,0.000856
bilstm_frozen,clean,template,13,test_codeswitch_all,bongo_1220,1,0.980993
bilstm_frozen,clean,template,13,test_codeswitch_all,bongo_1233,1,0.995325
bilstm_frozen,clean,template,13,test_codeswitch_all,bongo_1236,0,0.000282
bilstm_frozen,clean,template,13,test_codeswitch_all,bongo_1240,1,0.000869
bilstm_frozen,clean,template,13,test_codeswitch_all,bongo_1244,0,0.000697
bilstm_frozen,clean,template,13,test_codeswitch_all,bongo_1249,0,0.000533
bilstm_frozen,clean,template,13,test_codeswitch_all,bongo_1253,0,0.910899
bilstm_frozen,clean,template,13,test_codeswitch_all,bongo_1260,0,0.000234
bilstm_frozen,clean,template,13,test_codeswitch_all,bongo_1262,0,0.765511
bilstm_frozen,clean,template,13,test_codeswitch_all,bongo_1278,1,0.000850
bilstm_frozen,clean,template,13,test_codeswitch_all,bongo_1285,0,0.000243
bilstm_frozen,clean,template,13,test_codeswitch_all,bongo_1293,1,0.997328
bilstm_frozen,clean,template,13,test_codeswitch_all,bongo_1316,0,0.000311
bilstm_frozen,clean,template,13,test_codeswitch_all,bongo_1327,1,0.000850
bilstm_frozen,clean,template,13,test_codeswitch_all,bongo_1330,0,0.044616
bilstm_frozen,clean,template,13,test_codeswitch_all,bongo_1359,0,0.001240
bilstm_frozen,clean,template,13,test_codeswitch_all,bongo_1375,0,0.000302
bilstm_frozen,clean,template,13,chichewa,chi_0000,1,0.996760
bilstm_frozen,clean,template,13,chichewa,chi_0001,1,0.999425
bilstm_frozen,clean,template,13,chichewa,chi_0002,0,0.950260
bilstm_frozen,clean,template,13,chichewa,chi_0003,0,0.990634
bilstm_frozen,clean,template,13,chichewa,chi_0004,1,0.996323
bilstm_frozen,clean,template,13,chichewa,chi_0005,1,0.998685
bilstm_frozen,clean,template,13,chichewa,chi_0006,0,0.967208
bilstm_frozen,clean,template,13,chichewa,chi_0007,0,0.136122
bilstm_frozen,clean,template,13,chichewa,chi_0008,1,0.995869
bilstm_frozen,clean,template,13,chichewa,chi_0009,1,0.997798
bilstm_frozen,clean,template,13,chichewa,chi_0010,0,0.005367
bilstm_frozen,clean,template,13,chichewa,chi_0011,0,0.001124
bilstm_frozen,clean,template,13,chichewa,chi_0012,0,0.962691
bilstm_frozen,clean,template,13,chichewa,chi_0013,1,0.994703
bilstm_frozen,clean,template,13,chichewa,chi_0014,1,0.998924
bilstm_frozen,clean,template,13,chichewa,chi_0015,0,0.997741
bilstm_frozen,clean,template,13,chichewa,chi_0016,0,0.997786
bilstm_frozen,clean,template,13,chichewa,chi_0017,0,0.030348
bilstm_frozen,clean,template,13,chichewa,chi_0018,1,0.999390
bilstm_frozen,clean,template,13,chichewa,chi_0019,1,0.998373
bilstm_frozen,clean,template,13,chichewa,chi_0020,0,0.997704
bilstm_frozen,clean,template,13,chichewa,chi_0021,1,0.997792
bilstm_frozen,clean,template,13,chichewa,chi_0022,0,0.000903
bilstm_frozen,clean,template,13,chichewa,chi_0023,1,0.998740
bilstm_frozen,clean,template,13,chichewa,chi_0024,1,0.993053
bilstm_frozen,clean,template,13,chichewa,chi_0025,0,0.992272
bilstm_frozen,clean,template,13,chichewa,chi_0026,0,0.989293
bilstm_frozen,clean,template,13,chichewa,chi_0027,1,0.978039
bilstm_frozen,clean,template,13,chichewa,chi_0028,1,0.999262
bilstm_frozen,clean,template,13,chichewa,chi_0029,0,0.951606
bilstm_frozen,clean,template,13,chichewa,chi_0030,0,0.000599
bilstm_frozen,clean,template,13,chichewa,chi_0031,1,0.991593
bilstm_frozen,clean,template,13,chichewa,chi_0032,1,0.992498
bilstm_frozen,clean,template,13,chichewa,chi_0033,1,0.986553
bilstm_frozen,clean,template,13,chichewa,chi_0034,1,0.994202
bilstm_frozen,clean,template,13,chichewa,chi_0035,0,0.010098
bilstm_frozen,clean,template,13,chichewa,chi_0036,0,0.308393
bilstm_frozen,clean,template,13,chichewa,chi_0037,0,0.971357
bilstm_frozen,clean,template,13,chichewa,chi_0038,0,0.995797
bilstm_frozen,clean,template,13,chichewa,chi_0039,0,0.015443
bilstm_frozen,clean,template,13,chichewa,chi_0040,1,0.993916
bilstm_frozen,clean,template,13,chichewa,chi_0041,1,0.998982
bilstm_frozen,clean,template,13,chichewa,chi_0042,0,0.160440
bilstm_frozen,clean,template,13,chichewa,chi_0043,0,0.040601
bilstm_frozen,clean,template,13,chichewa,chi_0044,0,0.001218
bilstm_frozen,clean,template,13,chichewa,chi_0045,1,0.994728
bilstm_frozen,clean,template,13,chichewa,chi_0046,1,0.993927
bilstm_frozen,clean,template,13,chichewa,chi_0047,1,0.989448
bilstm_frozen,clean,template,13,chichewa,chi_0048,0,0.957881
bilstm_frozen,clean,template,13,chichewa,chi_0049,0,0.995101
bilstm_frozen,clean,template,13,chichewa,chi_0050,0,0.977714
bilstm_frozen,clean,template,13,chichewa,chi_0051,1,0.948728
bilstm_frozen,clean,template,13,chichewa,chi_0052,0,0.020687
bilstm_frozen,clean,template,13,chichewa,chi_0053,0,0.054980
bilstm_frozen,clean,template,13,chichewa,chi_0054,1,0.993304
bilstm_frozen,clean,template,13,chichewa,chi_0055,1,0.998157
bilstm_frozen,clean,template,13,chichewa,chi_0056,0,0.000875
bilstm_frozen,clean,template,13,chichewa,chi_0057,1,0.968961
bilstm_frozen,clean,template,13,chichewa,chi_0058,1,0.985955
bilstm_frozen,clean,template,13,chichewa,chi_0059,0,0.992717
bilstm_frozen,clean,template,13,chichewa,chi_0060,0,0.122216
bilstm_frozen,clean,template,13,chichewa,chi_0061,1,0.979584
bilstm_frozen,clean,template,13,chichewa,chi_0062,0,0.023407
bilstm_frozen,clean,template,13,chichewa,chi_0063,1,0.997347
bilstm_frozen,clean,template,13,chichewa,chi_0064,1,0.992303
bilstm_frozen,clean,template,13,chichewa,chi_0065,1,0.989729
bilstm_frozen,clean,template,13,chichewa,chi_0066,0,0.144589
bilstm_frozen,clean,template,13,chichewa,chi_0067,0,0.017731
bilstm_frozen,clean,template,13,chichewa,chi_0068,0,0.005311
bilstm_frozen,clean,template,13,chichewa,chi_0069,1,0.994242
bilstm_frozen,clean,template,13,chichewa,chi_0070,1,0.996877
bilstm_frozen,clean,template,13,chichewa,chi_0071,0,0.028645
bilstm_frozen,clean,template,13,chichewa,chi_0072,0,0.079330
bilstm_frozen,clean,template,13,chichewa,chi_0073,1,0.966317
bilstm_frozen,clean,template,13,chichewa,chi_0074,1,0.992768
bilstm_frozen,clean,template,13,chichewa,chi_0075,0,0.998510
bilstm_frozen,clean,template,13,chichewa,chi_0076,0,0.996899
bilstm_frozen,clean,template,13,chichewa,chi_0077,0,0.997812
bilstm_frozen,clean,template,13,chichewa,chi_0078,1,0.996573
bilstm_frozen,clean,template,13,chichewa,chi_0079,1,0.996758
bilstm_frozen,clean,template,13,chichewa,chi_0080,1,0.996939
bilstm_frozen,clean,template,13,chichewa,chi_0081,1,0.991087
bilstm_frozen,clean,template,13,chichewa,chi_0082,0,0.104716
bilstm_frozen,clean,template,13,chichewa,chi_0083,0,0.293180
bilstm_frozen,clean,template,13,chichewa,chi_0084,0,0.997845
bilstm_frozen,clean,template,13,chichewa,chi_0085,1,0.992786
bilstm_frozen,clean,template,13,chichewa,chi_0086,1,0.996606
bilstm_frozen,clean,template,13,chichewa,chi_0087,0,0.984485
bilstm_frozen,clean,template,13,chichewa,chi_0088,0,0.999540
bilstm_frozen,clean,template,13,chichewa,chi_0089,0,0.999519
bilstm_frozen,clean,template,13,chichewa,chi_0090,1,0.969662
bilstm_frozen,clean,template,13,chichewa,chi_0091,0,0.873166
bilstm_frozen,clean,template,13,chichewa,chi_0092,0,0.999484
bilstm_frozen,clean,template,13,chichewa,chi_0093,0,0.999514
bilstm_frozen,clean,template,13,chichewa,chi_0094,1,0.998670
bilstm_frozen,clean,template,13,chichewa,chi_0095,1,0.967006
bilstm_frozen,clean,template,13,chichewa,chi_0096,0,0.020612
bilstm_frozen,clean,template,13,chichewa,chi_0097,0,0.948874
bilstm_frozen,clean,template,13,chichewa,chi_0098,1,0.966537
bilstm_frozen,clean,template,13,chichewa,chi_0099,1,0.999500
bilstm_frozen,clean,template,13,chichewa,chi_0100,0,0.030936
bilstm_frozen,clean,template,13,chichewa,chi_0101,1,0.999293
bilstm_frozen,clean,template,13,chichewa,chi_0102,0,0.999628
bilstm_frozen,clean,template,13,chichewa,chi_0103,0,0.999509
bilstm_frozen,clean,template,13,chichewa,chi_0104,0,0.966712
bilstm_frozen,clean,template,13,chichewa,chi_0105,1,0.943151
bilstm_frozen,clean,template,13,chichewa,chi_0106,1,0.961875
bilstm_frozen,clean,template,13,chichewa,chi_0107,1,0.995945
bilstm_frozen,clean,template,13,chichewa,chi_0108,0,0.965719
bilstm_frozen,clean,template,13,chichewa,chi_0109,0,0.992729
bilstm_frozen,clean,template,13,chichewa,chi_0110,0,0.995765
bilstm_frozen,clean,template,13,chichewa,chi_0111,1,0.998594
bilstm_frozen,clean,template,13,chichewa,chi_0112,1,0.994006
bilstm_frozen,clean,template,13,chichewa,chi_0113,1,0.998510
bilstm_frozen,clean,template,13,chichewa,chi_0114,0,0.046556
bilstm_frozen,clean,template,13,chichewa,chi_0115,0,0.110606
bilstm_frozen,clean,template,13,chichewa,chi_0116,0,0.280964
bilstm_frozen,clean,template,13,chichewa,chi_0117,1,0.997663
bilstm_frozen,clean,template,13,chichewa,chi_0118,1,0.998803
bilstm_frozen,clean,template,13,chichewa,chi_0119,1,0.998390
bilstm_frozen,clean,template,13,chichewa,chi_0120,0,0.004849
bilstm_frozen,clean,template,13,chichewa,chi_0121,0,0.118620
bilstm_frozen,clean,template,13,chichewa,chi_0122,0,0.276308
bilstm_frozen,clean,template,13,chichewa,chi_0123,1,0.998476
bilstm_frozen,clean,template,13,chichewa,chi_0124,1,0.997141
bilstm_frozen,clean,template,13,chichewa,chi_0125,1,0.962247
bilstm_frozen,clean,template,13,chichewa,chi_0126,0,0.300773
bilstm_frozen,clean,template,13,chichewa,chi_0127,0,0.021794
bilstm_frozen,clean,template,13,chichewa,chi_0128,0,0.117346
bilstm_frozen,clean,template,13,chichewa,chi_0129,1,0.998077
bilstm_frozen,clean,template,13,chichewa,chi_0130,1,0.997770
bilstm_frozen,clean,template,13,chichewa,chi_0131,0,0.999242
bilstm_frozen,clean,template,13,chichewa,chi_0132,0,0.934517
bilstm_frozen,clean,template,13,chichewa,chi_0133,0,0.964210
bilstm_frozen,clean,template,13,chichewa,chi_0134,1,0.998061
bilstm_frozen,clean,template,13,chichewa,chi_0135,0,0.993859
bilstm_frozen,clean,template,13,chichewa,chi_0136,1,0.998514
bilstm_frozen,clean,template,13,chichewa,chi_0137,0,0.960960
bilstm_frozen,clean,template,13,chichewa,chi_0138,0,0.002254
bilstm_frozen,clean,template,13,chichewa,chi_0139,0,0.998265
bilstm_frozen,clean,template,13,chichewa,chi_0140,1,0.998044
bilstm_frozen,clean,template,13,chichewa,chi_0141,0,0.000582
bilstm_frozen,clean,template,13,chichewa,chi_0142,0,0.907392
bilstm_frozen,clean,template,13,chichewa,chi_0143,0,0.996369
bilstm_frozen,clean,template,13,chichewa,chi_0144,1,0.997609
bilstm_frozen,clean,template,13,chichewa,chi_0145,0,0.998321
bilstm_frozen,clean,template,13,chichewa,chi_0146,0,0.157281
bilstm_frozen,clean,template,13,chichewa,chi_0147,1,0.998553
bilstm_frozen,clean,template,13,chichewa,chi_0148,1,0.976595
bilstm_frozen,clean,template,13,chichewa,chi_0149,0,0.005205
bilstm_frozen,clean,template,13,chichewa,chi_0150,0,0.000980
bilstm_frozen,clean,template,13,chichewa,chi_0151,1,0.976157
bilstm_frozen,clean,template,13,chichewa,chi_0152,0,0.074464
bilstm_frozen,clean,template,13,chichewa,chi_0153,0,0.124887
bilstm_frozen,clean,template,13,chichewa,chi_0154,0,0.010617
bilstm_frozen,clean,template,13,chichewa,chi_0155,1,0.987154
bilstm_frozen,clean,template,13,chichewa,chi_0156,1,0.989183
bilstm_frozen,clean,template,13,chichewa,chi_0157,1,0.996125
bilstm_frozen,clean,template,13,chichewa,chi_0158,0,0.990630
bilstm_frozen,clean,template,13,chichewa,chi_0159,0,0.067107
bilstm_frozen,clean,template,13,chichewa,chi_0160,0,0.001342
bilstm_frozen,clean,template,13,chichewa,chi_0161,1,0.988990
bilstm_frozen,clean,template,13,chichewa,chi_0162,1,0.992083
bilstm_frozen,clean,template,13,chichewa,chi_0163,1,0.991338
bilstm_frozen,clean,template,13,chichewa,chi_0164,1,0.988796
bilstm_frozen,clean,template,13,chichewa,chi_0165,0,0.068888
bilstm_frozen,clean,template,13,chichewa,chi_0166,0,0.137623
bilstm_frozen,clean,template,13,chichewa,chi_0167,1,0.984528
bilstm_frozen,clean,template,13,chichewa,chi_0168,1,0.993052
bilstm_frozen,clean,template,13,chichewa,chi_0169,0,0.004877
bilstm_frozen,clean,template,13,chichewa,chi_0170,0,0.279064
bilstm_frozen,clean,template,13,chichewa,chi_0171,1,0.998046
bilstm_frozen,clean,template,13,chichewa,chi_0172,1,0.997329
bilstm_frozen,clean,template,13,chichewa,chi_0173,0,0.058035
bilstm_frozen,clean,template,13,chichewa,chi_0174,0,0.141206
bilstm_frozen,clean,template,13,chichewa,chi_0175,0,0.040660
bilstm_frozen,clean,template,13,chichewa,chi_0176,1,0.998613
bilstm_frozen,clean,template,13,chichewa,chi_0177,1,0.997887
bilstm_frozen,clean,template,13,chichewa,chi_0178,0,0.019958
bilstm_frozen,clean,template,13,chichewa,chi_0179,1,0.995112
bilstm_frozen,clean,template,13,chichewa,chi_0180,1,0.995532
bilstm_frozen,clean,template,13,chichewa,chi_0181,1,0.972952
bilstm_frozen,clean,template,13,chichewa,chi_0182,0,0.005047
bilstm_frozen,clean,template,13,chichewa,chi_0183,0,0.024792
bilstm_frozen,clean,template,13,chichewa,chi_0184,0,0.000207
bilstm_frozen,clean,template,13,chichewa,chi_0185,1,0.972708
bilstm_frozen,clean,template,13,chichewa,chi_0186,1,0.996611
bilstm_frozen,clean,template,13,chichewa,chi_0187,1,0.958970
bilstm_frozen,clean,template,13,chichewa,chi_0188,0,0.001884
bilstm_frozen,clean,template,13,chichewa,chi_0189,0,0.054025
bilstm_frozen,clean,template,13,chichewa,chi_0190,1,0.965107
bilstm_frozen,clean,template,13,chichewa,chi_0191,1,0.996455
bilstm_frozen,clean,template,13,chichewa,chi_0192,0,0.007817
bilstm_frozen,clean,template,13,chichewa,chi_0193,0,0.086029
bilstm_frozen,clean,template,13,chichewa,chi_0194,0,0.001231
bilstm_frozen,clean,template,13,chichewa,chi_0195,0,0.000231
bilstm_frozen,clean,template,13,chichewa,chi_0196,1,0.999984
bilstm_frozen,clean,template,13,chichewa,chi_0197,1,0.997882
bilstm_frozen,clean,template,13,chichewa,chi_0198,1,0.991148
bilstm_frozen,clean,template,13,chichewa,chi_0199,1,0.956030
bilstm_frozen,clean,template,13,chichewa,chi_0200,1,0.995981
bilstm_frozen,clean,template,13,chichewa,chi_0201,0,0.017804
bilstm_frozen,clean,template,13,chichewa,chi_0202,1,0.998029
bilstm_frozen,clean,template,13,chichewa,chi_0203,1,0.996868
bilstm_frozen,clean,template,13,chichewa,chi_0204,1,0.999023
bilstm_frozen,clean,template,13,chichewa,chi_0205,0,0.998025
bilstm_frozen,clean,template,13,chichewa,chi_0206,0,0.148858
bilstm_frozen,clean,template,13,chichewa,chi_0207,1,0.998539
bilstm_frozen,clean,template,13,chichewa,chi_0208,1,0.010512
bilstm_frozen,clean,template,13,chichewa,chi_0209,1,0.984649
bilstm_frozen,clean,template,13,chichewa,chi_0210,0,0.000257
bilstm_frozen,clean,template,13,chichewa,chi_0211,0,0.006131
bilstm_frozen,clean,template,13,chichewa,chi_0212,1,0.999476
bilstm_frozen,clean,template,13,chichewa,chi_0213,1,0.994773
bilstm_frozen,clean,template,13,chichewa,chi_0214,1,0.999497
bilstm_frozen,clean,template,13,chichewa,chi_0215,0,0.969129
bilstm_frozen,clean,template,13,chichewa,chi_0216,0,0.000574
bilstm_frozen,clean,template,13,chichewa,chi_0217,1,0.999447
bilstm_frozen,clean,template,13,chichewa,chi_0218,1,0.997676
bilstm_frozen,clean,template,13,chichewa,chi_0219,1,0.970120
bilstm_frozen,clean,template,13,chichewa,chi_0220,0,0.978404
bilstm_frozen,clean,template,13,chichewa,chi_0221,0,0.044949
bilstm_frozen,clean,template,13,chichewa,chi_0222,0,0.056401
bilstm_frozen,clean,template,13,chichewa,chi_0223,1,0.999534
bilstm_frozen,clean,template,13,chichewa,chi_0224,1,0.996404
bilstm_frozen,clean,template,13,chichewa,chi_0225,0,0.965721
bilstm_frozen,clean,template,13,chichewa,chi_0226,0,0.000444
bilstm_frozen,clean,template,13,chichewa,chi_0227,0,0.000183
bilstm_frozen,clean,template,13,chichewa,chi_0228,0,0.034105
bilstm_frozen,clean,template,13,chichewa,chi_0229,1,0.999476
bilstm_frozen,clean,template,13,chichewa,chi_0230,1,0.999481
bilstm_frozen,clean,template,13,chichewa,chi_0231,1,0.998640
bilstm_frozen,clean,template,13,chichewa,chi_0232,0,0.997235
bilstm_frozen,clean,template,13,chichewa,chi_0233,1,0.990463
bilstm_frozen,clean,template,13,chichewa,chi_0234,0,0.999331
bilstm_frozen,clean,template,13,chichewa,chi_0235,0,0.005069
bilstm_frozen,clean,template,13,chichewa,chi_0236,1,0.995416
bilstm_frozen,clean,template,13,chichewa,chi_0237,1,0.993592
bilstm_frozen,clean,template,13,chichewa,chi_0238,0,0.013035
bilstm_frozen,clean,template,13,chichewa,chi_0239,0,0.007162
bilstm_frozen,clean,template,13,chichewa,chi_0240,0,0.001579
bilstm_frozen,clean,template,13,chichewa,chi_0241,0,0.001834
bilstm_frozen,clean,template,13,chichewa,chi_0242,1,0.998293
bilstm_frozen,clean,template,13,chichewa,chi_0243,1,0.997787
bilstm_frozen,clean,template,13,chichewa,chi_0244,0,0.043819
bilstm_frozen,clean,template,13,chichewa,chi_0245,1,0.998885
bilstm_frozen,clean,template,13,chichewa,chi_0246,1,0.970296
bilstm_frozen,clean,template,13,chichewa,chi_0247,1,0.999341
bilstm_frozen,clean,template,13,chichewa,chi_0248,0,0.001014
bilstm_frozen,clean,template,13,chichewa,chi_0249,0,0.001061
bilstm_frozen,clean,template,13,chichewa,chi_0250,0,0.766375
bilstm_frozen,clean,template,13,chichewa,chi_0251,0,0.995755
bilstm_frozen,clean,template,13,chichewa,chi_0252,0,0.005078
bilstm_frozen,clean,template,13,chichewa,chi_0253,0,0.001681
bilstm_frozen,clean,template,13,chichewa,chi_0254,1,0.997885
bilstm_frozen,clean,template,13,chichewa,chi_0255,1,0.997802
bilstm_frozen,clean,template,13,chichewa,chi_0256,0,0.006229
bilstm_frozen,clean,template,13,chichewa,chi_0257,0,0.001394
bilstm_frozen,clean,template,13,chichewa,chi_0258,1,0.978364
bilstm_frozen,clean,template,13,chichewa,chi_0259,0,0.824347
bilstm_frozen,clean,template,13,chichewa,chi_0260,1,0.996436
bilstm_frozen,clean,template,13,chichewa,chi_0261,1,0.997866
bilstm_frozen,clean,template,13,chichewa,chi_0262,1,0.998097
bilstm_frozen,clean,template,13,chichewa,chi_0263,0,0.997488
bilstm_frozen,clean,template,13,chichewa,chi_0264,0,0.942800
bilstm_frozen,clean,template,13,chichewa,chi_0265,0,0.998153
bilstm_frozen,clean,template,13,chichewa,chi_0266,1,0.998131
bilstm_frozen,clean,template,13,chichewa,chi_0267,1,0.997764
bilstm_frozen,clean,template,13,chichewa,chi_0268,1,0.998448
bilstm_frozen,clean,template,13,chichewa,chi_0269,0,0.000363
bilstm_frozen,clean,template,13,chichewa,chi_0270,0,0.088063
bilstm_frozen,clean,template,13,chichewa,chi_0271,0,0.994566
bilstm_frozen,clean,template,13,chichewa,chi_0272,1,0.995858
bilstm_frozen,clean,template,13,chichewa,chi_0273,1,0.997817
bilstm_frozen,clean,template,13,chichewa,chi_0274,1,0.976623
bilstm_frozen,clean,template,13,chichewa,chi_0275,1,0.999357
bilstm_frozen,clean,template,13,chichewa,chi_0276,0,0.003174
bilstm_frozen,clean,template,13,chichewa,chi_0277,1,0.997815
bilstm_frozen,clean,template,13,chichewa,chi_0278,1,0.994591
bilstm_frozen,clean,template,13,chichewa,chi_0279,0,0.000658
bilstm_frozen,clean,template,13,chichewa,chi_0280,0,0.023905
bilstm_frozen,clean,template,13,chichewa,chi_0281,1,0.999471
bilstm_frozen,clean,template,13,chichewa,chi_0282,0,0.998559
bilstm_frozen,clean,template,13,chichewa,chi_0283,0,0.029793
bilstm_frozen,clean,template,13,chichewa,chi_0284,1,0.996243
bilstm_frozen,clean,template,13,chichewa,chi_0285,1,0.996150
bilstm_frozen,clean,template,13,chichewa,chi_0286,1,0.967769
bilstm_frozen,clean,template,13,chichewa,chi_0287,0,0.987954
bilstm_frozen,clean,template,13,chichewa,chi_0288,0,0.005828
bilstm_frozen,clean,template,13,chichewa,chi_0289,0,0.989142
bilstm_frozen,clean,template,13,chichewa,chi_0290,1,0.994282
bilstm_frozen,clean,template,13,chichewa,chi_0291,1,0.998856
bilstm_frozen,clean,template,13,chichewa,chi_0292,0,0.996305
bilstm_frozen,clean,template,13,chichewa,chi_0293,0,0.964021
bilstm_frozen,clean,template,13,chichewa,chi_0294,0,0.999186
bilstm_frozen,clean,template,13,chichewa,chi_0295,1,0.982809
bilstm_frozen,clean,template,13,chichewa,chi_0296,1,0.987751
bilstm_frozen,clean,template,13,chichewa,chi_0297,0,0.991016
bilstm_frozen,clean,template,13,chichewa,chi_0298,0,0.972730
bilstm_frozen,clean,template,13,chichewa,chi_0299,0,0.992098
bilstm_frozen,clean,template,13,chichewa,chi_0300,1,0.995758
bilstm_frozen,clean,template,13,chichewa,chi_0301,1,0.979151
bilstm_frozen,clean,template,13,chichewa,chi_0302,1,0.995883
bilstm_frozen,clean,template,13,chichewa,chi_0303,0,0.990481
bilstm_frozen,clean,template,13,chichewa,chi_0304,0,0.991988
bilstm_frozen,clean,template,13,chichewa,chi_0305,0,0.992058
bilstm_frozen,clean,template,13,chichewa,chi_0306,0,0.992204
bilstm_frozen,clean,template,13,chichewa,chi_0307,1,0.996393
bilstm_frozen,clean,template,13,chichewa,chi_0308,1,0.998545
bilstm_frozen,clean,template,13,chichewa,chi_0309,1,0.998501
bilstm_frozen,clean,template,13,chichewa,chi_0310,1,0.991818
bilstm_frozen,clean,template,13,chichewa,chi_0311,0,0.987016
bilstm_frozen,clean,template,13,chichewa,chi_0312,0,0.985001
bilstm_frozen,clean,template,13,chichewa,chi_0313,0,0.990764
bilstm_frozen,clean,template,13,chichewa,chi_0314,1,0.992807
bilstm_frozen,clean,template,13,chichewa,chi_0315,1,0.991088
bilstm_frozen,clean,template,13,chichewa,chi_0316,0,0.990962
bilstm_frozen,clean,template,13,chichewa,chi_0317,0,0.986924
bilstm_frozen,clean,template,13,chichewa,chi_0318,1,0.996661
bilstm_frozen,clean,template,13,chichewa,chi_0319,1,0.997951
bilstm_frozen,clean,template,13,chichewa,chi_0320,0,0.001189
bilstm_frozen,clean,template,13,chichewa,chi_0321,1,0.973625
bilstm_frozen,clean,template,13,chichewa,chi_0322,0,0.967260
bilstm_frozen,clean,template,13,chichewa,chi_0323,0,0.001758
bilstm_frozen,clean,template,13,chichewa,chi_0324,0,0.001782
bilstm_frozen,clean,template,13,chichewa,chi_0325,0,0.999001
bilstm_frozen,clean,template,13,chichewa,chi_0326,1,0.997307
bilstm_frozen,clean,template,13,chichewa,chi_0327,1,0.990289
bilstm_frozen,clean,template,13,chichewa,chi_0328,0,0.976783
bilstm_frozen,clean,template,13,chichewa,chi_0329,0,0.995237
bilstm_frozen,clean,template,13,chichewa,chi_0330,0,0.992705
bilstm_frozen,clean,template,13,chichewa,chi_0331,1,0.996789
bilstm_frozen,clean,template,13,chichewa,chi_0332,0,0.047485
bilstm_frozen,clean,template,13,chichewa,chi_0333,0,0.240685
bilstm_frozen,clean,template,13,chichewa,chi_0334,0,0.238251
bilstm_frozen,clean,template,13,chichewa,chi_0335,0,0.001093
bilstm_frozen,clean,template,13,chichewa,chi_0336,1,0.998299
bilstm_frozen,clean,template,13,chichewa,chi_0337,1,0.958722
bilstm_frozen,clean,template,13,chichewa,chi_0338,1,0.998260
bilstm_frozen,clean,template,13,chichewa,chi_0339,0,0.094875
bilstm_frozen,clean,template,13,chichewa,chi_0340,0,0.010859
bilstm_frozen,clean,template,13,chichewa,chi_0341,0,0.008298
bilstm_frozen,clean,template,13,chichewa,chi_0342,1,0.998211
bilstm_frozen,clean,template,13,chichewa,chi_0343,1,0.998596
bilstm_frozen,clean,template,13,chichewa,chi_0344,1,0.997651
bilstm_frozen,clean,template,13,chichewa,chi_0345,0,0.008106
bilstm_frozen,clean,template,13,chichewa,chi_0346,0,0.000427
bilstm_frozen,clean,template,13,chichewa,chi_0347,1,0.998693
bilstm_frozen,clean,template,13,chichewa,chi_0348,0,0.000349
bilstm_frozen,clean,template,13,chichewa,chi_0349,0,0.953108
bilstm_frozen,clean,template,13,chichewa,chi_0350,1,0.998726
bilstm_frozen,clean,template,13,chichewa,chi_0351,1,0.016209
bilstm_frozen,clean,template,13,chichewa,chi_0352,1,0.994783
bilstm_frozen,clean,template,13,chichewa,chi_0353,1,0.972433
bilstm_frozen,clean,template,13,chichewa,chi_0354,1,0.994734
bilstm_frozen,clean,template,13,chichewa,chi_0355,0,0.572194
bilstm_frozen,clean,template,13,chichewa,chi_0356,0,0.009173
bilstm_frozen,clean,template,13,chichewa,chi_0357,0,0.012092
bilstm_frozen,clean,template,13,chichewa,chi_0358,0,0.001831
bilstm_frozen,clean,template,13,chichewa,chi_0359,1,0.967999
bilstm_frozen,clean,template,13,chichewa,chi_0360,0,0.970028
bilstm_frozen,clean,template,13,chichewa,chi_0361,1,0.993633
bilstm_frozen,clean,template,13,chichewa,chi_0362,1,0.999241
bilstm_frozen,clean,template,13,chichewa,chi_0363,1,0.986937
bilstm_frozen,clean,template,13,chichewa,chi_0364,0,0.909579
bilstm_frozen,clean,template,13,chichewa,chi_0365,0,0.001555
bilstm_frozen,clean,template,13,chichewa,chi_0366,0,0.002655
bilstm_frozen,clean,template,13,chichewa,chi_0367,1,0.996480
bilstm_frozen,clean,template,13,chichewa,chi_0368,1,0.968087
bilstm_frozen,clean,template,13,chichewa,chi_0369,0,0.022666
bilstm_frozen,clean,template,13,chichewa,chi_0370,0,0.049503
bilstm_frozen,clean,template,13,chichewa,chi_0371,0,0.004028
bilstm_frozen,clean,template,13,chichewa,chi_0372,1,0.998344
bilstm_frozen,clean,template,13,chichewa,chi_0373,1,0.998274
bilstm_frozen,clean,template,13,chichewa,chi_0374,0,0.008515
bilstm_frozen,clean,template,13,chichewa,chi_0375,0,0.000768
bilstm_frozen,clean,template,13,chichewa,chi_0376,1,0.989782
bilstm_frozen,clean,template,13,chichewa,chi_0377,1,0.956982
bilstm_frozen,clean,template,13,chichewa,chi_0378,0,0.020658
bilstm_frozen,clean,template,13,chichewa,chi_0379,0,0.000319
bilstm_frozen,clean,template,13,chichewa,chi_0380,1,0.959464
bilstm_frozen,clean,template,13,chichewa,chi_0381,1,0.989992
bilstm_frozen,clean,template,13,chichewa,chi_0382,0,0.000440
bilstm_frozen,clean,template,13,chichewa,chi_0383,0,0.001254
bilstm_frozen,clean,template,13,chichewa,chi_0384,1,0.997953
bilstm_frozen,clean,template,13,chichewa,chi_0385,1,0.998085
bilstm_frozen,clean,template,13,chichewa,chi_0386,1,0.983943
bilstm_frozen,clean,template,13,chichewa,chi_0387,1,0.968111
bilstm_frozen,clean,template,13,chichewa,chi_0388,0,0.005809
bilstm_frozen,clean,template,13,chichewa,chi_0389,1,0.996791
bilstm_frozen,clean,template,13,chichewa,chi_0390,0,0.905309
bilstm_frozen,clean,template,13,chichewa,chi_0391,0,0.007011
bilstm_frozen,clean,template,13,chichewa,chi_0392,1,0.999375
bilstm_frozen,clean,template,13,chichewa,chi_0393,0,0.001006
bilstm_frozen,clean,template,13,chichewa,chi_0394,0,0.106970
bilstm_frozen,clean,template,13,chichewa,chi_0395,1,0.998024
bilstm_frozen,clean,template,13,chichewa,chi_0396,0,0.848268
bilstm_frozen,clean,template,13,chichewa,chi_0397,0,0.015317
bilstm_frozen,clean,template,13,chichewa,chi_0398,0,0.011672
bilstm_frozen,clean,template,13,chichewa,chi_0399,0,0.966306
bilstm_frozen,clean,template,13,chichewa,chi_0400,0,0.001133
bilstm_frozen,clean,template,13,chichewa,chi_0401,0,0.000589
bilstm_frozen,clean,template,13,chichewa,chi_0402,0,0.004544
bilstm_frozen,clean,template,13,chichewa,chi_0403,0,0.000495
bilstm_frozen,clean,template,13,chichewa,chi_0404,0,0.000562
bilstm_frozen,clean,template,13,chichewa,chi_0405,0,0.006227
bilstm_frozen,clean,template,13,chichewa,chi_0406,0,0.994954
bilstm_frozen,clean,template,13,chichewa,chi_0407,0,0.938020
bilstm_frozen,clean,template,13,chichewa,chi_0408,0,0.257205
bilstm_frozen,clean,template,13,chichewa,chi_0409,0,0.929771
bilstm_frozen,clean,template,13,chichewa,chi_0410,0,0.002095
bilstm_frozen,clean,template,13,chichewa,chi_0411,1,0.961962
bilstm_frozen,clean,template,13,chichewa,chi_0412,1,0.006326
bilstm_frozen,clean,template,13,chichewa,chi_0413,1,0.975807
bilstm_frozen,clean,template,13,chichewa,chi_0414,0,0.124633
bilstm_frozen,clean,template,13,chichewa,chi_0415,0,0.001878
bilstm_frozen,clean,template,13,chichewa,chi_0416,1,0.997695
bilstm_frozen,clean,template,13,chichewa,chi_0417,1,0.997725
bilstm_frozen,clean,template,13,chichewa,chi_0418,1,0.997167
bilstm_frozen,clean,template,13,chichewa,chi_0419,0,0.022433
bilstm_frozen,clean,template,13,chichewa,chi_0420,1,0.997884
bilstm_frozen,clean,template,13,chichewa,chi_0421,0,0.089858
bilstm_frozen,clean,template,13,chichewa,chi_0422,0,0.011749
bilstm_frozen,clean,template,13,chichewa,chi_0423,1,0.998540
bilstm_frozen,clean,template,13,chichewa,chi_0424,1,0.997110
bilstm_frozen,clean,template,13,chichewa,chi_0425,0,0.045783
bilstm_frozen,clean,template,13,chichewa,chi_0426,1,0.996936
bilstm_frozen,clean,template,13,chichewa,chi_0427,1,0.994057
bilstm_frozen,clean,template,13,chichewa,chi_0428,1,0.990806
bilstm_frozen,clean,template,13,chichewa,chi_0429,0,0.991014
bilstm_frozen,clean,template,13,chichewa,chi_0430,0,0.987128
bilstm_frozen,clean,template,13,chichewa,chi_0431,0,0.991240
bilstm_frozen,clean,template,13,chichewa,chi_0432,1,0.997580
bilstm_frozen,clean,template,13,chichewa,chi_0433,1,0.997331
bilstm_frozen,clean,template,13,chichewa,chi_0434,1,0.997826
bilstm_frozen,clean,template,13,chichewa,chi_0435,1,0.996611
bilstm_frozen,clean,template,13,chichewa,chi_0436,1,0.998763
bilstm_frozen,clean,template,13,chichewa,chi_0437,1,0.997320
bilstm_frozen,clean,template,13,chichewa,chi_0438,1,0.997175
bilstm_frozen,clean,template,13,chichewa,chi_0439,1,0.997542
bilstm_frozen,clean,template,13,chichewa,chi_0440,1,0.996679
bilstm_frozen,clean,template,13,chichewa,chi_0441,1,0.996326
bilstm_frozen,clean,template,13,chichewa,chi_0442,1,0.996678
bilstm_frozen,clean,template,13,chichewa,chi_0443,1,0.996483
bilstm_frozen,clean,template,13,chichewa,chi_0444,1,0.997422
bilstm_frozen,clean,template,13,chichewa,chi_0445,1,0.996943
bilstm_frozen,clean,template,13,chichewa,chi_0446,1,0.995397
bilstm_frozen,clean,template,13,chichewa,chi_0447,1,0.995155
bilstm_frozen,clean,template,13,chichewa,chi_0448,1,0.995317
bilstm_frozen,clean,template,13,chichewa,chi_0449,1,0.992136
bilstm_frozen,clean,template,13,chichewa,chi_0450,1,0.996863
bilstm_frozen,clean,template,13,chichewa,chi_0451,0,0.976686
bilstm_frozen,clean,template,13,chichewa,chi_0452,0,0.003303
bilstm_frozen,clean,template,13,chichewa,chi_0453,1,0.990039
bilstm_frozen,clean,template,13,chichewa,chi_0454,1,0.997127
bilstm_frozen,clean,template,13,chichewa,chi_0455,1,0.984168
bilstm_frozen,clean,template,13,chichewa,chi_0456,1,0.995592
bilstm_frozen,clean,template,13,chichewa,chi_0457,1,0.984181
bilstm_frozen,clean,template,13,chichewa,chi_0458,1,0.997268
bilstm_frozen,clean,template,13,chichewa,chi_0459,0,0.997379
bilstm_frozen,clean,template,13,chichewa,chi_0460,1,0.998006
bilstm_frozen,clean,template,13,chichewa,chi_0461,1,0.991833
bilstm_frozen,clean,template,13,chichewa,chi_0462,0,0.004818
bilstm_frozen,clean,template,13,chichewa,chi_0463,0,0.743578
bilstm_frozen,clean,template,13,chichewa,chi_0464,1,0.994456
bilstm_frozen,clean,template,13,chichewa,chi_0465,0,0.013665
bilstm_frozen,clean,template,13,chichewa,chi_0466,0,0.966862
bilstm_frozen,clean,template,13,chichewa,chi_0467,1,0.980950
bilstm_frozen,clean,template,13,chichewa,chi_0468,1,0.981598
bilstm_frozen,clean,template,13,chichewa,chi_0469,0,0.958503
bilstm_frozen,clean,template,13,chichewa,chi_0470,0,0.990086
bilstm_frozen,clean,template,13,chichewa,chi_0471,1,0.983856
bilstm_frozen,clean,template,13,chichewa,chi_0472,1,0.997201
bilstm_frozen,clean,template,13,chichewa,chi_0473,0,0.311711
bilstm_frozen,clean,template,13,chichewa,chi_0474,0,0.068993
bilstm_frozen,clean,template,13,chichewa,chi_0475,1,0.997805
bilstm_frozen,clean,template,13,chichewa,chi_0476,1,0.969170
bilstm_frozen,clean,template,13,chichewa,chi_0477,1,0.986288
bilstm_frozen,clean,template,13,chichewa,chi_0478,0,0.052418
bilstm_frozen,clean,template,13,chichewa,chi_0479,0,0.998247
bilstm_frozen,clean,template,13,chichewa,chi_0480,0,0.007727
bilstm_frozen,clean,template,13,chichewa,chi_0481,1,0.975771
bilstm_frozen,clean,template,13,chichewa,chi_0482,1,0.995746
bilstm_frozen,clean,template,13,chichewa,chi_0483,0,0.999095
bilstm_frozen,clean,template,13,chichewa,chi_0484,0,0.962872
bilstm_frozen,clean,template,13,chichewa,chi_0485,0,0.959378
bilstm_frozen,clean,template,13,chichewa,chi_0486,1,0.998450
bilstm_frozen,clean,template,13,chichewa,chi_0487,1,0.998112
bilstm_frozen,clean,template,13,chichewa,chi_0488,1,0.985556
bilstm_frozen,clean,template,13,chichewa,chi_0489,0,0.985592
bilstm_frozen,clean,template,13,chichewa,chi_0490,0,0.999573
bilstm_frozen,clean,template,13,chichewa,chi_0491,1,0.994757
bilstm_frozen,clean,template,13,chichewa,chi_0492,1,0.994681
bilstm_frozen,clean,template,13,chichewa,chi_0493,1,0.999592
bilstm_frozen,clean,template,13,chichewa,chi_0494,0,0.990388
bilstm_frozen,clean,template,13,chichewa,chi_0495,0,0.979289
bilstm_frozen,clean,template,13,chichewa,chi_0496,0,0.973675
bilstm_frozen,clean,template,13,chichewa,chi_0497,1,0.995749
bilstm_frozen,clean,template,13,chichewa,chi_0498,1,0.994278
bilstm_frozen,clean,template,13,chichewa,chi_0499,0,0.000736
bilstm_frozen,clean,template,13,chichewa,chi_0500,0,0.000810
bilstm_frozen,clean,template,13,chichewa,chi_0501,0,0.972630
bilstm_frozen,clean,template,13,chichewa,chi_0502,1,0.969980
bilstm_frozen,clean,template,13,chichewa,chi_0503,1,0.994502
bilstm_frozen,clean,template,13,chichewa,chi_0504,1,0.996864
bilstm_frozen,clean,template,13,chichewa,chi_0505,0,0.449652
bilstm_frozen,clean,template,13,chichewa,chi_0506,0,0.311059
bilstm_frozen,clean,template,13,chichewa,chi_0507,0,0.943943
bilstm_frozen,clean,template,13,chichewa,chi_0508,1,0.994454
bilstm_frozen,clean,template,13,chichewa,chi_0509,1,0.996910
bilstm_frozen,clean,template,13,chichewa,chi_0510,1,0.978828
bilstm_frozen,clean,template,13,chichewa,chi_0511,0,0.502289
bilstm_frozen,clean,template,13,chichewa,chi_0512,0,0.000488
bilstm_frozen,clean,template,13,chichewa,chi_0513,0,0.986800
bilstm_frozen,clean,template,13,chichewa,chi_0514,1,0.982328
bilstm_frozen,clean,template,13,chichewa,chi_0515,1,0.998245
bilstm_frozen,clean,template,13,chichewa,chi_0516,1,0.998340
bilstm_frozen,clean,template,13,chichewa,chi_0517,0,0.971829
bilstm_frozen,clean,template,13,chichewa,chi_0518,0,0.974607
bilstm_frozen,clean,template,13,chichewa,chi_0519,1,0.999649
bilstm_frozen,clean,template,13,chichewa,chi_0520,1,0.954952
bilstm_frozen,clean,template,13,chichewa,chi_0521,1,0.959700
bilstm_frozen,clean,template,13,chichewa,chi_0522,0,0.973142
bilstm_frozen,clean,template,13,chichewa,chi_0523,0,0.972978
bilstm_frozen,clean,template,13,chichewa,chi_0524,0,0.002381
bilstm_frozen,clean,template,13,chichewa,chi_0525,1,0.995975
bilstm_frozen,clean,template,13,chichewa,chi_0526,1,0.985670
bilstm_frozen,clean,template,13,chichewa,chi_0527,1,0.998369
bilstm_frozen,clean,template,13,chichewa,chi_0528,0,0.966440
bilstm_frozen,clean,template,13,chichewa,chi_0529,0,0.983160
bilstm_frozen,clean,template,13,chichewa,chi_0530,0,0.001021
bilstm_frozen,clean,template,13,chichewa,chi_0531,1,0.980183
bilstm_frozen,clean,template,13,chichewa,chi_0532,1,0.996353
bilstm_frozen,clean,template,13,chichewa,chi_0533,1,0.988887
bilstm_frozen,clean,template,13,chichewa,chi_0534,0,0.971169
bilstm_frozen,clean,template,13,chichewa,chi_0535,0,0.957843
bilstm_frozen,clean,template,13,chichewa,chi_0536,0,0.985199
bilstm_frozen,clean,template,13,chichewa,chi_0537,1,0.973200
bilstm_frozen,clean,template,13,chichewa,chi_0538,1,0.972290
bilstm_frozen,clean,template,13,chichewa,chi_0539,1,0.997533
bilstm_frozen,clean,template,13,chichewa,chi_0540,0,0.003379
bilstm_frozen,clean,template,13,chichewa,chi_0541,0,0.942456
bilstm_frozen,clean,template,13,chichewa,chi_0542,0,0.956127
bilstm_frozen,clean,template,13,chichewa,chi_0543,1,0.983635
bilstm_frozen,clean,template,13,chichewa,chi_0544,1,0.996636
bilstm_frozen,clean,template,13,chichewa,chi_0545,1,0.998672
bilstm_frozen,clean,template,13,chichewa,chi_0546,0,0.319245
bilstm_frozen,clean,template,13,chichewa,chi_0547,0,0.968097
bilstm_frozen,clean,template,13,chichewa,chi_0548,0,0.944754
bilstm_frozen,clean,template,13,chichewa,chi_0549,1,0.977769
bilstm_frozen,clean,template,13,chichewa,chi_0550,1,0.996103
bilstm_frozen,clean,template,13,chichewa,chi_0551,1,0.972774
bilstm_frozen,clean,template,13,chichewa,chi_0552,0,0.972759
bilstm_frozen,clean,template,13,chichewa,chi_0553,0,0.974592
bilstm_frozen,clean,template,13,chichewa,chi_0554,1,0.965889
bilstm_frozen,clean,template,13,chichewa,chi_0555,1,0.980760
bilstm_frozen,clean,template,13,chichewa,chi_0556,1,0.963750
bilstm_frozen,clean,template,13,chichewa,chi_0557,0,0.997469
bilstm_frozen,clean,template,13,chichewa,chi_0558,0,0.977363
bilstm_frozen,clean,template,13,chichewa,chi_0559,0,0.991836
bilstm_frozen,clean,template,13,chichewa,chi_0560,1,0.985986
bilstm_frozen,clean,template,13,chichewa,chi_0561,1,0.998153
bilstm_frozen,clean,template,13,chichewa,chi_0562,1,0.998293
bilstm_frozen,clean,template,13,chichewa,chi_0563,0,0.996476
bilstm_frozen,clean,template,13,chichewa,chi_0564,0,0.969964
bilstm_frozen,clean,template,13,chichewa,chi_0565,0,0.988814
bilstm_frozen,clean,template,13,chichewa,chi_0566,0,0.002412
bilstm_frozen,clean,template,13,chichewa,chi_0567,1,0.998062
bilstm_frozen,clean,template,13,chichewa,chi_0568,1,0.998273
bilstm_frozen,clean,template,13,chichewa,chi_0569,1,0.998571
bilstm_frozen,clean,template,13,chichewa,chi_0570,1,0.998322
bilstm_frozen,clean,template,13,chichewa,chi_0571,0,0.993470
bilstm_frozen,clean,template,13,chichewa,chi_0572,1,0.980035
bilstm_frozen,clean,template,13,chichewa,chi_0573,1,0.940660
bilstm_frozen,clean,template,13,chichewa,chi_0574,1,0.971399
bilstm_frozen,clean,template,13,chichewa,chi_0575,0,0.980353
bilstm_frozen,clean,template,13,chichewa,chi_0576,1,0.997091
bilstm_frozen,clean,template,13,chichewa,chi_0577,1,0.053536
bilstm_frozen,clean,template,13,chichewa,chi_0578,0,0.007531
bilstm_frozen,clean,template,13,chichewa,chi_0579,0,0.005806
bilstm_frozen,clean,template,13,chichewa,chi_0580,0,0.013864
bilstm_frozen,clean,template,13,chichewa,chi_0581,1,0.701850
bilstm_frozen,clean,template,13,chichewa,chi_0582,0,0.000465
bilstm_frozen,clean,template,13,chichewa,chi_0583,0,0.043012
bilstm_frozen,clean,template,13,chichewa,chi_0584,0,0.025672
bilstm_frozen,clean,template,13,chichewa,chi_0585,0,0.072259
bilstm_frozen,clean,template,13,chichewa,chi_0586,0,0.001079
bilstm_frozen,clean,template,13,chichewa,chi_0587,0,0.956588
bilstm_frozen,clean,template,13,chichewa,chi_0588,0,0.494034
bilstm_frozen,clean,template,13,chichewa,chi_0589,1,0.995126
bilstm_frozen,clean,template,13,chichewa,chi_0590,1,0.999245
bilstm_frozen,clean,template,13,chichewa,chi_0591,1,0.968842
bilstm_frozen,clean,template,13,chichewa,chi_0592,0,0.891996
bilstm_frozen,clean,template,13,chichewa,chi_0593,0,0.996035
bilstm_frozen,clean,template,13,chichewa,chi_0594,0,0.168687
bilstm_frozen,clean,template,13,chichewa,chi_0595,1,0.019166
bilstm_frozen,clean,template,13,chichewa,chi_0596,1,0.973006
bilstm_frozen,clean,template,13,chichewa,chi_0597,1,0.991115
bilstm_frozen,clean,template,13,chichewa,chi_0598,1,0.991415
bilstm_frozen,clean,template,13,chichewa,chi_0599,0,0.005431
bilstm_frozen,clean,template,13,chichewa,chi_0600,0,0.500174
bilstm_frozen,clean,template,13,chichewa,chi_0601,0,0.000701
bilstm_frozen,clean,template,13,chichewa,chi_0602,1,0.978325
bilstm_frozen,clean,template,13,chichewa,chi_0603,0,0.000651
bilstm_frozen,clean,template,13,chichewa,chi_0604,0,0.994557
bilstm_frozen,clean,template,13,chichewa,chi_0605,0,0.994037
bilstm_frozen,clean,template,13,chichewa,chi_0606,1,0.992172
bilstm_frozen,clean,template,13,chichewa,chi_0607,0,0.025530
bilstm_frozen,clean,template,13,chichewa,chi_0608,0,0.022712
bilstm_frozen,clean,template,13,chichewa,chi_0609,0,0.052723
bilstm_frozen,clean,template,13,chichewa,chi_0610,1,0.969322
bilstm_frozen,clean,template,13,chichewa,chi_0611,0,0.003056
bilstm_frozen,clean,template,13,chichewa,chi_0612,0,0.284037
bilstm_frozen,clean,template,13,chichewa,chi_0613,0,0.003125
bilstm_frozen,clean,template,13,chichewa,chi_0614,0,0.000924
bilstm_frozen,clean,template,13,chichewa,chi_0615,1,0.999048
bilstm_frozen,clean,template,13,chichewa,chi_0616,0,0.052070
bilstm_frozen,clean,template,13,chichewa,chi_0617,0,0.043478
bilstm_frozen,clean,template,13,chichewa,chi_0618,1,0.999619
bilstm_frozen,clean,template,13,chichewa,chi_0619,1,0.999630
bilstm_frozen,clean,template,13,chichewa,chi_0620,1,0.977119
bilstm_frozen,clean,template,13,chichewa,chi_0621,0,0.005366
bilstm_frozen,clean,template,13,chichewa,chi_0622,0,0.001447
bilstm_frozen,clean,template,13,chichewa,chi_0623,0,0.038566
bilstm_frozen,clean,template,13,chichewa,chi_0624,1,0.996316
bilstm_frozen,clean,template,13,chichewa,chi_0625,0,0.980457
bilstm_frozen,clean,template,13,chichewa,chi_0626,0,0.027018
bilstm_frozen,clean,template,13,chichewa,chi_0627,0,0.948397
bilstm_frozen,clean,template,13,chichewa,chi_0628,0,0.985226
bilstm_frozen,clean,template,13,chichewa,chi_0629,0,0.003293
bilstm_frozen,clean,template,13,chichewa,chi_0630,1,0.980014
bilstm_frozen,clean,template,13,chichewa,chi_0631,1,0.930625
bilstm_frozen,clean,template,13,chichewa,chi_0632,0,0.976168
bilstm_frozen,clean,template,13,chichewa,chi_0633,0,0.969622
bilstm_frozen,clean,template,13,chichewa,chi_0634,1,0.979276
bilstm_frozen,clean,template,13,chichewa,chi_0635,1,0.982827
bilstm_frozen,clean,template,13,chichewa,chi_0636,1,0.967987
bilstm_frozen,clean,template,13,chichewa,chi_0637,0,0.560298
bilstm_frozen,clean,template,13,chichewa,chi_0638,0,0.972077
bilstm_frozen,clean,template,13,chichewa,chi_0639,0,0.973067
bilstm_frozen,clean,template,13,chichewa,chi_0640,0,0.975303
bilstm_frozen,clean,template,13,chichewa,chi_0641,1,0.986741
bilstm_frozen,clean,template,13,chichewa,chi_0642,1,0.986306
bilstm_frozen,clean,template,13,chichewa,chi_0643,1,0.975818
bilstm_frozen,clean,template,13,chichewa,chi_0644,0,0.997603
bilstm_frozen,clean,template,13,chichewa,chi_0645,1,0.999183
bilstm_frozen,clean,template,13,chichewa,chi_0646,1,0.999193
bilstm_frozen,clean,template,13,chichewa,chi_0647,1,0.977931
bilstm_frozen,clean,template,13,chichewa,chi_0648,1,0.998288
bilstm_frozen,clean,template,13,chichewa,chi_0649,1,0.996495
bilstm_frozen,clean,template,13,chichewa,chi_0650,1,0.999184
bilstm_frozen,clean,template,13,chichewa,chi_0651,1,0.997690
bilstm_frozen,clean,template,13,chichewa,chi_0652,1,0.982567
bilstm_frozen,clean,template,13,chichewa,chi_0653,1,0.998397
bilstm_frozen,clean,template,13,chichewa,chi_0654,1,0.998787
bilstm_frozen,clean,template,13,chichewa,chi_0655,1,0.996301
bilstm_frozen,clean,template,13,chichewa,chi_0656,1,0.992640
bilstm_frozen,clean,template,13,chichewa,chi_0657,1,0.973880
bilstm_frozen,clean,template,13,chichewa,chi_0658,1,0.998202
bilstm_frozen,clean,template,13,chichewa,chi_0659,1,0.999180
bilstm_frozen,clean,template,13,chichewa,chi_0660,1,0.998721
bilstm_frozen,clean,template,13,chichewa,chi_0661,1,0.995805
bilstm_frozen,clean,template,13,chichewa,chi_0662,1,0.995983
bilstm_frozen,clean,template,13,chichewa,chi_0663,1,0.002993
bilstm_frozen,clean,template,13,chichewa,chi_0664,1,0.998589
bilstm_frozen,clean,template,13,chichewa,chi_0665,1,0.982976
bilstm_frozen,clean,template,13,chichewa,chi_0666,1,0.981640
bilstm_frozen,clean,template,13,chichewa,chi_0667,1,0.985288
bilstm_frozen,clean,template,13,chichewa,chi_0668,0,0.009477
bilstm_frozen,clean,template,13,chichewa,chi_0669,0,0.008744
bilstm_frozen,clean,template,13,chichewa,chi_0670,0,0.991385
bilstm_frozen,clean,template,13,chichewa,chi_0671,0,0.988415
bilstm_frozen,clean,template,13,chichewa,chi_0672,0,0.778603
bilstm_frozen,clean,template,13,chichewa,chi_0673,0,0.977596
bilstm_frozen,clean,template,13,chichewa,chi_0674,0,0.996638
bilstm_frozen,clean,template,13,chichewa,chi_0675,0,0.995274
bilstm_frozen,clean,template,13,chichewa,chi_0676,0,0.998278
bilstm_frozen,clean,template,13,chichewa,chi_0677,0,0.997752
bilstm_frozen,clean,template,13,chichewa,chi_0678,0,0.993071
bilstm_frozen,clean,template,13,chichewa,chi_0679,0,0.969924
bilstm_frozen,clean,template,13,chichewa,chi_0680,0,0.991284
bilstm_frozen,clean,template,13,chichewa,chi_0681,0,0.999597
bilstm_frozen,clean,template,13,chichewa,chi_0682,0,0.978173
bilstm_frozen,clean,template,13,chichewa,chi_0683,0,0.980972
bilstm_frozen,clean,template,13,chichewa,chi_0684,0,0.984628
bilstm_frozen,clean,template,13,chichewa,chi_0685,0,0.957540
bilstm_frozen,clean,template,13,chichewa,chi_0686,0,0.988221
bilstm_frozen,clean,template,13,chichewa,chi_0687,0,0.990333
bilstm_frozen,clean,template,13,chichewa,chi_0688,0,0.973838
bilstm_frozen,clean,template,13,chichewa,chi_0689,0,0.993344
bilstm_frozen,clean,template,13,chichewa,chi_0690,0,0.995889
bilstm_frozen,clean,template,13,chichewa,chi_0691,0,0.993579
bilstm_frozen,clean,template,13,chichewa,chi_0692,0,0.987134
bilstm_frozen,clean,template,13,chichewa,chi_0693,0,0.979114
bilstm_frozen,clean,template,13,chichewa,chi_0694,0,0.981002
bilstm_frozen,clean,template,13,chichewa,chi_0695,0,0.997322
bilstm_frozen,clean,template,13,chichewa,chi_0696,0,0.995180
bilstm_frozen,clean,template,13,chichewa,chi_0697,0,0.998637
bilstm_frozen,clean,template,13,chichewa,chi_0698,0,0.987129
bilstm_frozen,clean,template,13,chichewa,chi_0699,0,0.998799
bilstm_frozen,clean,template,13,chichewa,chi_0700,0,0.998106
bilstm_frozen,clean,template,13,chichewa,chi_0701,0,0.990996
bilstm_frozen,clean,template,13,chichewa,chi_0702,0,0.996904
bilstm_frozen,clean,template,13,chichewa,chi_0703,0,0.999764
bilstm_frozen,clean,template,13,chichewa,chi_0704,0,0.989979
bilstm_frozen,clean,template,13,chichewa,chi_0705,0,0.988127
bilstm_frozen,clean,template,13,chichewa,chi_0706,0,0.974287
bilstm_frozen,clean,template,13,chichewa,chi_0707,0,0.963844
bilstm_frozen,clean,template,13,chichewa,chi_0708,0,0.993025
bilstm_frozen,clean,template,13,chichewa,chi_0709,0,0.993058
bilstm_frozen,clean,template,13,chichewa,chi_0710,0,0.000664
bilstm_frozen,clean,template,13,chichewa,chi_0711,0,0.993093
bilstm_frozen,clean,template,13,chichewa,chi_0712,0,0.993006
bilstm_frozen,clean,template,13,chichewa,chi_0713,0,0.002639
bilstm_frozen,clean,template,13,chichewa,chi_0714,0,0.982507
bilstm_frozen,clean,template,13,chichewa,chi_0715,0,0.998067
bilstm_frozen,clean,template,13,chichewa,chi_0716,0,0.991706
bilstm_frozen,clean,template,13,chichewa,chi_0717,0,0.989860
bilstm_frozen,clean,template,13,chichewa,chi_0718,0,0.998168
bilstm_frozen,clean,template,13,chichewa,chi_0719,0,0.973125
bilstm_frozen,clean,template,13,chichewa,chi_0720,0,0.963426
bilstm_frozen,clean,template,13,chichewa,chi_0721,0,0.999491
bilstm_frozen,clean,template,13,chichewa,chi_0722,0,0.957510
bilstm_frozen,clean,template,13,chichewa,chi_0723,0,0.967946
bilstm_frozen,clean,template,13,chichewa,chi_0724,0,0.994907
bilstm_frozen,clean,template,13,chichewa,chi_0725,0,0.999886
bilstm_frozen,clean,template,13,chichewa,chi_0726,0,0.997390
bilstm_frozen,clean,template,13,chichewa,chi_0727,0,0.987761
bilstm_frozen,clean,template,13,chichewa,chi_0728,0,0.003236
bilstm_frozen,clean,template,13,chichewa,chi_0729,0,0.002852
bilstm_frozen,clean,template,13,chichewa,chi_0730,0,0.981646
bilstm_frozen,clean,template,13,chichewa,chi_0731,0,0.993067
bilstm_frozen,clean,template,13,chichewa,chi_0732,0,0.000618
bilstm_frozen,clean,template,13,ctrl_lookalike,bongo_0029,0,0.922235
bilstm_frozen,clean,template,13,ctrl_lookalike,bongo_0053,0,0.000686
bilstm_frozen,clean,template,13,ctrl_lookalike,bongo_0097,0,0.001621
bilstm_frozen,clean,template,13,ctrl_lookalike,bongo_0107,0,0.000380
bilstm_frozen,clean,template,13,ctrl_lookalike,bongo_0110,0,0.000160
bilstm_frozen,clean,template,13,ctrl_lookalike,bongo_0115,0,0.006273
bilstm_frozen,clean,template,13,ctrl_lookalike,bongo_0143,0,0.000543
bilstm_frozen,clean,template,13,ctrl_lookalike,bongo_0160,0,0.000394
bilstm_frozen,clean,template,13,ctrl_lookalike,bongo_0172,0,0.975743
bilstm_frozen,clean,template,13,ctrl_lookalike,bongo_0175,0,0.001186
bilstm_frozen,clean,template,13,ctrl_lookalike,bongo_0182,0,0.000366
bilstm_frozen,clean,template,13,ctrl_lookalike,bongo_0197,0,0.000385
bilstm_frozen,clean,template,13,ctrl_lookalike,bongo_0253,0,0.000898
bilstm_frozen,clean,template,13,ctrl_lookalike,bongo_0271,0,0.936012
bilstm_frozen,clean,template,13,ctrl_lookalike,bongo_0300,0,0.000959
bilstm_frozen,clean,template,13,ctrl_lookalike,bongo_0306,0,0.000876
bilstm_frozen,clean,template,13,ctrl_lookalike,bongo_0363,0,0.001170
bilstm_frozen,clean,template,13,ctrl_lookalike,bongo_0368,0,0.001458
bilstm_frozen,clean,template,13,ctrl_lookalike,bongo_0372,0,0.001560
bilstm_frozen,clean,template,13,ctrl_lookalike,bongo_0389,0,0.000374
bilstm_frozen,clean,template,13,ctrl_lookalike,bongo_0395,0,0.000382
bilstm_frozen,clean,template,13,ctrl_lookalike,bongo_0427,0,0.002343
bilstm_frozen,clean,template,13,ctrl_lookalike,bongo_0463,0,0.000680
bilstm_frozen,clean,template,13,ctrl_lookalike,bongo_0531,0,0.000950
bilstm_frozen,clean,template,13,ctrl_lookalike,bongo_0542,0,0.000534
bilstm_frozen,clean,template,13,ctrl_lookalike,bongo_0545,0,0.000386
bilstm_frozen,clean,template,13,ctrl_lookalike,bongo_0571,0,0.000363
bilstm_frozen,clean,template,13,ctrl_lookalike,bongo_0630,0,0.002150
bilstm_frozen,clean,template,13,ctrl_lookalike,bongo_0648,0,0.690750
bilstm_frozen,clean,template,13,ctrl_lookalike,bongo_0674,0,0.000250
bilstm_frozen,clean,template,13,ctrl_lookalike,bongo_0685,0,0.021061
bilstm_frozen,clean,template,13,ctrl_lookalike,bongo_0701,0,0.000864
bilstm_frozen,clean,template,13,ctrl_lookalike,bongo_0741,0,0.942653
bilstm_frozen,clean,template,13,ctrl_lookalike,bongo_0795,0,0.951865
bilstm_frozen,clean,template,13,ctrl_lookalike,bongo_0818,0,0.899117
bilstm_frozen,clean,template,13,ctrl_lookalike,bongo_0819,0,0.005102
bilstm_frozen,clean,template,13,ctrl_lookalike,bongo_0835,0,0.005048
bilstm_frozen,clean,template,13,ctrl_lookalike,bongo_0856,0,0.001485
bilstm_frozen,clean,template,13,ctrl_lookalike,bongo_0872,0,0.967860
bilstm_frozen,clean,template,13,ctrl_lookalike,bongo_0904,0,0.902446
bilstm_frozen,clean,template,13,ctrl_lookalike,bongo_0950,0,0.000312
bilstm_frozen,clean,template,13,ctrl_lookalike,bongo_0956,0,0.000292
bilstm_frozen,clean,template,13,ctrl_lookalike,bongo_0971,0,0.935254
bilstm_frozen,clean,template,13,ctrl_lookalike,bongo_0983,0,0.001272
bilstm_frozen,clean,template,13,ctrl_lookalike,bongo_0994,0,0.998902
bilstm_frozen,clean,template,13,ctrl_lookalike,bongo_1006,0,0.001395
bilstm_frozen,clean,template,13,ctrl_lookalike,bongo_1015,0,0.000786
bilstm_frozen,clean,template,13,ctrl_lookalike,bongo_1037,0,0.002421
bilstm_frozen,clean,template,13,ctrl_lookalike,bongo_1040,0,0.005983
bilstm_frozen,clean,template,13,ctrl_lookalike,bongo_1050,0,0.001322
bilstm_frozen,clean,template,13,ctrl_lookalike,bongo_1059,0,0.001094
bilstm_frozen,clean,template,13,ctrl_lookalike,bongo_1071,0,0.000458
bilstm_frozen,clean,template,13,ctrl_lookalike,bongo_1090,0,0.000690
bilstm_frozen,clean,template,13,ctrl_lookalike,bongo_1115,0,0.004420
bilstm_frozen,clean,template,13,ctrl_lookalike,bongo_1123,0,0.910135
bilstm_frozen,clean,template,13,ctrl_lookalike,bongo_1125,0,0.980185
bilstm_frozen,clean,template,13,ctrl_lookalike,bongo_1135,0,0.003193
bilstm_frozen,clean,template,13,ctrl_lookalike,bongo_1155,0,0.000347
bilstm_frozen,clean,template,13,ctrl_lookalike,bongo_1194,0,0.001543
bilstm_frozen,clean,template,13,ctrl_lookalike,bongo_1198,0,0.001517
bilstm_frozen,clean,template,13,ctrl_lookalike,bongo_1236,0,0.009337
bilstm_frozen,clean,template,13,ctrl_lookalike,bongo_1244,0,0.980725
bilstm_frozen,clean,template,13,ctrl_lookalike,bongo_1249,0,0.000752
bilstm_frozen,clean,template,13,ctrl_lookalike,bongo_1253,0,0.965530
bilstm_frozen,clean,template,13,ctrl_lookalike,bongo_1260,0,0.000389
bilstm_frozen,clean,template,13,ctrl_lookalike,bongo_1262,0,0.899761
bilstm_frozen,clean,template,13,ctrl_lookalike,bongo_1285,0,0.000463
bilstm_frozen,clean,template,13,ctrl_lookalike,bongo_1316,0,0.000872
bilstm_frozen,clean,template,13,ctrl_lookalike,bongo_1330,0,0.023107
bilstm_frozen,clean,template,13,ctrl_lookalike,bongo_1359,0,0.001420
bilstm_frozen,clean,template,13,ctrl_lookalike,bongo_1375,0,0.948040
bilstm_frozen,clean,template,13,ctrl_structural,bongo_0029,0,0.999662
bilstm_frozen,clean,template,13,ctrl_structural,bongo_0053,0,0.999796
bilstm_frozen,clean,template,13,ctrl_structural,bongo_0097,0,0.999816
bilstm_frozen,clean,template,13,ctrl_structural,bongo_0107,0,0.999589
bilstm_frozen,clean,template,13,ctrl_structural,bongo_0110,0,0.010811
bilstm_frozen,clean,template,13,ctrl_structural,bongo_0115,0,0.999861
bilstm_frozen,clean,template,13,ctrl_structural,bongo_0143,0,0.944197
bilstm_frozen,clean,template,13,ctrl_structural,bongo_0160,0,0.947002
bilstm_frozen,clean,template,13,ctrl_structural,bongo_0172,0,0.985247
bilstm_frozen,clean,template,13,ctrl_structural,bongo_0175,0,0.003629
bilstm_frozen,clean,template,13,ctrl_structural,bongo_0182,0,0.944813
bilstm_frozen,clean,template,13,ctrl_structural,bongo_0197,0,0.956792
bilstm_frozen,clean,template,13,ctrl_structural,bongo_0253,0,0.996908
bilstm_frozen,clean,template,13,ctrl_structural,bongo_0271,0,0.955743
bilstm_frozen,clean,template,13,ctrl_structural,bongo_0300,0,0.999830
bilstm_frozen,clean,template,13,ctrl_structural,bongo_0306,0,0.999800
bilstm_frozen,clean,template,13,ctrl_structural,bongo_0363,0,0.999829
bilstm_frozen,clean,template,13,ctrl_structural,bongo_0368,0,0.999926
bilstm_frozen,clean,template,13,ctrl_structural,bongo_0372,0,0.989117
bilstm_frozen,clean,template,13,ctrl_structural,bongo_0389,0,0.979388
bilstm_frozen,clean,template,13,ctrl_structural,bongo_0395,0,0.999231
bilstm_frozen,clean,template,13,ctrl_structural,bongo_0427,0,0.026426
bilstm_frozen,clean,template,13,ctrl_structural,bongo_0463,0,0.992629
bilstm_frozen,clean,template,13,ctrl_structural,bongo_0531,0,0.999889
bilstm_frozen,clean,template,13,ctrl_structural,bongo_0542,0,0.000886
bilstm_frozen,clean,template,13,ctrl_structural,bongo_0545,0,0.999118
bilstm_frozen,clean,template,13,ctrl_structural,bongo_0571,0,0.998547
bilstm_frozen,clean,template,13,ctrl_structural,bongo_0630,0,0.999873
bilstm_frozen,clean,template,13,ctrl_structural,bongo_0648,0,0.999785
bilstm_frozen,clean,template,13,ctrl_structural,bongo_0674,0,0.999686
bilstm_frozen,clean,template,13,ctrl_structural,bongo_0685,0,0.999642
bilstm_frozen,clean,template,13,ctrl_structural,bongo_0701,0,0.976704
bilstm_frozen,clean,template,13,ctrl_structural,bongo_0741,0,0.973694
bilstm_frozen,clean,template,13,ctrl_structural,bongo_0795,0,0.967630
bilstm_frozen,clean,template,13,ctrl_structural,bongo_0818,0,0.999914
bilstm_frozen,clean,template,13,ctrl_structural,bongo_0819,0,0.999886
bilstm_frozen,clean,template,13,ctrl_structural,bongo_0835,0,0.999897
bilstm_frozen,clean,template,13,ctrl_structural,bongo_0856,0,0.999899
bilstm_frozen,clean,template,13,ctrl_structural,bongo_0872,0,0.998540
bilstm_frozen,clean,template,13,ctrl_structural,bongo_0904,0,0.973034
bilstm_frozen,clean,template,13,ctrl_structural,bongo_0950,0,0.997219
bilstm_frozen,clean,template,13,ctrl_structural,bongo_0956,0,0.945807
bilstm_frozen,clean,template,13,ctrl_structural,bongo_0971,0,0.947169
bilstm_frozen,clean,template,13,ctrl_structural,bongo_0983,0,0.997955
bilstm_frozen,clean,template,13,ctrl_structural,bongo_0994,0,0.999759
bilstm_frozen,clean,template,13,ctrl_structural,bongo_1006,0,0.999780
bilstm_frozen,clean,template,13,ctrl_structural,bongo_1015,0,0.986193
bilstm_frozen,clean,template,13,ctrl_structural,bongo_1037,0,0.989716
bilstm_frozen,clean,template,13,ctrl_structural,bongo_1040,0,0.939553
bilstm_frozen,clean,template,13,ctrl_structural,bongo_1050,0,0.982362
bilstm_frozen,clean,template,13,ctrl_structural,bongo_1059,0,0.981967
bilstm_frozen,clean,template,13,ctrl_structural,bongo_1071,0,0.999066
bilstm_frozen,clean,template,13,ctrl_structural,bongo_1090,0,0.949089
bilstm_frozen,clean,template,13,ctrl_structural,bongo_1115,0,0.978460
bilstm_frozen,clean,template,13,ctrl_structural,bongo_1123,0,0.998643
bilstm_frozen,clean,template,13,ctrl_structural,bongo_1125,0,0.999619
bilstm_frozen,clean,template,13,ctrl_structural,bongo_1135,0,0.086389
bilstm_frozen,clean,template,13,ctrl_structural,bongo_1155,0,0.986616
bilstm_frozen,clean,template,13,ctrl_structural,bongo_1194,0,0.992660
bilstm_frozen,clean,template,13,ctrl_structural,bongo_1198,0,0.999518
bilstm_frozen,clean,template,13,ctrl_structural,bongo_1236,0,0.999848
bilstm_frozen,clean,template,13,ctrl_structural,bongo_1244,0,0.983506
bilstm_frozen,clean,template,13,ctrl_structural,bongo_1249,0,0.956125
bilstm_frozen,clean,template,13,ctrl_structural,bongo_1253,0,0.988914
bilstm_frozen,clean,template,13,ctrl_structural,bongo_1260,0,0.998487
bilstm_frozen,clean,template,13,ctrl_structural,bongo_1262,0,0.930328
bilstm_frozen,clean,template,13,ctrl_structural,bongo_1285,0,0.999916
bilstm_frozen,clean,template,13,ctrl_structural,bongo_1316,0,0.947207
bilstm_frozen,clean,template,13,ctrl_structural,bongo_1330,0,0.999916
bilstm_frozen,clean,template,13,ctrl_structural,bongo_1359,0,0.021806
bilstm_frozen,clean,template,13,ctrl_structural,bongo_1375,0,0.998637
bilstm_frozen,clean,template,13,ctrl_codeswitch,bongo_0029,0,0.015926
bilstm_frozen,clean,template,13,ctrl_codeswitch,bongo_0053,0,0.000273
bilstm_frozen,clean,template,13,ctrl_codeswitch,bongo_0097,0,0.002539
bilstm_frozen,clean,template,13,ctrl_codeswitch,bongo_0107,0,0.000084
bilstm_frozen,clean,template,13,ctrl_codeswitch,bongo_0110,0,0.000055
bilstm_frozen,clean,template,13,ctrl_codeswitch,bongo_0115,0,0.005952
bilstm_frozen,clean,template,13,ctrl_codeswitch,bongo_0143,0,0.000372
bilstm_frozen,clean,template,13,ctrl_codeswitch,bongo_0160,0,0.000164
bilstm_frozen,clean,template,13,ctrl_codeswitch,bongo_0172,0,0.815569
bilstm_frozen,clean,template,13,ctrl_codeswitch,bongo_0175,0,0.000740
bilstm_frozen,clean,template,13,ctrl_codeswitch,bongo_0182,0,0.000291
bilstm_frozen,clean,template,13,ctrl_codeswitch,bongo_0197,0,0.000188
bilstm_frozen,clean,template,13,ctrl_codeswitch,bongo_0253,0,0.000316
bilstm_frozen,clean,template,13,ctrl_codeswitch,bongo_0271,0,0.000251
bilstm_frozen,clean,template,13,ctrl_codeswitch,bongo_0300,0,0.000185
bilstm_frozen,clean,template,13,ctrl_codeswitch,bongo_0306,0,0.000268
bilstm_frozen,clean,template,13,ctrl_codeswitch,bongo_0363,0,0.000221
bilstm_frozen,clean,template,13,ctrl_codeswitch,bongo_0368,0,0.002742
bilstm_frozen,clean,template,13,ctrl_codeswitch,bongo_0372,0,0.000265
bilstm_frozen,clean,template,13,ctrl_codeswitch,bongo_0389,0,0.000266
bilstm_frozen,clean,template,13,ctrl_codeswitch,bongo_0395,0,0.000543
bilstm_frozen,clean,template,13,ctrl_codeswitch,bongo_0427,0,0.010184
bilstm_frozen,clean,template,13,ctrl_codeswitch,bongo_0463,0,0.000940
bilstm_frozen,clean,template,13,ctrl_codeswitch,bongo_0531,0,0.000346
bilstm_frozen,clean,template,13,ctrl_codeswitch,bongo_0542,0,0.000385
bilstm_frozen,clean,template,13,ctrl_codeswitch,bongo_0545,0,0.000391
bilstm_frozen,clean,template,13,ctrl_codeswitch,bongo_0571,0,0.000196
bilstm_frozen,clean,template,13,ctrl_codeswitch,bongo_0630,0,0.000365
bilstm_frozen,clean,template,13,ctrl_codeswitch,bongo_0648,0,0.021890
bilstm_frozen,clean,template,13,ctrl_codeswitch,bongo_0674,0,0.000081
bilstm_frozen,clean,template,13,ctrl_codeswitch,bongo_0685,0,0.106829
bilstm_frozen,clean,template,13,ctrl_codeswitch,bongo_0701,0,0.000252
bilstm_frozen,clean,template,13,ctrl_codeswitch,bongo_0741,0,0.000236
bilstm_frozen,clean,template,13,ctrl_codeswitch,bongo_0795,0,0.000643
bilstm_frozen,clean,template,13,ctrl_codeswitch,bongo_0818,0,0.007304
bilstm_frozen,clean,template,13,ctrl_codeswitch,bongo_0819,0,0.000527
bilstm_frozen,clean,template,13,ctrl_codeswitch,bongo_0835,0,0.000150
bilstm_frozen,clean,template,13,ctrl_codeswitch,bongo_0856,0,0.000250
bilstm_frozen,clean,template,13,ctrl_codeswitch,bongo_0872,0,0.003597
bilstm_frozen,clean,template,13,ctrl_codeswitch,bongo_0904,0,0.003177
bilstm_frozen,clean,template,13,ctrl_codeswitch,bongo_0950,0,0.000178
bilstm_frozen,clean,template,13,ctrl_codeswitch,bongo_0956,0,0.000249
bilstm_frozen,clean,template,13,ctrl_codeswitch,bongo_0971,0,0.000220
bilstm_frozen,clean,template,13,ctrl_codeswitch,bongo_0983,0,0.000463
bilstm_frozen,clean,template,13,ctrl_codeswitch,bongo_0994,0,0.003992
bilstm_frozen,clean,template,13,ctrl_codeswitch,bongo_1006,0,0.000371
bilstm_frozen,clean,template,13,ctrl_codeswitch,bongo_1015,0,0.000557
bilstm_frozen,clean,template,13,ctrl_codeswitch,bongo_1037,0,0.000614
bilstm_frozen,clean,template,13,ctrl_codeswitch,bongo_1040,0,0.000300
bilstm_frozen,clean,template,13,ctrl_codeswitch,bongo_1050,0,0.000802
bilstm_frozen,clean,template,13,ctrl_codeswitch,bongo_1059,0,0.000744
bilstm_frozen,clean,template,13,ctrl_codeswitch,bongo_1071,0,0.000295
bilstm_frozen,clean,template,13,ctrl_codeswitch,bongo_1090,0,0.000170
bilstm_frozen,clean,template,13,ctrl_codeswitch,bongo_1115,0,0.000232
bilstm_frozen,clean,template,13,ctrl_codeswitch,bongo_1123,0,0.000238
bilstm_frozen,clean,template,13,ctrl_codeswitch,bongo_1125,0,0.012666
bilstm_frozen,clean,template,13,ctrl_codeswitch,bongo_1135,0,0.001657
bilstm_frozen,clean,template,13,ctrl_codeswitch,bongo_1155,0,0.000215
bilstm_frozen,clean,template,13,ctrl_codeswitch,bongo_1194,0,0.000869
bilstm_frozen,clean,template,13,ctrl_codeswitch,bongo_1198,0,0.000356
bilstm_frozen,clean,template,13,ctrl_codeswitch,bongo_1236,0,0.000282
bilstm_frozen,clean,template,13,ctrl_codeswitch,bongo_1244,0,0.001438
bilstm_frozen,clean,template,13,ctrl_codeswitch,bongo_1249,0,0.000533
bilstm_frozen,clean,template,13,ctrl_codeswitch,bongo_1253,0,0.910899
bilstm_frozen,clean,template,13,ctrl_codeswitch,bongo_1260,0,0.000234
bilstm_frozen,clean,template,13,ctrl_codeswitch,bongo_1262,0,0.765511
bilstm_frozen,clean,template,13,ctrl_codeswitch,bongo_1285,0,0.000243
bilstm_frozen,clean,template,13,ctrl_codeswitch,bongo_1316,0,0.000311
bilstm_frozen,clean,template,13,ctrl_codeswitch,bongo_1330,0,0.044616
bilstm_frozen,clean,template,13,ctrl_codeswitch,bongo_1359,0,0.001260
bilstm_frozen,clean,template,13,ctrl_codeswitch,bongo_1375,0,0.000302
bilstm_frozen,clean,template,13,val+norm,bongo_0004,1,0.999814
bilstm_frozen,clean,template,13,val+norm,bongo_0007,1,0.971417
bilstm_frozen,clean,template,13,val+norm,bongo_0008,0,0.000228
bilstm_frozen,clean,template,13,val+norm,bongo_0031,1,0.999814
bilstm_frozen,clean,template,13,val+norm,bongo_0033,0,0.000234
bilstm_frozen,clean,template,13,val+norm,bongo_0036,1,0.999403
bilstm_frozen,clean,template,13,val+norm,bongo_0046,1,0.999812
bilstm_frozen,clean,template,13,val+norm,bongo_0052,1,0.999726
bilstm_frozen,clean,template,13,val+norm,bongo_0057,1,0.998830
bilstm_frozen,clean,template,13,val+norm,bongo_0063,0,0.000255
bilstm_frozen,clean,template,13,val+norm,bongo_0065,0,0.000328
bilstm_frozen,clean,template,13,val+norm,bongo_0076,0,0.000448
bilstm_frozen,clean,template,13,val+norm,bongo_0081,0,0.000197
bilstm_frozen,clean,template,13,val+norm,bongo_0088,1,0.999495
bilstm_frozen,clean,template,13,val+norm,bongo_0089,1,0.999814
bilstm_frozen,clean,template,13,val+norm,bongo_0095,0,0.000092
bilstm_frozen,clean,template,13,val+norm,bongo_0101,1,0.999241
bilstm_frozen,clean,template,13,val+norm,bongo_0102,1,0.999853
bilstm_frozen,clean,template,13,val+norm,bongo_0103,1,0.992528
bilstm_frozen,clean,template,13,val+norm,bongo_0105,0,0.000194
bilstm_frozen,clean,template,13,val+norm,bongo_0111,0,0.001027
bilstm_frozen,clean,template,13,val+norm,bongo_0120,1,0.999814
bilstm_frozen,clean,template,13,val+norm,bongo_0121,0,0.000239
bilstm_frozen,clean,template,13,val+norm,bongo_0127,0,0.000068
bilstm_frozen,clean,template,13,val+norm,bongo_0145,0,0.000426
bilstm_frozen,clean,template,13,val+norm,bongo_0148,0,0.001721
bilstm_frozen,clean,template,13,val+norm,bongo_0181,1,0.989690
bilstm_frozen,clean,template,13,val+norm,bongo_0186,0,0.000186
bilstm_frozen,clean,template,13,val+norm,bongo_0191,0,0.000838
bilstm_frozen,clean,template,13,val+norm,bongo_0210,1,0.999276
bilstm_frozen,clean,template,13,val+norm,bongo_0226,1,0.999814
bilstm_frozen,clean,template,13,val+norm,bongo_0228,1,0.999814
bilstm_frozen,clean,template,13,val+norm,bongo_0235,1,0.999814
bilstm_frozen,clean,template,13,val+norm,bongo_0243,1,0.999703
bilstm_frozen,clean,template,13,val+norm,bongo_0247,1,0.999637
bilstm_frozen,clean,template,13,val+norm,bongo_0248,1,0.999854
bilstm_frozen,clean,template,13,val+norm,bongo_0264,0,0.000920
bilstm_frozen,clean,template,13,val+norm,bongo_0275,0,0.000214
bilstm_frozen,clean,template,13,val+norm,bongo_0278,1,0.999711
bilstm_frozen,clean,template,13,val+norm,bongo_0312,1,0.999814
bilstm_frozen,clean,template,13,val+norm,bongo_0315,1,0.999355
bilstm_frozen,clean,template,13,val+norm,bongo_0319,1,0.999769
bilstm_frozen,clean,template,13,val+norm,bongo_0353,1,0.999635
bilstm_frozen,clean,template,13,val+norm,bongo_0370,1,0.998642
bilstm_frozen,clean,template,13,val+norm,bongo_0377,1,0.998280
bilstm_frozen,clean,template,13,val+norm,bongo_0393,0,0.000381
bilstm_frozen,clean,template,13,val+norm,bongo_0403,1,0.999847
bilstm_frozen,clean,template,13,val+norm,bongo_0410,0,0.000810
bilstm_frozen,clean,template,13,val+norm,bongo_0411,0,0.000271
bilstm_frozen,clean,template,13,val+norm,bongo_0426,0,0.000117
bilstm_frozen,clean,template,13,val+norm,bongo_0430,0,0.000985
bilstm_frozen,clean,template,13,val+norm,bongo_0438,1,0.998704
bilstm_frozen,clean,template,13,val+norm,bongo_0451,1,0.999297
bilstm_frozen,clean,template,13,val+norm,bongo_0455,1,0.999293
bilstm_frozen,clean,template,13,val+norm,bongo_0466,1,0.999494
bilstm_frozen,clean,template,13,val+norm,bongo_0495,0,0.001794
bilstm_frozen,clean,template,13,val+norm,bongo_0499,1,0.999861
bilstm_frozen,clean,template,13,val+norm,bongo_0502,1,0.999407
bilstm_frozen,clean,template,13,val+norm,bongo_0548,0,0.000322
bilstm_frozen,clean,template,13,val+norm,bongo_0556,1,0.999450
bilstm_frozen,clean,template,13,val+norm,bongo_0557,1,0.999409
bilstm_frozen,clean,template,13,val+norm,bongo_0561,0,0.002247
bilstm_frozen,clean,template,13,val+norm,bongo_0563,0,0.000197
bilstm_frozen,clean,template,13,val+norm,bongo_0570,1,0.999814
bilstm_frozen,clean,template,13,val+norm,bongo_0581,0,0.000240
bilstm_frozen,clean,template,13,val+norm,bongo_0587,1,0.999409
bilstm_frozen,clean,template,13,val+norm,bongo_0593,0,0.000172
bilstm_frozen,clean,template,13,val+norm,bongo_0607,0,0.000232
bilstm_frozen,clean,template,13,val+norm,bongo_0610,0,0.000369
bilstm_frozen,clean,template,13,val+norm,bongo_0632,1,0.999768
bilstm_frozen,clean,template,13,val+norm,bongo_0634,0,0.000331
bilstm_frozen,clean,template,13,val+norm,bongo_0637,1,0.999519
bilstm_frozen,clean,template,13,val+norm,bongo_0643,0,0.000287
bilstm_frozen,clean,template,13,val+norm,bongo_0666,1,0.999494
bilstm_frozen,clean,template,13,val+norm,bongo_0672,0,0.000423
bilstm_frozen,clean,template,13,val+norm,bongo_0680,1,0.999303
bilstm_frozen,clean,template,13,val+norm,bongo_0681,0,0.000261
bilstm_frozen,clean,template,13,val+norm,bongo_0693,0,0.000251
bilstm_frozen,clean,template,13,val+norm,bongo_0694,0,0.001493
bilstm_frozen,clean,template,13,val+norm,bongo_0698,1,0.999814
bilstm_frozen,clean,template,13,val+norm,bongo_0726,0,0.001479
bilstm_frozen,clean,template,13,val+norm,bongo_0742,0,0.000173
bilstm_frozen,clean,template,13,val+norm,bongo_0752,0,0.000244
bilstm_frozen,clean,template,13,val+norm,bongo_0754,0,0.000286
bilstm_frozen,clean,template,13,val+norm,bongo_0762,1,0.999215
bilstm_frozen,clean,template,13,val+norm,bongo_0764,1,0.999760
bilstm_frozen,clean,template,13,val+norm,bongo_0788,1,0.999703
bilstm_frozen,clean,template,13,val+norm,bongo_0805,0,0.000278
bilstm_frozen,clean,template,13,val+norm,bongo_0809,0,0.000998
bilstm_frozen,clean,template,13,val+norm,bongo_0811,1,0.999821
bilstm_frozen,clean,template,13,val+norm,bongo_0823,1,0.998146
bilstm_frozen,clean,template,13,val+norm,bongo_0827,1,0.999818
bilstm_frozen,clean,template,13,val+norm,bongo_0833,0,0.000767
bilstm_frozen,clean,template,13,val+norm,bongo_0844,1,0.999814
bilstm_frozen,clean,template,13,val+norm,bongo_0869,1,0.999617
bilstm_frozen,clean,template,13,val+norm,bongo_0880,1,0.999702
bilstm_frozen,clean,template,13,val+norm,bongo_0886,1,0.998902
bilstm_frozen,clean,template,13,val+norm,bongo_0911,1,0.997559
bilstm_frozen,clean,template,13,val+norm,bongo_0919,0,0.000600
bilstm_frozen,clean,template,13,val+norm,bongo_0921,1,0.999766
bilstm_frozen,clean,template,13,val+norm,bongo_0922,0,0.000423
bilstm_frozen,clean,template,13,val+norm,bongo_0923,1,0.999463
bilstm_frozen,clean,template,13,val+norm,bongo_0943,1,0.999479
bilstm_frozen,clean,template,13,val+norm,bongo_0948,1,0.999492
bilstm_frozen,clean,template,13,val+norm,bongo_0949,1,0.999197
bilstm_frozen,clean,template,13,val+norm,bongo_0959,1,0.998007
bilstm_frozen,clean,template,13,val+norm,bongo_0961,1,0.998635
bilstm_frozen,clean,template,13,val+norm,bongo_0973,0,0.000259
bilstm_frozen,clean,template,13,val+norm,bongo_0988,0,0.000307
bilstm_frozen,clean,template,13,val+norm,bongo_0992,0,0.004364
bilstm_frozen,clean,template,13,val+norm,bongo_1001,1,0.999800
bilstm_frozen,clean,template,13,val+norm,bongo_1028,1,0.999626
bilstm_frozen,clean,template,13,val+norm,bongo_1039,0,0.000203
bilstm_frozen,clean,template,13,val+norm,bongo_1044,0,0.000136
bilstm_frozen,clean,template,13,val+norm,bongo_1082,0,0.012145
bilstm_frozen,clean,template,13,val+norm,bongo_1086,1,0.972244
bilstm_frozen,clean,template,13,val+norm,bongo_1099,0,0.000748
bilstm_frozen,clean,template,13,val+norm,bongo_1101,1,0.999461
bilstm_frozen,clean,template,13,val+norm,bongo_1108,0,0.000168
bilstm_frozen,clean,template,13,val+norm,bongo_1109,0,0.000199
bilstm_frozen,clean,template,13,val+norm,bongo_1120,0,0.000160
bilstm_frozen,clean,template,13,val+norm,bongo_1124,0,0.000186
bilstm_frozen,clean,template,13,val+norm,bongo_1130,1,0.999774
bilstm_frozen,clean,template,13,val+norm,bongo_1132,1,0.999085
bilstm_frozen,clean,template,13,val+norm,bongo_1137,1,0.999381
bilstm_frozen,clean,template,13,val+norm,bongo_1145,0,0.000302
bilstm_frozen,clean,template,13,val+norm,bongo_1153,0,0.000303
bilstm_frozen,clean,template,13,val+norm,bongo_1161,0,0.001071
bilstm_frozen,clean,template,13,val+norm,bongo_1162,0,0.068208
bilstm_frozen,clean,template,13,val+norm,bongo_1163,1,0.999387
bilstm_frozen,clean,template,13,val+norm,bongo_1166,1,0.999729
bilstm_frozen,clean,template,13,val+norm,bongo_1197,1,0.998571
bilstm_frozen,clean,template,13,val+norm,bongo_1203,1,0.999743
bilstm_frozen,clean,template,13,val+norm,bongo_1212,0,0.000230
bilstm_frozen,clean,template,13,val+norm,bongo_1213,1,0.999227
bilstm_frozen,clean,template,13,val+norm,bongo_1216,0,0.001216
bilstm_frozen,clean,template,13,val+norm,bongo_1224,1,0.989859
bilstm_frozen,clean,template,13,val+norm,bongo_1247,1,0.997716
bilstm_frozen,clean,template,13,val+norm,bongo_1251,1,0.999815
bilstm_frozen,clean,template,13,val+norm,bongo_1257,1,0.998216
bilstm_frozen,clean,template,13,val+norm,bongo_1258,1,0.999814
bilstm_frozen,clean,template,13,val+norm,bongo_1265,0,0.000205
bilstm_frozen,clean,template,13,val+norm,bongo_1272,0,0.000680
bilstm_frozen,clean,template,13,val+norm,bongo_1275,0,0.000841
bilstm_frozen,clean,template,13,val+norm,bongo_1296,0,0.000101
bilstm_frozen,clean,template,13,val+norm,bongo_1299,1,0.999085
bilstm_frozen,clean,template,13,val+norm,bongo_1307,1,0.999438
bilstm_frozen,clean,template,13,val+norm,bongo_1328,0,0.000272
bilstm_frozen,clean,template,13,val+norm,bongo_1335,0,0.059875
bilstm_frozen,clean,template,13,val+norm,bongo_1341,0,0.000301
bilstm_frozen,clean,template,13,val+norm,bongo_1349,0,0.000239
bilstm_frozen,clean,template,13,val+norm,bongo_1360,0,0.000429
bilstm_frozen,clean,template,13,test+norm,bongo_0025,1,0.999412
bilstm_frozen,clean,template,13,test+norm,bongo_0029,0,0.015926
bilstm_frozen,clean,template,13,test+norm,bongo_0039,1,0.999701
bilstm_frozen,clean,template,13,test+norm,bongo_0047,1,0.999598
bilstm_frozen,clean,template,13,test+norm,bongo_0053,0,0.000213
bilstm_frozen,clean,template,13,test+norm,bongo_0055,1,0.000851
bilstm_frozen,clean,template,13,test+norm,bongo_0061,1,0.996565
bilstm_frozen,clean,template,13,test+norm,bongo_0097,0,0.001308
bilstm_frozen,clean,template,13,test+norm,bongo_0107,0,0.000084
bilstm_frozen,clean,template,13,test+norm,bongo_0110,0,0.000055
bilstm_frozen,clean,template,13,test+norm,bongo_0112,1,0.000839
bilstm_frozen,clean,template,13,test+norm,bongo_0115,0,0.002955
bilstm_frozen,clean,template,13,test+norm,bongo_0143,0,0.000372
bilstm_frozen,clean,template,13,test+norm,bongo_0146,1,0.999782
bilstm_frozen,clean,template,13,test+norm,bongo_0154,1,0.999467
bilstm_frozen,clean,template,13,test+norm,bongo_0159,1,0.000861
bilstm_frozen,clean,template,13,test+norm,bongo_0160,0,0.000164
bilstm_frozen,clean,template,13,test+norm,bongo_0172,0,0.782687
bilstm_frozen,clean,template,13,test+norm,bongo_0173,1,0.000681
bilstm_frozen,clean,template,13,test+norm,bongo_0175,0,0.000740
bilstm_frozen,clean,template,13,test+norm,bongo_0182,0,0.000291
bilstm_frozen,clean,template,13,test+norm,bongo_0195,1,0.998724
bilstm_frozen,clean,template,13,test+norm,bongo_0197,0,0.000188
bilstm_frozen,clean,template,13,test+norm,bongo_0201,1,0.999777
bilstm_frozen,clean,template,13,test+norm,bongo_0203,1,0.999855
bilstm_frozen,clean,template,13,test+norm,bongo_0250,1,0.000861
bilstm_frozen,clean,template,13,test+norm,bongo_0253,0,0.000316
bilstm_frozen,clean,template,13,test+norm,bongo_0255,1,0.000870
bilstm_frozen,clean,template,13,test+norm,bongo_0265,1,0.000697
bilstm_frozen,clean,template,13,test+norm,bongo_0271,0,0.000251
bilstm_frozen,clean,template,13,test+norm,bongo_0300,0,0.000185
bilstm_frozen,clean,template,13,test+norm,bongo_0306,0,0.000268
bilstm_frozen,clean,template,13,test+norm,bongo_0356,1,0.000831
bilstm_frozen,clean,template,13,test+norm,bongo_0360,1,0.999494
bilstm_frozen,clean,template,13,test+norm,bongo_0361,1,0.999854
bilstm_frozen,clean,template,13,test+norm,bongo_0363,0,0.000221
bilstm_frozen,clean,template,13,test+norm,bongo_0368,0,0.001293
bilstm_frozen,clean,template,13,test+norm,bongo_0372,0,0.000265
bilstm_frozen,clean,template,13,test+norm,bongo_0380,1,0.000842
bilstm_frozen,clean,template,13,test+norm,bongo_0389,0,0.000257
bilstm_frozen,clean,template,13,test+norm,bongo_0395,0,0.000543
bilstm_frozen,clean,template,13,test+norm,bongo_0405,1,0.999295
bilstm_frozen,clean,template,13,test+norm,bongo_0424,1,0.999764
bilstm_frozen,clean,template,13,test+norm,bongo_0427,0,0.002924
bilstm_frozen,clean,template,13,test+norm,bongo_0434,1,0.000851
bilstm_frozen,clean,template,13,test+norm,bongo_0463,0,0.002949
bilstm_frozen,clean,template,13,test+norm,bongo_0476,1,0.998845
bilstm_frozen,clean,template,13,test+norm,bongo_0510,1,0.999601
bilstm_frozen,clean,template,13,test+norm,bongo_0531,0,0.000346
bilstm_frozen,clean,template,13,test+norm,bongo_0542,0,0.000385
bilstm_frozen,clean,template,13,test+norm,bongo_0545,0,0.000391
bilstm_frozen,clean,template,13,test+norm,bongo_0560,1,0.971527
bilstm_frozen,clean,template,13,test+norm,bongo_0565,1,0.000601
bilstm_frozen,clean,template,13,test+norm,bongo_0566,1,0.999853
bilstm_frozen,clean,template,13,test+norm,bongo_0571,0,0.000196
bilstm_frozen,clean,template,13,test+norm,bongo_0577,1,0.999174
bilstm_frozen,clean,template,13,test+norm,bongo_0580,1,0.998828
bilstm_frozen,clean,template,13,test+norm,bongo_0621,1,0.998836
bilstm_frozen,clean,template,13,test+norm,bongo_0624,1,0.999462
bilstm_frozen,clean,template,13,test+norm,bongo_0630,0,0.000365
bilstm_frozen,clean,template,13,test+norm,bongo_0638,1,0.999815
bilstm_frozen,clean,template,13,test+norm,bongo_0648,0,0.021890
bilstm_frozen,clean,template,13,test+norm,bongo_0674,0,0.000081
bilstm_frozen,clean,template,13,test+norm,bongo_0685,0,0.027571
bilstm_frozen,clean,template,13,test+norm,bongo_0697,1,0.000601
bilstm_frozen,clean,template,13,test+norm,bongo_0701,0,0.000252
bilstm_frozen,clean,template,13,test+norm,bongo_0706,1,0.000829
bilstm_frozen,clean,template,13,test+norm,bongo_0719,1,0.000851
bilstm_frozen,clean,template,13,test+norm,bongo_0721,1,0.999138
bilstm_frozen,clean,template,13,test+norm,bongo_0724,1,0.000621
bilstm_frozen,clean,template,13,test+norm,bongo_0729,1,0.998281
bilstm_frozen,clean,template,13,test+norm,bongo_0741,0,0.000234
bilstm_frozen,clean,template,13,test+norm,bongo_0749,1,0.000833
bilstm_frozen,clean,template,13,test+norm,bongo_0769,1,0.999367
bilstm_frozen,clean,template,13,test+norm,bongo_0770,1,0.000851
bilstm_frozen,clean,template,13,test+norm,bongo_0778,1,0.000823
bilstm_frozen,clean,template,13,test+norm,bongo_0787,1,0.999494
bilstm_frozen,clean,template,13,test+norm,bongo_0795,0,0.000643
bilstm_frozen,clean,template,13,test+norm,bongo_0806,1,0.000621
bilstm_frozen,clean,template,13,test+norm,bongo_0807,1,0.999575
bilstm_frozen,clean,template,13,test+norm,bongo_0818,0,0.007304
bilstm_frozen,clean,template,13,test+norm,bongo_0819,0,0.000527
bilstm_frozen,clean,template,13,test+norm,bongo_0835,0,0.000150
bilstm_frozen,clean,template,13,test+norm,bongo_0840,1,0.999494
bilstm_frozen,clean,template,13,test+norm,bongo_0855,1,0.000608
bilstm_frozen,clean,template,13,test+norm,bongo_0856,0,0.000250
bilstm_frozen,clean,template,13,test+norm,bongo_0864,1,0.999702
bilstm_frozen,clean,template,13,test+norm,bongo_0871,1,0.999473
bilstm_frozen,clean,template,13,test+norm,bongo_0872,0,0.001244
bilstm_frozen,clean,template,13,test+norm,bongo_0904,0,0.001511
bilstm_frozen,clean,template,13,test+norm,bongo_0905,1,0.999710
bilstm_frozen,clean,template,13,test+norm,bongo_0909,1,0.999140
bilstm_frozen,clean,template,13,test+norm,bongo_0917,1,0.000881
bilstm_frozen,clean,template,13,test+norm,bongo_0918,1,0.999297
bilstm_frozen,clean,template,13,test+norm,bongo_0950,0,0.000178
bilstm_frozen,clean,template,13,test+norm,bongo_0955,1,0.999754
bilstm_frozen,clean,template,13,test+norm,bongo_0956,0,0.000249
bilstm_frozen,clean,template,13,test+norm,bongo_0971,0,0.000220
bilstm_frozen,clean,template,13,test+norm,bongo_0983,0,0.000463
bilstm_frozen,clean,template,13,test+norm,bongo_0989,1,0.999474
bilstm_frozen,clean,template,13,test+norm,bongo_0994,0,0.002226
bilstm_frozen,clean,template,13,test+norm,bongo_1003,1,0.971480
bilstm_frozen,clean,template,13,test+norm,bongo_1006,0,0.000340
bilstm_frozen,clean,template,13,test+norm,bongo_1012,1,0.000825
bilstm_frozen,clean,template,13,test+norm,bongo_1015,0,0.000557
bilstm_frozen,clean,template,13,test+norm,bongo_1022,1,0.000840
bilstm_frozen,clean,template,13,test+norm,bongo_1037,0,0.000614
bilstm_frozen,clean,template,13,test+norm,bongo_1040,0,0.000300
bilstm_frozen,clean,template,13,test+norm,bongo_1042,1,0.999235
bilstm_frozen,clean,template,13,test+norm,bongo_1047,1,0.999700
bilstm_frozen,clean,template,13,test+norm,bongo_1050,0,0.000802
bilstm_frozen,clean,template,13,test+norm,bongo_1052,1,0.999433
bilstm_frozen,clean,template,13,test+norm,bongo_1059,0,0.000744
bilstm_frozen,clean,template,13,test+norm,bongo_1071,0,0.000295
bilstm_frozen,clean,template,13,test+norm,bongo_1090,0,0.000170
bilstm_frozen,clean,template,13,test+norm,bongo_1104,1,0.999748
bilstm_frozen,clean,template,13,test+norm,bongo_1115,0,0.000232
bilstm_frozen,clean,template,13,test+norm,bongo_1123,0,0.000238
bilstm_frozen,clean,template,13,test+norm,bongo_1125,0,0.012666
bilstm_frozen,clean,template,13,test+norm,bongo_1127,1,0.000673
bilstm_frozen,clean,template,13,test+norm,bongo_1131,1,0.999808
bilstm_frozen,clean,template,13,test+norm,bongo_1134,1,0.000858
bilstm_frozen,clean,template,13,test+norm,bongo_1135,0,0.001657
bilstm_frozen,clean,template,13,test+norm,bongo_1136,1,0.999398
bilstm_frozen,clean,template,13,test+norm,bongo_1138,1,0.999701
bilstm_frozen,clean,template,13,test+norm,bongo_1140,1,0.999230
bilstm_frozen,clean,template,13,test+norm,bongo_1154,1,0.999844
bilstm_frozen,clean,template,13,test+norm,bongo_1155,0,0.000215
bilstm_frozen,clean,template,13,test+norm,bongo_1171,1,0.999747
bilstm_frozen,clean,template,13,test+norm,bongo_1181,1,0.998974
bilstm_frozen,clean,template,13,test+norm,bongo_1185,1,0.000836
bilstm_frozen,clean,template,13,test+norm,bongo_1194,0,0.000869
bilstm_frozen,clean,template,13,test+norm,bongo_1195,1,0.000600
bilstm_frozen,clean,template,13,test+norm,bongo_1198,0,0.000356
bilstm_frozen,clean,template,13,test+norm,bongo_1204,1,0.000853
bilstm_frozen,clean,template,13,test+norm,bongo_1220,1,0.999704
bilstm_frozen,clean,template,13,test+norm,bongo_1233,1,0.999853
bilstm_frozen,clean,template,13,test+norm,bongo_1236,0,0.000282
bilstm_frozen,clean,template,13,test+norm,bongo_1240,1,0.000870
bilstm_frozen,clean,template,13,test+norm,bongo_1244,0,0.000697
bilstm_frozen,clean,template,13,test+norm,bongo_1249,0,0.000533
bilstm_frozen,clean,template,13,test+norm,bongo_1253,0,0.910899
bilstm_frozen,clean,template,13,test+norm,bongo_1260,0,0.000234
bilstm_frozen,clean,template,13,test+norm,bongo_1262,0,0.765511
bilstm_frozen,clean,template,13,test+norm,bongo_1278,1,0.000852
bilstm_frozen,clean,template,13,test+norm,bongo_1285,0,0.000243
bilstm_frozen,clean,template,13,test+norm,bongo_1293,1,0.999740
bilstm_frozen,clean,template,13,test+norm,bongo_1316,0,0.000311
bilstm_frozen,clean,template,13,test+norm,bongo_1327,1,0.000847
bilstm_frozen,clean,template,13,test+norm,bongo_1330,0,0.044616
bilstm_frozen,clean,template,13,test+norm,bongo_1359,0,0.001240
bilstm_frozen,clean,template,13,test+norm,bongo_1375,0,0.000302
bilstm_frozen,clean,template,13,test_lookalike_1+norm,bongo_0025,1,0.999412
bilstm_frozen,clean,template,13,test_lookalike_1+norm,bongo_0029,0,0.015926
bilstm_frozen,clean,template,13,test_lookalike_1+norm,bongo_0039,1,0.999701
bilstm_frozen,clean,template,13,test_lookalike_1+norm,bongo_0047,1,0.999598
bilstm_frozen,clean,template,13,test_lookalike_1+norm,bongo_0053,0,0.000213
bilstm_frozen,clean,template,13,test_lookalike_1+norm,bongo_0055,1,0.000851
bilstm_frozen,clean,template,13,test_lookalike_1+norm,bongo_0061,1,0.996565
bilstm_frozen,clean,template,13,test_lookalike_1+norm,bongo_0097,0,0.001308
bilstm_frozen,clean,template,13,test_lookalike_1+norm,bongo_0107,0,0.000084
bilstm_frozen,clean,template,13,test_lookalike_1+norm,bongo_0110,0,0.000055
bilstm_frozen,clean,template,13,test_lookalike_1+norm,bongo_0112,1,0.000839
bilstm_frozen,clean,template,13,test_lookalike_1+norm,bongo_0115,0,0.002955
bilstm_frozen,clean,template,13,test_lookalike_1+norm,bongo_0143,0,0.000372
bilstm_frozen,clean,template,13,test_lookalike_1+norm,bongo_0146,1,0.999782
bilstm_frozen,clean,template,13,test_lookalike_1+norm,bongo_0154,1,0.999467
bilstm_frozen,clean,template,13,test_lookalike_1+norm,bongo_0159,1,0.000861
bilstm_frozen,clean,template,13,test_lookalike_1+norm,bongo_0160,0,0.000164
bilstm_frozen,clean,template,13,test_lookalike_1+norm,bongo_0172,0,0.782687
bilstm_frozen,clean,template,13,test_lookalike_1+norm,bongo_0173,1,0.000681
bilstm_frozen,clean,template,13,test_lookalike_1+norm,bongo_0175,0,0.000740
bilstm_frozen,clean,template,13,test_lookalike_1+norm,bongo_0182,0,0.000291
bilstm_frozen,clean,template,13,test_lookalike_1+norm,bongo_0195,1,0.998724
bilstm_frozen,clean,template,13,test_lookalike_1+norm,bongo_0197,0,0.000188
bilstm_frozen,clean,template,13,test_lookalike_1+norm,bongo_0201,1,0.999777
bilstm_frozen,clean,template,13,test_lookalike_1+norm,bongo_0203,1,0.999855
bilstm_frozen,clean,template,13,test_lookalike_1+norm,bongo_0250,1,0.000861
bilstm_frozen,clean,template,13,test_lookalike_1+norm,bongo_0253,0,0.000316
bilstm_frozen,clean,template,13,test_lookalike_1+norm,bongo_0255,1,0.000870
bilstm_frozen,clean,template,13,test_lookalike_1+norm,bongo_0265,1,0.000697
bilstm_frozen,clean,template,13,test_lookalike_1+norm,bongo_0271,0,0.000251
bilstm_frozen,clean,template,13,test_lookalike_1+norm,bongo_0300,0,0.000185
bilstm_frozen,clean,template,13,test_lookalike_1+norm,bongo_0306,0,0.000268
bilstm_frozen,clean,template,13,test_lookalike_1+norm,bongo_0356,1,0.000831
bilstm_frozen,clean,template,13,test_lookalike_1+norm,bongo_0360,1,0.999494
bilstm_frozen,clean,template,13,test_lookalike_1+norm,bongo_0361,1,0.999854
bilstm_frozen,clean,template,13,test_lookalike_1+norm,bongo_0363,0,0.000221
bilstm_frozen,clean,template,13,test_lookalike_1+norm,bongo_0368,0,0.001293
bilstm_frozen,clean,template,13,test_lookalike_1+norm,bongo_0372,0,0.000265
bilstm_frozen,clean,template,13,test_lookalike_1+norm,bongo_0380,1,0.000842
bilstm_frozen,clean,template,13,test_lookalike_1+norm,bongo_0389,0,0.000257
bilstm_frozen,clean,template,13,test_lookalike_1+norm,bongo_0395,0,0.000543
bilstm_frozen,clean,template,13,test_lookalike_1+norm,bongo_0405,1,0.999295
bilstm_frozen,clean,template,13,test_lookalike_1+norm,bongo_0424,1,0.999764
bilstm_frozen,clean,template,13,test_lookalike_1+norm,bongo_0427,0,0.002924
bilstm_frozen,clean,template,13,test_lookalike_1+norm,bongo_0434,1,0.000851
bilstm_frozen,clean,template,13,test_lookalike_1+norm,bongo_0463,0,0.002949
bilstm_frozen,clean,template,13,test_lookalike_1+norm,bongo_0476,1,0.998845
bilstm_frozen,clean,template,13,test_lookalike_1+norm,bongo_0510,1,0.999601
bilstm_frozen,clean,template,13,test_lookalike_1+norm,bongo_0531,0,0.000346
bilstm_frozen,clean,template,13,test_lookalike_1+norm,bongo_0542,0,0.000385
bilstm_frozen,clean,template,13,test_lookalike_1+norm,bongo_0545,0,0.000391
bilstm_frozen,clean,template,13,test_lookalike_1+norm,bongo_0560,1,0.971527
bilstm_frozen,clean,template,13,test_lookalike_1+norm,bongo_0565,1,0.000601
bilstm_frozen,clean,template,13,test_lookalike_1+norm,bongo_0566,1,0.999853
bilstm_frozen,clean,template,13,test_lookalike_1+norm,bongo_0571,0,0.000196
bilstm_frozen,clean,template,13,test_lookalike_1+norm,bongo_0577,1,0.999174
bilstm_frozen,clean,template,13,test_lookalike_1+norm,bongo_0580,1,0.998828
bilstm_frozen,clean,template,13,test_lookalike_1+norm,bongo_0621,1,0.998836
bilstm_frozen,clean,template,13,test_lookalike_1+norm,bongo_0624,1,0.999462
bilstm_frozen,clean,template,13,test_lookalike_1+norm,bongo_0630,0,0.000365
bilstm_frozen,clean,template,13,test_lookalike_1+norm,bongo_0638,1,0.999815
bilstm_frozen,clean,template,13,test_lookalike_1+norm,bongo_0648,0,0.021890
bilstm_frozen,clean,template,13,test_lookalike_1+norm,bongo_0674,0,0.000081
bilstm_frozen,clean,template,13,test_lookalike_1+norm,bongo_0685,0,0.027571
bilstm_frozen,clean,template,13,test_lookalike_1+norm,bongo_0697,1,0.000601
bilstm_frozen,clean,template,13,test_lookalike_1+norm,bongo_0701,0,0.000252
bilstm_frozen,clean,template,13,test_lookalike_1+norm,bongo_0706,1,0.000829
bilstm_frozen,clean,template,13,test_lookalike_1+norm,bongo_0719,1,0.000851
bilstm_frozen,clean,template,13,test_lookalike_1+norm,bongo_0721,1,0.998631
bilstm_frozen,clean,template,13,test_lookalike_1+norm,bongo_0724,1,0.000621
bilstm_frozen,clean,template,13,test_lookalike_1+norm,bongo_0729,1,0.998281
bilstm_frozen,clean,template,13,test_lookalike_1+norm,bongo_0741,0,0.000234
bilstm_frozen,clean,template,13,test_lookalike_1+norm,bongo_0749,1,0.000833
bilstm_frozen,clean,template,13,test_lookalike_1+norm,bongo_0769,1,0.999367
bilstm_frozen,clean,template,13,test_lookalike_1+norm,bongo_0770,1,0.000851
bilstm_frozen,clean,template,13,test_lookalike_1+norm,bongo_0778,1,0.000823
bilstm_frozen,clean,template,13,test_lookalike_1+norm,bongo_0787,1,0.999494
bilstm_frozen,clean,template,13,test_lookalike_1+norm,bongo_0795,0,0.000643
bilstm_frozen,clean,template,13,test_lookalike_1+norm,bongo_0806,1,0.000621
bilstm_frozen,clean,template,13,test_lookalike_1+norm,bongo_0807,1,0.999575
bilstm_frozen,clean,template,13,test_lookalike_1+norm,bongo_0818,0,0.007304
bilstm_frozen,clean,template,13,test_lookalike_1+norm,bongo_0819,0,0.000527
bilstm_frozen,clean,template,13,test_lookalike_1+norm,bongo_0835,0,0.000150
bilstm_frozen,clean,template,13,test_lookalike_1+norm,bongo_0840,1,0.999494
bilstm_frozen,clean,template,13,test_lookalike_1+norm,bongo_0855,1,0.000608
bilstm_frozen,clean,template,13,test_lookalike_1+norm,bongo_0856,0,0.000250
bilstm_frozen,clean,template,13,test_lookalike_1+norm,bongo_0864,1,0.999702
bilstm_frozen,clean,template,13,test_lookalike_1+norm,bongo_0871,1,0.999473
bilstm_frozen,clean,template,13,test_lookalike_1+norm,bongo_0872,0,0.001244
bilstm_frozen,clean,template,13,test_lookalike_1+norm,bongo_0904,0,0.001511
bilstm_frozen,clean,template,13,test_lookalike_1+norm,bongo_0905,1,0.999710
bilstm_frozen,clean,template,13,test_lookalike_1+norm,bongo_0909,1,0.999140
bilstm_frozen,clean,template,13,test_lookalike_1+norm,bongo_0917,1,0.000881
bilstm_frozen,clean,template,13,test_lookalike_1+norm,bongo_0918,1,0.999297
bilstm_frozen,clean,template,13,test_lookalike_1+norm,bongo_0950,0,0.000178
bilstm_frozen,clean,template,13,test_lookalike_1+norm,bongo_0955,1,0.999754
bilstm_frozen,clean,template,13,test_lookalike_1+norm,bongo_0956,0,0.000249
bilstm_frozen,clean,template,13,test_lookalike_1+norm,bongo_0971,0,0.000220
bilstm_frozen,clean,template,13,test_lookalike_1+norm,bongo_0983,0,0.000463
bilstm_frozen,clean,template,13,test_lookalike_1+norm,bongo_0989,1,0.999474
bilstm_frozen,clean,template,13,test_lookalike_1+norm,bongo_0994,0,0.002226
bilstm_frozen,clean,template,13,test_lookalike_1+norm,bongo_1003,1,0.971480
bilstm_frozen,clean,template,13,test_lookalike_1+norm,bongo_1006,0,0.000340
bilstm_frozen,clean,template,13,test_lookalike_1+norm,bongo_1012,1,0.000825
bilstm_frozen,clean,template,13,test_lookalike_1+norm,bongo_1015,0,0.000557
bilstm_frozen,clean,template,13,test_lookalike_1+norm,bongo_1022,1,0.000840
bilstm_frozen,clean,template,13,test_lookalike_1+norm,bongo_1037,0,0.000614
bilstm_frozen,clean,template,13,test_lookalike_1+norm,bongo_1040,0,0.000300
bilstm_frozen,clean,template,13,test_lookalike_1+norm,bongo_1042,1,0.999235
bilstm_frozen,clean,template,13,test_lookalike_1+norm,bongo_1047,1,0.999700
bilstm_frozen,clean,template,13,test_lookalike_1+norm,bongo_1050,0,0.000802
bilstm_frozen,clean,template,13,test_lookalike_1+norm,bongo_1052,1,0.999433
bilstm_frozen,clean,template,13,test_lookalike_1+norm,bongo_1059,0,0.000744
bilstm_frozen,clean,template,13,test_lookalike_1+norm,bongo_1071,0,0.000295
bilstm_frozen,clean,template,13,test_lookalike_1+norm,bongo_1090,0,0.000170
bilstm_frozen,clean,template,13,test_lookalike_1+norm,bongo_1104,1,0.999748
bilstm_frozen,clean,template,13,test_lookalike_1+norm,bongo_1115,0,0.000232
bilstm_frozen,clean,template,13,test_lookalike_1+norm,bongo_1123,0,0.000238
bilstm_frozen,clean,template,13,test_lookalike_1+norm,bongo_1125,0,0.012666
bilstm_frozen,clean,template,13,test_lookalike_1+norm,bongo_1127,1,0.000673
bilstm_frozen,clean,template,13,test_lookalike_1+norm,bongo_1131,1,0.999808
bilstm_frozen,clean,template,13,test_lookalike_1+norm,bongo_1134,1,0.000858
bilstm_frozen,clean,template,13,test_lookalike_1+norm,bongo_1135,0,0.001657
bilstm_frozen,clean,template,13,test_lookalike_1+norm,bongo_1136,1,0.999398
bilstm_frozen,clean,template,13,test_lookalike_1+norm,bongo_1138,1,0.999701
bilstm_frozen,clean,template,13,test_lookalike_1+norm,bongo_1140,1,0.999230
bilstm_frozen,clean,template,13,test_lookalike_1+norm,bongo_1154,1,0.999844
bilstm_frozen,clean,template,13,test_lookalike_1+norm,bongo_1155,0,0.000215
bilstm_frozen,clean,template,13,test_lookalike_1+norm,bongo_1171,1,0.999747
bilstm_frozen,clean,template,13,test_lookalike_1+norm,bongo_1181,1,0.998974
bilstm_frozen,clean,template,13,test_lookalike_1+norm,bongo_1185,1,0.000836
bilstm_frozen,clean,template,13,test_lookalike_1+norm,bongo_1194,0,0.000869
bilstm_frozen,clean,template,13,test_lookalike_1+norm,bongo_1195,1,0.000600
bilstm_frozen,clean,template,13,test_lookalike_1+norm,bongo_1198,0,0.000356
bilstm_frozen,clean,template,13,test_lookalike_1+norm,bongo_1204,1,0.000853
bilstm_frozen,clean,template,13,test_lookalike_1+norm,bongo_1220,1,0.999620
bilstm_frozen,clean,template,13,test_lookalike_1+norm,bongo_1233,1,0.999853
bilstm_frozen,clean,template,13,test_lookalike_1+norm,bongo_1236,0,0.000282
bilstm_frozen,clean,template,13,test_lookalike_1+norm,bongo_1240,1,0.000870
bilstm_frozen,clean,template,13,test_lookalike_1+norm,bongo_1244,0,0.000697
bilstm_frozen,clean,template,13,test_lookalike_1+norm,bongo_1249,0,0.000533
bilstm_frozen,clean,template,13,test_lookalike_1+norm,bongo_1253,0,0.910899
bilstm_frozen,clean,template,13,test_lookalike_1+norm,bongo_1260,0,0.000234
bilstm_frozen,clean,template,13,test_lookalike_1+norm,bongo_1262,0,0.765511
bilstm_frozen,clean,template,13,test_lookalike_1+norm,bongo_1278,1,0.000852
bilstm_frozen,clean,template,13,test_lookalike_1+norm,bongo_1285,0,0.000243
bilstm_frozen,clean,template,13,test_lookalike_1+norm,bongo_1293,1,0.999740
bilstm_frozen,clean,template,13,test_lookalike_1+norm,bongo_1316,0,0.000311
bilstm_frozen,clean,template,13,test_lookalike_1+norm,bongo_1327,1,0.000847
bilstm_frozen,clean,template,13,test_lookalike_1+norm,bongo_1330,0,0.044616
bilstm_frozen,clean,template,13,test_lookalike_1+norm,bongo_1359,0,0.001240
bilstm_frozen,clean,template,13,test_lookalike_1+norm,bongo_1375,0,0.000302
bilstm_frozen,clean,template,13,test_lookalike_3+norm,bongo_0025,1,0.999412
bilstm_frozen,clean,template,13,test_lookalike_3+norm,bongo_0029,0,0.015926
bilstm_frozen,clean,template,13,test_lookalike_3+norm,bongo_0039,1,0.999701
bilstm_frozen,clean,template,13,test_lookalike_3+norm,bongo_0047,1,0.999598
bilstm_frozen,clean,template,13,test_lookalike_3+norm,bongo_0053,0,0.000213
bilstm_frozen,clean,template,13,test_lookalike_3+norm,bongo_0055,1,0.000851
bilstm_frozen,clean,template,13,test_lookalike_3+norm,bongo_0061,1,0.996565
bilstm_frozen,clean,template,13,test_lookalike_3+norm,bongo_0097,0,0.001308
bilstm_frozen,clean,template,13,test_lookalike_3+norm,bongo_0107,0,0.000084
bilstm_frozen,clean,template,13,test_lookalike_3+norm,bongo_0110,0,0.000055
bilstm_frozen,clean,template,13,test_lookalike_3+norm,bongo_0112,1,0.000839
bilstm_frozen,clean,template,13,test_lookalike_3+norm,bongo_0115,0,0.002955
bilstm_frozen,clean,template,13,test_lookalike_3+norm,bongo_0143,0,0.000372
bilstm_frozen,clean,template,13,test_lookalike_3+norm,bongo_0146,1,0.999782
bilstm_frozen,clean,template,13,test_lookalike_3+norm,bongo_0154,1,0.999467
bilstm_frozen,clean,template,13,test_lookalike_3+norm,bongo_0159,1,0.000861
bilstm_frozen,clean,template,13,test_lookalike_3+norm,bongo_0160,0,0.000164
bilstm_frozen,clean,template,13,test_lookalike_3+norm,bongo_0172,0,0.782687
bilstm_frozen,clean,template,13,test_lookalike_3+norm,bongo_0173,1,0.000681
bilstm_frozen,clean,template,13,test_lookalike_3+norm,bongo_0175,0,0.000740
bilstm_frozen,clean,template,13,test_lookalike_3+norm,bongo_0182,0,0.000291
bilstm_frozen,clean,template,13,test_lookalike_3+norm,bongo_0195,1,0.998724
bilstm_frozen,clean,template,13,test_lookalike_3+norm,bongo_0197,0,0.000188
bilstm_frozen,clean,template,13,test_lookalike_3+norm,bongo_0201,1,0.999777
bilstm_frozen,clean,template,13,test_lookalike_3+norm,bongo_0203,1,0.999855
bilstm_frozen,clean,template,13,test_lookalike_3+norm,bongo_0250,1,0.000861
bilstm_frozen,clean,template,13,test_lookalike_3+norm,bongo_0253,0,0.000316
bilstm_frozen,clean,template,13,test_lookalike_3+norm,bongo_0255,1,0.000870
bilstm_frozen,clean,template,13,test_lookalike_3+norm,bongo_0265,1,0.000697
bilstm_frozen,clean,template,13,test_lookalike_3+norm,bongo_0271,0,0.000251
bilstm_frozen,clean,template,13,test_lookalike_3+norm,bongo_0300,0,0.000185
bilstm_frozen,clean,template,13,test_lookalike_3+norm,bongo_0306,0,0.000268
bilstm_frozen,clean,template,13,test_lookalike_3+norm,bongo_0356,1,0.000831
bilstm_frozen,clean,template,13,test_lookalike_3+norm,bongo_0360,1,0.999494
bilstm_frozen,clean,template,13,test_lookalike_3+norm,bongo_0361,1,0.999854
bilstm_frozen,clean,template,13,test_lookalike_3+norm,bongo_0363,0,0.000221
bilstm_frozen,clean,template,13,test_lookalike_3+norm,bongo_0368,0,0.001293
bilstm_frozen,clean,template,13,test_lookalike_3+norm,bongo_0372,0,0.000265
bilstm_frozen,clean,template,13,test_lookalike_3+norm,bongo_0380,1,0.000842
bilstm_frozen,clean,template,13,test_lookalike_3+norm,bongo_0389,0,0.000257
bilstm_frozen,clean,template,13,test_lookalike_3+norm,bongo_0395,0,0.000543
bilstm_frozen,clean,template,13,test_lookalike_3+norm,bongo_0405,1,0.999295
bilstm_frozen,clean,template,13,test_lookalike_3+norm,bongo_0424,1,0.999764
bilstm_frozen,clean,template,13,test_lookalike_3+norm,bongo_0427,0,0.002924
bilstm_frozen,clean,template,13,test_lookalike_3+norm,bongo_0434,1,0.000851
bilstm_frozen,clean,template,13,test_lookalike_3+norm,bongo_0463,0,0.002949
bilstm_frozen,clean,template,13,test_lookalike_3+norm,bongo_0476,1,0.998845
bilstm_frozen,clean,template,13,test_lookalike_3+norm,bongo_0510,1,0.999601
bilstm_frozen,clean,template,13,test_lookalike_3+norm,bongo_0531,0,0.000346
bilstm_frozen,clean,template,13,test_lookalike_3+norm,bongo_0542,0,0.000385
bilstm_frozen,clean,template,13,test_lookalike_3+norm,bongo_0545,0,0.000391
bilstm_frozen,clean,template,13,test_lookalike_3+norm,bongo_0560,1,0.971527
bilstm_frozen,clean,template,13,test_lookalike_3+norm,bongo_0565,1,0.000601
bilstm_frozen,clean,template,13,test_lookalike_3+norm,bongo_0566,1,0.999853
bilstm_frozen,clean,template,13,test_lookalike_3+norm,bongo_0571,0,0.000196
bilstm_frozen,clean,template,13,test_lookalike_3+norm,bongo_0577,1,0.999174
bilstm_frozen,clean,template,13,test_lookalike_3+norm,bongo_0580,1,0.998828
bilstm_frozen,clean,template,13,test_lookalike_3+norm,bongo_0621,1,0.998836
bilstm_frozen,clean,template,13,test_lookalike_3+norm,bongo_0624,1,0.999462
bilstm_frozen,clean,template,13,test_lookalike_3+norm,bongo_0630,0,0.000365
bilstm_frozen,clean,template,13,test_lookalike_3+norm,bongo_0638,1,0.999815
bilstm_frozen,clean,template,13,test_lookalike_3+norm,bongo_0648,0,0.021890
bilstm_frozen,clean,template,13,test_lookalike_3+norm,bongo_0674,0,0.000081
bilstm_frozen,clean,template,13,test_lookalike_3+norm,bongo_0685,0,0.027571
bilstm_frozen,clean,template,13,test_lookalike_3+norm,bongo_0697,1,0.000601
bilstm_frozen,clean,template,13,test_lookalike_3+norm,bongo_0701,0,0.000252
bilstm_frozen,clean,template,13,test_lookalike_3+norm,bongo_0706,1,0.000829
bilstm_frozen,clean,template,13,test_lookalike_3+norm,bongo_0719,1,0.000851
bilstm_frozen,clean,template,13,test_lookalike_3+norm,bongo_0721,1,0.999138
bilstm_frozen,clean,template,13,test_lookalike_3+norm,bongo_0724,1,0.000621
bilstm_frozen,clean,template,13,test_lookalike_3+norm,bongo_0729,1,0.998281
bilstm_frozen,clean,template,13,test_lookalike_3+norm,bongo_0741,0,0.000234
bilstm_frozen,clean,template,13,test_lookalike_3+norm,bongo_0749,1,0.000833
bilstm_frozen,clean,template,13,test_lookalike_3+norm,bongo_0769,1,0.999367
bilstm_frozen,clean,template,13,test_lookalike_3+norm,bongo_0770,1,0.000851
bilstm_frozen,clean,template,13,test_lookalike_3+norm,bongo_0778,1,0.000823
bilstm_frozen,clean,template,13,test_lookalike_3+norm,bongo_0787,1,0.999494
bilstm_frozen,clean,template,13,test_lookalike_3+norm,bongo_0795,0,0.000643
bilstm_frozen,clean,template,13,test_lookalike_3+norm,bongo_0806,1,0.000621
bilstm_frozen,clean,template,13,test_lookalike_3+norm,bongo_0807,1,0.999575
bilstm_frozen,clean,template,13,test_lookalike_3+norm,bongo_0818,0,0.007304
bilstm_frozen,clean,template,13,test_lookalike_3+norm,bongo_0819,0,0.000527
bilstm_frozen,clean,template,13,test_lookalike_3+norm,bongo_0835,0,0.000150
bilstm_frozen,clean,template,13,test_lookalike_3+norm,bongo_0840,1,0.999494
bilstm_frozen,clean,template,13,test_lookalike_3+norm,bongo_0855,1,0.000608
bilstm_frozen,clean,template,13,test_lookalike_3+norm,bongo_0856,0,0.000250
bilstm_frozen,clean,template,13,test_lookalike_3+norm,bongo_0864,1,0.999702
bilstm_frozen,clean,template,13,test_lookalike_3+norm,bongo_0871,1,0.999473
bilstm_frozen,clean,template,13,test_lookalike_3+norm,bongo_0872,0,0.001244
bilstm_frozen,clean,template,13,test_lookalike_3+norm,bongo_0904,0,0.001511
bilstm_frozen,clean,template,13,test_lookalike_3+norm,bongo_0905,1,0.999710
bilstm_frozen,clean,template,13,test_lookalike_3+norm,bongo_0909,1,0.999140
bilstm_frozen,clean,template,13,test_lookalike_3+norm,bongo_0917,1,0.000881
bilstm_frozen,clean,template,13,test_lookalike_3+norm,bongo_0918,1,0.999297
bilstm_frozen,clean,template,13,test_lookalike_3+norm,bongo_0950,0,0.000178
bilstm_frozen,clean,template,13,test_lookalike_3+norm,bongo_0955,1,0.999754
bilstm_frozen,clean,template,13,test_lookalike_3+norm,bongo_0956,0,0.000249
bilstm_frozen,clean,template,13,test_lookalike_3+norm,bongo_0971,0,0.000220
bilstm_frozen,clean,template,13,test_lookalike_3+norm,bongo_0983,0,0.000463
bilstm_frozen,clean,template,13,test_lookalike_3+norm,bongo_0989,1,0.999474
bilstm_frozen,clean,template,13,test_lookalike_3+norm,bongo_0994,0,0.002226
bilstm_frozen,clean,template,13,test_lookalike_3+norm,bongo_1003,1,0.971480
bilstm_frozen,clean,template,13,test_lookalike_3+norm,bongo_1006,0,0.000340
bilstm_frozen,clean,template,13,test_lookalike_3+norm,bongo_1012,1,0.000825
bilstm_frozen,clean,template,13,test_lookalike_3+norm,bongo_1015,0,0.000557
bilstm_frozen,clean,template,13,test_lookalike_3+norm,bongo_1022,1,0.000840
bilstm_frozen,clean,template,13,test_lookalike_3+norm,bongo_1037,0,0.000614
bilstm_frozen,clean,template,13,test_lookalike_3+norm,bongo_1040,0,0.000300
bilstm_frozen,clean,template,13,test_lookalike_3+norm,bongo_1042,1,0.999235
bilstm_frozen,clean,template,13,test_lookalike_3+norm,bongo_1047,1,0.999700
bilstm_frozen,clean,template,13,test_lookalike_3+norm,bongo_1050,0,0.000802
bilstm_frozen,clean,template,13,test_lookalike_3+norm,bongo_1052,1,0.999433
bilstm_frozen,clean,template,13,test_lookalike_3+norm,bongo_1059,0,0.000744
bilstm_frozen,clean,template,13,test_lookalike_3+norm,bongo_1071,0,0.000295
bilstm_frozen,clean,template,13,test_lookalike_3+norm,bongo_1090,0,0.000170
bilstm_frozen,clean,template,13,test_lookalike_3+norm,bongo_1104,1,0.999748
bilstm_frozen,clean,template,13,test_lookalike_3+norm,bongo_1115,0,0.000232
bilstm_frozen,clean,template,13,test_lookalike_3+norm,bongo_1123,0,0.000238
bilstm_frozen,clean,template,13,test_lookalike_3+norm,bongo_1125,0,0.012666
bilstm_frozen,clean,template,13,test_lookalike_3+norm,bongo_1127,1,0.000673
bilstm_frozen,clean,template,13,test_lookalike_3+norm,bongo_1131,1,0.999808
bilstm_frozen,clean,template,13,test_lookalike_3+norm,bongo_1134,1,0.000858
bilstm_frozen,clean,template,13,test_lookalike_3+norm,bongo_1135,0,0.001657
bilstm_frozen,clean,template,13,test_lookalike_3+norm,bongo_1136,1,0.999398
bilstm_frozen,clean,template,13,test_lookalike_3+norm,bongo_1138,1,0.999701
bilstm_frozen,clean,template,13,test_lookalike_3+norm,bongo_1140,1,0.999230
bilstm_frozen,clean,template,13,test_lookalike_3+norm,bongo_1154,1,0.999844
bilstm_frozen,clean,template,13,test_lookalike_3+norm,bongo_1155,0,0.000215
bilstm_frozen,clean,template,13,test_lookalike_3+norm,bongo_1171,1,0.999747
bilstm_frozen,clean,template,13,test_lookalike_3+norm,bongo_1181,1,0.998974
bilstm_frozen,clean,template,13,test_lookalike_3+norm,bongo_1185,1,0.000836
bilstm_frozen,clean,template,13,test_lookalike_3+norm,bongo_1194,0,0.000869
bilstm_frozen,clean,template,13,test_lookalike_3+norm,bongo_1195,1,0.000600
bilstm_frozen,clean,template,13,test_lookalike_3+norm,bongo_1198,0,0.000356
bilstm_frozen,clean,template,13,test_lookalike_3+norm,bongo_1204,1,0.000853
bilstm_frozen,clean,template,13,test_lookalike_3+norm,bongo_1220,1,0.999704
bilstm_frozen,clean,template,13,test_lookalike_3+norm,bongo_1233,1,0.999853
bilstm_frozen,clean,template,13,test_lookalike_3+norm,bongo_1236,0,0.000282
bilstm_frozen,clean,template,13,test_lookalike_3+norm,bongo_1240,1,0.000870
bilstm_frozen,clean,template,13,test_lookalike_3+norm,bongo_1244,0,0.000697
bilstm_frozen,clean,template,13,test_lookalike_3+norm,bongo_1249,0,0.000533
bilstm_frozen,clean,template,13,test_lookalike_3+norm,bongo_1253,0,0.910899
bilstm_frozen,clean,template,13,test_lookalike_3+norm,bongo_1260,0,0.000234
bilstm_frozen,clean,template,13,test_lookalike_3+norm,bongo_1262,0,0.765511
bilstm_frozen,clean,template,13,test_lookalike_3+norm,bongo_1278,1,0.000852
bilstm_frozen,clean,template,13,test_lookalike_3+norm,bongo_1285,0,0.000243
bilstm_frozen,clean,template,13,test_lookalike_3+norm,bongo_1293,1,0.999740
bilstm_frozen,clean,template,13,test_lookalike_3+norm,bongo_1316,0,0.000311
bilstm_frozen,clean,template,13,test_lookalike_3+norm,bongo_1327,1,0.000847
bilstm_frozen,clean,template,13,test_lookalike_3+norm,bongo_1330,0,0.044616
bilstm_frozen,clean,template,13,test_lookalike_3+norm,bongo_1359,0,0.001240
bilstm_frozen,clean,template,13,test_lookalike_3+norm,bongo_1375,0,0.000302
bilstm_frozen,clean,template,13,test_lookalike_all+norm,bongo_0025,1,0.999412
bilstm_frozen,clean,template,13,test_lookalike_all+norm,bongo_0029,0,0.015926
bilstm_frozen,clean,template,13,test_lookalike_all+norm,bongo_0039,1,0.999701
bilstm_frozen,clean,template,13,test_lookalike_all+norm,bongo_0047,1,0.999598
bilstm_frozen,clean,template,13,test_lookalike_all+norm,bongo_0053,0,0.000213
bilstm_frozen,clean,template,13,test_lookalike_all+norm,bongo_0055,1,0.000875
bilstm_frozen,clean,template,13,test_lookalike_all+norm,bongo_0061,1,0.996565
bilstm_frozen,clean,template,13,test_lookalike_all+norm,bongo_0097,0,0.001308
bilstm_frozen,clean,template,13,test_lookalike_all+norm,bongo_0107,0,0.000084
bilstm_frozen,clean,template,13,test_lookalike_all+norm,bongo_0110,0,0.000055
bilstm_frozen,clean,template,13,test_lookalike_all+norm,bongo_0112,1,0.000839
bilstm_frozen,clean,template,13,test_lookalike_all+norm,bongo_0115,0,0.002955
bilstm_frozen,clean,template,13,test_lookalike_all+norm,bongo_0143,0,0.000372
bilstm_frozen,clean,template,13,test_lookalike_all+norm,bongo_0146,1,0.999782
bilstm_frozen,clean,template,13,test_lookalike_all+norm,bongo_0154,1,0.999472
bilstm_frozen,clean,template,13,test_lookalike_all+norm,bongo_0159,1,0.000861
bilstm_frozen,clean,template,13,test_lookalike_all+norm,bongo_0160,0,0.000164
bilstm_frozen,clean,template,13,test_lookalike_all+norm,bongo_0172,0,0.782687
bilstm_frozen,clean,template,13,test_lookalike_all+norm,bongo_0173,1,0.000681
bilstm_frozen,clean,template,13,test_lookalike_all+norm,bongo_0175,0,0.000740
bilstm_frozen,clean,template,13,test_lookalike_all+norm,bongo_0182,0,0.000291
bilstm_frozen,clean,template,13,test_lookalike_all+norm,bongo_0195,1,0.998724
bilstm_frozen,clean,template,13,test_lookalike_all+norm,bongo_0197,0,0.000188
bilstm_frozen,clean,template,13,test_lookalike_all+norm,bongo_0201,1,0.999777
bilstm_frozen,clean,template,13,test_lookalike_all+norm,bongo_0203,1,0.999855
bilstm_frozen,clean,template,13,test_lookalike_all+norm,bongo_0250,1,0.000861
bilstm_frozen,clean,template,13,test_lookalike_all+norm,bongo_0253,0,0.000316
bilstm_frozen,clean,template,13,test_lookalike_all+norm,bongo_0255,1,0.000870
bilstm_frozen,clean,template,13,test_lookalike_all+norm,bongo_0265,1,0.000697
bilstm_frozen,clean,template,13,test_lookalike_all+norm,bongo_0271,0,0.000251
bilstm_frozen,clean,template,13,test_lookalike_all+norm,bongo_0300,0,0.000185
bilstm_frozen,clean,template,13,test_lookalike_all+norm,bongo_0306,0,0.000268
bilstm_frozen,clean,template,13,test_lookalike_all+norm,bongo_0356,1,0.000831
bilstm_frozen,clean,template,13,test_lookalike_all+norm,bongo_0360,1,0.999498
bilstm_frozen,clean,template,13,test_lookalike_all+norm,bongo_0361,1,0.999854
bilstm_frozen,clean,template,13,test_lookalike_all+norm,bongo_0363,0,0.000221
bilstm_frozen,clean,template,13,test_lookalike_all+norm,bongo_0368,0,0.001293
bilstm_frozen,clean,template,13,test_lookalike_all+norm,bongo_0372,0,0.000265
bilstm_frozen,clean,template,13,test_lookalike_all+norm,bongo_0380,1,0.000842
bilstm_frozen,clean,template,13,test_lookalike_all+norm,bongo_0389,0,0.000257
bilstm_frozen,clean,template,13,test_lookalike_all+norm,bongo_0395,0,0.000543
bilstm_frozen,clean,template,13,test_lookalike_all+norm,bongo_0405,1,0.999295
bilstm_frozen,clean,template,13,test_lookalike_all+norm,bongo_0424,1,0.999764
bilstm_frozen,clean,template,13,test_lookalike_all+norm,bongo_0427,0,0.002924
bilstm_frozen,clean,template,13,test_lookalike_all+norm,bongo_0434,1,0.000851
bilstm_frozen,clean,template,13,test_lookalike_all+norm,bongo_0463,0,0.002949
bilstm_frozen,clean,template,13,test_lookalike_all+norm,bongo_0476,1,0.998845
bilstm_frozen,clean,template,13,test_lookalike_all+norm,bongo_0510,1,0.999601
bilstm_frozen,clean,template,13,test_lookalike_all+norm,bongo_0531,0,0.000346
bilstm_frozen,clean,template,13,test_lookalike_all+norm,bongo_0542,0,0.000385
bilstm_frozen,clean,template,13,test_lookalike_all+norm,bongo_0545,0,0.000391
bilstm_frozen,clean,template,13,test_lookalike_all+norm,bongo_0560,1,0.971527
bilstm_frozen,clean,template,13,test_lookalike_all+norm,bongo_0565,1,0.000617
bilstm_frozen,clean,template,13,test_lookalike_all+norm,bongo_0566,1,0.999853
bilstm_frozen,clean,template,13,test_lookalike_all+norm,bongo_0571,0,0.000196
bilstm_frozen,clean,template,13,test_lookalike_all+norm,bongo_0577,1,0.999174
bilstm_frozen,clean,template,13,test_lookalike_all+norm,bongo_0580,1,0.998828
bilstm_frozen,clean,template,13,test_lookalike_all+norm,bongo_0621,1,0.998836
bilstm_frozen,clean,template,13,test_lookalike_all+norm,bongo_0624,1,0.999462
bilstm_frozen,clean,template,13,test_lookalike_all+norm,bongo_0630,0,0.000365
bilstm_frozen,clean,template,13,test_lookalike_all+norm,bongo_0638,1,0.999815
bilstm_frozen,clean,template,13,test_lookalike_all+norm,bongo_0648,0,0.021890
bilstm_frozen,clean,template,13,test_lookalike_all+norm,bongo_0674,0,0.000081
bilstm_frozen,clean,template,13,test_lookalike_all+norm,bongo_0685,0,0.027571
bilstm_frozen,clean,template,13,test_lookalike_all+norm,bongo_0697,1,0.000601
bilstm_frozen,clean,template,13,test_lookalike_all+norm,bongo_0701,0,0.000252
bilstm_frozen,clean,template,13,test_lookalike_all+norm,bongo_0706,1,0.000829
bilstm_frozen,clean,template,13,test_lookalike_all+norm,bongo_0719,1,0.000851
bilstm_frozen,clean,template,13,test_lookalike_all+norm,bongo_0721,1,0.999138
bilstm_frozen,clean,template,13,test_lookalike_all+norm,bongo_0724,1,0.000621
bilstm_frozen,clean,template,13,test_lookalike_all+norm,bongo_0729,1,0.998281
bilstm_frozen,clean,template,13,test_lookalike_all+norm,bongo_0741,0,0.000234
bilstm_frozen,clean,template,13,test_lookalike_all+norm,bongo_0749,1,0.000833
bilstm_frozen,clean,template,13,test_lookalike_all+norm,bongo_0769,1,0.999367
bilstm_frozen,clean,template,13,test_lookalike_all+norm,bongo_0770,1,0.000851
bilstm_frozen,clean,template,13,test_lookalike_all+norm,bongo_0778,1,0.000823
bilstm_frozen,clean,template,13,test_lookalike_all+norm,bongo_0787,1,0.999494
bilstm_frozen,clean,template,13,test_lookalike_all+norm,bongo_0795,0,0.000643
bilstm_frozen,clean,template,13,test_lookalike_all+norm,bongo_0806,1,0.000621
bilstm_frozen,clean,template,13,test_lookalike_all+norm,bongo_0807,1,0.999575
bilstm_frozen,clean,template,13,test_lookalike_all+norm,bongo_0818,0,0.007304
bilstm_frozen,clean,template,13,test_lookalike_all+norm,bongo_0819,0,0.000527
bilstm_frozen,clean,template,13,test_lookalike_all+norm,bongo_0835,0,0.000150
bilstm_frozen,clean,template,13,test_lookalike_all+norm,bongo_0840,1,0.999494
bilstm_frozen,clean,template,13,test_lookalike_all+norm,bongo_0855,1,0.000608
bilstm_frozen,clean,template,13,test_lookalike_all+norm,bongo_0856,0,0.000250
bilstm_frozen,clean,template,13,test_lookalike_all+norm,bongo_0864,1,0.999702
bilstm_frozen,clean,template,13,test_lookalike_all+norm,bongo_0871,1,0.999473
bilstm_frozen,clean,template,13,test_lookalike_all+norm,bongo_0872,0,0.001244
bilstm_frozen,clean,template,13,test_lookalike_all+norm,bongo_0904,0,0.001511
bilstm_frozen,clean,template,13,test_lookalike_all+norm,bongo_0905,1,0.999710
bilstm_frozen,clean,template,13,test_lookalike_all+norm,bongo_0909,1,0.999140
bilstm_frozen,clean,template,13,test_lookalike_all+norm,bongo_0917,1,0.000904
bilstm_frozen,clean,template,13,test_lookalike_all+norm,bongo_0918,1,0.999297
bilstm_frozen,clean,template,13,test_lookalike_all+norm,bongo_0950,0,0.000178
bilstm_frozen,clean,template,13,test_lookalike_all+norm,bongo_0955,1,0.999754
bilstm_frozen,clean,template,13,test_lookalike_all+norm,bongo_0956,0,0.000249
bilstm_frozen,clean,template,13,test_lookalike_all+norm,bongo_0971,0,0.000220
bilstm_frozen,clean,template,13,test_lookalike_all+norm,bongo_0983,0,0.000463
bilstm_frozen,clean,template,13,test_lookalike_all+norm,bongo_0989,1,0.999474
bilstm_frozen,clean,template,13,test_lookalike_all+norm,bongo_0994,0,0.002226
bilstm_frozen,clean,template,13,test_lookalike_all+norm,bongo_1003,1,0.971480
bilstm_frozen,clean,template,13,test_lookalike_all+norm,bongo_1006,0,0.000340
bilstm_frozen,clean,template,13,test_lookalike_all+norm,bongo_1012,1,0.000836
bilstm_frozen,clean,template,13,test_lookalike_all+norm,bongo_1015,0,0.000557
bilstm_frozen,clean,template,13,test_lookalike_all+norm,bongo_1022,1,0.000864
bilstm_frozen,clean,template,13,test_lookalike_all+norm,bongo_1037,0,0.000614
bilstm_frozen,clean,template,13,test_lookalike_all+norm,bongo_1040,0,0.000300
bilstm_frozen,clean,template,13,test_lookalike_all+norm,bongo_1042,1,0.999235
bilstm_frozen,clean,template,13,test_lookalike_all+norm,bongo_1047,1,0.999700
bilstm_frozen,clean,template,13,test_lookalike_all+norm,bongo_1050,0,0.000802
bilstm_frozen,clean,template,13,test_lookalike_all+norm,bongo_1052,1,0.999433
bilstm_frozen,clean,template,13,test_lookalike_all+norm,bongo_1059,0,0.000744
bilstm_frozen,clean,template,13,test_lookalike_all+norm,bongo_1071,0,0.000295
bilstm_frozen,clean,template,13,test_lookalike_all+norm,bongo_1090,0,0.000170
bilstm_frozen,clean,template,13,test_lookalike_all+norm,bongo_1104,1,0.999748
bilstm_frozen,clean,template,13,test_lookalike_all+norm,bongo_1115,0,0.000232
bilstm_frozen,clean,template,13,test_lookalike_all+norm,bongo_1123,0,0.000238
bilstm_frozen,clean,template,13,test_lookalike_all+norm,bongo_1125,0,0.012666
bilstm_frozen,clean,template,13,test_lookalike_all+norm,bongo_1127,1,0.000693
bilstm_frozen,clean,template,13,test_lookalike_all+norm,bongo_1131,1,0.999808
bilstm_frozen,clean,template,13,test_lookalike_all+norm,bongo_1134,1,0.000858
bilstm_frozen,clean,template,13,test_lookalike_all+norm,bongo_1135,0,0.001657
bilstm_frozen,clean,template,13,test_lookalike_all+norm,bongo_1136,1,0.999398
bilstm_frozen,clean,template,13,test_lookalike_all+norm,bongo_1138,1,0.999701
bilstm_frozen,clean,template,13,test_lookalike_all+norm,bongo_1140,1,0.999230
bilstm_frozen,clean,template,13,test_lookalike_all+norm,bongo_1154,1,0.999844
bilstm_frozen,clean,template,13,test_lookalike_all+norm,bongo_1155,0,0.000215
bilstm_frozen,clean,template,13,test_lookalike_all+norm,bongo_1171,1,0.999747
bilstm_frozen,clean,template,13,test_lookalike_all+norm,bongo_1181,1,0.998974
bilstm_frozen,clean,template,13,test_lookalike_all+norm,bongo_1185,1,0.000836
bilstm_frozen,clean,template,13,test_lookalike_all+norm,bongo_1194,0,0.000869
bilstm_frozen,clean,template,13,test_lookalike_all+norm,bongo_1195,1,0.000616
bilstm_frozen,clean,template,13,test_lookalike_all+norm,bongo_1198,0,0.000356
bilstm_frozen,clean,template,13,test_lookalike_all+norm,bongo_1204,1,0.000853
bilstm_frozen,clean,template,13,test_lookalike_all+norm,bongo_1220,1,0.999704
bilstm_frozen,clean,template,13,test_lookalike_all+norm,bongo_1233,1,0.999853
bilstm_frozen,clean,template,13,test_lookalike_all+norm,bongo_1236,0,0.000282
bilstm_frozen,clean,template,13,test_lookalike_all+norm,bongo_1240,1,0.000870
bilstm_frozen,clean,template,13,test_lookalike_all+norm,bongo_1244,0,0.000697
bilstm_frozen,clean,template,13,test_lookalike_all+norm,bongo_1249,0,0.000533
bilstm_frozen,clean,template,13,test_lookalike_all+norm,bongo_1253,0,0.910899
bilstm_frozen,clean,template,13,test_lookalike_all+norm,bongo_1260,0,0.000234
bilstm_frozen,clean,template,13,test_lookalike_all+norm,bongo_1262,0,0.765511
bilstm_frozen,clean,template,13,test_lookalike_all+norm,bongo_1278,1,0.000852
bilstm_frozen,clean,template,13,test_lookalike_all+norm,bongo_1285,0,0.000243
bilstm_frozen,clean,template,13,test_lookalike_all+norm,bongo_1293,1,0.999740
bilstm_frozen,clean,template,13,test_lookalike_all+norm,bongo_1316,0,0.000311
bilstm_frozen,clean,template,13,test_lookalike_all+norm,bongo_1327,1,0.000847
bilstm_frozen,clean,template,13,test_lookalike_all+norm,bongo_1330,0,0.044616
bilstm_frozen,clean,template,13,test_lookalike_all+norm,bongo_1359,0,0.001240
bilstm_frozen,clean,template,13,test_lookalike_all+norm,bongo_1375,0,0.000302
bilstm_frozen,clean,template,13,test_structural_1+norm,bongo_0025,1,0.999222
bilstm_frozen,clean,template,13,test_structural_1+norm,bongo_0029,0,0.015926
bilstm_frozen,clean,template,13,test_structural_1+norm,bongo_0039,1,0.999815
bilstm_frozen,clean,template,13,test_structural_1+norm,bongo_0047,1,0.999598
bilstm_frozen,clean,template,13,test_structural_1+norm,bongo_0053,0,0.000213
bilstm_frozen,clean,template,13,test_structural_1+norm,bongo_0055,1,0.000851
bilstm_frozen,clean,template,13,test_structural_1+norm,bongo_0061,1,0.996565
bilstm_frozen,clean,template,13,test_structural_1+norm,bongo_0097,0,0.001308
bilstm_frozen,clean,template,13,test_structural_1+norm,bongo_0107,0,0.000084
bilstm_frozen,clean,template,13,test_structural_1+norm,bongo_0110,0,0.000055
bilstm_frozen,clean,template,13,test_structural_1+norm,bongo_0112,1,0.000880
bilstm_frozen,clean,template,13,test_structural_1+norm,bongo_0115,0,0.002955
bilstm_frozen,clean,template,13,test_structural_1+norm,bongo_0143,0,0.000372
bilstm_frozen,clean,template,13,test_structural_1+norm,bongo_0146,1,0.999782
bilstm_frozen,clean,template,13,test_structural_1+norm,bongo_0154,1,0.999467
bilstm_frozen,clean,template,13,test_structural_1+norm,bongo_0159,1,0.000861
bilstm_frozen,clean,template,13,test_structural_1+norm,bongo_0160,0,0.000164
bilstm_frozen,clean,template,13,test_structural_1+norm,bongo_0172,0,0.782687
bilstm_frozen,clean,template,13,test_structural_1+norm,bongo_0173,1,0.000681
bilstm_frozen,clean,template,13,test_structural_1+norm,bongo_0175,0,0.000740
bilstm_frozen,clean,template,13,test_structural_1+norm,bongo_0182,0,0.000291
bilstm_frozen,clean,template,13,test_structural_1+norm,bongo_0195,1,0.998724
bilstm_frozen,clean,template,13,test_structural_1+norm,bongo_0197,0,0.000188
bilstm_frozen,clean,template,13,test_structural_1+norm,bongo_0201,1,0.999682
bilstm_frozen,clean,template,13,test_structural_1+norm,bongo_0203,1,0.999855
bilstm_frozen,clean,template,13,test_structural_1+norm,bongo_0250,1,0.000861
bilstm_frozen,clean,template,13,test_structural_1+norm,bongo_0253,0,0.000316
bilstm_frozen,clean,template,13,test_structural_1+norm,bongo_0255,1,0.000870
bilstm_frozen,clean,template,13,test_structural_1+norm,bongo_0265,1,0.000697
bilstm_frozen,clean,template,13,test_structural_1+norm,bongo_0271,0,0.000251
bilstm_frozen,clean,template,13,test_structural_1+norm,bongo_0300,0,0.000185
bilstm_frozen,clean,template,13,test_structural_1+norm,bongo_0306,0,0.000268
bilstm_frozen,clean,template,13,test_structural_1+norm,bongo_0356,1,0.000831
bilstm_frozen,clean,template,13,test_structural_1+norm,bongo_0360,1,0.999494
bilstm_frozen,clean,template,13,test_structural_1+norm,bongo_0361,1,0.999854
bilstm_frozen,clean,template,13,test_structural_1+norm,bongo_0363,0,0.000221
bilstm_frozen,clean,template,13,test_structural_1+norm,bongo_0368,0,0.001293
bilstm_frozen,clean,template,13,test_structural_1+norm,bongo_0372,0,0.000265
bilstm_frozen,clean,template,13,test_structural_1+norm,bongo_0380,1,0.000842
bilstm_frozen,clean,template,13,test_structural_1+norm,bongo_0389,0,0.000257
bilstm_frozen,clean,template,13,test_structural_1+norm,bongo_0395,0,0.000543
bilstm_frozen,clean,template,13,test_structural_1+norm,bongo_0405,1,0.999295
bilstm_frozen,clean,template,13,test_structural_1+norm,bongo_0424,1,0.999663
bilstm_frozen,clean,template,13,test_structural_1+norm,bongo_0427,0,0.002924
bilstm_frozen,clean,template,13,test_structural_1+norm,bongo_0434,1,0.000851
bilstm_frozen,clean,template,13,test_structural_1+norm,bongo_0463,0,0.002949
bilstm_frozen,clean,template,13,test_structural_1+norm,bongo_0476,1,0.998429
bilstm_frozen,clean,template,13,test_structural_1+norm,bongo_0510,1,0.999600
bilstm_frozen,clean,template,13,test_structural_1+norm,bongo_0531,0,0.000346
bilstm_frozen,clean,template,13,test_structural_1+norm,bongo_0542,0,0.000385
bilstm_frozen,clean,template,13,test_structural_1+norm,bongo_0545,0,0.000391
bilstm_frozen,clean,template,13,test_structural_1+norm,bongo_0560,1,0.971527
bilstm_frozen,clean,template,13,test_structural_1+norm,bongo_0565,1,0.000601
bilstm_frozen,clean,template,13,test_structural_1+norm,bongo_0566,1,0.999853
bilstm_frozen,clean,template,13,test_structural_1+norm,bongo_0571,0,0.000196
bilstm_frozen,clean,template,13,test_structural_1+norm,bongo_0577,1,0.996352
bilstm_frozen,clean,template,13,test_structural_1+norm,bongo_0580,1,0.998828
bilstm_frozen,clean,template,13,test_structural_1+norm,bongo_0621,1,0.998836
bilstm_frozen,clean,template,13,test_structural_1+norm,bongo_0624,1,0.999462
bilstm_frozen,clean,template,13,test_structural_1+norm,bongo_0630,0,0.000365
bilstm_frozen,clean,template,13,test_structural_1+norm,bongo_0638,1,0.999815
bilstm_frozen,clean,template,13,test_structural_1+norm,bongo_0648,0,0.021890
bilstm_frozen,clean,template,13,test_structural_1+norm,bongo_0674,0,0.000081
bilstm_frozen,clean,template,13,test_structural_1+norm,bongo_0685,0,0.027571
bilstm_frozen,clean,template,13,test_structural_1+norm,bongo_0697,1,0.000601
bilstm_frozen,clean,template,13,test_structural_1+norm,bongo_0701,0,0.000252
bilstm_frozen,clean,template,13,test_structural_1+norm,bongo_0706,1,0.000829
bilstm_frozen,clean,template,13,test_structural_1+norm,bongo_0719,1,0.000891
bilstm_frozen,clean,template,13,test_structural_1+norm,bongo_0721,1,0.999138
bilstm_frozen,clean,template,13,test_structural_1+norm,bongo_0724,1,0.000621
bilstm_frozen,clean,template,13,test_structural_1+norm,bongo_0729,1,0.998281
bilstm_frozen,clean,template,13,test_structural_1+norm,bongo_0741,0,0.000234
bilstm_frozen,clean,template,13,test_structural_1+norm,bongo_0749,1,0.000873
bilstm_frozen,clean,template,13,test_structural_1+norm,bongo_0769,1,0.999367
bilstm_frozen,clean,template,13,test_structural_1+norm,bongo_0770,1,0.000851
bilstm_frozen,clean,template,13,test_structural_1+norm,bongo_0778,1,0.000855
bilstm_frozen,clean,template,13,test_structural_1+norm,bongo_0787,1,0.999488
bilstm_frozen,clean,template,13,test_structural_1+norm,bongo_0795,0,0.000643
bilstm_frozen,clean,template,13,test_structural_1+norm,bongo_0806,1,0.000621
bilstm_frozen,clean,template,13,test_structural_1+norm,bongo_0807,1,0.999575
bilstm_frozen,clean,template,13,test_structural_1+norm,bongo_0818,0,0.007304
bilstm_frozen,clean,template,13,test_structural_1+norm,bongo_0819,0,0.000527
bilstm_frozen,clean,template,13,test_structural_1+norm,bongo_0835,0,0.000150
bilstm_frozen,clean,template,13,test_structural_1+norm,bongo_0840,1,0.999494
bilstm_frozen,clean,template,13,test_structural_1+norm,bongo_0855,1,0.000608
bilstm_frozen,clean,template,13,test_structural_1+norm,bongo_0856,0,0.000250
bilstm_frozen,clean,template,13,test_structural_1+norm,bongo_0864,1,0.999702
bilstm_frozen,clean,template,13,test_structural_1+norm,bongo_0871,1,0.999115
bilstm_frozen,clean,template,13,test_structural_1+norm,bongo_0872,0,0.001244
bilstm_frozen,clean,template,13,test_structural_1+norm,bongo_0904,0,0.001511
bilstm_frozen,clean,template,13,test_structural_1+norm,bongo_0905,1,0.999710
bilstm_frozen,clean,template,13,test_structural_1+norm,bongo_0909,1,0.999140
bilstm_frozen,clean,template,13,test_structural_1+norm,bongo_0917,1,0.000799
bilstm_frozen,clean,template,13,test_structural_1+norm,bongo_0918,1,0.999058
bilstm_frozen,clean,template,13,test_structural_1+norm,bongo_0950,0,0.000178
bilstm_frozen,clean,template,13,test_structural_1+norm,bongo_0955,1,0.999754
bilstm_frozen,clean,template,13,test_structural_1+norm,bongo_0956,0,0.000249
bilstm_frozen,clean,template,13,test_structural_1+norm,bongo_0971,0,0.000220
bilstm_frozen,clean,template,13,test_structural_1+norm,bongo_0983,0,0.000463
bilstm_frozen,clean,template,13,test_structural_1+norm,bongo_0989,1,0.999474
bilstm_frozen,clean,template,13,test_structural_1+norm,bongo_0994,0,0.002226
bilstm_frozen,clean,template,13,test_structural_1+norm,bongo_1003,1,0.971480
bilstm_frozen,clean,template,13,test_structural_1+norm,bongo_1006,0,0.000340
bilstm_frozen,clean,template,13,test_structural_1+norm,bongo_1012,1,0.000825
bilstm_frozen,clean,template,13,test_structural_1+norm,bongo_1015,0,0.000557
bilstm_frozen,clean,template,13,test_structural_1+norm,bongo_1022,1,0.000840
bilstm_frozen,clean,template,13,test_structural_1+norm,bongo_1037,0,0.000614
bilstm_frozen,clean,template,13,test_structural_1+norm,bongo_1040,0,0.000300
bilstm_frozen,clean,template,13,test_structural_1+norm,bongo_1042,1,0.998571
bilstm_frozen,clean,template,13,test_structural_1+norm,bongo_1047,1,0.999700
bilstm_frozen,clean,template,13,test_structural_1+norm,bongo_1050,0,0.000802
bilstm_frozen,clean,template,13,test_structural_1+norm,bongo_1052,1,0.999433
bilstm_frozen,clean,template,13,test_structural_1+norm,bongo_1059,0,0.000744
bilstm_frozen,clean,template,13,test_structural_1+norm,bongo_1071,0,0.000295
bilstm_frozen,clean,template,13,test_structural_1+norm,bongo_1090,0,0.000170
bilstm_frozen,clean,template,13,test_structural_1+norm,bongo_1104,1,0.999748
bilstm_frozen,clean,template,13,test_structural_1+norm,bongo_1115,0,0.000232
bilstm_frozen,clean,template,13,test_structural_1+norm,bongo_1123,0,0.000238
bilstm_frozen,clean,template,13,test_structural_1+norm,bongo_1125,0,0.012666
bilstm_frozen,clean,template,13,test_structural_1+norm,bongo_1127,1,0.000700
bilstm_frozen,clean,template,13,test_structural_1+norm,bongo_1131,1,0.999808
bilstm_frozen,clean,template,13,test_structural_1+norm,bongo_1134,1,0.000858
bilstm_frozen,clean,template,13,test_structural_1+norm,bongo_1135,0,0.001657
bilstm_frozen,clean,template,13,test_structural_1+norm,bongo_1136,1,0.999398
bilstm_frozen,clean,template,13,test_structural_1+norm,bongo_1138,1,0.999701
bilstm_frozen,clean,template,13,test_structural_1+norm,bongo_1140,1,0.999230
bilstm_frozen,clean,template,13,test_structural_1+norm,bongo_1154,1,0.999844
bilstm_frozen,clean,template,13,test_structural_1+norm,bongo_1155,0,0.000215
bilstm_frozen,clean,template,13,test_structural_1+norm,bongo_1171,1,0.999747
bilstm_frozen,clean,template,13,test_structural_1+norm,bongo_1181,1,0.998922
bilstm_frozen,clean,template,13,test_structural_1+norm,bongo_1185,1,0.000758
bilstm_frozen,clean,template,13,test_structural_1+norm,bongo_1194,0,0.000869
bilstm_frozen,clean,template,13,test_structural_1+norm,bongo_1195,1,0.000600
bilstm_frozen,clean,template,13,test_structural_1+norm,bongo_1198,0,0.000356
bilstm_frozen,clean,template,13,test_structural_1+norm,bongo_1204,1,0.000886
bilstm_frozen,clean,template,13,test_structural_1+norm,bongo_1220,1,0.999812
bilstm_frozen,clean,template,13,test_structural_1+norm,bongo_1233,1,0.999852
bilstm_frozen,clean,template,13,test_structural_1+norm,bongo_1236,0,0.000282
bilstm_frozen,clean,template,13,test_structural_1+norm,bongo_1240,1,0.000870
bilstm_frozen,clean,template,13,test_structural_1+norm,bongo_1244,0,0.000697
bilstm_frozen,clean,template,13,test_structural_1+norm,bongo_1249,0,0.000533
bilstm_frozen,clean,template,13,test_structural_1+norm,bongo_1253,0,0.910899
bilstm_frozen,clean,template,13,test_structural_1+norm,bongo_1260,0,0.000234
bilstm_frozen,clean,template,13,test_structural_1+norm,bongo_1262,0,0.765511
bilstm_frozen,clean,template,13,test_structural_1+norm,bongo_1278,1,0.000852
bilstm_frozen,clean,template,13,test_structural_1+norm,bongo_1285,0,0.000243
bilstm_frozen,clean,template,13,test_structural_1+norm,bongo_1293,1,0.999740
bilstm_frozen,clean,template,13,test_structural_1+norm,bongo_1316,0,0.000311
bilstm_frozen,clean,template,13,test_structural_1+norm,bongo_1327,1,0.000847
bilstm_frozen,clean,template,13,test_structural_1+norm,bongo_1330,0,0.044616
bilstm_frozen,clean,template,13,test_structural_1+norm,bongo_1359,0,0.001240
bilstm_frozen,clean,template,13,test_structural_1+norm,bongo_1375,0,0.000302
bilstm_frozen,clean,template,13,test_structural_3+norm,bongo_0025,1,0.999232
bilstm_frozen,clean,template,13,test_structural_3+norm,bongo_0029,0,0.015926
bilstm_frozen,clean,template,13,test_structural_3+norm,bongo_0039,1,0.999691
bilstm_frozen,clean,template,13,test_structural_3+norm,bongo_0047,1,0.999598
bilstm_frozen,clean,template,13,test_structural_3+norm,bongo_0053,0,0.000213
bilstm_frozen,clean,template,13,test_structural_3+norm,bongo_0055,1,0.000851
bilstm_frozen,clean,template,13,test_structural_3+norm,bongo_0061,1,0.997596
bilstm_frozen,clean,template,13,test_structural_3+norm,bongo_0097,0,0.001308
bilstm_frozen,clean,template,13,test_structural_3+norm,bongo_0107,0,0.000084
bilstm_frozen,clean,template,13,test_structural_3+norm,bongo_0110,0,0.000055
bilstm_frozen,clean,template,13,test_structural_3+norm,bongo_0112,1,0.000758
bilstm_frozen,clean,template,13,test_structural_3+norm,bongo_0115,0,0.002955
bilstm_frozen,clean,template,13,test_structural_3+norm,bongo_0143,0,0.000372
bilstm_frozen,clean,template,13,test_structural_3+norm,bongo_0146,1,0.999774
bilstm_frozen,clean,template,13,test_structural_3+norm,bongo_0154,1,0.999087
bilstm_frozen,clean,template,13,test_structural_3+norm,bongo_0159,1,0.000902
bilstm_frozen,clean,template,13,test_structural_3+norm,bongo_0160,0,0.000164
bilstm_frozen,clean,template,13,test_structural_3+norm,bongo_0172,0,0.782687
bilstm_frozen,clean,template,13,test_structural_3+norm,bongo_0173,1,0.000681
bilstm_frozen,clean,template,13,test_structural_3+norm,bongo_0175,0,0.000740
bilstm_frozen,clean,template,13,test_structural_3+norm,bongo_0182,0,0.000291
bilstm_frozen,clean,template,13,test_structural_3+norm,bongo_0195,1,0.999060
bilstm_frozen,clean,template,13,test_structural_3+norm,bongo_0197,0,0.000188
bilstm_frozen,clean,template,13,test_structural_3+norm,bongo_0201,1,0.999777
bilstm_frozen,clean,template,13,test_structural_3+norm,bongo_0203,1,0.999858
bilstm_frozen,clean,template,13,test_structural_3+norm,bongo_0250,1,0.000861
bilstm_frozen,clean,template,13,test_structural_3+norm,bongo_0253,0,0.000316
bilstm_frozen,clean,template,13,test_structural_3+norm,bongo_0255,1,0.000845
bilstm_frozen,clean,template,13,test_structural_3+norm,bongo_0265,1,0.000179
bilstm_frozen,clean,template,13,test_structural_3+norm,bongo_0271,0,0.000251
bilstm_frozen,clean,template,13,test_structural_3+norm,bongo_0300,0,0.000185
bilstm_frozen,clean,template,13,test_structural_3+norm,bongo_0306,0,0.000268
bilstm_frozen,clean,template,13,test_structural_3+norm,bongo_0356,1,0.000831
bilstm_frozen,clean,template,13,test_structural_3+norm,bongo_0360,1,0.999491
bilstm_frozen,clean,template,13,test_structural_3+norm,bongo_0361,1,0.999849
bilstm_frozen,clean,template,13,test_structural_3+norm,bongo_0363,0,0.000221
bilstm_frozen,clean,template,13,test_structural_3+norm,bongo_0368,0,0.001293
bilstm_frozen,clean,template,13,test_structural_3+norm,bongo_0372,0,0.000265
bilstm_frozen,clean,template,13,test_structural_3+norm,bongo_0380,1,0.000749
bilstm_frozen,clean,template,13,test_structural_3+norm,bongo_0389,0,0.000257
bilstm_frozen,clean,template,13,test_structural_3+norm,bongo_0395,0,0.000543
bilstm_frozen,clean,template,13,test_structural_3+norm,bongo_0405,1,0.249201
bilstm_frozen,clean,template,13,test_structural_3+norm,bongo_0424,1,0.999663
bilstm_frozen,clean,template,13,test_structural_3+norm,bongo_0427,0,0.002924
bilstm_frozen,clean,template,13,test_structural_3+norm,bongo_0434,1,0.000851
bilstm_frozen,clean,template,13,test_structural_3+norm,bongo_0463,0,0.002949
bilstm_frozen,clean,template,13,test_structural_3+norm,bongo_0476,1,0.998857
bilstm_frozen,clean,template,13,test_structural_3+norm,bongo_0510,1,0.999673
bilstm_frozen,clean,template,13,test_structural_3+norm,bongo_0531,0,0.000346
bilstm_frozen,clean,template,13,test_structural_3+norm,bongo_0542,0,0.000385
bilstm_frozen,clean,template,13,test_structural_3+norm,bongo_0545,0,0.000391
bilstm_frozen,clean,template,13,test_structural_3+norm,bongo_0560,1,0.973487
bilstm_frozen,clean,template,13,test_structural_3+norm,bongo_0565,1,0.000597
bilstm_frozen,clean,template,13,test_structural_3+norm,bongo_0566,1,0.999853
bilstm_frozen,clean,template,13,test_structural_3+norm,bongo_0571,0,0.000196
bilstm_frozen,clean,template,13,test_structural_3+norm,bongo_0577,1,0.998097
bilstm_frozen,clean,template,13,test_structural_3+norm,bongo_0580,1,0.998828
bilstm_frozen,clean,template,13,test_structural_3+norm,bongo_0621,1,0.602932
bilstm_frozen,clean,template,13,test_structural_3+norm,bongo_0624,1,0.999367
bilstm_frozen,clean,template,13,test_structural_3+norm,bongo_0630,0,0.000365
bilstm_frozen,clean,template,13,test_structural_3+norm,bongo_0638,1,0.999816
bilstm_frozen,clean,template,13,test_structural_3+norm,bongo_0648,0,0.021890
bilstm_frozen,clean,template,13,test_structural_3+norm,bongo_0674,0,0.000081
bilstm_frozen,clean,template,13,test_structural_3+norm,bongo_0685,0,0.027571
bilstm_frozen,clean,template,13,test_structural_3+norm,bongo_0697,1,0.000567
bilstm_frozen,clean,template,13,test_structural_3+norm,bongo_0701,0,0.000252
bilstm_frozen,clean,template,13,test_structural_3+norm,bongo_0706,1,0.000749
bilstm_frozen,clean,template,13,test_structural_3+norm,bongo_0719,1,0.000851
bilstm_frozen,clean,template,13,test_structural_3+norm,bongo_0721,1,0.999402
bilstm_frozen,clean,template,13,test_structural_3+norm,bongo_0724,1,0.000614
bilstm_frozen,clean,template,13,test_structural_3+norm,bongo_0729,1,0.998490
bilstm_frozen,clean,template,13,test_structural_3+norm,bongo_0741,0,0.000234
bilstm_frozen,clean,template,13,test_structural_3+norm,bongo_0749,1,0.000817
bilstm_frozen,clean,template,13,test_structural_3+norm,bongo_0769,1,0.999367
bilstm_frozen,clean,template,13,test_structural_3+norm,bongo_0770,1,0.000884
bilstm_frozen,clean,template,13,test_structural_3+norm,bongo_0778,1,0.000807
bilstm_frozen,clean,template,13,test_structural_3+norm,bongo_0787,1,0.999488
bilstm_frozen,clean,template,13,test_structural_3+norm,bongo_0795,0,0.000643
bilstm_frozen,clean,template,13,test_structural_3+norm,bongo_0806,1,0.000626
bilstm_frozen,clean,template,13,test_structural_3+norm,bongo_0807,1,0.999683
bilstm_frozen,clean,template,13,test_structural_3+norm,bongo_0818,0,0.007304
bilstm_frozen,clean,template,13,test_structural_3+norm,bongo_0819,0,0.000527
bilstm_frozen,clean,template,13,test_structural_3+norm,bongo_0835,0,0.000150
bilstm_frozen,clean,template,13,test_structural_3+norm,bongo_0840,1,0.999494
bilstm_frozen,clean,template,13,test_structural_3+norm,bongo_0855,1,0.000551
bilstm_frozen,clean,template,13,test_structural_3+norm,bongo_0856,0,0.000250
bilstm_frozen,clean,template,13,test_structural_3+norm,bongo_0864,1,0.999702
bilstm_frozen,clean,template,13,test_structural_3+norm,bongo_0871,1,0.999115
bilstm_frozen,clean,template,13,test_structural_3+norm,bongo_0872,0,0.001244
bilstm_frozen,clean,template,13,test_structural_3+norm,bongo_0904,0,0.001511
bilstm_frozen,clean,template,13,test_structural_3+norm,bongo_0905,1,0.999510
bilstm_frozen,clean,template,13,test_structural_3+norm,bongo_0909,1,0.999140
bilstm_frozen,clean,template,13,test_structural_3+norm,bongo_0917,1,0.000856
bilstm_frozen,clean,template,13,test_structural_3+norm,bongo_0918,1,0.999297
bilstm_frozen,clean,template,13,test_structural_3+norm,bongo_0950,0,0.000178
bilstm_frozen,clean,template,13,test_structural_3+norm,bongo_0955,1,0.999546
bilstm_frozen,clean,template,13,test_structural_3+norm,bongo_0956,0,0.000249
bilstm_frozen,clean,template,13,test_structural_3+norm,bongo_0971,0,0.000220
bilstm_frozen,clean,template,13,test_structural_3+norm,bongo_0983,0,0.000463
bilstm_frozen,clean,template,13,test_structural_3+norm,bongo_0989,1,0.999319
bilstm_frozen,clean,template,13,test_structural_3+norm,bongo_0994,0,0.002226
bilstm_frozen,clean,template,13,test_structural_3+norm,bongo_1003,1,0.970856
bilstm_frozen,clean,template,13,test_structural_3+norm,bongo_1006,0,0.000340
bilstm_frozen,clean,template,13,test_structural_3+norm,bongo_1012,1,0.000825
bilstm_frozen,clean,template,13,test_structural_3+norm,bongo_1015,0,0.000557
bilstm_frozen,clean,template,13,test_structural_3+norm,bongo_1022,1,0.000873
bilstm_frozen,clean,template,13,test_structural_3+norm,bongo_1037,0,0.000614
bilstm_frozen,clean,template,13,test_structural_3+norm,bongo_1040,0,0.000300
bilstm_frozen,clean,template,13,test_structural_3+norm,bongo_1042,1,0.999235
bilstm_frozen,clean,template,13,test_structural_3+norm,bongo_1047,1,0.999700
bilstm_frozen,clean,template,13,test_structural_3+norm,bongo_1050,0,0.000802
bilstm_frozen,clean,template,13,test_structural_3+norm,bongo_1052,1,0.999433
bilstm_frozen,clean,template,13,test_structural_3+norm,bongo_1059,0,0.000744
bilstm_frozen,clean,template,13,test_structural_3+norm,bongo_1071,0,0.000295
bilstm_frozen,clean,template,13,test_structural_3+norm,bongo_1090,0,0.000170
bilstm_frozen,clean,template,13,test_structural_3+norm,bongo_1104,1,0.999748
bilstm_frozen,clean,template,13,test_structural_3+norm,bongo_1115,0,0.000232
bilstm_frozen,clean,template,13,test_structural_3+norm,bongo_1123,0,0.000238
bilstm_frozen,clean,template,13,test_structural_3+norm,bongo_1125,0,0.012666
bilstm_frozen,clean,template,13,test_structural_3+norm,bongo_1127,1,0.000673
bilstm_frozen,clean,template,13,test_structural_3+norm,bongo_1131,1,0.996608
bilstm_frozen,clean,template,13,test_structural_3+norm,bongo_1134,1,0.000844
bilstm_frozen,clean,template,13,test_structural_3+norm,bongo_1135,0,0.001657
bilstm_frozen,clean,template,13,test_structural_3+norm,bongo_1136,1,0.999398
bilstm_frozen,clean,template,13,test_structural_3+norm,bongo_1138,1,0.999804
bilstm_frozen,clean,template,13,test_structural_3+norm,bongo_1140,1,0.999230
bilstm_frozen,clean,template,13,test_structural_3+norm,bongo_1154,1,0.999844
bilstm_frozen,clean,template,13,test_structural_3+norm,bongo_1155,0,0.000215
bilstm_frozen,clean,template,13,test_structural_3+norm,bongo_1171,1,0.999747
bilstm_frozen,clean,template,13,test_structural_3+norm,bongo_1181,1,0.999035
bilstm_frozen,clean,template,13,test_structural_3+norm,bongo_1185,1,0.000743
bilstm_frozen,clean,template,13,test_structural_3+norm,bongo_1194,0,0.000869
bilstm_frozen,clean,template,13,test_structural_3+norm,bongo_1195,1,0.000600
bilstm_frozen,clean,template,13,test_structural_3+norm,bongo_1198,0,0.000356
bilstm_frozen,clean,template,13,test_structural_3+norm,bongo_1204,1,0.000771
bilstm_frozen,clean,template,13,test_structural_3+norm,bongo_1220,1,0.999701
bilstm_frozen,clean,template,13,test_structural_3+norm,bongo_1233,1,0.999852
bilstm_frozen,clean,template,13,test_structural_3+norm,bongo_1236,0,0.000282
bilstm_frozen,clean,template,13,test_structural_3+norm,bongo_1240,1,0.000861
bilstm_frozen,clean,template,13,test_structural_3+norm,bongo_1244,0,0.000697
bilstm_frozen,clean,template,13,test_structural_3+norm,bongo_1249,0,0.000533
bilstm_frozen,clean,template,13,test_structural_3+norm,bongo_1253,0,0.910899
bilstm_frozen,clean,template,13,test_structural_3+norm,bongo_1260,0,0.000234
bilstm_frozen,clean,template,13,test_structural_3+norm,bongo_1262,0,0.765511
bilstm_frozen,clean,template,13,test_structural_3+norm,bongo_1278,1,0.000766
bilstm_frozen,clean,template,13,test_structural_3+norm,bongo_1285,0,0.000243
bilstm_frozen,clean,template,13,test_structural_3+norm,bongo_1293,1,0.999735
bilstm_frozen,clean,template,13,test_structural_3+norm,bongo_1316,0,0.000311
bilstm_frozen,clean,template,13,test_structural_3+norm,bongo_1327,1,0.000833
bilstm_frozen,clean,template,13,test_structural_3+norm,bongo_1330,0,0.044616
bilstm_frozen,clean,template,13,test_structural_3+norm,bongo_1359,0,0.001240
bilstm_frozen,clean,template,13,test_structural_3+norm,bongo_1375,0,0.000302
bilstm_frozen,clean,template,13,test_structural_all+norm,bongo_0025,1,0.998854
bilstm_frozen,clean,template,13,test_structural_all+norm,bongo_0029,0,0.015926
bilstm_frozen,clean,template,13,test_structural_all+norm,bongo_0039,1,0.998348
bilstm_frozen,clean,template,13,test_structural_all+norm,bongo_0047,1,0.999547
bilstm_frozen,clean,template,13,test_structural_all+norm,bongo_0053,0,0.000213
bilstm_frozen,clean,template,13,test_structural_all+norm,bongo_0055,1,0.000804
bilstm_frozen,clean,template,13,test_structural_all+norm,bongo_0061,1,0.995119
bilstm_frozen,clean,template,13,test_structural_all+norm,bongo_0097,0,0.001308
bilstm_frozen,clean,template,13,test_structural_all+norm,bongo_0107,0,0.000084
bilstm_frozen,clean,template,13,test_structural_all+norm,bongo_0110,0,0.000055
bilstm_frozen,clean,template,13,test_structural_all+norm,bongo_0112,1,0.000746
bilstm_frozen,clean,template,13,test_structural_all+norm,bongo_0115,0,0.002955
bilstm_frozen,clean,template,13,test_structural_all+norm,bongo_0143,0,0.000372
bilstm_frozen,clean,template,13,test_structural_all+norm,bongo_0146,1,0.085791
bilstm_frozen,clean,template,13,test_structural_all+norm,bongo_0154,1,0.998544
bilstm_frozen,clean,template,13,test_structural_all+norm,bongo_0159,1,0.000753
bilstm_frozen,clean,template,13,test_structural_all+norm,bongo_0160,0,0.000164
bilstm_frozen,clean,template,13,test_structural_all+norm,bongo_0172,0,0.782687
bilstm_frozen,clean,template,13,test_structural_all+norm,bongo_0173,1,0.000119
bilstm_frozen,clean,template,13,test_structural_all+norm,bongo_0175,0,0.000740
bilstm_frozen,clean,template,13,test_structural_all+norm,bongo_0182,0,0.000291
bilstm_frozen,clean,template,13,test_structural_all+norm,bongo_0195,1,0.999337
bilstm_frozen,clean,template,13,test_structural_all+norm,bongo_0197,0,0.000188
bilstm_frozen,clean,template,13,test_structural_all+norm,bongo_0201,1,0.999457
bilstm_frozen,clean,template,13,test_structural_all+norm,bongo_0203,1,0.999297
bilstm_frozen,clean,template,13,test_structural_all+norm,bongo_0250,1,0.000759
bilstm_frozen,clean,template,13,test_structural_all+norm,bongo_0253,0,0.000316
bilstm_frozen,clean,template,13,test_structural_all+norm,bongo_0255,1,0.000807
bilstm_frozen,clean,template,13,test_structural_all+norm,bongo_0265,1,0.000686
bilstm_frozen,clean,template,13,test_structural_all+norm,bongo_0271,0,0.000251
bilstm_frozen,clean,template,13,test_structural_all+norm,bongo_0300,0,0.000185
bilstm_frozen,clean,template,13,test_structural_all+norm,bongo_0306,0,0.000268
bilstm_frozen,clean,template,13,test_structural_all+norm,bongo_0356,1,0.000770
bilstm_frozen,clean,template,13,test_structural_all+norm,bongo_0360,1,0.999332
bilstm_frozen,clean,template,13,test_structural_all+norm,bongo_0361,1,0.999279
bilstm_frozen,clean,template,13,test_structural_all+norm,bongo_0363,0,0.000221
bilstm_frozen,clean,template,13,test_structural_all+norm,bongo_0368,0,0.001293
bilstm_frozen,clean,template,13,test_structural_all+norm,bongo_0372,0,0.000265
bilstm_frozen,clean,template,13,test_structural_all+norm,bongo_0380,1,0.000745
bilstm_frozen,clean,template,13,test_structural_all+norm,bongo_0389,0,0.000257
bilstm_frozen,clean,template,13,test_structural_all+norm,bongo_0395,0,0.000543
bilstm_frozen,clean,template,13,test_structural_all+norm,bongo_0405,1,0.337662
bilstm_frozen,clean,template,13,test_structural_all+norm,bongo_0424,1,0.999519
bilstm_frozen,clean,template,13,test_structural_all+norm,bongo_0427,0,0.002924
bilstm_frozen,clean,template,13,test_structural_all+norm,bongo_0434,1,0.000772
bilstm_frozen,clean,template,13,test_structural_all+norm,bongo_0463,0,0.002949
bilstm_frozen,clean,template,13,test_structural_all+norm,bongo_0476,1,0.999060
bilstm_frozen,clean,template,13,test_structural_all+norm,bongo_0510,1,0.999597
bilstm_frozen,clean,template,13,test_structural_all+norm,bongo_0531,0,0.000346
bilstm_frozen,clean,template,13,test_structural_all+norm,bongo_0542,0,0.000385
bilstm_frozen,clean,template,13,test_structural_all+norm,bongo_0545,0,0.000391
bilstm_frozen,clean,template,13,test_structural_all+norm,bongo_0560,1,0.991106
bilstm_frozen,clean,template,13,test_structural_all+norm,bongo_0565,1,0.000179
bilstm_frozen,clean,template,13,test_structural_all+norm,bongo_0566,1,0.981718
bilstm_frozen,clean,template,13,test_structural_all+norm,bongo_0571,0,0.000196
bilstm_frozen,clean,template,13,test_structural_all+norm,bongo_0577,1,0.884927
bilstm_frozen,clean,template,13,test_structural_all+norm,bongo_0580,1,0.999482
bilstm_frozen,clean,template,13,test_structural_all+norm,bongo_0621,1,0.975899
bilstm_frozen,clean,template,13,test_structural_all+norm,bongo_0624,1,0.997660
bilstm_frozen,clean,template,13,test_structural_all+norm,bongo_0630,0,0.000365
bilstm_frozen,clean,template,13,test_structural_all+norm,bongo_0638,1,0.483089
bilstm_frozen,clean,template,13,test_structural_all+norm,bongo_0648,0,0.021890
bilstm_frozen,clean,template,13,test_structural_all+norm,bongo_0674,0,0.000081
bilstm_frozen,clean,template,13,test_structural_all+norm,bongo_0685,0,0.027571
bilstm_frozen,clean,template,13,test_structural_all+norm,bongo_0697,1,0.000207
bilstm_frozen,clean,template,13,test_structural_all+norm,bongo_0701,0,0.000252
bilstm_frozen,clean,template,13,test_structural_all+norm,bongo_0706,1,0.000158
bilstm_frozen,clean,template,13,test_structural_all+norm,bongo_0719,1,0.000844
bilstm_frozen,clean,template,13,test_structural_all+norm,bongo_0721,1,0.109006
bilstm_frozen,clean,template,13,test_structural_all+norm,bongo_0724,1,0.000550
bilstm_frozen,clean,template,13,test_structural_all+norm,bongo_0729,1,0.999214
bilstm_frozen,clean,template,13,test_structural_all+norm,bongo_0741,0,0.000234
bilstm_frozen,clean,template,13,test_structural_all+norm,bongo_0749,1,0.000703
bilstm_frozen,clean,template,13,test_structural_all+norm,bongo_0769,1,0.998639
bilstm_frozen,clean,template,13,test_structural_all+norm,bongo_0770,1,0.000742
bilstm_frozen,clean,template,13,test_structural_all+norm,bongo_0778,1,0.000789
bilstm_frozen,clean,template,13,test_structural_all+norm,bongo_0787,1,0.996654
bilstm_frozen,clean,template,13,test_structural_all+norm,bongo_0795,0,0.000643
bilstm_frozen,clean,template,13,test_structural_all+norm,bongo_0806,1,0.000159
bilstm_frozen,clean,template,13,test_structural_all+norm,bongo_0807,1,0.999074
bilstm_frozen,clean,template,13,test_structural_all+norm,bongo_0818,0,0.007304
bilstm_frozen,clean,template,13,test_structural_all+norm,bongo_0819,0,0.000527
bilstm_frozen,clean,template,13,test_structural_all+norm,bongo_0835,0,0.000150
bilstm_frozen,clean,template,13,test_structural_all+norm,bongo_0840,1,0.999219
bilstm_frozen,clean,template,13,test_structural_all+norm,bongo_0855,1,0.000156
bilstm_frozen,clean,template,13,test_structural_all+norm,bongo_0856,0,0.000250
bilstm_frozen,clean,template,13,test_structural_all+norm,bongo_0864,1,0.998508
bilstm_frozen,clean,template,13,test_structural_all+norm,bongo_0871,1,0.997291
bilstm_frozen,clean,template,13,test_structural_all+norm,bongo_0872,0,0.001244
bilstm_frozen,clean,template,13,test_structural_all+norm,bongo_0904,0,0.001511
bilstm_frozen,clean,template,13,test_structural_all+norm,bongo_0905,1,0.999804
bilstm_frozen,clean,template,13,test_structural_all+norm,bongo_0909,1,0.526038
bilstm_frozen,clean,template,13,test_structural_all+norm,bongo_0917,1,0.000831
bilstm_frozen,clean,template,13,test_structural_all+norm,bongo_0918,1,0.943772
bilstm_frozen,clean,template,13,test_structural_all+norm,bongo_0950,0,0.000178
bilstm_frozen,clean,template,13,test_structural_all+norm,bongo_0955,1,0.999715
bilstm_frozen,clean,template,13,test_structural_all+norm,bongo_0956,0,0.000249
bilstm_frozen,clean,template,13,test_structural_all+norm,bongo_0971,0,0.000220
bilstm_frozen,clean,template,13,test_structural_all+norm,bongo_0983,0,0.000463
bilstm_frozen,clean,template,13,test_structural_all+norm,bongo_0989,1,0.997439
bilstm_frozen,clean,template,13,test_structural_all+norm,bongo_0994,0,0.002226
bilstm_frozen,clean,template,13,test_structural_all+norm,bongo_1003,1,0.981363
bilstm_frozen,clean,template,13,test_structural_all+norm,bongo_1006,0,0.000340
bilstm_frozen,clean,template,13,test_structural_all+norm,bongo_1012,1,0.000657
bilstm_frozen,clean,template,13,test_structural_all+norm,bongo_1015,0,0.000557
bilstm_frozen,clean,template,13,test_structural_all+norm,bongo_1022,1,0.000742
bilstm_frozen,clean,template,13,test_structural_all+norm,bongo_1037,0,0.000614
bilstm_frozen,clean,template,13,test_structural_all+norm,bongo_1040,0,0.000300
bilstm_frozen,clean,template,13,test_structural_all+norm,bongo_1042,1,0.972944
bilstm_frozen,clean,template,13,test_structural_all+norm,bongo_1047,1,0.999473
bilstm_frozen,clean,template,13,test_structural_all+norm,bongo_1050,0,0.000802
bilstm_frozen,clean,template,13,test_structural_all+norm,bongo_1052,1,0.508700
bilstm_frozen,clean,template,13,test_structural_all+norm,bongo_1059,0,0.000744
bilstm_frozen,clean,template,13,test_structural_all+norm,bongo_1071,0,0.000295
bilstm_frozen,clean,template,13,test_structural_all+norm,bongo_1090,0,0.000170
bilstm_frozen,clean,template,13,test_structural_all+norm,bongo_1104,1,0.989735
bilstm_frozen,clean,template,13,test_structural_all+norm,bongo_1115,0,0.000232
bilstm_frozen,clean,template,13,test_structural_all+norm,bongo_1123,0,0.000238
bilstm_frozen,clean,template,13,test_structural_all+norm,bongo_1125,0,0.012666
bilstm_frozen,clean,template,13,test_structural_all+norm,bongo_1127,1,0.000183
bilstm_frozen,clean,template,13,test_structural_all+norm,bongo_1131,1,0.996608
bilstm_frozen,clean,template,13,test_structural_all+norm,bongo_1134,1,0.000749
bilstm_frozen,clean,template,13,test_structural_all+norm,bongo_1135,0,0.001657
bilstm_frozen,clean,template,13,test_structural_all+norm,bongo_1136,1,0.971827
bilstm_frozen,clean,template,13,test_structural_all+norm,bongo_1138,1,0.998429
bilstm_frozen,clean,template,13,test_structural_all+norm,bongo_1140,1,0.085209
bilstm_frozen,clean,template,13,test_structural_all+norm,bongo_1154,1,0.014227
bilstm_frozen,clean,template,13,test_structural_all+norm,bongo_1155,0,0.000215
bilstm_frozen,clean,template,13,test_structural_all+norm,bongo_1171,1,0.988103
bilstm_frozen,clean,template,13,test_structural_all+norm,bongo_1181,1,0.999039
bilstm_frozen,clean,template,13,test_structural_all+norm,bongo_1185,1,0.000145
bilstm_frozen,clean,template,13,test_structural_all+norm,bongo_1194,0,0.000869
bilstm_frozen,clean,template,13,test_structural_all+norm,bongo_1195,1,0.000177
bilstm_frozen,clean,template,13,test_structural_all+norm,bongo_1198,0,0.000356
bilstm_frozen,clean,template,13,test_structural_all+norm,bongo_1204,1,0.000732
bilstm_frozen,clean,template,13,test_structural_all+norm,bongo_1220,1,0.998862
bilstm_frozen,clean,template,13,test_structural_all+norm,bongo_1233,1,0.976254
bilstm_frozen,clean,template,13,test_structural_all+norm,bongo_1236,0,0.000282
bilstm_frozen,clean,template,13,test_structural_all+norm,bongo_1240,1,0.000899
bilstm_frozen,clean,template,13,test_structural_all+norm,bongo_1244,0,0.000697
bilstm_frozen,clean,template,13,test_structural_all+norm,bongo_1249,0,0.000533
bilstm_frozen,clean,template,13,test_structural_all+norm,bongo_1253,0,0.910899
bilstm_frozen,clean,template,13,test_structural_all+norm,bongo_1260,0,0.000234
bilstm_frozen,clean,template,13,test_structural_all+norm,bongo_1262,0,0.765511
bilstm_frozen,clean,template,13,test_structural_all+norm,bongo_1278,1,0.000159
bilstm_frozen,clean,template,13,test_structural_all+norm,bongo_1285,0,0.000243
bilstm_frozen,clean,template,13,test_structural_all+norm,bongo_1293,1,0.986897
bilstm_frozen,clean,template,13,test_structural_all+norm,bongo_1316,0,0.000311
bilstm_frozen,clean,template,13,test_structural_all+norm,bongo_1327,1,0.000805
bilstm_frozen,clean,template,13,test_structural_all+norm,bongo_1330,0,0.044616
bilstm_frozen,clean,template,13,test_structural_all+norm,bongo_1359,0,0.001240
bilstm_frozen,clean,template,13,test_structural_all+norm,bongo_1375,0,0.000302
bilstm_frozen,clean,template,13,test_codeswitch_1+norm,bongo_0025,1,0.999266
bilstm_frozen,clean,template,13,test_codeswitch_1+norm,bongo_0029,0,0.015926
bilstm_frozen,clean,template,13,test_codeswitch_1+norm,bongo_0039,1,0.979112
bilstm_frozen,clean,template,13,test_codeswitch_1+norm,bongo_0047,1,0.999599
bilstm_frozen,clean,template,13,test_codeswitch_1+norm,bongo_0053,0,0.000213
bilstm_frozen,clean,template,13,test_codeswitch_1+norm,bongo_0055,1,0.000868
bilstm_frozen,clean,template,13,test_codeswitch_1+norm,bongo_0061,1,0.996565
bilstm_frozen,clean,template,13,test_codeswitch_1+norm,bongo_0097,0,0.001308
bilstm_frozen,clean,template,13,test_codeswitch_1+norm,bongo_0107,0,0.000084
bilstm_frozen,clean,template,13,test_codeswitch_1+norm,bongo_0110,0,0.000055
bilstm_frozen,clean,template,13,test_codeswitch_1+norm,bongo_0112,1,0.000855
bilstm_frozen,clean,template,13,test_codeswitch_1+norm,bongo_0115,0,0.002955
bilstm_frozen,clean,template,13,test_codeswitch_1+norm,bongo_0143,0,0.000372
bilstm_frozen,clean,template,13,test_codeswitch_1+norm,bongo_0146,1,0.999766
bilstm_frozen,clean,template,13,test_codeswitch_1+norm,bongo_0154,1,0.999475
bilstm_frozen,clean,template,13,test_codeswitch_1+norm,bongo_0159,1,0.000877
bilstm_frozen,clean,template,13,test_codeswitch_1+norm,bongo_0160,0,0.000164
bilstm_frozen,clean,template,13,test_codeswitch_1+norm,bongo_0172,0,0.782687
bilstm_frozen,clean,template,13,test_codeswitch_1+norm,bongo_0173,1,0.000700
bilstm_frozen,clean,template,13,test_codeswitch_1+norm,bongo_0175,0,0.000740
bilstm_frozen,clean,template,13,test_codeswitch_1+norm,bongo_0182,0,0.000291
bilstm_frozen,clean,template,13,test_codeswitch_1+norm,bongo_0195,1,0.959600
bilstm_frozen,clean,template,13,test_codeswitch_1+norm,bongo_0197,0,0.000188
bilstm_frozen,clean,template,13,test_codeswitch_1+norm,bongo_0201,1,0.999681
bilstm_frozen,clean,template,13,test_codeswitch_1+norm,bongo_0203,1,0.999843
bilstm_frozen,clean,template,13,test_codeswitch_1+norm,bongo_0250,1,0.000877
bilstm_frozen,clean,template,13,test_codeswitch_1+norm,bongo_0253,0,0.000316
bilstm_frozen,clean,template,13,test_codeswitch_1+norm,bongo_0255,1,0.000885
bilstm_frozen,clean,template,13,test_codeswitch_1+norm,bongo_0265,1,0.000713
bilstm_frozen,clean,template,13,test_codeswitch_1+norm,bongo_0271,0,0.000251
bilstm_frozen,clean,template,13,test_codeswitch_1+norm,bongo_0300,0,0.000185
bilstm_frozen,clean,template,13,test_codeswitch_1+norm,bongo_0306,0,0.000268
bilstm_frozen,clean,template,13,test_codeswitch_1+norm,bongo_0356,1,0.000847
bilstm_frozen,clean,template,13,test_codeswitch_1+norm,bongo_0360,1,0.999494
bilstm_frozen,clean,template,13,test_codeswitch_1+norm,bongo_0361,1,0.999842
bilstm_frozen,clean,template,13,test_codeswitch_1+norm,bongo_0363,0,0.000221
bilstm_frozen,clean,template,13,test_codeswitch_1+norm,bongo_0368,0,0.001293
bilstm_frozen,clean,template,13,test_codeswitch_1+norm,bongo_0372,0,0.000265
bilstm_frozen,clean,template,13,test_codeswitch_1+norm,bongo_0380,1,0.000861
bilstm_frozen,clean,template,13,test_codeswitch_1+norm,bongo_0389,0,0.000257
bilstm_frozen,clean,template,13,test_codeswitch_1+norm,bongo_0395,0,0.000543
bilstm_frozen,clean,template,13,test_codeswitch_1+norm,bongo_0405,1,0.999242
bilstm_frozen,clean,template,13,test_codeswitch_1+norm,bongo_0424,1,0.999662
bilstm_frozen,clean,template,13,test_codeswitch_1+norm,bongo_0427,0,0.002924
bilstm_frozen,clean,template,13,test_codeswitch_1+norm,bongo_0434,1,0.000868
bilstm_frozen,clean,template,13,test_codeswitch_1+norm,bongo_0463,0,0.002949
bilstm_frozen,clean,template,13,test_codeswitch_1+norm,bongo_0476,1,0.962976
bilstm_frozen,clean,template,13,test_codeswitch_1+norm,bongo_0510,1,0.999593
bilstm_frozen,clean,template,13,test_codeswitch_1+norm,bongo_0531,0,0.000346
bilstm_frozen,clean,template,13,test_codeswitch_1+norm,bongo_0542,0,0.000385
bilstm_frozen,clean,template,13,test_codeswitch_1+norm,bongo_0545,0,0.000391
bilstm_frozen,clean,template,13,test_codeswitch_1+norm,bongo_0560,1,0.973515
bilstm_frozen,clean,template,13,test_codeswitch_1+norm,bongo_0565,1,0.000615
bilstm_frozen,clean,template,13,test_codeswitch_1+norm,bongo_0566,1,0.999850
bilstm_frozen,clean,template,13,test_codeswitch_1+norm,bongo_0571,0,0.000196
bilstm_frozen,clean,template,13,test_codeswitch_1+norm,bongo_0577,1,0.999124
bilstm_frozen,clean,template,13,test_codeswitch_1+norm,bongo_0580,1,0.962381
bilstm_frozen,clean,template,13,test_codeswitch_1+norm,bongo_0621,1,0.998845
bilstm_frozen,clean,template,13,test_codeswitch_1+norm,bongo_0624,1,0.999346
bilstm_frozen,clean,template,13,test_codeswitch_1+norm,bongo_0630,0,0.000365
bilstm_frozen,clean,template,13,test_codeswitch_1+norm,bongo_0638,1,0.999804
bilstm_frozen,clean,template,13,test_codeswitch_1+norm,bongo_0648,0,0.021890
bilstm_frozen,clean,template,13,test_codeswitch_1+norm,bongo_0674,0,0.000081
bilstm_frozen,clean,template,13,test_codeswitch_1+norm,bongo_0685,0,0.027571
bilstm_frozen,clean,template,13,test_codeswitch_1+norm,bongo_0697,1,0.000615
bilstm_frozen,clean,template,13,test_codeswitch_1+norm,bongo_0701,0,0.000252
bilstm_frozen,clean,template,13,test_codeswitch_1+norm,bongo_0706,1,0.000845
bilstm_frozen,clean,template,13,test_codeswitch_1+norm,bongo_0719,1,0.000868
bilstm_frozen,clean,template,13,test_codeswitch_1+norm,bongo_0721,1,0.954030
bilstm_frozen,clean,template,13,test_codeswitch_1+norm,bongo_0724,1,0.000632
bilstm_frozen,clean,template,13,test_codeswitch_1+norm,bongo_0729,1,0.955281
bilstm_frozen,clean,template,13,test_codeswitch_1+norm,bongo_0741,0,0.000234
bilstm_frozen,clean,template,13,test_codeswitch_1+norm,bongo_0749,1,0.000847
bilstm_frozen,clean,template,13,test_codeswitch_1+norm,bongo_0769,1,0.990802
bilstm_frozen,clean,template,13,test_codeswitch_1+norm,bongo_0770,1,0.000868
bilstm_frozen,clean,template,13,test_codeswitch_1+norm,bongo_0778,1,0.000838
bilstm_frozen,clean,template,13,test_codeswitch_1+norm,bongo_0787,1,0.999495
bilstm_frozen,clean,template,13,test_codeswitch_1+norm,bongo_0795,0,0.000643
bilstm_frozen,clean,template,13,test_codeswitch_1+norm,bongo_0806,1,0.000632
bilstm_frozen,clean,template,13,test_codeswitch_1+norm,bongo_0807,1,0.999557
bilstm_frozen,clean,template,13,test_codeswitch_1+norm,bongo_0818,0,0.007304
bilstm_frozen,clean,template,13,test_codeswitch_1+norm,bongo_0819,0,0.000527
bilstm_frozen,clean,template,13,test_codeswitch_1+norm,bongo_0835,0,0.000150
bilstm_frozen,clean,template,13,test_codeswitch_1+norm,bongo_0840,1,0.999494
bilstm_frozen,clean,template,13,test_codeswitch_1+norm,bongo_0855,1,0.000621
bilstm_frozen,clean,template,13,test_codeswitch_1+norm,bongo_0856,0,0.000250
bilstm_frozen,clean,template,13,test_codeswitch_1+norm,bongo_0864,1,0.979301
bilstm_frozen,clean,template,13,test_codeswitch_1+norm,bongo_0871,1,0.999360
bilstm_frozen,clean,template,13,test_codeswitch_1+norm,bongo_0872,0,0.001244
bilstm_frozen,clean,template,13,test_codeswitch_1+norm,bongo_0904,0,0.001511
bilstm_frozen,clean,template,13,test_codeswitch_1+norm,bongo_0905,1,0.979797
bilstm_frozen,clean,template,13,test_codeswitch_1+norm,bongo_0909,1,0.999111
bilstm_frozen,clean,template,13,test_codeswitch_1+norm,bongo_0917,1,0.000895
bilstm_frozen,clean,template,13,test_codeswitch_1+norm,bongo_0918,1,0.999240
bilstm_frozen,clean,template,13,test_codeswitch_1+norm,bongo_0950,0,0.000178
bilstm_frozen,clean,template,13,test_codeswitch_1+norm,bongo_0955,1,0.999635
bilstm_frozen,clean,template,13,test_codeswitch_1+norm,bongo_0956,0,0.000249
bilstm_frozen,clean,template,13,test_codeswitch_1+norm,bongo_0971,0,0.000220
bilstm_frozen,clean,template,13,test_codeswitch_1+norm,bongo_0983,0,0.000463
bilstm_frozen,clean,template,13,test_codeswitch_1+norm,bongo_0989,1,0.999363
bilstm_frozen,clean,template,13,test_codeswitch_1+norm,bongo_0994,0,0.002226
bilstm_frozen,clean,template,13,test_codeswitch_1+norm,bongo_1003,1,0.973505
bilstm_frozen,clean,template,13,test_codeswitch_1+norm,bongo_1006,0,0.000340
bilstm_frozen,clean,template,13,test_codeswitch_1+norm,bongo_1012,1,0.000840
bilstm_frozen,clean,template,13,test_codeswitch_1+norm,bongo_1015,0,0.000557
bilstm_frozen,clean,template,13,test_codeswitch_1+norm,bongo_1022,1,0.000859
bilstm_frozen,clean,template,13,test_codeswitch_1+norm,bongo_1037,0,0.000614
bilstm_frozen,clean,template,13,test_codeswitch_1+norm,bongo_1040,0,0.000300
bilstm_frozen,clean,template,13,test_codeswitch_1+norm,bongo_1042,1,0.999029
bilstm_frozen,clean,template,13,test_codeswitch_1+norm,bongo_1047,1,0.979494
bilstm_frozen,clean,template,13,test_codeswitch_1+norm,bongo_1050,0,0.000802
bilstm_frozen,clean,template,13,test_codeswitch_1+norm,bongo_1052,1,0.989976
bilstm_frozen,clean,template,13,test_codeswitch_1+norm,bongo_1059,0,0.000744
bilstm_frozen,clean,template,13,test_codeswitch_1+norm,bongo_1071,0,0.000295
bilstm_frozen,clean,template,13,test_codeswitch_1+norm,bongo_1090,0,0.000170
bilstm_frozen,clean,template,13,test_codeswitch_1+norm,bongo_1104,1,0.999624
bilstm_frozen,clean,template,13,test_codeswitch_1+norm,bongo_1115,0,0.000232
bilstm_frozen,clean,template,13,test_codeswitch_1+norm,bongo_1123,0,0.000238
bilstm_frozen,clean,template,13,test_codeswitch_1+norm,bongo_1125,0,0.012666
bilstm_frozen,clean,template,13,test_codeswitch_1+norm,bongo_1127,1,0.000692
bilstm_frozen,clean,template,13,test_codeswitch_1+norm,bongo_1131,1,0.999804
bilstm_frozen,clean,template,13,test_codeswitch_1+norm,bongo_1134,1,0.000871
bilstm_frozen,clean,template,13,test_codeswitch_1+norm,bongo_1135,0,0.001657
bilstm_frozen,clean,template,13,test_codeswitch_1+norm,bongo_1136,1,0.999407
bilstm_frozen,clean,template,13,test_codeswitch_1+norm,bongo_1138,1,0.978942
bilstm_frozen,clean,template,13,test_codeswitch_1+norm,bongo_1140,1,0.999180
bilstm_frozen,clean,template,13,test_codeswitch_1+norm,bongo_1154,1,0.999835
bilstm_frozen,clean,template,13,test_codeswitch_1+norm,bongo_1155,0,0.000215
bilstm_frozen,clean,template,13,test_codeswitch_1+norm,bongo_1171,1,0.999622
bilstm_frozen,clean,template,13,test_codeswitch_1+norm,bongo_1181,1,0.963587
bilstm_frozen,clean,template,13,test_codeswitch_1+norm,bongo_1185,1,0.000855
bilstm_frozen,clean,template,13,test_codeswitch_1+norm,bongo_1194,0,0.000869
bilstm_frozen,clean,template,13,test_codeswitch_1+norm,bongo_1195,1,0.000614
bilstm_frozen,clean,template,13,test_codeswitch_1+norm,bongo_1198,0,0.000356
bilstm_frozen,clean,template,13,test_codeswitch_1+norm,bongo_1204,1,0.000870
bilstm_frozen,clean,template,13,test_codeswitch_1+norm,bongo_1220,1,0.982355
bilstm_frozen,clean,template,13,test_codeswitch_1+norm,bongo_1233,1,0.999851
bilstm_frozen,clean,template,13,test_codeswitch_1+norm,bongo_1236,0,0.000282
bilstm_frozen,clean,template,13,test_codeswitch_1+norm,bongo_1240,1,0.000885
bilstm_frozen,clean,template,13,test_codeswitch_1+norm,bongo_1244,0,0.000697
bilstm_frozen,clean,template,13,test_codeswitch_1+norm,bongo_1249,0,0.000533
bilstm_frozen,clean,template,13,test_codeswitch_1+norm,bongo_1253,0,0.910899
bilstm_frozen,clean,template,13,test_codeswitch_1+norm,bongo_1260,0,0.000234
bilstm_frozen,clean,template,13,test_codeswitch_1+norm,bongo_1262,0,0.765511
bilstm_frozen,clean,template,13,test_codeswitch_1+norm,bongo_1278,1,0.000864
bilstm_frozen,clean,template,13,test_codeswitch_1+norm,bongo_1285,0,0.000243
bilstm_frozen,clean,template,13,test_codeswitch_1+norm,bongo_1293,1,0.999722
bilstm_frozen,clean,template,13,test_codeswitch_1+norm,bongo_1316,0,0.000311
bilstm_frozen,clean,template,13,test_codeswitch_1+norm,bongo_1327,1,0.000864
bilstm_frozen,clean,template,13,test_codeswitch_1+norm,bongo_1330,0,0.044616
bilstm_frozen,clean,template,13,test_codeswitch_1+norm,bongo_1359,0,0.001240
bilstm_frozen,clean,template,13,test_codeswitch_1+norm,bongo_1375,0,0.000302
bilstm_frozen,clean,template,13,test_codeswitch_3+norm,bongo_0025,1,0.999251
bilstm_frozen,clean,template,13,test_codeswitch_3+norm,bongo_0029,0,0.015926
bilstm_frozen,clean,template,13,test_codeswitch_3+norm,bongo_0039,1,0.977588
bilstm_frozen,clean,template,13,test_codeswitch_3+norm,bongo_0047,1,0.999599
bilstm_frozen,clean,template,13,test_codeswitch_3+norm,bongo_0053,0,0.000213
bilstm_frozen,clean,template,13,test_codeswitch_3+norm,bongo_0055,1,0.000854
bilstm_frozen,clean,template,13,test_codeswitch_3+norm,bongo_0061,1,0.996565
bilstm_frozen,clean,template,13,test_codeswitch_3+norm,bongo_0097,0,0.001308
bilstm_frozen,clean,template,13,test_codeswitch_3+norm,bongo_0107,0,0.000084
bilstm_frozen,clean,template,13,test_codeswitch_3+norm,bongo_0110,0,0.000055
bilstm_frozen,clean,template,13,test_codeswitch_3+norm,bongo_0112,1,0.000843
bilstm_frozen,clean,template,13,test_codeswitch_3+norm,bongo_0115,0,0.002955
bilstm_frozen,clean,template,13,test_codeswitch_3+norm,bongo_0143,0,0.000372
bilstm_frozen,clean,template,13,test_codeswitch_3+norm,bongo_0146,1,0.996425
bilstm_frozen,clean,template,13,test_codeswitch_3+norm,bongo_0154,1,0.999483
bilstm_frozen,clean,template,13,test_codeswitch_3+norm,bongo_0159,1,0.000866
bilstm_frozen,clean,template,13,test_codeswitch_3+norm,bongo_0160,0,0.000164
bilstm_frozen,clean,template,13,test_codeswitch_3+norm,bongo_0172,0,0.782687
bilstm_frozen,clean,template,13,test_codeswitch_3+norm,bongo_0173,1,0.000751
bilstm_frozen,clean,template,13,test_codeswitch_3+norm,bongo_0175,0,0.000740
bilstm_frozen,clean,template,13,test_codeswitch_3+norm,bongo_0182,0,0.000291
bilstm_frozen,clean,template,13,test_codeswitch_3+norm,bongo_0195,1,0.959600
bilstm_frozen,clean,template,13,test_codeswitch_3+norm,bongo_0197,0,0.000188
bilstm_frozen,clean,template,13,test_codeswitch_3+norm,bongo_0201,1,0.999669
bilstm_frozen,clean,template,13,test_codeswitch_3+norm,bongo_0203,1,0.999681
bilstm_frozen,clean,template,13,test_codeswitch_3+norm,bongo_0250,1,0.000866
bilstm_frozen,clean,template,13,test_codeswitch_3+norm,bongo_0253,0,0.000316
bilstm_frozen,clean,template,13,test_codeswitch_3+norm,bongo_0255,1,0.000869
bilstm_frozen,clean,template,13,test_codeswitch_3+norm,bongo_0265,1,0.000763
bilstm_frozen,clean,template,13,test_codeswitch_3+norm,bongo_0271,0,0.000251
bilstm_frozen,clean,template,13,test_codeswitch_3+norm,bongo_0300,0,0.000185
bilstm_frozen,clean,template,13,test_codeswitch_3+norm,bongo_0306,0,0.000268
bilstm_frozen,clean,template,13,test_codeswitch_3+norm,bongo_0356,1,0.000833
bilstm_frozen,clean,template,13,test_codeswitch_3+norm,bongo_0360,1,0.998755
bilstm_frozen,clean,template,13,test_codeswitch_3+norm,bongo_0361,1,0.999681
bilstm_frozen,clean,template,13,test_codeswitch_3+norm,bongo_0363,0,0.000221
bilstm_frozen,clean,template,13,test_codeswitch_3+norm,bongo_0368,0,0.001293
bilstm_frozen,clean,template,13,test_codeswitch_3+norm,bongo_0372,0,0.000265
bilstm_frozen,clean,template,13,test_codeswitch_3+norm,bongo_0380,1,0.000845
bilstm_frozen,clean,template,13,test_codeswitch_3+norm,bongo_0389,0,0.000257
bilstm_frozen,clean,template,13,test_codeswitch_3+norm,bongo_0395,0,0.000543
bilstm_frozen,clean,template,13,test_codeswitch_3+norm,bongo_0405,1,0.999370
bilstm_frozen,clean,template,13,test_codeswitch_3+norm,bongo_0424,1,0.999662
bilstm_frozen,clean,template,13,test_codeswitch_3+norm,bongo_0427,0,0.002924
bilstm_frozen,clean,template,13,test_codeswitch_3+norm,bongo_0434,1,0.000854
bilstm_frozen,clean,template,13,test_codeswitch_3+norm,bongo_0463,0,0.002949
bilstm_frozen,clean,template,13,test_codeswitch_3+norm,bongo_0476,1,0.962976
bilstm_frozen,clean,template,13,test_codeswitch_3+norm,bongo_0510,1,0.999719
bilstm_frozen,clean,template,13,test_codeswitch_3+norm,bongo_0531,0,0.000346
bilstm_frozen,clean,template,13,test_codeswitch_3+norm,bongo_0542,0,0.000385
bilstm_frozen,clean,template,13,test_codeswitch_3+norm,bongo_0545,0,0.000391
bilstm_frozen,clean,template,13,test_codeswitch_3+norm,bongo_0560,1,0.973515
bilstm_frozen,clean,template,13,test_codeswitch_3+norm,bongo_0565,1,0.000608
bilstm_frozen,clean,template,13,test_codeswitch_3+norm,bongo_0566,1,0.996819
bilstm_frozen,clean,template,13,test_codeswitch_3+norm,bongo_0571,0,0.000196
bilstm_frozen,clean,template,13,test_codeswitch_3+norm,bongo_0577,1,0.999295
bilstm_frozen,clean,template,13,test_codeswitch_3+norm,bongo_0580,1,0.962381
bilstm_frozen,clean,template,13,test_codeswitch_3+norm,bongo_0621,1,0.999019
bilstm_frozen,clean,template,13,test_codeswitch_3+norm,bongo_0624,1,0.999259
bilstm_frozen,clean,template,13,test_codeswitch_3+norm,bongo_0630,0,0.000365
bilstm_frozen,clean,template,13,test_codeswitch_3+norm,bongo_0638,1,0.996715
bilstm_frozen,clean,template,13,test_codeswitch_3+norm,bongo_0648,0,0.021890
bilstm_frozen,clean,template,13,test_codeswitch_3+norm,bongo_0674,0,0.000081
bilstm_frozen,clean,template,13,test_codeswitch_3+norm,bongo_0685,0,0.027571
bilstm_frozen,clean,template,13,test_codeswitch_3+norm,bongo_0697,1,0.000608
bilstm_frozen,clean,template,13,test_codeswitch_3+norm,bongo_0701,0,0.000252
bilstm_frozen,clean,template,13,test_codeswitch_3+norm,bongo_0706,1,0.000832
bilstm_frozen,clean,template,13,test_codeswitch_3+norm,bongo_0719,1,0.000855
bilstm_frozen,clean,template,13,test_codeswitch_3+norm,bongo_0721,1,0.949129
bilstm_frozen,clean,template,13,test_codeswitch_3+norm,bongo_0724,1,0.000625
bilstm_frozen,clean,template,13,test_codeswitch_3+norm,bongo_0729,1,0.955281
bilstm_frozen,clean,template,13,test_codeswitch_3+norm,bongo_0741,0,0.000234
bilstm_frozen,clean,template,13,test_codeswitch_3+norm,bongo_0749,1,0.000837
bilstm_frozen,clean,template,13,test_codeswitch_3+norm,bongo_0769,1,0.993024
bilstm_frozen,clean,template,13,test_codeswitch_3+norm,bongo_0770,1,0.000854
bilstm_frozen,clean,template,13,test_codeswitch_3+norm,bongo_0778,1,0.000825
bilstm_frozen,clean,template,13,test_codeswitch_3+norm,bongo_0787,1,0.998753
bilstm_frozen,clean,template,13,test_codeswitch_3+norm,bongo_0795,0,0.000643
bilstm_frozen,clean,template,13,test_codeswitch_3+norm,bongo_0806,1,0.000625
bilstm_frozen,clean,template,13,test_codeswitch_3+norm,bongo_0807,1,0.999694
bilstm_frozen,clean,template,13,test_codeswitch_3+norm,bongo_0818,0,0.007304
bilstm_frozen,clean,template,13,test_codeswitch_3+norm,bongo_0819,0,0.000527
bilstm_frozen,clean,template,13,test_codeswitch_3+norm,bongo_0835,0,0.000150
bilstm_frozen,clean,template,13,test_codeswitch_3+norm,bongo_0840,1,0.998758
bilstm_frozen,clean,template,13,test_codeswitch_3+norm,bongo_0855,1,0.000615
bilstm_frozen,clean,template,13,test_codeswitch_3+norm,bongo_0856,0,0.000250
bilstm_frozen,clean,template,13,test_codeswitch_3+norm,bongo_0864,1,0.977716
bilstm_frozen,clean,template,13,test_codeswitch_3+norm,bongo_0871,1,0.999274
bilstm_frozen,clean,template,13,test_codeswitch_3+norm,bongo_0872,0,0.001244
bilstm_frozen,clean,template,13,test_codeswitch_3+norm,bongo_0904,0,0.001511
bilstm_frozen,clean,template,13,test_codeswitch_3+norm,bongo_0905,1,0.978027
bilstm_frozen,clean,template,13,test_codeswitch_3+norm,bongo_0909,1,0.999320
bilstm_frozen,clean,template,13,test_codeswitch_3+norm,bongo_0917,1,0.000880
bilstm_frozen,clean,template,13,test_codeswitch_3+norm,bongo_0918,1,0.999353
bilstm_frozen,clean,template,13,test_codeswitch_3+norm,bongo_0950,0,0.000178
bilstm_frozen,clean,template,13,test_codeswitch_3+norm,bongo_0955,1,0.999618
bilstm_frozen,clean,template,13,test_codeswitch_3+norm,bongo_0956,0,0.000249
bilstm_frozen,clean,template,13,test_codeswitch_3+norm,bongo_0971,0,0.000220
bilstm_frozen,clean,template,13,test_codeswitch_3+norm,bongo_0983,0,0.000463
bilstm_frozen,clean,template,13,test_codeswitch_3+norm,bongo_0989,1,0.999277
bilstm_frozen,clean,template,13,test_codeswitch_3+norm,bongo_0994,0,0.002226
bilstm_frozen,clean,template,13,test_codeswitch_3+norm,bongo_1003,1,0.973505
bilstm_frozen,clean,template,13,test_codeswitch_3+norm,bongo_1006,0,0.000340
bilstm_frozen,clean,template,13,test_codeswitch_3+norm,bongo_1012,1,0.000827
bilstm_frozen,clean,template,13,test_codeswitch_3+norm,bongo_1015,0,0.000557
bilstm_frozen,clean,template,13,test_codeswitch_3+norm,bongo_1022,1,0.000844
bilstm_frozen,clean,template,13,test_codeswitch_3+norm,bongo_1037,0,0.000614
bilstm_frozen,clean,template,13,test_codeswitch_3+norm,bongo_1040,0,0.000300
bilstm_frozen,clean,template,13,test_codeswitch_3+norm,bongo_1042,1,0.996115
bilstm_frozen,clean,template,13,test_codeswitch_3+norm,bongo_1047,1,0.977770
bilstm_frozen,clean,template,13,test_codeswitch_3+norm,bongo_1050,0,0.000802
bilstm_frozen,clean,template,13,test_codeswitch_3+norm,bongo_1052,1,0.992428
bilstm_frozen,clean,template,13,test_codeswitch_3+norm,bongo_1059,0,0.000744
bilstm_frozen,clean,template,13,test_codeswitch_3+norm,bongo_1071,0,0.000295
bilstm_frozen,clean,template,13,test_codeswitch_3+norm,bongo_1090,0,0.000170
bilstm_frozen,clean,template,13,test_codeswitch_3+norm,bongo_1104,1,0.999606
bilstm_frozen,clean,template,13,test_codeswitch_3+norm,bongo_1115,0,0.000232
bilstm_frozen,clean,template,13,test_codeswitch_3+norm,bongo_1123,0,0.000238
bilstm_frozen,clean,template,13,test_codeswitch_3+norm,bongo_1125,0,0.012666
bilstm_frozen,clean,template,13,test_codeswitch_3+norm,bongo_1127,1,0.000741
bilstm_frozen,clean,template,13,test_codeswitch_3+norm,bongo_1131,1,0.996126
bilstm_frozen,clean,template,13,test_codeswitch_3+norm,bongo_1134,1,0.000857
bilstm_frozen,clean,template,13,test_codeswitch_3+norm,bongo_1135,0,0.001657
bilstm_frozen,clean,template,13,test_codeswitch_3+norm,bongo_1136,1,0.999407
bilstm_frozen,clean,template,13,test_codeswitch_3+norm,bongo_1138,1,0.977428
bilstm_frozen,clean,template,13,test_codeswitch_3+norm,bongo_1140,1,0.999320
bilstm_frozen,clean,template,13,test_codeswitch_3+norm,bongo_1154,1,0.999506
bilstm_frozen,clean,template,13,test_codeswitch_3+norm,bongo_1155,0,0.000215
bilstm_frozen,clean,template,13,test_codeswitch_3+norm,bongo_1171,1,0.999606
bilstm_frozen,clean,template,13,test_codeswitch_3+norm,bongo_1181,1,0.963587
bilstm_frozen,clean,template,13,test_codeswitch_3+norm,bongo_1185,1,0.000840
bilstm_frozen,clean,template,13,test_codeswitch_3+norm,bongo_1194,0,0.000869
bilstm_frozen,clean,template,13,test_codeswitch_3+norm,bongo_1195,1,0.000607
bilstm_frozen,clean,template,13,test_codeswitch_3+norm,bongo_1198,0,0.000356
bilstm_frozen,clean,template,13,test_codeswitch_3+norm,bongo_1204,1,0.000856
bilstm_frozen,clean,template,13,test_codeswitch_3+norm,bongo_1220,1,0.980993
bilstm_frozen,clean,template,13,test_codeswitch_3+norm,bongo_1233,1,0.997048
bilstm_frozen,clean,template,13,test_codeswitch_3+norm,bongo_1236,0,0.000282
bilstm_frozen,clean,template,13,test_codeswitch_3+norm,bongo_1240,1,0.000869
bilstm_frozen,clean,template,13,test_codeswitch_3+norm,bongo_1244,0,0.000697
bilstm_frozen,clean,template,13,test_codeswitch_3+norm,bongo_1249,0,0.000533
bilstm_frozen,clean,template,13,test_codeswitch_3+norm,bongo_1253,0,0.910899
bilstm_frozen,clean,template,13,test_codeswitch_3+norm,bongo_1260,0,0.000234
bilstm_frozen,clean,template,13,test_codeswitch_3+norm,bongo_1262,0,0.765511
bilstm_frozen,clean,template,13,test_codeswitch_3+norm,bongo_1278,1,0.000850
bilstm_frozen,clean,template,13,test_codeswitch_3+norm,bongo_1285,0,0.000243
bilstm_frozen,clean,template,13,test_codeswitch_3+norm,bongo_1293,1,0.999727
bilstm_frozen,clean,template,13,test_codeswitch_3+norm,bongo_1316,0,0.000311
bilstm_frozen,clean,template,13,test_codeswitch_3+norm,bongo_1327,1,0.000850
bilstm_frozen,clean,template,13,test_codeswitch_3+norm,bongo_1330,0,0.044616
bilstm_frozen,clean,template,13,test_codeswitch_3+norm,bongo_1359,0,0.001240
bilstm_frozen,clean,template,13,test_codeswitch_3+norm,bongo_1375,0,0.000302
bilstm_frozen,clean,template,13,test_codeswitch_all+norm,bongo_0025,1,0.999251
bilstm_frozen,clean,template,13,test_codeswitch_all+norm,bongo_0029,0,0.015926
bilstm_frozen,clean,template,13,test_codeswitch_all+norm,bongo_0039,1,0.977588
bilstm_frozen,clean,template,13,test_codeswitch_all+norm,bongo_0047,1,0.999599
bilstm_frozen,clean,template,13,test_codeswitch_all+norm,bongo_0053,0,0.000213
bilstm_frozen,clean,template,13,test_codeswitch_all+norm,bongo_0055,1,0.000854
bilstm_frozen,clean,template,13,test_codeswitch_all+norm,bongo_0061,1,0.996565
bilstm_frozen,clean,template,13,test_codeswitch_all+norm,bongo_0097,0,0.001308
bilstm_frozen,clean,template,13,test_codeswitch_all+norm,bongo_0107,0,0.000084
bilstm_frozen,clean,template,13,test_codeswitch_all+norm,bongo_0110,0,0.000055
bilstm_frozen,clean,template,13,test_codeswitch_all+norm,bongo_0112,1,0.000843
bilstm_frozen,clean,template,13,test_codeswitch_all+norm,bongo_0115,0,0.002955
bilstm_frozen,clean,template,13,test_codeswitch_all+norm,bongo_0143,0,0.000372
bilstm_frozen,clean,template,13,test_codeswitch_all+norm,bongo_0146,1,0.995065
bilstm_frozen,clean,template,13,test_codeswitch_all+norm,bongo_0154,1,0.999483
bilstm_frozen,clean,template,13,test_codeswitch_all+norm,bongo_0159,1,0.000866
bilstm_frozen,clean,template,13,test_codeswitch_all+norm,bongo_0160,0,0.000164
bilstm_frozen,clean,template,13,test_codeswitch_all+norm,bongo_0172,0,0.782687
bilstm_frozen,clean,template,13,test_codeswitch_all+norm,bongo_0173,1,0.000751
bilstm_frozen,clean,template,13,test_codeswitch_all+norm,bongo_0175,0,0.000740
bilstm_frozen,clean,template,13,test_codeswitch_all+norm,bongo_0182,0,0.000291
bilstm_frozen,clean,template,13,test_codeswitch_all+norm,bongo_0195,1,0.959600
bilstm_frozen,clean,template,13,test_codeswitch_all+norm,bongo_0197,0,0.000188
bilstm_frozen,clean,template,13,test_codeswitch_all+norm,bongo_0201,1,0.999667
bilstm_frozen,clean,template,13,test_codeswitch_all+norm,bongo_0203,1,0.999540
bilstm_frozen,clean,template,13,test_codeswitch_all+norm,bongo_0250,1,0.000866
bilstm_frozen,clean,template,13,test_codeswitch_all+norm,bongo_0253,0,0.000316
bilstm_frozen,clean,template,13,test_codeswitch_all+norm,bongo_0255,1,0.000869
bilstm_frozen,clean,template,13,test_codeswitch_all+norm,bongo_0265,1,0.000763
bilstm_frozen,clean,template,13,test_codeswitch_all+norm,bongo_0271,0,0.000251
bilstm_frozen,clean,template,13,test_codeswitch_all+norm,bongo_0300,0,0.000185
bilstm_frozen,clean,template,13,test_codeswitch_all+norm,bongo_0306,0,0.000268
bilstm_frozen,clean,template,13,test_codeswitch_all+norm,bongo_0356,1,0.000833
bilstm_frozen,clean,template,13,test_codeswitch_all+norm,bongo_0360,1,0.996818
bilstm_frozen,clean,template,13,test_codeswitch_all+norm,bongo_0361,1,0.999539
bilstm_frozen,clean,template,13,test_codeswitch_all+norm,bongo_0363,0,0.000221
bilstm_frozen,clean,template,13,test_codeswitch_all+norm,bongo_0368,0,0.001293
bilstm_frozen,clean,template,13,test_codeswitch_all+norm,bongo_0372,0,0.000265
bilstm_frozen,clean,template,13,test_codeswitch_all+norm,bongo_0380,1,0.000845
bilstm_frozen,clean,template,13,test_codeswitch_all+norm,bongo_0389,0,0.000257
bilstm_frozen,clean,template,13,test_codeswitch_all+norm,bongo_0395,0,0.000543
bilstm_frozen,clean,template,13,test_codeswitch_all+norm,bongo_0405,1,0.999370
bilstm_frozen,clean,template,13,test_codeswitch_all+norm,bongo_0424,1,0.999661
bilstm_frozen,clean,template,13,test_codeswitch_all+norm,bongo_0427,0,0.002924
bilstm_frozen,clean,template,13,test_codeswitch_all+norm,bongo_0434,1,0.000854
bilstm_frozen,clean,template,13,test_codeswitch_all+norm,bongo_0463,0,0.002949
bilstm_frozen,clean,template,13,test_codeswitch_all+norm,bongo_0476,1,0.962976
bilstm_frozen,clean,template,13,test_codeswitch_all+norm,bongo_0510,1,0.999719
bilstm_frozen,clean,template,13,test_codeswitch_all+norm,bongo_0531,0,0.000346
bilstm_frozen,clean,template,13,test_codeswitch_all+norm,bongo_0542,0,0.000385
bilstm_frozen,clean,template,13,test_codeswitch_all+norm,bongo_0545,0,0.000391
bilstm_frozen,clean,template,13,test_codeswitch_all+norm,bongo_0560,1,0.973515
bilstm_frozen,clean,template,13,test_codeswitch_all+norm,bongo_0565,1,0.000608
bilstm_frozen,clean,template,13,test_codeswitch_all+norm,bongo_0566,1,0.994835
bilstm_frozen,clean,template,13,test_codeswitch_all+norm,bongo_0571,0,0.000196
bilstm_frozen,clean,template,13,test_codeswitch_all+norm,bongo_0577,1,0.999295
bilstm_frozen,clean,template,13,test_codeswitch_all+norm,bongo_0580,1,0.962381
bilstm_frozen,clean,template,13,test_codeswitch_all+norm,bongo_0621,1,0.999019
bilstm_frozen,clean,template,13,test_codeswitch_all+norm,bongo_0624,1,0.999259
bilstm_frozen,clean,template,13,test_codeswitch_all+norm,bongo_0630,0,0.000365
bilstm_frozen,clean,template,13,test_codeswitch_all+norm,bongo_0638,1,0.994878
bilstm_frozen,clean,template,13,test_codeswitch_all+norm,bongo_0648,0,0.021890
bilstm_frozen,clean,template,13,test_codeswitch_all+norm,bongo_0674,0,0.000081
bilstm_frozen,clean,template,13,test_codeswitch_all+norm,bongo_0685,0,0.027571
bilstm_frozen,clean,template,13,test_codeswitch_all+norm,bongo_0697,1,0.000608
bilstm_frozen,clean,template,13,test_codeswitch_all+norm,bongo_0701,0,0.000252
bilstm_frozen,clean,template,13,test_codeswitch_all+norm,bongo_0706,1,0.000832
bilstm_frozen,clean,template,13,test_codeswitch_all+norm,bongo_0719,1,0.000855
bilstm_frozen,clean,template,13,test_codeswitch_all+norm,bongo_0721,1,0.949129
bilstm_frozen,clean,template,13,test_codeswitch_all+norm,bongo_0724,1,0.000625
bilstm_frozen,clean,template,13,test_codeswitch_all+norm,bongo_0729,1,0.955281
bilstm_frozen,clean,template,13,test_codeswitch_all+norm,bongo_0741,0,0.000234
bilstm_frozen,clean,template,13,test_codeswitch_all+norm,bongo_0749,1,0.000837
bilstm_frozen,clean,template,13,test_codeswitch_all+norm,bongo_0769,1,0.993024
bilstm_frozen,clean,template,13,test_codeswitch_all+norm,bongo_0770,1,0.000854
bilstm_frozen,clean,template,13,test_codeswitch_all+norm,bongo_0778,1,0.000825
bilstm_frozen,clean,template,13,test_codeswitch_all+norm,bongo_0787,1,0.996816
bilstm_frozen,clean,template,13,test_codeswitch_all+norm,bongo_0795,0,0.000643
bilstm_frozen,clean,template,13,test_codeswitch_all+norm,bongo_0806,1,0.000625
bilstm_frozen,clean,template,13,test_codeswitch_all+norm,bongo_0807,1,0.999694
bilstm_frozen,clean,template,13,test_codeswitch_all+norm,bongo_0818,0,0.007304
bilstm_frozen,clean,template,13,test_codeswitch_all+norm,bongo_0819,0,0.000527
bilstm_frozen,clean,template,13,test_codeswitch_all+norm,bongo_0835,0,0.000150
bilstm_frozen,clean,template,13,test_codeswitch_all+norm,bongo_0840,1,0.996821
bilstm_frozen,clean,template,13,test_codeswitch_all+norm,bongo_0855,1,0.000615
bilstm_frozen,clean,template,13,test_codeswitch_all+norm,bongo_0856,0,0.000250
bilstm_frozen,clean,template,13,test_codeswitch_all+norm,bongo_0864,1,0.977716
bilstm_frozen,clean,template,13,test_codeswitch_all+norm,bongo_0871,1,0.999274
bilstm_frozen,clean,template,13,test_codeswitch_all+norm,bongo_0872,0,0.001244
bilstm_frozen,clean,template,13,test_codeswitch_all+norm,bongo_0904,0,0.001511
bilstm_frozen,clean,template,13,test_codeswitch_all+norm,bongo_0905,1,0.978027
bilstm_frozen,clean,template,13,test_codeswitch_all+norm,bongo_0909,1,0.999320
bilstm_frozen,clean,template,13,test_codeswitch_all+norm,bongo_0917,1,0.000880
bilstm_frozen,clean,template,13,test_codeswitch_all+norm,bongo_0918,1,0.999353
bilstm_frozen,clean,template,13,test_codeswitch_all+norm,bongo_0950,0,0.000178
bilstm_frozen,clean,template,13,test_codeswitch_all+norm,bongo_0955,1,0.999618
bilstm_frozen,clean,template,13,test_codeswitch_all+norm,bongo_0956,0,0.000249
bilstm_frozen,clean,template,13,test_codeswitch_all+norm,bongo_0971,0,0.000220
bilstm_frozen,clean,template,13,test_codeswitch_all+norm,bongo_0983,0,0.000463
bilstm_frozen,clean,template,13,test_codeswitch_all+norm,bongo_0989,1,0.999277
bilstm_frozen,clean,template,13,test_codeswitch_all+norm,bongo_0994,0,0.002226
bilstm_frozen,clean,template,13,test_codeswitch_all+norm,bongo_1003,1,0.973505
bilstm_frozen,clean,template,13,test_codeswitch_all+norm,bongo_1006,0,0.000340
bilstm_frozen,clean,template,13,test_codeswitch_all+norm,bongo_1012,1,0.000827
bilstm_frozen,clean,template,13,test_codeswitch_all+norm,bongo_1015,0,0.000557
bilstm_frozen,clean,template,13,test_codeswitch_all+norm,bongo_1022,1,0.000844
bilstm_frozen,clean,template,13,test_codeswitch_all+norm,bongo_1037,0,0.000614
bilstm_frozen,clean,template,13,test_codeswitch_all+norm,bongo_1040,0,0.000300
bilstm_frozen,clean,template,13,test_codeswitch_all+norm,bongo_1042,1,0.993639
bilstm_frozen,clean,template,13,test_codeswitch_all+norm,bongo_1047,1,0.977770
bilstm_frozen,clean,template,13,test_codeswitch_all+norm,bongo_1050,0,0.000802
bilstm_frozen,clean,template,13,test_codeswitch_all+norm,bongo_1052,1,0.992428
bilstm_frozen,clean,template,13,test_codeswitch_all+norm,bongo_1059,0,0.000744
bilstm_frozen,clean,template,13,test_codeswitch_all+norm,bongo_1071,0,0.000295
bilstm_frozen,clean,template,13,test_codeswitch_all+norm,bongo_1090,0,0.000170
bilstm_frozen,clean,template,13,test_codeswitch_all+norm,bongo_1104,1,0.999605
bilstm_frozen,clean,template,13,test_codeswitch_all+norm,bongo_1115,0,0.000232
bilstm_frozen,clean,template,13,test_codeswitch_all+norm,bongo_1123,0,0.000238
bilstm_frozen,clean,template,13,test_codeswitch_all+norm,bongo_1125,0,0.012666
bilstm_frozen,clean,template,13,test_codeswitch_all+norm,bongo_1127,1,0.000741
bilstm_frozen,clean,template,13,test_codeswitch_all+norm,bongo_1131,1,0.993640
bilstm_frozen,clean,template,13,test_codeswitch_all+norm,bongo_1134,1,0.000857
bilstm_frozen,clean,template,13,test_codeswitch_all+norm,bongo_1135,0,0.001657
bilstm_frozen,clean,template,13,test_codeswitch_all+norm,bongo_1136,1,0.999407
bilstm_frozen,clean,template,13,test_codeswitch_all+norm,bongo_1138,1,0.977428
bilstm_frozen,clean,template,13,test_codeswitch_all+norm,bongo_1140,1,0.999320
bilstm_frozen,clean,template,13,test_codeswitch_all+norm,bongo_1154,1,0.997176
bilstm_frozen,clean,template,13,test_codeswitch_all+norm,bongo_1155,0,0.000215
bilstm_frozen,clean,template,13,test_codeswitch_all+norm,bongo_1171,1,0.999605
bilstm_frozen,clean,template,13,test_codeswitch_all+norm,bongo_1181,1,0.963587
bilstm_frozen,clean,template,13,test_codeswitch_all+norm,bongo_1185,1,0.000840
bilstm_frozen,clean,template,13,test_codeswitch_all+norm,bongo_1194,0,0.000869
bilstm_frozen,clean,template,13,test_codeswitch_all+norm,bongo_1195,1,0.000607
bilstm_frozen,clean,template,13,test_codeswitch_all+norm,bongo_1198,0,0.000356
bilstm_frozen,clean,template,13,test_codeswitch_all+norm,bongo_1204,1,0.000856
bilstm_frozen,clean,template,13,test_codeswitch_all+norm,bongo_1220,1,0.980993
bilstm_frozen,clean,template,13,test_codeswitch_all+norm,bongo_1233,1,0.995325
bilstm_frozen,clean,template,13,test_codeswitch_all+norm,bongo_1236,0,0.000282
bilstm_frozen,clean,template,13,test_codeswitch_all+norm,bongo_1240,1,0.000869
bilstm_frozen,clean,template,13,test_codeswitch_all+norm,bongo_1244,0,0.000697
bilstm_frozen,clean,template,13,test_codeswitch_all+norm,bongo_1249,0,0.000533
bilstm_frozen,clean,template,13,test_codeswitch_all+norm,bongo_1253,0,0.910899
bilstm_frozen,clean,template,13,test_codeswitch_all+norm,bongo_1260,0,0.000234
bilstm_frozen,clean,template,13,test_codeswitch_all+norm,bongo_1262,0,0.765511
bilstm_frozen,clean,template,13,test_codeswitch_all+norm,bongo_1278,1,0.000850
bilstm_frozen,clean,template,13,test_codeswitch_all+norm,bongo_1285,0,0.000243
bilstm_frozen,clean,template,13,test_codeswitch_all+norm,bongo_1293,1,0.997328
bilstm_frozen,clean,template,13,test_codeswitch_all+norm,bongo_1316,0,0.000311
bilstm_frozen,clean,template,13,test_codeswitch_all+norm,bongo_1327,1,0.000850
bilstm_frozen,clean,template,13,test_codeswitch_all+norm,bongo_1330,0,0.044616
bilstm_frozen,clean,template,13,test_codeswitch_all+norm,bongo_1359,0,0.001240
bilstm_frozen,clean,template,13,test_codeswitch_all+norm,bongo_1375,0,0.000302
bilstm_frozen,clean,template,13,chichewa+norm,chi_0000,1,0.996760
bilstm_frozen,clean,template,13,chichewa+norm,chi_0001,1,0.999425
bilstm_frozen,clean,template,13,chichewa+norm,chi_0002,0,0.950260
bilstm_frozen,clean,template,13,chichewa+norm,chi_0003,0,0.990637
bilstm_frozen,clean,template,13,chichewa+norm,chi_0004,1,0.996323
bilstm_frozen,clean,template,13,chichewa+norm,chi_0005,1,0.998685
bilstm_frozen,clean,template,13,chichewa+norm,chi_0006,0,0.967090
bilstm_frozen,clean,template,13,chichewa+norm,chi_0007,0,0.136122
bilstm_frozen,clean,template,13,chichewa+norm,chi_0008,1,0.995869
bilstm_frozen,clean,template,13,chichewa+norm,chi_0009,1,0.997798
bilstm_frozen,clean,template,13,chichewa+norm,chi_0010,0,0.005367
bilstm_frozen,clean,template,13,chichewa+norm,chi_0011,0,0.001124
bilstm_frozen,clean,template,13,chichewa+norm,chi_0012,0,0.962691
bilstm_frozen,clean,template,13,chichewa+norm,chi_0013,1,0.994703
bilstm_frozen,clean,template,13,chichewa+norm,chi_0014,1,0.998924
bilstm_frozen,clean,template,13,chichewa+norm,chi_0015,0,0.997741
bilstm_frozen,clean,template,13,chichewa+norm,chi_0016,0,0.997786
bilstm_frozen,clean,template,13,chichewa+norm,chi_0017,0,0.030348
bilstm_frozen,clean,template,13,chichewa+norm,chi_0018,1,0.999390
bilstm_frozen,clean,template,13,chichewa+norm,chi_0019,1,0.998373
bilstm_frozen,clean,template,13,chichewa+norm,chi_0020,0,0.997704
bilstm_frozen,clean,template,13,chichewa+norm,chi_0021,1,0.997792
bilstm_frozen,clean,template,13,chichewa+norm,chi_0022,0,0.000903
bilstm_frozen,clean,template,13,chichewa+norm,chi_0023,1,0.998740
bilstm_frozen,clean,template,13,chichewa+norm,chi_0024,1,0.993053
bilstm_frozen,clean,template,13,chichewa+norm,chi_0025,0,0.992272
bilstm_frozen,clean,template,13,chichewa+norm,chi_0026,0,0.989293
bilstm_frozen,clean,template,13,chichewa+norm,chi_0027,1,0.978039
bilstm_frozen,clean,template,13,chichewa+norm,chi_0028,1,0.999262
bilstm_frozen,clean,template,13,chichewa+norm,chi_0029,0,0.951606
bilstm_frozen,clean,template,13,chichewa+norm,chi_0030,0,0.000599
bilstm_frozen,clean,template,13,chichewa+norm,chi_0031,1,0.991593
bilstm_frozen,clean,template,13,chichewa+norm,chi_0032,1,0.992498
bilstm_frozen,clean,template,13,chichewa+norm,chi_0033,1,0.986553
bilstm_frozen,clean,template,13,chichewa+norm,chi_0034,1,0.994202
bilstm_frozen,clean,template,13,chichewa+norm,chi_0035,0,0.010098
bilstm_frozen,clean,template,13,chichewa+norm,chi_0036,0,0.308393
bilstm_frozen,clean,template,13,chichewa+norm,chi_0037,0,0.971357
bilstm_frozen,clean,template,13,chichewa+norm,chi_0038,0,0.995797
bilstm_frozen,clean,template,13,chichewa+norm,chi_0039,0,0.015443
bilstm_frozen,clean,template,13,chichewa+norm,chi_0040,1,0.993916
bilstm_frozen,clean,template,13,chichewa+norm,chi_0041,1,0.998982
bilstm_frozen,clean,template,13,chichewa+norm,chi_0042,0,0.160440
bilstm_frozen,clean,template,13,chichewa+norm,chi_0043,0,0.040601
bilstm_frozen,clean,template,13,chichewa+norm,chi_0044,0,0.001218
bilstm_frozen,clean,template,13,chichewa+norm,chi_0045,1,0.994728
bilstm_frozen,clean,template,13,chichewa+norm,chi_0046,1,0.993927
bilstm_frozen,clean,template,13,chichewa+norm,chi_0047,1,0.989448
bilstm_frozen,clean,template,13,chichewa+norm,chi_0048,0,0.957881
bilstm_frozen,clean,template,13,chichewa+norm,chi_0049,0,0.995042
bilstm_frozen,clean,template,13,chichewa+norm,chi_0050,0,0.977714
bilstm_frozen,clean,template,13,chichewa+norm,chi_0051,1,0.948728
bilstm_frozen,clean,template,13,chichewa+norm,chi_0052,0,0.020687
bilstm_frozen,clean,template,13,chichewa+norm,chi_0053,0,0.054980
bilstm_frozen,clean,template,13,chichewa+norm,chi_0054,1,0.993294
bilstm_frozen,clean,template,13,chichewa+norm,chi_0055,1,0.998157
bilstm_frozen,clean,template,13,chichewa+norm,chi_0056,0,0.000875
bilstm_frozen,clean,template,13,chichewa+norm,chi_0057,1,0.968961
bilstm_frozen,clean,template,13,chichewa+norm,chi_0058,1,0.985955
bilstm_frozen,clean,template,13,chichewa+norm,chi_0059,0,0.992717
bilstm_frozen,clean,template,13,chichewa+norm,chi_0060,0,0.122216
bilstm_frozen,clean,template,13,chichewa+norm,chi_0061,1,0.979584
bilstm_frozen,clean,template,13,chichewa+norm,chi_0062,0,0.023407
bilstm_frozen,clean,template,13,chichewa+norm,chi_0063,1,0.997347
bilstm_frozen,clean,template,13,chichewa+norm,chi_0064,1,0.992303
bilstm_frozen,clean,template,13,chichewa+norm,chi_0065,1,0.989729
bilstm_frozen,clean,template,13,chichewa+norm,chi_0066,0,0.144589
bilstm_frozen,clean,template,13,chichewa+norm,chi_0067,0,0.017731
bilstm_frozen,clean,template,13,chichewa+norm,chi_0068,0,0.005311
bilstm_frozen,clean,template,13,chichewa+norm,chi_0069,1,0.994242
bilstm_frozen,clean,template,13,chichewa+norm,chi_0070,1,0.996877
bilstm_frozen,clean,template,13,chichewa+norm,chi_0071,0,0.028645
bilstm_frozen,clean,template,13,chichewa+norm,chi_0072,0,0.079330
bilstm_frozen,clean,template,13,chichewa+norm,chi_0073,1,0.966317
bilstm_frozen,clean,template,13,chichewa+norm,chi_0074,1,0.992768
bilstm_frozen,clean,template,13,chichewa+norm,chi_0075,0,0.998510
bilstm_frozen,clean,template,13,chichewa+norm,chi_0076,0,0.996899
bilstm_frozen,clean,template,13,chichewa+norm,chi_0077,0,0.997812
bilstm_frozen,clean,template,13,chichewa+norm,chi_0078,1,0.996573
bilstm_frozen,clean,template,13,chichewa+norm,chi_0079,1,0.996755
bilstm_frozen,clean,template,13,chichewa+norm,chi_0080,1,0.996939
bilstm_frozen,clean,template,13,chichewa+norm,chi_0081,1,0.991087
bilstm_frozen,clean,template,13,chichewa+norm,chi_0082,0,0.104716
bilstm_frozen,clean,template,13,chichewa+norm,chi_0083,0,0.293180
bilstm_frozen,clean,template,13,chichewa+norm,chi_0084,0,0.997845
bilstm_frozen,clean,template,13,chichewa+norm,chi_0085,1,0.992786
bilstm_frozen,clean,template,13,chichewa+norm,chi_0086,1,0.996606
bilstm_frozen,clean,template,13,chichewa+norm,chi_0087,0,0.984485
bilstm_frozen,clean,template,13,chichewa+norm,chi_0088,0,0.999540
bilstm_frozen,clean,template,13,chichewa+norm,chi_0089,0,0.999519
bilstm_frozen,clean,template,13,chichewa+norm,chi_0090,1,0.969662
bilstm_frozen,clean,template,13,chichewa+norm,chi_0091,0,0.873166
bilstm_frozen,clean,template,13,chichewa+norm,chi_0092,0,0.999484
bilstm_frozen,clean,template,13,chichewa+norm,chi_0093,0,0.999514
bilstm_frozen,clean,template,13,chichewa+norm,chi_0094,1,0.998670
bilstm_frozen,clean,template,13,chichewa+norm,chi_0095,1,0.967006
bilstm_frozen,clean,template,13,chichewa+norm,chi_0096,0,0.020612
bilstm_frozen,clean,template,13,chichewa+norm,chi_0097,0,0.948874
bilstm_frozen,clean,template,13,chichewa+norm,chi_0098,1,0.966549
bilstm_frozen,clean,template,13,chichewa+norm,chi_0099,1,0.999500
bilstm_frozen,clean,template,13,chichewa+norm,chi_0100,0,0.030936
bilstm_frozen,clean,template,13,chichewa+norm,chi_0101,1,0.999293
bilstm_frozen,clean,template,13,chichewa+norm,chi_0102,0,0.999628
bilstm_frozen,clean,template,13,chichewa+norm,chi_0103,0,0.999509
bilstm_frozen,clean,template,13,chichewa+norm,chi_0104,0,0.966712
bilstm_frozen,clean,template,13,chichewa+norm,chi_0105,1,0.943151
bilstm_frozen,clean,template,13,chichewa+norm,chi_0106,1,0.961875
bilstm_frozen,clean,template,13,chichewa+norm,chi_0107,1,0.995945
bilstm_frozen,clean,template,13,chichewa+norm,chi_0108,0,0.965719
bilstm_frozen,clean,template,13,chichewa+norm,chi_0109,0,0.992729
bilstm_frozen,clean,template,13,chichewa+norm,chi_0110,0,0.995765
bilstm_frozen,clean,template,13,chichewa+norm,chi_0111,1,0.998594
bilstm_frozen,clean,template,13,chichewa+norm,chi_0112,1,0.994006
bilstm_frozen,clean,template,13,chichewa+norm,chi_0113,1,0.998510
bilstm_frozen,clean,template,13,chichewa+norm,chi_0114,0,0.046556
bilstm_frozen,clean,template,13,chichewa+norm,chi_0115,0,0.110606
bilstm_frozen,clean,template,13,chichewa+norm,chi_0116,0,0.280964
bilstm_frozen,clean,template,13,chichewa+norm,chi_0117,1,0.997654
bilstm_frozen,clean,template,13,chichewa+norm,chi_0118,1,0.998803
bilstm_frozen,clean,template,13,chichewa+norm,chi_0119,1,0.998390
bilstm_frozen,clean,template,13,chichewa+norm,chi_0120,0,0.004849
bilstm_frozen,clean,template,13,chichewa+norm,chi_0121,0,0.118620
bilstm_frozen,clean,template,13,chichewa+norm,chi_0122,0,0.276308
bilstm_frozen,clean,template,13,chichewa+norm,chi_0123,1,0.998476
bilstm_frozen,clean,template,13,chichewa+norm,chi_0124,1,0.997141
bilstm_frozen,clean,template,13,chichewa+norm,chi_0125,1,0.962247
bilstm_frozen,clean,template,13,chichewa+norm,chi_0126,0,0.300773
bilstm_frozen,clean,template,13,chichewa+norm,chi_0127,0,0.021794
bilstm_frozen,clean,template,13,chichewa+norm,chi_0128,0,0.117346
bilstm_frozen,clean,template,13,chichewa+norm,chi_0129,1,0.998077
bilstm_frozen,clean,template,13,chichewa+norm,chi_0130,1,0.997770
bilstm_frozen,clean,template,13,chichewa+norm,chi_0131,0,0.999242
bilstm_frozen,clean,template,13,chichewa+norm,chi_0132,0,0.934517
bilstm_frozen,clean,template,13,chichewa+norm,chi_0133,0,0.964210
bilstm_frozen,clean,template,13,chichewa+norm,chi_0134,1,0.998061
bilstm_frozen,clean,template,13,chichewa+norm,chi_0135,0,0.993859
bilstm_frozen,clean,template,13,chichewa+norm,chi_0136,1,0.998514
bilstm_frozen,clean,template,13,chichewa+norm,chi_0137,0,0.960960
bilstm_frozen,clean,template,13,chichewa+norm,chi_0138,0,0.002254
bilstm_frozen,clean,template,13,chichewa+norm,chi_0139,0,0.998265
bilstm_frozen,clean,template,13,chichewa+norm,chi_0140,1,0.998044
bilstm_frozen,clean,template,13,chichewa+norm,chi_0141,0,0.000582
bilstm_frozen,clean,template,13,chichewa+norm,chi_0142,0,0.907392
bilstm_frozen,clean,template,13,chichewa+norm,chi_0143,0,0.996369
bilstm_frozen,clean,template,13,chichewa+norm,chi_0144,1,0.997606
bilstm_frozen,clean,template,13,chichewa+norm,chi_0145,0,0.998321
bilstm_frozen,clean,template,13,chichewa+norm,chi_0146,0,0.157281
bilstm_frozen,clean,template,13,chichewa+norm,chi_0147,1,0.998553
bilstm_frozen,clean,template,13,chichewa+norm,chi_0148,1,0.976595
bilstm_frozen,clean,template,13,chichewa+norm,chi_0149,0,0.005205
bilstm_frozen,clean,template,13,chichewa+norm,chi_0150,0,0.000980
bilstm_frozen,clean,template,13,chichewa+norm,chi_0151,1,0.976157
bilstm_frozen,clean,template,13,chichewa+norm,chi_0152,0,0.074464
bilstm_frozen,clean,template,13,chichewa+norm,chi_0153,0,0.124887
bilstm_frozen,clean,template,13,chichewa+norm,chi_0154,0,0.010617
bilstm_frozen,clean,template,13,chichewa+norm,chi_0155,1,0.987154
bilstm_frozen,clean,template,13,chichewa+norm,chi_0156,1,0.989183
bilstm_frozen,clean,template,13,chichewa+norm,chi_0157,1,0.996125
bilstm_frozen,clean,template,13,chichewa+norm,chi_0158,0,0.990632
bilstm_frozen,clean,template,13,chichewa+norm,chi_0159,0,0.067107
bilstm_frozen,clean,template,13,chichewa+norm,chi_0160,0,0.001342
bilstm_frozen,clean,template,13,chichewa+norm,chi_0161,1,0.988990
bilstm_frozen,clean,template,13,chichewa+norm,chi_0162,1,0.992083
bilstm_frozen,clean,template,13,chichewa+norm,chi_0163,1,0.991338
bilstm_frozen,clean,template,13,chichewa+norm,chi_0164,1,0.988796
bilstm_frozen,clean,template,13,chichewa+norm,chi_0165,0,0.068888
bilstm_frozen,clean,template,13,chichewa+norm,chi_0166,0,0.137623
bilstm_frozen,clean,template,13,chichewa+norm,chi_0167,1,0.984528
bilstm_frozen,clean,template,13,chichewa+norm,chi_0168,1,0.992939
bilstm_frozen,clean,template,13,chichewa+norm,chi_0169,0,0.004877
bilstm_frozen,clean,template,13,chichewa+norm,chi_0170,0,0.279064
bilstm_frozen,clean,template,13,chichewa+norm,chi_0171,1,0.998046
bilstm_frozen,clean,template,13,chichewa+norm,chi_0172,1,0.997329
bilstm_frozen,clean,template,13,chichewa+norm,chi_0173,0,0.058035
bilstm_frozen,clean,template,13,chichewa+norm,chi_0174,0,0.141206
bilstm_frozen,clean,template,13,chichewa+norm,chi_0175,0,0.040660
bilstm_frozen,clean,template,13,chichewa+norm,chi_0176,1,0.998613
bilstm_frozen,clean,template,13,chichewa+norm,chi_0177,1,0.997887
bilstm_frozen,clean,template,13,chichewa+norm,chi_0178,0,0.019958
bilstm_frozen,clean,template,13,chichewa+norm,chi_0179,1,0.995112
bilstm_frozen,clean,template,13,chichewa+norm,chi_0180,1,0.995532
bilstm_frozen,clean,template,13,chichewa+norm,chi_0181,1,0.972952
bilstm_frozen,clean,template,13,chichewa+norm,chi_0182,0,0.005047
bilstm_frozen,clean,template,13,chichewa+norm,chi_0183,0,0.024792
bilstm_frozen,clean,template,13,chichewa+norm,chi_0184,0,0.000207
bilstm_frozen,clean,template,13,chichewa+norm,chi_0185,1,0.972708
bilstm_frozen,clean,template,13,chichewa+norm,chi_0186,1,0.996611
bilstm_frozen,clean,template,13,chichewa+norm,chi_0187,1,0.958970
bilstm_frozen,clean,template,13,chichewa+norm,chi_0188,0,0.001884
bilstm_frozen,clean,template,13,chichewa+norm,chi_0189,0,0.054025
bilstm_frozen,clean,template,13,chichewa+norm,chi_0190,1,0.965107
bilstm_frozen,clean,template,13,chichewa+norm,chi_0191,1,0.996455
bilstm_frozen,clean,template,13,chichewa+norm,chi_0192,0,0.007817
bilstm_frozen,clean,template,13,chichewa+norm,chi_0193,0,0.086029
bilstm_frozen,clean,template,13,chichewa+norm,chi_0194,0,0.001231
bilstm_frozen,clean,template,13,chichewa+norm,chi_0195,0,0.000231
bilstm_frozen,clean,template,13,chichewa+norm,chi_0196,1,0.999984
bilstm_frozen,clean,template,13,chichewa+norm,chi_0197,1,0.997882
bilstm_frozen,clean,template,13,chichewa+norm,chi_0198,1,0.991148
bilstm_frozen,clean,template,13,chichewa+norm,chi_0199,1,0.956030
bilstm_frozen,clean,template,13,chichewa+norm,chi_0200,1,0.995981
bilstm_frozen,clean,template,13,chichewa+norm,chi_0201,0,0.017804
bilstm_frozen,clean,template,13,chichewa+norm,chi_0202,1,0.998029
bilstm_frozen,clean,template,13,chichewa+norm,chi_0203,1,0.996868
bilstm_frozen,clean,template,13,chichewa+norm,chi_0204,1,0.999023
bilstm_frozen,clean,template,13,chichewa+norm,chi_0205,0,0.998025
bilstm_frozen,clean,template,13,chichewa+norm,chi_0206,0,0.148858
bilstm_frozen,clean,template,13,chichewa+norm,chi_0207,1,0.998539
bilstm_frozen,clean,template,13,chichewa+norm,chi_0208,1,0.010512
bilstm_frozen,clean,template,13,chichewa+norm,chi_0209,1,0.005948
bilstm_frozen,clean,template,13,chichewa+norm,chi_0210,0,0.000257
bilstm_frozen,clean,template,13,chichewa+norm,chi_0211,0,0.006131
bilstm_frozen,clean,template,13,chichewa+norm,chi_0212,1,0.999476
bilstm_frozen,clean,template,13,chichewa+norm,chi_0213,1,0.994773
bilstm_frozen,clean,template,13,chichewa+norm,chi_0214,1,0.999497
bilstm_frozen,clean,template,13,chichewa+norm,chi_0215,0,0.969129
bilstm_frozen,clean,template,13,chichewa+norm,chi_0216,0,0.000574
bilstm_frozen,clean,template,13,chichewa+norm,chi_0217,1,0.999447
bilstm_frozen,clean,template,13,chichewa+norm,chi_0218,1,0.997676
bilstm_frozen,clean,template,13,chichewa+norm,chi_0219,1,0.970120
bilstm_frozen,clean,template,13,chichewa+norm,chi_0220,0,0.978404
bilstm_frozen,clean,template,13,chichewa+norm,chi_0221,0,0.044949
bilstm_frozen,clean,template,13,chichewa+norm,chi_0222,0,0.056401
bilstm_frozen,clean,template,13,chichewa+norm,chi_0223,1,0.999370
bilstm_frozen,clean,template,13,chichewa+norm,chi_0224,1,0.996404
bilstm_frozen,clean,template,13,chichewa+norm,chi_0225,0,0.965721
bilstm_frozen,clean,template,13,chichewa+norm,chi_0226,0,0.000444
bilstm_frozen,clean,template,13,chichewa+norm,chi_0227,0,0.000183
bilstm_frozen,clean,template,13,chichewa+norm,chi_0228,0,0.034105
bilstm_frozen,clean,template,13,chichewa+norm,chi_0229,1,0.999476
bilstm_frozen,clean,template,13,chichewa+norm,chi_0230,1,0.999481
bilstm_frozen,clean,template,13,chichewa+norm,chi_0231,1,0.998640
bilstm_frozen,clean,template,13,chichewa+norm,chi_0232,0,0.997235
bilstm_frozen,clean,template,13,chichewa+norm,chi_0233,1,0.990463
bilstm_frozen,clean,template,13,chichewa+norm,chi_0234,0,0.999331
bilstm_frozen,clean,template,13,chichewa+norm,chi_0235,0,0.005069
bilstm_frozen,clean,template,13,chichewa+norm,chi_0236,1,0.995416
bilstm_frozen,clean,template,13,chichewa+norm,chi_0237,1,0.993592
bilstm_frozen,clean,template,13,chichewa+norm,chi_0238,0,0.013035
bilstm_frozen,clean,template,13,chichewa+norm,chi_0239,0,0.007162
bilstm_frozen,clean,template,13,chichewa+norm,chi_0240,0,0.001579
bilstm_frozen,clean,template,13,chichewa+norm,chi_0241,0,0.001834
bilstm_frozen,clean,template,13,chichewa+norm,chi_0242,1,0.998293
bilstm_frozen,clean,template,13,chichewa+norm,chi_0243,1,0.997787
bilstm_frozen,clean,template,13,chichewa+norm,chi_0244,0,0.043819
bilstm_frozen,clean,template,13,chichewa+norm,chi_0245,1,0.998885
bilstm_frozen,clean,template,13,chichewa+norm,chi_0246,1,0.970296
bilstm_frozen,clean,template,13,chichewa+norm,chi_0247,1,0.999341
bilstm_frozen,clean,template,13,chichewa+norm,chi_0248,0,0.001014
bilstm_frozen,clean,template,13,chichewa+norm,chi_0249,0,0.001061
bilstm_frozen,clean,template,13,chichewa+norm,chi_0250,0,0.766375
bilstm_frozen,clean,template,13,chichewa+norm,chi_0251,0,0.995755
bilstm_frozen,clean,template,13,chichewa+norm,chi_0252,0,0.005078
bilstm_frozen,clean,template,13,chichewa+norm,chi_0253,0,0.001681
bilstm_frozen,clean,template,13,chichewa+norm,chi_0254,1,0.997885
bilstm_frozen,clean,template,13,chichewa+norm,chi_0255,1,0.997802
bilstm_frozen,clean,template,13,chichewa+norm,chi_0256,0,0.006229
bilstm_frozen,clean,template,13,chichewa+norm,chi_0257,0,0.001394
bilstm_frozen,clean,template,13,chichewa+norm,chi_0258,1,0.978364
bilstm_frozen,clean,template,13,chichewa+norm,chi_0259,0,0.824347
bilstm_frozen,clean,template,13,chichewa+norm,chi_0260,1,0.996436
bilstm_frozen,clean,template,13,chichewa+norm,chi_0261,1,0.997866
bilstm_frozen,clean,template,13,chichewa+norm,chi_0262,1,0.998097
bilstm_frozen,clean,template,13,chichewa+norm,chi_0263,0,0.997488
bilstm_frozen,clean,template,13,chichewa+norm,chi_0264,0,0.942800
bilstm_frozen,clean,template,13,chichewa+norm,chi_0265,0,0.998153
bilstm_frozen,clean,template,13,chichewa+norm,chi_0266,1,0.998131
bilstm_frozen,clean,template,13,chichewa+norm,chi_0267,1,0.997764
bilstm_frozen,clean,template,13,chichewa+norm,chi_0268,1,0.998448
bilstm_frozen,clean,template,13,chichewa+norm,chi_0269,0,0.000363
bilstm_frozen,clean,template,13,chichewa+norm,chi_0270,0,0.088063
bilstm_frozen,clean,template,13,chichewa+norm,chi_0271,0,0.994566
bilstm_frozen,clean,template,13,chichewa+norm,chi_0272,1,0.995858
bilstm_frozen,clean,template,13,chichewa+norm,chi_0273,1,0.997817
bilstm_frozen,clean,template,13,chichewa+norm,chi_0274,1,0.976631
bilstm_frozen,clean,template,13,chichewa+norm,chi_0275,1,0.999357
bilstm_frozen,clean,template,13,chichewa+norm,chi_0276,0,0.003174
bilstm_frozen,clean,template,13,chichewa+norm,chi_0277,1,0.993955
bilstm_frozen,clean,template,13,chichewa+norm,chi_0278,1,0.994591
bilstm_frozen,clean,template,13,chichewa+norm,chi_0279,0,0.000658
bilstm_frozen,clean,template,13,chichewa+norm,chi_0280,0,0.023905
bilstm_frozen,clean,template,13,chichewa+norm,chi_0281,1,0.999471
bilstm_frozen,clean,template,13,chichewa+norm,chi_0282,0,0.998559
bilstm_frozen,clean,template,13,chichewa+norm,chi_0283,0,0.029793
bilstm_frozen,clean,template,13,chichewa+norm,chi_0284,1,0.996243
bilstm_frozen,clean,template,13,chichewa+norm,chi_0285,1,0.996150
bilstm_frozen,clean,template,13,chichewa+norm,chi_0286,1,0.967769
bilstm_frozen,clean,template,13,chichewa+norm,chi_0287,0,0.987954
bilstm_frozen,clean,template,13,chichewa+norm,chi_0288,0,0.005828
bilstm_frozen,clean,template,13,chichewa+norm,chi_0289,0,0.989067
bilstm_frozen,clean,template,13,chichewa+norm,chi_0290,1,0.994282
bilstm_frozen,clean,template,13,chichewa+norm,chi_0291,1,0.998856
bilstm_frozen,clean,template,13,chichewa+norm,chi_0292,0,0.996305
bilstm_frozen,clean,template,13,chichewa+norm,chi_0293,0,0.963883
bilstm_frozen,clean,template,13,chichewa+norm,chi_0294,0,0.999186
bilstm_frozen,clean,template,13,chichewa+norm,chi_0295,1,0.982809
bilstm_frozen,clean,template,13,chichewa+norm,chi_0296,1,0.987751
bilstm_frozen,clean,template,13,chichewa+norm,chi_0297,0,0.991016
bilstm_frozen,clean,template,13,chichewa+norm,chi_0298,0,0.972730
bilstm_frozen,clean,template,13,chichewa+norm,chi_0299,0,0.992098
bilstm_frozen,clean,template,13,chichewa+norm,chi_0300,1,0.995758
bilstm_frozen,clean,template,13,chichewa+norm,chi_0301,1,0.979151
bilstm_frozen,clean,template,13,chichewa+norm,chi_0302,1,0.995883
bilstm_frozen,clean,template,13,chichewa+norm,chi_0303,0,0.990385
bilstm_frozen,clean,template,13,chichewa+norm,chi_0304,0,0.991952
bilstm_frozen,clean,template,13,chichewa+norm,chi_0305,0,0.992058
bilstm_frozen,clean,template,13,chichewa+norm,chi_0306,0,0.992205
bilstm_frozen,clean,template,13,chichewa+norm,chi_0307,1,0.996393
bilstm_frozen,clean,template,13,chichewa+norm,chi_0308,1,0.998545
bilstm_frozen,clean,template,13,chichewa+norm,chi_0309,1,0.998501
bilstm_frozen,clean,template,13,chichewa+norm,chi_0310,1,0.991818
bilstm_frozen,clean,template,13,chichewa+norm,chi_0311,0,0.987016
bilstm_frozen,clean,template,13,chichewa+norm,chi_0312,0,0.985001
bilstm_frozen,clean,template,13,chichewa+norm,chi_0313,0,0.990764
bilstm_frozen,clean,template,13,chichewa+norm,chi_0314,1,0.992807
bilstm_frozen,clean,template,13,chichewa+norm,chi_0315,1,0.991088
bilstm_frozen,clean,template,13,chichewa+norm,chi_0316,0,0.990962
bilstm_frozen,clean,template,13,chichewa+norm,chi_0317,0,0.986924
bilstm_frozen,clean,template,13,chichewa+norm,chi_0318,1,0.996661
bilstm_frozen,clean,template,13,chichewa+norm,chi_0319,1,0.997951
bilstm_frozen,clean,template,13,chichewa+norm,chi_0320,0,0.001189
bilstm_frozen,clean,template,13,chichewa+norm,chi_0321,1,0.973625
bilstm_frozen,clean,template,13,chichewa+norm,chi_0322,0,0.967260
bilstm_frozen,clean,template,13,chichewa+norm,chi_0323,0,0.001755
bilstm_frozen,clean,template,13,chichewa+norm,chi_0324,0,0.001780
bilstm_frozen,clean,template,13,chichewa+norm,chi_0325,0,0.999001
bilstm_frozen,clean,template,13,chichewa+norm,chi_0326,1,0.997307
bilstm_frozen,clean,template,13,chichewa+norm,chi_0327,1,0.990289
bilstm_frozen,clean,template,13,chichewa+norm,chi_0328,0,0.976783
bilstm_frozen,clean,template,13,chichewa+norm,chi_0329,0,0.995237
bilstm_frozen,clean,template,13,chichewa+norm,chi_0330,0,0.992705
bilstm_frozen,clean,template,13,chichewa+norm,chi_0331,1,0.996762
bilstm_frozen,clean,template,13,chichewa+norm,chi_0332,0,0.047485
bilstm_frozen,clean,template,13,chichewa+norm,chi_0333,0,0.240685
bilstm_frozen,clean,template,13,chichewa+norm,chi_0334,0,0.238251
bilstm_frozen,clean,template,13,chichewa+norm,chi_0335,0,0.001093
bilstm_frozen,clean,template,13,chichewa+norm,chi_0336,1,0.998299
bilstm_frozen,clean,template,13,chichewa+norm,chi_0337,1,0.958722
bilstm_frozen,clean,template,13,chichewa+norm,chi_0338,1,0.998260
bilstm_frozen,clean,template,13,chichewa+norm,chi_0339,0,0.094875
bilstm_frozen,clean,template,13,chichewa+norm,chi_0340,0,0.010859
bilstm_frozen,clean,template,13,chichewa+norm,chi_0341,0,0.008298
bilstm_frozen,clean,template,13,chichewa+norm,chi_0342,1,0.998211
bilstm_frozen,clean,template,13,chichewa+norm,chi_0343,1,0.998518
bilstm_frozen,clean,template,13,chichewa+norm,chi_0344,1,0.997651
bilstm_frozen,clean,template,13,chichewa+norm,chi_0345,0,0.008106
bilstm_frozen,clean,template,13,chichewa+norm,chi_0346,0,0.000427
bilstm_frozen,clean,template,13,chichewa+norm,chi_0347,1,0.998693
bilstm_frozen,clean,template,13,chichewa+norm,chi_0348,0,0.000349
bilstm_frozen,clean,template,13,chichewa+norm,chi_0349,0,0.952755
bilstm_frozen,clean,template,13,chichewa+norm,chi_0350,1,0.998726
bilstm_frozen,clean,template,13,chichewa+norm,chi_0351,1,0.016209
bilstm_frozen,clean,template,13,chichewa+norm,chi_0352,1,0.994742
bilstm_frozen,clean,template,13,chichewa+norm,chi_0353,1,0.970642
bilstm_frozen,clean,template,13,chichewa+norm,chi_0354,1,0.994734
bilstm_frozen,clean,template,13,chichewa+norm,chi_0355,0,0.572194
bilstm_frozen,clean,template,13,chichewa+norm,chi_0356,0,0.009173
bilstm_frozen,clean,template,13,chichewa+norm,chi_0357,0,0.012092
bilstm_frozen,clean,template,13,chichewa+norm,chi_0358,0,0.001831
bilstm_frozen,clean,template,13,chichewa+norm,chi_0359,1,0.967999
bilstm_frozen,clean,template,13,chichewa+norm,chi_0360,0,0.970028
bilstm_frozen,clean,template,13,chichewa+norm,chi_0361,1,0.993633
bilstm_frozen,clean,template,13,chichewa+norm,chi_0362,1,0.999241
bilstm_frozen,clean,template,13,chichewa+norm,chi_0363,1,0.986937
bilstm_frozen,clean,template,13,chichewa+norm,chi_0364,0,0.909579
bilstm_frozen,clean,template,13,chichewa+norm,chi_0365,0,0.001555
bilstm_frozen,clean,template,13,chichewa+norm,chi_0366,0,0.002655
bilstm_frozen,clean,template,13,chichewa+norm,chi_0367,1,0.996480
bilstm_frozen,clean,template,13,chichewa+norm,chi_0368,1,0.968087
bilstm_frozen,clean,template,13,chichewa+norm,chi_0369,0,0.022666
bilstm_frozen,clean,template,13,chichewa+norm,chi_0370,0,0.049503
bilstm_frozen,clean,template,13,chichewa+norm,chi_0371,0,0.004028
bilstm_frozen,clean,template,13,chichewa+norm,chi_0372,1,0.998344
bilstm_frozen,clean,template,13,chichewa+norm,chi_0373,1,0.998274
bilstm_frozen,clean,template,13,chichewa+norm,chi_0374,0,0.008515
bilstm_frozen,clean,template,13,chichewa+norm,chi_0375,0,0.000768
bilstm_frozen,clean,template,13,chichewa+norm,chi_0376,1,0.989782
bilstm_frozen,clean,template,13,chichewa+norm,chi_0377,1,0.956982
bilstm_frozen,clean,template,13,chichewa+norm,chi_0378,0,0.020658
bilstm_frozen,clean,template,13,chichewa+norm,chi_0379,0,0.000319
bilstm_frozen,clean,template,13,chichewa+norm,chi_0380,1,0.959464
bilstm_frozen,clean,template,13,chichewa+norm,chi_0381,1,0.989992
bilstm_frozen,clean,template,13,chichewa+norm,chi_0382,0,0.000440
bilstm_frozen,clean,template,13,chichewa+norm,chi_0383,0,0.001254
bilstm_frozen,clean,template,13,chichewa+norm,chi_0384,1,0.997953
bilstm_frozen,clean,template,13,chichewa+norm,chi_0385,1,0.998085
bilstm_frozen,clean,template,13,chichewa+norm,chi_0386,1,0.983943
bilstm_frozen,clean,template,13,chichewa+norm,chi_0387,1,0.968111
bilstm_frozen,clean,template,13,chichewa+norm,chi_0388,0,0.005809
bilstm_frozen,clean,template,13,chichewa+norm,chi_0389,1,0.996791
bilstm_frozen,clean,template,13,chichewa+norm,chi_0390,0,0.872252
bilstm_frozen,clean,template,13,chichewa+norm,chi_0391,0,0.007011
bilstm_frozen,clean,template,13,chichewa+norm,chi_0392,1,0.999375
bilstm_frozen,clean,template,13,chichewa+norm,chi_0393,0,0.001006
bilstm_frozen,clean,template,13,chichewa+norm,chi_0394,0,0.106970
bilstm_frozen,clean,template,13,chichewa+norm,chi_0395,1,0.997973
bilstm_frozen,clean,template,13,chichewa+norm,chi_0396,0,0.848268
bilstm_frozen,clean,template,13,chichewa+norm,chi_0397,0,0.007568
bilstm_frozen,clean,template,13,chichewa+norm,chi_0398,0,0.005877
bilstm_frozen,clean,template,13,chichewa+norm,chi_0399,0,0.966031
bilstm_frozen,clean,template,13,chichewa+norm,chi_0400,0,0.001133
bilstm_frozen,clean,template,13,chichewa+norm,chi_0401,0,0.000589
bilstm_frozen,clean,template,13,chichewa+norm,chi_0402,0,0.004544
bilstm_frozen,clean,template,13,chichewa+norm,chi_0403,0,0.000448
bilstm_frozen,clean,template,13,chichewa+norm,chi_0404,0,0.000562
bilstm_frozen,clean,template,13,chichewa+norm,chi_0405,0,0.006227
bilstm_frozen,clean,template,13,chichewa+norm,chi_0406,0,0.994954
bilstm_frozen,clean,template,13,chichewa+norm,chi_0407,0,0.938020
bilstm_frozen,clean,template,13,chichewa+norm,chi_0408,0,0.257205
bilstm_frozen,clean,template,13,chichewa+norm,chi_0409,0,0.929771
bilstm_frozen,clean,template,13,chichewa+norm,chi_0410,0,0.002095
bilstm_frozen,clean,template,13,chichewa+norm,chi_0411,1,0.961962
bilstm_frozen,clean,template,13,chichewa+norm,chi_0412,1,0.006326
bilstm_frozen,clean,template,13,chichewa+norm,chi_0413,1,0.975807
bilstm_frozen,clean,template,13,chichewa+norm,chi_0414,0,0.124633
bilstm_frozen,clean,template,13,chichewa+norm,chi_0415,0,0.001878
bilstm_frozen,clean,template,13,chichewa+norm,chi_0416,1,0.997695
bilstm_frozen,clean,template,13,chichewa+norm,chi_0417,1,0.997725
bilstm_frozen,clean,template,13,chichewa+norm,chi_0418,1,0.997167
bilstm_frozen,clean,template,13,chichewa+norm,chi_0419,0,0.022433
bilstm_frozen,clean,template,13,chichewa+norm,chi_0420,1,0.997884
bilstm_frozen,clean,template,13,chichewa+norm,chi_0421,0,0.089858
bilstm_frozen,clean,template,13,chichewa+norm,chi_0422,0,0.011749
bilstm_frozen,clean,template,13,chichewa+norm,chi_0423,1,0.998540
bilstm_frozen,clean,template,13,chichewa+norm,chi_0424,1,0.997110
bilstm_frozen,clean,template,13,chichewa+norm,chi_0425,0,0.045783
bilstm_frozen,clean,template,13,chichewa+norm,chi_0426,1,0.996936
bilstm_frozen,clean,template,13,chichewa+norm,chi_0427,1,0.994057
bilstm_frozen,clean,template,13,chichewa+norm,chi_0428,1,0.990806
bilstm_frozen,clean,template,13,chichewa+norm,chi_0429,0,0.991014
bilstm_frozen,clean,template,13,chichewa+norm,chi_0430,0,0.987128
bilstm_frozen,clean,template,13,chichewa+norm,chi_0431,0,0.991240
bilstm_frozen,clean,template,13,chichewa+norm,chi_0432,1,0.997580
bilstm_frozen,clean,template,13,chichewa+norm,chi_0433,1,0.997331
bilstm_frozen,clean,template,13,chichewa+norm,chi_0434,1,0.997826
bilstm_frozen,clean,template,13,chichewa+norm,chi_0435,1,0.996611
bilstm_frozen,clean,template,13,chichewa+norm,chi_0436,1,0.998763
bilstm_frozen,clean,template,13,chichewa+norm,chi_0437,1,0.997320
bilstm_frozen,clean,template,13,chichewa+norm,chi_0438,1,0.997175
bilstm_frozen,clean,template,13,chichewa+norm,chi_0439,1,0.997542
bilstm_frozen,clean,template,13,chichewa+norm,chi_0440,1,0.996679
bilstm_frozen,clean,template,13,chichewa+norm,chi_0441,1,0.996326
bilstm_frozen,clean,template,13,chichewa+norm,chi_0442,1,0.996678
bilstm_frozen,clean,template,13,chichewa+norm,chi_0443,1,0.996483
bilstm_frozen,clean,template,13,chichewa+norm,chi_0444,1,0.997422
bilstm_frozen,clean,template,13,chichewa+norm,chi_0445,1,0.996943
bilstm_frozen,clean,template,13,chichewa+norm,chi_0446,1,0.995397
bilstm_frozen,clean,template,13,chichewa+norm,chi_0447,1,0.995155
bilstm_frozen,clean,template,13,chichewa+norm,chi_0448,1,0.995317
bilstm_frozen,clean,template,13,chichewa+norm,chi_0449,1,0.992136
bilstm_frozen,clean,template,13,chichewa+norm,chi_0450,1,0.996863
bilstm_frozen,clean,template,13,chichewa+norm,chi_0451,0,0.976686
bilstm_frozen,clean,template,13,chichewa+norm,chi_0452,0,0.003303
bilstm_frozen,clean,template,13,chichewa+norm,chi_0453,1,0.990039
bilstm_frozen,clean,template,13,chichewa+norm,chi_0454,1,0.997127
bilstm_frozen,clean,template,13,chichewa+norm,chi_0455,1,0.984168
bilstm_frozen,clean,template,13,chichewa+norm,chi_0456,1,0.995592
bilstm_frozen,clean,template,13,chichewa+norm,chi_0457,1,0.984181
bilstm_frozen,clean,template,13,chichewa+norm,chi_0458,1,0.997268
bilstm_frozen,clean,template,13,chichewa+norm,chi_0459,0,0.997379
bilstm_frozen,clean,template,13,chichewa+norm,chi_0460,1,0.998006
bilstm_frozen,clean,template,13,chichewa+norm,chi_0461,1,0.991833
bilstm_frozen,clean,template,13,chichewa+norm,chi_0462,0,0.004818
bilstm_frozen,clean,template,13,chichewa+norm,chi_0463,0,0.743578
bilstm_frozen,clean,template,13,chichewa+norm,chi_0464,1,0.994456
bilstm_frozen,clean,template,13,chichewa+norm,chi_0465,0,0.013665
bilstm_frozen,clean,template,13,chichewa+norm,chi_0466,0,0.966862
bilstm_frozen,clean,template,13,chichewa+norm,chi_0467,1,0.980950
bilstm_frozen,clean,template,13,chichewa+norm,chi_0468,1,0.981598
bilstm_frozen,clean,template,13,chichewa+norm,chi_0469,0,0.958503
bilstm_frozen,clean,template,13,chichewa+norm,chi_0470,0,0.990086
bilstm_frozen,clean,template,13,chichewa+norm,chi_0471,1,0.983856
bilstm_frozen,clean,template,13,chichewa+norm,chi_0472,1,0.997201
bilstm_frozen,clean,template,13,chichewa+norm,chi_0473,0,0.311711
bilstm_frozen,clean,template,13,chichewa+norm,chi_0474,0,0.068993
bilstm_frozen,clean,template,13,chichewa+norm,chi_0475,1,0.997805
bilstm_frozen,clean,template,13,chichewa+norm,chi_0476,1,0.969170
bilstm_frozen,clean,template,13,chichewa+norm,chi_0477,1,0.986288
bilstm_frozen,clean,template,13,chichewa+norm,chi_0478,0,0.052418
bilstm_frozen,clean,template,13,chichewa+norm,chi_0479,0,0.998247
bilstm_frozen,clean,template,13,chichewa+norm,chi_0480,0,0.007727
bilstm_frozen,clean,template,13,chichewa+norm,chi_0481,1,0.975771
bilstm_frozen,clean,template,13,chichewa+norm,chi_0482,1,0.995746
bilstm_frozen,clean,template,13,chichewa+norm,chi_0483,0,0.999095
bilstm_frozen,clean,template,13,chichewa+norm,chi_0484,0,0.962872
bilstm_frozen,clean,template,13,chichewa+norm,chi_0485,0,0.959378
bilstm_frozen,clean,template,13,chichewa+norm,chi_0486,1,0.998450
bilstm_frozen,clean,template,13,chichewa+norm,chi_0487,1,0.998112
bilstm_frozen,clean,template,13,chichewa+norm,chi_0488,1,0.985556
bilstm_frozen,clean,template,13,chichewa+norm,chi_0489,0,0.985592
bilstm_frozen,clean,template,13,chichewa+norm,chi_0490,0,0.999573
bilstm_frozen,clean,template,13,chichewa+norm,chi_0491,1,0.994757
bilstm_frozen,clean,template,13,chichewa+norm,chi_0492,1,0.994681
bilstm_frozen,clean,template,13,chichewa+norm,chi_0493,1,0.999592
bilstm_frozen,clean,template,13,chichewa+norm,chi_0494,0,0.990388
bilstm_frozen,clean,template,13,chichewa+norm,chi_0495,0,0.979289
bilstm_frozen,clean,template,13,chichewa+norm,chi_0496,0,0.973675
bilstm_frozen,clean,template,13,chichewa+norm,chi_0497,1,0.995749
bilstm_frozen,clean,template,13,chichewa+norm,chi_0498,1,0.994278
bilstm_frozen,clean,template,13,chichewa+norm,chi_0499,0,0.000736
bilstm_frozen,clean,template,13,chichewa+norm,chi_0500,0,0.000810
bilstm_frozen,clean,template,13,chichewa+norm,chi_0501,0,0.972630
bilstm_frozen,clean,template,13,chichewa+norm,chi_0502,1,0.969980
bilstm_frozen,clean,template,13,chichewa+norm,chi_0503,1,0.994502
bilstm_frozen,clean,template,13,chichewa+norm,chi_0504,1,0.996864
bilstm_frozen,clean,template,13,chichewa+norm,chi_0505,0,0.449652
bilstm_frozen,clean,template,13,chichewa+norm,chi_0506,0,0.311059
bilstm_frozen,clean,template,13,chichewa+norm,chi_0507,0,0.943943
bilstm_frozen,clean,template,13,chichewa+norm,chi_0508,1,0.994454
bilstm_frozen,clean,template,13,chichewa+norm,chi_0509,1,0.996910
bilstm_frozen,clean,template,13,chichewa+norm,chi_0510,1,0.978828
bilstm_frozen,clean,template,13,chichewa+norm,chi_0511,0,0.893273
bilstm_frozen,clean,template,13,chichewa+norm,chi_0512,0,0.000488
bilstm_frozen,clean,template,13,chichewa+norm,chi_0513,0,0.986800
bilstm_frozen,clean,template,13,chichewa+norm,chi_0514,1,0.982328
bilstm_frozen,clean,template,13,chichewa+norm,chi_0515,1,0.998245
bilstm_frozen,clean,template,13,chichewa+norm,chi_0516,1,0.998340
bilstm_frozen,clean,template,13,chichewa+norm,chi_0517,0,0.971829
bilstm_frozen,clean,template,13,chichewa+norm,chi_0518,0,0.974607
bilstm_frozen,clean,template,13,chichewa+norm,chi_0519,1,0.999649
bilstm_frozen,clean,template,13,chichewa+norm,chi_0520,1,0.954952
bilstm_frozen,clean,template,13,chichewa+norm,chi_0521,1,0.959700
bilstm_frozen,clean,template,13,chichewa+norm,chi_0522,0,0.973142
bilstm_frozen,clean,template,13,chichewa+norm,chi_0523,0,0.972978
bilstm_frozen,clean,template,13,chichewa+norm,chi_0524,0,0.002381
bilstm_frozen,clean,template,13,chichewa+norm,chi_0525,1,0.995975
bilstm_frozen,clean,template,13,chichewa+norm,chi_0526,1,0.985670
bilstm_frozen,clean,template,13,chichewa+norm,chi_0527,1,0.998369
bilstm_frozen,clean,template,13,chichewa+norm,chi_0528,0,0.966440
bilstm_frozen,clean,template,13,chichewa+norm,chi_0529,0,0.983160
bilstm_frozen,clean,template,13,chichewa+norm,chi_0530,0,0.001021
bilstm_frozen,clean,template,13,chichewa+norm,chi_0531,1,0.980183
bilstm_frozen,clean,template,13,chichewa+norm,chi_0532,1,0.996353
bilstm_frozen,clean,template,13,chichewa+norm,chi_0533,1,0.988887
bilstm_frozen,clean,template,13,chichewa+norm,chi_0534,0,0.971169
bilstm_frozen,clean,template,13,chichewa+norm,chi_0535,0,0.957843
bilstm_frozen,clean,template,13,chichewa+norm,chi_0536,0,0.985199
bilstm_frozen,clean,template,13,chichewa+norm,chi_0537,1,0.973200
bilstm_frozen,clean,template,13,chichewa+norm,chi_0538,1,0.972290
bilstm_frozen,clean,template,13,chichewa+norm,chi_0539,1,0.997533
bilstm_frozen,clean,template,13,chichewa+norm,chi_0540,0,0.003379
bilstm_frozen,clean,template,13,chichewa+norm,chi_0541,0,0.942456
bilstm_frozen,clean,template,13,chichewa+norm,chi_0542,0,0.956127
bilstm_frozen,clean,template,13,chichewa+norm,chi_0543,1,0.983635
bilstm_frozen,clean,template,13,chichewa+norm,chi_0544,1,0.996636
bilstm_frozen,clean,template,13,chichewa+norm,chi_0545,1,0.998672
bilstm_frozen,clean,template,13,chichewa+norm,chi_0546,0,0.319245
bilstm_frozen,clean,template,13,chichewa+norm,chi_0547,0,0.968097
bilstm_frozen,clean,template,13,chichewa+norm,chi_0548,0,0.944754
bilstm_frozen,clean,template,13,chichewa+norm,chi_0549,1,0.977769
bilstm_frozen,clean,template,13,chichewa+norm,chi_0550,1,0.996103
bilstm_frozen,clean,template,13,chichewa+norm,chi_0551,1,0.972774
bilstm_frozen,clean,template,13,chichewa+norm,chi_0552,0,0.972759
bilstm_frozen,clean,template,13,chichewa+norm,chi_0553,0,0.974592
bilstm_frozen,clean,template,13,chichewa+norm,chi_0554,1,0.965889
bilstm_frozen,clean,template,13,chichewa+norm,chi_0555,1,0.980760
bilstm_frozen,clean,template,13,chichewa+norm,chi_0556,1,0.963750
bilstm_frozen,clean,template,13,chichewa+norm,chi_0557,0,0.997469
bilstm_frozen,clean,template,13,chichewa+norm,chi_0558,0,0.977363
bilstm_frozen,clean,template,13,chichewa+norm,chi_0559,0,0.991836
bilstm_frozen,clean,template,13,chichewa+norm,chi_0560,1,0.985986
bilstm_frozen,clean,template,13,chichewa+norm,chi_0561,1,0.998153
bilstm_frozen,clean,template,13,chichewa+norm,chi_0562,1,0.998293
bilstm_frozen,clean,template,13,chichewa+norm,chi_0563,0,0.996476
bilstm_frozen,clean,template,13,chichewa+norm,chi_0564,0,0.969964
bilstm_frozen,clean,template,13,chichewa+norm,chi_0565,0,0.988814
bilstm_frozen,clean,template,13,chichewa+norm,chi_0566,0,0.002412
bilstm_frozen,clean,template,13,chichewa+norm,chi_0567,1,0.998062
bilstm_frozen,clean,template,13,chichewa+norm,chi_0568,1,0.998273
bilstm_frozen,clean,template,13,chichewa+norm,chi_0569,1,0.998571
bilstm_frozen,clean,template,13,chichewa+norm,chi_0570,1,0.998322
bilstm_frozen,clean,template,13,chichewa+norm,chi_0571,0,0.993470
bilstm_frozen,clean,template,13,chichewa+norm,chi_0572,1,0.980035
bilstm_frozen,clean,template,13,chichewa+norm,chi_0573,1,0.940660
bilstm_frozen,clean,template,13,chichewa+norm,chi_0574,1,0.971399
bilstm_frozen,clean,template,13,chichewa+norm,chi_0575,0,0.980353
bilstm_frozen,clean,template,13,chichewa+norm,chi_0576,1,0.997141
bilstm_frozen,clean,template,13,chichewa+norm,chi_0577,1,0.053536
bilstm_frozen,clean,template,13,chichewa+norm,chi_0578,0,0.007531
bilstm_frozen,clean,template,13,chichewa+norm,chi_0579,0,0.005806
bilstm_frozen,clean,template,13,chichewa+norm,chi_0580,0,0.013864
bilstm_frozen,clean,template,13,chichewa+norm,chi_0581,1,0.701850
bilstm_frozen,clean,template,13,chichewa+norm,chi_0582,0,0.000465
bilstm_frozen,clean,template,13,chichewa+norm,chi_0583,0,0.043012
bilstm_frozen,clean,template,13,chichewa+norm,chi_0584,0,0.025672
bilstm_frozen,clean,template,13,chichewa+norm,chi_0585,0,0.072259
bilstm_frozen,clean,template,13,chichewa+norm,chi_0586,0,0.001079
bilstm_frozen,clean,template,13,chichewa+norm,chi_0587,0,0.956588
bilstm_frozen,clean,template,13,chichewa+norm,chi_0588,0,0.494034
bilstm_frozen,clean,template,13,chichewa+norm,chi_0589,1,0.995126
bilstm_frozen,clean,template,13,chichewa+norm,chi_0590,1,0.999245
bilstm_frozen,clean,template,13,chichewa+norm,chi_0591,1,0.968842
bilstm_frozen,clean,template,13,chichewa+norm,chi_0592,0,0.891996
bilstm_frozen,clean,template,13,chichewa+norm,chi_0593,0,0.996035
bilstm_frozen,clean,template,13,chichewa+norm,chi_0594,0,0.168687
bilstm_frozen,clean,template,13,chichewa+norm,chi_0595,1,0.019166
bilstm_frozen,clean,template,13,chichewa+norm,chi_0596,1,0.973006
bilstm_frozen,clean,template,13,chichewa+norm,chi_0597,1,0.991115
bilstm_frozen,clean,template,13,chichewa+norm,chi_0598,1,0.991415
bilstm_frozen,clean,template,13,chichewa+norm,chi_0599,0,0.005431
bilstm_frozen,clean,template,13,chichewa+norm,chi_0600,0,0.500174
bilstm_frozen,clean,template,13,chichewa+norm,chi_0601,0,0.000701
bilstm_frozen,clean,template,13,chichewa+norm,chi_0602,1,0.978325
bilstm_frozen,clean,template,13,chichewa+norm,chi_0603,0,0.000651
bilstm_frozen,clean,template,13,chichewa+norm,chi_0604,0,0.994557
bilstm_frozen,clean,template,13,chichewa+norm,chi_0605,0,0.994037
bilstm_frozen,clean,template,13,chichewa+norm,chi_0606,1,0.992172
bilstm_frozen,clean,template,13,chichewa+norm,chi_0607,0,0.025530
bilstm_frozen,clean,template,13,chichewa+norm,chi_0608,0,0.022712
bilstm_frozen,clean,template,13,chichewa+norm,chi_0609,0,0.052723
bilstm_frozen,clean,template,13,chichewa+norm,chi_0610,1,0.969322
bilstm_frozen,clean,template,13,chichewa+norm,chi_0611,0,0.003056
bilstm_frozen,clean,template,13,chichewa+norm,chi_0612,0,0.284037
bilstm_frozen,clean,template,13,chichewa+norm,chi_0613,0,0.003125
bilstm_frozen,clean,template,13,chichewa+norm,chi_0614,0,0.000924
bilstm_frozen,clean,template,13,chichewa+norm,chi_0615,1,0.999048
bilstm_frozen,clean,template,13,chichewa+norm,chi_0616,0,0.052070
bilstm_frozen,clean,template,13,chichewa+norm,chi_0617,0,0.043478
bilstm_frozen,clean,template,13,chichewa+norm,chi_0618,1,0.999619
bilstm_frozen,clean,template,13,chichewa+norm,chi_0619,1,0.999630
bilstm_frozen,clean,template,13,chichewa+norm,chi_0620,1,0.977119
bilstm_frozen,clean,template,13,chichewa+norm,chi_0621,0,0.005366
bilstm_frozen,clean,template,13,chichewa+norm,chi_0622,0,0.001447
bilstm_frozen,clean,template,13,chichewa+norm,chi_0623,0,0.038566
bilstm_frozen,clean,template,13,chichewa+norm,chi_0624,1,0.996316
bilstm_frozen,clean,template,13,chichewa+norm,chi_0625,0,0.980457
bilstm_frozen,clean,template,13,chichewa+norm,chi_0626,0,0.027018
bilstm_frozen,clean,template,13,chichewa+norm,chi_0627,0,0.948397
bilstm_frozen,clean,template,13,chichewa+norm,chi_0628,0,0.985226
bilstm_frozen,clean,template,13,chichewa+norm,chi_0629,0,0.003293
bilstm_frozen,clean,template,13,chichewa+norm,chi_0630,1,0.980014
bilstm_frozen,clean,template,13,chichewa+norm,chi_0631,1,0.930625
bilstm_frozen,clean,template,13,chichewa+norm,chi_0632,0,0.976168
bilstm_frozen,clean,template,13,chichewa+norm,chi_0633,0,0.969622
bilstm_frozen,clean,template,13,chichewa+norm,chi_0634,1,0.979276
bilstm_frozen,clean,template,13,chichewa+norm,chi_0635,1,0.982827
bilstm_frozen,clean,template,13,chichewa+norm,chi_0636,1,0.967987
bilstm_frozen,clean,template,13,chichewa+norm,chi_0637,0,0.560298
bilstm_frozen,clean,template,13,chichewa+norm,chi_0638,0,0.972077
bilstm_frozen,clean,template,13,chichewa+norm,chi_0639,0,0.973067
bilstm_frozen,clean,template,13,chichewa+norm,chi_0640,0,0.975303
bilstm_frozen,clean,template,13,chichewa+norm,chi_0641,1,0.986741
bilstm_frozen,clean,template,13,chichewa+norm,chi_0642,1,0.986306
bilstm_frozen,clean,template,13,chichewa+norm,chi_0643,1,0.975818
bilstm_frozen,clean,template,13,chichewa+norm,chi_0644,0,0.997603
bilstm_frozen,clean,template,13,chichewa+norm,chi_0645,1,0.999182
bilstm_frozen,clean,template,13,chichewa+norm,chi_0646,1,0.999194
bilstm_frozen,clean,template,13,chichewa+norm,chi_0647,1,0.977931
bilstm_frozen,clean,template,13,chichewa+norm,chi_0648,1,0.998288
bilstm_frozen,clean,template,13,chichewa+norm,chi_0649,1,0.996495
bilstm_frozen,clean,template,13,chichewa+norm,chi_0650,1,0.999184
bilstm_frozen,clean,template,13,chichewa+norm,chi_0651,1,0.997690
bilstm_frozen,clean,template,13,chichewa+norm,chi_0652,1,0.982567
bilstm_frozen,clean,template,13,chichewa+norm,chi_0653,1,0.998397
bilstm_frozen,clean,template,13,chichewa+norm,chi_0654,1,0.998787
bilstm_frozen,clean,template,13,chichewa+norm,chi_0655,1,0.996301
bilstm_frozen,clean,template,13,chichewa+norm,chi_0656,1,0.992640
bilstm_frozen,clean,template,13,chichewa+norm,chi_0657,1,0.973892
bilstm_frozen,clean,template,13,chichewa+norm,chi_0658,1,0.998202
bilstm_frozen,clean,template,13,chichewa+norm,chi_0659,1,0.999180
bilstm_frozen,clean,template,13,chichewa+norm,chi_0660,1,0.998721
bilstm_frozen,clean,template,13,chichewa+norm,chi_0661,1,0.995960
bilstm_frozen,clean,template,13,chichewa+norm,chi_0662,1,0.995983
bilstm_frozen,clean,template,13,chichewa+norm,chi_0663,1,0.002993
bilstm_frozen,clean,template,13,chichewa+norm,chi_0664,1,0.998589
bilstm_frozen,clean,template,13,chichewa+norm,chi_0665,1,0.982976
bilstm_frozen,clean,template,13,chichewa+norm,chi_0666,1,0.981640
bilstm_frozen,clean,template,13,chichewa+norm,chi_0667,1,0.985288
bilstm_frozen,clean,template,13,chichewa+norm,chi_0668,0,0.009477
bilstm_frozen,clean,template,13,chichewa+norm,chi_0669,0,0.008744
bilstm_frozen,clean,template,13,chichewa+norm,chi_0670,0,0.991385
bilstm_frozen,clean,template,13,chichewa+norm,chi_0671,0,0.988415
bilstm_frozen,clean,template,13,chichewa+norm,chi_0672,0,0.778603
bilstm_frozen,clean,template,13,chichewa+norm,chi_0673,0,0.977596
bilstm_frozen,clean,template,13,chichewa+norm,chi_0674,0,0.996638
bilstm_frozen,clean,template,13,chichewa+norm,chi_0675,0,0.995274
bilstm_frozen,clean,template,13,chichewa+norm,chi_0676,0,0.998278
bilstm_frozen,clean,template,13,chichewa+norm,chi_0677,0,0.997752
bilstm_frozen,clean,template,13,chichewa+norm,chi_0678,0,0.993071
bilstm_frozen,clean,template,13,chichewa+norm,chi_0679,0,0.969924
bilstm_frozen,clean,template,13,chichewa+norm,chi_0680,0,0.991284
bilstm_frozen,clean,template,13,chichewa+norm,chi_0681,0,0.999597
bilstm_frozen,clean,template,13,chichewa+norm,chi_0682,0,0.978173
bilstm_frozen,clean,template,13,chichewa+norm,chi_0683,0,0.980972
bilstm_frozen,clean,template,13,chichewa+norm,chi_0684,0,0.984628
bilstm_frozen,clean,template,13,chichewa+norm,chi_0685,0,0.957670
bilstm_frozen,clean,template,13,chichewa+norm,chi_0686,0,0.988221
bilstm_frozen,clean,template,13,chichewa+norm,chi_0687,0,0.990333
bilstm_frozen,clean,template,13,chichewa+norm,chi_0688,0,0.973838
bilstm_frozen,clean,template,13,chichewa+norm,chi_0689,0,0.993344
bilstm_frozen,clean,template,13,chichewa+norm,chi_0690,0,0.995889
bilstm_frozen,clean,template,13,chichewa+norm,chi_0691,0,0.993579
bilstm_frozen,clean,template,13,chichewa+norm,chi_0692,0,0.987134
bilstm_frozen,clean,template,13,chichewa+norm,chi_0693,0,0.979114
bilstm_frozen,clean,template,13,chichewa+norm,chi_0694,0,0.981002
bilstm_frozen,clean,template,13,chichewa+norm,chi_0695,0,0.997322
bilstm_frozen,clean,template,13,chichewa+norm,chi_0696,0,0.995180
bilstm_frozen,clean,template,13,chichewa+norm,chi_0697,0,0.998637
bilstm_frozen,clean,template,13,chichewa+norm,chi_0698,0,0.987129
bilstm_frozen,clean,template,13,chichewa+norm,chi_0699,0,0.998799
bilstm_frozen,clean,template,13,chichewa+norm,chi_0700,0,0.998106
bilstm_frozen,clean,template,13,chichewa+norm,chi_0701,0,0.990996
bilstm_frozen,clean,template,13,chichewa+norm,chi_0702,0,0.996904
bilstm_frozen,clean,template,13,chichewa+norm,chi_0703,0,0.999764
bilstm_frozen,clean,template,13,chichewa+norm,chi_0704,0,0.989981
bilstm_frozen,clean,template,13,chichewa+norm,chi_0705,0,0.988191
bilstm_frozen,clean,template,13,chichewa+norm,chi_0706,0,0.974287
bilstm_frozen,clean,template,13,chichewa+norm,chi_0707,0,0.963844
bilstm_frozen,clean,template,13,chichewa+norm,chi_0708,0,0.993024
bilstm_frozen,clean,template,13,chichewa+norm,chi_0709,0,0.993057
bilstm_frozen,clean,template,13,chichewa+norm,chi_0710,0,0.000664
bilstm_frozen,clean,template,13,chichewa+norm,chi_0711,0,0.993093
bilstm_frozen,clean,template,13,chichewa+norm,chi_0712,0,0.992988
bilstm_frozen,clean,template,13,chichewa+norm,chi_0713,0,0.002639
bilstm_frozen,clean,template,13,chichewa+norm,chi_0714,0,0.982507
bilstm_frozen,clean,template,13,chichewa+norm,chi_0715,0,0.998067
bilstm_frozen,clean,template,13,chichewa+norm,chi_0716,0,0.991706
bilstm_frozen,clean,template,13,chichewa+norm,chi_0717,0,0.989860
bilstm_frozen,clean,template,13,chichewa+norm,chi_0718,0,0.998168
bilstm_frozen,clean,template,13,chichewa+norm,chi_0719,0,0.973125
bilstm_frozen,clean,template,13,chichewa+norm,chi_0720,0,0.963426
bilstm_frozen,clean,template,13,chichewa+norm,chi_0721,0,0.999491
bilstm_frozen,clean,template,13,chichewa+norm,chi_0722,0,0.957510
bilstm_frozen,clean,template,13,chichewa+norm,chi_0723,0,0.967946
bilstm_frozen,clean,template,13,chichewa+norm,chi_0724,0,0.994907
bilstm_frozen,clean,template,13,chichewa+norm,chi_0725,0,0.999886
bilstm_frozen,clean,template,13,chichewa+norm,chi_0726,0,0.997390
bilstm_frozen,clean,template,13,chichewa+norm,chi_0727,0,0.987761
bilstm_frozen,clean,template,13,chichewa+norm,chi_0728,0,0.992284
bilstm_frozen,clean,template,13,chichewa+norm,chi_0729,0,0.991188
bilstm_frozen,clean,template,13,chichewa+norm,chi_0730,0,0.981646
bilstm_frozen,clean,template,13,chichewa+norm,chi_0731,0,0.993067
bilstm_frozen,clean,template,13,chichewa+norm,chi_0732,0,0.954413
bilstm_frozen,clean,template,13,ctrl_lookalike+norm,bongo_0029,0,0.015926
bilstm_frozen,clean,template,13,ctrl_lookalike+norm,bongo_0053,0,0.000213
bilstm_frozen,clean,template,13,ctrl_lookalike+norm,bongo_0097,0,0.001308
bilstm_frozen,clean,template,13,ctrl_lookalike+norm,bongo_0107,0,0.000084
bilstm_frozen,clean,template,13,ctrl_lookalike+norm,bongo_0110,0,0.000055
bilstm_frozen,clean,template,13,ctrl_lookalike+norm,bongo_0115,0,0.002955
bilstm_frozen,clean,template,13,ctrl_lookalike+norm,bongo_0143,0,0.000372
bilstm_frozen,clean,template,13,ctrl_lookalike+norm,bongo_0160,0,0.000164
bilstm_frozen,clean,template,13,ctrl_lookalike+norm,bongo_0172,0,0.782687
bilstm_frozen,clean,template,13,ctrl_lookalike+norm,bongo_0175,0,0.000740
bilstm_frozen,clean,template,13,ctrl_lookalike+norm,bongo_0182,0,0.000291
bilstm_frozen,clean,template,13,ctrl_lookalike+norm,bongo_0197,0,0.000188
bilstm_frozen,clean,template,13,ctrl_lookalike+norm,bongo_0253,0,0.000316
bilstm_frozen,clean,template,13,ctrl_lookalike+norm,bongo_0271,0,0.000251
bilstm_frozen,clean,template,13,ctrl_lookalike+norm,bongo_0300,0,0.000185
bilstm_frozen,clean,template,13,ctrl_lookalike+norm,bongo_0306,0,0.000268
bilstm_frozen,clean,template,13,ctrl_lookalike+norm,bongo_0363,0,0.000221
bilstm_frozen,clean,template,13,ctrl_lookalike+norm,bongo_0368,0,0.001293
bilstm_frozen,clean,template,13,ctrl_lookalike+norm,bongo_0372,0,0.000265
bilstm_frozen,clean,template,13,ctrl_lookalike+norm,bongo_0389,0,0.000257
bilstm_frozen,clean,template,13,ctrl_lookalike+norm,bongo_0395,0,0.000543
bilstm_frozen,clean,template,13,ctrl_lookalike+norm,bongo_0427,0,0.002924
bilstm_frozen,clean,template,13,ctrl_lookalike+norm,bongo_0463,0,0.002949
bilstm_frozen,clean,template,13,ctrl_lookalike+norm,bongo_0531,0,0.000346
bilstm_frozen,clean,template,13,ctrl_lookalike+norm,bongo_0542,0,0.000385
bilstm_frozen,clean,template,13,ctrl_lookalike+norm,bongo_0545,0,0.000391
bilstm_frozen,clean,template,13,ctrl_lookalike+norm,bongo_0571,0,0.000196
bilstm_frozen,clean,template,13,ctrl_lookalike+norm,bongo_0630,0,0.000365
bilstm_frozen,clean,template,13,ctrl_lookalike+norm,bongo_0648,0,0.021890
bilstm_frozen,clean,template,13,ctrl_lookalike+norm,bongo_0674,0,0.000081
bilstm_frozen,clean,template,13,ctrl_lookalike+norm,bongo_0685,0,0.027571
bilstm_frozen,clean,template,13,ctrl_lookalike+norm,bongo_0701,0,0.000252
bilstm_frozen,clean,template,13,ctrl_lookalike+norm,bongo_0741,0,0.000234
bilstm_frozen,clean,template,13,ctrl_lookalike+norm,bongo_0795,0,0.001029
bilstm_frozen,clean,template,13,ctrl_lookalike+norm,bongo_0818,0,0.007304
bilstm_frozen,clean,template,13,ctrl_lookalike+norm,bongo_0819,0,0.000527
bilstm_frozen,clean,template,13,ctrl_lookalike+norm,bongo_0835,0,0.000158
bilstm_frozen,clean,template,13,ctrl_lookalike+norm,bongo_0856,0,0.000250
bilstm_frozen,clean,template,13,ctrl_lookalike+norm,bongo_0872,0,0.001244
bilstm_frozen,clean,template,13,ctrl_lookalike+norm,bongo_0904,0,0.001511
bilstm_frozen,clean,template,13,ctrl_lookalike+norm,bongo_0950,0,0.000178
bilstm_frozen,clean,template,13,ctrl_lookalike+norm,bongo_0956,0,0.000249
bilstm_frozen,clean,template,13,ctrl_lookalike+norm,bongo_0971,0,0.000220
bilstm_frozen,clean,template,13,ctrl_lookalike+norm,bongo_0983,0,0.000463
bilstm_frozen,clean,template,13,ctrl_lookalike+norm,bongo_0994,0,0.003511
bilstm_frozen,clean,template,13,ctrl_lookalike+norm,bongo_1006,0,0.000340
bilstm_frozen,clean,template,13,ctrl_lookalike+norm,bongo_1015,0,0.000557
bilstm_frozen,clean,template,13,ctrl_lookalike+norm,bongo_1037,0,0.000614
bilstm_frozen,clean,template,13,ctrl_lookalike+norm,bongo_1040,0,0.000300
bilstm_frozen,clean,template,13,ctrl_lookalike+norm,bongo_1050,0,0.000802
bilstm_frozen,clean,template,13,ctrl_lookalike+norm,bongo_1059,0,0.000913
bilstm_frozen,clean,template,13,ctrl_lookalike+norm,bongo_1071,0,0.000295
bilstm_frozen,clean,template,13,ctrl_lookalike+norm,bongo_1090,0,0.000170
bilstm_frozen,clean,template,13,ctrl_lookalike+norm,bongo_1115,0,0.000232
bilstm_frozen,clean,template,13,ctrl_lookalike+norm,bongo_1123,0,0.000238
bilstm_frozen,clean,template,13,ctrl_lookalike+norm,bongo_1125,0,0.012666
bilstm_frozen,clean,template,13,ctrl_lookalike+norm,bongo_1135,0,0.001657
bilstm_frozen,clean,template,13,ctrl_lookalike+norm,bongo_1155,0,0.000215
bilstm_frozen,clean,template,13,ctrl_lookalike+norm,bongo_1194,0,0.001037
bilstm_frozen,clean,template,13,ctrl_lookalike+norm,bongo_1198,0,0.000356
bilstm_frozen,clean,template,13,ctrl_lookalike+norm,bongo_1236,0,0.000282
bilstm_frozen,clean,template,13,ctrl_lookalike+norm,bongo_1244,0,0.000697
bilstm_frozen,clean,template,13,ctrl_lookalike+norm,bongo_1249,0,0.000533
bilstm_frozen,clean,template,13,ctrl_lookalike+norm,bongo_1253,0,0.910899
bilstm_frozen,clean,template,13,ctrl_lookalike+norm,bongo_1260,0,0.000234
bilstm_frozen,clean,template,13,ctrl_lookalike+norm,bongo_1262,0,0.765511
bilstm_frozen,clean,template,13,ctrl_lookalike+norm,bongo_1285,0,0.000243
bilstm_frozen,clean,template,13,ctrl_lookalike+norm,bongo_1316,0,0.000311
bilstm_frozen,clean,template,13,ctrl_lookalike+norm,bongo_1330,0,0.044616
bilstm_frozen,clean,template,13,ctrl_lookalike+norm,bongo_1359,0,0.001240
bilstm_frozen,clean,template,13,ctrl_lookalike+norm,bongo_1375,0,0.000302
bilstm_frozen,clean,template,13,ctrl_structural+norm,bongo_0029,0,0.268395
bilstm_frozen,clean,template,13,ctrl_structural+norm,bongo_0053,0,0.000213
bilstm_frozen,clean,template,13,ctrl_structural+norm,bongo_0097,0,0.001372
bilstm_frozen,clean,template,13,ctrl_structural+norm,bongo_0107,0,0.000089
bilstm_frozen,clean,template,13,ctrl_structural+norm,bongo_0110,0,0.000083
bilstm_frozen,clean,template,13,ctrl_structural+norm,bongo_0115,0,0.002204
bilstm_frozen,clean,template,13,ctrl_structural+norm,bongo_0143,0,0.000345
bilstm_frozen,clean,template,13,ctrl_structural+norm,bongo_0160,0,0.000341
bilstm_frozen,clean,template,13,ctrl_structural+norm,bongo_0172,0,0.025824
bilstm_frozen,clean,template,13,ctrl_structural+norm,bongo_0175,0,0.000781
bilstm_frozen,clean,template,13,ctrl_structural+norm,bongo_0182,0,0.000291
bilstm_frozen,clean,template,13,ctrl_structural+norm,bongo_0197,0,0.000188
bilstm_frozen,clean,template,13,ctrl_structural+norm,bongo_0253,0,0.000360
bilstm_frozen,clean,template,13,ctrl_structural+norm,bongo_0271,0,0.000216
bilstm_frozen,clean,template,13,ctrl_structural+norm,bongo_0300,0,0.000185
bilstm_frozen,clean,template,13,ctrl_structural+norm,bongo_0306,0,0.000367
bilstm_frozen,clean,template,13,ctrl_structural+norm,bongo_0363,0,0.000279
bilstm_frozen,clean,template,13,ctrl_structural+norm,bongo_0368,0,0.001790
bilstm_frozen,clean,template,13,ctrl_structural+norm,bongo_0372,0,0.000408
bilstm_frozen,clean,template,13,ctrl_structural+norm,bongo_0389,0,0.000258
bilstm_frozen,clean,template,13,ctrl_structural+norm,bongo_0395,0,0.000517
bilstm_frozen,clean,template,13,ctrl_structural+norm,bongo_0427,0,0.001934
bilstm_frozen,clean,template,13,ctrl_structural+norm,bongo_0463,0,0.003572
bilstm_frozen,clean,template,13,ctrl_structural+norm,bongo_0531,0,0.000510
bilstm_frozen,clean,template,13,ctrl_structural+norm,bongo_0542,0,0.000327
bilstm_frozen,clean,template,13,ctrl_structural+norm,bongo_0545,0,0.000379
bilstm_frozen,clean,template,13,ctrl_structural+norm,bongo_0571,0,0.000212
bilstm_frozen,clean,template,13,ctrl_structural+norm,bongo_0630,0,0.001546
bilstm_frozen,clean,template,13,ctrl_structural+norm,bongo_0648,0,0.278263
bilstm_frozen,clean,template,13,ctrl_structural+norm,bongo_0674,0,0.000081
bilstm_frozen,clean,template,13,ctrl_structural+norm,bongo_0685,0,0.005083
bilstm_frozen,clean,template,13,ctrl_structural+norm,bongo_0701,0,0.000252
bilstm_frozen,clean,template,13,ctrl_structural+norm,bongo_0741,0,0.000222
bilstm_frozen,clean,template,13,ctrl_structural+norm,bongo_0795,0,0.001873
bilstm_frozen,clean,template,13,ctrl_structural+norm,bongo_0818,0,0.262220
bilstm_frozen,clean,template,13,ctrl_structural+norm,bongo_0819,0,0.000865
bilstm_frozen,clean,template,13,ctrl_structural+norm,bongo_0835,0,0.000176
bilstm_frozen,clean,template,13,ctrl_structural+norm,bongo_0856,0,0.000672
bilstm_frozen,clean,template,13,ctrl_structural+norm,bongo_0872,0,0.001789
bilstm_frozen,clean,template,13,ctrl_structural+norm,bongo_0904,0,0.000861
bilstm_frozen,clean,template,13,ctrl_structural+norm,bongo_0950,0,0.000307
bilstm_frozen,clean,template,13,ctrl_structural+norm,bongo_0956,0,0.000249
bilstm_frozen,clean,template,13,ctrl_structural+norm,bongo_0971,0,0.000220
bilstm_frozen,clean,template,13,ctrl_structural+norm,bongo_0983,0,0.000494
bilstm_frozen,clean,template,13,ctrl_structural+norm,bongo_0994,0,0.001618
bilstm_frozen,clean,template,13,ctrl_structural+norm,bongo_1006,0,0.000340
bilstm_frozen,clean,template,13,ctrl_structural+norm,bongo_1015,0,0.000602
bilstm_frozen,clean,template,13,ctrl_structural+norm,bongo_1037,0,0.001337
bilstm_frozen,clean,template,13,ctrl_structural+norm,bongo_1040,0,0.000313
bilstm_frozen,clean,template,13,ctrl_structural+norm,bongo_1050,0,0.000802
bilstm_frozen,clean,template,13,ctrl_structural+norm,bongo_1059,0,0.000750
bilstm_frozen,clean,template,13,ctrl_structural+norm,bongo_1071,0,0.000320
bilstm_frozen,clean,template,13,ctrl_structural+norm,bongo_1090,0,0.000159
bilstm_frozen,clean,template,13,ctrl_structural+norm,bongo_1115,0,0.000226
bilstm_frozen,clean,template,13,ctrl_structural+norm,bongo_1123,0,0.000294
bilstm_frozen,clean,template,13,ctrl_structural+norm,bongo_1125,0,0.026924
bilstm_frozen,clean,template,13,ctrl_structural+norm,bongo_1135,0,0.001657
bilstm_frozen,clean,template,13,ctrl_structural+norm,bongo_1155,0,0.000215
bilstm_frozen,clean,template,13,ctrl_structural+norm,bongo_1194,0,0.003387
bilstm_frozen,clean,template,13,ctrl_structural+norm,bongo_1198,0,0.001417
bilstm_frozen,clean,template,13,ctrl_structural+norm,bongo_1236,0,0.000325
bilstm_frozen,clean,template,13,ctrl_structural+norm,bongo_1244,0,0.000697
bilstm_frozen,clean,template,13,ctrl_structural+norm,bongo_1249,0,0.000533
bilstm_frozen,clean,template,13,ctrl_structural+norm,bongo_1253,0,0.000577
bilstm_frozen,clean,template,13,ctrl_structural+norm,bongo_1260,0,0.000234
bilstm_frozen,clean,template,13,ctrl_structural+norm,bongo_1262,0,0.382366
bilstm_frozen,clean,template,13,ctrl_structural+norm,bongo_1285,0,0.000243
bilstm_frozen,clean,template,13,ctrl_structural+norm,bongo_1316,0,0.002130
bilstm_frozen,clean,template,13,ctrl_structural+norm,bongo_1330,0,0.284130
bilstm_frozen,clean,template,13,ctrl_structural+norm,bongo_1359,0,0.001240
bilstm_frozen,clean,template,13,ctrl_structural+norm,bongo_1375,0,0.000604
bilstm_frozen,clean,template,13,ctrl_codeswitch+norm,bongo_0029,0,0.015926
bilstm_frozen,clean,template,13,ctrl_codeswitch+norm,bongo_0053,0,0.000273
bilstm_frozen,clean,template,13,ctrl_codeswitch+norm,bongo_0097,0,0.002539
bilstm_frozen,clean,template,13,ctrl_codeswitch+norm,bongo_0107,0,0.000084
bilstm_frozen,clean,template,13,ctrl_codeswitch+norm,bongo_0110,0,0.000055
bilstm_frozen,clean,template,13,ctrl_codeswitch+norm,bongo_0115,0,0.005952
bilstm_frozen,clean,template,13,ctrl_codeswitch+norm,bongo_0143,0,0.000372
bilstm_frozen,clean,template,13,ctrl_codeswitch+norm,bongo_0160,0,0.000164
bilstm_frozen,clean,template,13,ctrl_codeswitch+norm,bongo_0172,0,0.815569
bilstm_frozen,clean,template,13,ctrl_codeswitch+norm,bongo_0175,0,0.000740
bilstm_frozen,clean,template,13,ctrl_codeswitch+norm,bongo_0182,0,0.000291
bilstm_frozen,clean,template,13,ctrl_codeswitch+norm,bongo_0197,0,0.000188
bilstm_frozen,clean,template,13,ctrl_codeswitch+norm,bongo_0253,0,0.000316
bilstm_frozen,clean,template,13,ctrl_codeswitch+norm,bongo_0271,0,0.000251
bilstm_frozen,clean,template,13,ctrl_codeswitch+norm,bongo_0300,0,0.000185
bilstm_frozen,clean,template,13,ctrl_codeswitch+norm,bongo_0306,0,0.000268
bilstm_frozen,clean,template,13,ctrl_codeswitch+norm,bongo_0363,0,0.000221
bilstm_frozen,clean,template,13,ctrl_codeswitch+norm,bongo_0368,0,0.002742
bilstm_frozen,clean,template,13,ctrl_codeswitch+norm,bongo_0372,0,0.000265
bilstm_frozen,clean,template,13,ctrl_codeswitch+norm,bongo_0389,0,0.000266
bilstm_frozen,clean,template,13,ctrl_codeswitch+norm,bongo_0395,0,0.000543
bilstm_frozen,clean,template,13,ctrl_codeswitch+norm,bongo_0427,0,0.010184
bilstm_frozen,clean,template,13,ctrl_codeswitch+norm,bongo_0463,0,0.000940
bilstm_frozen,clean,template,13,ctrl_codeswitch+norm,bongo_0531,0,0.000346
bilstm_frozen,clean,template,13,ctrl_codeswitch+norm,bongo_0542,0,0.000385
bilstm_frozen,clean,template,13,ctrl_codeswitch+norm,bongo_0545,0,0.000391
bilstm_frozen,clean,template,13,ctrl_codeswitch+norm,bongo_0571,0,0.000196
bilstm_frozen,clean,template,13,ctrl_codeswitch+norm,bongo_0630,0,0.000365
bilstm_frozen,clean,template,13,ctrl_codeswitch+norm,bongo_0648,0,0.021890
bilstm_frozen,clean,template,13,ctrl_codeswitch+norm,bongo_0674,0,0.000081
bilstm_frozen,clean,template,13,ctrl_codeswitch+norm,bongo_0685,0,0.106829
bilstm_frozen,clean,template,13,ctrl_codeswitch+norm,bongo_0701,0,0.000252
bilstm_frozen,clean,template,13,ctrl_codeswitch+norm,bongo_0741,0,0.000236
bilstm_frozen,clean,template,13,ctrl_codeswitch+norm,bongo_0795,0,0.000643
bilstm_frozen,clean,template,13,ctrl_codeswitch+norm,bongo_0818,0,0.007304
bilstm_frozen,clean,template,13,ctrl_codeswitch+norm,bongo_0819,0,0.000527
bilstm_frozen,clean,template,13,ctrl_codeswitch+norm,bongo_0835,0,0.000150
bilstm_frozen,clean,template,13,ctrl_codeswitch+norm,bongo_0856,0,0.000250
bilstm_frozen,clean,template,13,ctrl_codeswitch+norm,bongo_0872,0,0.003597
bilstm_frozen,clean,template,13,ctrl_codeswitch+norm,bongo_0904,0,0.003177
bilstm_frozen,clean,template,13,ctrl_codeswitch+norm,bongo_0950,0,0.000178
bilstm_frozen,clean,template,13,ctrl_codeswitch+norm,bongo_0956,0,0.000249
bilstm_frozen,clean,template,13,ctrl_codeswitch+norm,bongo_0971,0,0.000220
bilstm_frozen,clean,template,13,ctrl_codeswitch+norm,bongo_0983,0,0.000463
bilstm_frozen,clean,template,13,ctrl_codeswitch+norm,bongo_0994,0,0.003992
bilstm_frozen,clean,template,13,ctrl_codeswitch+norm,bongo_1006,0,0.000371
bilstm_frozen,clean,template,13,ctrl_codeswitch+norm,bongo_1015,0,0.000557
bilstm_frozen,clean,template,13,ctrl_codeswitch+norm,bongo_1037,0,0.000614
bilstm_frozen,clean,template,13,ctrl_codeswitch+norm,bongo_1040,0,0.000300
bilstm_frozen,clean,template,13,ctrl_codeswitch+norm,bongo_1050,0,0.000802
bilstm_frozen,clean,template,13,ctrl_codeswitch+norm,bongo_1059,0,0.000744
bilstm_frozen,clean,template,13,ctrl_codeswitch+norm,bongo_1071,0,0.000295
bilstm_frozen,clean,template,13,ctrl_codeswitch+norm,bongo_1090,0,0.000170
bilstm_frozen,clean,template,13,ctrl_codeswitch+norm,bongo_1115,0,0.000232
bilstm_frozen,clean,template,13,ctrl_codeswitch+norm,bongo_1123,0,0.000238
bilstm_frozen,clean,template,13,ctrl_codeswitch+norm,bongo_1125,0,0.012666
bilstm_frozen,clean,template,13,ctrl_codeswitch+norm,bongo_1135,0,0.001657
bilstm_frozen,clean,template,13,ctrl_codeswitch+norm,bongo_1155,0,0.000215
bilstm_frozen,clean,template,13,ctrl_codeswitch+norm,bongo_1194,0,0.000869
bilstm_frozen,clean,template,13,ctrl_codeswitch+norm,bongo_1198,0,0.000356
bilstm_frozen,clean,template,13,ctrl_codeswitch+norm,bongo_1236,0,0.000282
bilstm_frozen,clean,template,13,ctrl_codeswitch+norm,bongo_1244,0,0.001438
bilstm_frozen,clean,template,13,ctrl_codeswitch+norm,bongo_1249,0,0.000533
bilstm_frozen,clean,template,13,ctrl_codeswitch+norm,bongo_1253,0,0.910899
bilstm_frozen,clean,template,13,ctrl_codeswitch+norm,bongo_1260,0,0.000234
bilstm_frozen,clean,template,13,ctrl_codeswitch+norm,bongo_1262,0,0.765511
bilstm_frozen,clean,template,13,ctrl_codeswitch+norm,bongo_1285,0,0.000243
bilstm_frozen,clean,template,13,ctrl_codeswitch+norm,bongo_1316,0,0.000311
bilstm_frozen,clean,template,13,ctrl_codeswitch+norm,bongo_1330,0,0.044616
bilstm_frozen,clean,template,13,ctrl_codeswitch+norm,bongo_1359,0,0.001260
bilstm_frozen,clean,template,13,ctrl_codeswitch+norm,bongo_1375,0,0.000302
bilstm_frozen,clean,template,13,stress_genuine+phone,bongo_0029,0,0.013055
bilstm_frozen,clean,template,13,stress_genuine+phone,bongo_0053,0,0.000651
bilstm_frozen,clean,template,13,stress_genuine+phone,bongo_0097,0,0.024104
bilstm_frozen,clean,template,13,stress_genuine+phone,bongo_0107,0,0.000223
bilstm_frozen,clean,template,13,stress_genuine+phone,bongo_0110,0,0.000136
bilstm_frozen,clean,template,13,stress_genuine+phone,bongo_0115,0,0.011870
bilstm_frozen,clean,template,13,stress_genuine+phone,bongo_0143,0,0.000872
bilstm_frozen,clean,template,13,stress_genuine+phone,bongo_0160,0,0.000542
bilstm_frozen,clean,template,13,stress_genuine+phone,bongo_0172,0,0.944827
bilstm_frozen,clean,template,13,stress_genuine+phone,bongo_0175,0,0.001403
bilstm_frozen,clean,template,13,stress_genuine+phone,bongo_0182,0,0.000663
bilstm_frozen,clean,template,13,stress_genuine+phone,bongo_0197,0,0.000488
bilstm_frozen,clean,template,13,stress_genuine+phone,bongo_0253,0,0.284040
bilstm_frozen,clean,template,13,stress_genuine+phone,bongo_0271,0,0.953350
bilstm_frozen,clean,template,13,stress_genuine+phone,bongo_0300,0,0.000500
bilstm_frozen,clean,template,13,stress_genuine+phone,bongo_0306,0,0.009560
bilstm_frozen,clean,template,13,stress_genuine+phone,bongo_0363,0,0.865478
bilstm_frozen,clean,template,13,stress_genuine+phone,bongo_0368,0,0.005801
bilstm_frozen,clean,template,13,stress_genuine+phone,bongo_0372,0,0.004171
bilstm_frozen,clean,template,13,stress_genuine+phone,bongo_0389,0,0.000772
bilstm_frozen,clean,template,13,stress_genuine+phone,bongo_0395,0,0.001179
bilstm_frozen,clean,template,13,stress_genuine+phone,bongo_0427,0,0.995874
bilstm_frozen,clean,template,13,stress_genuine+phone,bongo_0463,0,0.205779
bilstm_frozen,clean,template,13,stress_genuine+phone,bongo_0531,0,0.004369
bilstm_frozen,clean,template,13,stress_genuine+phone,bongo_0542,0,0.000843
bilstm_frozen,clean,template,13,stress_genuine+phone,bongo_0545,0,0.001063
bilstm_frozen,clean,template,13,stress_genuine+phone,bongo_0571,0,0.000387
bilstm_frozen,clean,template,13,stress_genuine+phone,bongo_0630,0,0.001382
bilstm_frozen,clean,template,13,stress_genuine+phone,bongo_0648,0,0.034796
bilstm_frozen,clean,template,13,stress_genuine+phone,bongo_0674,0,0.000217
bilstm_frozen,clean,template,13,stress_genuine+phone,bongo_0685,0,0.993926
bilstm_frozen,clean,template,13,stress_genuine+phone,bongo_0701,0,0.946936
bilstm_frozen,clean,template,13,stress_genuine+phone,bongo_0741,0,0.958553
bilstm_frozen,clean,template,13,stress_genuine+phone,bongo_0795,0,0.013394
bilstm_frozen,clean,template,13,stress_genuine+phone,bongo_0818,0,0.004490
bilstm_frozen,clean,template,13,stress_genuine+phone,bongo_0819,0,0.002480
bilstm_frozen,clean,template,13,stress_genuine+phone,bongo_0835,0,0.000320
bilstm_frozen,clean,template,13,stress_genuine+phone,bongo_0856,0,0.004945
bilstm_frozen,clean,template,13,stress_genuine+phone,bongo_0872,0,0.937899
bilstm_frozen,clean,template,13,stress_genuine+phone,bongo_0904,0,0.083115
bilstm_frozen,clean,template,13,stress_genuine+phone,bongo_0950,0,0.000474
bilstm_frozen,clean,template,13,stress_genuine+phone,bongo_0956,0,0.955328
bilstm_frozen,clean,template,13,stress_genuine+phone,bongo_0971,0,0.949738
bilstm_frozen,clean,template,13,stress_genuine+phone,bongo_0983,0,0.085160
bilstm_frozen,clean,template,13,stress_genuine+phone,bongo_0994,0,0.008418
bilstm_frozen,clean,template,13,stress_genuine+phone,bongo_1006,0,0.961995
bilstm_frozen,clean,template,13,stress_genuine+phone,bongo_1015,0,0.000992
bilstm_frozen,clean,template,13,stress_genuine+phone,bongo_1037,0,0.002439
bilstm_frozen,clean,template,13,stress_genuine+phone,bongo_1040,0,0.000940
bilstm_frozen,clean,template,13,stress_genuine+phone,bongo_1050,0,0.983726
bilstm_frozen,clean,template,13,stress_genuine+phone,bongo_1059,0,0.001609
bilstm_frozen,clean,template,13,stress_genuine+phone,bongo_1071,0,0.000607
bilstm_frozen,clean,template,13,stress_genuine+phone,bongo_1090,0,0.000491
bilstm_frozen,clean,template,13,stress_genuine+phone,bongo_1115,0,0.307168
bilstm_frozen,clean,template,13,stress_genuine+phone,bongo_1123,0,0.406258
bilstm_frozen,clean,template,13,stress_genuine+phone,bongo_1125,0,0.011981
bilstm_frozen,clean,template,13,stress_genuine+phone,bongo_1135,0,0.987979
bilstm_frozen,clean,template,13,stress_genuine+phone,bongo_1155,0,0.000441
bilstm_frozen,clean,template,13,stress_genuine+phone,bongo_1194,0,0.004190
bilstm_frozen,clean,template,13,stress_genuine+phone,bongo_1198,0,0.001925
bilstm_frozen,clean,template,13,stress_genuine+phone,bongo_1236,0,0.001049
bilstm_frozen,clean,template,13,stress_genuine+phone,bongo_1244,0,0.976673
bilstm_frozen,clean,template,13,stress_genuine+phone,bongo_1249,0,0.001118
bilstm_frozen,clean,template,13,stress_genuine+phone,bongo_1253,0,0.966423
bilstm_frozen,clean,template,13,stress_genuine+phone,bongo_1260,0,0.565778
bilstm_frozen,clean,template,13,stress_genuine+phone,bongo_1262,0,0.958813
bilstm_frozen,clean,template,13,stress_genuine+phone,bongo_1285,0,0.943685
bilstm_frozen,clean,template,13,stress_genuine+phone,bongo_1316,0,0.000752
bilstm_frozen,clean,template,13,stress_genuine+phone,bongo_1330,0,0.016308
bilstm_frozen,clean,template,13,stress_genuine+phone,bongo_1359,0,0.988243
bilstm_frozen,clean,template,13,stress_genuine+phone,bongo_1375,0,0.780780
bilstm_frozen,clean,template,13,stress_genuine+amount,bongo_0029,0,0.008444
bilstm_frozen,clean,template,13,stress_genuine+amount,bongo_0053,0,0.000443
bilstm_frozen,clean,template,13,stress_genuine+amount,bongo_0097,0,0.006230
bilstm_frozen,clean,template,13,stress_genuine+amount,bongo_0107,0,0.000208
bilstm_frozen,clean,template,13,stress_genuine+amount,bongo_0110,0,0.000128
bilstm_frozen,clean,template,13,stress_genuine+amount,bongo_0115,0,0.007879
bilstm_frozen,clean,template,13,stress_genuine+amount,bongo_0143,0,0.000813
bilstm_frozen,clean,template,13,stress_genuine+amount,bongo_0160,0,0.000365
bilstm_frozen,clean,template,13,stress_genuine+amount,bongo_0172,0,0.941532
bilstm_frozen,clean,template,13,stress_genuine+amount,bongo_0175,0,0.001171
bilstm_frozen,clean,template,13,stress_genuine+amount,bongo_0182,0,0.000626
bilstm_frozen,clean,template,13,stress_genuine+amount,bongo_0197,0,0.000349
bilstm_frozen,clean,template,13,stress_genuine+amount,bongo_0253,0,0.003098
bilstm_frozen,clean,template,13,stress_genuine+amount,bongo_0271,0,0.899609
bilstm_frozen,clean,template,13,stress_genuine+amount,bongo_0300,0,0.000374
bilstm_frozen,clean,template,13,stress_genuine+amount,bongo_0306,0,0.001101
bilstm_frozen,clean,template,13,stress_genuine+amount,bongo_0363,0,0.003784
bilstm_frozen,clean,template,13,stress_genuine+amount,bongo_0368,0,0.003650
bilstm_frozen,clean,template,13,stress_genuine+amount,bongo_0372,0,0.000995
bilstm_frozen,clean,template,13,stress_genuine+amount,bongo_0389,0,0.000462
bilstm_frozen,clean,template,13,stress_genuine+amount,bongo_0395,0,0.001072
bilstm_frozen,clean,template,13,stress_genuine+amount,bongo_0427,0,0.012151
bilstm_frozen,clean,template,13,stress_genuine+amount,bongo_0463,0,0.026195
bilstm_frozen,clean,template,13,stress_genuine+amount,bongo_0531,0,0.001294
bilstm_frozen,clean,template,13,stress_genuine+amount,bongo_0542,0,0.000671
bilstm_frozen,clean,template,13,stress_genuine+amount,bongo_0545,0,0.000741
bilstm_frozen,clean,template,13,stress_genuine+amount,bongo_0571,0,0.000360
bilstm_frozen,clean,template,13,stress_genuine+amount,bongo_0630,0,0.000939
bilstm_frozen,clean,template,13,stress_genuine+amount,bongo_0648,0,0.018848
bilstm_frozen,clean,template,13,stress_genuine+amount,bongo_0674,0,0.000201
bilstm_frozen,clean,template,13,stress_genuine+amount,bongo_0685,0,0.842023
bilstm_frozen,clean,template,13,stress_genuine+amount,bongo_0701,0,0.000721
bilstm_frozen,clean,template,13,stress_genuine+amount,bongo_0741,0,0.953307
bilstm_frozen,clean,template,13,stress_genuine+amount,bongo_0795,0,0.003013
bilstm_frozen,clean,template,13,stress_genuine+amount,bongo_0818,0,0.003587
bilstm_frozen,clean,template,13,stress_genuine+amount,bongo_0819,0,0.001424
bilstm_frozen,clean,template,13,stress_genuine+amount,bongo_0835,0,0.000264
bilstm_frozen,clean,template,13,stress_genuine+amount,bongo_0856,0,0.000928
bilstm_frozen,clean,template,13,stress_genuine+amount,bongo_0872,0,0.748686
bilstm_frozen,clean,template,13,stress_genuine+amount,bongo_0904,0,0.006824
bilstm_frozen,clean,template,13,stress_genuine+amount,bongo_0950,0,0.000433
bilstm_frozen,clean,template,13,stress_genuine+amount,bongo_0956,0,0.948502
bilstm_frozen,clean,template,13,stress_genuine+amount,bongo_0971,0,0.944310
bilstm_frozen,clean,template,13,stress_genuine+amount,bongo_0983,0,0.004177
bilstm_frozen,clean,template,13,stress_genuine+amount,bongo_0994,0,0.006126
bilstm_frozen,clean,template,13,stress_genuine+amount,bongo_1006,0,0.000643
bilstm_frozen,clean,template,13,stress_genuine+amount,bongo_1015,0,0.000899
bilstm_frozen,clean,template,13,stress_genuine+amount,bongo_1037,0,0.001680
bilstm_frozen,clean,template,13,stress_genuine+amount,bongo_1040,0,0.000543
bilstm_frozen,clean,template,13,stress_genuine+amount,bongo_1050,0,0.001493
bilstm_frozen,clean,template,13,stress_genuine+amount,bongo_1059,0,0.001409
bilstm_frozen,clean,template,13,stress_genuine+amount,bongo_1071,0,0.000470
bilstm_frozen,clean,template,13,stress_genuine+amount,bongo_1090,0,0.000455
bilstm_frozen,clean,template,13,stress_genuine+amount,bongo_1115,0,0.000508
bilstm_frozen,clean,template,13,stress_genuine+amount,bongo_1123,0,0.002285
bilstm_frozen,clean,template,13,stress_genuine+amount,bongo_1125,0,0.008163
bilstm_frozen,clean,template,13,stress_genuine+amount,bongo_1135,0,0.002910
bilstm_frozen,clean,template,13,stress_genuine+amount,bongo_1155,0,0.000362
bilstm_frozen,clean,template,13,stress_genuine+amount,bongo_1194,0,0.002090
bilstm_frozen,clean,template,13,stress_genuine+amount,bongo_1198,0,0.001036
bilstm_frozen,clean,template,13,stress_genuine+amount,bongo_1236,0,0.000737
bilstm_frozen,clean,template,13,stress_genuine+amount,bongo_1244,0,0.972668
bilstm_frozen,clean,template,13,stress_genuine+amount,bongo_1249,0,0.001050
bilstm_frozen,clean,template,13,stress_genuine+amount,bongo_1253,0,0.964345
bilstm_frozen,clean,template,13,stress_genuine+amount,bongo_1260,0,0.000591
bilstm_frozen,clean,template,13,stress_genuine+amount,bongo_1262,0,0.956381
bilstm_frozen,clean,template,13,stress_genuine+amount,bongo_1285,0,0.000555
bilstm_frozen,clean,template,13,stress_genuine+amount,bongo_1316,0,0.000618
bilstm_frozen,clean,template,13,stress_genuine+amount,bongo_1330,0,0.013513
bilstm_frozen,clean,template,13,stress_genuine+amount,bongo_1359,0,0.001957
bilstm_frozen,clean,template,13,stress_genuine+amount,bongo_1375,0,0.002190
bilstm_frozen,clean,template,13,stress_scam-number,bongo_0025,1,0.999373
bilstm_frozen,clean,template,13,stress_scam-number,bongo_0039,1,0.999695
bilstm_frozen,clean,template,13,stress_scam-number,bongo_0047,1,0.999613
bilstm_frozen,clean,template,13,stress_scam-number,bongo_0061,1,0.995925
bilstm_frozen,clean,template,13,stress_scam-number,bongo_0146,1,0.999762
bilstm_frozen,clean,template,13,stress_scam-number,bongo_0154,1,0.033804
bilstm_frozen,clean,template,13,stress_scam-number,bongo_0195,1,0.998402
bilstm_frozen,clean,template,13,stress_scam-number,bongo_0201,1,0.999778
bilstm_frozen,clean,template,13,stress_scam-number,bongo_0203,1,0.997712
bilstm_frozen,clean,template,13,stress_scam-number,bongo_0360,1,0.999493
bilstm_frozen,clean,template,13,stress_scam-number,bongo_0361,1,0.991711
bilstm_frozen,clean,template,13,stress_scam-number,bongo_0405,1,0.998078
bilstm_frozen,clean,template,13,stress_scam-number,bongo_0424,1,0.999765
bilstm_frozen,clean,template,13,stress_scam-number,bongo_0476,1,0.998832
bilstm_frozen,clean,template,13,stress_scam-number,bongo_0510,1,0.999596
bilstm_frozen,clean,template,13,stress_scam-number,bongo_0566,1,0.999852
bilstm_frozen,clean,template,13,stress_scam-number,bongo_0577,1,0.996938
bilstm_frozen,clean,template,13,stress_scam-number,bongo_0580,1,0.998723
bilstm_frozen,clean,template,13,stress_scam-number,bongo_0621,1,0.996111
bilstm_frozen,clean,template,13,stress_scam-number,bongo_0624,1,0.999460
bilstm_frozen,clean,template,13,stress_scam-number,bongo_0638,1,0.999812
bilstm_frozen,clean,template,13,stress_scam-number,bongo_0721,1,0.995977
bilstm_frozen,clean,template,13,stress_scam-number,bongo_0729,1,0.979701
bilstm_frozen,clean,template,13,stress_scam-number,bongo_0769,1,0.997605
bilstm_frozen,clean,template,13,stress_scam-number,bongo_0787,1,0.999493
bilstm_frozen,clean,template,13,stress_scam-number,bongo_0807,1,0.999567
bilstm_frozen,clean,template,13,stress_scam-number,bongo_0840,1,0.999493
bilstm_frozen,clean,template,13,stress_scam-number,bongo_0864,1,0.999697
bilstm_frozen,clean,template,13,stress_scam-number,bongo_0871,1,0.999471
bilstm_frozen,clean,template,13,stress_scam-number,bongo_0905,1,0.999715
bilstm_frozen,clean,template,13,stress_scam-number,bongo_0909,1,0.973166
bilstm_frozen,clean,template,13,stress_scam-number,bongo_0918,1,0.999063
bilstm_frozen,clean,template,13,stress_scam-number,bongo_0955,1,0.999754
bilstm_frozen,clean,template,13,stress_scam-number,bongo_0989,1,0.999473
bilstm_frozen,clean,template,13,stress_scam-number,bongo_1042,1,0.998996
bilstm_frozen,clean,template,13,stress_scam-number,bongo_1047,1,0.999696
bilstm_frozen,clean,template,13,stress_scam-number,bongo_1052,1,0.998691
bilstm_frozen,clean,template,13,stress_scam-number,bongo_1104,1,0.999749
bilstm_frozen,clean,template,13,stress_scam-number,bongo_1131,1,0.999800
bilstm_frozen,clean,template,13,stress_scam-number,bongo_1136,1,0.999372
bilstm_frozen,clean,template,13,stress_scam-number,bongo_1138,1,0.999696
bilstm_frozen,clean,template,13,stress_scam-number,bongo_1140,1,0.998497
bilstm_frozen,clean,template,13,stress_scam-number,bongo_1154,1,0.999786
bilstm_frozen,clean,template,13,stress_scam-number,bongo_1171,1,0.999747
bilstm_frozen,clean,template,13,stress_scam-number,bongo_1181,1,0.998919
bilstm_frozen,clean,template,13,stress_scam-number,bongo_1220,1,0.999694
bilstm_frozen,clean,template,13,stress_scam-number,bongo_1233,1,0.999852
bilstm_frozen,clean,template,13,stress_scam-number,bongo_1293,1,0.999730
bilstm_frozen,clean,template,13,valstress_genuine+phone,bongo_0008,0,0.069641
bilstm_frozen,clean,template,13,valstress_genuine+phone,bongo_0033,0,0.951603
bilstm_frozen,clean,template,13,valstress_genuine+phone,bongo_0063,0,0.830304
bilstm_frozen,clean,template,13,valstress_genuine+phone,bongo_0065,0,0.001581
bilstm_frozen,clean,template,13,valstress_genuine+phone,bongo_0076,0,0.001061
bilstm_frozen,clean,template,13,valstress_genuine+phone,bongo_0081,0,0.002258
bilstm_frozen,clean,template,13,valstress_genuine+phone,bongo_0095,0,0.000219
bilstm_frozen,clean,template,13,valstress_genuine+phone,bongo_0105,0,0.000374
bilstm_frozen,clean,template,13,valstress_genuine+phone,bongo_0111,0,0.983913
bilstm_frozen,clean,template,13,valstress_genuine+phone,bongo_0121,0,0.002439
bilstm_frozen,clean,template,13,valstress_genuine+phone,bongo_0127,0,0.000167
bilstm_frozen,clean,template,13,valstress_genuine+phone,bongo_0145,0,0.970550
bilstm_frozen,clean,template,13,valstress_genuine+phone,bongo_0148,0,0.864282
bilstm_frozen,clean,template,13,valstress_genuine+phone,bongo_0186,0,0.000605
bilstm_frozen,clean,template,13,valstress_genuine+phone,bongo_0191,0,0.984920
bilstm_frozen,clean,template,13,valstress_genuine+phone,bongo_0264,0,0.002072
bilstm_frozen,clean,template,13,valstress_genuine+phone,bongo_0275,0,0.004079
bilstm_frozen,clean,template,13,valstress_genuine+phone,bongo_0393,0,0.001097
bilstm_frozen,clean,template,13,valstress_genuine+phone,bongo_0410,0,0.002018
bilstm_frozen,clean,template,13,valstress_genuine+phone,bongo_0411,0,0.002183
bilstm_frozen,clean,template,13,valstress_genuine+phone,bongo_0426,0,0.947380
bilstm_frozen,clean,template,13,valstress_genuine+phone,bongo_0430,0,0.973867
bilstm_frozen,clean,template,13,valstress_genuine+phone,bongo_0495,0,0.006875
bilstm_frozen,clean,template,13,valstress_genuine+phone,bongo_0548,0,0.000771
bilstm_frozen,clean,template,13,valstress_genuine+phone,bongo_0561,0,0.005840
bilstm_frozen,clean,template,13,valstress_genuine+phone,bongo_0563,0,0.000579
bilstm_frozen,clean,template,13,valstress_genuine+phone,bongo_0581,0,0.000686
bilstm_frozen,clean,template,13,valstress_genuine+phone,bongo_0593,0,0.930815
bilstm_frozen,clean,template,13,valstress_genuine+phone,bongo_0607,0,0.002592
bilstm_frozen,clean,template,13,valstress_genuine+phone,bongo_0610,0,0.000941
bilstm_frozen,clean,template,13,valstress_genuine+phone,bongo_0634,0,0.001217
bilstm_frozen,clean,template,13,valstress_genuine+phone,bongo_0643,0,0.016748
bilstm_frozen,clean,template,13,valstress_genuine+phone,bongo_0672,0,0.003086
bilstm_frozen,clean,template,13,valstress_genuine+phone,bongo_0681,0,0.921744
bilstm_frozen,clean,template,13,valstress_genuine+phone,bongo_0693,0,0.000490
bilstm_frozen,clean,template,13,valstress_genuine+phone,bongo_0694,0,0.002612
bilstm_frozen,clean,template,13,valstress_genuine+phone,bongo_0726,0,0.761688
bilstm_frozen,clean,template,13,valstress_genuine+phone,bongo_0742,0,0.839184
bilstm_frozen,clean,template,13,valstress_genuine+phone,bongo_0752,0,0.006804
bilstm_frozen,clean,template,13,valstress_genuine+phone,bongo_0754,0,0.000760
bilstm_frozen,clean,template,13,valstress_genuine+phone,bongo_0805,0,0.953402
bilstm_frozen,clean,template,13,valstress_genuine+phone,bongo_0809,0,0.001824
bilstm_frozen,clean,template,13,valstress_genuine+phone,bongo_0833,0,0.984959
bilstm_frozen,clean,template,13,valstress_genuine+phone,bongo_0919,0,0.966898
bilstm_frozen,clean,template,13,valstress_genuine+phone,bongo_0922,0,0.031737
bilstm_frozen,clean,template,13,valstress_genuine+phone,bongo_0973,0,0.842202
bilstm_frozen,clean,template,13,valstress_genuine+phone,bongo_0988,0,0.584731
bilstm_frozen,clean,template,13,valstress_genuine+phone,bongo_0992,0,0.962130
bilstm_frozen,clean,template,13,valstress_genuine+phone,bongo_1039,0,0.000558
bilstm_frozen,clean,template,13,valstress_genuine+phone,bongo_1044,0,0.000271
bilstm_frozen,clean,template,13,valstress_genuine+phone,bongo_1082,0,0.008853
bilstm_frozen,clean,template,13,valstress_genuine+phone,bongo_1099,0,0.002833
bilstm_frozen,clean,template,13,valstress_genuine+phone,bongo_1108,0,0.927368
bilstm_frozen,clean,template,13,valstress_genuine+phone,bongo_1109,0,0.003066
bilstm_frozen,clean,template,13,valstress_genuine+phone,bongo_1120,0,0.000267
bilstm_frozen,clean,template,13,valstress_genuine+phone,bongo_1124,0,0.927144
bilstm_frozen,clean,template,13,valstress_genuine+phone,bongo_1145,0,0.125235
bilstm_frozen,clean,template,13,valstress_genuine+phone,bongo_1153,0,0.000717
bilstm_frozen,clean,template,13,valstress_genuine+phone,bongo_1161,0,0.003808
bilstm_frozen,clean,template,13,valstress_genuine+phone,bongo_1162,0,0.027906
bilstm_frozen,clean,template,13,valstress_genuine+phone,bongo_1212,0,0.897268
bilstm_frozen,clean,template,13,valstress_genuine+phone,bongo_1216,0,0.002095
bilstm_frozen,clean,template,13,valstress_genuine+phone,bongo_1265,0,0.946110
bilstm_frozen,clean,template,13,valstress_genuine+phone,bongo_1272,0,0.007274
bilstm_frozen,clean,template,13,valstress_genuine+phone,bongo_1275,0,0.987074
bilstm_frozen,clean,template,13,valstress_genuine+phone,bongo_1296,0,0.000255
bilstm_frozen,clean,template,13,valstress_genuine+phone,bongo_1328,0,0.005176
bilstm_frozen,clean,template,13,valstress_genuine+phone,bongo_1335,0,0.025602
bilstm_frozen,clean,template,13,valstress_genuine+phone,bongo_1341,0,0.001990
bilstm_frozen,clean,template,13,valstress_genuine+phone,bongo_1349,0,0.002169
bilstm_frozen,clean,template,13,valstress_genuine+phone,bongo_1360,0,0.001473
bilstm_frozen,clean,template,13,valstress_genuine+amount,bongo_0008,0,0.001151
bilstm_frozen,clean,template,13,valstress_genuine+amount,bongo_0033,0,0.943911
bilstm_frozen,clean,template,13,valstress_genuine+amount,bongo_0063,0,0.002986
bilstm_frozen,clean,template,13,valstress_genuine+amount,bongo_0065,0,0.000944
bilstm_frozen,clean,template,13,valstress_genuine+amount,bongo_0076,0,0.000783
bilstm_frozen,clean,template,13,valstress_genuine+amount,bongo_0081,0,0.000602
bilstm_frozen,clean,template,13,valstress_genuine+amount,bongo_0095,0,0.000202
bilstm_frozen,clean,template,13,valstress_genuine+amount,bongo_0105,0,0.000328
bilstm_frozen,clean,template,13,valstress_genuine+amount,bongo_0111,0,0.982963
bilstm_frozen,clean,template,13,valstress_genuine+amount,bongo_0121,0,0.000784
bilstm_frozen,clean,template,13,valstress_genuine+amount,bongo_0127,0,0.000155
bilstm_frozen,clean,template,13,valstress_genuine+amount,bongo_0145,0,0.000806
bilstm_frozen,clean,template,13,valstress_genuine+amount,bongo_0148,0,0.424649
bilstm_frozen,clean,template,13,valstress_genuine+amount,bongo_0186,0,0.000405
bilstm_frozen,clean,template,13,valstress_genuine+amount,bongo_0191,0,0.982791
bilstm_frozen,clean,template,13,valstress_genuine+amount,bongo_0264,0,0.001645
bilstm_frozen,clean,template,13,valstress_genuine+amount,bongo_0275,0,0.000710
bilstm_frozen,clean,template,13,valstress_genuine+amount,bongo_0393,0,0.000716
bilstm_frozen,clean,template,13,valstress_genuine+amount,bongo_0410,0,0.001628
bilstm_frozen,clean,template,13,valstress_genuine+amount,bongo_0411,0,0.000802
bilstm_frozen,clean,template,13,valstress_genuine+amount,bongo_0426,0,0.001517
bilstm_frozen,clean,template,13,valstress_genuine+amount,bongo_0430,0,0.972288
bilstm_frozen,clean,template,13,valstress_genuine+amount,bongo_0495,0,0.003154
bilstm_frozen,clean,template,13,valstress_genuine+amount,bongo_0548,0,0.000541
bilstm_frozen,clean,template,13,valstress_genuine+amount,bongo_0561,0,0.003068
bilstm_frozen,clean,template,13,valstress_genuine+amount,bongo_0563,0,0.000419
bilstm_frozen,clean,template,13,valstress_genuine+amount,bongo_0581,0,0.000635
bilstm_frozen,clean,template,13,valstress_genuine+amount,bongo_0593,0,0.001165
bilstm_frozen,clean,template,13,valstress_genuine+amount,bongo_0607,0,0.000794
bilstm_frozen,clean,template,13,valstress_genuine+amount,bongo_0610,0,0.000871
bilstm_frozen,clean,template,13,valstress_genuine+amount,bongo_0634,0,0.000802
bilstm_frozen,clean,template,13,valstress_genuine+amount,bongo_0643,0,0.001119
bilstm_frozen,clean,template,13,valstress_genuine+amount,bongo_0672,0,0.001295
bilstm_frozen,clean,template,13,valstress_genuine+amount,bongo_0681,0,0.017579
bilstm_frozen,clean,template,13,valstress_genuine+amount,bongo_0693,0,0.000429
bilstm_frozen,clean,template,13,valstress_genuine+amount,bongo_0694,0,0.001881
bilstm_frozen,clean,template,13,valstress_genuine+amount,bongo_0726,0,0.122384
bilstm_frozen,clean,template,13,valstress_genuine+amount,bongo_0742,0,0.000424
bilstm_frozen,clean,template,13,valstress_genuine+amount,bongo_0752,0,0.000984
bilstm_frozen,clean,template,13,valstress_genuine+amount,bongo_0754,0,0.000707
bilstm_frozen,clean,template,13,valstress_genuine+amount,bongo_0805,0,0.949817
bilstm_frozen,clean,template,13,valstress_genuine+amount,bongo_0809,0,0.001699
bilstm_frozen,clean,template,13,valstress_genuine+amount,bongo_0833,0,0.983796
bilstm_frozen,clean,template,13,valstress_genuine+amount,bongo_0919,0,0.001523
bilstm_frozen,clean,template,13,valstress_genuine+amount,bongo_0922,0,0.001442
bilstm_frozen,clean,template,13,valstress_genuine+amount,bongo_0973,0,0.002639
bilstm_frozen,clean,template,13,valstress_genuine+amount,bongo_0988,0,0.011383
bilstm_frozen,clean,template,13,valstress_genuine+amount,bongo_0992,0,0.905924
bilstm_frozen,clean,template,13,valstress_genuine+amount,bongo_1039,0,0.000405
bilstm_frozen,clean,template,13,valstress_genuine+amount,bongo_1044,0,0.000236
bilstm_frozen,clean,template,13,valstress_genuine+amount,bongo_1082,0,0.007129
bilstm_frozen,clean,template,13,valstress_genuine+amount,bongo_1099,0,0.001562
bilstm_frozen,clean,template,13,valstress_genuine+amount,bongo_1108,0,0.000817
bilstm_frozen,clean,template,13,valstress_genuine+amount,bongo_1109,0,0.000633
bilstm_frozen,clean,template,13,valstress_genuine+amount,bongo_1120,0,0.000248
bilstm_frozen,clean,template,13,valstress_genuine+amount,bongo_1124,0,0.000683
bilstm_frozen,clean,template,13,valstress_genuine+amount,bongo_1145,0,0.003833
bilstm_frozen,clean,template,13,valstress_genuine+amount,bongo_1153,0,0.000674
bilstm_frozen,clean,template,13,valstress_genuine+amount,bongo_1161,0,0.002568
bilstm_frozen,clean,template,13,valstress_genuine+amount,bongo_1162,0,0.022737
bilstm_frozen,clean,template,13,valstress_genuine+amount,bongo_1212,0,0.000841
bilstm_frozen,clean,template,13,valstress_genuine+amount,bongo_1216,0,0.001468
bilstm_frozen,clean,template,13,valstress_genuine+amount,bongo_1265,0,0.942206
bilstm_frozen,clean,template,13,valstress_genuine+amount,bongo_1272,0,0.002633
bilstm_frozen,clean,template,13,valstress_genuine+amount,bongo_1275,0,0.981304
bilstm_frozen,clean,template,13,valstress_genuine+amount,bongo_1296,0,0.000235
bilstm_frozen,clean,template,13,valstress_genuine+amount,bongo_1328,0,0.000868
bilstm_frozen,clean,template,13,valstress_genuine+amount,bongo_1335,0,0.020570
bilstm_frozen,clean,template,13,valstress_genuine+amount,bongo_1341,0,0.000946
bilstm_frozen,clean,template,13,valstress_genuine+amount,bongo_1349,0,0.000705
bilstm_frozen,clean,template,13,valstress_genuine+amount,bongo_1360,0,0.000776
bilstm_frozen,clean,template,13,valstress_scam-number,bongo_0004,1,0.999811
bilstm_frozen,clean,template,13,valstress_scam-number,bongo_0031,1,0.999812
bilstm_frozen,clean,template,13,valstress_scam-number,bongo_0036,1,0.998478
bilstm_frozen,clean,template,13,valstress_scam-number,bongo_0046,1,0.999807
bilstm_frozen,clean,template,13,valstress_scam-number,bongo_0052,1,0.999697
bilstm_frozen,clean,template,13,valstress_scam-number,bongo_0057,1,0.998735
bilstm_frozen,clean,template,13,valstress_scam-number,bongo_0088,1,0.999494
bilstm_frozen,clean,template,13,valstress_scam-number,bongo_0089,1,0.999812
bilstm_frozen,clean,template,13,valstress_scam-number,bongo_0101,1,0.997154
bilstm_frozen,clean,template,13,valstress_scam-number,bongo_0102,1,0.999852
bilstm_frozen,clean,template,13,valstress_scam-number,bongo_0120,1,0.999812
bilstm_frozen,clean,template,13,valstress_scam-number,bongo_0210,1,0.996482
bilstm_frozen,clean,template,13,valstress_scam-number,bongo_0226,1,0.999811
bilstm_frozen,clean,template,13,valstress_scam-number,bongo_0228,1,0.999812
bilstm_frozen,clean,template,13,valstress_scam-number,bongo_0235,1,0.999812
bilstm_frozen,clean,template,13,valstress_scam-number,bongo_0243,1,0.999698
bilstm_frozen,clean,template,13,valstress_scam-number,bongo_0247,1,0.999635
bilstm_frozen,clean,template,13,valstress_scam-number,bongo_0248,1,0.999853
bilstm_frozen,clean,template,13,valstress_scam-number,bongo_0278,1,0.999718
bilstm_frozen,clean,template,13,valstress_scam-number,bongo_0312,1,0.999812
bilstm_frozen,clean,template,13,valstress_scam-number,bongo_0315,1,0.999327
bilstm_frozen,clean,template,13,valstress_scam-number,bongo_0319,1,0.999771
bilstm_frozen,clean,template,13,valstress_scam-number,bongo_0353,1,0.999649
bilstm_frozen,clean,template,13,valstress_scam-number,bongo_0370,1,0.998614
bilstm_frozen,clean,template,13,valstress_scam-number,bongo_0377,1,0.998156
bilstm_frozen,clean,template,13,valstress_scam-number,bongo_0403,1,0.999846
bilstm_frozen,clean,template,13,valstress_scam-number,bongo_0438,1,0.998065
bilstm_frozen,clean,template,13,valstress_scam-number,bongo_0451,1,0.998892
bilstm_frozen,clean,template,13,valstress_scam-number,bongo_0455,1,0.999263
bilstm_frozen,clean,template,13,valstress_scam-number,bongo_0466,1,0.999493
bilstm_frozen,clean,template,13,valstress_scam-number,bongo_0499,1,0.999854
bilstm_frozen,clean,template,13,valstress_scam-number,bongo_0502,1,0.999404
bilstm_frozen,clean,template,13,valstress_scam-number,bongo_0556,1,0.999446
bilstm_frozen,clean,template,13,valstress_scam-number,bongo_0557,1,0.999405
bilstm_frozen,clean,template,13,valstress_scam-number,bongo_0570,1,0.999811
bilstm_frozen,clean,template,13,valstress_scam-number,bongo_0587,1,0.999405
bilstm_frozen,clean,template,13,valstress_scam-number,bongo_0632,1,0.999769
bilstm_frozen,clean,template,13,valstress_scam-number,bongo_0637,1,0.037181
bilstm_frozen,clean,template,13,valstress_scam-number,bongo_0666,1,0.999493
bilstm_frozen,clean,template,13,valstress_scam-number,bongo_0680,1,0.999074
bilstm_frozen,clean,template,13,valstress_scam-number,bongo_0698,1,0.999812
bilstm_frozen,clean,template,13,valstress_scam-number,bongo_0762,1,0.988944
bilstm_frozen,clean,template,13,valstress_scam-number,bongo_0764,1,0.999762
bilstm_frozen,clean,template,13,valstress_scam-number,bongo_0788,1,0.999700
bilstm_frozen,clean,template,13,valstress_scam-number,bongo_0811,1,0.999817
bilstm_frozen,clean,template,13,valstress_scam-number,bongo_0823,1,0.998030
bilstm_frozen,clean,template,13,valstress_scam-number,bongo_0827,1,0.999809
bilstm_frozen,clean,template,13,valstress_scam-number,bongo_0844,1,0.999813
bilstm_frozen,clean,template,13,valstress_scam-number,bongo_0869,1,0.999631
bilstm_frozen,clean,template,13,valstress_scam-number,bongo_0880,1,0.999695
bilstm_frozen,clean,template,13,valstress_scam-number,bongo_0886,1,0.998895
bilstm_frozen,clean,template,13,valstress_scam-number,bongo_0911,1,0.997398
bilstm_frozen,clean,template,13,valstress_scam-number,bongo_0921,1,0.999589
bilstm_frozen,clean,template,13,valstress_scam-number,bongo_0923,1,0.033678
bilstm_frozen,clean,template,13,valstress_scam-number,bongo_0943,1,0.999032
bilstm_frozen,clean,template,13,valstress_scam-number,bongo_0948,1,0.035206
bilstm_frozen,clean,template,13,valstress_scam-number,bongo_0949,1,0.998805
bilstm_frozen,clean,template,13,valstress_scam-number,bongo_0959,1,0.886847
bilstm_frozen,clean,template,13,valstress_scam-number,bongo_0961,1,0.998847
bilstm_frozen,clean,template,13,valstress_scam-number,bongo_1001,1,0.999772
bilstm_frozen,clean,template,13,valstress_scam-number,bongo_1028,1,0.999624
bilstm_frozen,clean,template,13,valstress_scam-number,bongo_1101,1,0.999458
bilstm_frozen,clean,template,13,valstress_scam-number,bongo_1130,1,0.999775
bilstm_frozen,clean,template,13,valstress_scam-number,bongo_1132,1,0.995709
bilstm_frozen,clean,template,13,valstress_scam-number,bongo_1137,1,0.030149
bilstm_frozen,clean,template,13,valstress_scam-number,bongo_1163,1,0.999361
bilstm_frozen,clean,template,13,valstress_scam-number,bongo_1166,1,0.999729
bilstm_frozen,clean,template,13,valstress_scam-number,bongo_1197,1,0.998206
bilstm_frozen,clean,template,13,valstress_scam-number,bongo_1203,1,0.999724
bilstm_frozen,clean,template,13,valstress_scam-number,bongo_1213,1,0.999017
bilstm_frozen,clean,template,13,valstress_scam-number,bongo_1247,1,0.997150
bilstm_frozen,clean,template,13,valstress_scam-number,bongo_1251,1,0.999813
bilstm_frozen,clean,template,13,valstress_scam-number,bongo_1257,1,0.998097
bilstm_frozen,clean,template,13,valstress_scam-number,bongo_1258,1,0.999811
bilstm_frozen,clean,template,13,valstress_scam-number,bongo_1299,1,0.995709
bilstm_frozen,clean,template,13,valstress_scam-number,bongo_1307,1,0.999435
bilstm_frozen,clean,template,13,ctrlall_lookalike,bongo_0029,0,0.863550
bilstm_frozen,clean,template,13,ctrlall_lookalike,bongo_0053,0,0.016556
bilstm_frozen,clean,template,13,ctrlall_lookalike,bongo_0097,0,0.948403
bilstm_frozen,clean,template,13,ctrlall_lookalike,bongo_0107,0,0.983482
bilstm_frozen,clean,template,13,ctrlall_lookalike,bongo_0110,0,0.000283
bilstm_frozen,clean,template,13,ctrlall_lookalike,bongo_0115,0,0.977261
bilstm_frozen,clean,template,13,ctrlall_lookalike,bongo_0143,0,0.001456
bilstm_frozen,clean,template,13,ctrlall_lookalike,bongo_0160,0,0.999773
bilstm_frozen,clean,template,13,ctrlall_lookalike,bongo_0172,0,0.975978
bilstm_frozen,clean,template,13,ctrlall_lookalike,bongo_0175,0,0.993264
bilstm_frozen,clean,template,13,ctrlall_lookalike,bongo_0182,0,0.001920
bilstm_frozen,clean,template,13,ctrlall_lookalike,bongo_0197,0,0.999833
bilstm_frozen,clean,template,13,ctrlall_lookalike,bongo_0253,0,0.996521
bilstm_frozen,clean,template,13,ctrlall_lookalike,bongo_0271,0,0.987553
bilstm_frozen,clean,template,13,ctrlall_lookalike,bongo_0300,0,0.981382
bilstm_frozen,clean,template,13,ctrlall_lookalike,bongo_0306,0,0.983252
bilstm_frozen,clean,template,13,ctrlall_lookalike,bongo_0363,0,0.968005
bilstm_frozen,clean,template,13,ctrlall_lookalike,bongo_0368,0,0.972822
bilstm_frozen,clean,template,13,ctrlall_lookalike,bongo_0372,0,0.958964
bilstm_frozen,clean,template,13,ctrlall_lookalike,bongo_0389,0,0.998246
bilstm_frozen,clean,template,13,ctrlall_lookalike,bongo_0395,0,0.000265
bilstm_frozen,clean,template,13,ctrlall_lookalike,bongo_0427,0,0.968871
bilstm_frozen,clean,template,13,ctrlall_lookalike,bongo_0463,0,0.123501
bilstm_frozen,clean,template,13,ctrlall_lookalike,bongo_0531,0,0.969833
bilstm_frozen,clean,template,13,ctrlall_lookalike,bongo_0542,0,0.999540
bilstm_frozen,clean,template,13,ctrlall_lookalike,bongo_0545,0,0.989489
bilstm_frozen,clean,template,13,ctrlall_lookalike,bongo_0571,0,0.145142
bilstm_frozen,clean,template,13,ctrlall_lookalike,bongo_0630,0,0.008502
bilstm_frozen,clean,template,13,ctrlall_lookalike,bongo_0648,0,0.630676
bilstm_frozen,clean,template,13,ctrlall_lookalike,bongo_0674,0,0.003603
bilstm_frozen,clean,template,13,ctrlall_lookalike,bongo_0685,0,0.978931
bilstm_frozen,clean,template,13,ctrlall_lookalike,bongo_0701,0,0.961908
bilstm_frozen,clean,template,13,ctrlall_lookalike,bongo_0741,0,0.996685
bilstm_frozen,clean,template,13,ctrlall_lookalike,bongo_0795,0,0.999634
bilstm_frozen,clean,template,13,ctrlall_lookalike,bongo_0818,0,0.214139
bilstm_frozen,clean,template,13,ctrlall_lookalike,bongo_0819,0,0.996720
bilstm_frozen,clean,template,13,ctrlall_lookalike,bongo_0835,0,0.990872
bilstm_frozen,clean,template,13,ctrlall_lookalike,bongo_0856,0,0.995786
bilstm_frozen,clean,template,13,ctrlall_lookalike,bongo_0872,0,0.970929
bilstm_frozen,clean,template,13,ctrlall_lookalike,bongo_0904,0,0.976711
bilstm_frozen,clean,template,13,ctrlall_lookalike,bongo_0950,0,0.001023
bilstm_frozen,clean,template,13,ctrlall_lookalike,bongo_0956,0,0.998766
bilstm_frozen,clean,template,13,ctrlall_lookalike,bongo_0971,0,0.998165
bilstm_frozen,clean,template,13,ctrlall_lookalike,bongo_0983,0,0.990255
bilstm_frozen,clean,template,13,ctrlall_lookalike,bongo_0994,0,0.974858
bilstm_frozen,clean,template,13,ctrlall_lookalike,bongo_1006,0,0.998885
bilstm_frozen,clean,template,13,ctrlall_lookalike,bongo_1015,0,0.278010
bilstm_frozen,clean,template,13,ctrlall_lookalike,bongo_1037,0,0.991226
bilstm_frozen,clean,template,13,ctrlall_lookalike,bongo_1040,0,0.999673
bilstm_frozen,clean,template,13,ctrlall_lookalike,bongo_1050,0,0.994422
bilstm_frozen,clean,template,13,ctrlall_lookalike,bongo_1059,0,0.995209
bilstm_frozen,clean,template,13,ctrlall_lookalike,bongo_1071,0,0.992454
bilstm_frozen,clean,template,13,ctrlall_lookalike,bongo_1090,0,0.000363
bilstm_frozen,clean,template,13,ctrlall_lookalike,bongo_1115,0,0.996478
bilstm_frozen,clean,template,13,ctrlall_lookalike,bongo_1123,0,0.950252
bilstm_frozen,clean,template,13,ctrlall_lookalike,bongo_1125,0,0.955438
bilstm_frozen,clean,template,13,ctrlall_lookalike,bongo_1135,0,0.992400
bilstm_frozen,clean,template,13,ctrlall_lookalike,bongo_1155,0,0.991462
bilstm_frozen,clean,template,13,ctrlall_lookalike,bongo_1194,0,0.003749
bilstm_frozen,clean,template,13,ctrlall_lookalike,bongo_1198,0,0.017311
bilstm_frozen,clean,template,13,ctrlall_lookalike,bongo_1236,0,0.968680
bilstm_frozen,clean,template,13,ctrlall_lookalike,bongo_1244,0,0.999827
bilstm_frozen,clean,template,13,ctrlall_lookalike,bongo_1249,0,0.037309
bilstm_frozen,clean,template,13,ctrlall_lookalike,bongo_1253,0,0.999574
bilstm_frozen,clean,template,13,ctrlall_lookalike,bongo_1260,0,0.995483
bilstm_frozen,clean,template,13,ctrlall_lookalike,bongo_1262,0,0.996953
bilstm_frozen,clean,template,13,ctrlall_lookalike,bongo_1285,0,0.999303
bilstm_frozen,clean,template,13,ctrlall_lookalike,bongo_1316,0,0.001438
bilstm_frozen,clean,template,13,ctrlall_lookalike,bongo_1330,0,0.022305
bilstm_frozen,clean,template,13,ctrlall_lookalike,bongo_1359,0,0.994433
bilstm_frozen,clean,template,13,ctrlall_lookalike,bongo_1375,0,0.975432
bilstm_frozen,clean,template,13,ctrlall_structural,bongo_0029,0,0.999698
bilstm_frozen,clean,template,13,ctrlall_structural,bongo_0053,0,0.999910
bilstm_frozen,clean,template,13,ctrlall_structural,bongo_0097,0,0.999933
bilstm_frozen,clean,template,13,ctrlall_structural,bongo_0107,0,0.999720
bilstm_frozen,clean,template,13,ctrlall_structural,bongo_0110,0,0.999474
bilstm_frozen,clean,template,13,ctrlall_structural,bongo_0115,0,0.999935
bilstm_frozen,clean,template,13,ctrlall_structural,bongo_0143,0,0.999906
bilstm_frozen,clean,template,13,ctrlall_structural,bongo_0160,0,0.999945
bilstm_frozen,clean,template,13,ctrlall_structural,bongo_0172,0,0.999960
bilstm_frozen,clean,template,13,ctrlall_structural,bongo_0175,0,0.999926
bilstm_frozen,clean,template,13,ctrlall_structural,bongo_0182,0,0.994356
bilstm_frozen,clean,template,13,ctrlall_structural,bongo_0197,0,0.999621
bilstm_frozen,clean,template,13,ctrlall_structural,bongo_0253,0,0.999913
bilstm_frozen,clean,template,13,ctrlall_structural,bongo_0271,0,0.999803
bilstm_frozen,clean,template,13,ctrlall_structural,bongo_0300,0,0.996381
bilstm_frozen,clean,template,13,ctrlall_structural,bongo_0306,0,0.999777
bilstm_frozen,clean,template,13,ctrlall_structural,bongo_0363,0,0.999835
bilstm_frozen,clean,template,13,ctrlall_structural,bongo_0368,0,0.999932
bilstm_frozen,clean,template,13,ctrlall_structural,bongo_0372,0,0.999954
bilstm_frozen,clean,template,13,ctrlall_structural,bongo_0389,0,0.999926
bilstm_frozen,clean,template,13,ctrlall_structural,bongo_0395,0,0.999231
bilstm_frozen,clean,template,13,ctrlall_structural,bongo_0427,0,0.999948
bilstm_frozen,clean,template,13,ctrlall_structural,bongo_0463,0,0.995722
bilstm_frozen,clean,template,13,ctrlall_structural,bongo_0531,0,0.999307
bilstm_frozen,clean,template,13,ctrlall_structural,bongo_0542,0,0.999936
bilstm_frozen,clean,template,13,ctrlall_structural,bongo_0545,0,0.999900
bilstm_frozen,clean,template,13,ctrlall_structural,bongo_0571,0,0.999845
bilstm_frozen,clean,template,13,ctrlall_structural,bongo_0630,0,0.999927
bilstm_frozen,clean,template,13,ctrlall_structural,bongo_0648,0,0.999354
bilstm_frozen,clean,template,13,ctrlall_structural,bongo_0674,0,0.999715
bilstm_frozen,clean,template,13,ctrlall_structural,bongo_0685,0,0.999754
bilstm_frozen,clean,template,13,ctrlall_structural,bongo_0701,0,0.999295
bilstm_frozen,clean,template,13,ctrlall_structural,bongo_0741,0,0.999498
bilstm_frozen,clean,template,13,ctrlall_structural,bongo_0795,0,0.999227
bilstm_frozen,clean,template,13,ctrlall_structural,bongo_0818,0,0.999937
bilstm_frozen,clean,template,13,ctrlall_structural,bongo_0819,0,0.999898
bilstm_frozen,clean,template,13,ctrlall_structural,bongo_0835,0,0.999909
bilstm_frozen,clean,template,13,ctrlall_structural,bongo_0856,0,0.999929
bilstm_frozen,clean,template,13,ctrlall_structural,bongo_0872,0,0.999629
bilstm_frozen,clean,template,13,ctrlall_structural,bongo_0904,0,0.999919
bilstm_frozen,clean,template,13,ctrlall_structural,bongo_0950,0,0.062384
bilstm_frozen,clean,template,13,ctrlall_structural,bongo_0956,0,0.999867
bilstm_frozen,clean,template,13,ctrlall_structural,bongo_0971,0,0.999950
bilstm_frozen,clean,template,13,ctrlall_structural,bongo_0983,0,0.999938
bilstm_frozen,clean,template,13,ctrlall_structural,bongo_0994,0,0.999617
bilstm_frozen,clean,template,13,ctrlall_structural,bongo_1006,0,0.995976
bilstm_frozen,clean,template,13,ctrlall_structural,bongo_1015,0,0.999974
bilstm_frozen,clean,template,13,ctrlall_structural,bongo_1037,0,0.999788
bilstm_frozen,clean,template,13,ctrlall_structural,bongo_1040,0,0.999949
bilstm_frozen,clean,template,13,ctrlall_structural,bongo_1050,0,0.999895
bilstm_frozen,clean,template,13,ctrlall_structural,bongo_1059,0,0.999895
bilstm_frozen,clean,template,13,ctrlall_structural,bongo_1071,0,0.999881
bilstm_frozen,clean,template,13,ctrlall_structural,bongo_1090,0,0.999382
bilstm_frozen,clean,template,13,ctrlall_structural,bongo_1115,0,0.999916
bilstm_frozen,clean,template,13,ctrlall_structural,bongo_1123,0,0.999929
bilstm_frozen,clean,template,13,ctrlall_structural,bongo_1125,0,0.999720
bilstm_frozen,clean,template,13,ctrlall_structural,bongo_1135,0,0.999939
bilstm_frozen,clean,template,13,ctrlall_structural,bongo_1155,0,0.999833
bilstm_frozen,clean,template,13,ctrlall_structural,bongo_1194,0,0.999661
bilstm_frozen,clean,template,13,ctrlall_structural,bongo_1198,0,0.999825
bilstm_frozen,clean,template,13,ctrlall_structural,bongo_1236,0,0.998347
bilstm_frozen,clean,template,13,ctrlall_structural,bongo_1244,0,0.999973
bilstm_frozen,clean,template,13,ctrlall_structural,bongo_1249,0,0.999982
bilstm_frozen,clean,template,13,ctrlall_structural,bongo_1253,0,0.999709
bilstm_frozen,clean,template,13,ctrlall_structural,bongo_1260,0,0.999940
bilstm_frozen,clean,template,13,ctrlall_structural,bongo_1262,0,0.999947
bilstm_frozen,clean,template,13,ctrlall_structural,bongo_1285,0,0.999546
bilstm_frozen,clean,template,13,ctrlall_structural,bongo_1316,0,0.996964
bilstm_frozen,clean,template,13,ctrlall_structural,bongo_1330,0,0.154833
bilstm_frozen,clean,template,13,ctrlall_structural,bongo_1359,0,0.999693
bilstm_frozen,clean,template,13,ctrlall_structural,bongo_1375,0,0.999562
bilstm_frozen,clean,template,13,ctrlall_codeswitch,bongo_0029,0,0.015926
bilstm_frozen,clean,template,13,ctrlall_codeswitch,bongo_0053,0,0.000273
bilstm_frozen,clean,template,13,ctrlall_codeswitch,bongo_0097,0,0.002539
bilstm_frozen,clean,template,13,ctrlall_codeswitch,bongo_0107,0,0.000084
bilstm_frozen,clean,template,13,ctrlall_codeswitch,bongo_0110,0,0.000055
bilstm_frozen,clean,template,13,ctrlall_codeswitch,bongo_0115,0,0.005952
bilstm_frozen,clean,template,13,ctrlall_codeswitch,bongo_0143,0,0.000372
bilstm_frozen,clean,template,13,ctrlall_codeswitch,bongo_0160,0,0.000164
bilstm_frozen,clean,template,13,ctrlall_codeswitch,bongo_0172,0,0.815569
bilstm_frozen,clean,template,13,ctrlall_codeswitch,bongo_0175,0,0.000740
bilstm_frozen,clean,template,13,ctrlall_codeswitch,bongo_0182,0,0.000291
bilstm_frozen,clean,template,13,ctrlall_codeswitch,bongo_0197,0,0.000188
bilstm_frozen,clean,template,13,ctrlall_codeswitch,bongo_0253,0,0.000316
bilstm_frozen,clean,template,13,ctrlall_codeswitch,bongo_0271,0,0.000251
bilstm_frozen,clean,template,13,ctrlall_codeswitch,bongo_0300,0,0.000185
bilstm_frozen,clean,template,13,ctrlall_codeswitch,bongo_0306,0,0.000268
bilstm_frozen,clean,template,13,ctrlall_codeswitch,bongo_0363,0,0.000221
bilstm_frozen,clean,template,13,ctrlall_codeswitch,bongo_0368,0,0.002742
bilstm_frozen,clean,template,13,ctrlall_codeswitch,bongo_0372,0,0.000265
bilstm_frozen,clean,template,13,ctrlall_codeswitch,bongo_0389,0,0.000266
bilstm_frozen,clean,template,13,ctrlall_codeswitch,bongo_0395,0,0.000543
bilstm_frozen,clean,template,13,ctrlall_codeswitch,bongo_0427,0,0.010184
bilstm_frozen,clean,template,13,ctrlall_codeswitch,bongo_0463,0,0.000940
bilstm_frozen,clean,template,13,ctrlall_codeswitch,bongo_0531,0,0.000346
bilstm_frozen,clean,template,13,ctrlall_codeswitch,bongo_0542,0,0.000385
bilstm_frozen,clean,template,13,ctrlall_codeswitch,bongo_0545,0,0.000391
bilstm_frozen,clean,template,13,ctrlall_codeswitch,bongo_0571,0,0.000196
bilstm_frozen,clean,template,13,ctrlall_codeswitch,bongo_0630,0,0.000365
bilstm_frozen,clean,template,13,ctrlall_codeswitch,bongo_0648,0,0.021890
bilstm_frozen,clean,template,13,ctrlall_codeswitch,bongo_0674,0,0.000081
bilstm_frozen,clean,template,13,ctrlall_codeswitch,bongo_0685,0,0.106829
bilstm_frozen,clean,template,13,ctrlall_codeswitch,bongo_0701,0,0.000252
bilstm_frozen,clean,template,13,ctrlall_codeswitch,bongo_0741,0,0.000236
bilstm_frozen,clean,template,13,ctrlall_codeswitch,bongo_0795,0,0.000643
bilstm_frozen,clean,template,13,ctrlall_codeswitch,bongo_0818,0,0.007304
bilstm_frozen,clean,template,13,ctrlall_codeswitch,bongo_0819,0,0.000527
bilstm_frozen,clean,template,13,ctrlall_codeswitch,bongo_0835,0,0.000150
bilstm_frozen,clean,template,13,ctrlall_codeswitch,bongo_0856,0,0.000250
bilstm_frozen,clean,template,13,ctrlall_codeswitch,bongo_0872,0,0.003597
bilstm_frozen,clean,template,13,ctrlall_codeswitch,bongo_0904,0,0.003177
bilstm_frozen,clean,template,13,ctrlall_codeswitch,bongo_0950,0,0.000178
bilstm_frozen,clean,template,13,ctrlall_codeswitch,bongo_0956,0,0.000249
bilstm_frozen,clean,template,13,ctrlall_codeswitch,bongo_0971,0,0.000220
bilstm_frozen,clean,template,13,ctrlall_codeswitch,bongo_0983,0,0.000463
bilstm_frozen,clean,template,13,ctrlall_codeswitch,bongo_0994,0,0.003992
bilstm_frozen,clean,template,13,ctrlall_codeswitch,bongo_1006,0,0.000371
bilstm_frozen,clean,template,13,ctrlall_codeswitch,bongo_1015,0,0.000557
bilstm_frozen,clean,template,13,ctrlall_codeswitch,bongo_1037,0,0.000614
bilstm_frozen,clean,template,13,ctrlall_codeswitch,bongo_1040,0,0.000300
bilstm_frozen,clean,template,13,ctrlall_codeswitch,bongo_1050,0,0.000802
bilstm_frozen,clean,template,13,ctrlall_codeswitch,bongo_1059,0,0.000744
bilstm_frozen,clean,template,13,ctrlall_codeswitch,bongo_1071,0,0.000295
bilstm_frozen,clean,template,13,ctrlall_codeswitch,bongo_1090,0,0.000170
bilstm_frozen,clean,template,13,ctrlall_codeswitch,bongo_1115,0,0.000232
bilstm_frozen,clean,template,13,ctrlall_codeswitch,bongo_1123,0,0.000238
bilstm_frozen,clean,template,13,ctrlall_codeswitch,bongo_1125,0,0.012666
bilstm_frozen,clean,template,13,ctrlall_codeswitch,bongo_1135,0,0.001657
bilstm_frozen,clean,template,13,ctrlall_codeswitch,bongo_1155,0,0.000215
bilstm_frozen,clean,template,13,ctrlall_codeswitch,bongo_1194,0,0.000869
bilstm_frozen,clean,template,13,ctrlall_codeswitch,bongo_1198,0,0.000356
bilstm_frozen,clean,template,13,ctrlall_codeswitch,bongo_1236,0,0.000282
bilstm_frozen,clean,template,13,ctrlall_codeswitch,bongo_1244,0,0.001438
bilstm_frozen,clean,template,13,ctrlall_codeswitch,bongo_1249,0,0.000533
bilstm_frozen,clean,template,13,ctrlall_codeswitch,bongo_1253,0,0.910899
bilstm_frozen,clean,template,13,ctrlall_codeswitch,bongo_1260,0,0.000234
bilstm_frozen,clean,template,13,ctrlall_codeswitch,bongo_1262,0,0.765511
bilstm_frozen,clean,template,13,ctrlall_codeswitch,bongo_1285,0,0.000243
bilstm_frozen,clean,template,13,ctrlall_codeswitch,bongo_1316,0,0.000311
bilstm_frozen,clean,template,13,ctrlall_codeswitch,bongo_1330,0,0.044616
bilstm_frozen,clean,template,13,ctrlall_codeswitch,bongo_1359,0,0.001260
bilstm_frozen,clean,template,13,ctrlall_codeswitch,bongo_1375,0,0.000302
bilstm_frozen,clean,template,13,test_xatk_lookalike_all,bongo_0025,1,0.999412
bilstm_frozen,clean,template,13,test_xatk_lookalike_all,bongo_0029,0,0.015926
bilstm_frozen,clean,template,13,test_xatk_lookalike_all,bongo_0039,1,0.999418
bilstm_frozen,clean,template,13,test_xatk_lookalike_all,bongo_0047,1,0.999598
bilstm_frozen,clean,template,13,test_xatk_lookalike_all,bongo_0053,0,0.000213
bilstm_frozen,clean,template,13,test_xatk_lookalike_all,bongo_0055,1,0.001365
bilstm_frozen,clean,template,13,test_xatk_lookalike_all,bongo_0061,1,0.998573
bilstm_frozen,clean,template,13,test_xatk_lookalike_all,bongo_0097,0,0.001308
bilstm_frozen,clean,template,13,test_xatk_lookalike_all,bongo_0107,0,0.000084
bilstm_frozen,clean,template,13,test_xatk_lookalike_all,bongo_0110,0,0.000055
bilstm_frozen,clean,template,13,test_xatk_lookalike_all,bongo_0112,1,0.001370
bilstm_frozen,clean,template,13,test_xatk_lookalike_all,bongo_0115,0,0.002955
bilstm_frozen,clean,template,13,test_xatk_lookalike_all,bongo_0143,0,0.000372
bilstm_frozen,clean,template,13,test_xatk_lookalike_all,bongo_0146,1,0.999782
bilstm_frozen,clean,template,13,test_xatk_lookalike_all,bongo_0154,1,0.999467
bilstm_frozen,clean,template,13,test_xatk_lookalike_all,bongo_0159,1,0.001374
bilstm_frozen,clean,template,13,test_xatk_lookalike_all,bongo_0160,0,0.000164
bilstm_frozen,clean,template,13,test_xatk_lookalike_all,bongo_0172,0,0.782687
bilstm_frozen,clean,template,13,test_xatk_lookalike_all,bongo_0173,1,0.000323
bilstm_frozen,clean,template,13,test_xatk_lookalike_all,bongo_0175,0,0.000740
bilstm_frozen,clean,template,13,test_xatk_lookalike_all,bongo_0182,0,0.000291
bilstm_frozen,clean,template,13,test_xatk_lookalike_all,bongo_0195,1,0.999632
bilstm_frozen,clean,template,13,test_xatk_lookalike_all,bongo_0197,0,0.000188
bilstm_frozen,clean,template,13,test_xatk_lookalike_all,bongo_0201,1,0.992516
bilstm_frozen,clean,template,13,test_xatk_lookalike_all,bongo_0203,1,0.993024
bilstm_frozen,clean,template,13,test_xatk_lookalike_all,bongo_0250,1,0.001345
bilstm_frozen,clean,template,13,test_xatk_lookalike_all,bongo_0253,0,0.000316
bilstm_frozen,clean,template,13,test_xatk_lookalike_all,bongo_0255,1,0.001381
bilstm_frozen,clean,template,13,test_xatk_lookalike_all,bongo_0265,1,0.000371
bilstm_frozen,clean,template,13,test_xatk_lookalike_all,bongo_0271,0,0.000251
bilstm_frozen,clean,template,13,test_xatk_lookalike_all,bongo_0300,0,0.000185
bilstm_frozen,clean,template,13,test_xatk_lookalike_all,bongo_0306,0,0.000268
bilstm_frozen,clean,template,13,test_xatk_lookalike_all,bongo_0356,1,0.001357
bilstm_frozen,clean,template,13,test_xatk_lookalike_all,bongo_0360,1,0.999494
bilstm_frozen,clean,template,13,test_xatk_lookalike_all,bongo_0361,1,0.996273
bilstm_frozen,clean,template,13,test_xatk_lookalike_all,bongo_0363,0,0.000221
bilstm_frozen,clean,template,13,test_xatk_lookalike_all,bongo_0368,0,0.001293
bilstm_frozen,clean,template,13,test_xatk_lookalike_all,bongo_0372,0,0.000265
bilstm_frozen,clean,template,13,test_xatk_lookalike_all,bongo_0380,1,0.001365
bilstm_frozen,clean,template,13,test_xatk_lookalike_all,bongo_0389,0,0.000257
bilstm_frozen,clean,template,13,test_xatk_lookalike_all,bongo_0395,0,0.000543
bilstm_frozen,clean,template,13,test_xatk_lookalike_all,bongo_0405,1,0.995632
bilstm_frozen,clean,template,13,test_xatk_lookalike_all,bongo_0424,1,0.999466
bilstm_frozen,clean,template,13,test_xatk_lookalike_all,bongo_0427,0,0.002924
bilstm_frozen,clean,template,13,test_xatk_lookalike_all,bongo_0434,1,0.001401
bilstm_frozen,clean,template,13,test_xatk_lookalike_all,bongo_0463,0,0.002949
bilstm_frozen,clean,template,13,test_xatk_lookalike_all,bongo_0476,1,0.989837
bilstm_frozen,clean,template,13,test_xatk_lookalike_all,bongo_0510,1,0.977285
bilstm_frozen,clean,template,13,test_xatk_lookalike_all,bongo_0531,0,0.000346
bilstm_frozen,clean,template,13,test_xatk_lookalike_all,bongo_0542,0,0.000385
bilstm_frozen,clean,template,13,test_xatk_lookalike_all,bongo_0545,0,0.000391
bilstm_frozen,clean,template,13,test_xatk_lookalike_all,bongo_0560,1,0.971527
bilstm_frozen,clean,template,13,test_xatk_lookalike_all,bongo_0565,1,0.001409
bilstm_frozen,clean,template,13,test_xatk_lookalike_all,bongo_0566,1,0.999853
bilstm_frozen,clean,template,13,test_xatk_lookalike_all,bongo_0571,0,0.000196
bilstm_frozen,clean,template,13,test_xatk_lookalike_all,bongo_0577,1,0.995525
bilstm_frozen,clean,template,13,test_xatk_lookalike_all,bongo_0580,1,0.993713
bilstm_frozen,clean,template,13,test_xatk_lookalike_all,bongo_0621,1,0.996118
bilstm_frozen,clean,template,13,test_xatk_lookalike_all,bongo_0624,1,0.999898
bilstm_frozen,clean,template,13,test_xatk_lookalike_all,bongo_0630,0,0.000365
bilstm_frozen,clean,template,13,test_xatk_lookalike_all,bongo_0638,1,0.999815
bilstm_frozen,clean,template,13,test_xatk_lookalike_all,bongo_0648,0,0.021890
bilstm_frozen,clean,template,13,test_xatk_lookalike_all,bongo_0674,0,0.000081
bilstm_frozen,clean,template,13,test_xatk_lookalike_all,bongo_0685,0,0.027571
bilstm_frozen,clean,template,13,test_xatk_lookalike_all,bongo_0697,1,0.001428
bilstm_frozen,clean,template,13,test_xatk_lookalike_all,bongo_0701,0,0.000252
bilstm_frozen,clean,template,13,test_xatk_lookalike_all,bongo_0706,1,0.001287
bilstm_frozen,clean,template,13,test_xatk_lookalike_all,bongo_0719,1,0.001438
bilstm_frozen,clean,template,13,test_xatk_lookalike_all,bongo_0721,1,0.998669
bilstm_frozen,clean,template,13,test_xatk_lookalike_all,bongo_0724,1,0.001435
bilstm_frozen,clean,template,13,test_xatk_lookalike_all,bongo_0729,1,0.999208
bilstm_frozen,clean,template,13,test_xatk_lookalike_all,bongo_0741,0,0.000234
bilstm_frozen,clean,template,13,test_xatk_lookalike_all,bongo_0749,1,0.001333
bilstm_frozen,clean,template,13,test_xatk_lookalike_all,bongo_0769,1,0.999198
bilstm_frozen,clean,template,13,test_xatk_lookalike_all,bongo_0770,1,0.001341
bilstm_frozen,clean,template,13,test_xatk_lookalike_all,bongo_0778,1,0.001259
bilstm_frozen,clean,template,13,test_xatk_lookalike_all,bongo_0787,1,0.999494
bilstm_frozen,clean,template,13,test_xatk_lookalike_all,bongo_0795,0,0.000643
bilstm_frozen,clean,template,13,test_xatk_lookalike_all,bongo_0806,1,0.001507
bilstm_frozen,clean,template,13,test_xatk_lookalike_all,bongo_0807,1,0.975943
bilstm_frozen,clean,template,13,test_xatk_lookalike_all,bongo_0818,0,0.007304
bilstm_frozen,clean,template,13,test_xatk_lookalike_all,bongo_0819,0,0.000527
bilstm_frozen,clean,template,13,test_xatk_lookalike_all,bongo_0835,0,0.000150
bilstm_frozen,clean,template,13,test_xatk_lookalike_all,bongo_0840,1,0.999494
bilstm_frozen,clean,template,13,test_xatk_lookalike_all,bongo_0855,1,0.001394
bilstm_frozen,clean,template,13,test_xatk_lookalike_all,bongo_0856,0,0.000250
bilstm_frozen,clean,template,13,test_xatk_lookalike_all,bongo_0864,1,0.999695
bilstm_frozen,clean,template,13,test_xatk_lookalike_all,bongo_0871,1,0.999853
bilstm_frozen,clean,template,13,test_xatk_lookalike_all,bongo_0872,0,0.001244
bilstm_frozen,clean,template,13,test_xatk_lookalike_all,bongo_0904,0,0.001511
bilstm_frozen,clean,template,13,test_xatk_lookalike_all,bongo_0905,1,0.999416
bilstm_frozen,clean,template,13,test_xatk_lookalike_all,bongo_0909,1,0.995477
bilstm_frozen,clean,template,13,test_xatk_lookalike_all,bongo_0917,1,0.001338
bilstm_frozen,clean,template,13,test_xatk_lookalike_all,bongo_0918,1,0.995248
bilstm_frozen,clean,template,13,test_xatk_lookalike_all,bongo_0950,0,0.000178
bilstm_frozen,clean,template,13,test_xatk_lookalike_all,bongo_0955,1,0.989638
bilstm_frozen,clean,template,13,test_xatk_lookalike_all,bongo_0956,0,0.000249
bilstm_frozen,clean,template,13,test_xatk_lookalike_all,bongo_0971,0,0.000220
bilstm_frozen,clean,template,13,test_xatk_lookalike_all,bongo_0983,0,0.000463
bilstm_frozen,clean,template,13,test_xatk_lookalike_all,bongo_0989,1,0.999858
bilstm_frozen,clean,template,13,test_xatk_lookalike_all,bongo_0994,0,0.002226
bilstm_frozen,clean,template,13,test_xatk_lookalike_all,bongo_1003,1,0.971480
bilstm_frozen,clean,template,13,test_xatk_lookalike_all,bongo_1006,0,0.000340
bilstm_frozen,clean,template,13,test_xatk_lookalike_all,bongo_1012,1,0.001345
bilstm_frozen,clean,template,13,test_xatk_lookalike_all,bongo_1015,0,0.000557
bilstm_frozen,clean,template,13,test_xatk_lookalike_all,bongo_1022,1,0.001405
bilstm_frozen,clean,template,13,test_xatk_lookalike_all,bongo_1037,0,0.000614
bilstm_frozen,clean,template,13,test_xatk_lookalike_all,bongo_1040,0,0.000300
bilstm_frozen,clean,template,13,test_xatk_lookalike_all,bongo_1042,1,0.973698
bilstm_frozen,clean,template,13,test_xatk_lookalike_all,bongo_1047,1,0.998115
bilstm_frozen,clean,template,13,test_xatk_lookalike_all,bongo_1050,0,0.000802
bilstm_frozen,clean,template,13,test_xatk_lookalike_all,bongo_1052,1,0.999477
bilstm_frozen,clean,template,13,test_xatk_lookalike_all,bongo_1059,0,0.000744
bilstm_frozen,clean,template,13,test_xatk_lookalike_all,bongo_1071,0,0.000295
bilstm_frozen,clean,template,13,test_xatk_lookalike_all,bongo_1090,0,0.000170
bilstm_frozen,clean,template,13,test_xatk_lookalike_all,bongo_1104,1,0.999909
bilstm_frozen,clean,template,13,test_xatk_lookalike_all,bongo_1115,0,0.000232
bilstm_frozen,clean,template,13,test_xatk_lookalike_all,bongo_1123,0,0.000238
bilstm_frozen,clean,template,13,test_xatk_lookalike_all,bongo_1125,0,0.012666
bilstm_frozen,clean,template,13,test_xatk_lookalike_all,bongo_1127,1,0.000304
bilstm_frozen,clean,template,13,test_xatk_lookalike_all,bongo_1131,1,0.996580
bilstm_frozen,clean,template,13,test_xatk_lookalike_all,bongo_1134,1,0.001289
bilstm_frozen,clean,template,13,test_xatk_lookalike_all,bongo_1135,0,0.001657
bilstm_frozen,clean,template,13,test_xatk_lookalike_all,bongo_1136,1,0.999398
bilstm_frozen,clean,template,13,test_xatk_lookalike_all,bongo_1138,1,0.999169
bilstm_frozen,clean,template,13,test_xatk_lookalike_all,bongo_1140,1,0.995660
bilstm_frozen,clean,template,13,test_xatk_lookalike_all,bongo_1154,1,0.985335
bilstm_frozen,clean,template,13,test_xatk_lookalike_all,bongo_1155,0,0.000215
bilstm_frozen,clean,template,13,test_xatk_lookalike_all,bongo_1171,1,0.976950
bilstm_frozen,clean,template,13,test_xatk_lookalike_all,bongo_1181,1,0.999440
bilstm_frozen,clean,template,13,test_xatk_lookalike_all,bongo_1185,1,0.001287
bilstm_frozen,clean,template,13,test_xatk_lookalike_all,bongo_1194,0,0.000869
bilstm_frozen,clean,template,13,test_xatk_lookalike_all,bongo_1195,1,0.001487
bilstm_frozen,clean,template,13,test_xatk_lookalike_all,bongo_1198,0,0.000356
bilstm_frozen,clean,template,13,test_xatk_lookalike_all,bongo_1204,1,0.001392
bilstm_frozen,clean,template,13,test_xatk_lookalike_all,bongo_1220,1,0.999696
bilstm_frozen,clean,template,13,test_xatk_lookalike_all,bongo_1233,1,0.999853
bilstm_frozen,clean,template,13,test_xatk_lookalike_all,bongo_1236,0,0.000282
bilstm_frozen,clean,template,13,test_xatk_lookalike_all,bongo_1240,1,0.001470
bilstm_frozen,clean,template,13,test_xatk_lookalike_all,bongo_1244,0,0.000697
bilstm_frozen,clean,template,13,test_xatk_lookalike_all,bongo_1249,0,0.000533
bilstm_frozen,clean,template,13,test_xatk_lookalike_all,bongo_1253,0,0.910899
bilstm_frozen,clean,template,13,test_xatk_lookalike_all,bongo_1260,0,0.000234
bilstm_frozen,clean,template,13,test_xatk_lookalike_all,bongo_1262,0,0.765511
bilstm_frozen,clean,template,13,test_xatk_lookalike_all,bongo_1278,1,0.001251
bilstm_frozen,clean,template,13,test_xatk_lookalike_all,bongo_1285,0,0.000243
bilstm_frozen,clean,template,13,test_xatk_lookalike_all,bongo_1293,1,0.999740
bilstm_frozen,clean,template,13,test_xatk_lookalike_all,bongo_1316,0,0.000311
bilstm_frozen,clean,template,13,test_xatk_lookalike_all,bongo_1327,1,0.001362
bilstm_frozen,clean,template,13,test_xatk_lookalike_all,bongo_1330,0,0.044616
bilstm_frozen,clean,template,13,test_xatk_lookalike_all,bongo_1359,0,0.001240
bilstm_frozen,clean,template,13,test_xatk_lookalike_all,bongo_1375,0,0.000302
bilstm_frozen,clean,template,13,test_xatk_structural_all,bongo_0025,1,0.999412
bilstm_frozen,clean,template,13,test_xatk_structural_all,bongo_0029,0,0.015926
bilstm_frozen,clean,template,13,test_xatk_structural_all,bongo_0039,1,0.999904
bilstm_frozen,clean,template,13,test_xatk_structural_all,bongo_0047,1,0.999598
bilstm_frozen,clean,template,13,test_xatk_structural_all,bongo_0053,0,0.000213
bilstm_frozen,clean,template,13,test_xatk_structural_all,bongo_0055,1,0.958731
bilstm_frozen,clean,template,13,test_xatk_structural_all,bongo_0061,1,0.999541
bilstm_frozen,clean,template,13,test_xatk_structural_all,bongo_0097,0,0.001308
bilstm_frozen,clean,template,13,test_xatk_structural_all,bongo_0107,0,0.000084
bilstm_frozen,clean,template,13,test_xatk_structural_all,bongo_0110,0,0.000055
bilstm_frozen,clean,template,13,test_xatk_structural_all,bongo_0112,1,0.955229
bilstm_frozen,clean,template,13,test_xatk_structural_all,bongo_0115,0,0.002955
bilstm_frozen,clean,template,13,test_xatk_structural_all,bongo_0143,0,0.000372
bilstm_frozen,clean,template,13,test_xatk_structural_all,bongo_0146,1,0.999782
bilstm_frozen,clean,template,13,test_xatk_structural_all,bongo_0154,1,0.999467
bilstm_frozen,clean,template,13,test_xatk_structural_all,bongo_0159,1,0.959334
bilstm_frozen,clean,template,13,test_xatk_structural_all,bongo_0160,0,0.000164
bilstm_frozen,clean,template,13,test_xatk_structural_all,bongo_0172,0,0.782687
bilstm_frozen,clean,template,13,test_xatk_structural_all,bongo_0173,1,0.946555
bilstm_frozen,clean,template,13,test_xatk_structural_all,bongo_0175,0,0.000740
bilstm_frozen,clean,template,13,test_xatk_structural_all,bongo_0182,0,0.000291
bilstm_frozen,clean,template,13,test_xatk_structural_all,bongo_0195,1,0.999803
bilstm_frozen,clean,template,13,test_xatk_structural_all,bongo_0197,0,0.000188
bilstm_frozen,clean,template,13,test_xatk_structural_all,bongo_0201,1,0.999871
bilstm_frozen,clean,template,13,test_xatk_structural_all,bongo_0203,1,0.999865
bilstm_frozen,clean,template,13,test_xatk_structural_all,bongo_0250,1,0.955633
bilstm_frozen,clean,template,13,test_xatk_structural_all,bongo_0253,0,0.000316
bilstm_frozen,clean,template,13,test_xatk_structural_all,bongo_0255,1,0.958541
bilstm_frozen,clean,template,13,test_xatk_structural_all,bongo_0265,1,0.938238
bilstm_frozen,clean,template,13,test_xatk_structural_all,bongo_0271,0,0.000251
bilstm_frozen,clean,template,13,test_xatk_structural_all,bongo_0300,0,0.000185
bilstm_frozen,clean,template,13,test_xatk_structural_all,bongo_0306,0,0.000268
bilstm_frozen,clean,template,13,test_xatk_structural_all,bongo_0356,1,0.955022
bilstm_frozen,clean,template,13,test_xatk_structural_all,bongo_0360,1,0.999494
bilstm_frozen,clean,template,13,test_xatk_structural_all,bongo_0361,1,0.999768
bilstm_frozen,clean,template,13,test_xatk_structural_all,bongo_0363,0,0.000221
bilstm_frozen,clean,template,13,test_xatk_structural_all,bongo_0368,0,0.001293
bilstm_frozen,clean,template,13,test_xatk_structural_all,bongo_0372,0,0.000265
bilstm_frozen,clean,template,13,test_xatk_structural_all,bongo_0380,1,0.958898
bilstm_frozen,clean,template,13,test_xatk_structural_all,bongo_0389,0,0.000257
bilstm_frozen,clean,template,13,test_xatk_structural_all,bongo_0395,0,0.000543
bilstm_frozen,clean,template,13,test_xatk_structural_all,bongo_0405,1,0.999783
bilstm_frozen,clean,template,13,test_xatk_structural_all,bongo_0424,1,0.999750
bilstm_frozen,clean,template,13,test_xatk_structural_all,bongo_0427,0,0.002924
bilstm_frozen,clean,template,13,test_xatk_structural_all,bongo_0434,1,0.959377
bilstm_frozen,clean,template,13,test_xatk_structural_all,bongo_0463,0,0.002949
bilstm_frozen,clean,template,13,test_xatk_structural_all,bongo_0476,1,0.999850
bilstm_frozen,clean,template,13,test_xatk_structural_all,bongo_0510,1,0.999879
bilstm_frozen,clean,template,13,test_xatk_structural_all,bongo_0531,0,0.000346
bilstm_frozen,clean,template,13,test_xatk_structural_all,bongo_0542,0,0.000385
bilstm_frozen,clean,template,13,test_xatk_structural_all,bongo_0545,0,0.000391
bilstm_frozen,clean,template,13,test_xatk_structural_all,bongo_0560,1,0.971527
bilstm_frozen,clean,template,13,test_xatk_structural_all,bongo_0565,1,0.955032
bilstm_frozen,clean,template,13,test_xatk_structural_all,bongo_0566,1,0.999853
bilstm_frozen,clean,template,13,test_xatk_structural_all,bongo_0571,0,0.000196
bilstm_frozen,clean,template,13,test_xatk_structural_all,bongo_0577,1,0.999938
bilstm_frozen,clean,template,13,test_xatk_structural_all,bongo_0580,1,0.999717
bilstm_frozen,clean,template,13,test_xatk_structural_all,bongo_0621,1,0.999751
bilstm_frozen,clean,template,13,test_xatk_structural_all,bongo_0624,1,0.999845
bilstm_frozen,clean,template,13,test_xatk_structural_all,bongo_0630,0,0.000365
bilstm_frozen,clean,template,13,test_xatk_structural_all,bongo_0638,1,0.999855
bilstm_frozen,clean,template,13,test_xatk_structural_all,bongo_0648,0,0.021890
bilstm_frozen,clean,template,13,test_xatk_structural_all,bongo_0674,0,0.000081
bilstm_frozen,clean,template,13,test_xatk_structural_all,bongo_0685,0,0.027571
bilstm_frozen,clean,template,13,test_xatk_structural_all,bongo_0697,1,0.955187
bilstm_frozen,clean,template,13,test_xatk_structural_all,bongo_0701,0,0.000252
bilstm_frozen,clean,template,13,test_xatk_structural_all,bongo_0706,1,0.954846
bilstm_frozen,clean,template,13,test_xatk_structural_all,bongo_0719,1,0.956294
bilstm_frozen,clean,template,13,test_xatk_structural_all,bongo_0721,1,0.999819
bilstm_frozen,clean,template,13,test_xatk_structural_all,bongo_0724,1,0.958092
bilstm_frozen,clean,template,13,test_xatk_structural_all,bongo_0729,1,0.999874
bilstm_frozen,clean,template,13,test_xatk_structural_all,bongo_0741,0,0.000234
bilstm_frozen,clean,template,13,test_xatk_structural_all,bongo_0749,1,0.954416
bilstm_frozen,clean,template,13,test_xatk_structural_all,bongo_0769,1,0.999949
bilstm_frozen,clean,template,13,test_xatk_structural_all,bongo_0770,1,0.958494
bilstm_frozen,clean,template,13,test_xatk_structural_all,bongo_0778,1,0.954127
bilstm_frozen,clean,template,13,test_xatk_structural_all,bongo_0787,1,0.999494
bilstm_frozen,clean,template,13,test_xatk_structural_all,bongo_0795,0,0.000643
bilstm_frozen,clean,template,13,test_xatk_structural_all,bongo_0806,1,0.992682
bilstm_frozen,clean,template,13,test_xatk_structural_all,bongo_0807,1,0.999871
bilstm_frozen,clean,template,13,test_xatk_structural_all,bongo_0818,0,0.007304
bilstm_frozen,clean,template,13,test_xatk_structural_all,bongo_0819,0,0.000527
bilstm_frozen,clean,template,13,test_xatk_structural_all,bongo_0835,0,0.000150
bilstm_frozen,clean,template,13,test_xatk_structural_all,bongo_0840,1,0.999494
bilstm_frozen,clean,template,13,test_xatk_structural_all,bongo_0855,1,0.975562
bilstm_frozen,clean,template,13,test_xatk_structural_all,bongo_0856,0,0.000250
bilstm_frozen,clean,template,13,test_xatk_structural_all,bongo_0864,1,0.999697
bilstm_frozen,clean,template,13,test_xatk_structural_all,bongo_0871,1,0.999914
bilstm_frozen,clean,template,13,test_xatk_structural_all,bongo_0872,0,0.001244
bilstm_frozen,clean,template,13,test_xatk_structural_all,bongo_0904,0,0.001511
bilstm_frozen,clean,template,13,test_xatk_structural_all,bongo_0905,1,0.999884
bilstm_frozen,clean,template,13,test_xatk_structural_all,bongo_0909,1,0.999928
bilstm_frozen,clean,template,13,test_xatk_structural_all,bongo_0917,1,0.958587
bilstm_frozen,clean,template,13,test_xatk_structural_all,bongo_0918,1,0.999938
bilstm_frozen,clean,template,13,test_xatk_structural_all,bongo_0950,0,0.000178
bilstm_frozen,clean,template,13,test_xatk_structural_all,bongo_0955,1,0.999941
bilstm_frozen,clean,template,13,test_xatk_structural_all,bongo_0956,0,0.000249
bilstm_frozen,clean,template,13,test_xatk_structural_all,bongo_0971,0,0.000220
bilstm_frozen,clean,template,13,test_xatk_structural_all,bongo_0983,0,0.000463
bilstm_frozen,clean,template,13,test_xatk_structural_all,bongo_0989,1,0.999779
bilstm_frozen,clean,template,13,test_xatk_structural_all,bongo_0994,0,0.002226
bilstm_frozen,clean,template,13,test_xatk_structural_all,bongo_1003,1,0.971480
bilstm_frozen,clean,template,13,test_xatk_structural_all,bongo_1006,0,0.000340
bilstm_frozen,clean,template,13,test_xatk_structural_all,bongo_1012,1,0.990238
bilstm_frozen,clean,template,13,test_xatk_structural_all,bongo_1015,0,0.000557
bilstm_frozen,clean,template,13,test_xatk_structural_all,bongo_1022,1,0.991119
bilstm_frozen,clean,template,13,test_xatk_structural_all,bongo_1037,0,0.000614
bilstm_frozen,clean,template,13,test_xatk_structural_all,bongo_1040,0,0.000300
bilstm_frozen,clean,template,13,test_xatk_structural_all,bongo_1042,1,0.999941
bilstm_frozen,clean,template,13,test_xatk_structural_all,bongo_1047,1,0.999905
bilstm_frozen,clean,template,13,test_xatk_structural_all,bongo_1050,0,0.000802
bilstm_frozen,clean,template,13,test_xatk_structural_all,bongo_1052,1,0.999949
bilstm_frozen,clean,template,13,test_xatk_structural_all,bongo_1059,0,0.000744
bilstm_frozen,clean,template,13,test_xatk_structural_all,bongo_1071,0,0.000295
bilstm_frozen,clean,template,13,test_xatk_structural_all,bongo_1090,0,0.000170
bilstm_frozen,clean,template,13,test_xatk_structural_all,bongo_1104,1,0.999931
bilstm_frozen,clean,template,13,test_xatk_structural_all,bongo_1115,0,0.000232
bilstm_frozen,clean,template,13,test_xatk_structural_all,bongo_1123,0,0.000238
bilstm_frozen,clean,template,13,test_xatk_structural_all,bongo_1125,0,0.012666
bilstm_frozen,clean,template,13,test_xatk_structural_all,bongo_1127,1,0.946705
bilstm_frozen,clean,template,13,test_xatk_structural_all,bongo_1131,1,0.999594
bilstm_frozen,clean,template,13,test_xatk_structural_all,bongo_1134,1,0.954195
bilstm_frozen,clean,template,13,test_xatk_structural_all,bongo_1135,0,0.001657
bilstm_frozen,clean,template,13,test_xatk_structural_all,bongo_1136,1,0.999398
bilstm_frozen,clean,template,13,test_xatk_structural_all,bongo_1138,1,0.999889
bilstm_frozen,clean,template,13,test_xatk_structural_all,bongo_1140,1,0.999935
bilstm_frozen,clean,template,13,test_xatk_structural_all,bongo_1154,1,0.999873
bilstm_frozen,clean,template,13,test_xatk_structural_all,bongo_1155,0,0.000215
bilstm_frozen,clean,template,13,test_xatk_structural_all,bongo_1171,1,0.999928
bilstm_frozen,clean,template,13,test_xatk_structural_all,bongo_1181,1,0.999708
bilstm_frozen,clean,template,13,test_xatk_structural_all,bongo_1185,1,0.956937
bilstm_frozen,clean,template,13,test_xatk_structural_all,bongo_1194,0,0.000869
bilstm_frozen,clean,template,13,test_xatk_structural_all,bongo_1195,1,0.951997
bilstm_frozen,clean,template,13,test_xatk_structural_all,bongo_1198,0,0.000356
bilstm_frozen,clean,template,13,test_xatk_structural_all,bongo_1204,1,0.975347
bilstm_frozen,clean,template,13,test_xatk_structural_all,bongo_1220,1,0.999699
bilstm_frozen,clean,template,13,test_xatk_structural_all,bongo_1233,1,0.999853
bilstm_frozen,clean,template,13,test_xatk_structural_all,bongo_1236,0,0.000282
bilstm_frozen,clean,template,13,test_xatk_structural_all,bongo_1240,1,0.957876
bilstm_frozen,clean,template,13,test_xatk_structural_all,bongo_1244,0,0.000697
bilstm_frozen,clean,template,13,test_xatk_structural_all,bongo_1249,0,0.000533
bilstm_frozen,clean,template,13,test_xatk_structural_all,bongo_1253,0,0.910899
bilstm_frozen,clean,template,13,test_xatk_structural_all,bongo_1260,0,0.000234
bilstm_frozen,clean,template,13,test_xatk_structural_all,bongo_1262,0,0.765511
bilstm_frozen,clean,template,13,test_xatk_structural_all,bongo_1278,1,0.953833
bilstm_frozen,clean,template,13,test_xatk_structural_all,bongo_1285,0,0.000243
bilstm_frozen,clean,template,13,test_xatk_structural_all,bongo_1293,1,0.999740
bilstm_frozen,clean,template,13,test_xatk_structural_all,bongo_1316,0,0.000311
bilstm_frozen,clean,template,13,test_xatk_structural_all,bongo_1327,1,0.956064
bilstm_frozen,clean,template,13,test_xatk_structural_all,bongo_1330,0,0.044616
bilstm_frozen,clean,template,13,test_xatk_structural_all,bongo_1359,0,0.001240
bilstm_frozen,clean,template,13,test_xatk_structural_all,bongo_1375,0,0.000302
bilstm_frozen,clean,template,13,test_xatk_codeswitch_all,bongo_0025,1,0.999251
bilstm_frozen,clean,template,13,test_xatk_codeswitch_all,bongo_0029,0,0.015926
bilstm_frozen,clean,template,13,test_xatk_codeswitch_all,bongo_0039,1,0.977588
bilstm_frozen,clean,template,13,test_xatk_codeswitch_all,bongo_0047,1,0.999599
bilstm_frozen,clean,template,13,test_xatk_codeswitch_all,bongo_0053,0,0.000213
bilstm_frozen,clean,template,13,test_xatk_codeswitch_all,bongo_0055,1,0.000854
bilstm_frozen,clean,template,13,test_xatk_codeswitch_all,bongo_0061,1,0.996565
bilstm_frozen,clean,template,13,test_xatk_codeswitch_all,bongo_0097,0,0.001308
bilstm_frozen,clean,template,13,test_xatk_codeswitch_all,bongo_0107,0,0.000084
bilstm_frozen,clean,template,13,test_xatk_codeswitch_all,bongo_0110,0,0.000055
bilstm_frozen,clean,template,13,test_xatk_codeswitch_all,bongo_0112,1,0.000843
bilstm_frozen,clean,template,13,test_xatk_codeswitch_all,bongo_0115,0,0.002955
bilstm_frozen,clean,template,13,test_xatk_codeswitch_all,bongo_0143,0,0.000372
bilstm_frozen,clean,template,13,test_xatk_codeswitch_all,bongo_0146,1,0.995065
bilstm_frozen,clean,template,13,test_xatk_codeswitch_all,bongo_0154,1,0.999483
bilstm_frozen,clean,template,13,test_xatk_codeswitch_all,bongo_0159,1,0.000866
bilstm_frozen,clean,template,13,test_xatk_codeswitch_all,bongo_0160,0,0.000164
bilstm_frozen,clean,template,13,test_xatk_codeswitch_all,bongo_0172,0,0.782687
bilstm_frozen,clean,template,13,test_xatk_codeswitch_all,bongo_0173,1,0.000751
bilstm_frozen,clean,template,13,test_xatk_codeswitch_all,bongo_0175,0,0.000740
bilstm_frozen,clean,template,13,test_xatk_codeswitch_all,bongo_0182,0,0.000291
bilstm_frozen,clean,template,13,test_xatk_codeswitch_all,bongo_0195,1,0.959600
bilstm_frozen,clean,template,13,test_xatk_codeswitch_all,bongo_0197,0,0.000188
bilstm_frozen,clean,template,13,test_xatk_codeswitch_all,bongo_0201,1,0.999667
bilstm_frozen,clean,template,13,test_xatk_codeswitch_all,bongo_0203,1,0.999540
bilstm_frozen,clean,template,13,test_xatk_codeswitch_all,bongo_0250,1,0.000866
bilstm_frozen,clean,template,13,test_xatk_codeswitch_all,bongo_0253,0,0.000316
bilstm_frozen,clean,template,13,test_xatk_codeswitch_all,bongo_0255,1,0.000869
bilstm_frozen,clean,template,13,test_xatk_codeswitch_all,bongo_0265,1,0.000763
bilstm_frozen,clean,template,13,test_xatk_codeswitch_all,bongo_0271,0,0.000251
bilstm_frozen,clean,template,13,test_xatk_codeswitch_all,bongo_0300,0,0.000185
bilstm_frozen,clean,template,13,test_xatk_codeswitch_all,bongo_0306,0,0.000268
bilstm_frozen,clean,template,13,test_xatk_codeswitch_all,bongo_0356,1,0.000833
bilstm_frozen,clean,template,13,test_xatk_codeswitch_all,bongo_0360,1,0.996818
bilstm_frozen,clean,template,13,test_xatk_codeswitch_all,bongo_0361,1,0.999539
bilstm_frozen,clean,template,13,test_xatk_codeswitch_all,bongo_0363,0,0.000221
bilstm_frozen,clean,template,13,test_xatk_codeswitch_all,bongo_0368,0,0.001293
bilstm_frozen,clean,template,13,test_xatk_codeswitch_all,bongo_0372,0,0.000265
bilstm_frozen,clean,template,13,test_xatk_codeswitch_all,bongo_0380,1,0.000845
bilstm_frozen,clean,template,13,test_xatk_codeswitch_all,bongo_0389,0,0.000257
bilstm_frozen,clean,template,13,test_xatk_codeswitch_all,bongo_0395,0,0.000543
bilstm_frozen,clean,template,13,test_xatk_codeswitch_all,bongo_0405,1,0.999370
bilstm_frozen,clean,template,13,test_xatk_codeswitch_all,bongo_0424,1,0.999661
bilstm_frozen,clean,template,13,test_xatk_codeswitch_all,bongo_0427,0,0.002924
bilstm_frozen,clean,template,13,test_xatk_codeswitch_all,bongo_0434,1,0.000854
bilstm_frozen,clean,template,13,test_xatk_codeswitch_all,bongo_0463,0,0.002949
bilstm_frozen,clean,template,13,test_xatk_codeswitch_all,bongo_0476,1,0.962976
bilstm_frozen,clean,template,13,test_xatk_codeswitch_all,bongo_0510,1,0.999719
bilstm_frozen,clean,template,13,test_xatk_codeswitch_all,bongo_0531,0,0.000346
bilstm_frozen,clean,template,13,test_xatk_codeswitch_all,bongo_0542,0,0.000385
bilstm_frozen,clean,template,13,test_xatk_codeswitch_all,bongo_0545,0,0.000391
bilstm_frozen,clean,template,13,test_xatk_codeswitch_all,bongo_0560,1,0.973515
bilstm_frozen,clean,template,13,test_xatk_codeswitch_all,bongo_0565,1,0.000608
bilstm_frozen,clean,template,13,test_xatk_codeswitch_all,bongo_0566,1,0.994835
bilstm_frozen,clean,template,13,test_xatk_codeswitch_all,bongo_0571,0,0.000196
bilstm_frozen,clean,template,13,test_xatk_codeswitch_all,bongo_0577,1,0.999295
bilstm_frozen,clean,template,13,test_xatk_codeswitch_all,bongo_0580,1,0.962381
bilstm_frozen,clean,template,13,test_xatk_codeswitch_all,bongo_0621,1,0.999019
bilstm_frozen,clean,template,13,test_xatk_codeswitch_all,bongo_0624,1,0.999259
bilstm_frozen,clean,template,13,test_xatk_codeswitch_all,bongo_0630,0,0.000365
bilstm_frozen,clean,template,13,test_xatk_codeswitch_all,bongo_0638,1,0.994878
bilstm_frozen,clean,template,13,test_xatk_codeswitch_all,bongo_0648,0,0.021890
bilstm_frozen,clean,template,13,test_xatk_codeswitch_all,bongo_0674,0,0.000081
bilstm_frozen,clean,template,13,test_xatk_codeswitch_all,bongo_0685,0,0.027571
bilstm_frozen,clean,template,13,test_xatk_codeswitch_all,bongo_0697,1,0.000608
bilstm_frozen,clean,template,13,test_xatk_codeswitch_all,bongo_0701,0,0.000252
bilstm_frozen,clean,template,13,test_xatk_codeswitch_all,bongo_0706,1,0.000832
bilstm_frozen,clean,template,13,test_xatk_codeswitch_all,bongo_0719,1,0.000855
bilstm_frozen,clean,template,13,test_xatk_codeswitch_all,bongo_0721,1,0.949129
bilstm_frozen,clean,template,13,test_xatk_codeswitch_all,bongo_0724,1,0.000625
bilstm_frozen,clean,template,13,test_xatk_codeswitch_all,bongo_0729,1,0.955281
bilstm_frozen,clean,template,13,test_xatk_codeswitch_all,bongo_0741,0,0.000234
bilstm_frozen,clean,template,13,test_xatk_codeswitch_all,bongo_0749,1,0.000837
bilstm_frozen,clean,template,13,test_xatk_codeswitch_all,bongo_0769,1,0.993024
bilstm_frozen,clean,template,13,test_xatk_codeswitch_all,bongo_0770,1,0.000854
bilstm_frozen,clean,template,13,test_xatk_codeswitch_all,bongo_0778,1,0.000825
bilstm_frozen,clean,template,13,test_xatk_codeswitch_all,bongo_0787,1,0.996816
bilstm_frozen,clean,template,13,test_xatk_codeswitch_all,bongo_0795,0,0.000643
bilstm_frozen,clean,template,13,test_xatk_codeswitch_all,bongo_0806,1,0.000625
bilstm_frozen,clean,template,13,test_xatk_codeswitch_all,bongo_0807,1,0.999694
bilstm_frozen,clean,template,13,test_xatk_codeswitch_all,bongo_0818,0,0.007304
bilstm_frozen,clean,template,13,test_xatk_codeswitch_all,bongo_0819,0,0.000527
bilstm_frozen,clean,template,13,test_xatk_codeswitch_all,bongo_0835,0,0.000150
bilstm_frozen,clean,template,13,test_xatk_codeswitch_all,bongo_0840,1,0.996821
bilstm_frozen,clean,template,13,test_xatk_codeswitch_all,bongo_0855,1,0.000615
bilstm_frozen,clean,template,13,test_xatk_codeswitch_all,bongo_0856,0,0.000250
bilstm_frozen,clean,template,13,test_xatk_codeswitch_all,bongo_0864,1,0.977716
bilstm_frozen,clean,template,13,test_xatk_codeswitch_all,bongo_0871,1,0.999274
bilstm_frozen,clean,template,13,test_xatk_codeswitch_all,bongo_0872,0,0.001244
bilstm_frozen,clean,template,13,test_xatk_codeswitch_all,bongo_0904,0,0.001511
bilstm_frozen,clean,template,13,test_xatk_codeswitch_all,bongo_0905,1,0.978027
bilstm_frozen,clean,template,13,test_xatk_codeswitch_all,bongo_0909,1,0.999320
bilstm_frozen,clean,template,13,test_xatk_codeswitch_all,bongo_0917,1,0.000880
bilstm_frozen,clean,template,13,test_xatk_codeswitch_all,bongo_0918,1,0.999353
bilstm_frozen,clean,template,13,test_xatk_codeswitch_all,bongo_0950,0,0.000178
bilstm_frozen,clean,template,13,test_xatk_codeswitch_all,bongo_0955,1,0.999618
bilstm_frozen,clean,template,13,test_xatk_codeswitch_all,bongo_0956,0,0.000249
bilstm_frozen,clean,template,13,test_xatk_codeswitch_all,bongo_0971,0,0.000220
bilstm_frozen,clean,template,13,test_xatk_codeswitch_all,bongo_0983,0,0.000463
bilstm_frozen,clean,template,13,test_xatk_codeswitch_all,bongo_0989,1,0.999277
bilstm_frozen,clean,template,13,test_xatk_codeswitch_all,bongo_0994,0,0.002226
bilstm_frozen,clean,template,13,test_xatk_codeswitch_all,bongo_1003,1,0.973505
bilstm_frozen,clean,template,13,test_xatk_codeswitch_all,bongo_1006,0,0.000340
bilstm_frozen,clean,template,13,test_xatk_codeswitch_all,bongo_1012,1,0.000827
bilstm_frozen,clean,template,13,test_xatk_codeswitch_all,bongo_1015,0,0.000557
bilstm_frozen,clean,template,13,test_xatk_codeswitch_all,bongo_1022,1,0.000844
bilstm_frozen,clean,template,13,test_xatk_codeswitch_all,bongo_1037,0,0.000614
bilstm_frozen,clean,template,13,test_xatk_codeswitch_all,bongo_1040,0,0.000300
bilstm_frozen,clean,template,13,test_xatk_codeswitch_all,bongo_1042,1,0.993639
bilstm_frozen,clean,template,13,test_xatk_codeswitch_all,bongo_1047,1,0.977770
bilstm_frozen,clean,template,13,test_xatk_codeswitch_all,bongo_1050,0,0.000802
bilstm_frozen,clean,template,13,test_xatk_codeswitch_all,bongo_1052,1,0.992428
bilstm_frozen,clean,template,13,test_xatk_codeswitch_all,bongo_1059,0,0.000744
bilstm_frozen,clean,template,13,test_xatk_codeswitch_all,bongo_1071,0,0.000295
bilstm_frozen,clean,template,13,test_xatk_codeswitch_all,bongo_1090,0,0.000170
bilstm_frozen,clean,template,13,test_xatk_codeswitch_all,bongo_1104,1,0.999605
bilstm_frozen,clean,template,13,test_xatk_codeswitch_all,bongo_1115,0,0.000232
bilstm_frozen,clean,template,13,test_xatk_codeswitch_all,bongo_1123,0,0.000238
bilstm_frozen,clean,template,13,test_xatk_codeswitch_all,bongo_1125,0,0.012666
bilstm_frozen,clean,template,13,test_xatk_codeswitch_all,bongo_1127,1,0.000741
bilstm_frozen,clean,template,13,test_xatk_codeswitch_all,bongo_1131,1,0.993640
bilstm_frozen,clean,template,13,test_xatk_codeswitch_all,bongo_1134,1,0.000857
bilstm_frozen,clean,template,13,test_xatk_codeswitch_all,bongo_1135,0,0.001657
bilstm_frozen,clean,template,13,test_xatk_codeswitch_all,bongo_1136,1,0.999407
bilstm_frozen,clean,template,13,test_xatk_codeswitch_all,bongo_1138,1,0.977428
bilstm_frozen,clean,template,13,test_xatk_codeswitch_all,bongo_1140,1,0.999320
bilstm_frozen,clean,template,13,test_xatk_codeswitch_all,bongo_1154,1,0.997176
bilstm_frozen,clean,template,13,test_xatk_codeswitch_all,bongo_1155,0,0.000215
bilstm_frozen,clean,template,13,test_xatk_codeswitch_all,bongo_1171,1,0.999605
bilstm_frozen,clean,template,13,test_xatk_codeswitch_all,bongo_1181,1,0.963587
bilstm_frozen,clean,template,13,test_xatk_codeswitch_all,bongo_1185,1,0.000840
bilstm_frozen,clean,template,13,test_xatk_codeswitch_all,bongo_1194,0,0.000869
bilstm_frozen,clean,template,13,test_xatk_codeswitch_all,bongo_1195,1,0.000607
bilstm_frozen,clean,template,13,test_xatk_codeswitch_all,bongo_1198,0,0.000356
bilstm_frozen,clean,template,13,test_xatk_codeswitch_all,bongo_1204,1,0.000856
bilstm_frozen,clean,template,13,test_xatk_codeswitch_all,bongo_1220,1,0.980993
bilstm_frozen,clean,template,13,test_xatk_codeswitch_all,bongo_1233,1,0.995325
bilstm_frozen,clean,template,13,test_xatk_codeswitch_all,bongo_1236,0,0.000282
bilstm_frozen,clean,template,13,test_xatk_codeswitch_all,bongo_1240,1,0.000869
bilstm_frozen,clean,template,13,test_xatk_codeswitch_all,bongo_1244,0,0.000697
bilstm_frozen,clean,template,13,test_xatk_codeswitch_all,bongo_1249,0,0.000533
bilstm_frozen,clean,template,13,test_xatk_codeswitch_all,bongo_1253,0,0.910899
bilstm_frozen,clean,template,13,test_xatk_codeswitch_all,bongo_1260,0,0.000234
bilstm_frozen,clean,template,13,test_xatk_codeswitch_all,bongo_1262,0,0.765511
bilstm_frozen,clean,template,13,test_xatk_codeswitch_all,bongo_1278,1,0.000850
bilstm_frozen,clean,template,13,test_xatk_codeswitch_all,bongo_1285,0,0.000243
bilstm_frozen,clean,template,13,test_xatk_codeswitch_all,bongo_1293,1,0.997328
bilstm_frozen,clean,template,13,test_xatk_codeswitch_all,bongo_1316,0,0.000311
bilstm_frozen,clean,template,13,test_xatk_codeswitch_all,bongo_1327,1,0.000850
bilstm_frozen,clean,template,13,test_xatk_codeswitch_all,bongo_1330,0,0.044616
bilstm_frozen,clean,template,13,test_xatk_codeswitch_all,bongo_1359,0,0.001240
bilstm_frozen,clean,template,13,test_xatk_codeswitch_all,bongo_1375,0,0.000302
bilstm_frozen,clean,template,13,test_unseen_all,bongo_0025,1,0.992325
bilstm_frozen,clean,template,13,test_unseen_all,bongo_0029,0,0.015926
bilstm_frozen,clean,template,13,test_unseen_all,bongo_0039,1,0.976985
bilstm_frozen,clean,template,13,test_unseen_all,bongo_0047,1,0.998595
bilstm_frozen,clean,template,13,test_unseen_all,bongo_0053,0,0.000213
bilstm_frozen,clean,template,13,test_unseen_all,bongo_0055,1,0.000248
bilstm_frozen,clean,template,13,test_unseen_all,bongo_0061,1,0.994473
bilstm_frozen,clean,template,13,test_unseen_all,bongo_0097,0,0.001308
bilstm_frozen,clean,template,13,test_unseen_all,bongo_0107,0,0.000084
bilstm_frozen,clean,template,13,test_unseen_all,bongo_0110,0,0.000055
bilstm_frozen,clean,template,13,test_unseen_all,bongo_0112,1,0.001079
bilstm_frozen,clean,template,13,test_unseen_all,bongo_0115,0,0.002955
bilstm_frozen,clean,template,13,test_unseen_all,bongo_0143,0,0.000372
bilstm_frozen,clean,template,13,test_unseen_all,bongo_0146,1,0.999361
bilstm_frozen,clean,template,13,test_unseen_all,bongo_0154,1,0.993547
bilstm_frozen,clean,template,13,test_unseen_all,bongo_0159,1,0.000383
bilstm_frozen,clean,template,13,test_unseen_all,bongo_0160,0,0.000164
bilstm_frozen,clean,template,13,test_unseen_all,bongo_0172,0,0.782687
bilstm_frozen,clean,template,13,test_unseen_all,bongo_0173,1,0.000232
bilstm_frozen,clean,template,13,test_unseen_all,bongo_0175,0,0.000740
bilstm_frozen,clean,template,13,test_unseen_all,bongo_0182,0,0.000291
bilstm_frozen,clean,template,13,test_unseen_all,bongo_0195,1,0.967541
bilstm_frozen,clean,template,13,test_unseen_all,bongo_0197,0,0.000188
bilstm_frozen,clean,template,13,test_unseen_all,bongo_0201,1,0.977271
bilstm_frozen,clean,template,13,test_unseen_all,bongo_0203,1,0.999714
bilstm_frozen,clean,template,13,test_unseen_all,bongo_0250,1,0.001011
bilstm_frozen,clean,template,13,test_unseen_all,bongo_0253,0,0.000316
bilstm_frozen,clean,template,13,test_unseen_all,bongo_0255,1,0.000326
bilstm_frozen,clean,template,13,test_unseen_all,bongo_0265,1,0.000234
bilstm_frozen,clean,template,13,test_unseen_all,bongo_0271,0,0.000251
bilstm_frozen,clean,template,13,test_unseen_all,bongo_0300,0,0.000185
bilstm_frozen,clean,template,13,test_unseen_all,bongo_0306,0,0.000268
bilstm_frozen,clean,template,13,test_unseen_all,bongo_0356,1,0.000307
bilstm_frozen,clean,template,13,test_unseen_all,bongo_0360,1,0.998979
bilstm_frozen,clean,template,13,test_unseen_all,bongo_0361,1,0.999644
bilstm_frozen,clean,template,13,test_unseen_all,bongo_0363,0,0.000221
bilstm_frozen,clean,template,13,test_unseen_all,bongo_0368,0,0.001293
bilstm_frozen,clean,template,13,test_unseen_all,bongo_0372,0,0.000265
bilstm_frozen,clean,template,13,test_unseen_all,bongo_0380,1,0.000248
bilstm_frozen,clean,template,13,test_unseen_all,bongo_0389,0,0.000257
bilstm_frozen,clean,template,13,test_unseen_all,bongo_0395,0,0.000543
bilstm_frozen,clean,template,13,test_unseen_all,bongo_0405,1,0.993302
bilstm_frozen,clean,template,13,test_unseen_all,bongo_0424,1,0.981160
bilstm_frozen,clean,template,13,test_unseen_all,bongo_0427,0,0.002924
bilstm_frozen,clean,template,13,test_unseen_all,bongo_0434,1,0.001145
bilstm_frozen,clean,template,13,test_unseen_all,bongo_0463,0,0.002949
bilstm_frozen,clean,template,13,test_unseen_all,bongo_0476,1,0.976928
bilstm_frozen,clean,template,13,test_unseen_all,bongo_0510,1,0.999449
bilstm_frozen,clean,template,13,test_unseen_all,bongo_0531,0,0.000346
bilstm_frozen,clean,template,13,test_unseen_all,bongo_0542,0,0.000385
bilstm_frozen,clean,template,13,test_unseen_all,bongo_0545,0,0.000391
bilstm_frozen,clean,template,13,test_unseen_all,bongo_0560,1,0.992740
bilstm_frozen,clean,template,13,test_unseen_all,bongo_0565,1,0.001192
bilstm_frozen,clean,template,13,test_unseen_all,bongo_0566,1,0.999522
bilstm_frozen,clean,template,13,test_unseen_all,bongo_0571,0,0.000196
bilstm_frozen,clean,template,13,test_unseen_all,bongo_0577,1,0.001490
bilstm_frozen,clean,template,13,test_unseen_all,bongo_0580,1,0.967778
bilstm_frozen,clean,template,13,test_unseen_all,bongo_0621,1,0.991796
bilstm_frozen,clean,template,13,test_unseen_all,bongo_0624,1,0.999820
bilstm_frozen,clean,template,13,test_unseen_all,bongo_0630,0,0.000365
bilstm_frozen,clean,template,13,test_unseen_all,bongo_0638,1,0.032373
bilstm_frozen,clean,template,13,test_unseen_all,bongo_0648,0,0.021890
bilstm_frozen,clean,template,13,test_unseen_all,bongo_0674,0,0.000081
bilstm_frozen,clean,template,13,test_unseen_all,bongo_0685,0,0.027571
bilstm_frozen,clean,template,13,test_unseen_all,bongo_0697,1,0.000989
bilstm_frozen,clean,template,13,test_unseen_all,bongo_0701,0,0.000252
bilstm_frozen,clean,template,13,test_unseen_all,bongo_0706,1,0.000481
bilstm_frozen,clean,template,13,test_unseen_all,bongo_0719,1,0.000236
bilstm_frozen,clean,template,13,test_unseen_all,bongo_0721,1,0.005060
bilstm_frozen,clean,template,13,test_unseen_all,bongo_0724,1,0.000589
bilstm_frozen,clean,template,13,test_unseen_all,bongo_0729,1,0.966519
bilstm_frozen,clean,template,13,test_unseen_all,bongo_0741,0,0.000234
bilstm_frozen,clean,template,13,test_unseen_all,bongo_0749,1,0.000301
bilstm_frozen,clean,template,13,test_unseen_all,bongo_0769,1,0.998609
bilstm_frozen,clean,template,13,test_unseen_all,bongo_0770,1,0.000299
bilstm_frozen,clean,template,13,test_unseen_all,bongo_0778,1,0.001186
bilstm_frozen,clean,template,13,test_unseen_all,bongo_0787,1,0.998906
bilstm_frozen,clean,template,13,test_unseen_all,bongo_0795,0,0.000643
bilstm_frozen,clean,template,13,test_unseen_all,bongo_0806,1,0.000540
bilstm_frozen,clean,template,13,test_unseen_all,bongo_0807,1,0.992952
bilstm_frozen,clean,template,13,test_unseen_all,bongo_0818,0,0.007304
bilstm_frozen,clean,template,13,test_unseen_all,bongo_0819,0,0.000527
bilstm_frozen,clean,template,13,test_unseen_all,bongo_0835,0,0.000150
bilstm_frozen,clean,template,13,test_unseen_all,bongo_0840,1,0.998982
bilstm_frozen,clean,template,13,test_unseen_all,bongo_0855,1,0.000564
bilstm_frozen,clean,template,13,test_unseen_all,bongo_0856,0,0.000250
bilstm_frozen,clean,template,13,test_unseen_all,bongo_0864,1,0.987529
bilstm_frozen,clean,template,13,test_unseen_all,bongo_0871,1,0.999802
bilstm_frozen,clean,template,13,test_unseen_all,bongo_0872,0,0.001244
bilstm_frozen,clean,template,13,test_unseen_all,bongo_0904,0,0.001511
bilstm_frozen,clean,template,13,test_unseen_all,bongo_0905,1,0.978772
bilstm_frozen,clean,template,13,test_unseen_all,bongo_0909,1,0.982849
bilstm_frozen,clean,template,13,test_unseen_all,bongo_0917,1,0.001132
bilstm_frozen,clean,template,13,test_unseen_all,bongo_0918,1,0.998225
bilstm_frozen,clean,template,13,test_unseen_all,bongo_0950,0,0.000178
bilstm_frozen,clean,template,13,test_unseen_all,bongo_0955,1,0.976167
bilstm_frozen,clean,template,13,test_unseen_all,bongo_0956,0,0.000249
bilstm_frozen,clean,template,13,test_unseen_all,bongo_0971,0,0.000220
bilstm_frozen,clean,template,13,test_unseen_all,bongo_0983,0,0.000463
bilstm_frozen,clean,template,13,test_unseen_all,bongo_0989,1,0.998290
bilstm_frozen,clean,template,13,test_unseen_all,bongo_0994,0,0.002226
bilstm_frozen,clean,template,13,test_unseen_all,bongo_1003,1,0.992183
bilstm_frozen,clean,template,13,test_unseen_all,bongo_1006,0,0.000340
bilstm_frozen,clean,template,13,test_unseen_all,bongo_1012,1,0.000739
bilstm_frozen,clean,template,13,test_unseen_all,bongo_1015,0,0.000557
bilstm_frozen,clean,template,13,test_unseen_all,bongo_1022,1,0.000376
bilstm_frozen,clean,template,13,test_unseen_all,bongo_1037,0,0.000614
bilstm_frozen,clean,template,13,test_unseen_all,bongo_1040,0,0.000300
bilstm_frozen,clean,template,13,test_unseen_all,bongo_1042,1,0.975033
bilstm_frozen,clean,template,13,test_unseen_all,bongo_1047,1,0.998051
bilstm_frozen,clean,template,13,test_unseen_all,bongo_1050,0,0.000802
bilstm_frozen,clean,template,13,test_unseen_all,bongo_1052,1,0.998540
bilstm_frozen,clean,template,13,test_unseen_all,bongo_1059,0,0.000744
bilstm_frozen,clean,template,13,test_unseen_all,bongo_1071,0,0.000295
bilstm_frozen,clean,template,13,test_unseen_all,bongo_1090,0,0.000170
bilstm_frozen,clean,template,13,test_unseen_all,bongo_1104,1,0.977786
bilstm_frozen,clean,template,13,test_unseen_all,bongo_1115,0,0.000232
bilstm_frozen,clean,template,13,test_unseen_all,bongo_1123,0,0.000238
bilstm_frozen,clean,template,13,test_unseen_all,bongo_1125,0,0.012666
bilstm_frozen,clean,template,13,test_unseen_all,bongo_1127,1,0.000294
bilstm_frozen,clean,template,13,test_unseen_all,bongo_1131,1,0.973790
bilstm_frozen,clean,template,13,test_unseen_all,bongo_1134,1,0.000481
bilstm_frozen,clean,template,13,test_unseen_all,bongo_1135,0,0.001657
bilstm_frozen,clean,template,13,test_unseen_all,bongo_1136,1,0.993946
bilstm_frozen,clean,template,13,test_unseen_all,bongo_1138,1,0.982193
bilstm_frozen,clean,template,13,test_unseen_all,bongo_1140,1,0.998089
bilstm_frozen,clean,template,13,test_unseen_all,bongo_1154,1,0.026386
bilstm_frozen,clean,template,13,test_unseen_all,bongo_1155,0,0.000215
bilstm_frozen,clean,template,13,test_unseen_all,bongo_1171,1,0.977341
bilstm_frozen,clean,template,13,test_unseen_all,bongo_1181,1,0.979217
bilstm_frozen,clean,template,13,test_unseen_all,bongo_1185,1,0.000859
bilstm_frozen,clean,template,13,test_unseen_all,bongo_1194,0,0.000869
bilstm_frozen,clean,template,13,test_unseen_all,bongo_1195,1,0.000524
bilstm_frozen,clean,template,13,test_unseen_all,bongo_1198,0,0.000356
bilstm_frozen,clean,template,13,test_unseen_all,bongo_1204,1,0.000601
bilstm_frozen,clean,template,13,test_unseen_all,bongo_1220,1,0.983585
bilstm_frozen,clean,template,13,test_unseen_all,bongo_1233,1,0.999754
bilstm_frozen,clean,template,13,test_unseen_all,bongo_1236,0,0.000282
bilstm_frozen,clean,template,13,test_unseen_all,bongo_1240,1,0.000548
bilstm_frozen,clean,template,13,test_unseen_all,bongo_1244,0,0.000697
bilstm_frozen,clean,template,13,test_unseen_all,bongo_1249,0,0.000533
bilstm_frozen,clean,template,13,test_unseen_all,bongo_1253,0,0.910899
bilstm_frozen,clean,template,13,test_unseen_all,bongo_1260,0,0.000234
bilstm_frozen,clean,template,13,test_unseen_all,bongo_1262,0,0.765511
bilstm_frozen,clean,template,13,test_unseen_all,bongo_1278,1,0.000295
bilstm_frozen,clean,template,13,test_unseen_all,bongo_1285,0,0.000243
bilstm_frozen,clean,template,13,test_unseen_all,bongo_1293,1,0.999459
bilstm_frozen,clean,template,13,test_unseen_all,bongo_1316,0,0.000311
bilstm_frozen,clean,template,13,test_unseen_all,bongo_1327,1,0.000787
bilstm_frozen,clean,template,13,test_unseen_all,bongo_1330,0,0.044616
bilstm_frozen,clean,template,13,test_unseen_all,bongo_1359,0,0.001240
bilstm_frozen,clean,template,13,test_unseen_all,bongo_1375,0,0.000302
bilstm_frozen,clean,template,13,test_unseen_all+norm,bongo_0025,1,0.992325
bilstm_frozen,clean,template,13,test_unseen_all+norm,bongo_0029,0,0.015926
bilstm_frozen,clean,template,13,test_unseen_all+norm,bongo_0039,1,0.976985
bilstm_frozen,clean,template,13,test_unseen_all+norm,bongo_0047,1,0.998595
bilstm_frozen,clean,template,13,test_unseen_all+norm,bongo_0053,0,0.000213
bilstm_frozen,clean,template,13,test_unseen_all+norm,bongo_0055,1,0.000248
bilstm_frozen,clean,template,13,test_unseen_all+norm,bongo_0061,1,0.994473
bilstm_frozen,clean,template,13,test_unseen_all+norm,bongo_0097,0,0.001308
bilstm_frozen,clean,template,13,test_unseen_all+norm,bongo_0107,0,0.000084
bilstm_frozen,clean,template,13,test_unseen_all+norm,bongo_0110,0,0.000055
bilstm_frozen,clean,template,13,test_unseen_all+norm,bongo_0112,1,0.001079
bilstm_frozen,clean,template,13,test_unseen_all+norm,bongo_0115,0,0.002955
bilstm_frozen,clean,template,13,test_unseen_all+norm,bongo_0143,0,0.000372
bilstm_frozen,clean,template,13,test_unseen_all+norm,bongo_0146,1,0.999361
bilstm_frozen,clean,template,13,test_unseen_all+norm,bongo_0154,1,0.993547
bilstm_frozen,clean,template,13,test_unseen_all+norm,bongo_0159,1,0.000383
bilstm_frozen,clean,template,13,test_unseen_all+norm,bongo_0160,0,0.000164
bilstm_frozen,clean,template,13,test_unseen_all+norm,bongo_0172,0,0.782687
bilstm_frozen,clean,template,13,test_unseen_all+norm,bongo_0173,1,0.000232
bilstm_frozen,clean,template,13,test_unseen_all+norm,bongo_0175,0,0.000740
bilstm_frozen,clean,template,13,test_unseen_all+norm,bongo_0182,0,0.000291
bilstm_frozen,clean,template,13,test_unseen_all+norm,bongo_0195,1,0.967541
bilstm_frozen,clean,template,13,test_unseen_all+norm,bongo_0197,0,0.000188
bilstm_frozen,clean,template,13,test_unseen_all+norm,bongo_0201,1,0.977271
bilstm_frozen,clean,template,13,test_unseen_all+norm,bongo_0203,1,0.999714
bilstm_frozen,clean,template,13,test_unseen_all+norm,bongo_0250,1,0.001011
bilstm_frozen,clean,template,13,test_unseen_all+norm,bongo_0253,0,0.000316
bilstm_frozen,clean,template,13,test_unseen_all+norm,bongo_0255,1,0.000326
bilstm_frozen,clean,template,13,test_unseen_all+norm,bongo_0265,1,0.000234
bilstm_frozen,clean,template,13,test_unseen_all+norm,bongo_0271,0,0.000251
bilstm_frozen,clean,template,13,test_unseen_all+norm,bongo_0300,0,0.000185
bilstm_frozen,clean,template,13,test_unseen_all+norm,bongo_0306,0,0.000268
bilstm_frozen,clean,template,13,test_unseen_all+norm,bongo_0356,1,0.000307
bilstm_frozen,clean,template,13,test_unseen_all+norm,bongo_0360,1,0.998979
bilstm_frozen,clean,template,13,test_unseen_all+norm,bongo_0361,1,0.999644
bilstm_frozen,clean,template,13,test_unseen_all+norm,bongo_0363,0,0.000221
bilstm_frozen,clean,template,13,test_unseen_all+norm,bongo_0368,0,0.001293
bilstm_frozen,clean,template,13,test_unseen_all+norm,bongo_0372,0,0.000265
bilstm_frozen,clean,template,13,test_unseen_all+norm,bongo_0380,1,0.000248
bilstm_frozen,clean,template,13,test_unseen_all+norm,bongo_0389,0,0.000257
bilstm_frozen,clean,template,13,test_unseen_all+norm,bongo_0395,0,0.000543
bilstm_frozen,clean,template,13,test_unseen_all+norm,bongo_0405,1,0.993302
bilstm_frozen,clean,template,13,test_unseen_all+norm,bongo_0424,1,0.981160
bilstm_frozen,clean,template,13,test_unseen_all+norm,bongo_0427,0,0.002924
bilstm_frozen,clean,template,13,test_unseen_all+norm,bongo_0434,1,0.001145
bilstm_frozen,clean,template,13,test_unseen_all+norm,bongo_0463,0,0.002949
bilstm_frozen,clean,template,13,test_unseen_all+norm,bongo_0476,1,0.976928
bilstm_frozen,clean,template,13,test_unseen_all+norm,bongo_0510,1,0.999449
bilstm_frozen,clean,template,13,test_unseen_all+norm,bongo_0531,0,0.000346
bilstm_frozen,clean,template,13,test_unseen_all+norm,bongo_0542,0,0.000385
bilstm_frozen,clean,template,13,test_unseen_all+norm,bongo_0545,0,0.000391
bilstm_frozen,clean,template,13,test_unseen_all+norm,bongo_0560,1,0.992740
bilstm_frozen,clean,template,13,test_unseen_all+norm,bongo_0565,1,0.001192
bilstm_frozen,clean,template,13,test_unseen_all+norm,bongo_0566,1,0.999522
bilstm_frozen,clean,template,13,test_unseen_all+norm,bongo_0571,0,0.000196
bilstm_frozen,clean,template,13,test_unseen_all+norm,bongo_0577,1,0.001490
bilstm_frozen,clean,template,13,test_unseen_all+norm,bongo_0580,1,0.967778
bilstm_frozen,clean,template,13,test_unseen_all+norm,bongo_0621,1,0.991796
bilstm_frozen,clean,template,13,test_unseen_all+norm,bongo_0624,1,0.999820
bilstm_frozen,clean,template,13,test_unseen_all+norm,bongo_0630,0,0.000365
bilstm_frozen,clean,template,13,test_unseen_all+norm,bongo_0638,1,0.032373
bilstm_frozen,clean,template,13,test_unseen_all+norm,bongo_0648,0,0.021890
bilstm_frozen,clean,template,13,test_unseen_all+norm,bongo_0674,0,0.000081
bilstm_frozen,clean,template,13,test_unseen_all+norm,bongo_0685,0,0.027571
bilstm_frozen,clean,template,13,test_unseen_all+norm,bongo_0697,1,0.000989
bilstm_frozen,clean,template,13,test_unseen_all+norm,bongo_0701,0,0.000252
bilstm_frozen,clean,template,13,test_unseen_all+norm,bongo_0706,1,0.000481
bilstm_frozen,clean,template,13,test_unseen_all+norm,bongo_0719,1,0.000236
bilstm_frozen,clean,template,13,test_unseen_all+norm,bongo_0721,1,0.005060
bilstm_frozen,clean,template,13,test_unseen_all+norm,bongo_0724,1,0.000589
bilstm_frozen,clean,template,13,test_unseen_all+norm,bongo_0729,1,0.966519
bilstm_frozen,clean,template,13,test_unseen_all+norm,bongo_0741,0,0.000234
bilstm_frozen,clean,template,13,test_unseen_all+norm,bongo_0749,1,0.000301
bilstm_frozen,clean,template,13,test_unseen_all+norm,bongo_0769,1,0.998609
bilstm_frozen,clean,template,13,test_unseen_all+norm,bongo_0770,1,0.000299
bilstm_frozen,clean,template,13,test_unseen_all+norm,bongo_0778,1,0.001186
bilstm_frozen,clean,template,13,test_unseen_all+norm,bongo_0787,1,0.998906
bilstm_frozen,clean,template,13,test_unseen_all+norm,bongo_0795,0,0.000643
bilstm_frozen,clean,template,13,test_unseen_all+norm,bongo_0806,1,0.000540
bilstm_frozen,clean,template,13,test_unseen_all+norm,bongo_0807,1,0.992952
bilstm_frozen,clean,template,13,test_unseen_all+norm,bongo_0818,0,0.007304
bilstm_frozen,clean,template,13,test_unseen_all+norm,bongo_0819,0,0.000527
bilstm_frozen,clean,template,13,test_unseen_all+norm,bongo_0835,0,0.000150
bilstm_frozen,clean,template,13,test_unseen_all+norm,bongo_0840,1,0.998982
bilstm_frozen,clean,template,13,test_unseen_all+norm,bongo_0855,1,0.000564
bilstm_frozen,clean,template,13,test_unseen_all+norm,bongo_0856,0,0.000250
bilstm_frozen,clean,template,13,test_unseen_all+norm,bongo_0864,1,0.987529
bilstm_frozen,clean,template,13,test_unseen_all+norm,bongo_0871,1,0.999802
bilstm_frozen,clean,template,13,test_unseen_all+norm,bongo_0872,0,0.001244
bilstm_frozen,clean,template,13,test_unseen_all+norm,bongo_0904,0,0.001511
bilstm_frozen,clean,template,13,test_unseen_all+norm,bongo_0905,1,0.978772
bilstm_frozen,clean,template,13,test_unseen_all+norm,bongo_0909,1,0.982849
bilstm_frozen,clean,template,13,test_unseen_all+norm,bongo_0917,1,0.001132
bilstm_frozen,clean,template,13,test_unseen_all+norm,bongo_0918,1,0.998225
bilstm_frozen,clean,template,13,test_unseen_all+norm,bongo_0950,0,0.000178
bilstm_frozen,clean,template,13,test_unseen_all+norm,bongo_0955,1,0.976167
bilstm_frozen,clean,template,13,test_unseen_all+norm,bongo_0956,0,0.000249
bilstm_frozen,clean,template,13,test_unseen_all+norm,bongo_0971,0,0.000220
bilstm_frozen,clean,template,13,test_unseen_all+norm,bongo_0983,0,0.000463
bilstm_frozen,clean,template,13,test_unseen_all+norm,bongo_0989,1,0.998290
bilstm_frozen,clean,template,13,test_unseen_all+norm,bongo_0994,0,0.002226
bilstm_frozen,clean,template,13,test_unseen_all+norm,bongo_1003,1,0.992183
bilstm_frozen,clean,template,13,test_unseen_all+norm,bongo_1006,0,0.000340
bilstm_frozen,clean,template,13,test_unseen_all+norm,bongo_1012,1,0.000739
bilstm_frozen,clean,template,13,test_unseen_all+norm,bongo_1015,0,0.000557
bilstm_frozen,clean,template,13,test_unseen_all+norm,bongo_1022,1,0.000376
bilstm_frozen,clean,template,13,test_unseen_all+norm,bongo_1037,0,0.000614
bilstm_frozen,clean,template,13,test_unseen_all+norm,bongo_1040,0,0.000300
bilstm_frozen,clean,template,13,test_unseen_all+norm,bongo_1042,1,0.975033
bilstm_frozen,clean,template,13,test_unseen_all+norm,bongo_1047,1,0.998051
bilstm_frozen,clean,template,13,test_unseen_all+norm,bongo_1050,0,0.000802
bilstm_frozen,clean,template,13,test_unseen_all+norm,bongo_1052,1,0.998540
bilstm_frozen,clean,template,13,test_unseen_all+norm,bongo_1059,0,0.000744
bilstm_frozen,clean,template,13,test_unseen_all+norm,bongo_1071,0,0.000295
bilstm_frozen,clean,template,13,test_unseen_all+norm,bongo_1090,0,0.000170
bilstm_frozen,clean,template,13,test_unseen_all+norm,bongo_1104,1,0.977786
bilstm_frozen,clean,template,13,test_unseen_all+norm,bongo_1115,0,0.000232
bilstm_frozen,clean,template,13,test_unseen_all+norm,bongo_1123,0,0.000238
bilstm_frozen,clean,template,13,test_unseen_all+norm,bongo_1125,0,0.012666
bilstm_frozen,clean,template,13,test_unseen_all+norm,bongo_1127,1,0.000294
bilstm_frozen,clean,template,13,test_unseen_all+norm,bongo_1131,1,0.973790
bilstm_frozen,clean,template,13,test_unseen_all+norm,bongo_1134,1,0.000481
bilstm_frozen,clean,template,13,test_unseen_all+norm,bongo_1135,0,0.001657
bilstm_frozen,clean,template,13,test_unseen_all+norm,bongo_1136,1,0.993946
bilstm_frozen,clean,template,13,test_unseen_all+norm,bongo_1138,1,0.982193
bilstm_frozen,clean,template,13,test_unseen_all+norm,bongo_1140,1,0.998089
bilstm_frozen,clean,template,13,test_unseen_all+norm,bongo_1154,1,0.026386
bilstm_frozen,clean,template,13,test_unseen_all+norm,bongo_1155,0,0.000215
bilstm_frozen,clean,template,13,test_unseen_all+norm,bongo_1171,1,0.977341
bilstm_frozen,clean,template,13,test_unseen_all+norm,bongo_1181,1,0.979217
bilstm_frozen,clean,template,13,test_unseen_all+norm,bongo_1185,1,0.000859
bilstm_frozen,clean,template,13,test_unseen_all+norm,bongo_1194,0,0.000869
bilstm_frozen,clean,template,13,test_unseen_all+norm,bongo_1195,1,0.000524
bilstm_frozen,clean,template,13,test_unseen_all+norm,bongo_1198,0,0.000356
bilstm_frozen,clean,template,13,test_unseen_all+norm,bongo_1204,1,0.000601
bilstm_frozen,clean,template,13,test_unseen_all+norm,bongo_1220,1,0.983585
bilstm_frozen,clean,template,13,test_unseen_all+norm,bongo_1233,1,0.999754
bilstm_frozen,clean,template,13,test_unseen_all+norm,bongo_1236,0,0.000282
bilstm_frozen,clean,template,13,test_unseen_all+norm,bongo_1240,1,0.000548
bilstm_frozen,clean,template,13,test_unseen_all+norm,bongo_1244,0,0.000697
bilstm_frozen,clean,template,13,test_unseen_all+norm,bongo_1249,0,0.000533
bilstm_frozen,clean,template,13,test_unseen_all+norm,bongo_1253,0,0.910899
bilstm_frozen,clean,template,13,test_unseen_all+norm,bongo_1260,0,0.000234
bilstm_frozen,clean,template,13,test_unseen_all+norm,bongo_1262,0,0.765511
bilstm_frozen,clean,template,13,test_unseen_all+norm,bongo_1278,1,0.000295
bilstm_frozen,clean,template,13,test_unseen_all+norm,bongo_1285,0,0.000243
bilstm_frozen,clean,template,13,test_unseen_all+norm,bongo_1293,1,0.999459
bilstm_frozen,clean,template,13,test_unseen_all+norm,bongo_1316,0,0.000311
bilstm_frozen,clean,template,13,test_unseen_all+norm,bongo_1327,1,0.000787
bilstm_frozen,clean,template,13,test_unseen_all+norm,bongo_1330,0,0.044616
bilstm_frozen,clean,template,13,test_unseen_all+norm,bongo_1359,0,0.001240
bilstm_frozen,clean,template,13,test_unseen_all+norm,bongo_1375,0,0.000302
