model,variant,split,seed,set,id,label,prob
bilstm_finetuned,strip,template,13,val,bongo_0004,1,0.999992
bilstm_finetuned,strip,template,13,val,bongo_0007,1,0.999946
bilstm_finetuned,strip,template,13,val,bongo_0008,0,0.000042
bilstm_finetuned,strip,template,13,val,bongo_0031,1,0.999992
bilstm_finetuned,strip,template,13,val,bongo_0033,0,0.000025
bilstm_finetuned,strip,template,13,val,bongo_0036,1,0.999988
bilstm_finetuned,strip,template,13,val,bongo_0046,1,0.999992
bilstm_finetuned,strip,template,13,val,bongo_0052,1,0.999986
bilstm_finetuned,strip,template,13,val,bongo_0057,1,0.999926
bilstm_finetuned,strip,template,13,val,bongo_0063,0,0.000034
bilstm_finetuned,strip,template,13,val,bongo_0065,0,0.000042
bilstm_finetuned,strip,template,13,val,bongo_0076,0,0.000022
bilstm_finetuned,strip,template,13,val,bongo_0081,0,0.000028
bilstm_finetuned,strip,template,13,val,bongo_0088,1,0.999974
bilstm_finetuned,strip,template,13,val,bongo_0089,1,0.999992
bilstm_finetuned,strip,template,13,val,bongo_0095,0,0.000016
bilstm_finetuned,strip,template,13,val,bongo_0101,1,0.999899
bilstm_finetuned,strip,template,13,val,bongo_0102,1,0.999994
bilstm_finetuned,strip,template,13,val,bongo_0103,1,0.999663
bilstm_finetuned,strip,template,13,val,bongo_0105,0,0.000023
bilstm_finetuned,strip,template,13,val,bongo_0111,0,0.000028
bilstm_finetuned,strip,template,13,val,bongo_0120,1,0.999992
bilstm_finetuned,strip,template,13,val,bongo_0121,0,0.000049
bilstm_finetuned,strip,template,13,val,bongo_0127,0,0.000011
bilstm_finetuned,strip,template,13,val,bongo_0145,0,0.000029
bilstm_finetuned,strip,template,13,val,bongo_0148,0,0.000356
bilstm_finetuned,strip,template,13,val,bongo_0181,1,0.999756
bilstm_finetuned,strip,template,13,val,bongo_0186,0,0.000024
bilstm_finetuned,strip,template,13,val,bongo_0191,0,0.000023
bilstm_finetuned,strip,template,13,val,bongo_0210,1,0.999986
bilstm_finetuned,strip,template,13,val,bongo_0226,1,0.999992
bilstm_finetuned,strip,template,13,val,bongo_0228,1,0.999992
bilstm_finetuned,strip,template,13,val,bongo_0235,1,0.999992
bilstm_finetuned,strip,template,13,val,bongo_0243,1,0.999991
bilstm_finetuned,strip,template,13,val,bongo_0247,1,0.999991
bilstm_finetuned,strip,template,13,val,bongo_0248,1,0.999994
bilstm_finetuned,strip,template,13,val,bongo_0264,0,0.000179
bilstm_finetuned,strip,template,13,val,bongo_0275,0,0.000032
bilstm_finetuned,strip,template,13,val,bongo_0278,1,0.999991
bilstm_finetuned,strip,template,13,val,bongo_0312,1,0.999992
bilstm_finetuned,strip,template,13,val,bongo_0315,1,0.999982
bilstm_finetuned,strip,template,13,val,bongo_0319,1,0.999991
bilstm_finetuned,strip,template,13,val,bongo_0353,1,0.999971
bilstm_finetuned,strip,template,13,val,bongo_0370,1,0.999949
bilstm_finetuned,strip,template,13,val,bongo_0377,1,0.999947
bilstm_finetuned,strip,template,13,val,bongo_0393,0,0.000043
bilstm_finetuned,strip,template,13,val,bongo_0403,1,0.999994
bilstm_finetuned,strip,template,13,val,bongo_0410,0,0.000017
bilstm_finetuned,strip,template,13,val,bongo_0411,0,0.000034
bilstm_finetuned,strip,template,13,val,bongo_0426,0,0.000011
bilstm_finetuned,strip,template,13,val,bongo_0430,0,0.000260
bilstm_finetuned,strip,template,13,val,bongo_0438,1,0.999919
bilstm_finetuned,strip,template,13,val,bongo_0451,1,0.999902
bilstm_finetuned,strip,template,13,val,bongo_0455,1,0.999981
bilstm_finetuned,strip,template,13,val,bongo_0466,1,0.999974
bilstm_finetuned,strip,template,13,val,bongo_0495,0,0.000219
bilstm_finetuned,strip,template,13,val,bongo_0499,1,0.999990
bilstm_finetuned,strip,template,13,val,bongo_0502,1,0.999958
bilstm_finetuned,strip,template,13,val,bongo_0548,0,0.000031
bilstm_finetuned,strip,template,13,val,bongo_0556,1,0.999965
bilstm_finetuned,strip,template,13,val,bongo_0557,1,0.999958
bilstm_finetuned,strip,template,13,val,bongo_0561,0,0.001774
bilstm_finetuned,strip,template,13,val,bongo_0563,0,0.000032
bilstm_finetuned,strip,template,13,val,bongo_0570,1,0.999992
bilstm_finetuned,strip,template,13,val,bongo_0581,0,0.000014
bilstm_finetuned,strip,template,13,val,bongo_0587,1,0.999958
bilstm_finetuned,strip,template,13,val,bongo_0593,0,0.000022
bilstm_finetuned,strip,template,13,val,bongo_0607,0,0.000033
bilstm_finetuned,strip,template,13,val,bongo_0610,0,0.000010
bilstm_finetuned,strip,template,13,val,bongo_0632,1,0.999991
bilstm_finetuned,strip,template,13,val,bongo_0634,0,0.000041
bilstm_finetuned,strip,template,13,val,bongo_0637,1,0.999983
bilstm_finetuned,strip,template,13,val,bongo_0643,0,0.000036
bilstm_finetuned,strip,template,13,val,bongo_0666,1,0.999974
bilstm_finetuned,strip,template,13,val,bongo_0672,0,0.000110
bilstm_finetuned,strip,template,13,val,bongo_0680,1,0.999909
bilstm_finetuned,strip,template,13,val,bongo_0681,0,0.000037
bilstm_finetuned,strip,template,13,val,bongo_0693,0,0.000023
bilstm_finetuned,strip,template,13,val,bongo_0694,0,0.000516
bilstm_finetuned,strip,template,13,val,bongo_0698,1,0.999992
bilstm_finetuned,strip,template,13,val,bongo_0726,0,0.000101
bilstm_finetuned,strip,template,13,val,bongo_0742,0,0.000027
bilstm_finetuned,strip,template,13,val,bongo_0752,0,0.000040
bilstm_finetuned,strip,template,13,val,bongo_0754,0,0.000009
bilstm_finetuned,strip,template,13,val,bongo_0762,1,0.999890
bilstm_finetuned,strip,template,13,val,bongo_0764,1,0.999991
bilstm_finetuned,strip,template,13,val,bongo_0788,1,0.999991
bilstm_finetuned,strip,template,13,val,bongo_0805,0,0.000024
bilstm_finetuned,strip,template,13,val,bongo_0809,0,0.000023
bilstm_finetuned,strip,template,13,val,bongo_0811,1,0.999991
bilstm_finetuned,strip,template,13,val,bongo_0823,1,0.999945
bilstm_finetuned,strip,template,13,val,bongo_0827,1,0.999990
bilstm_finetuned,strip,template,13,val,bongo_0833,0,0.000036
bilstm_finetuned,strip,template,13,val,bongo_0844,1,0.999992
bilstm_finetuned,strip,template,13,val,bongo_0869,1,0.999970
bilstm_finetuned,strip,template,13,val,bongo_0880,1,0.999991
bilstm_finetuned,strip,template,13,val,bongo_0886,1,0.999932
bilstm_finetuned,strip,template,13,val,bongo_0911,1,0.999950
bilstm_finetuned,strip,template,13,val,bongo_0919,0,0.000023
bilstm_finetuned,strip,template,13,val,bongo_0921,1,0.999986
bilstm_finetuned,strip,template,13,val,bongo_0922,0,0.000030
bilstm_finetuned,strip,template,13,val,bongo_0923,1,0.999982
bilstm_finetuned,strip,template,13,val,bongo_0943,1,0.999989
bilstm_finetuned,strip,template,13,val,bongo_0948,1,0.999981
bilstm_finetuned,strip,template,13,val,bongo_0949,1,0.999901
bilstm_finetuned,strip,template,13,val,bongo_0959,1,0.999983
bilstm_finetuned,strip,template,13,val,bongo_0961,1,0.999957
bilstm_finetuned,strip,template,13,val,bongo_0973,0,0.000031
bilstm_finetuned,strip,template,13,val,bongo_0988,0,0.000035
bilstm_finetuned,strip,template,13,val,bongo_0992,0,0.000211
bilstm_finetuned,strip,template,13,val,bongo_1001,1,0.999989
bilstm_finetuned,strip,template,13,val,bongo_1028,1,0.999991
bilstm_finetuned,strip,template,13,val,bongo_1039,0,0.000024
bilstm_finetuned,strip,template,13,val,bongo_1044,0,0.000018
bilstm_finetuned,strip,template,13,val,bongo_1082,0,0.007969
bilstm_finetuned,strip,template,13,val,bongo_1086,1,0.999946
bilstm_finetuned,strip,template,13,val,bongo_1099,0,0.000197
bilstm_finetuned,strip,template,13,val,bongo_1101,1,0.999966
bilstm_finetuned,strip,template,13,val,bongo_1108,0,0.000028
bilstm_finetuned,strip,template,13,val,bongo_1109,0,0.000035
bilstm_finetuned,strip,template,13,val,bongo_1120,0,0.000016
bilstm_finetuned,strip,template,13,val,bongo_1124,0,0.000023
bilstm_finetuned,strip,template,13,val,bongo_1130,1,0.999991
bilstm_finetuned,strip,template,13,val,bongo_1132,1,0.999961
bilstm_finetuned,strip,template,13,val,bongo_1137,1,0.999983
bilstm_finetuned,strip,template,13,val,bongo_1145,0,0.000043
bilstm_finetuned,strip,template,13,val,bongo_1153,0,0.000021
bilstm_finetuned,strip,template,13,val,bongo_1161,0,0.000272
bilstm_finetuned,strip,template,13,val,bongo_1162,0,0.014535
bilstm_finetuned,strip,template,13,val,bongo_1163,1,0.999982
bilstm_finetuned,strip,template,13,val,bongo_1166,1,0.999988
bilstm_finetuned,strip,template,13,val,bongo_1197,1,0.999917
bilstm_finetuned,strip,template,13,val,bongo_1203,1,0.999988
bilstm_finetuned,strip,template,13,val,bongo_1212,0,0.000034
bilstm_finetuned,strip,template,13,val,bongo_1213,1,0.999936
bilstm_finetuned,strip,template,13,val,bongo_1216,0,0.000513
bilstm_finetuned,strip,template,13,val,bongo_1224,1,0.999955
bilstm_finetuned,strip,template,13,val,bongo_1247,1,0.999947
bilstm_finetuned,strip,template,13,val,bongo_1251,1,0.999992
bilstm_finetuned,strip,template,13,val,bongo_1257,1,0.999963
bilstm_finetuned,strip,template,13,val,bongo_1258,1,0.999992
bilstm_finetuned,strip,template,13,val,bongo_1265,0,0.000036
bilstm_finetuned,strip,template,13,val,bongo_1272,0,0.000046
bilstm_finetuned,strip,template,13,val,bongo_1275,0,0.000017
bilstm_finetuned,strip,template,13,val,bongo_1296,0,0.000019
bilstm_finetuned,strip,template,13,val,bongo_1299,1,0.999961
bilstm_finetuned,strip,template,13,val,bongo_1307,1,0.999965
bilstm_finetuned,strip,template,13,val,bongo_1328,0,0.000029
bilstm_finetuned,strip,template,13,val,bongo_1335,0,0.082144
bilstm_finetuned,strip,template,13,val,bongo_1341,0,0.000045
bilstm_finetuned,strip,template,13,val,bongo_1349,0,0.000043
bilstm_finetuned,strip,template,13,val,bongo_1360,0,0.000024
bilstm_finetuned,strip,template,13,test,bongo_0025,1,0.999986
bilstm_finetuned,strip,template,13,test,bongo_0029,0,0.024916
bilstm_finetuned,strip,template,13,test,bongo_0039,1,0.999991
bilstm_finetuned,strip,template,13,test,bongo_0047,1,0.999977
bilstm_finetuned,strip,template,13,test,bongo_0053,0,0.000037
bilstm_finetuned,strip,template,13,test,bongo_0055,1,0.015642
bilstm_finetuned,strip,template,13,test,bongo_0061,1,0.999593
bilstm_finetuned,strip,template,13,test,bongo_0097,0,0.000402
bilstm_finetuned,strip,template,13,test,bongo_0107,0,0.000016
bilstm_finetuned,strip,template,13,test,bongo_0110,0,0.000012
bilstm_finetuned,strip,template,13,test,bongo_0112,1,0.158828
bilstm_finetuned,strip,template,13,test,bongo_0115,0,0.000422
bilstm_finetuned,strip,template,13,test,bongo_0143,0,0.000057
bilstm_finetuned,strip,template,13,test,bongo_0146,1,0.999989
bilstm_finetuned,strip,template,13,test,bongo_0154,1,0.999981
bilstm_finetuned,strip,template,13,test,bongo_0159,1,0.015670
bilstm_finetuned,strip,template,13,test,bongo_0160,0,0.000022
bilstm_finetuned,strip,template,13,test,bongo_0172,0,0.240197
bilstm_finetuned,strip,template,13,test,bongo_0173,1,0.112209
bilstm_finetuned,strip,template,13,test,bongo_0175,0,0.000021
bilstm_finetuned,strip,template,13,test,bongo_0182,0,0.000009
bilstm_finetuned,strip,template,13,test,bongo_0195,1,0.999919
bilstm_finetuned,strip,template,13,test,bongo_0197,0,0.000031
bilstm_finetuned,strip,template,13,test,bongo_0201,1,0.999991
bilstm_finetuned,strip,template,13,test,bongo_0203,1,0.999984
bilstm_finetuned,strip,template,13,test,bongo_0250,1,0.015670
bilstm_finetuned,strip,template,13,test,bongo_0253,0,0.000044
bilstm_finetuned,strip,template,13,test,bongo_0255,1,0.061632
bilstm_finetuned,strip,template,13,test,bongo_0265,1,0.114116
bilstm_finetuned,strip,template,13,test,bongo_0271,0,0.000028
bilstm_finetuned,strip,template,13,test,bongo_0300,0,0.000029
bilstm_finetuned,strip,template,13,test,bongo_0306,0,0.000039
bilstm_finetuned,strip,template,13,test,bongo_0356,1,0.158936
bilstm_finetuned,strip,template,13,test,bongo_0360,1,0.999974
bilstm_finetuned,strip,template,13,test,bongo_0361,1,0.999984
bilstm_finetuned,strip,template,13,test,bongo_0363,0,0.000029
bilstm_finetuned,strip,template,13,test,bongo_0368,0,0.000151
bilstm_finetuned,strip,template,13,test,bongo_0372,0,0.000041
bilstm_finetuned,strip,template,13,test,bongo_0380,1,0.060688
bilstm_finetuned,strip,template,13,test,bongo_0389,0,0.000026
bilstm_finetuned,strip,template,13,test,bongo_0395,0,0.000519
bilstm_finetuned,strip,template,13,test,bongo_0405,1,0.999888
bilstm_finetuned,strip,template,13,test,bongo_0424,1,0.999991
bilstm_finetuned,strip,template,13,test,bongo_0427,0,0.000363
bilstm_finetuned,strip,template,13,test,bongo_0434,1,0.015642
bilstm_finetuned,strip,template,13,test,bongo_0463,0,0.000253
bilstm_finetuned,strip,template,13,test,bongo_0476,1,0.999935
bilstm_finetuned,strip,template,13,test,bongo_0510,1,0.999990
bilstm_finetuned,strip,template,13,test,bongo_0531,0,0.000083
bilstm_finetuned,strip,template,13,test,bongo_0542,0,0.000019
bilstm_finetuned,strip,template,13,test,bongo_0545,0,0.000022
bilstm_finetuned,strip,template,13,test,bongo_0560,1,0.999946
bilstm_finetuned,strip,template,13,test,bongo_0565,1,0.293673
bilstm_finetuned,strip,template,13,test,bongo_0566,1,0.999994
bilstm_finetuned,strip,template,13,test,bongo_0571,0,0.000022
bilstm_finetuned,strip,template,13,test,bongo_0577,1,0.999893
bilstm_finetuned,strip,template,13,test,bongo_0580,1,0.999920
bilstm_finetuned,strip,template,13,test,bongo_0621,1,0.999867
bilstm_finetuned,strip,template,13,test,bongo_0624,1,0.999985
bilstm_finetuned,strip,template,13,test,bongo_0630,0,0.000086
bilstm_finetuned,strip,template,13,test,bongo_0638,1,0.999989
bilstm_finetuned,strip,template,13,test,bongo_0648,0,0.004569
bilstm_finetuned,strip,template,13,test,bongo_0674,0,0.000016
bilstm_finetuned,strip,template,13,test,bongo_0685,0,0.009332
bilstm_finetuned,strip,template,13,test,bongo_0697,1,0.293673
bilstm_finetuned,strip,template,13,test,bongo_0701,0,0.000023
bilstm_finetuned,strip,template,13,test,bongo_0706,1,0.158584
bilstm_finetuned,strip,template,13,test,bongo_0719,1,0.060649
bilstm_finetuned,strip,template,13,test,bongo_0721,1,0.999969
bilstm_finetuned,strip,template,13,test,bongo_0724,1,0.297105
bilstm_finetuned,strip,template,13,test,bongo_0729,1,0.999893
bilstm_finetuned,strip,template,13,test,bongo_0741,0,0.000022
bilstm_finetuned,strip,template,13,test,bongo_0749,1,0.115142
bilstm_finetuned,strip,template,13,test,bongo_0769,1,0.999982
bilstm_finetuned,strip,template,13,test,bongo_0770,1,0.015642
bilstm_finetuned,strip,template,13,test,bongo_0778,1,0.114960
bilstm_finetuned,strip,template,13,test,bongo_0787,1,0.999974
bilstm_finetuned,strip,template,13,test,bongo_0795,0,0.000104
bilstm_finetuned,strip,template,13,test,bongo_0806,1,0.297105
bilstm_finetuned,strip,template,13,test,bongo_0807,1,0.999989
bilstm_finetuned,strip,template,13,test,bongo_0818,0,0.002218
bilstm_finetuned,strip,template,13,test,bongo_0819,0,0.000090
bilstm_finetuned,strip,template,13,test,bongo_0835,0,0.000019
bilstm_finetuned,strip,template,13,test,bongo_0840,1,0.999974
bilstm_finetuned,strip,template,13,test,bongo_0855,1,0.293540
bilstm_finetuned,strip,template,13,test,bongo_0856,0,0.000047
bilstm_finetuned,strip,template,13,test,bongo_0864,1,0.999991
bilstm_finetuned,strip,template,13,test,bongo_0871,1,0.999985
bilstm_finetuned,strip,template,13,test,bongo_0872,0,0.004886
bilstm_finetuned,strip,template,13,test,bongo_0904,0,0.000118
bilstm_finetuned,strip,template,13,test,bongo_0905,1,0.999991
bilstm_finetuned,strip,template,13,test,bongo_0909,1,0.999868
bilstm_finetuned,strip,template,13,test,bongo_0917,1,0.015964
bilstm_finetuned,strip,template,13,test,bongo_0918,1,0.999902
bilstm_finetuned,strip,template,13,test,bongo_0950,0,0.000025
bilstm_finetuned,strip,template,13,test,bongo_0955,1,0.999988
bilstm_finetuned,strip,template,13,test,bongo_0956,0,0.000021
bilstm_finetuned,strip,template,13,test,bongo_0971,0,0.000025
bilstm_finetuned,strip,template,13,test,bongo_0983,0,0.000063
bilstm_finetuned,strip,template,13,test,bongo_0989,1,0.999985
bilstm_finetuned,strip,template,13,test,bongo_0994,0,0.000081
bilstm_finetuned,strip,template,13,test,bongo_1003,1,0.999946
bilstm_finetuned,strip,template,13,test,bongo_1006,0,0.000028
bilstm_finetuned,strip,template,13,test,bongo_1012,1,0.115217
bilstm_finetuned,strip,template,13,test,bongo_1015,0,0.000012
bilstm_finetuned,strip,template,13,test,bongo_1022,1,0.060540
bilstm_finetuned,strip,template,13,test,bongo_1037,0,0.000038
bilstm_finetuned,strip,template,13,test,bongo_1040,0,0.000035
bilstm_finetuned,strip,template,13,test,bongo_1042,1,0.999934
bilstm_finetuned,strip,template,13,test,bongo_1047,1,0.999991
bilstm_finetuned,strip,template,13,test,bongo_1050,0,0.000022
bilstm_finetuned,strip,template,13,test,bongo_1052,1,0.999989
bilstm_finetuned,strip,template,13,test,bongo_1059,0,0.000019
bilstm_finetuned,strip,template,13,test,bongo_1071,0,0.000027
bilstm_finetuned,strip,template,13,test,bongo_1090,0,0.000014
bilstm_finetuned,strip,template,13,test,bongo_1104,1,0.999988
bilstm_finetuned,strip,template,13,test,bongo_1115,0,0.000006
bilstm_finetuned,strip,template,13,test,bongo_1123,0,0.000026
bilstm_finetuned,strip,template,13,test,bongo_1125,0,0.001677
bilstm_finetuned,strip,template,13,test,bongo_1127,1,0.111988
bilstm_finetuned,strip,template,13,test,bongo_1131,1,0.999989
bilstm_finetuned,strip,template,13,test,bongo_1134,1,0.161070
bilstm_finetuned,strip,template,13,test,bongo_1135,0,0.006338
bilstm_finetuned,strip,template,13,test,bongo_1136,1,0.999984
bilstm_finetuned,strip,template,13,test,bongo_1138,1,0.999991
bilstm_finetuned,strip,template,13,test,bongo_1140,1,0.999882
bilstm_finetuned,strip,template,13,test,bongo_1154,1,0.999988
bilstm_finetuned,strip,template,13,test,bongo_1155,0,0.000024
bilstm_finetuned,strip,template,13,test,bongo_1171,1,0.999988
bilstm_finetuned,strip,template,13,test,bongo_1181,1,0.999931
bilstm_finetuned,strip,template,13,test,bongo_1185,1,0.060482
bilstm_finetuned,strip,template,13,test,bongo_1194,0,0.000497
bilstm_finetuned,strip,template,13,test,bongo_1195,1,0.293153
bilstm_finetuned,strip,template,13,test,bongo_1198,0,0.000064
bilstm_finetuned,strip,template,13,test,bongo_1204,1,0.015677
bilstm_finetuned,strip,template,13,test,bongo_1220,1,0.999991
bilstm_finetuned,strip,template,13,test,bongo_1233,1,0.999994
bilstm_finetuned,strip,template,13,test,bongo_1236,0,0.000040
bilstm_finetuned,strip,template,13,test,bongo_1240,1,0.061632
bilstm_finetuned,strip,template,13,test,bongo_1244,0,0.000019
bilstm_finetuned,strip,template,13,test,bongo_1249,0,0.000009
bilstm_finetuned,strip,template,13,test,bongo_1253,0,0.000047
bilstm_finetuned,strip,template,13,test,bongo_1260,0,0.000025
bilstm_finetuned,strip,template,13,test,bongo_1262,0,0.000033
bilstm_finetuned,strip,template,13,test,bongo_1278,1,0.116848
bilstm_finetuned,strip,template,13,test,bongo_1285,0,0.000022
bilstm_finetuned,strip,template,13,test,bongo_1293,1,0.999987
bilstm_finetuned,strip,template,13,test,bongo_1316,0,0.000063
bilstm_finetuned,strip,template,13,test,bongo_1327,1,0.015620
bilstm_finetuned,strip,template,13,test,bongo_1330,0,0.046217
bilstm_finetuned,strip,template,13,test,bongo_1359,0,0.000111
bilstm_finetuned,strip,template,13,test,bongo_1375,0,0.000035
bilstm_finetuned,strip,template,13,test_lookalike_1,bongo_0025,1,0.999983
bilstm_finetuned,strip,template,13,test_lookalike_1,bongo_0029,0,0.024916
bilstm_finetuned,strip,template,13,test_lookalike_1,bongo_0039,1,0.999880
bilstm_finetuned,strip,template,13,test_lookalike_1,bongo_0047,1,0.999977
bilstm_finetuned,strip,template,13,test_lookalike_1,bongo_0053,0,0.000037
bilstm_finetuned,strip,template,13,test_lookalike_1,bongo_0055,1,0.016924
bilstm_finetuned,strip,template,13,test_lookalike_1,bongo_0061,1,0.999675
bilstm_finetuned,strip,template,13,test_lookalike_1,bongo_0097,0,0.000402
bilstm_finetuned,strip,template,13,test_lookalike_1,bongo_0107,0,0.000016
bilstm_finetuned,strip,template,13,test_lookalike_1,bongo_0110,0,0.000012
bilstm_finetuned,strip,template,13,test_lookalike_1,bongo_0112,1,0.167070
bilstm_finetuned,strip,template,13,test_lookalike_1,bongo_0115,0,0.000422
bilstm_finetuned,strip,template,13,test_lookalike_1,bongo_0143,0,0.000057
bilstm_finetuned,strip,template,13,test_lookalike_1,bongo_0146,1,0.999989
bilstm_finetuned,strip,template,13,test_lookalike_1,bongo_0154,1,0.998884
bilstm_finetuned,strip,template,13,test_lookalike_1,bongo_0159,1,0.016924
bilstm_finetuned,strip,template,13,test_lookalike_1,bongo_0160,0,0.000022
bilstm_finetuned,strip,template,13,test_lookalike_1,bongo_0172,0,0.240197
bilstm_finetuned,strip,template,13,test_lookalike_1,bongo_0173,1,0.118805
bilstm_finetuned,strip,template,13,test_lookalike_1,bongo_0175,0,0.000021
bilstm_finetuned,strip,template,13,test_lookalike_1,bongo_0182,0,0.000009
bilstm_finetuned,strip,template,13,test_lookalike_1,bongo_0195,1,0.999580
bilstm_finetuned,strip,template,13,test_lookalike_1,bongo_0197,0,0.000031
bilstm_finetuned,strip,template,13,test_lookalike_1,bongo_0201,1,0.999990
bilstm_finetuned,strip,template,13,test_lookalike_1,bongo_0203,1,0.908109
bilstm_finetuned,strip,template,13,test_lookalike_1,bongo_0250,1,0.016970
bilstm_finetuned,strip,template,13,test_lookalike_1,bongo_0253,0,0.000044
bilstm_finetuned,strip,template,13,test_lookalike_1,bongo_0255,1,0.065890
bilstm_finetuned,strip,template,13,test_lookalike_1,bongo_0265,1,0.120437
bilstm_finetuned,strip,template,13,test_lookalike_1,bongo_0271,0,0.000028
bilstm_finetuned,strip,template,13,test_lookalike_1,bongo_0300,0,0.000029
bilstm_finetuned,strip,template,13,test_lookalike_1,bongo_0306,0,0.000039
bilstm_finetuned,strip,template,13,test_lookalike_1,bongo_0356,1,0.167504
bilstm_finetuned,strip,template,13,test_lookalike_1,bongo_0360,1,0.999974
bilstm_finetuned,strip,template,13,test_lookalike_1,bongo_0361,1,0.905616
bilstm_finetuned,strip,template,13,test_lookalike_1,bongo_0363,0,0.000029
bilstm_finetuned,strip,template,13,test_lookalike_1,bongo_0368,0,0.000151
bilstm_finetuned,strip,template,13,test_lookalike_1,bongo_0372,0,0.000041
bilstm_finetuned,strip,template,13,test_lookalike_1,bongo_0380,1,0.064273
bilstm_finetuned,strip,template,13,test_lookalike_1,bongo_0389,0,0.000026
bilstm_finetuned,strip,template,13,test_lookalike_1,bongo_0395,0,0.000519
bilstm_finetuned,strip,template,13,test_lookalike_1,bongo_0405,1,0.999877
bilstm_finetuned,strip,template,13,test_lookalike_1,bongo_0424,1,0.999990
bilstm_finetuned,strip,template,13,test_lookalike_1,bongo_0427,0,0.000363
bilstm_finetuned,strip,template,13,test_lookalike_1,bongo_0434,1,0.016924
bilstm_finetuned,strip,template,13,test_lookalike_1,bongo_0463,0,0.000253
bilstm_finetuned,strip,template,13,test_lookalike_1,bongo_0476,1,0.938293
bilstm_finetuned,strip,template,13,test_lookalike_1,bongo_0510,1,0.999991
bilstm_finetuned,strip,template,13,test_lookalike_1,bongo_0531,0,0.000083
bilstm_finetuned,strip,template,13,test_lookalike_1,bongo_0542,0,0.000019
bilstm_finetuned,strip,template,13,test_lookalike_1,bongo_0545,0,0.000022
bilstm_finetuned,strip,template,13,test_lookalike_1,bongo_0560,1,0.999946
bilstm_finetuned,strip,template,13,test_lookalike_1,bongo_0565,1,0.306285
bilstm_finetuned,strip,template,13,test_lookalike_1,bongo_0566,1,0.999994
bilstm_finetuned,strip,template,13,test_lookalike_1,bongo_0571,0,0.000022
bilstm_finetuned,strip,template,13,test_lookalike_1,bongo_0577,1,0.999896
bilstm_finetuned,strip,template,13,test_lookalike_1,bongo_0580,1,0.997919
bilstm_finetuned,strip,template,13,test_lookalike_1,bongo_0621,1,0.999924
bilstm_finetuned,strip,template,13,test_lookalike_1,bongo_0624,1,0.999984
bilstm_finetuned,strip,template,13,test_lookalike_1,bongo_0630,0,0.000086
bilstm_finetuned,strip,template,13,test_lookalike_1,bongo_0638,1,0.999989
bilstm_finetuned,strip,template,13,test_lookalike_1,bongo_0648,0,0.004569
bilstm_finetuned,strip,template,13,test_lookalike_1,bongo_0674,0,0.000016
bilstm_finetuned,strip,template,13,test_lookalike_1,bongo_0685,0,0.009332
bilstm_finetuned,strip,template,13,test_lookalike_1,bongo_0697,1,0.306965
bilstm_finetuned,strip,template,13,test_lookalike_1,bongo_0701,0,0.000023
bilstm_finetuned,strip,template,13,test_lookalike_1,bongo_0706,1,0.167063
bilstm_finetuned,strip,template,13,test_lookalike_1,bongo_0719,1,0.064464
bilstm_finetuned,strip,template,13,test_lookalike_1,bongo_0721,1,0.970909
bilstm_finetuned,strip,template,13,test_lookalike_1,bongo_0724,1,0.312636
bilstm_finetuned,strip,template,13,test_lookalike_1,bongo_0729,1,0.658449
bilstm_finetuned,strip,template,13,test_lookalike_1,bongo_0741,0,0.000022
bilstm_finetuned,strip,template,13,test_lookalike_1,bongo_0749,1,0.121504
bilstm_finetuned,strip,template,13,test_lookalike_1,bongo_0769,1,0.870590
bilstm_finetuned,strip,template,13,test_lookalike_1,bongo_0770,1,0.016972
bilstm_finetuned,strip,template,13,test_lookalike_1,bongo_0778,1,0.121705
bilstm_finetuned,strip,template,13,test_lookalike_1,bongo_0787,1,0.999974
bilstm_finetuned,strip,template,13,test_lookalike_1,bongo_0795,0,0.000104
bilstm_finetuned,strip,template,13,test_lookalike_1,bongo_0806,1,0.313577
bilstm_finetuned,strip,template,13,test_lookalike_1,bongo_0807,1,0.999990
bilstm_finetuned,strip,template,13,test_lookalike_1,bongo_0818,0,0.002218
bilstm_finetuned,strip,template,13,test_lookalike_1,bongo_0819,0,0.000090
bilstm_finetuned,strip,template,13,test_lookalike_1,bongo_0835,0,0.000019
bilstm_finetuned,strip,template,13,test_lookalike_1,bongo_0840,1,0.999974
bilstm_finetuned,strip,template,13,test_lookalike_1,bongo_0855,1,0.306242
bilstm_finetuned,strip,template,13,test_lookalike_1,bongo_0856,0,0.000047
bilstm_finetuned,strip,template,13,test_lookalike_1,bongo_0864,1,0.999775
bilstm_finetuned,strip,template,13,test_lookalike_1,bongo_0871,1,0.999984
bilstm_finetuned,strip,template,13,test_lookalike_1,bongo_0872,0,0.004886
bilstm_finetuned,strip,template,13,test_lookalike_1,bongo_0904,0,0.000118
bilstm_finetuned,strip,template,13,test_lookalike_1,bongo_0905,1,0.999779
bilstm_finetuned,strip,template,13,test_lookalike_1,bongo_0909,1,0.999905
bilstm_finetuned,strip,template,13,test_lookalike_1,bongo_0917,1,0.017489
bilstm_finetuned,strip,template,13,test_lookalike_1,bongo_0918,1,0.999896
bilstm_finetuned,strip,template,13,test_lookalike_1,bongo_0950,0,0.000025
bilstm_finetuned,strip,template,13,test_lookalike_1,bongo_0955,1,0.999988
bilstm_finetuned,strip,template,13,test_lookalike_1,bongo_0956,0,0.000021
bilstm_finetuned,strip,template,13,test_lookalike_1,bongo_0971,0,0.000025
bilstm_finetuned,strip,template,13,test_lookalike_1,bongo_0983,0,0.000063
bilstm_finetuned,strip,template,13,test_lookalike_1,bongo_0989,1,0.999984
bilstm_finetuned,strip,template,13,test_lookalike_1,bongo_0994,0,0.000081
bilstm_finetuned,strip,template,13,test_lookalike_1,bongo_1003,1,0.999946
bilstm_finetuned,strip,template,13,test_lookalike_1,bongo_1006,0,0.000028
bilstm_finetuned,strip,template,13,test_lookalike_1,bongo_1012,1,0.121749
bilstm_finetuned,strip,template,13,test_lookalike_1,bongo_1015,0,0.000012
bilstm_finetuned,strip,template,13,test_lookalike_1,bongo_1022,1,0.064271
bilstm_finetuned,strip,template,13,test_lookalike_1,bongo_1037,0,0.000038
bilstm_finetuned,strip,template,13,test_lookalike_1,bongo_1040,0,0.000035
bilstm_finetuned,strip,template,13,test_lookalike_1,bongo_1042,1,0.999942
bilstm_finetuned,strip,template,13,test_lookalike_1,bongo_1047,1,0.999926
bilstm_finetuned,strip,template,13,test_lookalike_1,bongo_1050,0,0.000022
bilstm_finetuned,strip,template,13,test_lookalike_1,bongo_1052,1,0.999987
bilstm_finetuned,strip,template,13,test_lookalike_1,bongo_1059,0,0.000019
bilstm_finetuned,strip,template,13,test_lookalike_1,bongo_1071,0,0.000027
bilstm_finetuned,strip,template,13,test_lookalike_1,bongo_1090,0,0.000014
bilstm_finetuned,strip,template,13,test_lookalike_1,bongo_1104,1,0.999989
bilstm_finetuned,strip,template,13,test_lookalike_1,bongo_1115,0,0.000006
bilstm_finetuned,strip,template,13,test_lookalike_1,bongo_1123,0,0.000026
bilstm_finetuned,strip,template,13,test_lookalike_1,bongo_1125,0,0.001677
bilstm_finetuned,strip,template,13,test_lookalike_1,bongo_1127,1,0.118779
bilstm_finetuned,strip,template,13,test_lookalike_1,bongo_1131,1,0.999989
bilstm_finetuned,strip,template,13,test_lookalike_1,bongo_1134,1,0.171556
bilstm_finetuned,strip,template,13,test_lookalike_1,bongo_1135,0,0.006338
bilstm_finetuned,strip,template,13,test_lookalike_1,bongo_1136,1,0.998905
bilstm_finetuned,strip,template,13,test_lookalike_1,bongo_1138,1,0.999751
bilstm_finetuned,strip,template,13,test_lookalike_1,bongo_1140,1,0.999865
bilstm_finetuned,strip,template,13,test_lookalike_1,bongo_1154,1,0.999989
bilstm_finetuned,strip,template,13,test_lookalike_1,bongo_1155,0,0.000024
bilstm_finetuned,strip,template,13,test_lookalike_1,bongo_1171,1,0.999988
bilstm_finetuned,strip,template,13,test_lookalike_1,bongo_1181,1,0.992697
bilstm_finetuned,strip,template,13,test_lookalike_1,bongo_1185,1,0.066100
bilstm_finetuned,strip,template,13,test_lookalike_1,bongo_1194,0,0.000497
bilstm_finetuned,strip,template,13,test_lookalike_1,bongo_1195,1,0.306316
bilstm_finetuned,strip,template,13,test_lookalike_1,bongo_1198,0,0.000064
bilstm_finetuned,strip,template,13,test_lookalike_1,bongo_1204,1,0.016971
bilstm_finetuned,strip,template,13,test_lookalike_1,bongo_1220,1,0.999786
bilstm_finetuned,strip,template,13,test_lookalike_1,bongo_1233,1,0.999994
bilstm_finetuned,strip,template,13,test_lookalike_1,bongo_1236,0,0.000040
bilstm_finetuned,strip,template,13,test_lookalike_1,bongo_1240,1,0.065997
bilstm_finetuned,strip,template,13,test_lookalike_1,bongo_1244,0,0.000019
bilstm_finetuned,strip,template,13,test_lookalike_1,bongo_1249,0,0.000009
bilstm_finetuned,strip,template,13,test_lookalike_1,bongo_1253,0,0.000047
bilstm_finetuned,strip,template,13,test_lookalike_1,bongo_1260,0,0.000025
bilstm_finetuned,strip,template,13,test_lookalike_1,bongo_1262,0,0.000033
bilstm_finetuned,strip,template,13,test_lookalike_1,bongo_1278,1,0.124919
bilstm_finetuned,strip,template,13,test_lookalike_1,bongo_1285,0,0.000022
bilstm_finetuned,strip,template,13,test_lookalike_1,bongo_1293,1,0.999988
bilstm_finetuned,strip,template,13,test_lookalike_1,bongo_1316,0,0.000063
bilstm_finetuned,strip,template,13,test_lookalike_1,bongo_1327,1,0.017333
bilstm_finetuned,strip,template,13,test_lookalike_1,bongo_1330,0,0.046217
bilstm_finetuned,strip,template,13,test_lookalike_1,bongo_1359,0,0.000111
bilstm_finetuned,strip,template,13,test_lookalike_1,bongo_1375,0,0.000035
bilstm_finetuned,strip,template,13,test_lookalike_3,bongo_0025,1,0.998201
bilstm_finetuned,strip,template,13,test_lookalike_3,bongo_0029,0,0.024916
bilstm_finetuned,strip,template,13,test_lookalike_3,bongo_0039,1,0.999868
bilstm_finetuned,strip,template,13,test_lookalike_3,bongo_0047,1,0.999972
bilstm_finetuned,strip,template,13,test_lookalike_3,bongo_0053,0,0.000037
bilstm_finetuned,strip,template,13,test_lookalike_3,bongo_0055,1,0.019199
bilstm_finetuned,strip,template,13,test_lookalike_3,bongo_0061,1,0.999710
bilstm_finetuned,strip,template,13,test_lookalike_3,bongo_0097,0,0.000402
bilstm_finetuned,strip,template,13,test_lookalike_3,bongo_0107,0,0.000016
bilstm_finetuned,strip,template,13,test_lookalike_3,bongo_0110,0,0.000012
bilstm_finetuned,strip,template,13,test_lookalike_3,bongo_0112,1,0.164448
bilstm_finetuned,strip,template,13,test_lookalike_3,bongo_0115,0,0.000422
bilstm_finetuned,strip,template,13,test_lookalike_3,bongo_0143,0,0.000057
bilstm_finetuned,strip,template,13,test_lookalike_3,bongo_0146,1,0.999989
bilstm_finetuned,strip,template,13,test_lookalike_3,bongo_0154,1,0.999176
bilstm_finetuned,strip,template,13,test_lookalike_3,bongo_0159,1,0.019134
bilstm_finetuned,strip,template,13,test_lookalike_3,bongo_0160,0,0.000022
bilstm_finetuned,strip,template,13,test_lookalike_3,bongo_0172,0,0.240197
bilstm_finetuned,strip,template,13,test_lookalike_3,bongo_0173,1,0.123446
bilstm_finetuned,strip,template,13,test_lookalike_3,bongo_0175,0,0.000021
bilstm_finetuned,strip,template,13,test_lookalike_3,bongo_0182,0,0.000009
bilstm_finetuned,strip,template,13,test_lookalike_3,bongo_0195,1,0.998271
bilstm_finetuned,strip,template,13,test_lookalike_3,bongo_0197,0,0.000031
bilstm_finetuned,strip,template,13,test_lookalike_3,bongo_0201,1,0.999986
bilstm_finetuned,strip,template,13,test_lookalike_3,bongo_0203,1,0.885286
bilstm_finetuned,strip,template,13,test_lookalike_3,bongo_0250,1,0.019033
bilstm_finetuned,strip,template,13,test_lookalike_3,bongo_0253,0,0.000044
bilstm_finetuned,strip,template,13,test_lookalike_3,bongo_0255,1,0.073699
bilstm_finetuned,strip,template,13,test_lookalike_3,bongo_0265,1,0.164222
bilstm_finetuned,strip,template,13,test_lookalike_3,bongo_0271,0,0.000028
bilstm_finetuned,strip,template,13,test_lookalike_3,bongo_0300,0,0.000029
bilstm_finetuned,strip,template,13,test_lookalike_3,bongo_0306,0,0.000039
bilstm_finetuned,strip,template,13,test_lookalike_3,bongo_0356,1,0.164950
bilstm_finetuned,strip,template,13,test_lookalike_3,bongo_0360,1,0.998414
bilstm_finetuned,strip,template,13,test_lookalike_3,bongo_0361,1,0.883988
bilstm_finetuned,strip,template,13,test_lookalike_3,bongo_0363,0,0.000029
bilstm_finetuned,strip,template,13,test_lookalike_3,bongo_0368,0,0.000151
bilstm_finetuned,strip,template,13,test_lookalike_3,bongo_0372,0,0.000041
bilstm_finetuned,strip,template,13,test_lookalike_3,bongo_0380,1,0.060652
bilstm_finetuned,strip,template,13,test_lookalike_3,bongo_0389,0,0.000026
bilstm_finetuned,strip,template,13,test_lookalike_3,bongo_0395,0,0.000519
bilstm_finetuned,strip,template,13,test_lookalike_3,bongo_0405,1,0.999965
bilstm_finetuned,strip,template,13,test_lookalike_3,bongo_0424,1,0.999990
bilstm_finetuned,strip,template,13,test_lookalike_3,bongo_0427,0,0.000363
bilstm_finetuned,strip,template,13,test_lookalike_3,bongo_0434,1,0.019134
bilstm_finetuned,strip,template,13,test_lookalike_3,bongo_0463,0,0.000253
bilstm_finetuned,strip,template,13,test_lookalike_3,bongo_0476,1,0.669159
bilstm_finetuned,strip,template,13,test_lookalike_3,bongo_0510,1,0.999994
bilstm_finetuned,strip,template,13,test_lookalike_3,bongo_0531,0,0.000083
bilstm_finetuned,strip,template,13,test_lookalike_3,bongo_0542,0,0.000019
bilstm_finetuned,strip,template,13,test_lookalike_3,bongo_0545,0,0.000022
bilstm_finetuned,strip,template,13,test_lookalike_3,bongo_0560,1,0.997851
bilstm_finetuned,strip,template,13,test_lookalike_3,bongo_0565,1,0.314284
bilstm_finetuned,strip,template,13,test_lookalike_3,bongo_0566,1,0.999994
bilstm_finetuned,strip,template,13,test_lookalike_3,bongo_0571,0,0.000022
bilstm_finetuned,strip,template,13,test_lookalike_3,bongo_0577,1,0.999852
bilstm_finetuned,strip,template,13,test_lookalike_3,bongo_0580,1,0.649126
bilstm_finetuned,strip,template,13,test_lookalike_3,bongo_0621,1,0.999718
bilstm_finetuned,strip,template,13,test_lookalike_3,bongo_0624,1,0.999982
bilstm_finetuned,strip,template,13,test_lookalike_3,bongo_0630,0,0.000086
bilstm_finetuned,strip,template,13,test_lookalike_3,bongo_0638,1,0.999989
bilstm_finetuned,strip,template,13,test_lookalike_3,bongo_0648,0,0.004569
bilstm_finetuned,strip,template,13,test_lookalike_3,bongo_0674,0,0.000016
bilstm_finetuned,strip,template,13,test_lookalike_3,bongo_0685,0,0.009332
bilstm_finetuned,strip,template,13,test_lookalike_3,bongo_0697,1,0.315351
bilstm_finetuned,strip,template,13,test_lookalike_3,bongo_0701,0,0.000023
bilstm_finetuned,strip,template,13,test_lookalike_3,bongo_0706,1,0.164488
bilstm_finetuned,strip,template,13,test_lookalike_3,bongo_0719,1,0.060621
bilstm_finetuned,strip,template,13,test_lookalike_3,bongo_0721,1,0.999327
bilstm_finetuned,strip,template,13,test_lookalike_3,bongo_0724,1,0.315555
bilstm_finetuned,strip,template,13,test_lookalike_3,bongo_0729,1,0.000344
bilstm_finetuned,strip,template,13,test_lookalike_3,bongo_0741,0,0.000022
bilstm_finetuned,strip,template,13,test_lookalike_3,bongo_0749,1,0.116512
bilstm_finetuned,strip,template,13,test_lookalike_3,bongo_0769,1,0.799335
bilstm_finetuned,strip,template,13,test_lookalike_3,bongo_0770,1,0.019090
bilstm_finetuned,strip,template,13,test_lookalike_3,bongo_0778,1,0.116319
bilstm_finetuned,strip,template,13,test_lookalike_3,bongo_0787,1,0.999973
bilstm_finetuned,strip,template,13,test_lookalike_3,bongo_0795,0,0.000104
bilstm_finetuned,strip,template,13,test_lookalike_3,bongo_0806,1,0.323123
bilstm_finetuned,strip,template,13,test_lookalike_3,bongo_0807,1,0.999993
bilstm_finetuned,strip,template,13,test_lookalike_3,bongo_0818,0,0.002218
bilstm_finetuned,strip,template,13,test_lookalike_3,bongo_0819,0,0.000090
bilstm_finetuned,strip,template,13,test_lookalike_3,bongo_0835,0,0.000019
bilstm_finetuned,strip,template,13,test_lookalike_3,bongo_0840,1,0.998389
bilstm_finetuned,strip,template,13,test_lookalike_3,bongo_0855,1,0.314492
bilstm_finetuned,strip,template,13,test_lookalike_3,bongo_0856,0,0.000047
bilstm_finetuned,strip,template,13,test_lookalike_3,bongo_0864,1,0.999922
bilstm_finetuned,strip,template,13,test_lookalike_3,bongo_0871,1,0.999980
bilstm_finetuned,strip,template,13,test_lookalike_3,bongo_0872,0,0.004886
bilstm_finetuned,strip,template,13,test_lookalike_3,bongo_0904,0,0.000118
bilstm_finetuned,strip,template,13,test_lookalike_3,bongo_0905,1,0.988890
bilstm_finetuned,strip,template,13,test_lookalike_3,bongo_0909,1,0.999862
bilstm_finetuned,strip,template,13,test_lookalike_3,bongo_0917,1,0.018685
bilstm_finetuned,strip,template,13,test_lookalike_3,bongo_0918,1,0.999886
bilstm_finetuned,strip,template,13,test_lookalike_3,bongo_0950,0,0.000025
bilstm_finetuned,strip,template,13,test_lookalike_3,bongo_0955,1,0.999988
bilstm_finetuned,strip,template,13,test_lookalike_3,bongo_0956,0,0.000021
bilstm_finetuned,strip,template,13,test_lookalike_3,bongo_0971,0,0.000025
bilstm_finetuned,strip,template,13,test_lookalike_3,bongo_0983,0,0.000063
bilstm_finetuned,strip,template,13,test_lookalike_3,bongo_0989,1,0.999980
bilstm_finetuned,strip,template,13,test_lookalike_3,bongo_0994,0,0.000081
bilstm_finetuned,strip,template,13,test_lookalike_3,bongo_1003,1,0.998572
bilstm_finetuned,strip,template,13,test_lookalike_3,bongo_1006,0,0.000028
bilstm_finetuned,strip,template,13,test_lookalike_3,bongo_1012,1,0.116839
bilstm_finetuned,strip,template,13,test_lookalike_3,bongo_1015,0,0.000012
bilstm_finetuned,strip,template,13,test_lookalike_3,bongo_1022,1,0.060955
bilstm_finetuned,strip,template,13,test_lookalike_3,bongo_1037,0,0.000038
bilstm_finetuned,strip,template,13,test_lookalike_3,bongo_1040,0,0.000035
bilstm_finetuned,strip,template,13,test_lookalike_3,bongo_1042,1,0.992917
bilstm_finetuned,strip,template,13,test_lookalike_3,bongo_1047,1,0.999892
bilstm_finetuned,strip,template,13,test_lookalike_3,bongo_1050,0,0.000022
bilstm_finetuned,strip,template,13,test_lookalike_3,bongo_1052,1,0.984952
bilstm_finetuned,strip,template,13,test_lookalike_3,bongo_1059,0,0.000019
bilstm_finetuned,strip,template,13,test_lookalike_3,bongo_1071,0,0.000027
bilstm_finetuned,strip,template,13,test_lookalike_3,bongo_1090,0,0.000014
bilstm_finetuned,strip,template,13,test_lookalike_3,bongo_1104,1,0.999985
bilstm_finetuned,strip,template,13,test_lookalike_3,bongo_1115,0,0.000006
bilstm_finetuned,strip,template,13,test_lookalike_3,bongo_1123,0,0.000026
bilstm_finetuned,strip,template,13,test_lookalike_3,bongo_1125,0,0.001677
bilstm_finetuned,strip,template,13,test_lookalike_3,bongo_1127,1,0.123847
bilstm_finetuned,strip,template,13,test_lookalike_3,bongo_1131,1,0.999499
bilstm_finetuned,strip,template,13,test_lookalike_3,bongo_1134,1,0.204992
bilstm_finetuned,strip,template,13,test_lookalike_3,bongo_1135,0,0.006338
bilstm_finetuned,strip,template,13,test_lookalike_3,bongo_1136,1,0.999041
bilstm_finetuned,strip,template,13,test_lookalike_3,bongo_1138,1,0.999655
bilstm_finetuned,strip,template,13,test_lookalike_3,bongo_1140,1,0.999844
bilstm_finetuned,strip,template,13,test_lookalike_3,bongo_1154,1,0.999987
bilstm_finetuned,strip,template,13,test_lookalike_3,bongo_1155,0,0.000024
bilstm_finetuned,strip,template,13,test_lookalike_3,bongo_1171,1,0.999988
bilstm_finetuned,strip,template,13,test_lookalike_3,bongo_1181,1,0.610696
bilstm_finetuned,strip,template,13,test_lookalike_3,bongo_1185,1,0.073397
bilstm_finetuned,strip,template,13,test_lookalike_3,bongo_1194,0,0.000497
bilstm_finetuned,strip,template,13,test_lookalike_3,bongo_1195,1,0.314468
bilstm_finetuned,strip,template,13,test_lookalike_3,bongo_1198,0,0.000064
bilstm_finetuned,strip,template,13,test_lookalike_3,bongo_1204,1,0.019125
bilstm_finetuned,strip,template,13,test_lookalike_3,bongo_1220,1,0.999970
bilstm_finetuned,strip,template,13,test_lookalike_3,bongo_1233,1,0.999994
bilstm_finetuned,strip,template,13,test_lookalike_3,bongo_1236,0,0.000040
bilstm_finetuned,strip,template,13,test_lookalike_3,bongo_1240,1,0.073661
bilstm_finetuned,strip,template,13,test_lookalike_3,bongo_1244,0,0.000019
bilstm_finetuned,strip,template,13,test_lookalike_3,bongo_1249,0,0.000009
bilstm_finetuned,strip,template,13,test_lookalike_3,bongo_1253,0,0.000047
bilstm_finetuned,strip,template,13,test_lookalike_3,bongo_1260,0,0.000025
bilstm_finetuned,strip,template,13,test_lookalike_3,bongo_1262,0,0.000033
bilstm_finetuned,strip,template,13,test_lookalike_3,bongo_1278,1,0.136851
bilstm_finetuned,strip,template,13,test_lookalike_3,bongo_1285,0,0.000022
bilstm_finetuned,strip,template,13,test_lookalike_3,bongo_1293,1,0.999988
bilstm_finetuned,strip,template,13,test_lookalike_3,bongo_1316,0,0.000063
bilstm_finetuned,strip,template,13,test_lookalike_3,bongo_1327,1,0.018659
bilstm_finetuned,strip,template,13,test_lookalike_3,bongo_1330,0,0.046217
bilstm_finetuned,strip,template,13,test_lookalike_3,bongo_1359,0,0.000111
bilstm_finetuned,strip,template,13,test_lookalike_3,bongo_1375,0,0.000035
bilstm_finetuned,strip,template,13,test_lookalike_all,bongo_0025,1,0.999663
bilstm_finetuned,strip,template,13,test_lookalike_all,bongo_0029,0,0.024916
bilstm_finetuned,strip,template,13,test_lookalike_all,bongo_0039,1,0.998034
bilstm_finetuned,strip,template,13,test_lookalike_all,bongo_0047,1,0.999989
bilstm_finetuned,strip,template,13,test_lookalike_all,bongo_0053,0,0.000037
bilstm_finetuned,strip,template,13,test_lookalike_all,bongo_0055,1,0.000030
bilstm_finetuned,strip,template,13,test_lookalike_all,bongo_0061,1,0.999560
bilstm_finetuned,strip,template,13,test_lookalike_all,bongo_0097,0,0.000402
bilstm_finetuned,strip,template,13,test_lookalike_all,bongo_0107,0,0.000016
bilstm_finetuned,strip,template,13,test_lookalike_all,bongo_0110,0,0.000012
bilstm_finetuned,strip,template,13,test_lookalike_all,bongo_0112,1,0.024688
bilstm_finetuned,strip,template,13,test_lookalike_all,bongo_0115,0,0.000422
bilstm_finetuned,strip,template,13,test_lookalike_all,bongo_0143,0,0.000057
bilstm_finetuned,strip,template,13,test_lookalike_all,bongo_0146,1,0.994415
bilstm_finetuned,strip,template,13,test_lookalike_all,bongo_0154,1,0.758131
bilstm_finetuned,strip,template,13,test_lookalike_all,bongo_0159,1,0.015325
bilstm_finetuned,strip,template,13,test_lookalike_all,bongo_0160,0,0.000022
bilstm_finetuned,strip,template,13,test_lookalike_all,bongo_0172,0,0.240197
bilstm_finetuned,strip,template,13,test_lookalike_all,bongo_0173,1,0.157815
bilstm_finetuned,strip,template,13,test_lookalike_all,bongo_0175,0,0.000021
bilstm_finetuned,strip,template,13,test_lookalike_all,bongo_0182,0,0.000009
bilstm_finetuned,strip,template,13,test_lookalike_all,bongo_0195,1,0.999297
bilstm_finetuned,strip,template,13,test_lookalike_all,bongo_0197,0,0.000031
bilstm_finetuned,strip,template,13,test_lookalike_all,bongo_0201,1,0.997875
bilstm_finetuned,strip,template,13,test_lookalike_all,bongo_0203,1,0.863403
bilstm_finetuned,strip,template,13,test_lookalike_all,bongo_0250,1,0.014232
bilstm_finetuned,strip,template,13,test_lookalike_all,bongo_0253,0,0.000044
bilstm_finetuned,strip,template,13,test_lookalike_all,bongo_0255,1,0.020738
bilstm_finetuned,strip,template,13,test_lookalike_all,bongo_0265,1,0.159140
bilstm_finetuned,strip,template,13,test_lookalike_all,bongo_0271,0,0.000028
bilstm_finetuned,strip,template,13,test_lookalike_all,bongo_0300,0,0.000029
bilstm_finetuned,strip,template,13,test_lookalike_all,bongo_0306,0,0.000039
bilstm_finetuned,strip,template,13,test_lookalike_all,bongo_0356,1,0.000085
bilstm_finetuned,strip,template,13,test_lookalike_all,bongo_0360,1,0.999973
bilstm_finetuned,strip,template,13,test_lookalike_all,bongo_0361,1,0.864199
bilstm_finetuned,strip,template,13,test_lookalike_all,bongo_0363,0,0.000029
bilstm_finetuned,strip,template,13,test_lookalike_all,bongo_0368,0,0.000151
bilstm_finetuned,strip,template,13,test_lookalike_all,bongo_0372,0,0.000041
bilstm_finetuned,strip,template,13,test_lookalike_all,bongo_0380,1,0.000100
bilstm_finetuned,strip,template,13,test_lookalike_all,bongo_0389,0,0.000026
bilstm_finetuned,strip,template,13,test_lookalike_all,bongo_0395,0,0.000519
bilstm_finetuned,strip,template,13,test_lookalike_all,bongo_0405,1,0.999579
bilstm_finetuned,strip,template,13,test_lookalike_all,bongo_0424,1,0.999994
bilstm_finetuned,strip,template,13,test_lookalike_all,bongo_0427,0,0.000363
bilstm_finetuned,strip,template,13,test_lookalike_all,bongo_0434,1,0.000028
bilstm_finetuned,strip,template,13,test_lookalike_all,bongo_0463,0,0.000253
bilstm_finetuned,strip,template,13,test_lookalike_all,bongo_0476,1,0.793270
bilstm_finetuned,strip,template,13,test_lookalike_all,bongo_0510,1,0.999993
bilstm_finetuned,strip,template,13,test_lookalike_all,bongo_0531,0,0.000083
bilstm_finetuned,strip,template,13,test_lookalike_all,bongo_0542,0,0.000019
bilstm_finetuned,strip,template,13,test_lookalike_all,bongo_0545,0,0.000022
bilstm_finetuned,strip,template,13,test_lookalike_all,bongo_0560,1,0.998313
bilstm_finetuned,strip,template,13,test_lookalike_all,bongo_0565,1,0.017550
bilstm_finetuned,strip,template,13,test_lookalike_all,bongo_0566,1,0.999950
bilstm_finetuned,strip,template,13,test_lookalike_all,bongo_0571,0,0.000022
bilstm_finetuned,strip,template,13,test_lookalike_all,bongo_0577,1,0.999534
bilstm_finetuned,strip,template,13,test_lookalike_all,bongo_0580,1,0.999474
bilstm_finetuned,strip,template,13,test_lookalike_all,bongo_0621,1,0.999455
bilstm_finetuned,strip,template,13,test_lookalike_all,bongo_0624,1,0.999993
bilstm_finetuned,strip,template,13,test_lookalike_all,bongo_0630,0,0.000086
bilstm_finetuned,strip,template,13,test_lookalike_all,bongo_0638,1,0.999890
bilstm_finetuned,strip,template,13,test_lookalike_all,bongo_0648,0,0.004569
bilstm_finetuned,strip,template,13,test_lookalike_all,bongo_0674,0,0.000016
bilstm_finetuned,strip,template,13,test_lookalike_all,bongo_0685,0,0.009332
bilstm_finetuned,strip,template,13,test_lookalike_all,bongo_0697,1,0.000037
bilstm_finetuned,strip,template,13,test_lookalike_all,bongo_0701,0,0.000023
bilstm_finetuned,strip,template,13,test_lookalike_all,bongo_0706,1,0.024640
bilstm_finetuned,strip,template,13,test_lookalike_all,bongo_0719,1,0.000031
bilstm_finetuned,strip,template,13,test_lookalike_all,bongo_0721,1,0.246324
bilstm_finetuned,strip,template,13,test_lookalike_all,bongo_0724,1,0.000061
bilstm_finetuned,strip,template,13,test_lookalike_all,bongo_0729,1,0.992857
bilstm_finetuned,strip,template,13,test_lookalike_all,bongo_0741,0,0.000022
bilstm_finetuned,strip,template,13,test_lookalike_all,bongo_0749,1,0.000071
bilstm_finetuned,strip,template,13,test_lookalike_all,bongo_0769,1,0.987298
bilstm_finetuned,strip,template,13,test_lookalike_all,bongo_0770,1,0.000042
bilstm_finetuned,strip,template,13,test_lookalike_all,bongo_0778,1,0.013043
bilstm_finetuned,strip,template,13,test_lookalike_all,bongo_0787,1,0.999947
bilstm_finetuned,strip,template,13,test_lookalike_all,bongo_0795,0,0.000104
bilstm_finetuned,strip,template,13,test_lookalike_all,bongo_0806,1,0.024804
bilstm_finetuned,strip,template,13,test_lookalike_all,bongo_0807,1,0.999975
bilstm_finetuned,strip,template,13,test_lookalike_all,bongo_0818,0,0.002218
bilstm_finetuned,strip,template,13,test_lookalike_all,bongo_0819,0,0.000090
bilstm_finetuned,strip,template,13,test_lookalike_all,bongo_0835,0,0.000019
bilstm_finetuned,strip,template,13,test_lookalike_all,bongo_0840,1,0.999972
bilstm_finetuned,strip,template,13,test_lookalike_all,bongo_0855,1,0.056453
bilstm_finetuned,strip,template,13,test_lookalike_all,bongo_0856,0,0.000047
bilstm_finetuned,strip,template,13,test_lookalike_all,bongo_0864,1,0.991741
bilstm_finetuned,strip,template,13,test_lookalike_all,bongo_0871,1,0.999993
bilstm_finetuned,strip,template,13,test_lookalike_all,bongo_0872,0,0.004886
bilstm_finetuned,strip,template,13,test_lookalike_all,bongo_0904,0,0.000118
bilstm_finetuned,strip,template,13,test_lookalike_all,bongo_0905,1,0.999153
bilstm_finetuned,strip,template,13,test_lookalike_all,bongo_0909,1,0.128799
bilstm_finetuned,strip,template,13,test_lookalike_all,bongo_0917,1,0.014760
bilstm_finetuned,strip,template,13,test_lookalike_all,bongo_0918,1,0.213018
bilstm_finetuned,strip,template,13,test_lookalike_all,bongo_0950,0,0.000025
bilstm_finetuned,strip,template,13,test_lookalike_all,bongo_0955,1,0.717065
bilstm_finetuned,strip,template,13,test_lookalike_all,bongo_0956,0,0.000021
bilstm_finetuned,strip,template,13,test_lookalike_all,bongo_0971,0,0.000025
bilstm_finetuned,strip,template,13,test_lookalike_all,bongo_0983,0,0.000063
bilstm_finetuned,strip,template,13,test_lookalike_all,bongo_0989,1,0.999990
bilstm_finetuned,strip,template,13,test_lookalike_all,bongo_0994,0,0.000081
bilstm_finetuned,strip,template,13,test_lookalike_all,bongo_1003,1,0.998797
bilstm_finetuned,strip,template,13,test_lookalike_all,bongo_1006,0,0.000028
bilstm_finetuned,strip,template,13,test_lookalike_all,bongo_1012,1,0.013166
bilstm_finetuned,strip,template,13,test_lookalike_all,bongo_1015,0,0.000012
bilstm_finetuned,strip,template,13,test_lookalike_all,bongo_1022,1,0.000096
bilstm_finetuned,strip,template,13,test_lookalike_all,bongo_1037,0,0.000038
bilstm_finetuned,strip,template,13,test_lookalike_all,bongo_1040,0,0.000035
bilstm_finetuned,strip,template,13,test_lookalike_all,bongo_1042,1,0.999772
bilstm_finetuned,strip,template,13,test_lookalike_all,bongo_1047,1,0.983262
bilstm_finetuned,strip,template,13,test_lookalike_all,bongo_1050,0,0.000022
bilstm_finetuned,strip,template,13,test_lookalike_all,bongo_1052,1,0.756612
bilstm_finetuned,strip,template,13,test_lookalike_all,bongo_1059,0,0.000019
bilstm_finetuned,strip,template,13,test_lookalike_all,bongo_1071,0,0.000027
bilstm_finetuned,strip,template,13,test_lookalike_all,bongo_1090,0,0.000014
bilstm_finetuned,strip,template,13,test_lookalike_all,bongo_1104,1,0.999993
bilstm_finetuned,strip,template,13,test_lookalike_all,bongo_1115,0,0.000006
bilstm_finetuned,strip,template,13,test_lookalike_all,bongo_1123,0,0.000026
bilstm_finetuned,strip,template,13,test_lookalike_all,bongo_1125,0,0.001677
bilstm_finetuned,strip,template,13,test_lookalike_all,bongo_1127,1,0.158966
bilstm_finetuned,strip,template,13,test_lookalike_all,bongo_1131,1,0.999991
bilstm_finetuned,strip,template,13,test_lookalike_all,bongo_1134,1,0.015876
bilstm_finetuned,strip,template,13,test_lookalike_all,bongo_1135,0,0.006338
bilstm_finetuned,strip,template,13,test_lookalike_all,bongo_1136,1,0.850732
bilstm_finetuned,strip,template,13,test_lookalike_all,bongo_1138,1,0.999549
bilstm_finetuned,strip,template,13,test_lookalike_all,bongo_1140,1,0.999376
bilstm_finetuned,strip,template,13,test_lookalike_all,bongo_1154,1,0.999983
bilstm_finetuned,strip,template,13,test_lookalike_all,bongo_1155,0,0.000024
bilstm_finetuned,strip,template,13,test_lookalike_all,bongo_1171,1,0.996920
bilstm_finetuned,strip,template,13,test_lookalike_all,bongo_1181,1,0.999830
bilstm_finetuned,strip,template,13,test_lookalike_all,bongo_1185,1,0.000095
bilstm_finetuned,strip,template,13,test_lookalike_all,bongo_1194,0,0.000497
bilstm_finetuned,strip,template,13,test_lookalike_all,bongo_1195,1,0.018573
bilstm_finetuned,strip,template,13,test_lookalike_all,bongo_1198,0,0.000064
bilstm_finetuned,strip,template,13,test_lookalike_all,bongo_1204,1,0.000043
bilstm_finetuned,strip,template,13,test_lookalike_all,bongo_1220,1,0.999938
bilstm_finetuned,strip,template,13,test_lookalike_all,bongo_1233,1,0.999994
bilstm_finetuned,strip,template,13,test_lookalike_all,bongo_1236,0,0.000040
bilstm_finetuned,strip,template,13,test_lookalike_all,bongo_1240,1,0.000097
bilstm_finetuned,strip,template,13,test_lookalike_all,bongo_1244,0,0.000019
bilstm_finetuned,strip,template,13,test_lookalike_all,bongo_1249,0,0.000009
bilstm_finetuned,strip,template,13,test_lookalike_all,bongo_1253,0,0.000047
bilstm_finetuned,strip,template,13,test_lookalike_all,bongo_1260,0,0.000025
bilstm_finetuned,strip,template,13,test_lookalike_all,bongo_1262,0,0.000033
bilstm_finetuned,strip,template,13,test_lookalike_all,bongo_1278,1,0.000070
bilstm_finetuned,strip,template,13,test_lookalike_all,bongo_1285,0,0.000022
bilstm_finetuned,strip,template,13,test_lookalike_all,bongo_1293,1,0.662873
bilstm_finetuned,strip,template,13,test_lookalike_all,bongo_1316,0,0.000063
bilstm_finetuned,strip,template,13,test_lookalike_all,bongo_1327,1,0.000029
bilstm_finetuned,strip,template,13,test_lookalike_all,bongo_1330,0,0.046217
bilstm_finetuned,strip,template,13,test_lookalike_all,bongo_1359,0,0.000111
bilstm_finetuned,strip,template,13,test_lookalike_all,bongo_1375,0,0.000035
bilstm_finetuned,strip,template,13,test_structural_1,bongo_0025,1,0.999984
bilstm_finetuned,strip,template,13,test_structural_1,bongo_0029,0,0.024916
bilstm_finetuned,strip,template,13,test_structural_1,bongo_0039,1,0.999991
bilstm_finetuned,strip,template,13,test_structural_1,bongo_0047,1,0.999977
bilstm_finetuned,strip,template,13,test_structural_1,bongo_0053,0,0.000037
bilstm_finetuned,strip,template,13,test_structural_1,bongo_0055,1,0.015642
bilstm_finetuned,strip,template,13,test_structural_1,bongo_0061,1,0.999973
bilstm_finetuned,strip,template,13,test_structural_1,bongo_0097,0,0.000402
bilstm_finetuned,strip,template,13,test_structural_1,bongo_0107,0,0.000016
bilstm_finetuned,strip,template,13,test_structural_1,bongo_0110,0,0.000012
bilstm_finetuned,strip,template,13,test_structural_1,bongo_0112,1,0.198273
bilstm_finetuned,strip,template,13,test_structural_1,bongo_0115,0,0.000422
bilstm_finetuned,strip,template,13,test_structural_1,bongo_0143,0,0.000057
bilstm_finetuned,strip,template,13,test_structural_1,bongo_0146,1,0.999989
bilstm_finetuned,strip,template,13,test_structural_1,bongo_0154,1,0.999994
bilstm_finetuned,strip,template,13,test_structural_1,bongo_0159,1,0.020717
bilstm_finetuned,strip,template,13,test_structural_1,bongo_0160,0,0.000022
bilstm_finetuned,strip,template,13,test_structural_1,bongo_0172,0,0.240197
bilstm_finetuned,strip,template,13,test_structural_1,bongo_0173,1,0.141303
bilstm_finetuned,strip,template,13,test_structural_1,bongo_0175,0,0.000021
bilstm_finetuned,strip,template,13,test_structural_1,bongo_0182,0,0.000009
bilstm_finetuned,strip,template,13,test_structural_1,bongo_0195,1,0.999990
bilstm_finetuned,strip,template,13,test_structural_1,bongo_0197,0,0.000031
bilstm_finetuned,strip,template,13,test_structural_1,bongo_0201,1,0.999992
bilstm_finetuned,strip,template,13,test_structural_1,bongo_0203,1,0.999990
bilstm_finetuned,strip,template,13,test_structural_1,bongo_0250,1,0.020717
bilstm_finetuned,strip,template,13,test_structural_1,bongo_0253,0,0.000044
bilstm_finetuned,strip,template,13,test_structural_1,bongo_0255,1,0.080270
bilstm_finetuned,strip,template,13,test_structural_1,bongo_0265,1,0.144840
bilstm_finetuned,strip,template,13,test_structural_1,bongo_0271,0,0.000028
bilstm_finetuned,strip,template,13,test_structural_1,bongo_0300,0,0.000029
bilstm_finetuned,strip,template,13,test_structural_1,bongo_0306,0,0.000039
bilstm_finetuned,strip,template,13,test_structural_1,bongo_0356,1,0.193569
bilstm_finetuned,strip,template,13,test_structural_1,bongo_0360,1,0.999974
bilstm_finetuned,strip,template,13,test_structural_1,bongo_0361,1,0.999990
bilstm_finetuned,strip,template,13,test_structural_1,bongo_0363,0,0.000029
bilstm_finetuned,strip,template,13,test_structural_1,bongo_0368,0,0.000151
bilstm_finetuned,strip,template,13,test_structural_1,bongo_0372,0,0.000041
bilstm_finetuned,strip,template,13,test_structural_1,bongo_0380,1,0.076039
bilstm_finetuned,strip,template,13,test_structural_1,bongo_0389,0,0.000026
bilstm_finetuned,strip,template,13,test_structural_1,bongo_0395,0,0.000519
bilstm_finetuned,strip,template,13,test_structural_1,bongo_0405,1,0.999922
bilstm_finetuned,strip,template,13,test_structural_1,bongo_0424,1,0.999992
bilstm_finetuned,strip,template,13,test_structural_1,bongo_0427,0,0.000363
bilstm_finetuned,strip,template,13,test_structural_1,bongo_0434,1,0.020415
bilstm_finetuned,strip,template,13,test_structural_1,bongo_0463,0,0.000253
bilstm_finetuned,strip,template,13,test_structural_1,bongo_0476,1,0.999957
bilstm_finetuned,strip,template,13,test_structural_1,bongo_0510,1,0.999990
bilstm_finetuned,strip,template,13,test_structural_1,bongo_0531,0,0.000083
bilstm_finetuned,strip,template,13,test_structural_1,bongo_0542,0,0.000019
bilstm_finetuned,strip,template,13,test_structural_1,bongo_0545,0,0.000022
bilstm_finetuned,strip,template,13,test_structural_1,bongo_0560,1,0.999944
bilstm_finetuned,strip,template,13,test_structural_1,bongo_0565,1,0.345626
bilstm_finetuned,strip,template,13,test_structural_1,bongo_0566,1,0.999994
bilstm_finetuned,strip,template,13,test_structural_1,bongo_0571,0,0.000022
bilstm_finetuned,strip,template,13,test_structural_1,bongo_0577,1,0.995743
bilstm_finetuned,strip,template,13,test_structural_1,bongo_0580,1,0.999990
bilstm_finetuned,strip,template,13,test_structural_1,bongo_0621,1,0.999952
bilstm_finetuned,strip,template,13,test_structural_1,bongo_0624,1,0.999989
bilstm_finetuned,strip,template,13,test_structural_1,bongo_0630,0,0.000086
bilstm_finetuned,strip,template,13,test_structural_1,bongo_0638,1,0.999990
bilstm_finetuned,strip,template,13,test_structural_1,bongo_0648,0,0.004569
bilstm_finetuned,strip,template,13,test_structural_1,bongo_0674,0,0.000016
bilstm_finetuned,strip,template,13,test_structural_1,bongo_0685,0,0.009332
bilstm_finetuned,strip,template,13,test_structural_1,bongo_0697,1,0.345626
bilstm_finetuned,strip,template,13,test_structural_1,bongo_0701,0,0.000023
bilstm_finetuned,strip,template,13,test_structural_1,bongo_0706,1,0.193935
bilstm_finetuned,strip,template,13,test_structural_1,bongo_0719,1,0.078177
bilstm_finetuned,strip,template,13,test_structural_1,bongo_0721,1,0.999990
bilstm_finetuned,strip,template,13,test_structural_1,bongo_0724,1,0.358647
bilstm_finetuned,strip,template,13,test_structural_1,bongo_0729,1,0.999987
bilstm_finetuned,strip,template,13,test_structural_1,bongo_0741,0,0.000022
bilstm_finetuned,strip,template,13,test_structural_1,bongo_0749,1,0.145666
bilstm_finetuned,strip,template,13,test_structural_1,bongo_0769,1,0.999996
bilstm_finetuned,strip,template,13,test_structural_1,bongo_0770,1,0.020415
bilstm_finetuned,strip,template,13,test_structural_1,bongo_0778,1,0.144027
bilstm_finetuned,strip,template,13,test_structural_1,bongo_0787,1,0.999974
bilstm_finetuned,strip,template,13,test_structural_1,bongo_0795,0,0.000104
bilstm_finetuned,strip,template,13,test_structural_1,bongo_0806,1,0.363180
bilstm_finetuned,strip,template,13,test_structural_1,bongo_0807,1,0.999992
bilstm_finetuned,strip,template,13,test_structural_1,bongo_0818,0,0.002218
bilstm_finetuned,strip,template,13,test_structural_1,bongo_0819,0,0.000090
bilstm_finetuned,strip,template,13,test_structural_1,bongo_0835,0,0.000019
bilstm_finetuned,strip,template,13,test_structural_1,bongo_0840,1,0.999974
bilstm_finetuned,strip,template,13,test_structural_1,bongo_0855,1,0.293540
bilstm_finetuned,strip,template,13,test_structural_1,bongo_0856,0,0.000047
bilstm_finetuned,strip,template,13,test_structural_1,bongo_0864,1,0.999995
bilstm_finetuned,strip,template,13,test_structural_1,bongo_0871,1,0.999980
bilstm_finetuned,strip,template,13,test_structural_1,bongo_0872,0,0.004886
bilstm_finetuned,strip,template,13,test_structural_1,bongo_0904,0,0.000118
bilstm_finetuned,strip,template,13,test_structural_1,bongo_0905,1,0.999995
bilstm_finetuned,strip,template,13,test_structural_1,bongo_0909,1,0.999915
bilstm_finetuned,strip,template,13,test_structural_1,bongo_0917,1,0.015338
bilstm_finetuned,strip,template,13,test_structural_1,bongo_0918,1,0.999044
bilstm_finetuned,strip,template,13,test_structural_1,bongo_0950,0,0.000025
bilstm_finetuned,strip,template,13,test_structural_1,bongo_0955,1,0.999993
bilstm_finetuned,strip,template,13,test_structural_1,bongo_0956,0,0.000021
bilstm_finetuned,strip,template,13,test_structural_1,bongo_0971,0,0.000025
bilstm_finetuned,strip,template,13,test_structural_1,bongo_0983,0,0.000063
bilstm_finetuned,strip,template,13,test_structural_1,bongo_0989,1,0.999989
bilstm_finetuned,strip,template,13,test_structural_1,bongo_0994,0,0.000081
bilstm_finetuned,strip,template,13,test_structural_1,bongo_1003,1,0.999945
bilstm_finetuned,strip,template,13,test_structural_1,bongo_1006,0,0.000028
bilstm_finetuned,strip,template,13,test_structural_1,bongo_1012,1,0.115217
bilstm_finetuned,strip,template,13,test_structural_1,bongo_1015,0,0.000012
bilstm_finetuned,strip,template,13,test_structural_1,bongo_1022,1,0.076202
bilstm_finetuned,strip,template,13,test_structural_1,bongo_1037,0,0.000038
bilstm_finetuned,strip,template,13,test_structural_1,bongo_1040,0,0.000035
bilstm_finetuned,strip,template,13,test_structural_1,bongo_1042,1,0.999778
bilstm_finetuned,strip,template,13,test_structural_1,bongo_1047,1,0.999995
bilstm_finetuned,strip,template,13,test_structural_1,bongo_1050,0,0.000022
bilstm_finetuned,strip,template,13,test_structural_1,bongo_1052,1,0.999990
bilstm_finetuned,strip,template,13,test_structural_1,bongo_1059,0,0.000019
bilstm_finetuned,strip,template,13,test_structural_1,bongo_1071,0,0.000027
bilstm_finetuned,strip,template,13,test_structural_1,bongo_1090,0,0.000014
bilstm_finetuned,strip,template,13,test_structural_1,bongo_1104,1,0.999988
bilstm_finetuned,strip,template,13,test_structural_1,bongo_1115,0,0.000006
bilstm_finetuned,strip,template,13,test_structural_1,bongo_1123,0,0.000026
bilstm_finetuned,strip,template,13,test_structural_1,bongo_1125,0,0.001677
bilstm_finetuned,strip,template,13,test_structural_1,bongo_1127,1,0.141266
bilstm_finetuned,strip,template,13,test_structural_1,bongo_1131,1,0.999991
bilstm_finetuned,strip,template,13,test_structural_1,bongo_1134,1,0.203547
bilstm_finetuned,strip,template,13,test_structural_1,bongo_1135,0,0.006338
bilstm_finetuned,strip,template,13,test_structural_1,bongo_1136,1,0.999995
bilstm_finetuned,strip,template,13,test_structural_1,bongo_1138,1,0.999995
bilstm_finetuned,strip,template,13,test_structural_1,bongo_1140,1,0.999911
bilstm_finetuned,strip,template,13,test_structural_1,bongo_1154,1,0.999988
bilstm_finetuned,strip,template,13,test_structural_1,bongo_1155,0,0.000024
bilstm_finetuned,strip,template,13,test_structural_1,bongo_1171,1,0.999988
bilstm_finetuned,strip,template,13,test_structural_1,bongo_1181,1,0.999949
bilstm_finetuned,strip,template,13,test_structural_1,bongo_1185,1,0.059915
bilstm_finetuned,strip,template,13,test_structural_1,bongo_1194,0,0.000497
bilstm_finetuned,strip,template,13,test_structural_1,bongo_1195,1,0.293153
bilstm_finetuned,strip,template,13,test_structural_1,bongo_1198,0,0.000064
bilstm_finetuned,strip,template,13,test_structural_1,bongo_1204,1,0.020662
bilstm_finetuned,strip,template,13,test_structural_1,bongo_1220,1,0.999991
bilstm_finetuned,strip,template,13,test_structural_1,bongo_1233,1,0.999994
bilstm_finetuned,strip,template,13,test_structural_1,bongo_1236,0,0.000040
bilstm_finetuned,strip,template,13,test_structural_1,bongo_1240,1,0.081826
bilstm_finetuned,strip,template,13,test_structural_1,bongo_1244,0,0.000019
bilstm_finetuned,strip,template,13,test_structural_1,bongo_1249,0,0.000009
bilstm_finetuned,strip,template,13,test_structural_1,bongo_1253,0,0.000047
bilstm_finetuned,strip,template,13,test_structural_1,bongo_1260,0,0.000025
bilstm_finetuned,strip,template,13,test_structural_1,bongo_1262,0,0.000033
bilstm_finetuned,strip,template,13,test_structural_1,bongo_1278,1,0.149746
bilstm_finetuned,strip,template,13,test_structural_1,bongo_1285,0,0.000022
bilstm_finetuned,strip,template,13,test_structural_1,bongo_1293,1,0.999988
bilstm_finetuned,strip,template,13,test_structural_1,bongo_1316,0,0.000063
bilstm_finetuned,strip,template,13,test_structural_1,bongo_1327,1,0.021672
bilstm_finetuned,strip,template,13,test_structural_1,bongo_1330,0,0.046217
bilstm_finetuned,strip,template,13,test_structural_1,bongo_1359,0,0.000111
bilstm_finetuned,strip,template,13,test_structural_1,bongo_1375,0,0.000035
bilstm_finetuned,strip,template,13,test_structural_3,bongo_0025,1,0.999986
bilstm_finetuned,strip,template,13,test_structural_3,bongo_0029,0,0.024916
bilstm_finetuned,strip,template,13,test_structural_3,bongo_0039,1,0.999994
bilstm_finetuned,strip,template,13,test_structural_3,bongo_0047,1,0.999978
bilstm_finetuned,strip,template,13,test_structural_3,bongo_0053,0,0.000037
bilstm_finetuned,strip,template,13,test_structural_3,bongo_0055,1,0.028635
bilstm_finetuned,strip,template,13,test_structural_3,bongo_0061,1,0.999735
bilstm_finetuned,strip,template,13,test_structural_3,bongo_0097,0,0.000402
bilstm_finetuned,strip,template,13,test_structural_3,bongo_0107,0,0.000016
bilstm_finetuned,strip,template,13,test_structural_3,bongo_0110,0,0.000012
bilstm_finetuned,strip,template,13,test_structural_3,bongo_0112,1,0.205532
bilstm_finetuned,strip,template,13,test_structural_3,bongo_0115,0,0.000422
bilstm_finetuned,strip,template,13,test_structural_3,bongo_0143,0,0.000057
bilstm_finetuned,strip,template,13,test_structural_3,bongo_0146,1,0.999989
bilstm_finetuned,strip,template,13,test_structural_3,bongo_0154,1,0.999697
bilstm_finetuned,strip,template,13,test_structural_3,bongo_0159,1,0.028970
bilstm_finetuned,strip,template,13,test_structural_3,bongo_0160,0,0.000022
bilstm_finetuned,strip,template,13,test_structural_3,bongo_0172,0,0.240197
bilstm_finetuned,strip,template,13,test_structural_3,bongo_0173,1,0.261824
bilstm_finetuned,strip,template,13,test_structural_3,bongo_0175,0,0.000021
bilstm_finetuned,strip,template,13,test_structural_3,bongo_0182,0,0.000009
bilstm_finetuned,strip,template,13,test_structural_3,bongo_0195,1,0.999964
bilstm_finetuned,strip,template,13,test_structural_3,bongo_0197,0,0.000031
bilstm_finetuned,strip,template,13,test_structural_3,bongo_0201,1,0.999994
bilstm_finetuned,strip,template,13,test_structural_3,bongo_0203,1,0.999990
bilstm_finetuned,strip,template,13,test_structural_3,bongo_0250,1,0.028724
bilstm_finetuned,strip,template,13,test_structural_3,bongo_0253,0,0.000044
bilstm_finetuned,strip,template,13,test_structural_3,bongo_0255,1,0.150528
bilstm_finetuned,strip,template,13,test_structural_3,bongo_0265,1,0.128202
bilstm_finetuned,strip,template,13,test_structural_3,bongo_0271,0,0.000028
bilstm_finetuned,strip,template,13,test_structural_3,bongo_0300,0,0.000029
bilstm_finetuned,strip,template,13,test_structural_3,bongo_0306,0,0.000039
bilstm_finetuned,strip,template,13,test_structural_3,bongo_0356,1,0.213480
bilstm_finetuned,strip,template,13,test_structural_3,bongo_0360,1,0.999978
bilstm_finetuned,strip,template,13,test_structural_3,bongo_0361,1,0.999984
bilstm_finetuned,strip,template,13,test_structural_3,bongo_0363,0,0.000029
bilstm_finetuned,strip,template,13,test_structural_3,bongo_0368,0,0.000151
bilstm_finetuned,strip,template,13,test_structural_3,bongo_0372,0,0.000041
bilstm_finetuned,strip,template,13,test_structural_3,bongo_0380,1,0.062787
bilstm_finetuned,strip,template,13,test_structural_3,bongo_0389,0,0.000026
bilstm_finetuned,strip,template,13,test_structural_3,bongo_0395,0,0.000519
bilstm_finetuned,strip,template,13,test_structural_3,bongo_0405,1,0.999963
bilstm_finetuned,strip,template,13,test_structural_3,bongo_0424,1,0.999992
bilstm_finetuned,strip,template,13,test_structural_3,bongo_0427,0,0.000363
bilstm_finetuned,strip,template,13,test_structural_3,bongo_0434,1,0.028161
bilstm_finetuned,strip,template,13,test_structural_3,bongo_0463,0,0.000253
bilstm_finetuned,strip,template,13,test_structural_3,bongo_0476,1,0.999991
bilstm_finetuned,strip,template,13,test_structural_3,bongo_0510,1,0.999995
bilstm_finetuned,strip,template,13,test_structural_3,bongo_0531,0,0.000083
bilstm_finetuned,strip,template,13,test_structural_3,bongo_0542,0,0.000019
bilstm_finetuned,strip,template,13,test_structural_3,bongo_0545,0,0.000022
bilstm_finetuned,strip,template,13,test_structural_3,bongo_0560,1,0.999538
bilstm_finetuned,strip,template,13,test_structural_3,bongo_0565,1,0.359226
bilstm_finetuned,strip,template,13,test_structural_3,bongo_0566,1,0.999994
bilstm_finetuned,strip,template,13,test_structural_3,bongo_0571,0,0.000022
bilstm_finetuned,strip,template,13,test_structural_3,bongo_0577,1,0.999939
bilstm_finetuned,strip,template,13,test_structural_3,bongo_0580,1,0.999990
bilstm_finetuned,strip,template,13,test_structural_3,bongo_0621,1,0.999964
bilstm_finetuned,strip,template,13,test_structural_3,bongo_0624,1,0.999986
bilstm_finetuned,strip,template,13,test_structural_3,bongo_0630,0,0.000086
bilstm_finetuned,strip,template,13,test_structural_3,bongo_0638,1,0.999990
bilstm_finetuned,strip,template,13,test_structural_3,bongo_0648,0,0.004569
bilstm_finetuned,strip,template,13,test_structural_3,bongo_0674,0,0.000016
bilstm_finetuned,strip,template,13,test_structural_3,bongo_0685,0,0.009332
bilstm_finetuned,strip,template,13,test_structural_3,bongo_0697,1,0.366422
bilstm_finetuned,strip,template,13,test_structural_3,bongo_0701,0,0.000023
bilstm_finetuned,strip,template,13,test_structural_3,bongo_0706,1,0.196368
bilstm_finetuned,strip,template,13,test_structural_3,bongo_0719,1,0.092062
bilstm_finetuned,strip,template,13,test_structural_3,bongo_0721,1,0.999991
bilstm_finetuned,strip,template,13,test_structural_3,bongo_0724,1,0.364874
bilstm_finetuned,strip,template,13,test_structural_3,bongo_0729,1,0.999988
bilstm_finetuned,strip,template,13,test_structural_3,bongo_0741,0,0.000022
bilstm_finetuned,strip,template,13,test_structural_3,bongo_0749,1,0.139906
bilstm_finetuned,strip,template,13,test_structural_3,bongo_0769,1,0.999996
bilstm_finetuned,strip,template,13,test_structural_3,bongo_0770,1,0.028701
bilstm_finetuned,strip,template,13,test_structural_3,bongo_0778,1,0.144471
bilstm_finetuned,strip,template,13,test_structural_3,bongo_0787,1,0.999978
bilstm_finetuned,strip,template,13,test_structural_3,bongo_0795,0,0.000104
bilstm_finetuned,strip,template,13,test_structural_3,bongo_0806,1,0.378716
bilstm_finetuned,strip,template,13,test_structural_3,bongo_0807,1,0.999993
bilstm_finetuned,strip,template,13,test_structural_3,bongo_0818,0,0.002218
bilstm_finetuned,strip,template,13,test_structural_3,bongo_0819,0,0.000090
bilstm_finetuned,strip,template,13,test_structural_3,bongo_0835,0,0.000019
bilstm_finetuned,strip,template,13,test_structural_3,bongo_0840,1,0.999978
bilstm_finetuned,strip,template,13,test_structural_3,bongo_0855,1,0.368080
bilstm_finetuned,strip,template,13,test_structural_3,bongo_0856,0,0.000047
bilstm_finetuned,strip,template,13,test_structural_3,bongo_0864,1,0.999995
bilstm_finetuned,strip,template,13,test_structural_3,bongo_0871,1,0.999992
bilstm_finetuned,strip,template,13,test_structural_3,bongo_0872,0,0.004886
bilstm_finetuned,strip,template,13,test_structural_3,bongo_0904,0,0.000118
bilstm_finetuned,strip,template,13,test_structural_3,bongo_0905,1,0.999994
bilstm_finetuned,strip,template,13,test_structural_3,bongo_0909,1,0.999968
bilstm_finetuned,strip,template,13,test_structural_3,bongo_0917,1,0.025596
bilstm_finetuned,strip,template,13,test_structural_3,bongo_0918,1,0.999967
bilstm_finetuned,strip,template,13,test_structural_3,bongo_0950,0,0.000025
bilstm_finetuned,strip,template,13,test_structural_3,bongo_0955,1,0.999985
bilstm_finetuned,strip,template,13,test_structural_3,bongo_0956,0,0.000021
bilstm_finetuned,strip,template,13,test_structural_3,bongo_0971,0,0.000025
bilstm_finetuned,strip,template,13,test_structural_3,bongo_0983,0,0.000063
bilstm_finetuned,strip,template,13,test_structural_3,bongo_0989,1,0.999992
bilstm_finetuned,strip,template,13,test_structural_3,bongo_0994,0,0.000081
bilstm_finetuned,strip,template,13,test_structural_3,bongo_1003,1,0.999996
bilstm_finetuned,strip,template,13,test_structural_3,bongo_1006,0,0.000028
bilstm_finetuned,strip,template,13,test_structural_3,bongo_1012,1,0.166967
bilstm_finetuned,strip,template,13,test_structural_3,bongo_1015,0,0.000012
bilstm_finetuned,strip,template,13,test_structural_3,bongo_1022,1,0.092605
bilstm_finetuned,strip,template,13,test_structural_3,bongo_1037,0,0.000038
bilstm_finetuned,strip,template,13,test_structural_3,bongo_1040,0,0.000035
bilstm_finetuned,strip,template,13,test_structural_3,bongo_1042,1,0.999993
bilstm_finetuned,strip,template,13,test_structural_3,bongo_1047,1,0.999995
bilstm_finetuned,strip,template,13,test_structural_3,bongo_1050,0,0.000022
bilstm_finetuned,strip,template,13,test_structural_3,bongo_1052,1,0.999996
bilstm_finetuned,strip,template,13,test_structural_3,bongo_1059,0,0.000019
bilstm_finetuned,strip,template,13,test_structural_3,bongo_1071,0,0.000027
bilstm_finetuned,strip,template,13,test_structural_3,bongo_1090,0,0.000014
bilstm_finetuned,strip,template,13,test_structural_3,bongo_1104,1,0.999993
bilstm_finetuned,strip,template,13,test_structural_3,bongo_1115,0,0.000006
bilstm_finetuned,strip,template,13,test_structural_3,bongo_1123,0,0.000026
bilstm_finetuned,strip,template,13,test_structural_3,bongo_1125,0,0.001677
bilstm_finetuned,strip,template,13,test_structural_3,bongo_1127,1,0.237952
bilstm_finetuned,strip,template,13,test_structural_3,bongo_1131,1,0.999655
bilstm_finetuned,strip,template,13,test_structural_3,bongo_1134,1,0.268213
bilstm_finetuned,strip,template,13,test_structural_3,bongo_1135,0,0.006338
bilstm_finetuned,strip,template,13,test_structural_3,bongo_1136,1,0.999994
bilstm_finetuned,strip,template,13,test_structural_3,bongo_1138,1,0.999987
bilstm_finetuned,strip,template,13,test_structural_3,bongo_1140,1,0.999968
bilstm_finetuned,strip,template,13,test_structural_3,bongo_1154,1,0.999989
bilstm_finetuned,strip,template,13,test_structural_3,bongo_1155,0,0.000024
bilstm_finetuned,strip,template,13,test_structural_3,bongo_1171,1,0.999993
bilstm_finetuned,strip,template,13,test_structural_3,bongo_1181,1,0.999991
bilstm_finetuned,strip,template,13,test_structural_3,bongo_1185,1,0.119894
bilstm_finetuned,strip,template,13,test_structural_3,bongo_1194,0,0.000497
bilstm_finetuned,strip,template,13,test_structural_3,bongo_1195,1,0.374535
bilstm_finetuned,strip,template,13,test_structural_3,bongo_1198,0,0.000064
bilstm_finetuned,strip,template,13,test_structural_3,bongo_1204,1,0.025953
bilstm_finetuned,strip,template,13,test_structural_3,bongo_1220,1,0.999994
bilstm_finetuned,strip,template,13,test_structural_3,bongo_1233,1,0.999994
bilstm_finetuned,strip,template,13,test_structural_3,bongo_1236,0,0.000040
bilstm_finetuned,strip,template,13,test_structural_3,bongo_1240,1,0.143700
bilstm_finetuned,strip,template,13,test_structural_3,bongo_1244,0,0.000019
bilstm_finetuned,strip,template,13,test_structural_3,bongo_1249,0,0.000009
bilstm_finetuned,strip,template,13,test_structural_3,bongo_1253,0,0.000047
bilstm_finetuned,strip,template,13,test_structural_3,bongo_1260,0,0.000025
bilstm_finetuned,strip,template,13,test_structural_3,bongo_1262,0,0.000033
bilstm_finetuned,strip,template,13,test_structural_3,bongo_1278,1,0.231031
bilstm_finetuned,strip,template,13,test_structural_3,bongo_1285,0,0.000022
bilstm_finetuned,strip,template,13,test_structural_3,bongo_1293,1,0.999988
bilstm_finetuned,strip,template,13,test_structural_3,bongo_1316,0,0.000063
bilstm_finetuned,strip,template,13,test_structural_3,bongo_1327,1,0.038984
bilstm_finetuned,strip,template,13,test_structural_3,bongo_1330,0,0.046217
bilstm_finetuned,strip,template,13,test_structural_3,bongo_1359,0,0.000111
bilstm_finetuned,strip,template,13,test_structural_3,bongo_1375,0,0.000035
bilstm_finetuned,strip,template,13,test_structural_all,bongo_0025,1,0.999992
bilstm_finetuned,strip,template,13,test_structural_all,bongo_0029,0,0.024916
bilstm_finetuned,strip,template,13,test_structural_all,bongo_0039,1,0.999995
bilstm_finetuned,strip,template,13,test_structural_all,bongo_0047,1,0.999995
bilstm_finetuned,strip,template,13,test_structural_all,bongo_0053,0,0.000037
bilstm_finetuned,strip,template,13,test_structural_all,bongo_0055,1,0.864882
bilstm_finetuned,strip,template,13,test_structural_all,bongo_0061,1,0.999978
bilstm_finetuned,strip,template,13,test_structural_all,bongo_0097,0,0.000402
bilstm_finetuned,strip,template,13,test_structural_all,bongo_0107,0,0.000016
bilstm_finetuned,strip,template,13,test_structural_all,bongo_0110,0,0.000012
bilstm_finetuned,strip,template,13,test_structural_all,bongo_0112,1,0.825693
bilstm_finetuned,strip,template,13,test_structural_all,bongo_0115,0,0.000422
bilstm_finetuned,strip,template,13,test_structural_all,bongo_0143,0,0.000057
bilstm_finetuned,strip,template,13,test_structural_all,bongo_0146,1,0.999989
bilstm_finetuned,strip,template,13,test_structural_all,bongo_0154,1,0.999995
bilstm_finetuned,strip,template,13,test_structural_all,bongo_0159,1,0.872888
bilstm_finetuned,strip,template,13,test_structural_all,bongo_0160,0,0.000022
bilstm_finetuned,strip,template,13,test_structural_all,bongo_0172,0,0.240197
bilstm_finetuned,strip,template,13,test_structural_all,bongo_0173,1,0.642534
bilstm_finetuned,strip,template,13,test_structural_all,bongo_0175,0,0.000021
bilstm_finetuned,strip,template,13,test_structural_all,bongo_0182,0,0.000009
bilstm_finetuned,strip,template,13,test_structural_all,bongo_0195,1,0.999992
bilstm_finetuned,strip,template,13,test_structural_all,bongo_0197,0,0.000031
bilstm_finetuned,strip,template,13,test_structural_all,bongo_0201,1,0.999995
bilstm_finetuned,strip,template,13,test_structural_all,bongo_0203,1,0.999990
bilstm_finetuned,strip,template,13,test_structural_all,bongo_0250,1,0.817996
bilstm_finetuned,strip,template,13,test_structural_all,bongo_0253,0,0.000044
bilstm_finetuned,strip,template,13,test_structural_all,bongo_0255,1,0.832826
bilstm_finetuned,strip,template,13,test_structural_all,bongo_0265,1,0.571867
bilstm_finetuned,strip,template,13,test_structural_all,bongo_0271,0,0.000028
bilstm_finetuned,strip,template,13,test_structural_all,bongo_0300,0,0.000029
bilstm_finetuned,strip,template,13,test_structural_all,bongo_0306,0,0.000039
bilstm_finetuned,strip,template,13,test_structural_all,bongo_0356,1,0.825915
bilstm_finetuned,strip,template,13,test_structural_all,bongo_0360,1,0.999983
bilstm_finetuned,strip,template,13,test_structural_all,bongo_0361,1,0.999990
bilstm_finetuned,strip,template,13,test_structural_all,bongo_0363,0,0.000029
bilstm_finetuned,strip,template,13,test_structural_all,bongo_0368,0,0.000151
bilstm_finetuned,strip,template,13,test_structural_all,bongo_0372,0,0.000041
bilstm_finetuned,strip,template,13,test_structural_all,bongo_0380,1,0.831506
bilstm_finetuned,strip,template,13,test_structural_all,bongo_0389,0,0.000026
bilstm_finetuned,strip,template,13,test_structural_all,bongo_0395,0,0.000519
bilstm_finetuned,strip,template,13,test_structural_all,bongo_0405,1,0.999979
bilstm_finetuned,strip,template,13,test_structural_all,bongo_0424,1,0.999995
bilstm_finetuned,strip,template,13,test_structural_all,bongo_0427,0,0.000363
bilstm_finetuned,strip,template,13,test_structural_all,bongo_0434,1,0.840549
bilstm_finetuned,strip,template,13,test_structural_all,bongo_0463,0,0.000253
bilstm_finetuned,strip,template,13,test_structural_all,bongo_0476,1,0.999991
bilstm_finetuned,strip,template,13,test_structural_all,bongo_0510,1,0.999995
bilstm_finetuned,strip,template,13,test_structural_all,bongo_0531,0,0.000083
bilstm_finetuned,strip,template,13,test_structural_all,bongo_0542,0,0.000019
bilstm_finetuned,strip,template,13,test_structural_all,bongo_0545,0,0.000022
bilstm_finetuned,strip,template,13,test_structural_all,bongo_0560,1,0.999990
bilstm_finetuned,strip,template,13,test_structural_all,bongo_0565,1,0.025476
bilstm_finetuned,strip,template,13,test_structural_all,bongo_0566,1,0.999994
bilstm_finetuned,strip,template,13,test_structural_all,bongo_0571,0,0.000022
bilstm_finetuned,strip,template,13,test_structural_all,bongo_0577,1,0.999990
bilstm_finetuned,strip,template,13,test_structural_all,bongo_0580,1,0.999985
bilstm_finetuned,strip,template,13,test_structural_all,bongo_0621,1,0.999984
bilstm_finetuned,strip,template,13,test_structural_all,bongo_0624,1,0.999980
bilstm_finetuned,strip,template,13,test_structural_all,bongo_0630,0,0.000086
bilstm_finetuned,strip,template,13,test_structural_all,bongo_0638,1,0.999983
bilstm_finetuned,strip,template,13,test_structural_all,bongo_0648,0,0.004569
bilstm_finetuned,strip,template,13,test_structural_all,bongo_0674,0,0.000016
bilstm_finetuned,strip,template,13,test_structural_all,bongo_0685,0,0.009332
bilstm_finetuned,strip,template,13,test_structural_all,bongo_0697,1,0.019444
bilstm_finetuned,strip,template,13,test_structural_all,bongo_0701,0,0.000023
bilstm_finetuned,strip,template,13,test_structural_all,bongo_0706,1,0.000088
bilstm_finetuned,strip,template,13,test_structural_all,bongo_0719,1,0.819278
bilstm_finetuned,strip,template,13,test_structural_all,bongo_0721,1,0.999981
bilstm_finetuned,strip,template,13,test_structural_all,bongo_0724,1,0.822279
bilstm_finetuned,strip,template,13,test_structural_all,bongo_0729,1,0.999990
bilstm_finetuned,strip,template,13,test_structural_all,bongo_0741,0,0.000022
bilstm_finetuned,strip,template,13,test_structural_all,bongo_0749,1,0.833457
bilstm_finetuned,strip,template,13,test_structural_all,bongo_0769,1,0.999996
bilstm_finetuned,strip,template,13,test_structural_all,bongo_0770,1,0.832152
bilstm_finetuned,strip,template,13,test_structural_all,bongo_0778,1,0.999992
bilstm_finetuned,strip,template,13,test_structural_all,bongo_0787,1,0.999991
bilstm_finetuned,strip,template,13,test_structural_all,bongo_0795,0,0.000104
bilstm_finetuned,strip,template,13,test_structural_all,bongo_0806,1,0.998872
bilstm_finetuned,strip,template,13,test_structural_all,bongo_0807,1,0.999993
bilstm_finetuned,strip,template,13,test_structural_all,bongo_0818,0,0.002218
bilstm_finetuned,strip,template,13,test_structural_all,bongo_0819,0,0.000090
bilstm_finetuned,strip,template,13,test_structural_all,bongo_0835,0,0.000019
bilstm_finetuned,strip,template,13,test_structural_all,bongo_0840,1,0.999981
bilstm_finetuned,strip,template,13,test_structural_all,bongo_0855,1,0.150105
bilstm_finetuned,strip,template,13,test_structural_all,bongo_0856,0,0.000047
bilstm_finetuned,strip,template,13,test_structural_all,bongo_0864,1,0.999994
bilstm_finetuned,strip,template,13,test_structural_all,bongo_0871,1,0.999995
bilstm_finetuned,strip,template,13,test_structural_all,bongo_0872,0,0.004886
bilstm_finetuned,strip,template,13,test_structural_all,bongo_0904,0,0.000118
bilstm_finetuned,strip,template,13,test_structural_all,bongo_0905,1,0.999994
bilstm_finetuned,strip,template,13,test_structural_all,bongo_0909,1,0.999990
bilstm_finetuned,strip,template,13,test_structural_all,bongo_0917,1,0.882262
bilstm_finetuned,strip,template,13,test_structural_all,bongo_0918,1,0.999990
bilstm_finetuned,strip,template,13,test_structural_all,bongo_0950,0,0.000025
bilstm_finetuned,strip,template,13,test_structural_all,bongo_0955,1,0.999994
bilstm_finetuned,strip,template,13,test_structural_all,bongo_0956,0,0.000021
bilstm_finetuned,strip,template,13,test_structural_all,bongo_0971,0,0.000025
bilstm_finetuned,strip,template,13,test_structural_all,bongo_0983,0,0.000063
bilstm_finetuned,strip,template,13,test_structural_all,bongo_0989,1,0.999995
bilstm_finetuned,strip,template,13,test_structural_all,bongo_0994,0,0.000081
bilstm_finetuned,strip,template,13,test_structural_all,bongo_1003,1,0.999991
bilstm_finetuned,strip,template,13,test_structural_all,bongo_1006,0,0.000028
bilstm_finetuned,strip,template,13,test_structural_all,bongo_1012,1,0.999994
bilstm_finetuned,strip,template,13,test_structural_all,bongo_1015,0,0.000012
bilstm_finetuned,strip,template,13,test_structural_all,bongo_1022,1,0.999995
bilstm_finetuned,strip,template,13,test_structural_all,bongo_1037,0,0.000038
bilstm_finetuned,strip,template,13,test_structural_all,bongo_1040,0,0.000035
bilstm_finetuned,strip,template,13,test_structural_all,bongo_1042,1,0.999994
bilstm_finetuned,strip,template,13,test_structural_all,bongo_1047,1,0.999987
bilstm_finetuned,strip,template,13,test_structural_all,bongo_1050,0,0.000022
bilstm_finetuned,strip,template,13,test_structural_all,bongo_1052,1,0.999996
bilstm_finetuned,strip,template,13,test_structural_all,bongo_1059,0,0.000019
bilstm_finetuned,strip,template,13,test_structural_all,bongo_1071,0,0.000027
bilstm_finetuned,strip,template,13,test_structural_all,bongo_1090,0,0.000014
bilstm_finetuned,strip,template,13,test_structural_all,bongo_1104,1,0.999994
bilstm_finetuned,strip,template,13,test_structural_all,bongo_1115,0,0.000006
bilstm_finetuned,strip,template,13,test_structural_all,bongo_1123,0,0.000026
bilstm_finetuned,strip,template,13,test_structural_all,bongo_1125,0,0.001677
bilstm_finetuned,strip,template,13,test_structural_all,bongo_1127,1,0.575067
bilstm_finetuned,strip,template,13,test_structural_all,bongo_1131,1,0.999994
bilstm_finetuned,strip,template,13,test_structural_all,bongo_1134,1,0.872298
bilstm_finetuned,strip,template,13,test_structural_all,bongo_1135,0,0.006338
bilstm_finetuned,strip,template,13,test_structural_all,bongo_1136,1,0.999981
bilstm_finetuned,strip,template,13,test_structural_all,bongo_1138,1,0.999995
bilstm_finetuned,strip,template,13,test_structural_all,bongo_1140,1,0.999989
bilstm_finetuned,strip,template,13,test_structural_all,bongo_1154,1,0.999991
bilstm_finetuned,strip,template,13,test_structural_all,bongo_1155,0,0.000024
bilstm_finetuned,strip,template,13,test_structural_all,bongo_1171,1,0.999994
bilstm_finetuned,strip,template,13,test_structural_all,bongo_1181,1,0.999991
bilstm_finetuned,strip,template,13,test_structural_all,bongo_1185,1,0.000061
bilstm_finetuned,strip,template,13,test_structural_all,bongo_1194,0,0.000497
bilstm_finetuned,strip,template,13,test_structural_all,bongo_1195,1,0.017017
bilstm_finetuned,strip,template,13,test_structural_all,bongo_1198,0,0.000064
bilstm_finetuned,strip,template,13,test_structural_all,bongo_1204,1,0.999995
bilstm_finetuned,strip,template,13,test_structural_all,bongo_1220,1,0.999995
bilstm_finetuned,strip,template,13,test_structural_all,bongo_1233,1,0.999988
bilstm_finetuned,strip,template,13,test_structural_all,bongo_1236,0,0.000040
bilstm_finetuned,strip,template,13,test_structural_all,bongo_1240,1,0.823087
bilstm_finetuned,strip,template,13,test_structural_all,bongo_1244,0,0.000019
bilstm_finetuned,strip,template,13,test_structural_all,bongo_1249,0,0.000009
bilstm_finetuned,strip,template,13,test_structural_all,bongo_1253,0,0.000047
bilstm_finetuned,strip,template,13,test_structural_all,bongo_1260,0,0.000025
bilstm_finetuned,strip,template,13,test_structural_all,bongo_1262,0,0.000033
bilstm_finetuned,strip,template,13,test_structural_all,bongo_1278,1,0.000036
bilstm_finetuned,strip,template,13,test_structural_all,bongo_1285,0,0.000022
bilstm_finetuned,strip,template,13,test_structural_all,bongo_1293,1,0.999967
bilstm_finetuned,strip,template,13,test_structural_all,bongo_1316,0,0.000063
bilstm_finetuned,strip,template,13,test_structural_all,bongo_1327,1,0.999995
bilstm_finetuned,strip,template,13,test_structural_all,bongo_1330,0,0.046217
bilstm_finetuned,strip,template,13,test_structural_all,bongo_1359,0,0.000111
bilstm_finetuned,strip,template,13,test_structural_all,bongo_1375,0,0.000035
bilstm_finetuned,strip,template,13,test_codeswitch_1,bongo_0025,1,0.999985
bilstm_finetuned,strip,template,13,test_codeswitch_1,bongo_0029,0,0.024916
bilstm_finetuned,strip,template,13,test_codeswitch_1,bongo_0039,1,0.635727
bilstm_finetuned,strip,template,13,test_codeswitch_1,bongo_0047,1,0.999977
bilstm_finetuned,strip,template,13,test_codeswitch_1,bongo_0053,0,0.000037
bilstm_finetuned,strip,template,13,test_codeswitch_1,bongo_0055,1,0.016090
bilstm_finetuned,strip,template,13,test_codeswitch_1,bongo_0061,1,0.999593
bilstm_finetuned,strip,template,13,test_codeswitch_1,bongo_0097,0,0.000402
bilstm_finetuned,strip,template,13,test_codeswitch_1,bongo_0107,0,0.000016
bilstm_finetuned,strip,template,13,test_codeswitch_1,bongo_0110,0,0.000012
bilstm_finetuned,strip,template,13,test_codeswitch_1,bongo_0112,1,0.162543
bilstm_finetuned,strip,template,13,test_codeswitch_1,bongo_0115,0,0.000422
bilstm_finetuned,strip,template,13,test_codeswitch_1,bongo_0143,0,0.000057
bilstm_finetuned,strip,template,13,test_codeswitch_1,bongo_0146,1,0.999988
bilstm_finetuned,strip,template,13,test_codeswitch_1,bongo_0154,1,0.999981
bilstm_finetuned,strip,template,13,test_codeswitch_1,bongo_0159,1,0.016088
bilstm_finetuned,strip,template,13,test_codeswitch_1,bongo_0160,0,0.000022
bilstm_finetuned,strip,template,13,test_codeswitch_1,bongo_0172,0,0.240197
bilstm_finetuned,strip,template,13,test_codeswitch_1,bongo_0173,1,0.114982
bilstm_finetuned,strip,template,13,test_codeswitch_1,bongo_0175,0,0.000021
bilstm_finetuned,strip,template,13,test_codeswitch_1,bongo_0182,0,0.000009
bilstm_finetuned,strip,template,13,test_codeswitch_1,bongo_0195,1,0.420586
bilstm_finetuned,strip,template,13,test_codeswitch_1,bongo_0197,0,0.000031
bilstm_finetuned,strip,template,13,test_codeswitch_1,bongo_0201,1,0.999988
bilstm_finetuned,strip,template,13,test_codeswitch_1,bongo_0203,1,0.956067
bilstm_finetuned,strip,template,13,test_codeswitch_1,bongo_0250,1,0.016088
bilstm_finetuned,strip,template,13,test_codeswitch_1,bongo_0253,0,0.000044
bilstm_finetuned,strip,template,13,test_codeswitch_1,bongo_0255,1,0.062807
bilstm_finetuned,strip,template,13,test_codeswitch_1,bongo_0265,1,0.116098
bilstm_finetuned,strip,template,13,test_codeswitch_1,bongo_0271,0,0.000028
bilstm_finetuned,strip,template,13,test_codeswitch_1,bongo_0300,0,0.000029
bilstm_finetuned,strip,template,13,test_codeswitch_1,bongo_0306,0,0.000039
bilstm_finetuned,strip,template,13,test_codeswitch_1,bongo_0356,1,0.162735
bilstm_finetuned,strip,template,13,test_codeswitch_1,bongo_0360,1,0.999974
bilstm_finetuned,strip,template,13,test_codeswitch_1,bongo_0361,1,0.949244
bilstm_finetuned,strip,template,13,test_codeswitch_1,bongo_0363,0,0.000029
bilstm_finetuned,strip,template,13,test_codeswitch_1,bongo_0368,0,0.000151
bilstm_finetuned,strip,template,13,test_codeswitch_1,bongo_0372,0,0.000041
bilstm_finetuned,strip,template,13,test_codeswitch_1,bongo_0380,1,0.062307
bilstm_finetuned,strip,template,13,test_codeswitch_1,bongo_0389,0,0.000026
bilstm_finetuned,strip,template,13,test_codeswitch_1,bongo_0395,0,0.000519
bilstm_finetuned,strip,template,13,test_codeswitch_1,bongo_0405,1,0.999316
bilstm_finetuned,strip,template,13,test_codeswitch_1,bongo_0424,1,0.999988
bilstm_finetuned,strip,template,13,test_codeswitch_1,bongo_0427,0,0.000363
bilstm_finetuned,strip,template,13,test_codeswitch_1,bongo_0434,1,0.016090
bilstm_finetuned,strip,template,13,test_codeswitch_1,bongo_0463,0,0.000253
bilstm_finetuned,strip,template,13,test_codeswitch_1,bongo_0476,1,0.464797
bilstm_finetuned,strip,template,13,test_codeswitch_1,bongo_0510,1,0.999990
bilstm_finetuned,strip,template,13,test_codeswitch_1,bongo_0531,0,0.000083
bilstm_finetuned,strip,template,13,test_codeswitch_1,bongo_0542,0,0.000019
bilstm_finetuned,strip,template,13,test_codeswitch_1,bongo_0545,0,0.000022
bilstm_finetuned,strip,template,13,test_codeswitch_1,bongo_0560,1,0.999945
bilstm_finetuned,strip,template,13,test_codeswitch_1,bongo_0565,1,0.299313
bilstm_finetuned,strip,template,13,test_codeswitch_1,bongo_0566,1,0.999994
bilstm_finetuned,strip,template,13,test_codeswitch_1,bongo_0571,0,0.000022
bilstm_finetuned,strip,template,13,test_codeswitch_1,bongo_0577,1,0.999703
bilstm_finetuned,strip,template,13,test_codeswitch_1,bongo_0580,1,0.428079
bilstm_finetuned,strip,template,13,test_codeswitch_1,bongo_0621,1,0.999879
bilstm_finetuned,strip,template,13,test_codeswitch_1,bongo_0624,1,0.999977
bilstm_finetuned,strip,template,13,test_codeswitch_1,bongo_0630,0,0.000086
bilstm_finetuned,strip,template,13,test_codeswitch_1,bongo_0638,1,0.999987
bilstm_finetuned,strip,template,13,test_codeswitch_1,bongo_0648,0,0.004569
bilstm_finetuned,strip,template,13,test_codeswitch_1,bongo_0674,0,0.000016
bilstm_finetuned,strip,template,13,test_codeswitch_1,bongo_0685,0,0.009332
bilstm_finetuned,strip,template,13,test_codeswitch_1,bongo_0697,1,0.299313
bilstm_finetuned,strip,template,13,test_codeswitch_1,bongo_0701,0,0.000023
bilstm_finetuned,strip,template,13,test_codeswitch_1,bongo_0706,1,0.162579
bilstm_finetuned,strip,template,13,test_codeswitch_1,bongo_0719,1,0.062236
bilstm_finetuned,strip,template,13,test_codeswitch_1,bongo_0721,1,0.466380
bilstm_finetuned,strip,template,13,test_codeswitch_1,bongo_0724,1,0.301071
bilstm_finetuned,strip,template,13,test_codeswitch_1,bongo_0729,1,0.381344
bilstm_finetuned,strip,template,13,test_codeswitch_1,bongo_0741,0,0.000022
bilstm_finetuned,strip,template,13,test_codeswitch_1,bongo_0749,1,0.118021
bilstm_finetuned,strip,template,13,test_codeswitch_1,bongo_0769,1,0.521201
bilstm_finetuned,strip,template,13,test_codeswitch_1,bongo_0770,1,0.016090
bilstm_finetuned,strip,template,13,test_codeswitch_1,bongo_0778,1,0.118049
bilstm_finetuned,strip,template,13,test_codeswitch_1,bongo_0787,1,0.999974
bilstm_finetuned,strip,template,13,test_codeswitch_1,bongo_0795,0,0.000104
bilstm_finetuned,strip,template,13,test_codeswitch_1,bongo_0806,1,0.301071
bilstm_finetuned,strip,template,13,test_codeswitch_1,bongo_0807,1,0.999989
bilstm_finetuned,strip,template,13,test_codeswitch_1,bongo_0818,0,0.002218
bilstm_finetuned,strip,template,13,test_codeswitch_1,bongo_0819,0,0.000090
bilstm_finetuned,strip,template,13,test_codeswitch_1,bongo_0835,0,0.000019
bilstm_finetuned,strip,template,13,test_codeswitch_1,bongo_0840,1,0.999974
bilstm_finetuned,strip,template,13,test_codeswitch_1,bongo_0855,1,0.299029
bilstm_finetuned,strip,template,13,test_codeswitch_1,bongo_0856,0,0.000047
bilstm_finetuned,strip,template,13,test_codeswitch_1,bongo_0864,1,0.635912
bilstm_finetuned,strip,template,13,test_codeswitch_1,bongo_0871,1,0.999976
bilstm_finetuned,strip,template,13,test_codeswitch_1,bongo_0872,0,0.004886
bilstm_finetuned,strip,template,13,test_codeswitch_1,bongo_0904,0,0.000118
bilstm_finetuned,strip,template,13,test_codeswitch_1,bongo_0905,1,0.636649
bilstm_finetuned,strip,template,13,test_codeswitch_1,bongo_0909,1,0.997562
bilstm_finetuned,strip,template,13,test_codeswitch_1,bongo_0917,1,0.016264
bilstm_finetuned,strip,template,13,test_codeswitch_1,bongo_0918,1,0.999808
bilstm_finetuned,strip,template,13,test_codeswitch_1,bongo_0950,0,0.000025
bilstm_finetuned,strip,template,13,test_codeswitch_1,bongo_0955,1,0.999982
bilstm_finetuned,strip,template,13,test_codeswitch_1,bongo_0956,0,0.000021
bilstm_finetuned,strip,template,13,test_codeswitch_1,bongo_0971,0,0.000025
bilstm_finetuned,strip,template,13,test_codeswitch_1,bongo_0983,0,0.000063
bilstm_finetuned,strip,template,13,test_codeswitch_1,bongo_0989,1,0.999976
bilstm_finetuned,strip,template,13,test_codeswitch_1,bongo_0994,0,0.000081
bilstm_finetuned,strip,template,13,test_codeswitch_1,bongo_1003,1,0.999945
bilstm_finetuned,strip,template,13,test_codeswitch_1,bongo_1006,0,0.000028
bilstm_finetuned,strip,template,13,test_codeswitch_1,bongo_1012,1,0.118159
bilstm_finetuned,strip,template,13,test_codeswitch_1,bongo_1015,0,0.000012
bilstm_finetuned,strip,template,13,test_codeswitch_1,bongo_1022,1,0.062241
bilstm_finetuned,strip,template,13,test_codeswitch_1,bongo_1037,0,0.000038
bilstm_finetuned,strip,template,13,test_codeswitch_1,bongo_1040,0,0.000035
bilstm_finetuned,strip,template,13,test_codeswitch_1,bongo_1042,1,0.999884
bilstm_finetuned,strip,template,13,test_codeswitch_1,bongo_1047,1,0.635904
bilstm_finetuned,strip,template,13,test_codeswitch_1,bongo_1050,0,0.000022
bilstm_finetuned,strip,template,13,test_codeswitch_1,bongo_1052,1,0.545443
bilstm_finetuned,strip,template,13,test_codeswitch_1,bongo_1059,0,0.000019
bilstm_finetuned,strip,template,13,test_codeswitch_1,bongo_1071,0,0.000027
bilstm_finetuned,strip,template,13,test_codeswitch_1,bongo_1090,0,0.000014
bilstm_finetuned,strip,template,13,test_codeswitch_1,bongo_1104,1,0.999982
bilstm_finetuned,strip,template,13,test_codeswitch_1,bongo_1115,0,0.000006
bilstm_finetuned,strip,template,13,test_codeswitch_1,bongo_1123,0,0.000026
bilstm_finetuned,strip,template,13,test_codeswitch_1,bongo_1125,0,0.001677
bilstm_finetuned,strip,template,13,test_codeswitch_1,bongo_1127,1,0.114992
bilstm_finetuned,strip,template,13,test_codeswitch_1,bongo_1131,1,0.999988
bilstm_finetuned,strip,template,13,test_codeswitch_1,bongo_1134,1,0.163859
bilstm_finetuned,strip,template,13,test_codeswitch_1,bongo_1135,0,0.006338
bilstm_finetuned,strip,template,13,test_codeswitch_1,bongo_1136,1,0.999982
bilstm_finetuned,strip,template,13,test_codeswitch_1,bongo_1138,1,0.636121
bilstm_finetuned,strip,template,13,test_codeswitch_1,bongo_1140,1,0.999463
bilstm_finetuned,strip,template,13,test_codeswitch_1,bongo_1154,1,0.999982
bilstm_finetuned,strip,template,13,test_codeswitch_1,bongo_1155,0,0.000024
bilstm_finetuned,strip,template,13,test_codeswitch_1,bongo_1171,1,0.999982
bilstm_finetuned,strip,template,13,test_codeswitch_1,bongo_1181,1,0.428441
bilstm_finetuned,strip,template,13,test_codeswitch_1,bongo_1185,1,0.062204
bilstm_finetuned,strip,template,13,test_codeswitch_1,bongo_1194,0,0.000497
bilstm_finetuned,strip,template,13,test_codeswitch_1,bongo_1195,1,0.299106
bilstm_finetuned,strip,template,13,test_codeswitch_1,bongo_1198,0,0.000064
bilstm_finetuned,strip,template,13,test_codeswitch_1,bongo_1204,1,0.016102
bilstm_finetuned,strip,template,13,test_codeswitch_1,bongo_1220,1,0.635901
bilstm_finetuned,strip,template,13,test_codeswitch_1,bongo_1233,1,0.999994
bilstm_finetuned,strip,template,13,test_codeswitch_1,bongo_1236,0,0.000040
bilstm_finetuned,strip,template,13,test_codeswitch_1,bongo_1240,1,0.062807
bilstm_finetuned,strip,template,13,test_codeswitch_1,bongo_1244,0,0.000019
bilstm_finetuned,strip,template,13,test_codeswitch_1,bongo_1249,0,0.000009
bilstm_finetuned,strip,template,13,test_codeswitch_1,bongo_1253,0,0.000047
bilstm_finetuned,strip,template,13,test_codeswitch_1,bongo_1260,0,0.000025
bilstm_finetuned,strip,template,13,test_codeswitch_1,bongo_1262,0,0.000033
bilstm_finetuned,strip,template,13,test_codeswitch_1,bongo_1278,1,0.119022
bilstm_finetuned,strip,template,13,test_codeswitch_1,bongo_1285,0,0.000022
bilstm_finetuned,strip,template,13,test_codeswitch_1,bongo_1293,1,0.999985
bilstm_finetuned,strip,template,13,test_codeswitch_1,bongo_1316,0,0.000063
bilstm_finetuned,strip,template,13,test_codeswitch_1,bongo_1327,1,0.016073
bilstm_finetuned,strip,template,13,test_codeswitch_1,bongo_1330,0,0.046217
bilstm_finetuned,strip,template,13,test_codeswitch_1,bongo_1359,0,0.000111
bilstm_finetuned,strip,template,13,test_codeswitch_1,bongo_1375,0,0.000035
bilstm_finetuned,strip,template,13,test_codeswitch_3,bongo_0025,1,0.999985
bilstm_finetuned,strip,template,13,test_codeswitch_3,bongo_0029,0,0.024916
bilstm_finetuned,strip,template,13,test_codeswitch_3,bongo_0039,1,0.637701
bilstm_finetuned,strip,template,13,test_codeswitch_3,bongo_0047,1,0.999977
bilstm_finetuned,strip,template,13,test_codeswitch_3,bongo_0053,0,0.000037
bilstm_finetuned,strip,template,13,test_codeswitch_3,bongo_0055,1,0.011796
bilstm_finetuned,strip,template,13,test_codeswitch_3,bongo_0061,1,0.999593
bilstm_finetuned,strip,template,13,test_codeswitch_3,bongo_0097,0,0.000402
bilstm_finetuned,strip,template,13,test_codeswitch_3,bongo_0107,0,0.000016
bilstm_finetuned,strip,template,13,test_codeswitch_3,bongo_0110,0,0.000012
bilstm_finetuned,strip,template,13,test_codeswitch_3,bongo_0112,1,0.160885
bilstm_finetuned,strip,template,13,test_codeswitch_3,bongo_0115,0,0.000422
bilstm_finetuned,strip,template,13,test_codeswitch_3,bongo_0143,0,0.000057
bilstm_finetuned,strip,template,13,test_codeswitch_3,bongo_0146,1,0.975916
bilstm_finetuned,strip,template,13,test_codeswitch_3,bongo_0154,1,0.999981
bilstm_finetuned,strip,template,13,test_codeswitch_3,bongo_0159,1,0.011775
bilstm_finetuned,strip,template,13,test_codeswitch_3,bongo_0160,0,0.000022
bilstm_finetuned,strip,template,13,test_codeswitch_3,bongo_0172,0,0.240197
bilstm_finetuned,strip,template,13,test_codeswitch_3,bongo_0173,1,0.039959
bilstm_finetuned,strip,template,13,test_codeswitch_3,bongo_0175,0,0.000021
bilstm_finetuned,strip,template,13,test_codeswitch_3,bongo_0182,0,0.000009
bilstm_finetuned,strip,template,13,test_codeswitch_3,bongo_0195,1,0.420586
bilstm_finetuned,strip,template,13,test_codeswitch_3,bongo_0197,0,0.000031
bilstm_finetuned,strip,template,13,test_codeswitch_3,bongo_0201,1,0.999988
bilstm_finetuned,strip,template,13,test_codeswitch_3,bongo_0203,1,0.968724
bilstm_finetuned,strip,template,13,test_codeswitch_3,bongo_0250,1,0.011775
bilstm_finetuned,strip,template,13,test_codeswitch_3,bongo_0253,0,0.000044
bilstm_finetuned,strip,template,13,test_codeswitch_3,bongo_0255,1,0.051208
bilstm_finetuned,strip,template,13,test_codeswitch_3,bongo_0265,1,0.040276
bilstm_finetuned,strip,template,13,test_codeswitch_3,bongo_0271,0,0.000028
bilstm_finetuned,strip,template,13,test_codeswitch_3,bongo_0300,0,0.000029
bilstm_finetuned,strip,template,13,test_codeswitch_3,bongo_0306,0,0.000039
bilstm_finetuned,strip,template,13,test_codeswitch_3,bongo_0356,1,0.161052
bilstm_finetuned,strip,template,13,test_codeswitch_3,bongo_0360,1,0.999434
bilstm_finetuned,strip,template,13,test_codeswitch_3,bongo_0361,1,0.958652
bilstm_finetuned,strip,template,13,test_codeswitch_3,bongo_0363,0,0.000029
bilstm_finetuned,strip,template,13,test_codeswitch_3,bongo_0368,0,0.000151
bilstm_finetuned,strip,template,13,test_codeswitch_3,bongo_0372,0,0.000041
bilstm_finetuned,strip,template,13,test_codeswitch_3,bongo_0380,1,0.050801
bilstm_finetuned,strip,template,13,test_codeswitch_3,bongo_0389,0,0.000026
bilstm_finetuned,strip,template,13,test_codeswitch_3,bongo_0395,0,0.000519
bilstm_finetuned,strip,template,13,test_codeswitch_3,bongo_0405,1,0.999958
bilstm_finetuned,strip,template,13,test_codeswitch_3,bongo_0424,1,0.999988
bilstm_finetuned,strip,template,13,test_codeswitch_3,bongo_0427,0,0.000363
bilstm_finetuned,strip,template,13,test_codeswitch_3,bongo_0434,1,0.011796
bilstm_finetuned,strip,template,13,test_codeswitch_3,bongo_0463,0,0.000253
bilstm_finetuned,strip,template,13,test_codeswitch_3,bongo_0476,1,0.464797
bilstm_finetuned,strip,template,13,test_codeswitch_3,bongo_0510,1,0.999994
bilstm_finetuned,strip,template,13,test_codeswitch_3,bongo_0531,0,0.000083
bilstm_finetuned,strip,template,13,test_codeswitch_3,bongo_0542,0,0.000019
bilstm_finetuned,strip,template,13,test_codeswitch_3,bongo_0545,0,0.000022
bilstm_finetuned,strip,template,13,test_codeswitch_3,bongo_0560,1,0.999945
bilstm_finetuned,strip,template,13,test_codeswitch_3,bongo_0565,1,0.299912
bilstm_finetuned,strip,template,13,test_codeswitch_3,bongo_0566,1,0.985795
bilstm_finetuned,strip,template,13,test_codeswitch_3,bongo_0571,0,0.000022
bilstm_finetuned,strip,template,13,test_codeswitch_3,bongo_0577,1,0.999965
bilstm_finetuned,strip,template,13,test_codeswitch_3,bongo_0580,1,0.428079
bilstm_finetuned,strip,template,13,test_codeswitch_3,bongo_0621,1,0.999894
bilstm_finetuned,strip,template,13,test_codeswitch_3,bongo_0624,1,0.992801
bilstm_finetuned,strip,template,13,test_codeswitch_3,bongo_0630,0,0.000086
bilstm_finetuned,strip,template,13,test_codeswitch_3,bongo_0638,1,0.971983
bilstm_finetuned,strip,template,13,test_codeswitch_3,bongo_0648,0,0.004569
bilstm_finetuned,strip,template,13,test_codeswitch_3,bongo_0674,0,0.000016
bilstm_finetuned,strip,template,13,test_codeswitch_3,bongo_0685,0,0.009332
bilstm_finetuned,strip,template,13,test_codeswitch_3,bongo_0697,1,0.299912
bilstm_finetuned,strip,template,13,test_codeswitch_3,bongo_0701,0,0.000023
bilstm_finetuned,strip,template,13,test_codeswitch_3,bongo_0706,1,0.160908
bilstm_finetuned,strip,template,13,test_codeswitch_3,bongo_0719,1,0.050795
bilstm_finetuned,strip,template,13,test_codeswitch_3,bongo_0721,1,0.391456
bilstm_finetuned,strip,template,13,test_codeswitch_3,bongo_0724,1,0.301645
bilstm_finetuned,strip,template,13,test_codeswitch_3,bongo_0729,1,0.381344
bilstm_finetuned,strip,template,13,test_codeswitch_3,bongo_0741,0,0.000022
bilstm_finetuned,strip,template,13,test_codeswitch_3,bongo_0749,1,0.110694
bilstm_finetuned,strip,template,13,test_codeswitch_3,bongo_0769,1,0.605752
bilstm_finetuned,strip,template,13,test_codeswitch_3,bongo_0770,1,0.011796
bilstm_finetuned,strip,template,13,test_codeswitch_3,bongo_0778,1,0.110709
bilstm_finetuned,strip,template,13,test_codeswitch_3,bongo_0787,1,0.999434
bilstm_finetuned,strip,template,13,test_codeswitch_3,bongo_0795,0,0.000104
bilstm_finetuned,strip,template,13,test_codeswitch_3,bongo_0806,1,0.301645
bilstm_finetuned,strip,template,13,test_codeswitch_3,bongo_0807,1,0.999992
bilstm_finetuned,strip,template,13,test_codeswitch_3,bongo_0818,0,0.002218
bilstm_finetuned,strip,template,13,test_codeswitch_3,bongo_0819,0,0.000090
bilstm_finetuned,strip,template,13,test_codeswitch_3,bongo_0835,0,0.000019
bilstm_finetuned,strip,template,13,test_codeswitch_3,bongo_0840,1,0.999435
bilstm_finetuned,strip,template,13,test_codeswitch_3,bongo_0855,1,0.299676
bilstm_finetuned,strip,template,13,test_codeswitch_3,bongo_0856,0,0.000047
bilstm_finetuned,strip,template,13,test_codeswitch_3,bongo_0864,1,0.637806
bilstm_finetuned,strip,template,13,test_codeswitch_3,bongo_0871,1,0.992962
bilstm_finetuned,strip,template,13,test_codeswitch_3,bongo_0872,0,0.004886
bilstm_finetuned,strip,template,13,test_codeswitch_3,bongo_0904,0,0.000118
bilstm_finetuned,strip,template,13,test_codeswitch_3,bongo_0905,1,0.638516
bilstm_finetuned,strip,template,13,test_codeswitch_3,bongo_0909,1,0.999919
bilstm_finetuned,strip,template,13,test_codeswitch_3,bongo_0917,1,0.012116
bilstm_finetuned,strip,template,13,test_codeswitch_3,bongo_0918,1,0.999970
bilstm_finetuned,strip,template,13,test_codeswitch_3,bongo_0950,0,0.000025
bilstm_finetuned,strip,template,13,test_codeswitch_3,bongo_0955,1,0.999980
bilstm_finetuned,strip,template,13,test_codeswitch_3,bongo_0956,0,0.000021
bilstm_finetuned,strip,template,13,test_codeswitch_3,bongo_0971,0,0.000025
bilstm_finetuned,strip,template,13,test_codeswitch_3,bongo_0983,0,0.000063
bilstm_finetuned,strip,template,13,test_codeswitch_3,bongo_0989,1,0.992844
bilstm_finetuned,strip,template,13,test_codeswitch_3,bongo_0994,0,0.000081
bilstm_finetuned,strip,template,13,test_codeswitch_3,bongo_1003,1,0.999945
bilstm_finetuned,strip,template,13,test_codeswitch_3,bongo_1006,0,0.000028
bilstm_finetuned,strip,template,13,test_codeswitch_3,bongo_1012,1,0.110813
bilstm_finetuned,strip,template,13,test_codeswitch_3,bongo_1015,0,0.000012
bilstm_finetuned,strip,template,13,test_codeswitch_3,bongo_1022,1,0.050774
bilstm_finetuned,strip,template,13,test_codeswitch_3,bongo_1037,0,0.000038
bilstm_finetuned,strip,template,13,test_codeswitch_3,bongo_1040,0,0.000035
bilstm_finetuned,strip,template,13,test_codeswitch_3,bongo_1042,1,0.970509
bilstm_finetuned,strip,template,13,test_codeswitch_3,bongo_1047,1,0.637822
bilstm_finetuned,strip,template,13,test_codeswitch_3,bongo_1050,0,0.000022
bilstm_finetuned,strip,template,13,test_codeswitch_3,bongo_1052,1,0.553874
bilstm_finetuned,strip,template,13,test_codeswitch_3,bongo_1059,0,0.000019
bilstm_finetuned,strip,template,13,test_codeswitch_3,bongo_1071,0,0.000027
bilstm_finetuned,strip,template,13,test_codeswitch_3,bongo_1090,0,0.000014
bilstm_finetuned,strip,template,13,test_codeswitch_3,bongo_1104,1,0.999981
bilstm_finetuned,strip,template,13,test_codeswitch_3,bongo_1115,0,0.000006
bilstm_finetuned,strip,template,13,test_codeswitch_3,bongo_1123,0,0.000026
bilstm_finetuned,strip,template,13,test_codeswitch_3,bongo_1125,0,0.001677
bilstm_finetuned,strip,template,13,test_codeswitch_3,bongo_1127,1,0.039892
bilstm_finetuned,strip,template,13,test_codeswitch_3,bongo_1131,1,0.970123
bilstm_finetuned,strip,template,13,test_codeswitch_3,bongo_1134,1,0.162150
bilstm_finetuned,strip,template,13,test_codeswitch_3,bongo_1135,0,0.006338
bilstm_finetuned,strip,template,13,test_codeswitch_3,bongo_1136,1,0.999982
bilstm_finetuned,strip,template,13,test_codeswitch_3,bongo_1138,1,0.638046
bilstm_finetuned,strip,template,13,test_codeswitch_3,bongo_1140,1,0.999956
bilstm_finetuned,strip,template,13,test_codeswitch_3,bongo_1154,1,0.999938
bilstm_finetuned,strip,template,13,test_codeswitch_3,bongo_1155,0,0.000024
bilstm_finetuned,strip,template,13,test_codeswitch_3,bongo_1171,1,0.999981
bilstm_finetuned,strip,template,13,test_codeswitch_3,bongo_1181,1,0.428441
bilstm_finetuned,strip,template,13,test_codeswitch_3,bongo_1185,1,0.050705
bilstm_finetuned,strip,template,13,test_codeswitch_3,bongo_1194,0,0.000497
bilstm_finetuned,strip,template,13,test_codeswitch_3,bongo_1195,1,0.299733
bilstm_finetuned,strip,template,13,test_codeswitch_3,bongo_1198,0,0.000064
bilstm_finetuned,strip,template,13,test_codeswitch_3,bongo_1204,1,0.011822
bilstm_finetuned,strip,template,13,test_codeswitch_3,bongo_1220,1,0.637858
bilstm_finetuned,strip,template,13,test_codeswitch_3,bongo_1233,1,0.986931
bilstm_finetuned,strip,template,13,test_codeswitch_3,bongo_1236,0,0.000040
bilstm_finetuned,strip,template,13,test_codeswitch_3,bongo_1240,1,0.051208
bilstm_finetuned,strip,template,13,test_codeswitch_3,bongo_1244,0,0.000019
bilstm_finetuned,strip,template,13,test_codeswitch_3,bongo_1249,0,0.000009
bilstm_finetuned,strip,template,13,test_codeswitch_3,bongo_1253,0,0.000047
bilstm_finetuned,strip,template,13,test_codeswitch_3,bongo_1260,0,0.000025
bilstm_finetuned,strip,template,13,test_codeswitch_3,bongo_1262,0,0.000033
bilstm_finetuned,strip,template,13,test_codeswitch_3,bongo_1278,1,0.111625
bilstm_finetuned,strip,template,13,test_codeswitch_3,bongo_1285,0,0.000022
bilstm_finetuned,strip,template,13,test_codeswitch_3,bongo_1293,1,0.999984
bilstm_finetuned,strip,template,13,test_codeswitch_3,bongo_1316,0,0.000063
bilstm_finetuned,strip,template,13,test_codeswitch_3,bongo_1327,1,0.011765
bilstm_finetuned,strip,template,13,test_codeswitch_3,bongo_1330,0,0.046217
bilstm_finetuned,strip,template,13,test_codeswitch_3,bongo_1359,0,0.000111
bilstm_finetuned,strip,template,13,test_codeswitch_3,bongo_1375,0,0.000035
bilstm_finetuned,strip,template,13,test_codeswitch_all,bongo_0025,1,0.999985
bilstm_finetuned,strip,template,13,test_codeswitch_all,bongo_0029,0,0.024916
bilstm_finetuned,strip,template,13,test_codeswitch_all,bongo_0039,1,0.637701
bilstm_finetuned,strip,template,13,test_codeswitch_all,bongo_0047,1,0.999977
bilstm_finetuned,strip,template,13,test_codeswitch_all,bongo_0053,0,0.000037
bilstm_finetuned,strip,template,13,test_codeswitch_all,bongo_0055,1,0.011796
bilstm_finetuned,strip,template,13,test_codeswitch_all,bongo_0061,1,0.999593
bilstm_finetuned,strip,template,13,test_codeswitch_all,bongo_0097,0,0.000402
bilstm_finetuned,strip,template,13,test_codeswitch_all,bongo_0107,0,0.000016
bilstm_finetuned,strip,template,13,test_codeswitch_all,bongo_0110,0,0.000012
bilstm_finetuned,strip,template,13,test_codeswitch_all,bongo_0112,1,0.160885
bilstm_finetuned,strip,template,13,test_codeswitch_all,bongo_0115,0,0.000422
bilstm_finetuned,strip,template,13,test_codeswitch_all,bongo_0143,0,0.000057
bilstm_finetuned,strip,template,13,test_codeswitch_all,bongo_0146,1,0.616504
bilstm_finetuned,strip,template,13,test_codeswitch_all,bongo_0154,1,0.999981
bilstm_finetuned,strip,template,13,test_codeswitch_all,bongo_0159,1,0.011775
bilstm_finetuned,strip,template,13,test_codeswitch_all,bongo_0160,0,0.000022
bilstm_finetuned,strip,template,13,test_codeswitch_all,bongo_0172,0,0.240197
bilstm_finetuned,strip,template,13,test_codeswitch_all,bongo_0173,1,0.039959
bilstm_finetuned,strip,template,13,test_codeswitch_all,bongo_0175,0,0.000021
bilstm_finetuned,strip,template,13,test_codeswitch_all,bongo_0182,0,0.000009
bilstm_finetuned,strip,template,13,test_codeswitch_all,bongo_0195,1,0.420586
bilstm_finetuned,strip,template,13,test_codeswitch_all,bongo_0197,0,0.000031
bilstm_finetuned,strip,template,13,test_codeswitch_all,bongo_0201,1,0.999988
bilstm_finetuned,strip,template,13,test_codeswitch_all,bongo_0203,1,0.946667
bilstm_finetuned,strip,template,13,test_codeswitch_all,bongo_0250,1,0.011775
bilstm_finetuned,strip,template,13,test_codeswitch_all,bongo_0253,0,0.000044
bilstm_finetuned,strip,template,13,test_codeswitch_all,bongo_0255,1,0.051208
bilstm_finetuned,strip,template,13,test_codeswitch_all,bongo_0265,1,0.040276
bilstm_finetuned,strip,template,13,test_codeswitch_all,bongo_0271,0,0.000028
bilstm_finetuned,strip,template,13,test_codeswitch_all,bongo_0300,0,0.000029
bilstm_finetuned,strip,template,13,test_codeswitch_all,bongo_0306,0,0.000039
bilstm_finetuned,strip,template,13,test_codeswitch_all,bongo_0356,1,0.161052
bilstm_finetuned,strip,template,13,test_codeswitch_all,bongo_0360,1,0.996106
bilstm_finetuned,strip,template,13,test_codeswitch_all,bongo_0361,1,0.933558
bilstm_finetuned,strip,template,13,test_codeswitch_all,bongo_0363,0,0.000029
bilstm_finetuned,strip,template,13,test_codeswitch_all,bongo_0368,0,0.000151
bilstm_finetuned,strip,template,13,test_codeswitch_all,bongo_0372,0,0.000041
bilstm_finetuned,strip,template,13,test_codeswitch_all,bongo_0380,1,0.050801
bilstm_finetuned,strip,template,13,test_codeswitch_all,bongo_0389,0,0.000026
bilstm_finetuned,strip,template,13,test_codeswitch_all,bongo_0395,0,0.000519
bilstm_finetuned,strip,template,13,test_codeswitch_all,bongo_0405,1,0.999958
bilstm_finetuned,strip,template,13,test_codeswitch_all,bongo_0424,1,0.999988
bilstm_finetuned,strip,template,13,test_codeswitch_all,bongo_0427,0,0.000363
bilstm_finetuned,strip,template,13,test_codeswitch_all,bongo_0434,1,0.011796
bilstm_finetuned,strip,template,13,test_codeswitch_all,bongo_0463,0,0.000253
bilstm_finetuned,strip,template,13,test_codeswitch_all,bongo_0476,1,0.464797
bilstm_finetuned,strip,template,13,test_codeswitch_all,bongo_0510,1,0.999994
bilstm_finetuned,strip,template,13,test_codeswitch_all,bongo_0531,0,0.000083
bilstm_finetuned,strip,template,13,test_codeswitch_all,bongo_0542,0,0.000019
bilstm_finetuned,strip,template,13,test_codeswitch_all,bongo_0545,0,0.000022
bilstm_finetuned,strip,template,13,test_codeswitch_all,bongo_0560,1,0.999945
bilstm_finetuned,strip,template,13,test_codeswitch_all,bongo_0565,1,0.299912
bilstm_finetuned,strip,template,13,test_codeswitch_all,bongo_0566,1,0.789697
bilstm_finetuned,strip,template,13,test_codeswitch_all,bongo_0571,0,0.000022
bilstm_finetuned,strip,template,13,test_codeswitch_all,bongo_0577,1,0.999965
bilstm_finetuned,strip,template,13,test_codeswitch_all,bongo_0580,1,0.428079
bilstm_finetuned,strip,template,13,test_codeswitch_all,bongo_0621,1,0.999894
bilstm_finetuned,strip,template,13,test_codeswitch_all,bongo_0624,1,0.992801
bilstm_finetuned,strip,template,13,test_codeswitch_all,bongo_0630,0,0.000086
bilstm_finetuned,strip,template,13,test_codeswitch_all,bongo_0638,1,0.601110
bilstm_finetuned,strip,template,13,test_codeswitch_all,bongo_0648,0,0.004569
bilstm_finetuned,strip,template,13,test_codeswitch_all,bongo_0674,0,0.000016
bilstm_finetuned,strip,template,13,test_codeswitch_all,bongo_0685,0,0.009332
bilstm_finetuned,strip,template,13,test_codeswitch_all,bongo_0697,1,0.299912
bilstm_finetuned,strip,template,13,test_codeswitch_all,bongo_0701,0,0.000023
bilstm_finetuned,strip,template,13,test_codeswitch_all,bongo_0706,1,0.160908
bilstm_finetuned,strip,template,13,test_codeswitch_all,bongo_0719,1,0.050795
bilstm_finetuned,strip,template,13,test_codeswitch_all,bongo_0721,1,0.391456
bilstm_finetuned,strip,template,13,test_codeswitch_all,bongo_0724,1,0.301645
bilstm_finetuned,strip,template,13,test_codeswitch_all,bongo_0729,1,0.381344
bilstm_finetuned,strip,template,13,test_codeswitch_all,bongo_0741,0,0.000022
bilstm_finetuned,strip,template,13,test_codeswitch_all,bongo_0749,1,0.110694
bilstm_finetuned,strip,template,13,test_codeswitch_all,bongo_0769,1,0.605752
bilstm_finetuned,strip,template,13,test_codeswitch_all,bongo_0770,1,0.011796
bilstm_finetuned,strip,template,13,test_codeswitch_all,bongo_0778,1,0.110709
bilstm_finetuned,strip,template,13,test_codeswitch_all,bongo_0787,1,0.996148
bilstm_finetuned,strip,template,13,test_codeswitch_all,bongo_0795,0,0.000104
bilstm_finetuned,strip,template,13,test_codeswitch_all,bongo_0806,1,0.301645
bilstm_finetuned,strip,template,13,test_codeswitch_all,bongo_0807,1,0.999992
bilstm_finetuned,strip,template,13,test_codeswitch_all,bongo_0818,0,0.002218
bilstm_finetuned,strip,template,13,test_codeswitch_all,bongo_0819,0,0.000090
bilstm_finetuned,strip,template,13,test_codeswitch_all,bongo_0835,0,0.000019
bilstm_finetuned,strip,template,13,test_codeswitch_all,bongo_0840,1,0.996096
bilstm_finetuned,strip,template,13,test_codeswitch_all,bongo_0855,1,0.299676
bilstm_finetuned,strip,template,13,test_codeswitch_all,bongo_0856,0,0.000047
bilstm_finetuned,strip,template,13,test_codeswitch_all,bongo_0864,1,0.637806
bilstm_finetuned,strip,template,13,test_codeswitch_all,bongo_0871,1,0.992962
bilstm_finetuned,strip,template,13,test_codeswitch_all,bongo_0872,0,0.004886
bilstm_finetuned,strip,template,13,test_codeswitch_all,bongo_0904,0,0.000118
bilstm_finetuned,strip,template,13,test_codeswitch_all,bongo_0905,1,0.638516
bilstm_finetuned,strip,template,13,test_codeswitch_all,bongo_0909,1,0.999919
bilstm_finetuned,strip,template,13,test_codeswitch_all,bongo_0917,1,0.012116
bilstm_finetuned,strip,template,13,test_codeswitch_all,bongo_0918,1,0.999970
bilstm_finetuned,strip,template,13,test_codeswitch_all,bongo_0950,0,0.000025
bilstm_finetuned,strip,template,13,test_codeswitch_all,bongo_0955,1,0.999980
bilstm_finetuned,strip,template,13,test_codeswitch_all,bongo_0956,0,0.000021
bilstm_finetuned,strip,template,13,test_codeswitch_all,bongo_0971,0,0.000025
bilstm_finetuned,strip,template,13,test_codeswitch_all,bongo_0983,0,0.000063
bilstm_finetuned,strip,template,13,test_codeswitch_all,bongo_0989,1,0.992844
bilstm_finetuned,strip,template,13,test_codeswitch_all,bongo_0994,0,0.000081
bilstm_finetuned,strip,template,13,test_codeswitch_all,bongo_1003,1,0.999945
bilstm_finetuned,strip,template,13,test_codeswitch_all,bongo_1006,0,0.000028
bilstm_finetuned,strip,template,13,test_codeswitch_all,bongo_1012,1,0.110813
bilstm_finetuned,strip,template,13,test_codeswitch_all,bongo_1015,0,0.000012
bilstm_finetuned,strip,template,13,test_codeswitch_all,bongo_1022,1,0.050774
bilstm_finetuned,strip,template,13,test_codeswitch_all,bongo_1037,0,0.000038
bilstm_finetuned,strip,template,13,test_codeswitch_all,bongo_1040,0,0.000035
bilstm_finetuned,strip,template,13,test_codeswitch_all,bongo_1042,1,0.588100
bilstm_finetuned,strip,template,13,test_codeswitch_all,bongo_1047,1,0.637822
bilstm_finetuned,strip,template,13,test_codeswitch_all,bongo_1050,0,0.000022
bilstm_finetuned,strip,template,13,test_codeswitch_all,bongo_1052,1,0.553874
bilstm_finetuned,strip,template,13,test_codeswitch_all,bongo_1059,0,0.000019
bilstm_finetuned,strip,template,13,test_codeswitch_all,bongo_1071,0,0.000027
bilstm_finetuned,strip,template,13,test_codeswitch_all,bongo_1090,0,0.000014
bilstm_finetuned,strip,template,13,test_codeswitch_all,bongo_1104,1,0.999981
bilstm_finetuned,strip,template,13,test_codeswitch_all,bongo_1115,0,0.000006
bilstm_finetuned,strip,template,13,test_codeswitch_all,bongo_1123,0,0.000026
bilstm_finetuned,strip,template,13,test_codeswitch_all,bongo_1125,0,0.001677
bilstm_finetuned,strip,template,13,test_codeswitch_all,bongo_1127,1,0.039892
bilstm_finetuned,strip,template,13,test_codeswitch_all,bongo_1131,1,0.586848
bilstm_finetuned,strip,template,13,test_codeswitch_all,bongo_1134,1,0.162150
bilstm_finetuned,strip,template,13,test_codeswitch_all,bongo_1135,0,0.006338
bilstm_finetuned,strip,template,13,test_codeswitch_all,bongo_1136,1,0.999982
bilstm_finetuned,strip,template,13,test_codeswitch_all,bongo_1138,1,0.638046
bilstm_finetuned,strip,template,13,test_codeswitch_all,bongo_1140,1,0.999956
bilstm_finetuned,strip,template,13,test_codeswitch_all,bongo_1154,1,0.964498
bilstm_finetuned,strip,template,13,test_codeswitch_all,bongo_1155,0,0.000024
bilstm_finetuned,strip,template,13,test_codeswitch_all,bongo_1171,1,0.999981
bilstm_finetuned,strip,template,13,test_codeswitch_all,bongo_1181,1,0.428441
bilstm_finetuned,strip,template,13,test_codeswitch_all,bongo_1185,1,0.050705
bilstm_finetuned,strip,template,13,test_codeswitch_all,bongo_1194,0,0.000497
bilstm_finetuned,strip,template,13,test_codeswitch_all,bongo_1195,1,0.299733
bilstm_finetuned,strip,template,13,test_codeswitch_all,bongo_1198,0,0.000064
bilstm_finetuned,strip,template,13,test_codeswitch_all,bongo_1204,1,0.011822
bilstm_finetuned,strip,template,13,test_codeswitch_all,bongo_1220,1,0.637858
bilstm_finetuned,strip,template,13,test_codeswitch_all,bongo_1233,1,0.801576
bilstm_finetuned,strip,template,13,test_codeswitch_all,bongo_1236,0,0.000040
bilstm_finetuned,strip,template,13,test_codeswitch_all,bongo_1240,1,0.051208
bilstm_finetuned,strip,template,13,test_codeswitch_all,bongo_1244,0,0.000019
bilstm_finetuned,strip,template,13,test_codeswitch_all,bongo_1249,0,0.000009
bilstm_finetuned,strip,template,13,test_codeswitch_all,bongo_1253,0,0.000047
bilstm_finetuned,strip,template,13,test_codeswitch_all,bongo_1260,0,0.000025
bilstm_finetuned,strip,template,13,test_codeswitch_all,bongo_1262,0,0.000033
bilstm_finetuned,strip,template,13,test_codeswitch_all,bongo_1278,1,0.111625
bilstm_finetuned,strip,template,13,test_codeswitch_all,bongo_1285,0,0.000022
bilstm_finetuned,strip,template,13,test_codeswitch_all,bongo_1293,1,0.971543
bilstm_finetuned,strip,template,13,test_codeswitch_all,bongo_1316,0,0.000063
bilstm_finetuned,strip,template,13,test_codeswitch_all,bongo_1327,1,0.011765
bilstm_finetuned,strip,template,13,test_codeswitch_all,bongo_1330,0,0.046217
bilstm_finetuned,strip,template,13,test_codeswitch_all,bongo_1359,0,0.000111
bilstm_finetuned,strip,template,13,test_codeswitch_all,bongo_1375,0,0.000035
bilstm_finetuned,strip,template,13,chichewa,chi_0000,1,0.984398
bilstm_finetuned,strip,template,13,chichewa,chi_0001,1,0.612390
bilstm_finetuned,strip,template,13,chichewa,chi_0002,0,0.000042
bilstm_finetuned,strip,template,13,chichewa,chi_0003,0,0.427136
bilstm_finetuned,strip,template,13,chichewa,chi_0004,1,0.743625
bilstm_finetuned,strip,template,13,chichewa,chi_0005,1,0.839433
bilstm_finetuned,strip,template,13,chichewa,chi_0006,0,0.635748
bilstm_finetuned,strip,template,13,chichewa,chi_0007,0,0.206563
bilstm_finetuned,strip,template,13,chichewa,chi_0008,1,0.000072
bilstm_finetuned,strip,template,13,chichewa,chi_0009,1,0.821586
bilstm_finetuned,strip,template,13,chichewa,chi_0010,0,0.000103
bilstm_finetuned,strip,template,13,chichewa,chi_0011,0,0.000069
bilstm_finetuned,strip,template,13,chichewa,chi_0012,0,0.325602
bilstm_finetuned,strip,template,13,chichewa,chi_0013,1,0.738015
bilstm_finetuned,strip,template,13,chichewa,chi_0014,1,0.999020
bilstm_finetuned,strip,template,13,chichewa,chi_0015,0,0.050119
bilstm_finetuned,strip,template,13,chichewa,chi_0016,0,0.045084
bilstm_finetuned,strip,template,13,chichewa,chi_0017,0,0.578328
bilstm_finetuned,strip,template,13,chichewa,chi_0018,1,0.648503
bilstm_finetuned,strip,template,13,chichewa,chi_0019,1,0.999258
bilstm_finetuned,strip,template,13,chichewa,chi_0020,0,0.046431
bilstm_finetuned,strip,template,13,chichewa,chi_0021,1,0.094162
bilstm_finetuned,strip,template,13,chichewa,chi_0022,0,0.000047
bilstm_finetuned,strip,template,13,chichewa,chi_0023,1,0.999833
bilstm_finetuned,strip,template,13,chichewa,chi_0024,1,0.570248
bilstm_finetuned,strip,template,13,chichewa,chi_0025,0,0.000152
bilstm_finetuned,strip,template,13,chichewa,chi_0026,0,0.742701
bilstm_finetuned,strip,template,13,chichewa,chi_0027,1,0.753587
bilstm_finetuned,strip,template,13,chichewa,chi_0028,1,0.999889
bilstm_finetuned,strip,template,13,chichewa,chi_0029,0,0.376471
bilstm_finetuned,strip,template,13,chichewa,chi_0030,0,0.000060
bilstm_finetuned,strip,template,13,chichewa,chi_0031,1,0.622010
bilstm_finetuned,strip,template,13,chichewa,chi_0032,1,0.970588
bilstm_finetuned,strip,template,13,chichewa,chi_0033,1,0.486832
bilstm_finetuned,strip,template,13,chichewa,chi_0034,1,0.981000
bilstm_finetuned,strip,template,13,chichewa,chi_0035,0,0.026756
bilstm_finetuned,strip,template,13,chichewa,chi_0036,0,0.179300
bilstm_finetuned,strip,template,13,chichewa,chi_0037,0,0.000067
bilstm_finetuned,strip,template,13,chichewa,chi_0038,0,0.611823
bilstm_finetuned,strip,template,13,chichewa,chi_0039,0,0.000101
bilstm_finetuned,strip,template,13,chichewa,chi_0040,1,0.972914
bilstm_finetuned,strip,template,13,chichewa,chi_0041,1,0.999305
bilstm_finetuned,strip,template,13,chichewa,chi_0042,0,0.232610
bilstm_finetuned,strip,template,13,chichewa,chi_0043,0,0.088432
bilstm_finetuned,strip,template,13,chichewa,chi_0044,0,0.000038
bilstm_finetuned,strip,template,13,chichewa,chi_0045,1,0.999791
bilstm_finetuned,strip,template,13,chichewa,chi_0046,1,0.705682
bilstm_finetuned,strip,template,13,chichewa,chi_0047,1,0.429578
bilstm_finetuned,strip,template,13,chichewa,chi_0048,0,0.100201
bilstm_finetuned,strip,template,13,chichewa,chi_0049,0,0.718007
bilstm_finetuned,strip,template,13,chichewa,chi_0050,0,0.665633
bilstm_finetuned,strip,template,13,chichewa,chi_0051,1,0.000886
bilstm_finetuned,strip,template,13,chichewa,chi_0052,0,0.018395
bilstm_finetuned,strip,template,13,chichewa,chi_0053,0,0.143923
bilstm_finetuned,strip,template,13,chichewa,chi_0054,1,0.200995
bilstm_finetuned,strip,template,13,chichewa,chi_0055,1,0.971369
bilstm_finetuned,strip,template,13,chichewa,chi_0056,0,0.000041
bilstm_finetuned,strip,template,13,chichewa,chi_0057,1,0.000748
bilstm_finetuned,strip,template,13,chichewa,chi_0058,1,0.151335
bilstm_finetuned,strip,template,13,chichewa,chi_0059,0,0.075123
bilstm_finetuned,strip,template,13,chichewa,chi_0060,0,0.137377
bilstm_finetuned,strip,template,13,chichewa,chi_0061,1,0.149295
bilstm_finetuned,strip,template,13,chichewa,chi_0062,0,0.052021
bilstm_finetuned,strip,template,13,chichewa,chi_0063,1,0.313135
bilstm_finetuned,strip,template,13,chichewa,chi_0064,1,0.975496
bilstm_finetuned,strip,template,13,chichewa,chi_0065,1,0.000110
bilstm_finetuned,strip,template,13,chichewa,chi_0066,0,0.133875
bilstm_finetuned,strip,template,13,chichewa,chi_0067,0,0.225530
bilstm_finetuned,strip,template,13,chichewa,chi_0068,0,0.012259
bilstm_finetuned,strip,template,13,chichewa,chi_0069,1,0.999786
bilstm_finetuned,strip,template,13,chichewa,chi_0070,1,0.999802
bilstm_finetuned,strip,template,13,chichewa,chi_0071,0,0.063425
bilstm_finetuned,strip,template,13,chichewa,chi_0072,0,0.207901
bilstm_finetuned,strip,template,13,chichewa,chi_0073,1,0.496326
bilstm_finetuned,strip,template,13,chichewa,chi_0074,1,0.987107
bilstm_finetuned,strip,template,13,chichewa,chi_0075,0,0.052647
bilstm_finetuned,strip,template,13,chichewa,chi_0076,0,0.045419
bilstm_finetuned,strip,template,13,chichewa,chi_0077,0,0.046401
bilstm_finetuned,strip,template,13,chichewa,chi_0078,1,0.000567
bilstm_finetuned,strip,template,13,chichewa,chi_0079,1,0.000072
bilstm_finetuned,strip,template,13,chichewa,chi_0080,1,0.698843
bilstm_finetuned,strip,template,13,chichewa,chi_0081,1,0.991244
bilstm_finetuned,strip,template,13,chichewa,chi_0082,0,0.154948
bilstm_finetuned,strip,template,13,chichewa,chi_0083,0,0.345851
bilstm_finetuned,strip,template,13,chichewa,chi_0084,0,0.045344
bilstm_finetuned,strip,template,13,chichewa,chi_0085,1,0.757194
bilstm_finetuned,strip,template,13,chichewa,chi_0086,1,0.997803
bilstm_finetuned,strip,template,13,chichewa,chi_0087,0,0.000105
bilstm_finetuned,strip,template,13,chichewa,chi_0088,0,0.806718
bilstm_finetuned,strip,template,13,chichewa,chi_0089,0,0.806559
bilstm_finetuned,strip,template,13,chichewa,chi_0090,1,0.469912
bilstm_finetuned,strip,template,13,chichewa,chi_0091,0,0.163419
bilstm_finetuned,strip,template,13,chichewa,chi_0092,0,0.805691
bilstm_finetuned,strip,template,13,chichewa,chi_0093,0,0.801207
bilstm_finetuned,strip,template,13,chichewa,chi_0094,1,0.993370
bilstm_finetuned,strip,template,13,chichewa,chi_0095,1,0.557570
bilstm_finetuned,strip,template,13,chichewa,chi_0096,0,0.043486
bilstm_finetuned,strip,template,13,chichewa,chi_0097,0,0.161913
bilstm_finetuned,strip,template,13,chichewa,chi_0098,1,0.999122
bilstm_finetuned,strip,template,13,chichewa,chi_0099,1,0.999936
bilstm_finetuned,strip,template,13,chichewa,chi_0100,0,0.038412
bilstm_finetuned,strip,template,13,chichewa,chi_0101,1,0.998480
bilstm_finetuned,strip,template,13,chichewa,chi_0102,0,0.870279
bilstm_finetuned,strip,template,13,chichewa,chi_0103,0,0.799676
bilstm_finetuned,strip,template,13,chichewa,chi_0104,0,0.000108
bilstm_finetuned,strip,template,13,chichewa,chi_0105,1,0.339116
bilstm_finetuned,strip,template,13,chichewa,chi_0106,1,0.532549
bilstm_finetuned,strip,template,13,chichewa,chi_0107,1,0.685243
bilstm_finetuned,strip,template,13,chichewa,chi_0108,0,0.000110
bilstm_finetuned,strip,template,13,chichewa,chi_0109,0,0.028548
bilstm_finetuned,strip,template,13,chichewa,chi_0110,0,0.013322
bilstm_finetuned,strip,template,13,chichewa,chi_0111,1,0.781565
bilstm_finetuned,strip,template,13,chichewa,chi_0112,1,0.992920
bilstm_finetuned,strip,template,13,chichewa,chi_0113,1,0.739737
bilstm_finetuned,strip,template,13,chichewa,chi_0114,0,0.095454
bilstm_finetuned,strip,template,13,chichewa,chi_0115,0,0.160567
bilstm_finetuned,strip,template,13,chichewa,chi_0116,0,0.051917
bilstm_finetuned,strip,template,13,chichewa,chi_0117,1,0.998828
bilstm_finetuned,strip,template,13,chichewa,chi_0118,1,0.999196
bilstm_finetuned,strip,template,13,chichewa,chi_0119,1,0.716804
bilstm_finetuned,strip,template,13,chichewa,chi_0120,0,0.017083
bilstm_finetuned,strip,template,13,chichewa,chi_0121,0,0.236903
bilstm_finetuned,strip,template,13,chichewa,chi_0122,0,0.327039
bilstm_finetuned,strip,template,13,chichewa,chi_0123,1,0.728602
bilstm_finetuned,strip,template,13,chichewa,chi_0124,1,0.704020
bilstm_finetuned,strip,template,13,chichewa,chi_0125,1,0.532659
bilstm_finetuned,strip,template,13,chichewa,chi_0126,0,0.412294
bilstm_finetuned,strip,template,13,chichewa,chi_0127,0,0.044482
bilstm_finetuned,strip,template,13,chichewa,chi_0128,0,0.050529
bilstm_finetuned,strip,template,13,chichewa,chi_0129,1,0.999928
bilstm_finetuned,strip,template,13,chichewa,chi_0130,1,0.000086
bilstm_finetuned,strip,template,13,chichewa,chi_0131,0,0.537095
bilstm_finetuned,strip,template,13,chichewa,chi_0132,0,0.437726
bilstm_finetuned,strip,template,13,chichewa,chi_0133,0,0.000217
bilstm_finetuned,strip,template,13,chichewa,chi_0134,1,0.999377
bilstm_finetuned,strip,template,13,chichewa,chi_0135,0,0.001967
bilstm_finetuned,strip,template,13,chichewa,chi_0136,1,0.759012
bilstm_finetuned,strip,template,13,chichewa,chi_0137,0,0.000039
bilstm_finetuned,strip,template,13,chichewa,chi_0138,0,0.000150
bilstm_finetuned,strip,template,13,chichewa,chi_0139,0,0.008796
bilstm_finetuned,strip,template,13,chichewa,chi_0140,1,0.000178
bilstm_finetuned,strip,template,13,chichewa,chi_0141,0,0.252228
bilstm_finetuned,strip,template,13,chichewa,chi_0142,0,0.009280
bilstm_finetuned,strip,template,13,chichewa,chi_0143,0,0.000179
bilstm_finetuned,strip,template,13,chichewa,chi_0144,1,0.010579
bilstm_finetuned,strip,template,13,chichewa,chi_0145,0,0.008921
bilstm_finetuned,strip,template,13,chichewa,chi_0146,0,0.367744
bilstm_finetuned,strip,template,13,chichewa,chi_0147,1,0.999792
bilstm_finetuned,strip,template,13,chichewa,chi_0148,1,0.999615
bilstm_finetuned,strip,template,13,chichewa,chi_0149,0,0.021546
bilstm_finetuned,strip,template,13,chichewa,chi_0150,0,0.000288
bilstm_finetuned,strip,template,13,chichewa,chi_0151,1,0.000080
bilstm_finetuned,strip,template,13,chichewa,chi_0152,0,0.113668
bilstm_finetuned,strip,template,13,chichewa,chi_0153,0,0.178648
bilstm_finetuned,strip,template,13,chichewa,chi_0154,0,0.006611
bilstm_finetuned,strip,template,13,chichewa,chi_0155,1,0.606616
bilstm_finetuned,strip,template,13,chichewa,chi_0156,1,0.592969
bilstm_finetuned,strip,template,13,chichewa,chi_0157,1,0.999910
bilstm_finetuned,strip,template,13,chichewa,chi_0158,0,0.427276
bilstm_finetuned,strip,template,13,chichewa,chi_0159,0,0.101521
bilstm_finetuned,strip,template,13,chichewa,chi_0160,0,0.002953
bilstm_finetuned,strip,template,13,chichewa,chi_0161,1,0.587900
bilstm_finetuned,strip,template,13,chichewa,chi_0162,1,0.551043
bilstm_finetuned,strip,template,13,chichewa,chi_0163,1,0.629992
bilstm_finetuned,strip,template,13,chichewa,chi_0164,1,0.659566
bilstm_finetuned,strip,template,13,chichewa,chi_0165,0,0.087222
bilstm_finetuned,strip,template,13,chichewa,chi_0166,0,0.200721
bilstm_finetuned,strip,template,13,chichewa,chi_0167,1,0.630695
bilstm_finetuned,strip,template,13,chichewa,chi_0168,1,0.011206
bilstm_finetuned,strip,template,13,chichewa,chi_0169,0,0.010290
bilstm_finetuned,strip,template,13,chichewa,chi_0170,0,0.326925
bilstm_finetuned,strip,template,13,chichewa,chi_0171,1,0.000175
bilstm_finetuned,strip,template,13,chichewa,chi_0172,1,0.000137
bilstm_finetuned,strip,template,13,chichewa,chi_0173,0,0.160353
bilstm_finetuned,strip,template,13,chichewa,chi_0174,0,0.221144
bilstm_finetuned,strip,template,13,chichewa,chi_0175,0,0.054146
bilstm_finetuned,strip,template,13,chichewa,chi_0176,1,0.051622
bilstm_finetuned,strip,template,13,chichewa,chi_0177,1,0.000201
bilstm_finetuned,strip,template,13,chichewa,chi_0178,0,0.041975
bilstm_finetuned,strip,template,13,chichewa,chi_0179,1,0.000094
bilstm_finetuned,strip,template,13,chichewa,chi_0180,1,0.011392
bilstm_finetuned,strip,template,13,chichewa,chi_0181,1,0.267769
bilstm_finetuned,strip,template,13,chichewa,chi_0182,0,0.000406
bilstm_finetuned,strip,template,13,chichewa,chi_0183,0,0.531567
bilstm_finetuned,strip,template,13,chichewa,chi_0184,0,0.000035
bilstm_finetuned,strip,template,13,chichewa,chi_0185,1,0.999688
bilstm_finetuned,strip,template,13,chichewa,chi_0186,1,0.000065
bilstm_finetuned,strip,template,13,chichewa,chi_0187,1,0.003487
bilstm_finetuned,strip,template,13,chichewa,chi_0188,0,0.003916
bilstm_finetuned,strip,template,13,chichewa,chi_0189,0,0.027565
bilstm_finetuned,strip,template,13,chichewa,chi_0190,1,0.532214
bilstm_finetuned,strip,template,13,chichewa,chi_0191,1,0.614366
bilstm_finetuned,strip,template,13,chichewa,chi_0192,0,0.022506
bilstm_finetuned,strip,template,13,chichewa,chi_0193,0,0.550363
bilstm_finetuned,strip,template,13,chichewa,chi_0194,0,0.000731
bilstm_finetuned,strip,template,13,chichewa,chi_0195,0,0.000100
bilstm_finetuned,strip,template,13,chichewa,chi_0196,1,0.999994
bilstm_finetuned,strip,template,13,chichewa,chi_0197,1,0.021271
bilstm_finetuned,strip,template,13,chichewa,chi_0198,1,0.000083
bilstm_finetuned,strip,template,13,chichewa,chi_0199,1,0.424912
bilstm_finetuned,strip,template,13,chichewa,chi_0200,1,0.005247
bilstm_finetuned,strip,template,13,chichewa,chi_0201,0,0.062186
bilstm_finetuned,strip,template,13,chichewa,chi_0202,1,0.095800
bilstm_finetuned,strip,template,13,chichewa,chi_0203,1,0.000082
bilstm_finetuned,strip,template,13,chichewa,chi_0204,1,0.140760
bilstm_finetuned,strip,template,13,chichewa,chi_0205,0,0.988135
bilstm_finetuned,strip,template,13,chichewa,chi_0206,0,0.948851
bilstm_finetuned,strip,template,13,chichewa,chi_0207,1,0.251151
bilstm_finetuned,strip,template,13,chichewa,chi_0208,1,0.070400
bilstm_finetuned,strip,template,13,chichewa,chi_0209,1,0.000072
bilstm_finetuned,strip,template,13,chichewa,chi_0210,0,0.000187
bilstm_finetuned,strip,template,13,chichewa,chi_0211,0,0.002222
bilstm_finetuned,strip,template,13,chichewa,chi_0212,1,0.999937
bilstm_finetuned,strip,template,13,chichewa,chi_0213,1,0.000141
bilstm_finetuned,strip,template,13,chichewa,chi_0214,1,0.999973
bilstm_finetuned,strip,template,13,chichewa,chi_0215,0,0.003236
bilstm_finetuned,strip,template,13,chichewa,chi_0216,0,0.000116
bilstm_finetuned,strip,template,13,chichewa,chi_0217,1,0.635859
bilstm_finetuned,strip,template,13,chichewa,chi_0218,1,0.995017
bilstm_finetuned,strip,template,13,chichewa,chi_0219,1,0.648777
bilstm_finetuned,strip,template,13,chichewa,chi_0220,0,0.000042
bilstm_finetuned,strip,template,13,chichewa,chi_0221,0,0.060076
bilstm_finetuned,strip,template,13,chichewa,chi_0222,0,0.069944
bilstm_finetuned,strip,template,13,chichewa,chi_0223,1,0.999915
bilstm_finetuned,strip,template,13,chichewa,chi_0224,1,0.777451
bilstm_finetuned,strip,template,13,chichewa,chi_0225,0,0.443505
bilstm_finetuned,strip,template,13,chichewa,chi_0226,0,0.000053
bilstm_finetuned,strip,template,13,chichewa,chi_0227,0,0.000032
bilstm_finetuned,strip,template,13,chichewa,chi_0228,0,0.620288
bilstm_finetuned,strip,template,13,chichewa,chi_0229,1,0.999900
bilstm_finetuned,strip,template,13,chichewa,chi_0230,1,0.804099
bilstm_finetuned,strip,template,13,chichewa,chi_0231,1,0.996972
bilstm_finetuned,strip,template,13,chichewa,chi_0232,0,0.999890
bilstm_finetuned,strip,template,13,chichewa,chi_0233,1,0.812149
bilstm_finetuned,strip,template,13,chichewa,chi_0234,0,0.502680
bilstm_finetuned,strip,template,13,chichewa,chi_0235,0,0.002041
bilstm_finetuned,strip,template,13,chichewa,chi_0236,1,0.577616
bilstm_finetuned,strip,template,13,chichewa,chi_0237,1,0.000128
bilstm_finetuned,strip,template,13,chichewa,chi_0238,0,0.020173
bilstm_finetuned,strip,template,13,chichewa,chi_0239,0,0.000406
bilstm_finetuned,strip,template,13,chichewa,chi_0240,0,0.002496
bilstm_finetuned,strip,template,13,chichewa,chi_0241,0,0.001047
bilstm_finetuned,strip,template,13,chichewa,chi_0242,1,0.999562
bilstm_finetuned,strip,template,13,chichewa,chi_0243,1,0.094694
bilstm_finetuned,strip,template,13,chichewa,chi_0244,0,0.184308
bilstm_finetuned,strip,template,13,chichewa,chi_0245,1,0.995225
bilstm_finetuned,strip,template,13,chichewa,chi_0246,1,0.000087
bilstm_finetuned,strip,template,13,chichewa,chi_0247,1,0.680630
bilstm_finetuned,strip,template,13,chichewa,chi_0248,0,0.004914
bilstm_finetuned,strip,template,13,chichewa,chi_0249,0,0.000497
bilstm_finetuned,strip,template,13,chichewa,chi_0250,0,0.963248
bilstm_finetuned,strip,template,13,chichewa,chi_0251,0,0.998725
bilstm_finetuned,strip,template,13,chichewa,chi_0252,0,0.000116
bilstm_finetuned,strip,template,13,chichewa,chi_0253,0,0.001051
bilstm_finetuned,strip,template,13,chichewa,chi_0254,1,0.000181
bilstm_finetuned,strip,template,13,chichewa,chi_0255,1,0.797491
bilstm_finetuned,strip,template,13,chichewa,chi_0256,0,0.000316
bilstm_finetuned,strip,template,13,chichewa,chi_0257,0,0.001975
bilstm_finetuned,strip,template,13,chichewa,chi_0258,1,0.000058
bilstm_finetuned,strip,template,13,chichewa,chi_0259,0,0.214846
bilstm_finetuned,strip,template,13,chichewa,chi_0260,1,0.994817
bilstm_finetuned,strip,template,13,chichewa,chi_0261,1,0.299929
bilstm_finetuned,strip,template,13,chichewa,chi_0262,1,0.999508
bilstm_finetuned,strip,template,13,chichewa,chi_0263,0,0.036139
bilstm_finetuned,strip,template,13,chichewa,chi_0264,0,0.000055
bilstm_finetuned,strip,template,13,chichewa,chi_0265,0,0.057316
bilstm_finetuned,strip,template,13,chichewa,chi_0266,1,0.031750
bilstm_finetuned,strip,template,13,chichewa,chi_0267,1,0.000175
bilstm_finetuned,strip,template,13,chichewa,chi_0268,1,0.999479
bilstm_finetuned,strip,template,13,chichewa,chi_0269,0,0.000031
bilstm_finetuned,strip,template,13,chichewa,chi_0270,0,0.002383
bilstm_finetuned,strip,template,13,chichewa,chi_0271,0,0.002420
bilstm_finetuned,strip,template,13,chichewa,chi_0272,1,0.000146
bilstm_finetuned,strip,template,13,chichewa,chi_0273,1,0.003517
bilstm_finetuned,strip,template,13,chichewa,chi_0274,1,0.622048
bilstm_finetuned,strip,template,13,chichewa,chi_0275,1,0.999993
bilstm_finetuned,strip,template,13,chichewa,chi_0276,0,0.001568
bilstm_finetuned,strip,template,13,chichewa,chi_0277,1,0.080781
bilstm_finetuned,strip,template,13,chichewa,chi_0278,1,0.000092
bilstm_finetuned,strip,template,13,chichewa,chi_0279,0,0.003814
bilstm_finetuned,strip,template,13,chichewa,chi_0280,0,0.056602
bilstm_finetuned,strip,template,13,chichewa,chi_0281,1,0.999941
bilstm_finetuned,strip,template,13,chichewa,chi_0282,0,0.632484
bilstm_finetuned,strip,template,13,chichewa,chi_0283,0,0.002485
bilstm_finetuned,strip,template,13,chichewa,chi_0284,1,0.198935
bilstm_finetuned,strip,template,13,chichewa,chi_0285,1,0.999760
bilstm_finetuned,strip,template,13,chichewa,chi_0286,1,0.442870
bilstm_finetuned,strip,template,13,chichewa,chi_0287,0,0.000174
bilstm_finetuned,strip,template,13,chichewa,chi_0288,0,0.000123
bilstm_finetuned,strip,template,13,chichewa,chi_0289,0,0.000032
bilstm_finetuned,strip,template,13,chichewa,chi_0290,1,0.714614
bilstm_finetuned,strip,template,13,chichewa,chi_0291,1,0.948003
bilstm_finetuned,strip,template,13,chichewa,chi_0292,0,0.004043
bilstm_finetuned,strip,template,13,chichewa,chi_0293,0,0.527008
bilstm_finetuned,strip,template,13,chichewa,chi_0294,0,0.999928
bilstm_finetuned,strip,template,13,chichewa,chi_0295,1,0.114014
bilstm_finetuned,strip,template,13,chichewa,chi_0296,1,0.296983
bilstm_finetuned,strip,template,13,chichewa,chi_0297,0,0.000057
bilstm_finetuned,strip,template,13,chichewa,chi_0298,0,0.000048
bilstm_finetuned,strip,template,13,chichewa,chi_0299,0,0.035485
bilstm_finetuned,strip,template,13,chichewa,chi_0300,1,0.998936
bilstm_finetuned,strip,template,13,chichewa,chi_0301,1,0.000107
bilstm_finetuned,strip,template,13,chichewa,chi_0302,1,0.339797
bilstm_finetuned,strip,template,13,chichewa,chi_0303,0,0.426920
bilstm_finetuned,strip,template,13,chichewa,chi_0304,0,0.427620
bilstm_finetuned,strip,template,13,chichewa,chi_0305,0,0.426990
bilstm_finetuned,strip,template,13,chichewa,chi_0306,0,0.391451
bilstm_finetuned,strip,template,13,chichewa,chi_0307,1,0.998326
bilstm_finetuned,strip,template,13,chichewa,chi_0308,1,0.373605
bilstm_finetuned,strip,template,13,chichewa,chi_0309,1,0.539219
bilstm_finetuned,strip,template,13,chichewa,chi_0310,1,0.002839
bilstm_finetuned,strip,template,13,chichewa,chi_0311,0,0.000084
bilstm_finetuned,strip,template,13,chichewa,chi_0312,0,0.528779
bilstm_finetuned,strip,template,13,chichewa,chi_0313,0,0.428103
bilstm_finetuned,strip,template,13,chichewa,chi_0314,1,0.321527
bilstm_finetuned,strip,template,13,chichewa,chi_0315,1,0.012921
bilstm_finetuned,strip,template,13,chichewa,chi_0316,0,0.427808
bilstm_finetuned,strip,template,13,chichewa,chi_0317,0,0.000050
bilstm_finetuned,strip,template,13,chichewa,chi_0318,1,0.903792
bilstm_finetuned,strip,template,13,chichewa,chi_0319,1,0.088298
bilstm_finetuned,strip,template,13,chichewa,chi_0320,0,0.000782
bilstm_finetuned,strip,template,13,chichewa,chi_0321,1,0.579960
bilstm_finetuned,strip,template,13,chichewa,chi_0322,0,0.464082
bilstm_finetuned,strip,template,13,chichewa,chi_0323,0,0.036590
bilstm_finetuned,strip,template,13,chichewa,chi_0324,0,0.044689
bilstm_finetuned,strip,template,13,chichewa,chi_0325,0,0.999993
bilstm_finetuned,strip,template,13,chichewa,chi_0326,1,0.999730
bilstm_finetuned,strip,template,13,chichewa,chi_0327,1,0.000070
bilstm_finetuned,strip,template,13,chichewa,chi_0328,0,0.390352
bilstm_finetuned,strip,template,13,chichewa,chi_0329,0,0.002280
bilstm_finetuned,strip,template,13,chichewa,chi_0330,0,0.000081
bilstm_finetuned,strip,template,13,chichewa,chi_0331,1,0.218835
bilstm_finetuned,strip,template,13,chichewa,chi_0332,0,0.102828
bilstm_finetuned,strip,template,13,chichewa,chi_0333,0,0.305541
bilstm_finetuned,strip,template,13,chichewa,chi_0334,0,0.303484
bilstm_finetuned,strip,template,13,chichewa,chi_0335,0,0.000479
bilstm_finetuned,strip,template,13,chichewa,chi_0336,1,0.999920
bilstm_finetuned,strip,template,13,chichewa,chi_0337,1,0.000070
bilstm_finetuned,strip,template,13,chichewa,chi_0338,1,0.999807
bilstm_finetuned,strip,template,13,chichewa,chi_0339,0,0.031857
bilstm_finetuned,strip,template,13,chichewa,chi_0340,0,0.001518
bilstm_finetuned,strip,template,13,chichewa,chi_0341,0,0.047911
bilstm_finetuned,strip,template,13,chichewa,chi_0342,1,0.441590
bilstm_finetuned,strip,template,13,chichewa,chi_0343,1,0.382214
bilstm_finetuned,strip,template,13,chichewa,chi_0344,1,0.381932
bilstm_finetuned,strip,template,13,chichewa,chi_0345,0,0.003423
bilstm_finetuned,strip,template,13,chichewa,chi_0346,0,0.000188
bilstm_finetuned,strip,template,13,chichewa,chi_0347,1,0.999919
bilstm_finetuned,strip,template,13,chichewa,chi_0348,0,0.010223
bilstm_finetuned,strip,template,13,chichewa,chi_0349,0,0.000091
bilstm_finetuned,strip,template,13,chichewa,chi_0350,1,0.999932
bilstm_finetuned,strip,template,13,chichewa,chi_0351,1,0.412505
bilstm_finetuned,strip,template,13,chichewa,chi_0352,1,0.215880
bilstm_finetuned,strip,template,13,chichewa,chi_0353,1,0.000053
bilstm_finetuned,strip,template,13,chichewa,chi_0354,1,0.000115
bilstm_finetuned,strip,template,13,chichewa,chi_0355,0,0.192856
bilstm_finetuned,strip,template,13,chichewa,chi_0356,0,0.001695
bilstm_finetuned,strip,template,13,chichewa,chi_0357,0,0.003859
bilstm_finetuned,strip,template,13,chichewa,chi_0358,0,0.000190
bilstm_finetuned,strip,template,13,chichewa,chi_0359,1,0.571456
bilstm_finetuned,strip,template,13,chichewa,chi_0360,0,0.627181
bilstm_finetuned,strip,template,13,chichewa,chi_0361,1,0.678857
bilstm_finetuned,strip,template,13,chichewa,chi_0362,1,0.999678
bilstm_finetuned,strip,template,13,chichewa,chi_0363,1,0.531629
bilstm_finetuned,strip,template,13,chichewa,chi_0364,0,0.000154
bilstm_finetuned,strip,template,13,chichewa,chi_0365,0,0.001927
bilstm_finetuned,strip,template,13,chichewa,chi_0366,0,0.007260
bilstm_finetuned,strip,template,13,chichewa,chi_0367,1,0.000149
bilstm_finetuned,strip,template,13,chichewa,chi_0368,1,0.566375
bilstm_finetuned,strip,template,13,chichewa,chi_0369,0,0.001322
bilstm_finetuned,strip,template,13,chichewa,chi_0370,0,0.000614
bilstm_finetuned,strip,template,13,chichewa,chi_0371,0,0.007559
bilstm_finetuned,strip,template,13,chichewa,chi_0372,1,0.676384
bilstm_finetuned,strip,template,13,chichewa,chi_0373,1,0.617707
bilstm_finetuned,strip,template,13,chichewa,chi_0374,0,0.000357
bilstm_finetuned,strip,template,13,chichewa,chi_0375,0,0.000483
bilstm_finetuned,strip,template,13,chichewa,chi_0376,1,0.000172
bilstm_finetuned,strip,template,13,chichewa,chi_0377,1,0.000055
bilstm_finetuned,strip,template,13,chichewa,chi_0378,0,0.044191
bilstm_finetuned,strip,template,13,chichewa,chi_0379,0,0.000146
bilstm_finetuned,strip,template,13,chichewa,chi_0380,1,0.000074
bilstm_finetuned,strip,template,13,chichewa,chi_0381,1,0.000193
bilstm_finetuned,strip,template,13,chichewa,chi_0382,0,0.000250
bilstm_finetuned,strip,template,13,chichewa,chi_0383,0,0.001485
bilstm_finetuned,strip,template,13,chichewa,chi_0384,1,0.000164
bilstm_finetuned,strip,template,13,chichewa,chi_0385,1,0.005420
bilstm_finetuned,strip,template,13,chichewa,chi_0386,1,0.000066
bilstm_finetuned,strip,template,13,chichewa,chi_0387,1,0.003639
bilstm_finetuned,strip,template,13,chichewa,chi_0388,0,0.012597
bilstm_finetuned,strip,template,13,chichewa,chi_0389,1,0.000153
bilstm_finetuned,strip,template,13,chichewa,chi_0390,0,0.000116
bilstm_finetuned,strip,template,13,chichewa,chi_0391,0,0.000150
bilstm_finetuned,strip,template,13,chichewa,chi_0392,1,0.986151
bilstm_finetuned,strip,template,13,chichewa,chi_0393,0,0.000112
bilstm_finetuned,strip,template,13,chichewa,chi_0394,0,0.000065
bilstm_finetuned,strip,template,13,chichewa,chi_0395,1,0.089109
bilstm_finetuned,strip,template,13,chichewa,chi_0396,0,0.000192
bilstm_finetuned,strip,template,13,chichewa,chi_0397,0,0.014096
bilstm_finetuned,strip,template,13,chichewa,chi_0398,0,0.009988
bilstm_finetuned,strip,template,13,chichewa,chi_0399,0,0.575782
bilstm_finetuned,strip,template,13,chichewa,chi_0400,0,0.000085
bilstm_finetuned,strip,template,13,chichewa,chi_0401,0,0.000077
bilstm_finetuned,strip,template,13,chichewa,chi_0402,0,0.000190
bilstm_finetuned,strip,template,13,chichewa,chi_0403,0,0.000056
bilstm_finetuned,strip,template,13,chichewa,chi_0404,0,0.000057
bilstm_finetuned,strip,template,13,chichewa,chi_0405,0,0.000870
bilstm_finetuned,strip,template,13,chichewa,chi_0406,0,0.001355
bilstm_finetuned,strip,template,13,chichewa,chi_0407,0,0.001312
bilstm_finetuned,strip,template,13,chichewa,chi_0408,0,0.002998
bilstm_finetuned,strip,template,13,chichewa,chi_0409,0,0.036446
bilstm_finetuned,strip,template,13,chichewa,chi_0410,0,0.000073
bilstm_finetuned,strip,template,13,chichewa,chi_0411,1,0.051875
bilstm_finetuned,strip,template,13,chichewa,chi_0412,1,0.234511
bilstm_finetuned,strip,template,13,chichewa,chi_0413,1,0.999702
bilstm_finetuned,strip,template,13,chichewa,chi_0414,0,0.188791
bilstm_finetuned,strip,template,13,chichewa,chi_0415,0,0.001033
bilstm_finetuned,strip,template,13,chichewa,chi_0416,1,0.050454
bilstm_finetuned,strip,template,13,chichewa,chi_0417,1,0.326000
bilstm_finetuned,strip,template,13,chichewa,chi_0418,1,0.000183
bilstm_finetuned,strip,template,13,chichewa,chi_0419,0,0.032106
bilstm_finetuned,strip,template,13,chichewa,chi_0420,1,0.860906
bilstm_finetuned,strip,template,13,chichewa,chi_0421,0,0.128019
bilstm_finetuned,strip,template,13,chichewa,chi_0422,0,0.047516
bilstm_finetuned,strip,template,13,chichewa,chi_0423,1,0.978473
bilstm_finetuned,strip,template,13,chichewa,chi_0424,1,0.000164
bilstm_finetuned,strip,template,13,chichewa,chi_0425,0,0.138857
bilstm_finetuned,strip,template,13,chichewa,chi_0426,1,0.000160
bilstm_finetuned,strip,template,13,chichewa,chi_0427,1,0.000291
bilstm_finetuned,strip,template,13,chichewa,chi_0428,1,0.999729
bilstm_finetuned,strip,template,13,chichewa,chi_0429,0,0.172174
bilstm_finetuned,strip,template,13,chichewa,chi_0430,0,0.150466
bilstm_finetuned,strip,template,13,chichewa,chi_0431,0,0.122760
bilstm_finetuned,strip,template,13,chichewa,chi_0432,1,0.999828
bilstm_finetuned,strip,template,13,chichewa,chi_0433,1,0.999717
bilstm_finetuned,strip,template,13,chichewa,chi_0434,1,0.999627
bilstm_finetuned,strip,template,13,chichewa,chi_0435,1,0.087970
bilstm_finetuned,strip,template,13,chichewa,chi_0436,1,0.999857
bilstm_finetuned,strip,template,13,chichewa,chi_0437,1,0.999798
bilstm_finetuned,strip,template,13,chichewa,chi_0438,1,0.999116
bilstm_finetuned,strip,template,13,chichewa,chi_0439,1,0.011446
bilstm_finetuned,strip,template,13,chichewa,chi_0440,1,0.999588
bilstm_finetuned,strip,template,13,chichewa,chi_0441,1,0.999119
bilstm_finetuned,strip,template,13,chichewa,chi_0442,1,0.999546
bilstm_finetuned,strip,template,13,chichewa,chi_0443,1,0.084356
bilstm_finetuned,strip,template,13,chichewa,chi_0444,1,0.218441
bilstm_finetuned,strip,template,13,chichewa,chi_0445,1,0.137721
bilstm_finetuned,strip,template,13,chichewa,chi_0446,1,0.153961
bilstm_finetuned,strip,template,13,chichewa,chi_0447,1,0.229491
bilstm_finetuned,strip,template,13,chichewa,chi_0448,1,0.233125
bilstm_finetuned,strip,template,13,chichewa,chi_0449,1,0.999806
bilstm_finetuned,strip,template,13,chichewa,chi_0450,1,0.998942
bilstm_finetuned,strip,template,13,chichewa,chi_0451,0,0.004764
bilstm_finetuned,strip,template,13,chichewa,chi_0452,0,0.000726
bilstm_finetuned,strip,template,13,chichewa,chi_0453,1,0.999740
bilstm_finetuned,strip,template,13,chichewa,chi_0454,1,0.999795
bilstm_finetuned,strip,template,13,chichewa,chi_0455,1,0.636179
bilstm_finetuned,strip,template,13,chichewa,chi_0456,1,0.738382
bilstm_finetuned,strip,template,13,chichewa,chi_0457,1,0.999872
bilstm_finetuned,strip,template,13,chichewa,chi_0458,1,0.999776
bilstm_finetuned,strip,template,13,chichewa,chi_0459,0,0.037786
bilstm_finetuned,strip,template,13,chichewa,chi_0460,1,0.999657
bilstm_finetuned,strip,template,13,chichewa,chi_0461,1,0.999479
bilstm_finetuned,strip,template,13,chichewa,chi_0462,0,0.000057
bilstm_finetuned,strip,template,13,chichewa,chi_0463,0,0.000162
bilstm_finetuned,strip,template,13,chichewa,chi_0464,1,0.999292
bilstm_finetuned,strip,template,13,chichewa,chi_0465,0,0.000261
bilstm_finetuned,strip,template,13,chichewa,chi_0466,0,0.700048
bilstm_finetuned,strip,template,13,chichewa,chi_0467,1,0.999697
bilstm_finetuned,strip,template,13,chichewa,chi_0468,1,0.999592
bilstm_finetuned,strip,template,13,chichewa,chi_0469,0,0.000063
bilstm_finetuned,strip,template,13,chichewa,chi_0470,0,0.998709
bilstm_finetuned,strip,template,13,chichewa,chi_0471,1,0.999888
bilstm_finetuned,strip,template,13,chichewa,chi_0472,1,0.999947
bilstm_finetuned,strip,template,13,chichewa,chi_0473,0,0.000101
bilstm_finetuned,strip,template,13,chichewa,chi_0474,0,0.011597
bilstm_finetuned,strip,template,13,chichewa,chi_0475,1,0.019458
bilstm_finetuned,strip,template,13,chichewa,chi_0476,1,0.999855
bilstm_finetuned,strip,template,13,chichewa,chi_0477,1,0.998277
bilstm_finetuned,strip,template,13,chichewa,chi_0478,0,0.029683
bilstm_finetuned,strip,template,13,chichewa,chi_0479,0,0.992810
bilstm_finetuned,strip,template,13,chichewa,chi_0480,0,0.000163
bilstm_finetuned,strip,template,13,chichewa,chi_0481,1,0.999666
bilstm_finetuned,strip,template,13,chichewa,chi_0482,1,0.998094
bilstm_finetuned,strip,template,13,chichewa,chi_0483,0,0.999656
bilstm_finetuned,strip,template,13,chichewa,chi_0484,0,0.993623
bilstm_finetuned,strip,template,13,chichewa,chi_0485,0,0.000080
bilstm_finetuned,strip,template,13,chichewa,chi_0486,1,0.991916
bilstm_finetuned,strip,template,13,chichewa,chi_0487,1,0.998098
bilstm_finetuned,strip,template,13,chichewa,chi_0488,1,0.068806
bilstm_finetuned,strip,template,13,chichewa,chi_0489,0,0.718756
bilstm_finetuned,strip,template,13,chichewa,chi_0490,0,0.986769
bilstm_finetuned,strip,template,13,chichewa,chi_0491,1,0.999747
bilstm_finetuned,strip,template,13,chichewa,chi_0492,1,0.999701
bilstm_finetuned,strip,template,13,chichewa,chi_0493,1,0.999988
bilstm_finetuned,strip,template,13,chichewa,chi_0494,0,0.999836
bilstm_finetuned,strip,template,13,chichewa,chi_0495,0,0.753287
bilstm_finetuned,strip,template,13,chichewa,chi_0496,0,0.012660
bilstm_finetuned,strip,template,13,chichewa,chi_0497,1,0.999705
bilstm_finetuned,strip,template,13,chichewa,chi_0498,1,0.999689
bilstm_finetuned,strip,template,13,chichewa,chi_0499,0,0.000083
bilstm_finetuned,strip,template,13,chichewa,chi_0500,0,0.000390
bilstm_finetuned,strip,template,13,chichewa,chi_0501,0,0.687127
bilstm_finetuned,strip,template,13,chichewa,chi_0502,1,0.999824
bilstm_finetuned,strip,template,13,chichewa,chi_0503,1,0.000060
bilstm_finetuned,strip,template,13,chichewa,chi_0504,1,0.999917
bilstm_finetuned,strip,template,13,chichewa,chi_0505,0,0.000097
bilstm_finetuned,strip,template,13,chichewa,chi_0506,0,0.000107
bilstm_finetuned,strip,template,13,chichewa,chi_0507,0,0.000057
bilstm_finetuned,strip,template,13,chichewa,chi_0508,1,0.999275
bilstm_finetuned,strip,template,13,chichewa,chi_0509,1,0.999420
bilstm_finetuned,strip,template,13,chichewa,chi_0510,1,0.999345
bilstm_finetuned,strip,template,13,chichewa,chi_0511,0,0.382157
bilstm_finetuned,strip,template,13,chichewa,chi_0512,0,0.000049
bilstm_finetuned,strip,template,13,chichewa,chi_0513,0,0.000062
bilstm_finetuned,strip,template,13,chichewa,chi_0514,1,0.000037
bilstm_finetuned,strip,template,13,chichewa,chi_0515,1,0.998612
bilstm_finetuned,strip,template,13,chichewa,chi_0516,1,0.995507
bilstm_finetuned,strip,template,13,chichewa,chi_0517,0,0.620675
bilstm_finetuned,strip,template,13,chichewa,chi_0518,0,0.000085
bilstm_finetuned,strip,template,13,chichewa,chi_0519,1,0.999989
bilstm_finetuned,strip,template,13,chichewa,chi_0520,1,0.907902
bilstm_finetuned,strip,template,13,chichewa,chi_0521,1,0.000052
bilstm_finetuned,strip,template,13,chichewa,chi_0522,0,0.610898
bilstm_finetuned,strip,template,13,chichewa,chi_0523,0,0.000113
bilstm_finetuned,strip,template,13,chichewa,chi_0524,0,0.021033
bilstm_finetuned,strip,template,13,chichewa,chi_0525,1,0.999424
bilstm_finetuned,strip,template,13,chichewa,chi_0526,1,0.999799
bilstm_finetuned,strip,template,13,chichewa,chi_0527,1,0.998358
bilstm_finetuned,strip,template,13,chichewa,chi_0528,0,0.000194
bilstm_finetuned,strip,template,13,chichewa,chi_0529,0,0.674540
bilstm_finetuned,strip,template,13,chichewa,chi_0530,0,0.000056
bilstm_finetuned,strip,template,13,chichewa,chi_0531,1,0.999796
bilstm_finetuned,strip,template,13,chichewa,chi_0532,1,0.998528
bilstm_finetuned,strip,template,13,chichewa,chi_0533,1,0.996843
bilstm_finetuned,strip,template,13,chichewa,chi_0534,0,0.667264
bilstm_finetuned,strip,template,13,chichewa,chi_0535,0,0.344627
bilstm_finetuned,strip,template,13,chichewa,chi_0536,0,0.000076
bilstm_finetuned,strip,template,13,chichewa,chi_0537,1,0.998266
bilstm_finetuned,strip,template,13,chichewa,chi_0538,1,0.081616
bilstm_finetuned,strip,template,13,chichewa,chi_0539,1,0.999987
bilstm_finetuned,strip,template,13,chichewa,chi_0540,0,0.000144
bilstm_finetuned,strip,template,13,chichewa,chi_0541,0,0.000051
bilstm_finetuned,strip,template,13,chichewa,chi_0542,0,0.386376
bilstm_finetuned,strip,template,13,chichewa,chi_0543,1,0.999913
bilstm_finetuned,strip,template,13,chichewa,chi_0544,1,0.999560
bilstm_finetuned,strip,template,13,chichewa,chi_0545,1,0.999868
bilstm_finetuned,strip,template,13,chichewa,chi_0546,0,0.000175
bilstm_finetuned,strip,template,13,chichewa,chi_0547,0,0.540635
bilstm_finetuned,strip,template,13,chichewa,chi_0548,0,0.000069
bilstm_finetuned,strip,template,13,chichewa,chi_0549,1,0.999695
bilstm_finetuned,strip,template,13,chichewa,chi_0550,1,0.997880
bilstm_finetuned,strip,template,13,chichewa,chi_0551,1,0.839377
bilstm_finetuned,strip,template,13,chichewa,chi_0552,0,0.601751
bilstm_finetuned,strip,template,13,chichewa,chi_0553,0,0.000075
bilstm_finetuned,strip,template,13,chichewa,chi_0554,1,0.903746
bilstm_finetuned,strip,template,13,chichewa,chi_0555,1,0.771381
bilstm_finetuned,strip,template,13,chichewa,chi_0556,1,0.533688
bilstm_finetuned,strip,template,13,chichewa,chi_0557,0,0.659678
bilstm_finetuned,strip,template,13,chichewa,chi_0558,0,0.427268
bilstm_finetuned,strip,template,13,chichewa,chi_0559,0,0.709980
bilstm_finetuned,strip,template,13,chichewa,chi_0560,1,0.557485
bilstm_finetuned,strip,template,13,chichewa,chi_0561,1,0.999289
bilstm_finetuned,strip,template,13,chichewa,chi_0562,1,0.997688
bilstm_finetuned,strip,template,13,chichewa,chi_0563,0,0.000139
bilstm_finetuned,strip,template,13,chichewa,chi_0564,0,0.535793
bilstm_finetuned,strip,template,13,chichewa,chi_0565,0,0.000077
bilstm_finetuned,strip,template,13,chichewa,chi_0566,0,0.003119
bilstm_finetuned,strip,template,13,chichewa,chi_0567,1,0.998845
bilstm_finetuned,strip,template,13,chichewa,chi_0568,1,0.998958
bilstm_finetuned,strip,template,13,chichewa,chi_0569,1,0.999347
bilstm_finetuned,strip,template,13,chichewa,chi_0570,1,0.999465
bilstm_finetuned,strip,template,13,chichewa,chi_0571,0,0.735821
bilstm_finetuned,strip,template,13,chichewa,chi_0572,1,0.999467
bilstm_finetuned,strip,template,13,chichewa,chi_0573,1,0.894506
bilstm_finetuned,strip,template,13,chichewa,chi_0574,1,0.997589
bilstm_finetuned,strip,template,13,chichewa,chi_0575,0,0.453498
bilstm_finetuned,strip,template,13,chichewa,chi_0576,1,0.745019
bilstm_finetuned,strip,template,13,chichewa,chi_0577,1,0.077289
bilstm_finetuned,strip,template,13,chichewa,chi_0578,0,0.057982
bilstm_finetuned,strip,template,13,chichewa,chi_0579,0,0.010989
bilstm_finetuned,strip,template,13,chichewa,chi_0580,0,0.031512
bilstm_finetuned,strip,template,13,chichewa,chi_0581,1,0.410667
bilstm_finetuned,strip,template,13,chichewa,chi_0582,0,0.000213
bilstm_finetuned,strip,template,13,chichewa,chi_0583,0,0.061237
bilstm_finetuned,strip,template,13,chichewa,chi_0584,0,0.020975
bilstm_finetuned,strip,template,13,chichewa,chi_0585,0,0.071798
bilstm_finetuned,strip,template,13,chichewa,chi_0586,0,0.000103
bilstm_finetuned,strip,template,13,chichewa,chi_0587,0,0.419444
bilstm_finetuned,strip,template,13,chichewa,chi_0588,0,0.020328
bilstm_finetuned,strip,template,13,chichewa,chi_0589,1,0.000081
bilstm_finetuned,strip,template,13,chichewa,chi_0590,1,0.999992
bilstm_finetuned,strip,template,13,chichewa,chi_0591,1,0.499756
bilstm_finetuned,strip,template,13,chichewa,chi_0592,0,0.018529
bilstm_finetuned,strip,template,13,chichewa,chi_0593,0,0.977414
bilstm_finetuned,strip,template,13,chichewa,chi_0594,0,0.229387
bilstm_finetuned,strip,template,13,chichewa,chi_0595,1,0.005421
bilstm_finetuned,strip,template,13,chichewa,chi_0596,1,0.537215
bilstm_finetuned,strip,template,13,chichewa,chi_0597,1,0.916069
bilstm_finetuned,strip,template,13,chichewa,chi_0598,1,0.884620
bilstm_finetuned,strip,template,13,chichewa,chi_0599,0,0.000206
bilstm_finetuned,strip,template,13,chichewa,chi_0600,0,0.000176
bilstm_finetuned,strip,template,13,chichewa,chi_0601,0,0.000166
bilstm_finetuned,strip,template,13,chichewa,chi_0602,1,0.888015
bilstm_finetuned,strip,template,13,chichewa,chi_0603,0,0.000102
bilstm_finetuned,strip,template,13,chichewa,chi_0604,0,0.000118
bilstm_finetuned,strip,template,13,chichewa,chi_0605,0,0.779693
bilstm_finetuned,strip,template,13,chichewa,chi_0606,1,0.000129
bilstm_finetuned,strip,template,13,chichewa,chi_0607,0,0.056357
bilstm_finetuned,strip,template,13,chichewa,chi_0608,0,0.049673
bilstm_finetuned,strip,template,13,chichewa,chi_0609,0,0.048946
bilstm_finetuned,strip,template,13,chichewa,chi_0610,1,0.573091
bilstm_finetuned,strip,template,13,chichewa,chi_0611,0,0.002850
bilstm_finetuned,strip,template,13,chichewa,chi_0612,0,0.400579
bilstm_finetuned,strip,template,13,chichewa,chi_0613,0,0.001984
bilstm_finetuned,strip,template,13,chichewa,chi_0614,0,0.000114
bilstm_finetuned,strip,template,13,chichewa,chi_0615,1,0.984107
bilstm_finetuned,strip,template,13,chichewa,chi_0616,0,0.110688
bilstm_finetuned,strip,template,13,chichewa,chi_0617,0,0.078412
bilstm_finetuned,strip,template,13,chichewa,chi_0618,1,0.999989
bilstm_finetuned,strip,template,13,chichewa,chi_0619,1,0.999985
bilstm_finetuned,strip,template,13,chichewa,chi_0620,1,0.886874
bilstm_finetuned,strip,template,13,chichewa,chi_0621,0,0.012385
bilstm_finetuned,strip,template,13,chichewa,chi_0622,0,0.003276
bilstm_finetuned,strip,template,13,chichewa,chi_0623,0,0.001584
bilstm_finetuned,strip,template,13,chichewa,chi_0624,1,0.999885
bilstm_finetuned,strip,template,13,chichewa,chi_0625,0,0.715616
bilstm_finetuned,strip,template,13,chichewa,chi_0626,0,0.156538
bilstm_finetuned,strip,template,13,chichewa,chi_0627,0,0.295358
bilstm_finetuned,strip,template,13,chichewa,chi_0628,0,0.138156
bilstm_finetuned,strip,template,13,chichewa,chi_0629,0,0.506657
bilstm_finetuned,strip,template,13,chichewa,chi_0630,1,0.999478
bilstm_finetuned,strip,template,13,chichewa,chi_0631,1,0.835193
bilstm_finetuned,strip,template,13,chichewa,chi_0632,0,0.708824
bilstm_finetuned,strip,template,13,chichewa,chi_0633,0,0.000061
bilstm_finetuned,strip,template,13,chichewa,chi_0634,1,0.586973
bilstm_finetuned,strip,template,13,chichewa,chi_0635,1,0.999729
bilstm_finetuned,strip,template,13,chichewa,chi_0636,1,0.998168
bilstm_finetuned,strip,template,13,chichewa,chi_0637,0,0.000288
bilstm_finetuned,strip,template,13,chichewa,chi_0638,0,0.000118
bilstm_finetuned,strip,template,13,chichewa,chi_0639,0,0.717863
bilstm_finetuned,strip,template,13,chichewa,chi_0640,0,0.876962
bilstm_finetuned,strip,template,13,chichewa,chi_0641,1,0.772754
bilstm_finetuned,strip,template,13,chichewa,chi_0642,1,0.796426
bilstm_finetuned,strip,template,13,chichewa,chi_0643,1,0.744190
bilstm_finetuned,strip,template,13,chichewa,chi_0644,0,0.983953
bilstm_finetuned,strip,template,13,chichewa,chi_0645,1,0.999746
bilstm_finetuned,strip,template,13,chichewa,chi_0646,1,0.999786
bilstm_finetuned,strip,template,13,chichewa,chi_0647,1,0.985020
bilstm_finetuned,strip,template,13,chichewa,chi_0648,1,0.999734
bilstm_finetuned,strip,template,13,chichewa,chi_0649,1,0.599957
bilstm_finetuned,strip,template,13,chichewa,chi_0650,1,0.999752
bilstm_finetuned,strip,template,13,chichewa,chi_0651,1,0.998577
bilstm_finetuned,strip,template,13,chichewa,chi_0652,1,0.000125
bilstm_finetuned,strip,template,13,chichewa,chi_0653,1,0.999829
bilstm_finetuned,strip,template,13,chichewa,chi_0654,1,0.998774
bilstm_finetuned,strip,template,13,chichewa,chi_0655,1,0.666880
bilstm_finetuned,strip,template,13,chichewa,chi_0656,1,0.000321
bilstm_finetuned,strip,template,13,chichewa,chi_0657,1,0.000059
bilstm_finetuned,strip,template,13,chichewa,chi_0658,1,0.980378
bilstm_finetuned,strip,template,13,chichewa,chi_0659,1,0.999747
bilstm_finetuned,strip,template,13,chichewa,chi_0660,1,0.799618
bilstm_finetuned,strip,template,13,chichewa,chi_0661,1,0.417694
bilstm_finetuned,strip,template,13,chichewa,chi_0662,1,0.732232
bilstm_finetuned,strip,template,13,chichewa,chi_0663,1,0.000129
bilstm_finetuned,strip,template,13,chichewa,chi_0664,1,0.999890
bilstm_finetuned,strip,template,13,chichewa,chi_0665,1,0.377786
bilstm_finetuned,strip,template,13,chichewa,chi_0666,1,0.227545
bilstm_finetuned,strip,template,13,chichewa,chi_0667,1,0.004272
bilstm_finetuned,strip,template,13,chichewa,chi_0668,0,0.008196
bilstm_finetuned,strip,template,13,chichewa,chi_0669,0,0.011181
bilstm_finetuned,strip,template,13,chichewa,chi_0670,0,0.810450
bilstm_finetuned,strip,template,13,chichewa,chi_0671,0,0.000061
bilstm_finetuned,strip,template,13,chichewa,chi_0672,0,0.046501
bilstm_finetuned,strip,template,13,chichewa,chi_0673,0,0.473050
bilstm_finetuned,strip,template,13,chichewa,chi_0674,0,0.979146
bilstm_finetuned,strip,template,13,chichewa,chi_0675,0,0.002369
bilstm_finetuned,strip,template,13,chichewa,chi_0676,0,0.174338
bilstm_finetuned,strip,template,13,chichewa,chi_0677,0,0.148695
bilstm_finetuned,strip,template,13,chichewa,chi_0678,0,0.000053
bilstm_finetuned,strip,template,13,chichewa,chi_0679,0,0.000044
bilstm_finetuned,strip,template,13,chichewa,chi_0680,0,0.000136
bilstm_finetuned,strip,template,13,chichewa,chi_0681,0,0.999648
bilstm_finetuned,strip,template,13,chichewa,chi_0682,0,0.000046
bilstm_finetuned,strip,template,13,chichewa,chi_0683,0,0.000054
bilstm_finetuned,strip,template,13,chichewa,chi_0684,0,0.000079
bilstm_finetuned,strip,template,13,chichewa,chi_0685,0,0.000049
bilstm_finetuned,strip,template,13,chichewa,chi_0686,0,0.000051
bilstm_finetuned,strip,template,13,chichewa,chi_0687,0,0.000083
bilstm_finetuned,strip,template,13,chichewa,chi_0688,0,0.000060
bilstm_finetuned,strip,template,13,chichewa,chi_0689,0,0.000100
bilstm_finetuned,strip,template,13,chichewa,chi_0690,0,0.062674
bilstm_finetuned,strip,template,13,chichewa,chi_0691,0,0.598535
bilstm_finetuned,strip,template,13,chichewa,chi_0692,0,0.000073
bilstm_finetuned,strip,template,13,chichewa,chi_0693,0,0.393225
bilstm_finetuned,strip,template,13,chichewa,chi_0694,0,0.394197
bilstm_finetuned,strip,template,13,chichewa,chi_0695,0,0.028146
bilstm_finetuned,strip,template,13,chichewa,chi_0696,0,0.003720
bilstm_finetuned,strip,template,13,chichewa,chi_0697,0,0.224137
bilstm_finetuned,strip,template,13,chichewa,chi_0698,0,0.000083
bilstm_finetuned,strip,template,13,chichewa,chi_0699,0,0.999801
bilstm_finetuned,strip,template,13,chichewa,chi_0700,0,0.167147
bilstm_finetuned,strip,template,13,chichewa,chi_0701,0,0.570045
bilstm_finetuned,strip,template,13,chichewa,chi_0702,0,0.028896
bilstm_finetuned,strip,template,13,chichewa,chi_0703,0,0.999981
bilstm_finetuned,strip,template,13,chichewa,chi_0704,0,0.495159
bilstm_finetuned,strip,template,13,chichewa,chi_0705,0,0.000055
bilstm_finetuned,strip,template,13,chichewa,chi_0706,0,0.775207
bilstm_finetuned,strip,template,13,chichewa,chi_0707,0,0.608546
bilstm_finetuned,strip,template,13,chichewa,chi_0708,0,0.660367
bilstm_finetuned,strip,template,13,chichewa,chi_0709,0,0.661675
bilstm_finetuned,strip,template,13,chichewa,chi_0710,0,0.000038
bilstm_finetuned,strip,template,13,chichewa,chi_0711,0,0.660979
bilstm_finetuned,strip,template,13,chichewa,chi_0712,0,0.695727
bilstm_finetuned,strip,template,13,chichewa,chi_0713,0,0.000093
bilstm_finetuned,strip,template,13,chichewa,chi_0714,0,0.000097
bilstm_finetuned,strip,template,13,chichewa,chi_0715,0,0.023556
bilstm_finetuned,strip,template,13,chichewa,chi_0716,0,0.586765
bilstm_finetuned,strip,template,13,chichewa,chi_0717,0,0.000098
bilstm_finetuned,strip,template,13,chichewa,chi_0718,0,0.784356
bilstm_finetuned,strip,template,13,chichewa,chi_0719,0,0.000088
bilstm_finetuned,strip,template,13,chichewa,chi_0720,0,0.000085
bilstm_finetuned,strip,template,13,chichewa,chi_0721,0,0.726880
bilstm_finetuned,strip,template,13,chichewa,chi_0722,0,0.000080
bilstm_finetuned,strip,template,13,chichewa,chi_0723,0,0.000082
bilstm_finetuned,strip,template,13,chichewa,chi_0724,0,0.604664
bilstm_finetuned,strip,template,13,chichewa,chi_0725,0,0.999992
bilstm_finetuned,strip,template,13,chichewa,chi_0726,0,0.023726
bilstm_finetuned,strip,template,13,chichewa,chi_0727,0,0.043180
bilstm_finetuned,strip,template,13,chichewa,chi_0728,0,0.013832
bilstm_finetuned,strip,template,13,chichewa,chi_0729,0,0.000052
bilstm_finetuned,strip,template,13,chichewa,chi_0730,0,0.000106
bilstm_finetuned,strip,template,13,chichewa,chi_0731,0,0.997872
bilstm_finetuned,strip,template,13,chichewa,chi_0732,0,0.000051
bilstm_finetuned,strip,template,13,ctrl_lookalike,bongo_0029,0,0.176000
bilstm_finetuned,strip,template,13,ctrl_lookalike,bongo_0053,0,0.000075
bilstm_finetuned,strip,template,13,ctrl_lookalike,bongo_0097,0,0.000402
bilstm_finetuned,strip,template,13,ctrl_lookalike,bongo_0107,0,0.001127
bilstm_finetuned,strip,template,13,ctrl_lookalike,bongo_0110,0,0.000021
bilstm_finetuned,strip,template,13,ctrl_lookalike,bongo_0115,0,0.000199
bilstm_finetuned,strip,template,13,ctrl_lookalike,bongo_0143,0,0.000065
bilstm_finetuned,strip,template,13,ctrl_lookalike,bongo_0160,0,0.000023
bilstm_finetuned,strip,template,13,ctrl_lookalike,bongo_0172,0,0.980443
bilstm_finetuned,strip,template,13,ctrl_lookalike,bongo_0175,0,0.000022
bilstm_finetuned,strip,template,13,ctrl_lookalike,bongo_0182,0,0.000011
bilstm_finetuned,strip,template,13,ctrl_lookalike,bongo_0197,0,0.000033
bilstm_finetuned,strip,template,13,ctrl_lookalike,bongo_0253,0,0.000043
bilstm_finetuned,strip,template,13,ctrl_lookalike,bongo_0271,0,0.000034
bilstm_finetuned,strip,template,13,ctrl_lookalike,bongo_0300,0,0.000092
bilstm_finetuned,strip,template,13,ctrl_lookalike,bongo_0306,0,0.000127
bilstm_finetuned,strip,template,13,ctrl_lookalike,bongo_0363,0,0.000097
bilstm_finetuned,strip,template,13,ctrl_lookalike,bongo_0368,0,0.000119
bilstm_finetuned,strip,template,13,ctrl_lookalike,bongo_0372,0,0.000035
bilstm_finetuned,strip,template,13,ctrl_lookalike,bongo_0389,0,0.000027
bilstm_finetuned,strip,template,13,ctrl_lookalike,bongo_0395,0,0.000115
bilstm_finetuned,strip,template,13,ctrl_lookalike,bongo_0427,0,0.002275
bilstm_finetuned,strip,template,13,ctrl_lookalike,bongo_0463,0,0.000057
bilstm_finetuned,strip,template,13,ctrl_lookalike,bongo_0531,0,0.000044
bilstm_finetuned,strip,template,13,ctrl_lookalike,bongo_0542,0,0.000018
bilstm_finetuned,strip,template,13,ctrl_lookalike,bongo_0545,0,0.000027
bilstm_finetuned,strip,template,13,ctrl_lookalike,bongo_0571,0,0.000028
bilstm_finetuned,strip,template,13,ctrl_lookalike,bongo_0630,0,0.000612
bilstm_finetuned,strip,template,13,ctrl_lookalike,bongo_0648,0,0.317496
bilstm_finetuned,strip,template,13,ctrl_lookalike,bongo_0674,0,0.000036
bilstm_finetuned,strip,template,13,ctrl_lookalike,bongo_0685,0,0.036364
bilstm_finetuned,strip,template,13,ctrl_lookalike,bongo_0701,0,0.000029
bilstm_finetuned,strip,template,13,ctrl_lookalike,bongo_0741,0,0.000026
bilstm_finetuned,strip,template,13,ctrl_lookalike,bongo_0795,0,0.434109
bilstm_finetuned,strip,template,13,ctrl_lookalike,bongo_0818,0,0.309623
bilstm_finetuned,strip,template,13,ctrl_lookalike,bongo_0819,0,0.006608
bilstm_finetuned,strip,template,13,ctrl_lookalike,bongo_0835,0,0.000106
bilstm_finetuned,strip,template,13,ctrl_lookalike,bongo_0856,0,0.001954
bilstm_finetuned,strip,template,13,ctrl_lookalike,bongo_0872,0,0.064695
bilstm_finetuned,strip,template,13,ctrl_lookalike,bongo_0904,0,0.119611
bilstm_finetuned,strip,template,13,ctrl_lookalike,bongo_0950,0,0.000048
bilstm_finetuned,strip,template,13,ctrl_lookalike,bongo_0956,0,0.000023
bilstm_finetuned,strip,template,13,ctrl_lookalike,bongo_0971,0,0.000030
bilstm_finetuned,strip,template,13,ctrl_lookalike,bongo_0983,0,0.000044
bilstm_finetuned,strip,template,13,ctrl_lookalike,bongo_0994,0,0.999677
bilstm_finetuned,strip,template,13,ctrl_lookalike,bongo_1006,0,0.000071
bilstm_finetuned,strip,template,13,ctrl_lookalike,bongo_1015,0,0.000012
bilstm_finetuned,strip,template,13,ctrl_lookalike,bongo_1037,0,0.000044
bilstm_finetuned,strip,template,13,ctrl_lookalike,bongo_1040,0,0.015813
bilstm_finetuned,strip,template,13,ctrl_lookalike,bongo_1050,0,0.000023
bilstm_finetuned,strip,template,13,ctrl_lookalike,bongo_1059,0,0.000021
bilstm_finetuned,strip,template,13,ctrl_lookalike,bongo_1071,0,0.000074
bilstm_finetuned,strip,template,13,ctrl_lookalike,bongo_1090,0,0.000017
bilstm_finetuned,strip,template,13,ctrl_lookalike,bongo_1115,0,0.000008
bilstm_finetuned,strip,template,13,ctrl_lookalike,bongo_1123,0,0.000032
bilstm_finetuned,strip,template,13,ctrl_lookalike,bongo_1125,0,0.984538
bilstm_finetuned,strip,template,13,ctrl_lookalike,bongo_1135,0,0.746199
bilstm_finetuned,strip,template,13,ctrl_lookalike,bongo_1155,0,0.000031
bilstm_finetuned,strip,template,13,ctrl_lookalike,bongo_1194,0,0.000265
bilstm_finetuned,strip,template,13,ctrl_lookalike,bongo_1198,0,0.000172
bilstm_finetuned,strip,template,13,ctrl_lookalike,bongo_1236,0,0.000306
bilstm_finetuned,strip,template,13,ctrl_lookalike,bongo_1244,0,0.000024
bilstm_finetuned,strip,template,13,ctrl_lookalike,bongo_1249,0,0.000010
bilstm_finetuned,strip,template,13,ctrl_lookalike,bongo_1253,0,0.000063
bilstm_finetuned,strip,template,13,ctrl_lookalike,bongo_1260,0,0.000029
bilstm_finetuned,strip,template,13,ctrl_lookalike,bongo_1262,0,0.000033
bilstm_finetuned,strip,template,13,ctrl_lookalike,bongo_1285,0,0.000057
bilstm_finetuned,strip,template,13,ctrl_lookalike,bongo_1316,0,0.000070
bilstm_finetuned,strip,template,13,ctrl_lookalike,bongo_1330,0,0.065310
bilstm_finetuned,strip,template,13,ctrl_lookalike,bongo_1359,0,0.000113
bilstm_finetuned,strip,template,13,ctrl_lookalike,bongo_1375,0,0.000191
bilstm_finetuned,strip,template,13,ctrl_structural,bongo_0029,0,0.999992
bilstm_finetuned,strip,template,13,ctrl_structural,bongo_0053,0,0.999992
bilstm_finetuned,strip,template,13,ctrl_structural,bongo_0097,0,0.999990
bilstm_finetuned,strip,template,13,ctrl_structural,bongo_0107,0,0.843041
bilstm_finetuned,strip,template,13,ctrl_structural,bongo_0110,0,0.595425
bilstm_finetuned,strip,template,13,ctrl_structural,bongo_0115,0,0.999992
bilstm_finetuned,strip,template,13,ctrl_structural,bongo_0143,0,0.000111
bilstm_finetuned,strip,template,13,ctrl_structural,bongo_0160,0,0.355115
bilstm_finetuned,strip,template,13,ctrl_structural,bongo_0172,0,0.972025
bilstm_finetuned,strip,template,13,ctrl_structural,bongo_0175,0,0.000024
bilstm_finetuned,strip,template,13,ctrl_structural,bongo_0182,0,0.000014
bilstm_finetuned,strip,template,13,ctrl_structural,bongo_0197,0,0.347760
bilstm_finetuned,strip,template,13,ctrl_structural,bongo_0253,0,0.999951
bilstm_finetuned,strip,template,13,ctrl_structural,bongo_0271,0,0.464951
bilstm_finetuned,strip,template,13,ctrl_structural,bongo_0300,0,0.999940
bilstm_finetuned,strip,template,13,ctrl_structural,bongo_0306,0,0.999985
bilstm_finetuned,strip,template,13,ctrl_structural,bongo_0363,0,0.999993
bilstm_finetuned,strip,template,13,ctrl_structural,bongo_0368,0,0.999992
bilstm_finetuned,strip,template,13,ctrl_structural,bongo_0372,0,0.790131
bilstm_finetuned,strip,template,13,ctrl_structural,bongo_0389,0,0.000057
bilstm_finetuned,strip,template,13,ctrl_structural,bongo_0395,0,0.854954
bilstm_finetuned,strip,template,13,ctrl_structural,bongo_0427,0,0.620854
bilstm_finetuned,strip,template,13,ctrl_structural,bongo_0463,0,0.999627
bilstm_finetuned,strip,template,13,ctrl_structural,bongo_0531,0,0.999990
bilstm_finetuned,strip,template,13,ctrl_structural,bongo_0542,0,0.310247
bilstm_finetuned,strip,template,13,ctrl_structural,bongo_0545,0,0.999958
bilstm_finetuned,strip,template,13,ctrl_structural,bongo_0571,0,0.217926
bilstm_finetuned,strip,template,13,ctrl_structural,bongo_0630,0,0.999993
bilstm_finetuned,strip,template,13,ctrl_structural,bongo_0648,0,0.999992
bilstm_finetuned,strip,template,13,ctrl_structural,bongo_0674,0,0.804530
bilstm_finetuned,strip,template,13,ctrl_structural,bongo_0685,0,0.999987
bilstm_finetuned,strip,template,13,ctrl_structural,bongo_0701,0,0.428206
bilstm_finetuned,strip,template,13,ctrl_structural,bongo_0741,0,0.452867
bilstm_finetuned,strip,template,13,ctrl_structural,bongo_0795,0,0.529308
bilstm_finetuned,strip,template,13,ctrl_structural,bongo_0818,0,0.999994
bilstm_finetuned,strip,template,13,ctrl_structural,bongo_0819,0,0.999991
bilstm_finetuned,strip,template,13,ctrl_structural,bongo_0835,0,0.999994
bilstm_finetuned,strip,template,13,ctrl_structural,bongo_0856,0,0.906013
bilstm_finetuned,strip,template,13,ctrl_structural,bongo_0872,0,0.999928
bilstm_finetuned,strip,template,13,ctrl_structural,bongo_0904,0,0.675080
bilstm_finetuned,strip,template,13,ctrl_structural,bongo_0950,0,0.836023
bilstm_finetuned,strip,template,13,ctrl_structural,bongo_0956,0,0.255866
bilstm_finetuned,strip,template,13,ctrl_structural,bongo_0971,0,0.291047
bilstm_finetuned,strip,template,13,ctrl_structural,bongo_0983,0,0.668264
bilstm_finetuned,strip,template,13,ctrl_structural,bongo_0994,0,0.999986
bilstm_finetuned,strip,template,13,ctrl_structural,bongo_1006,0,0.860890
bilstm_finetuned,strip,template,13,ctrl_structural,bongo_1015,0,0.212339
bilstm_finetuned,strip,template,13,ctrl_structural,bongo_1037,0,0.528051
bilstm_finetuned,strip,template,13,ctrl_structural,bongo_1040,0,0.000043
bilstm_finetuned,strip,template,13,ctrl_structural,bongo_1050,0,0.000028
bilstm_finetuned,strip,template,13,ctrl_structural,bongo_1059,0,0.144076
bilstm_finetuned,strip,template,13,ctrl_structural,bongo_1071,0,0.865770
bilstm_finetuned,strip,template,13,ctrl_structural,bongo_1090,0,0.000025
bilstm_finetuned,strip,template,13,ctrl_structural,bongo_1115,0,0.269983
bilstm_finetuned,strip,template,13,ctrl_structural,bongo_1123,0,0.999600
bilstm_finetuned,strip,template,13,ctrl_structural,bongo_1125,0,0.999991
bilstm_finetuned,strip,template,13,ctrl_structural,bongo_1135,0,0.799982
bilstm_finetuned,strip,template,13,ctrl_structural,bongo_1155,0,0.609710
bilstm_finetuned,strip,template,13,ctrl_structural,bongo_1194,0,0.999904
bilstm_finetuned,strip,template,13,ctrl_structural,bongo_1198,0,0.999865
bilstm_finetuned,strip,template,13,ctrl_structural,bongo_1236,0,0.999992
bilstm_finetuned,strip,template,13,ctrl_structural,bongo_1244,0,0.381771
bilstm_finetuned,strip,template,13,ctrl_structural,bongo_1249,0,0.000016
bilstm_finetuned,strip,template,13,ctrl_structural,bongo_1253,0,0.490322
bilstm_finetuned,strip,template,13,ctrl_structural,bongo_1260,0,0.517311
bilstm_finetuned,strip,template,13,ctrl_structural,bongo_1262,0,0.000035
bilstm_finetuned,strip,template,13,ctrl_structural,bongo_1285,0,0.870465
bilstm_finetuned,strip,template,13,ctrl_structural,bongo_1316,0,0.355521
bilstm_finetuned,strip,template,13,ctrl_structural,bongo_1330,0,0.999991
bilstm_finetuned,strip,template,13,ctrl_structural,bongo_1359,0,0.022087
bilstm_finetuned,strip,template,13,ctrl_structural,bongo_1375,0,0.999988
bilstm_finetuned,strip,template,13,ctrl_codeswitch,bongo_0029,0,0.024916
bilstm_finetuned,strip,template,13,ctrl_codeswitch,bongo_0053,0,0.000037
bilstm_finetuned,strip,template,13,ctrl_codeswitch,bongo_0097,0,0.000556
bilstm_finetuned,strip,template,13,ctrl_codeswitch,bongo_0107,0,0.000016
bilstm_finetuned,strip,template,13,ctrl_codeswitch,bongo_0110,0,0.000012
bilstm_finetuned,strip,template,13,ctrl_codeswitch,bongo_0115,0,0.000780
bilstm_finetuned,strip,template,13,ctrl_codeswitch,bongo_0143,0,0.000057
bilstm_finetuned,strip,template,13,ctrl_codeswitch,bongo_0160,0,0.000022
bilstm_finetuned,strip,template,13,ctrl_codeswitch,bongo_0172,0,0.414732
bilstm_finetuned,strip,template,13,ctrl_codeswitch,bongo_0175,0,0.000021
bilstm_finetuned,strip,template,13,ctrl_codeswitch,bongo_0182,0,0.000009
bilstm_finetuned,strip,template,13,ctrl_codeswitch,bongo_0197,0,0.000031
bilstm_finetuned,strip,template,13,ctrl_codeswitch,bongo_0253,0,0.000044
bilstm_finetuned,strip,template,13,ctrl_codeswitch,bongo_0271,0,0.000028
bilstm_finetuned,strip,template,13,ctrl_codeswitch,bongo_0300,0,0.000029
bilstm_finetuned,strip,template,13,ctrl_codeswitch,bongo_0306,0,0.000039
bilstm_finetuned,strip,template,13,ctrl_codeswitch,bongo_0363,0,0.000029
bilstm_finetuned,strip,template,13,ctrl_codeswitch,bongo_0368,0,0.000211
bilstm_finetuned,strip,template,13,ctrl_codeswitch,bongo_0372,0,0.000041
bilstm_finetuned,strip,template,13,ctrl_codeswitch,bongo_0389,0,0.000026
bilstm_finetuned,strip,template,13,ctrl_codeswitch,bongo_0395,0,0.000519
bilstm_finetuned,strip,template,13,ctrl_codeswitch,bongo_0427,0,0.014507
bilstm_finetuned,strip,template,13,ctrl_codeswitch,bongo_0463,0,0.000192
bilstm_finetuned,strip,template,13,ctrl_codeswitch,bongo_0531,0,0.000083
bilstm_finetuned,strip,template,13,ctrl_codeswitch,bongo_0542,0,0.000019
bilstm_finetuned,strip,template,13,ctrl_codeswitch,bongo_0545,0,0.000022
bilstm_finetuned,strip,template,13,ctrl_codeswitch,bongo_0571,0,0.000022
bilstm_finetuned,strip,template,13,ctrl_codeswitch,bongo_0630,0,0.000086
bilstm_finetuned,strip,template,13,ctrl_codeswitch,bongo_0648,0,0.004569
bilstm_finetuned,strip,template,13,ctrl_codeswitch,bongo_0674,0,0.000016
bilstm_finetuned,strip,template,13,ctrl_codeswitch,bongo_0685,0,0.536165
bilstm_finetuned,strip,template,13,ctrl_codeswitch,bongo_0701,0,0.000023
bilstm_finetuned,strip,template,13,ctrl_codeswitch,bongo_0741,0,0.000022
bilstm_finetuned,strip,template,13,ctrl_codeswitch,bongo_0795,0,0.000104
bilstm_finetuned,strip,template,13,ctrl_codeswitch,bongo_0818,0,0.002218
bilstm_finetuned,strip,template,13,ctrl_codeswitch,bongo_0819,0,0.000090
bilstm_finetuned,strip,template,13,ctrl_codeswitch,bongo_0835,0,0.000019
bilstm_finetuned,strip,template,13,ctrl_codeswitch,bongo_0856,0,0.000047
bilstm_finetuned,strip,template,13,ctrl_codeswitch,bongo_0872,0,0.009772
bilstm_finetuned,strip,template,13,ctrl_codeswitch,bongo_0904,0,0.000161
bilstm_finetuned,strip,template,13,ctrl_codeswitch,bongo_0950,0,0.000025
bilstm_finetuned,strip,template,13,ctrl_codeswitch,bongo_0956,0,0.000021
bilstm_finetuned,strip,template,13,ctrl_codeswitch,bongo_0971,0,0.000025
bilstm_finetuned,strip,template,13,ctrl_codeswitch,bongo_0983,0,0.000063
bilstm_finetuned,strip,template,13,ctrl_codeswitch,bongo_0994,0,0.000100
bilstm_finetuned,strip,template,13,ctrl_codeswitch,bongo_1006,0,0.000028
bilstm_finetuned,strip,template,13,ctrl_codeswitch,bongo_1015,0,0.000012
bilstm_finetuned,strip,template,13,ctrl_codeswitch,bongo_1037,0,0.000038
bilstm_finetuned,strip,template,13,ctrl_codeswitch,bongo_1040,0,0.000035
bilstm_finetuned,strip,template,13,ctrl_codeswitch,bongo_1050,0,0.000022
bilstm_finetuned,strip,template,13,ctrl_codeswitch,bongo_1059,0,0.000019
bilstm_finetuned,strip,template,13,ctrl_codeswitch,bongo_1071,0,0.000027
bilstm_finetuned,strip,template,13,ctrl_codeswitch,bongo_1090,0,0.000014
bilstm_finetuned,strip,template,13,ctrl_codeswitch,bongo_1115,0,0.000006
bilstm_finetuned,strip,template,13,ctrl_codeswitch,bongo_1123,0,0.000026
bilstm_finetuned,strip,template,13,ctrl_codeswitch,bongo_1125,0,0.001677
bilstm_finetuned,strip,template,13,ctrl_codeswitch,bongo_1135,0,0.006338
bilstm_finetuned,strip,template,13,ctrl_codeswitch,bongo_1155,0,0.000024
bilstm_finetuned,strip,template,13,ctrl_codeswitch,bongo_1194,0,0.000497
bilstm_finetuned,strip,template,13,ctrl_codeswitch,bongo_1198,0,0.000064
bilstm_finetuned,strip,template,13,ctrl_codeswitch,bongo_1236,0,0.000040
bilstm_finetuned,strip,template,13,ctrl_codeswitch,bongo_1244,0,0.000020
bilstm_finetuned,strip,template,13,ctrl_codeswitch,bongo_1249,0,0.000009
bilstm_finetuned,strip,template,13,ctrl_codeswitch,bongo_1253,0,0.000047
bilstm_finetuned,strip,template,13,ctrl_codeswitch,bongo_1260,0,0.000025
bilstm_finetuned,strip,template,13,ctrl_codeswitch,bongo_1262,0,0.000033
bilstm_finetuned,strip,template,13,ctrl_codeswitch,bongo_1285,0,0.000022
bilstm_finetuned,strip,template,13,ctrl_codeswitch,bongo_1316,0,0.000063
bilstm_finetuned,strip,template,13,ctrl_codeswitch,bongo_1330,0,0.046217
bilstm_finetuned,strip,template,13,ctrl_codeswitch,bongo_1359,0,0.000116
bilstm_finetuned,strip,template,13,ctrl_codeswitch,bongo_1375,0,0.000035
bilstm_finetuned,strip,template,13,val+norm,bongo_0004,1,0.999992
bilstm_finetuned,strip,template,13,val+norm,bongo_0007,1,0.999946
bilstm_finetuned,strip,template,13,val+norm,bongo_0008,0,0.000042
bilstm_finetuned,strip,template,13,val+norm,bongo_0031,1,0.999992
bilstm_finetuned,strip,template,13,val+norm,bongo_0033,0,0.000025
bilstm_finetuned,strip,template,13,val+norm,bongo_0036,1,0.999988
bilstm_finetuned,strip,template,13,val+norm,bongo_0046,1,0.999992
bilstm_finetuned,strip,template,13,val+norm,bongo_0052,1,0.999986
bilstm_finetuned,strip,template,13,val+norm,bongo_0057,1,0.999926
bilstm_finetuned,strip,template,13,val+norm,bongo_0063,0,0.000034
bilstm_finetuned,strip,template,13,val+norm,bongo_0065,0,0.000042
bilstm_finetuned,strip,template,13,val+norm,bongo_0076,0,0.000022
bilstm_finetuned,strip,template,13,val+norm,bongo_0081,0,0.000028
bilstm_finetuned,strip,template,13,val+norm,bongo_0088,1,0.999974
bilstm_finetuned,strip,template,13,val+norm,bongo_0089,1,0.999992
bilstm_finetuned,strip,template,13,val+norm,bongo_0095,0,0.000016
bilstm_finetuned,strip,template,13,val+norm,bongo_0101,1,0.999899
bilstm_finetuned,strip,template,13,val+norm,bongo_0102,1,0.999994
bilstm_finetuned,strip,template,13,val+norm,bongo_0103,1,0.999663
bilstm_finetuned,strip,template,13,val+norm,bongo_0105,0,0.000023
bilstm_finetuned,strip,template,13,val+norm,bongo_0111,0,0.000028
bilstm_finetuned,strip,template,13,val+norm,bongo_0120,1,0.999992
bilstm_finetuned,strip,template,13,val+norm,bongo_0121,0,0.000049
bilstm_finetuned,strip,template,13,val+norm,bongo_0127,0,0.000011
bilstm_finetuned,strip,template,13,val+norm,bongo_0145,0,0.000029
bilstm_finetuned,strip,template,13,val+norm,bongo_0148,0,0.000356
bilstm_finetuned,strip,template,13,val+norm,bongo_0181,1,0.999756
bilstm_finetuned,strip,template,13,val+norm,bongo_0186,0,0.000024
bilstm_finetuned,strip,template,13,val+norm,bongo_0191,0,0.000023
bilstm_finetuned,strip,template,13,val+norm,bongo_0210,1,0.999986
bilstm_finetuned,strip,template,13,val+norm,bongo_0226,1,0.999992
bilstm_finetuned,strip,template,13,val+norm,bongo_0228,1,0.999992
bilstm_finetuned,strip,template,13,val+norm,bongo_0235,1,0.999992
bilstm_finetuned,strip,template,13,val+norm,bongo_0243,1,0.999991
bilstm_finetuned,strip,template,13,val+norm,bongo_0247,1,0.999991
bilstm_finetuned,strip,template,13,val+norm,bongo_0248,1,0.999994
bilstm_finetuned,strip,template,13,val+norm,bongo_0264,0,0.000179
bilstm_finetuned,strip,template,13,val+norm,bongo_0275,0,0.000032
bilstm_finetuned,strip,template,13,val+norm,bongo_0278,1,0.999991
bilstm_finetuned,strip,template,13,val+norm,bongo_0312,1,0.999992
bilstm_finetuned,strip,template,13,val+norm,bongo_0315,1,0.999982
bilstm_finetuned,strip,template,13,val+norm,bongo_0319,1,0.999991
bilstm_finetuned,strip,template,13,val+norm,bongo_0353,1,0.999971
bilstm_finetuned,strip,template,13,val+norm,bongo_0370,1,0.999952
bilstm_finetuned,strip,template,13,val+norm,bongo_0377,1,0.999947
bilstm_finetuned,strip,template,13,val+norm,bongo_0393,0,0.000043
bilstm_finetuned,strip,template,13,val+norm,bongo_0403,1,0.999994
bilstm_finetuned,strip,template,13,val+norm,bongo_0410,0,0.000017
bilstm_finetuned,strip,template,13,val+norm,bongo_0411,0,0.000034
bilstm_finetuned,strip,template,13,val+norm,bongo_0426,0,0.000011
bilstm_finetuned,strip,template,13,val+norm,bongo_0430,0,0.000260
bilstm_finetuned,strip,template,13,val+norm,bongo_0438,1,0.999919
bilstm_finetuned,strip,template,13,val+norm,bongo_0451,1,0.999902
bilstm_finetuned,strip,template,13,val+norm,bongo_0455,1,0.999981
bilstm_finetuned,strip,template,13,val+norm,bongo_0466,1,0.999974
bilstm_finetuned,strip,template,13,val+norm,bongo_0495,0,0.000219
bilstm_finetuned,strip,template,13,val+norm,bongo_0499,1,0.999990
bilstm_finetuned,strip,template,13,val+norm,bongo_0502,1,0.999958
bilstm_finetuned,strip,template,13,val+norm,bongo_0548,0,0.000031
bilstm_finetuned,strip,template,13,val+norm,bongo_0556,1,0.999965
bilstm_finetuned,strip,template,13,val+norm,bongo_0557,1,0.999958
bilstm_finetuned,strip,template,13,val+norm,bongo_0561,0,0.001774
bilstm_finetuned,strip,template,13,val+norm,bongo_0563,0,0.000032
bilstm_finetuned,strip,template,13,val+norm,bongo_0570,1,0.999992
bilstm_finetuned,strip,template,13,val+norm,bongo_0581,0,0.000014
bilstm_finetuned,strip,template,13,val+norm,bongo_0587,1,0.999958
bilstm_finetuned,strip,template,13,val+norm,bongo_0593,0,0.000022
bilstm_finetuned,strip,template,13,val+norm,bongo_0607,0,0.000033
bilstm_finetuned,strip,template,13,val+norm,bongo_0610,0,0.000010
bilstm_finetuned,strip,template,13,val+norm,bongo_0632,1,0.999991
bilstm_finetuned,strip,template,13,val+norm,bongo_0634,0,0.000041
bilstm_finetuned,strip,template,13,val+norm,bongo_0637,1,0.999983
bilstm_finetuned,strip,template,13,val+norm,bongo_0643,0,0.000036
bilstm_finetuned,strip,template,13,val+norm,bongo_0666,1,0.999974
bilstm_finetuned,strip,template,13,val+norm,bongo_0672,0,0.000110
bilstm_finetuned,strip,template,13,val+norm,bongo_0680,1,0.999909
bilstm_finetuned,strip,template,13,val+norm,bongo_0681,0,0.000037
bilstm_finetuned,strip,template,13,val+norm,bongo_0693,0,0.000023
bilstm_finetuned,strip,template,13,val+norm,bongo_0694,0,0.000516
bilstm_finetuned,strip,template,13,val+norm,bongo_0698,1,0.999992
bilstm_finetuned,strip,template,13,val+norm,bongo_0726,0,0.000101
bilstm_finetuned,strip,template,13,val+norm,bongo_0742,0,0.000027
bilstm_finetuned,strip,template,13,val+norm,bongo_0752,0,0.000040
bilstm_finetuned,strip,template,13,val+norm,bongo_0754,0,0.000009
bilstm_finetuned,strip,template,13,val+norm,bongo_0762,1,0.999890
bilstm_finetuned,strip,template,13,val+norm,bongo_0764,1,0.999991
bilstm_finetuned,strip,template,13,val+norm,bongo_0788,1,0.999991
bilstm_finetuned,strip,template,13,val+norm,bongo_0805,0,0.000024
bilstm_finetuned,strip,template,13,val+norm,bongo_0809,0,0.000023
bilstm_finetuned,strip,template,13,val+norm,bongo_0811,1,0.999991
bilstm_finetuned,strip,template,13,val+norm,bongo_0823,1,0.999945
bilstm_finetuned,strip,template,13,val+norm,bongo_0827,1,0.999990
bilstm_finetuned,strip,template,13,val+norm,bongo_0833,0,0.000036
bilstm_finetuned,strip,template,13,val+norm,bongo_0844,1,0.999992
bilstm_finetuned,strip,template,13,val+norm,bongo_0869,1,0.999970
bilstm_finetuned,strip,template,13,val+norm,bongo_0880,1,0.999991
bilstm_finetuned,strip,template,13,val+norm,bongo_0886,1,0.999932
bilstm_finetuned,strip,template,13,val+norm,bongo_0911,1,0.999950
bilstm_finetuned,strip,template,13,val+norm,bongo_0919,0,0.000023
bilstm_finetuned,strip,template,13,val+norm,bongo_0921,1,0.999986
bilstm_finetuned,strip,template,13,val+norm,bongo_0922,0,0.000030
bilstm_finetuned,strip,template,13,val+norm,bongo_0923,1,0.999982
bilstm_finetuned,strip,template,13,val+norm,bongo_0943,1,0.999989
bilstm_finetuned,strip,template,13,val+norm,bongo_0948,1,0.999981
bilstm_finetuned,strip,template,13,val+norm,bongo_0949,1,0.999901
bilstm_finetuned,strip,template,13,val+norm,bongo_0959,1,0.999983
bilstm_finetuned,strip,template,13,val+norm,bongo_0961,1,0.999951
bilstm_finetuned,strip,template,13,val+norm,bongo_0973,0,0.000031
bilstm_finetuned,strip,template,13,val+norm,bongo_0988,0,0.000035
bilstm_finetuned,strip,template,13,val+norm,bongo_0992,0,0.000211
bilstm_finetuned,strip,template,13,val+norm,bongo_1001,1,0.999989
bilstm_finetuned,strip,template,13,val+norm,bongo_1028,1,0.999991
bilstm_finetuned,strip,template,13,val+norm,bongo_1039,0,0.000024
bilstm_finetuned,strip,template,13,val+norm,bongo_1044,0,0.000018
bilstm_finetuned,strip,template,13,val+norm,bongo_1082,0,0.007969
bilstm_finetuned,strip,template,13,val+norm,bongo_1086,1,0.999946
bilstm_finetuned,strip,template,13,val+norm,bongo_1099,0,0.000197
bilstm_finetuned,strip,template,13,val+norm,bongo_1101,1,0.999966
bilstm_finetuned,strip,template,13,val+norm,bongo_1108,0,0.000028
bilstm_finetuned,strip,template,13,val+norm,bongo_1109,0,0.000035
bilstm_finetuned,strip,template,13,val+norm,bongo_1120,0,0.000016
bilstm_finetuned,strip,template,13,val+norm,bongo_1124,0,0.000023
bilstm_finetuned,strip,template,13,val+norm,bongo_1130,1,0.999991
bilstm_finetuned,strip,template,13,val+norm,bongo_1132,1,0.999961
bilstm_finetuned,strip,template,13,val+norm,bongo_1137,1,0.999983
bilstm_finetuned,strip,template,13,val+norm,bongo_1145,0,0.000043
bilstm_finetuned,strip,template,13,val+norm,bongo_1153,0,0.000021
bilstm_finetuned,strip,template,13,val+norm,bongo_1161,0,0.000272
bilstm_finetuned,strip,template,13,val+norm,bongo_1162,0,0.014535
bilstm_finetuned,strip,template,13,val+norm,bongo_1163,1,0.999982
bilstm_finetuned,strip,template,13,val+norm,bongo_1166,1,0.999988
bilstm_finetuned,strip,template,13,val+norm,bongo_1197,1,0.999917
bilstm_finetuned,strip,template,13,val+norm,bongo_1203,1,0.999988
bilstm_finetuned,strip,template,13,val+norm,bongo_1212,0,0.000034
bilstm_finetuned,strip,template,13,val+norm,bongo_1213,1,0.999936
bilstm_finetuned,strip,template,13,val+norm,bongo_1216,0,0.000513
bilstm_finetuned,strip,template,13,val+norm,bongo_1224,1,0.999955
bilstm_finetuned,strip,template,13,val+norm,bongo_1247,1,0.999952
bilstm_finetuned,strip,template,13,val+norm,bongo_1251,1,0.999992
bilstm_finetuned,strip,template,13,val+norm,bongo_1257,1,0.999963
bilstm_finetuned,strip,template,13,val+norm,bongo_1258,1,0.999992
bilstm_finetuned,strip,template,13,val+norm,bongo_1265,0,0.000036
bilstm_finetuned,strip,template,13,val+norm,bongo_1272,0,0.000046
bilstm_finetuned,strip,template,13,val+norm,bongo_1275,0,0.000017
bilstm_finetuned,strip,template,13,val+norm,bongo_1296,0,0.000019
bilstm_finetuned,strip,template,13,val+norm,bongo_1299,1,0.999961
bilstm_finetuned,strip,template,13,val+norm,bongo_1307,1,0.999965
bilstm_finetuned,strip,template,13,val+norm,bongo_1328,0,0.000029
bilstm_finetuned,strip,template,13,val+norm,bongo_1335,0,0.082144
bilstm_finetuned,strip,template,13,val+norm,bongo_1341,0,0.000045
bilstm_finetuned,strip,template,13,val+norm,bongo_1349,0,0.000043
bilstm_finetuned,strip,template,13,val+norm,bongo_1360,0,0.000024
bilstm_finetuned,strip,template,13,test+norm,bongo_0025,1,0.999986
bilstm_finetuned,strip,template,13,test+norm,bongo_0029,0,0.024916
bilstm_finetuned,strip,template,13,test+norm,bongo_0039,1,0.999991
bilstm_finetuned,strip,template,13,test+norm,bongo_0047,1,0.999977
bilstm_finetuned,strip,template,13,test+norm,bongo_0053,0,0.000037
bilstm_finetuned,strip,template,13,test+norm,bongo_0055,1,0.015642
bilstm_finetuned,strip,template,13,test+norm,bongo_0061,1,0.999593
bilstm_finetuned,strip,template,13,test+norm,bongo_0097,0,0.000402
bilstm_finetuned,strip,template,13,test+norm,bongo_0107,0,0.000016
bilstm_finetuned,strip,template,13,test+norm,bongo_0110,0,0.000012
bilstm_finetuned,strip,template,13,test+norm,bongo_0112,1,0.158828
bilstm_finetuned,strip,template,13,test+norm,bongo_0115,0,0.000422
bilstm_finetuned,strip,template,13,test+norm,bongo_0143,0,0.000057
bilstm_finetuned,strip,template,13,test+norm,bongo_0146,1,0.999989
bilstm_finetuned,strip,template,13,test+norm,bongo_0154,1,0.999981
bilstm_finetuned,strip,template,13,test+norm,bongo_0159,1,0.015670
bilstm_finetuned,strip,template,13,test+norm,bongo_0160,0,0.000022
bilstm_finetuned,strip,template,13,test+norm,bongo_0172,0,0.240197
bilstm_finetuned,strip,template,13,test+norm,bongo_0173,1,0.112209
bilstm_finetuned,strip,template,13,test+norm,bongo_0175,0,0.000021
bilstm_finetuned,strip,template,13,test+norm,bongo_0182,0,0.000009
bilstm_finetuned,strip,template,13,test+norm,bongo_0195,1,0.999919
bilstm_finetuned,strip,template,13,test+norm,bongo_0197,0,0.000031
bilstm_finetuned,strip,template,13,test+norm,bongo_0201,1,0.999991
bilstm_finetuned,strip,template,13,test+norm,bongo_0203,1,0.999984
bilstm_finetuned,strip,template,13,test+norm,bongo_0250,1,0.015670
bilstm_finetuned,strip,template,13,test+norm,bongo_0253,0,0.000044
bilstm_finetuned,strip,template,13,test+norm,bongo_0255,1,0.061632
bilstm_finetuned,strip,template,13,test+norm,bongo_0265,1,0.114116
bilstm_finetuned,strip,template,13,test+norm,bongo_0271,0,0.000028
bilstm_finetuned,strip,template,13,test+norm,bongo_0300,0,0.000029
bilstm_finetuned,strip,template,13,test+norm,bongo_0306,0,0.000039
bilstm_finetuned,strip,template,13,test+norm,bongo_0356,1,0.158936
bilstm_finetuned,strip,template,13,test+norm,bongo_0360,1,0.999974
bilstm_finetuned,strip,template,13,test+norm,bongo_0361,1,0.999984
bilstm_finetuned,strip,template,13,test+norm,bongo_0363,0,0.000029
bilstm_finetuned,strip,template,13,test+norm,bongo_0368,0,0.000151
bilstm_finetuned,strip,template,13,test+norm,bongo_0372,0,0.000041
bilstm_finetuned,strip,template,13,test+norm,bongo_0380,1,0.060688
bilstm_finetuned,strip,template,13,test+norm,bongo_0389,0,0.000026
bilstm_finetuned,strip,template,13,test+norm,bongo_0395,0,0.000519
bilstm_finetuned,strip,template,13,test+norm,bongo_0405,1,0.999888
bilstm_finetuned,strip,template,13,test+norm,bongo_0424,1,0.999991
bilstm_finetuned,strip,template,13,test+norm,bongo_0427,0,0.000363
bilstm_finetuned,strip,template,13,test+norm,bongo_0434,1,0.015642
bilstm_finetuned,strip,template,13,test+norm,bongo_0463,0,0.000253
bilstm_finetuned,strip,template,13,test+norm,bongo_0476,1,0.999935
bilstm_finetuned,strip,template,13,test+norm,bongo_0510,1,0.999990
bilstm_finetuned,strip,template,13,test+norm,bongo_0531,0,0.000083
bilstm_finetuned,strip,template,13,test+norm,bongo_0542,0,0.000019
bilstm_finetuned,strip,template,13,test+norm,bongo_0545,0,0.000022
bilstm_finetuned,strip,template,13,test+norm,bongo_0560,1,0.999946
bilstm_finetuned,strip,template,13,test+norm,bongo_0565,1,0.293673
bilstm_finetuned,strip,template,13,test+norm,bongo_0566,1,0.999994
bilstm_finetuned,strip,template,13,test+norm,bongo_0571,0,0.000022
bilstm_finetuned,strip,template,13,test+norm,bongo_0577,1,0.999893
bilstm_finetuned,strip,template,13,test+norm,bongo_0580,1,0.999920
bilstm_finetuned,strip,template,13,test+norm,bongo_0621,1,0.999867
bilstm_finetuned,strip,template,13,test+norm,bongo_0624,1,0.999985
bilstm_finetuned,strip,template,13,test+norm,bongo_0630,0,0.000086
bilstm_finetuned,strip,template,13,test+norm,bongo_0638,1,0.999989
bilstm_finetuned,strip,template,13,test+norm,bongo_0648,0,0.004569
bilstm_finetuned,strip,template,13,test+norm,bongo_0674,0,0.000016
bilstm_finetuned,strip,template,13,test+norm,bongo_0685,0,0.009332
bilstm_finetuned,strip,template,13,test+norm,bongo_0697,1,0.293673
bilstm_finetuned,strip,template,13,test+norm,bongo_0701,0,0.000023
bilstm_finetuned,strip,template,13,test+norm,bongo_0706,1,0.158584
bilstm_finetuned,strip,template,13,test+norm,bongo_0719,1,0.060649
bilstm_finetuned,strip,template,13,test+norm,bongo_0721,1,0.999969
bilstm_finetuned,strip,template,13,test+norm,bongo_0724,1,0.297105
bilstm_finetuned,strip,template,13,test+norm,bongo_0729,1,0.999893
bilstm_finetuned,strip,template,13,test+norm,bongo_0741,0,0.000022
bilstm_finetuned,strip,template,13,test+norm,bongo_0749,1,0.115142
bilstm_finetuned,strip,template,13,test+norm,bongo_0769,1,0.999982
bilstm_finetuned,strip,template,13,test+norm,bongo_0770,1,0.015642
bilstm_finetuned,strip,template,13,test+norm,bongo_0778,1,0.114960
bilstm_finetuned,strip,template,13,test+norm,bongo_0787,1,0.999974
bilstm_finetuned,strip,template,13,test+norm,bongo_0795,0,0.000104
bilstm_finetuned,strip,template,13,test+norm,bongo_0806,1,0.297104
bilstm_finetuned,strip,template,13,test+norm,bongo_0807,1,0.999989
bilstm_finetuned,strip,template,13,test+norm,bongo_0818,0,0.002218
bilstm_finetuned,strip,template,13,test+norm,bongo_0819,0,0.000090
bilstm_finetuned,strip,template,13,test+norm,bongo_0835,0,0.000019
bilstm_finetuned,strip,template,13,test+norm,bongo_0840,1,0.999974
bilstm_finetuned,strip,template,13,test+norm,bongo_0855,1,0.293540
bilstm_finetuned,strip,template,13,test+norm,bongo_0856,0,0.000047
bilstm_finetuned,strip,template,13,test+norm,bongo_0864,1,0.999991
bilstm_finetuned,strip,template,13,test+norm,bongo_0871,1,0.999985
bilstm_finetuned,strip,template,13,test+norm,bongo_0872,0,0.004886
bilstm_finetuned,strip,template,13,test+norm,bongo_0904,0,0.000118
bilstm_finetuned,strip,template,13,test+norm,bongo_0905,1,0.999991
bilstm_finetuned,strip,template,13,test+norm,bongo_0909,1,0.999868
bilstm_finetuned,strip,template,13,test+norm,bongo_0917,1,0.015964
bilstm_finetuned,strip,template,13,test+norm,bongo_0918,1,0.999902
bilstm_finetuned,strip,template,13,test+norm,bongo_0950,0,0.000025
bilstm_finetuned,strip,template,13,test+norm,bongo_0955,1,0.999988
bilstm_finetuned,strip,template,13,test+norm,bongo_0956,0,0.000021
bilstm_finetuned,strip,template,13,test+norm,bongo_0971,0,0.000025
bilstm_finetuned,strip,template,13,test+norm,bongo_0983,0,0.000063
bilstm_finetuned,strip,template,13,test+norm,bongo_0989,1,0.999985
bilstm_finetuned,strip,template,13,test+norm,bongo_0994,0,0.000081
bilstm_finetuned,strip,template,13,test+norm,bongo_1003,1,0.999946
bilstm_finetuned,strip,template,13,test+norm,bongo_1006,0,0.000028
bilstm_finetuned,strip,template,13,test+norm,bongo_1012,1,0.115217
bilstm_finetuned,strip,template,13,test+norm,bongo_1015,0,0.000012
bilstm_finetuned,strip,template,13,test+norm,bongo_1022,1,0.060540
bilstm_finetuned,strip,template,13,test+norm,bongo_1037,0,0.000038
bilstm_finetuned,strip,template,13,test+norm,bongo_1040,0,0.000035
bilstm_finetuned,strip,template,13,test+norm,bongo_1042,1,0.999934
bilstm_finetuned,strip,template,13,test+norm,bongo_1047,1,0.999991
bilstm_finetuned,strip,template,13,test+norm,bongo_1050,0,0.000022
bilstm_finetuned,strip,template,13,test+norm,bongo_1052,1,0.999989
bilstm_finetuned,strip,template,13,test+norm,bongo_1059,0,0.000019
bilstm_finetuned,strip,template,13,test+norm,bongo_1071,0,0.000027
bilstm_finetuned,strip,template,13,test+norm,bongo_1090,0,0.000014
bilstm_finetuned,strip,template,13,test+norm,bongo_1104,1,0.999988
bilstm_finetuned,strip,template,13,test+norm,bongo_1115,0,0.000006
bilstm_finetuned,strip,template,13,test+norm,bongo_1123,0,0.000026
bilstm_finetuned,strip,template,13,test+norm,bongo_1125,0,0.001677
bilstm_finetuned,strip,template,13,test+norm,bongo_1127,1,0.111988
bilstm_finetuned,strip,template,13,test+norm,bongo_1131,1,0.999989
bilstm_finetuned,strip,template,13,test+norm,bongo_1134,1,0.161070
bilstm_finetuned,strip,template,13,test+norm,bongo_1135,0,0.006338
bilstm_finetuned,strip,template,13,test+norm,bongo_1136,1,0.999984
bilstm_finetuned,strip,template,13,test+norm,bongo_1138,1,0.999991
bilstm_finetuned,strip,template,13,test+norm,bongo_1140,1,0.999882
bilstm_finetuned,strip,template,13,test+norm,bongo_1154,1,0.999988
bilstm_finetuned,strip,template,13,test+norm,bongo_1155,0,0.000024
bilstm_finetuned,strip,template,13,test+norm,bongo_1171,1,0.999988
bilstm_finetuned,strip,template,13,test+norm,bongo_1181,1,0.999931
bilstm_finetuned,strip,template,13,test+norm,bongo_1185,1,0.060482
bilstm_finetuned,strip,template,13,test+norm,bongo_1194,0,0.000497
bilstm_finetuned,strip,template,13,test+norm,bongo_1195,1,0.293153
bilstm_finetuned,strip,template,13,test+norm,bongo_1198,0,0.000064
bilstm_finetuned,strip,template,13,test+norm,bongo_1204,1,0.015677
bilstm_finetuned,strip,template,13,test+norm,bongo_1220,1,0.999991
bilstm_finetuned,strip,template,13,test+norm,bongo_1233,1,0.999994
bilstm_finetuned,strip,template,13,test+norm,bongo_1236,0,0.000040
bilstm_finetuned,strip,template,13,test+norm,bongo_1240,1,0.061632
bilstm_finetuned,strip,template,13,test+norm,bongo_1244,0,0.000019
bilstm_finetuned,strip,template,13,test+norm,bongo_1249,0,0.000009
bilstm_finetuned,strip,template,13,test+norm,bongo_1253,0,0.000047
bilstm_finetuned,strip,template,13,test+norm,bongo_1260,0,0.000025
bilstm_finetuned,strip,template,13,test+norm,bongo_1262,0,0.000033
bilstm_finetuned,strip,template,13,test+norm,bongo_1278,1,0.116848
bilstm_finetuned,strip,template,13,test+norm,bongo_1285,0,0.000022
bilstm_finetuned,strip,template,13,test+norm,bongo_1293,1,0.999987
bilstm_finetuned,strip,template,13,test+norm,bongo_1316,0,0.000063
bilstm_finetuned,strip,template,13,test+norm,bongo_1327,1,0.015620
bilstm_finetuned,strip,template,13,test+norm,bongo_1330,0,0.046217
bilstm_finetuned,strip,template,13,test+norm,bongo_1359,0,0.000111
bilstm_finetuned,strip,template,13,test+norm,bongo_1375,0,0.000035
bilstm_finetuned,strip,template,13,test_lookalike_1+norm,bongo_0025,1,0.999986
bilstm_finetuned,strip,template,13,test_lookalike_1+norm,bongo_0029,0,0.024916
bilstm_finetuned,strip,template,13,test_lookalike_1+norm,bongo_0039,1,0.999991
bilstm_finetuned,strip,template,13,test_lookalike_1+norm,bongo_0047,1,0.999977
bilstm_finetuned,strip,template,13,test_lookalike_1+norm,bongo_0053,0,0.000037
bilstm_finetuned,strip,template,13,test_lookalike_1+norm,bongo_0055,1,0.015642
bilstm_finetuned,strip,template,13,test_lookalike_1+norm,bongo_0061,1,0.999593
bilstm_finetuned,strip,template,13,test_lookalike_1+norm,bongo_0097,0,0.000402
bilstm_finetuned,strip,template,13,test_lookalike_1+norm,bongo_0107,0,0.000016
bilstm_finetuned,strip,template,13,test_lookalike_1+norm,bongo_0110,0,0.000012
bilstm_finetuned,strip,template,13,test_lookalike_1+norm,bongo_0112,1,0.158828
bilstm_finetuned,strip,template,13,test_lookalike_1+norm,bongo_0115,0,0.000422
bilstm_finetuned,strip,template,13,test_lookalike_1+norm,bongo_0143,0,0.000057
bilstm_finetuned,strip,template,13,test_lookalike_1+norm,bongo_0146,1,0.999989
bilstm_finetuned,strip,template,13,test_lookalike_1+norm,bongo_0154,1,0.999981
bilstm_finetuned,strip,template,13,test_lookalike_1+norm,bongo_0159,1,0.015670
bilstm_finetuned,strip,template,13,test_lookalike_1+norm,bongo_0160,0,0.000022
bilstm_finetuned,strip,template,13,test_lookalike_1+norm,bongo_0172,0,0.240197
bilstm_finetuned,strip,template,13,test_lookalike_1+norm,bongo_0173,1,0.112209
bilstm_finetuned,strip,template,13,test_lookalike_1+norm,bongo_0175,0,0.000021
bilstm_finetuned,strip,template,13,test_lookalike_1+norm,bongo_0182,0,0.000009
bilstm_finetuned,strip,template,13,test_lookalike_1+norm,bongo_0195,1,0.999919
bilstm_finetuned,strip,template,13,test_lookalike_1+norm,bongo_0197,0,0.000031
bilstm_finetuned,strip,template,13,test_lookalike_1+norm,bongo_0201,1,0.999991
bilstm_finetuned,strip,template,13,test_lookalike_1+norm,bongo_0203,1,0.999984
bilstm_finetuned,strip,template,13,test_lookalike_1+norm,bongo_0250,1,0.015670
bilstm_finetuned,strip,template,13,test_lookalike_1+norm,bongo_0253,0,0.000044
bilstm_finetuned,strip,template,13,test_lookalike_1+norm,bongo_0255,1,0.061632
bilstm_finetuned,strip,template,13,test_lookalike_1+norm,bongo_0265,1,0.114116
bilstm_finetuned,strip,template,13,test_lookalike_1+norm,bongo_0271,0,0.000028
bilstm_finetuned,strip,template,13,test_lookalike_1+norm,bongo_0300,0,0.000029
bilstm_finetuned,strip,template,13,test_lookalike_1+norm,bongo_0306,0,0.000039
bilstm_finetuned,strip,template,13,test_lookalike_1+norm,bongo_0356,1,0.158936
bilstm_finetuned,strip,template,13,test_lookalike_1+norm,bongo_0360,1,0.999974
bilstm_finetuned,strip,template,13,test_lookalike_1+norm,bongo_0361,1,0.999984
bilstm_finetuned,strip,template,13,test_lookalike_1+norm,bongo_0363,0,0.000029
bilstm_finetuned,strip,template,13,test_lookalike_1+norm,bongo_0368,0,0.000151
bilstm_finetuned,strip,template,13,test_lookalike_1+norm,bongo_0372,0,0.000041
bilstm_finetuned,strip,template,13,test_lookalike_1+norm,bongo_0380,1,0.060688
bilstm_finetuned,strip,template,13,test_lookalike_1+norm,bongo_0389,0,0.000026
bilstm_finetuned,strip,template,13,test_lookalike_1+norm,bongo_0395,0,0.000519
bilstm_finetuned,strip,template,13,test_lookalike_1+norm,bongo_0405,1,0.999888
bilstm_finetuned,strip,template,13,test_lookalike_1+norm,bongo_0424,1,0.999991
bilstm_finetuned,strip,template,13,test_lookalike_1+norm,bongo_0427,0,0.000363
bilstm_finetuned,strip,template,13,test_lookalike_1+norm,bongo_0434,1,0.015642
bilstm_finetuned,strip,template,13,test_lookalike_1+norm,bongo_0463,0,0.000253
bilstm_finetuned,strip,template,13,test_lookalike_1+norm,bongo_0476,1,0.999935
bilstm_finetuned,strip,template,13,test_lookalike_1+norm,bongo_0510,1,0.999990
bilstm_finetuned,strip,template,13,test_lookalike_1+norm,bongo_0531,0,0.000083
bilstm_finetuned,strip,template,13,test_lookalike_1+norm,bongo_0542,0,0.000019
bilstm_finetuned,strip,template,13,test_lookalike_1+norm,bongo_0545,0,0.000022
bilstm_finetuned,strip,template,13,test_lookalike_1+norm,bongo_0560,1,0.999946
bilstm_finetuned,strip,template,13,test_lookalike_1+norm,bongo_0565,1,0.293673
bilstm_finetuned,strip,template,13,test_lookalike_1+norm,bongo_0566,1,0.999994
bilstm_finetuned,strip,template,13,test_lookalike_1+norm,bongo_0571,0,0.000022
bilstm_finetuned,strip,template,13,test_lookalike_1+norm,bongo_0577,1,0.999893
bilstm_finetuned,strip,template,13,test_lookalike_1+norm,bongo_0580,1,0.999920
bilstm_finetuned,strip,template,13,test_lookalike_1+norm,bongo_0621,1,0.999867
bilstm_finetuned,strip,template,13,test_lookalike_1+norm,bongo_0624,1,0.999985
bilstm_finetuned,strip,template,13,test_lookalike_1+norm,bongo_0630,0,0.000086
bilstm_finetuned,strip,template,13,test_lookalike_1+norm,bongo_0638,1,0.999989
bilstm_finetuned,strip,template,13,test_lookalike_1+norm,bongo_0648,0,0.004569
bilstm_finetuned,strip,template,13,test_lookalike_1+norm,bongo_0674,0,0.000016
bilstm_finetuned,strip,template,13,test_lookalike_1+norm,bongo_0685,0,0.009332
bilstm_finetuned,strip,template,13,test_lookalike_1+norm,bongo_0697,1,0.293673
bilstm_finetuned,strip,template,13,test_lookalike_1+norm,bongo_0701,0,0.000023
bilstm_finetuned,strip,template,13,test_lookalike_1+norm,bongo_0706,1,0.158584
bilstm_finetuned,strip,template,13,test_lookalike_1+norm,bongo_0719,1,0.060649
bilstm_finetuned,strip,template,13,test_lookalike_1+norm,bongo_0721,1,0.990367
bilstm_finetuned,strip,template,13,test_lookalike_1+norm,bongo_0724,1,0.297105
bilstm_finetuned,strip,template,13,test_lookalike_1+norm,bongo_0729,1,0.999893
bilstm_finetuned,strip,template,13,test_lookalike_1+norm,bongo_0741,0,0.000022
bilstm_finetuned,strip,template,13,test_lookalike_1+norm,bongo_0749,1,0.115142
bilstm_finetuned,strip,template,13,test_lookalike_1+norm,bongo_0769,1,0.999982
bilstm_finetuned,strip,template,13,test_lookalike_1+norm,bongo_0770,1,0.015642
bilstm_finetuned,strip,template,13,test_lookalike_1+norm,bongo_0778,1,0.114960
bilstm_finetuned,strip,template,13,test_lookalike_1+norm,bongo_0787,1,0.999974
bilstm_finetuned,strip,template,13,test_lookalike_1+norm,bongo_0795,0,0.000104
bilstm_finetuned,strip,template,13,test_lookalike_1+norm,bongo_0806,1,0.297104
bilstm_finetuned,strip,template,13,test_lookalike_1+norm,bongo_0807,1,0.999989
bilstm_finetuned,strip,template,13,test_lookalike_1+norm,bongo_0818,0,0.002218
bilstm_finetuned,strip,template,13,test_lookalike_1+norm,bongo_0819,0,0.000090
bilstm_finetuned,strip,template,13,test_lookalike_1+norm,bongo_0835,0,0.000019
bilstm_finetuned,strip,template,13,test_lookalike_1+norm,bongo_0840,1,0.999974
bilstm_finetuned,strip,template,13,test_lookalike_1+norm,bongo_0855,1,0.293540
bilstm_finetuned,strip,template,13,test_lookalike_1+norm,bongo_0856,0,0.000047
bilstm_finetuned,strip,template,13,test_lookalike_1+norm,bongo_0864,1,0.999991
bilstm_finetuned,strip,template,13,test_lookalike_1+norm,bongo_0871,1,0.999985
bilstm_finetuned,strip,template,13,test_lookalike_1+norm,bongo_0872,0,0.004886
bilstm_finetuned,strip,template,13,test_lookalike_1+norm,bongo_0904,0,0.000118
bilstm_finetuned,strip,template,13,test_lookalike_1+norm,bongo_0905,1,0.999991
bilstm_finetuned,strip,template,13,test_lookalike_1+norm,bongo_0909,1,0.999868
bilstm_finetuned,strip,template,13,test_lookalike_1+norm,bongo_0917,1,0.015964
bilstm_finetuned,strip,template,13,test_lookalike_1+norm,bongo_0918,1,0.999902
bilstm_finetuned,strip,template,13,test_lookalike_1+norm,bongo_0950,0,0.000025
bilstm_finetuned,strip,template,13,test_lookalike_1+norm,bongo_0955,1,0.999988
bilstm_finetuned,strip,template,13,test_lookalike_1+norm,bongo_0956,0,0.000021
bilstm_finetuned,strip,template,13,test_lookalike_1+norm,bongo_0971,0,0.000025
bilstm_finetuned,strip,template,13,test_lookalike_1+norm,bongo_0983,0,0.000063
bilstm_finetuned,strip,template,13,test_lookalike_1+norm,bongo_0989,1,0.999985
bilstm_finetuned,strip,template,13,test_lookalike_1+norm,bongo_0994,0,0.000081
bilstm_finetuned,strip,template,13,test_lookalike_1+norm,bongo_1003,1,0.999946
bilstm_finetuned,strip,template,13,test_lookalike_1+norm,bongo_1006,0,0.000028
bilstm_finetuned,strip,template,13,test_lookalike_1+norm,bongo_1012,1,0.115217
bilstm_finetuned,strip,template,13,test_lookalike_1+norm,bongo_1015,0,0.000012
bilstm_finetuned,strip,template,13,test_lookalike_1+norm,bongo_1022,1,0.060540
bilstm_finetuned,strip,template,13,test_lookalike_1+norm,bongo_1037,0,0.000038
bilstm_finetuned,strip,template,13,test_lookalike_1+norm,bongo_1040,0,0.000035
bilstm_finetuned,strip,template,13,test_lookalike_1+norm,bongo_1042,1,0.999934
bilstm_finetuned,strip,template,13,test_lookalike_1+norm,bongo_1047,1,0.999991
bilstm_finetuned,strip,template,13,test_lookalike_1+norm,bongo_1050,0,0.000022
bilstm_finetuned,strip,template,13,test_lookalike_1+norm,bongo_1052,1,0.999989
bilstm_finetuned,strip,template,13,test_lookalike_1+norm,bongo_1059,0,0.000019
bilstm_finetuned,strip,template,13,test_lookalike_1+norm,bongo_1071,0,0.000027
bilstm_finetuned,strip,template,13,test_lookalike_1+norm,bongo_1090,0,0.000014
bilstm_finetuned,strip,template,13,test_lookalike_1+norm,bongo_1104,1,0.999988
bilstm_finetuned,strip,template,13,test_lookalike_1+norm,bongo_1115,0,0.000006
bilstm_finetuned,strip,template,13,test_lookalike_1+norm,bongo_1123,0,0.000026
bilstm_finetuned,strip,template,13,test_lookalike_1+norm,bongo_1125,0,0.001677
bilstm_finetuned,strip,template,13,test_lookalike_1+norm,bongo_1127,1,0.111988
bilstm_finetuned,strip,template,13,test_lookalike_1+norm,bongo_1131,1,0.999989
bilstm_finetuned,strip,template,13,test_lookalike_1+norm,bongo_1134,1,0.161070
bilstm_finetuned,strip,template,13,test_lookalike_1+norm,bongo_1135,0,0.006338
bilstm_finetuned,strip,template,13,test_lookalike_1+norm,bongo_1136,1,0.999984
bilstm_finetuned,strip,template,13,test_lookalike_1+norm,bongo_1138,1,0.999991
bilstm_finetuned,strip,template,13,test_lookalike_1+norm,bongo_1140,1,0.999882
bilstm_finetuned,strip,template,13,test_lookalike_1+norm,bongo_1154,1,0.999988
bilstm_finetuned,strip,template,13,test_lookalike_1+norm,bongo_1155,0,0.000024
bilstm_finetuned,strip,template,13,test_lookalike_1+norm,bongo_1171,1,0.999988
bilstm_finetuned,strip,template,13,test_lookalike_1+norm,bongo_1181,1,0.999931
bilstm_finetuned,strip,template,13,test_lookalike_1+norm,bongo_1185,1,0.060482
bilstm_finetuned,strip,template,13,test_lookalike_1+norm,bongo_1194,0,0.000497
bilstm_finetuned,strip,template,13,test_lookalike_1+norm,bongo_1195,1,0.293153
bilstm_finetuned,strip,template,13,test_lookalike_1+norm,bongo_1198,0,0.000064
bilstm_finetuned,strip,template,13,test_lookalike_1+norm,bongo_1204,1,0.015677
bilstm_finetuned,strip,template,13,test_lookalike_1+norm,bongo_1220,1,0.999983
bilstm_finetuned,strip,template,13,test_lookalike_1+norm,bongo_1233,1,0.999994
bilstm_finetuned,strip,template,13,test_lookalike_1+norm,bongo_1236,0,0.000040
bilstm_finetuned,strip,template,13,test_lookalike_1+norm,bongo_1240,1,0.061632
bilstm_finetuned,strip,template,13,test_lookalike_1+norm,bongo_1244,0,0.000019
bilstm_finetuned,strip,template,13,test_lookalike_1+norm,bongo_1249,0,0.000009
bilstm_finetuned,strip,template,13,test_lookalike_1+norm,bongo_1253,0,0.000047
bilstm_finetuned,strip,template,13,test_lookalike_1+norm,bongo_1260,0,0.000025
bilstm_finetuned,strip,template,13,test_lookalike_1+norm,bongo_1262,0,0.000033
bilstm_finetuned,strip,template,13,test_lookalike_1+norm,bongo_1278,1,0.116848
bilstm_finetuned,strip,template,13,test_lookalike_1+norm,bongo_1285,0,0.000022
bilstm_finetuned,strip,template,13,test_lookalike_1+norm,bongo_1293,1,0.999987
bilstm_finetuned,strip,template,13,test_lookalike_1+norm,bongo_1316,0,0.000063
bilstm_finetuned,strip,template,13,test_lookalike_1+norm,bongo_1327,1,0.015620
bilstm_finetuned,strip,template,13,test_lookalike_1+norm,bongo_1330,0,0.046217
bilstm_finetuned,strip,template,13,test_lookalike_1+norm,bongo_1359,0,0.000111
bilstm_finetuned,strip,template,13,test_lookalike_1+norm,bongo_1375,0,0.000035
bilstm_finetuned,strip,template,13,test_lookalike_3+norm,bongo_0025,1,0.999986
bilstm_finetuned,strip,template,13,test_lookalike_3+norm,bongo_0029,0,0.024916
bilstm_finetuned,strip,template,13,test_lookalike_3+norm,bongo_0039,1,0.999991
bilstm_finetuned,strip,template,13,test_lookalike_3+norm,bongo_0047,1,0.999977
bilstm_finetuned,strip,template,13,test_lookalike_3+norm,bongo_0053,0,0.000037
bilstm_finetuned,strip,template,13,test_lookalike_3+norm,bongo_0055,1,0.015642
bilstm_finetuned,strip,template,13,test_lookalike_3+norm,bongo_0061,1,0.999593
bilstm_finetuned,strip,template,13,test_lookalike_3+norm,bongo_0097,0,0.000402
bilstm_finetuned,strip,template,13,test_lookalike_3+norm,bongo_0107,0,0.000016
bilstm_finetuned,strip,template,13,test_lookalike_3+norm,bongo_0110,0,0.000012
bilstm_finetuned,strip,template,13,test_lookalike_3+norm,bongo_0112,1,0.158828
bilstm_finetuned,strip,template,13,test_lookalike_3+norm,bongo_0115,0,0.000422
bilstm_finetuned,strip,template,13,test_lookalike_3+norm,bongo_0143,0,0.000057
bilstm_finetuned,strip,template,13,test_lookalike_3+norm,bongo_0146,1,0.999989
bilstm_finetuned,strip,template,13,test_lookalike_3+norm,bongo_0154,1,0.999981
bilstm_finetuned,strip,template,13,test_lookalike_3+norm,bongo_0159,1,0.015670
bilstm_finetuned,strip,template,13,test_lookalike_3+norm,bongo_0160,0,0.000022
bilstm_finetuned,strip,template,13,test_lookalike_3+norm,bongo_0172,0,0.240197
bilstm_finetuned,strip,template,13,test_lookalike_3+norm,bongo_0173,1,0.112209
bilstm_finetuned,strip,template,13,test_lookalike_3+norm,bongo_0175,0,0.000021
bilstm_finetuned,strip,template,13,test_lookalike_3+norm,bongo_0182,0,0.000009
bilstm_finetuned,strip,template,13,test_lookalike_3+norm,bongo_0195,1,0.999919
bilstm_finetuned,strip,template,13,test_lookalike_3+norm,bongo_0197,0,0.000031
bilstm_finetuned,strip,template,13,test_lookalike_3+norm,bongo_0201,1,0.999991
bilstm_finetuned,strip,template,13,test_lookalike_3+norm,bongo_0203,1,0.999984
bilstm_finetuned,strip,template,13,test_lookalike_3+norm,bongo_0250,1,0.015670
bilstm_finetuned,strip,template,13,test_lookalike_3+norm,bongo_0253,0,0.000044
bilstm_finetuned,strip,template,13,test_lookalike_3+norm,bongo_0255,1,0.061632
bilstm_finetuned,strip,template,13,test_lookalike_3+norm,bongo_0265,1,0.114116
bilstm_finetuned,strip,template,13,test_lookalike_3+norm,bongo_0271,0,0.000028
bilstm_finetuned,strip,template,13,test_lookalike_3+norm,bongo_0300,0,0.000029
bilstm_finetuned,strip,template,13,test_lookalike_3+norm,bongo_0306,0,0.000039
bilstm_finetuned,strip,template,13,test_lookalike_3+norm,bongo_0356,1,0.158936
bilstm_finetuned,strip,template,13,test_lookalike_3+norm,bongo_0360,1,0.999974
bilstm_finetuned,strip,template,13,test_lookalike_3+norm,bongo_0361,1,0.999984
bilstm_finetuned,strip,template,13,test_lookalike_3+norm,bongo_0363,0,0.000029
bilstm_finetuned,strip,template,13,test_lookalike_3+norm,bongo_0368,0,0.000151
bilstm_finetuned,strip,template,13,test_lookalike_3+norm,bongo_0372,0,0.000041
bilstm_finetuned,strip,template,13,test_lookalike_3+norm,bongo_0380,1,0.060688
bilstm_finetuned,strip,template,13,test_lookalike_3+norm,bongo_0389,0,0.000026
bilstm_finetuned,strip,template,13,test_lookalike_3+norm,bongo_0395,0,0.000519
bilstm_finetuned,strip,template,13,test_lookalike_3+norm,bongo_0405,1,0.999888
bilstm_finetuned,strip,template,13,test_lookalike_3+norm,bongo_0424,1,0.999991
bilstm_finetuned,strip,template,13,test_lookalike_3+norm,bongo_0427,0,0.000363
bilstm_finetuned,strip,template,13,test_lookalike_3+norm,bongo_0434,1,0.015642
bilstm_finetuned,strip,template,13,test_lookalike_3+norm,bongo_0463,0,0.000253
bilstm_finetuned,strip,template,13,test_lookalike_3+norm,bongo_0476,1,0.999935
bilstm_finetuned,strip,template,13,test_lookalike_3+norm,bongo_0510,1,0.999990
bilstm_finetuned,strip,template,13,test_lookalike_3+norm,bongo_0531,0,0.000083
bilstm_finetuned,strip,template,13,test_lookalike_3+norm,bongo_0542,0,0.000019
bilstm_finetuned,strip,template,13,test_lookalike_3+norm,bongo_0545,0,0.000022
bilstm_finetuned,strip,template,13,test_lookalike_3+norm,bongo_0560,1,0.999946
bilstm_finetuned,strip,template,13,test_lookalike_3+norm,bongo_0565,1,0.293673
bilstm_finetuned,strip,template,13,test_lookalike_3+norm,bongo_0566,1,0.999994
bilstm_finetuned,strip,template,13,test_lookalike_3+norm,bongo_0571,0,0.000022
bilstm_finetuned,strip,template,13,test_lookalike_3+norm,bongo_0577,1,0.999893
bilstm_finetuned,strip,template,13,test_lookalike_3+norm,bongo_0580,1,0.999920
bilstm_finetuned,strip,template,13,test_lookalike_3+norm,bongo_0621,1,0.999867
bilstm_finetuned,strip,template,13,test_lookalike_3+norm,bongo_0624,1,0.999985
bilstm_finetuned,strip,template,13,test_lookalike_3+norm,bongo_0630,0,0.000086
bilstm_finetuned,strip,template,13,test_lookalike_3+norm,bongo_0638,1,0.999989
bilstm_finetuned,strip,template,13,test_lookalike_3+norm,bongo_0648,0,0.004569
bilstm_finetuned,strip,template,13,test_lookalike_3+norm,bongo_0674,0,0.000016
bilstm_finetuned,strip,template,13,test_lookalike_3+norm,bongo_0685,0,0.009332
bilstm_finetuned,strip,template,13,test_lookalike_3+norm,bongo_0697,1,0.293673
bilstm_finetuned,strip,template,13,test_lookalike_3+norm,bongo_0701,0,0.000023
bilstm_finetuned,strip,template,13,test_lookalike_3+norm,bongo_0706,1,0.158584
bilstm_finetuned,strip,template,13,test_lookalike_3+norm,bongo_0719,1,0.060649
bilstm_finetuned,strip,template,13,test_lookalike_3+norm,bongo_0721,1,0.999969
bilstm_finetuned,strip,template,13,test_lookalike_3+norm,bongo_0724,1,0.297105
bilstm_finetuned,strip,template,13,test_lookalike_3+norm,bongo_0729,1,0.999893
bilstm_finetuned,strip,template,13,test_lookalike_3+norm,bongo_0741,0,0.000022
bilstm_finetuned,strip,template,13,test_lookalike_3+norm,bongo_0749,1,0.115142
bilstm_finetuned,strip,template,13,test_lookalike_3+norm,bongo_0769,1,0.999982
bilstm_finetuned,strip,template,13,test_lookalike_3+norm,bongo_0770,1,0.015642
bilstm_finetuned,strip,template,13,test_lookalike_3+norm,bongo_0778,1,0.114960
bilstm_finetuned,strip,template,13,test_lookalike_3+norm,bongo_0787,1,0.999974
bilstm_finetuned,strip,template,13,test_lookalike_3+norm,bongo_0795,0,0.000104
bilstm_finetuned,strip,template,13,test_lookalike_3+norm,bongo_0806,1,0.297104
bilstm_finetuned,strip,template,13,test_lookalike_3+norm,bongo_0807,1,0.999989
bilstm_finetuned,strip,template,13,test_lookalike_3+norm,bongo_0818,0,0.002218
bilstm_finetuned,strip,template,13,test_lookalike_3+norm,bongo_0819,0,0.000090
bilstm_finetuned,strip,template,13,test_lookalike_3+norm,bongo_0835,0,0.000019
bilstm_finetuned,strip,template,13,test_lookalike_3+norm,bongo_0840,1,0.999974
bilstm_finetuned,strip,template,13,test_lookalike_3+norm,bongo_0855,1,0.293540
bilstm_finetuned,strip,template,13,test_lookalike_3+norm,bongo_0856,0,0.000047
bilstm_finetuned,strip,template,13,test_lookalike_3+norm,bongo_0864,1,0.999991
bilstm_finetuned,strip,template,13,test_lookalike_3+norm,bongo_0871,1,0.999985
bilstm_finetuned,strip,template,13,test_lookalike_3+norm,bongo_0872,0,0.004886
bilstm_finetuned,strip,template,13,test_lookalike_3+norm,bongo_0904,0,0.000118
bilstm_finetuned,strip,template,13,test_lookalike_3+norm,bongo_0905,1,0.999991
bilstm_finetuned,strip,template,13,test_lookalike_3+norm,bongo_0909,1,0.999868
bilstm_finetuned,strip,template,13,test_lookalike_3+norm,bongo_0917,1,0.015964
bilstm_finetuned,strip,template,13,test_lookalike_3+norm,bongo_0918,1,0.999902
bilstm_finetuned,strip,template,13,test_lookalike_3+norm,bongo_0950,0,0.000025
bilstm_finetuned,strip,template,13,test_lookalike_3+norm,bongo_0955,1,0.999988
bilstm_finetuned,strip,template,13,test_lookalike_3+norm,bongo_0956,0,0.000021
bilstm_finetuned,strip,template,13,test_lookalike_3+norm,bongo_0971,0,0.000025
bilstm_finetuned,strip,template,13,test_lookalike_3+norm,bongo_0983,0,0.000063
bilstm_finetuned,strip,template,13,test_lookalike_3+norm,bongo_0989,1,0.999985
bilstm_finetuned,strip,template,13,test_lookalike_3+norm,bongo_0994,0,0.000081
bilstm_finetuned,strip,template,13,test_lookalike_3+norm,bongo_1003,1,0.999946
bilstm_finetuned,strip,template,13,test_lookalike_3+norm,bongo_1006,0,0.000028
bilstm_finetuned,strip,template,13,test_lookalike_3+norm,bongo_1012,1,0.115217
bilstm_finetuned,strip,template,13,test_lookalike_3+norm,bongo_1015,0,0.000012
bilstm_finetuned,strip,template,13,test_lookalike_3+norm,bongo_1022,1,0.060540
bilstm_finetuned,strip,template,13,test_lookalike_3+norm,bongo_1037,0,0.000038
bilstm_finetuned,strip,template,13,test_lookalike_3+norm,bongo_1040,0,0.000035
bilstm_finetuned,strip,template,13,test_lookalike_3+norm,bongo_1042,1,0.999934
bilstm_finetuned,strip,template,13,test_lookalike_3+norm,bongo_1047,1,0.999991
bilstm_finetuned,strip,template,13,test_lookalike_3+norm,bongo_1050,0,0.000022
bilstm_finetuned,strip,template,13,test_lookalike_3+norm,bongo_1052,1,0.999989
bilstm_finetuned,strip,template,13,test_lookalike_3+norm,bongo_1059,0,0.000019
bilstm_finetuned,strip,template,13,test_lookalike_3+norm,bongo_1071,0,0.000027
bilstm_finetuned,strip,template,13,test_lookalike_3+norm,bongo_1090,0,0.000014
bilstm_finetuned,strip,template,13,test_lookalike_3+norm,bongo_1104,1,0.999988
bilstm_finetuned,strip,template,13,test_lookalike_3+norm,bongo_1115,0,0.000006
bilstm_finetuned,strip,template,13,test_lookalike_3+norm,bongo_1123,0,0.000026
bilstm_finetuned,strip,template,13,test_lookalike_3+norm,bongo_1125,0,0.001677
bilstm_finetuned,strip,template,13,test_lookalike_3+norm,bongo_1127,1,0.111988
bilstm_finetuned,strip,template,13,test_lookalike_3+norm,bongo_1131,1,0.999989
bilstm_finetuned,strip,template,13,test_lookalike_3+norm,bongo_1134,1,0.161070
bilstm_finetuned,strip,template,13,test_lookalike_3+norm,bongo_1135,0,0.006338
bilstm_finetuned,strip,template,13,test_lookalike_3+norm,bongo_1136,1,0.999984
bilstm_finetuned,strip,template,13,test_lookalike_3+norm,bongo_1138,1,0.999991
bilstm_finetuned,strip,template,13,test_lookalike_3+norm,bongo_1140,1,0.999882
bilstm_finetuned,strip,template,13,test_lookalike_3+norm,bongo_1154,1,0.999988
bilstm_finetuned,strip,template,13,test_lookalike_3+norm,bongo_1155,0,0.000024
bilstm_finetuned,strip,template,13,test_lookalike_3+norm,bongo_1171,1,0.999988
bilstm_finetuned,strip,template,13,test_lookalike_3+norm,bongo_1181,1,0.999931
bilstm_finetuned,strip,template,13,test_lookalike_3+norm,bongo_1185,1,0.060482
bilstm_finetuned,strip,template,13,test_lookalike_3+norm,bongo_1194,0,0.000497
bilstm_finetuned,strip,template,13,test_lookalike_3+norm,bongo_1195,1,0.293153
bilstm_finetuned,strip,template,13,test_lookalike_3+norm,bongo_1198,0,0.000064
bilstm_finetuned,strip,template,13,test_lookalike_3+norm,bongo_1204,1,0.015677
bilstm_finetuned,strip,template,13,test_lookalike_3+norm,bongo_1220,1,0.999991
bilstm_finetuned,strip,template,13,test_lookalike_3+norm,bongo_1233,1,0.999994
bilstm_finetuned,strip,template,13,test_lookalike_3+norm,bongo_1236,0,0.000040
bilstm_finetuned,strip,template,13,test_lookalike_3+norm,bongo_1240,1,0.061632
bilstm_finetuned,strip,template,13,test_lookalike_3+norm,bongo_1244,0,0.000019
bilstm_finetuned,strip,template,13,test_lookalike_3+norm,bongo_1249,0,0.000009
bilstm_finetuned,strip,template,13,test_lookalike_3+norm,bongo_1253,0,0.000047
bilstm_finetuned,strip,template,13,test_lookalike_3+norm,bongo_1260,0,0.000025
bilstm_finetuned,strip,template,13,test_lookalike_3+norm,bongo_1262,0,0.000033
bilstm_finetuned,strip,template,13,test_lookalike_3+norm,bongo_1278,1,0.116848
bilstm_finetuned,strip,template,13,test_lookalike_3+norm,bongo_1285,0,0.000022
bilstm_finetuned,strip,template,13,test_lookalike_3+norm,bongo_1293,1,0.999987
bilstm_finetuned,strip,template,13,test_lookalike_3+norm,bongo_1316,0,0.000063
bilstm_finetuned,strip,template,13,test_lookalike_3+norm,bongo_1327,1,0.015620
bilstm_finetuned,strip,template,13,test_lookalike_3+norm,bongo_1330,0,0.046217
bilstm_finetuned,strip,template,13,test_lookalike_3+norm,bongo_1359,0,0.000111
bilstm_finetuned,strip,template,13,test_lookalike_3+norm,bongo_1375,0,0.000035
bilstm_finetuned,strip,template,13,test_lookalike_all+norm,bongo_0025,1,0.999986
bilstm_finetuned,strip,template,13,test_lookalike_all+norm,bongo_0029,0,0.024916
bilstm_finetuned,strip,template,13,test_lookalike_all+norm,bongo_0039,1,0.999991
bilstm_finetuned,strip,template,13,test_lookalike_all+norm,bongo_0047,1,0.999977
bilstm_finetuned,strip,template,13,test_lookalike_all+norm,bongo_0053,0,0.000037
bilstm_finetuned,strip,template,13,test_lookalike_all+norm,bongo_0055,1,0.015799
bilstm_finetuned,strip,template,13,test_lookalike_all+norm,bongo_0061,1,0.999593
bilstm_finetuned,strip,template,13,test_lookalike_all+norm,bongo_0097,0,0.000402
bilstm_finetuned,strip,template,13,test_lookalike_all+norm,bongo_0107,0,0.000016
bilstm_finetuned,strip,template,13,test_lookalike_all+norm,bongo_0110,0,0.000012
bilstm_finetuned,strip,template,13,test_lookalike_all+norm,bongo_0112,1,0.158828
bilstm_finetuned,strip,template,13,test_lookalike_all+norm,bongo_0115,0,0.000422
bilstm_finetuned,strip,template,13,test_lookalike_all+norm,bongo_0143,0,0.000057
bilstm_finetuned,strip,template,13,test_lookalike_all+norm,bongo_0146,1,0.999989
bilstm_finetuned,strip,template,13,test_lookalike_all+norm,bongo_0154,1,0.999981
bilstm_finetuned,strip,template,13,test_lookalike_all+norm,bongo_0159,1,0.015670
bilstm_finetuned,strip,template,13,test_lookalike_all+norm,bongo_0160,0,0.000022
bilstm_finetuned,strip,template,13,test_lookalike_all+norm,bongo_0172,0,0.240197
bilstm_finetuned,strip,template,13,test_lookalike_all+norm,bongo_0173,1,0.112209
bilstm_finetuned,strip,template,13,test_lookalike_all+norm,bongo_0175,0,0.000021
bilstm_finetuned,strip,template,13,test_lookalike_all+norm,bongo_0182,0,0.000009
bilstm_finetuned,strip,template,13,test_lookalike_all+norm,bongo_0195,1,0.999879
bilstm_finetuned,strip,template,13,test_lookalike_all+norm,bongo_0197,0,0.000031
bilstm_finetuned,strip,template,13,test_lookalike_all+norm,bongo_0201,1,0.999991
bilstm_finetuned,strip,template,13,test_lookalike_all+norm,bongo_0203,1,0.999984
bilstm_finetuned,strip,template,13,test_lookalike_all+norm,bongo_0250,1,0.015670
bilstm_finetuned,strip,template,13,test_lookalike_all+norm,bongo_0253,0,0.000044
bilstm_finetuned,strip,template,13,test_lookalike_all+norm,bongo_0255,1,0.061632
bilstm_finetuned,strip,template,13,test_lookalike_all+norm,bongo_0265,1,0.114116
bilstm_finetuned,strip,template,13,test_lookalike_all+norm,bongo_0271,0,0.000028
bilstm_finetuned,strip,template,13,test_lookalike_all+norm,bongo_0300,0,0.000029
bilstm_finetuned,strip,template,13,test_lookalike_all+norm,bongo_0306,0,0.000039
bilstm_finetuned,strip,template,13,test_lookalike_all+norm,bongo_0356,1,0.158936
bilstm_finetuned,strip,template,13,test_lookalike_all+norm,bongo_0360,1,0.999972
bilstm_finetuned,strip,template,13,test_lookalike_all+norm,bongo_0361,1,0.999984
bilstm_finetuned,strip,template,13,test_lookalike_all+norm,bongo_0363,0,0.000029
bilstm_finetuned,strip,template,13,test_lookalike_all+norm,bongo_0368,0,0.000151
bilstm_finetuned,strip,template,13,test_lookalike_all+norm,bongo_0372,0,0.000041
bilstm_finetuned,strip,template,13,test_lookalike_all+norm,bongo_0380,1,0.060688
bilstm_finetuned,strip,template,13,test_lookalike_all+norm,bongo_0389,0,0.000026
bilstm_finetuned,strip,template,13,test_lookalike_all+norm,bongo_0395,0,0.000519
bilstm_finetuned,strip,template,13,test_lookalike_all+norm,bongo_0405,1,0.999888
bilstm_finetuned,strip,template,13,test_lookalike_all+norm,bongo_0424,1,0.999991
bilstm_finetuned,strip,template,13,test_lookalike_all+norm,bongo_0427,0,0.000363
bilstm_finetuned,strip,template,13,test_lookalike_all+norm,bongo_0434,1,0.015642
bilstm_finetuned,strip,template,13,test_lookalike_all+norm,bongo_0463,0,0.000253
bilstm_finetuned,strip,template,13,test_lookalike_all+norm,bongo_0476,1,0.999935
bilstm_finetuned,strip,template,13,test_lookalike_all+norm,bongo_0510,1,0.999990
bilstm_finetuned,strip,template,13,test_lookalike_all+norm,bongo_0531,0,0.000083
bilstm_finetuned,strip,template,13,test_lookalike_all+norm,bongo_0542,0,0.000019
bilstm_finetuned,strip,template,13,test_lookalike_all+norm,bongo_0545,0,0.000022
bilstm_finetuned,strip,template,13,test_lookalike_all+norm,bongo_0560,1,0.999946
bilstm_finetuned,strip,template,13,test_lookalike_all+norm,bongo_0565,1,0.295531
bilstm_finetuned,strip,template,13,test_lookalike_all+norm,bongo_0566,1,0.999994
bilstm_finetuned,strip,template,13,test_lookalike_all+norm,bongo_0571,0,0.000022
bilstm_finetuned,strip,template,13,test_lookalike_all+norm,bongo_0577,1,0.999893
bilstm_finetuned,strip,template,13,test_lookalike_all+norm,bongo_0580,1,0.999920
bilstm_finetuned,strip,template,13,test_lookalike_all+norm,bongo_0621,1,0.999867
bilstm_finetuned,strip,template,13,test_lookalike_all+norm,bongo_0624,1,0.999985
bilstm_finetuned,strip,template,13,test_lookalike_all+norm,bongo_0630,0,0.000086
bilstm_finetuned,strip,template,13,test_lookalike_all+norm,bongo_0638,1,0.999989
bilstm_finetuned,strip,template,13,test_lookalike_all+norm,bongo_0648,0,0.004569
bilstm_finetuned,strip,template,13,test_lookalike_all+norm,bongo_0674,0,0.000016
bilstm_finetuned,strip,template,13,test_lookalike_all+norm,bongo_0685,0,0.009332
bilstm_finetuned,strip,template,13,test_lookalike_all+norm,bongo_0697,1,0.293673
bilstm_finetuned,strip,template,13,test_lookalike_all+norm,bongo_0701,0,0.000023
bilstm_finetuned,strip,template,13,test_lookalike_all+norm,bongo_0706,1,0.158584
bilstm_finetuned,strip,template,13,test_lookalike_all+norm,bongo_0719,1,0.060649
bilstm_finetuned,strip,template,13,test_lookalike_all+norm,bongo_0721,1,0.999969
bilstm_finetuned,strip,template,13,test_lookalike_all+norm,bongo_0724,1,0.297105
bilstm_finetuned,strip,template,13,test_lookalike_all+norm,bongo_0729,1,0.999893
bilstm_finetuned,strip,template,13,test_lookalike_all+norm,bongo_0741,0,0.000022
bilstm_finetuned,strip,template,13,test_lookalike_all+norm,bongo_0749,1,0.115142
bilstm_finetuned,strip,template,13,test_lookalike_all+norm,bongo_0769,1,0.999982
bilstm_finetuned,strip,template,13,test_lookalike_all+norm,bongo_0770,1,0.015642
bilstm_finetuned,strip,template,13,test_lookalike_all+norm,bongo_0778,1,0.114960
bilstm_finetuned,strip,template,13,test_lookalike_all+norm,bongo_0787,1,0.999974
bilstm_finetuned,strip,template,13,test_lookalike_all+norm,bongo_0795,0,0.000104
bilstm_finetuned,strip,template,13,test_lookalike_all+norm,bongo_0806,1,0.297104
bilstm_finetuned,strip,template,13,test_lookalike_all+norm,bongo_0807,1,0.999989
bilstm_finetuned,strip,template,13,test_lookalike_all+norm,bongo_0818,0,0.002218
bilstm_finetuned,strip,template,13,test_lookalike_all+norm,bongo_0819,0,0.000090
bilstm_finetuned,strip,template,13,test_lookalike_all+norm,bongo_0835,0,0.000019
bilstm_finetuned,strip,template,13,test_lookalike_all+norm,bongo_0840,1,0.999974
bilstm_finetuned,strip,template,13,test_lookalike_all+norm,bongo_0855,1,0.293540
bilstm_finetuned,strip,template,13,test_lookalike_all+norm,bongo_0856,0,0.000047
bilstm_finetuned,strip,template,13,test_lookalike_all+norm,bongo_0864,1,0.999991
bilstm_finetuned,strip,template,13,test_lookalike_all+norm,bongo_0871,1,0.999985
bilstm_finetuned,strip,template,13,test_lookalike_all+norm,bongo_0872,0,0.004886
bilstm_finetuned,strip,template,13,test_lookalike_all+norm,bongo_0904,0,0.000118
bilstm_finetuned,strip,template,13,test_lookalike_all+norm,bongo_0905,1,0.999991
bilstm_finetuned,strip,template,13,test_lookalike_all+norm,bongo_0909,1,0.999868
bilstm_finetuned,strip,template,13,test_lookalike_all+norm,bongo_0917,1,0.016091
bilstm_finetuned,strip,template,13,test_lookalike_all+norm,bongo_0918,1,0.999902
bilstm_finetuned,strip,template,13,test_lookalike_all+norm,bongo_0950,0,0.000025
bilstm_finetuned,strip,template,13,test_lookalike_all+norm,bongo_0955,1,0.999988
bilstm_finetuned,strip,template,13,test_lookalike_all+norm,bongo_0956,0,0.000021
bilstm_finetuned,strip,template,13,test_lookalike_all+norm,bongo_0971,0,0.000025
bilstm_finetuned,strip,template,13,test_lookalike_all+norm,bongo_0983,0,0.000063
bilstm_finetuned,strip,template,13,test_lookalike_all+norm,bongo_0989,1,0.999985
bilstm_finetuned,strip,template,13,test_lookalike_all+norm,bongo_0994,0,0.000081
bilstm_finetuned,strip,template,13,test_lookalike_all+norm,bongo_1003,1,0.999946
bilstm_finetuned,strip,template,13,test_lookalike_all+norm,bongo_1006,0,0.000028
bilstm_finetuned,strip,template,13,test_lookalike_all+norm,bongo_1012,1,0.119016
bilstm_finetuned,strip,template,13,test_lookalike_all+norm,bongo_1015,0,0.000012
bilstm_finetuned,strip,template,13,test_lookalike_all+norm,bongo_1022,1,0.061150
bilstm_finetuned,strip,template,13,test_lookalike_all+norm,bongo_1037,0,0.000038
bilstm_finetuned,strip,template,13,test_lookalike_all+norm,bongo_1040,0,0.000035
bilstm_finetuned,strip,template,13,test_lookalike_all+norm,bongo_1042,1,0.999934
bilstm_finetuned,strip,template,13,test_lookalike_all+norm,bongo_1047,1,0.999991
bilstm_finetuned,strip,template,13,test_lookalike_all+norm,bongo_1050,0,0.000022
bilstm_finetuned,strip,template,13,test_lookalike_all+norm,bongo_1052,1,0.999989
bilstm_finetuned,strip,template,13,test_lookalike_all+norm,bongo_1059,0,0.000019
bilstm_finetuned,strip,template,13,test_lookalike_all+norm,bongo_1071,0,0.000027
bilstm_finetuned,strip,template,13,test_lookalike_all+norm,bongo_1090,0,0.000014
bilstm_finetuned,strip,template,13,test_lookalike_all+norm,bongo_1104,1,0.999988
bilstm_finetuned,strip,template,13,test_lookalike_all+norm,bongo_1115,0,0.000006
bilstm_finetuned,strip,template,13,test_lookalike_all+norm,bongo_1123,0,0.000026
bilstm_finetuned,strip,template,13,test_lookalike_all+norm,bongo_1125,0,0.001677
bilstm_finetuned,strip,template,13,test_lookalike_all+norm,bongo_1127,1,0.113137
bilstm_finetuned,strip,template,13,test_lookalike_all+norm,bongo_1131,1,0.999989
bilstm_finetuned,strip,template,13,test_lookalike_all+norm,bongo_1134,1,0.161070
bilstm_finetuned,strip,template,13,test_lookalike_all+norm,bongo_1135,0,0.006338
bilstm_finetuned,strip,template,13,test_lookalike_all+norm,bongo_1136,1,0.999984
bilstm_finetuned,strip,template,13,test_lookalike_all+norm,bongo_1138,1,0.999991
bilstm_finetuned,strip,template,13,test_lookalike_all+norm,bongo_1140,1,0.999882
bilstm_finetuned,strip,template,13,test_lookalike_all+norm,bongo_1154,1,0.999988
bilstm_finetuned,strip,template,13,test_lookalike_all+norm,bongo_1155,0,0.000024
bilstm_finetuned,strip,template,13,test_lookalike_all+norm,bongo_1171,1,0.999988
bilstm_finetuned,strip,template,13,test_lookalike_all+norm,bongo_1181,1,0.999931
bilstm_finetuned,strip,template,13,test_lookalike_all+norm,bongo_1185,1,0.060482
bilstm_finetuned,strip,template,13,test_lookalike_all+norm,bongo_1194,0,0.000497
bilstm_finetuned,strip,template,13,test_lookalike_all+norm,bongo_1195,1,0.295222
bilstm_finetuned,strip,template,13,test_lookalike_all+norm,bongo_1198,0,0.000064
bilstm_finetuned,strip,template,13,test_lookalike_all+norm,bongo_1204,1,0.015677
bilstm_finetuned,strip,template,13,test_lookalike_all+norm,bongo_1220,1,0.999991
bilstm_finetuned,strip,template,13,test_lookalike_all+norm,bongo_1233,1,0.999994
bilstm_finetuned,strip,template,13,test_lookalike_all+norm,bongo_1236,0,0.000040
bilstm_finetuned,strip,template,13,test_lookalike_all+norm,bongo_1240,1,0.061632
bilstm_finetuned,strip,template,13,test_lookalike_all+norm,bongo_1244,0,0.000019
bilstm_finetuned,strip,template,13,test_lookalike_all+norm,bongo_1249,0,0.000009
bilstm_finetuned,strip,template,13,test_lookalike_all+norm,bongo_1253,0,0.000047
bilstm_finetuned,strip,template,13,test_lookalike_all+norm,bongo_1260,0,0.000025
bilstm_finetuned,strip,template,13,test_lookalike_all+norm,bongo_1262,0,0.000033
bilstm_finetuned,strip,template,13,test_lookalike_all+norm,bongo_1278,1,0.116848
bilstm_finetuned,strip,template,13,test_lookalike_all+norm,bongo_1285,0,0.000022
bilstm_finetuned,strip,template,13,test_lookalike_all+norm,bongo_1293,1,0.999987
bilstm_finetuned,strip,template,13,test_lookalike_all+norm,bongo_1316,0,0.000063
bilstm_finetuned,strip,template,13,test_lookalike_all+norm,bongo_1327,1,0.015620
bilstm_finetuned,strip,template,13,test_lookalike_all+norm,bongo_1330,0,0.046217
bilstm_finetuned,strip,template,13,test_lookalike_all+norm,bongo_1359,0,0.000111
bilstm_finetuned,strip,template,13,test_lookalike_all+norm,bongo_1375,0,0.000035
bilstm_finetuned,strip,template,13,test_structural_1+norm,bongo_0025,1,0.999984
bilstm_finetuned,strip,template,13,test_structural_1+norm,bongo_0029,0,0.024916
bilstm_finetuned,strip,template,13,test_structural_1+norm,bongo_0039,1,0.999991
bilstm_finetuned,strip,template,13,test_structural_1+norm,bongo_0047,1,0.999977
bilstm_finetuned,strip,template,13,test_structural_1+norm,bongo_0053,0,0.000037
bilstm_finetuned,strip,template,13,test_structural_1+norm,bongo_0055,1,0.015642
bilstm_finetuned,strip,template,13,test_structural_1+norm,bongo_0061,1,0.999593
bilstm_finetuned,strip,template,13,test_structural_1+norm,bongo_0097,0,0.000402
bilstm_finetuned,strip,template,13,test_structural_1+norm,bongo_0107,0,0.000016
bilstm_finetuned,strip,template,13,test_structural_1+norm,bongo_0110,0,0.000012
bilstm_finetuned,strip,template,13,test_structural_1+norm,bongo_0112,1,0.164643
bilstm_finetuned,strip,template,13,test_structural_1+norm,bongo_0115,0,0.000422
bilstm_finetuned,strip,template,13,test_structural_1+norm,bongo_0143,0,0.000057
bilstm_finetuned,strip,template,13,test_structural_1+norm,bongo_0146,1,0.999989
bilstm_finetuned,strip,template,13,test_structural_1+norm,bongo_0154,1,0.999981
bilstm_finetuned,strip,template,13,test_structural_1+norm,bongo_0159,1,0.015670
bilstm_finetuned,strip,template,13,test_structural_1+norm,bongo_0160,0,0.000022
bilstm_finetuned,strip,template,13,test_structural_1+norm,bongo_0172,0,0.240197
bilstm_finetuned,strip,template,13,test_structural_1+norm,bongo_0173,1,0.112209
bilstm_finetuned,strip,template,13,test_structural_1+norm,bongo_0175,0,0.000021
bilstm_finetuned,strip,template,13,test_structural_1+norm,bongo_0182,0,0.000009
bilstm_finetuned,strip,template,13,test_structural_1+norm,bongo_0195,1,0.999919
bilstm_finetuned,strip,template,13,test_structural_1+norm,bongo_0197,0,0.000031
bilstm_finetuned,strip,template,13,test_structural_1+norm,bongo_0201,1,0.999992
bilstm_finetuned,strip,template,13,test_structural_1+norm,bongo_0203,1,0.999984
bilstm_finetuned,strip,template,13,test_structural_1+norm,bongo_0250,1,0.015670
bilstm_finetuned,strip,template,13,test_structural_1+norm,bongo_0253,0,0.000044
bilstm_finetuned,strip,template,13,test_structural_1+norm,bongo_0255,1,0.061632
bilstm_finetuned,strip,template,13,test_structural_1+norm,bongo_0265,1,0.114116
bilstm_finetuned,strip,template,13,test_structural_1+norm,bongo_0271,0,0.000028
bilstm_finetuned,strip,template,13,test_structural_1+norm,bongo_0300,0,0.000029
bilstm_finetuned,strip,template,13,test_structural_1+norm,bongo_0306,0,0.000039
bilstm_finetuned,strip,template,13,test_structural_1+norm,bongo_0356,1,0.158936
bilstm_finetuned,strip,template,13,test_structural_1+norm,bongo_0360,1,0.999974
bilstm_finetuned,strip,template,13,test_structural_1+norm,bongo_0361,1,0.999984
bilstm_finetuned,strip,template,13,test_structural_1+norm,bongo_0363,0,0.000029
bilstm_finetuned,strip,template,13,test_structural_1+norm,bongo_0368,0,0.000151
bilstm_finetuned,strip,template,13,test_structural_1+norm,bongo_0372,0,0.000041
bilstm_finetuned,strip,template,13,test_structural_1+norm,bongo_0380,1,0.060688
bilstm_finetuned,strip,template,13,test_structural_1+norm,bongo_0389,0,0.000026
bilstm_finetuned,strip,template,13,test_structural_1+norm,bongo_0395,0,0.000519
bilstm_finetuned,strip,template,13,test_structural_1+norm,bongo_0405,1,0.999888
bilstm_finetuned,strip,template,13,test_structural_1+norm,bongo_0424,1,0.999992
bilstm_finetuned,strip,template,13,test_structural_1+norm,bongo_0427,0,0.000363
bilstm_finetuned,strip,template,13,test_structural_1+norm,bongo_0434,1,0.015642
bilstm_finetuned,strip,template,13,test_structural_1+norm,bongo_0463,0,0.000253
bilstm_finetuned,strip,template,13,test_structural_1+norm,bongo_0476,1,0.999957
bilstm_finetuned,strip,template,13,test_structural_1+norm,bongo_0510,1,0.999990
bilstm_finetuned,strip,template,13,test_structural_1+norm,bongo_0531,0,0.000083
bilstm_finetuned,strip,template,13,test_structural_1+norm,bongo_0542,0,0.000019
bilstm_finetuned,strip,template,13,test_structural_1+norm,bongo_0545,0,0.000022
bilstm_finetuned,strip,template,13,test_structural_1+norm,bongo_0560,1,0.999946
bilstm_finetuned,strip,template,13,test_structural_1+norm,bongo_0565,1,0.293673
bilstm_finetuned,strip,template,13,test_structural_1+norm,bongo_0566,1,0.999994
bilstm_finetuned,strip,template,13,test_structural_1+norm,bongo_0571,0,0.000022
bilstm_finetuned,strip,template,13,test_structural_1+norm,bongo_0577,1,0.995743
bilstm_finetuned,strip,template,13,test_structural_1+norm,bongo_0580,1,0.999920
bilstm_finetuned,strip,template,13,test_structural_1+norm,bongo_0621,1,0.999867
bilstm_finetuned,strip,template,13,test_structural_1+norm,bongo_0624,1,0.999985
bilstm_finetuned,strip,template,13,test_structural_1+norm,bongo_0630,0,0.000086
bilstm_finetuned,strip,template,13,test_structural_1+norm,bongo_0638,1,0.999989
bilstm_finetuned,strip,template,13,test_structural_1+norm,bongo_0648,0,0.004569
bilstm_finetuned,strip,template,13,test_structural_1+norm,bongo_0674,0,0.000016
bilstm_finetuned,strip,template,13,test_structural_1+norm,bongo_0685,0,0.009332
bilstm_finetuned,strip,template,13,test_structural_1+norm,bongo_0697,1,0.293673
bilstm_finetuned,strip,template,13,test_structural_1+norm,bongo_0701,0,0.000023
bilstm_finetuned,strip,template,13,test_structural_1+norm,bongo_0706,1,0.158584
bilstm_finetuned,strip,template,13,test_structural_1+norm,bongo_0719,1,0.063203
bilstm_finetuned,strip,template,13,test_structural_1+norm,bongo_0721,1,0.999969
bilstm_finetuned,strip,template,13,test_structural_1+norm,bongo_0724,1,0.297105
bilstm_finetuned,strip,template,13,test_structural_1+norm,bongo_0729,1,0.999893
bilstm_finetuned,strip,template,13,test_structural_1+norm,bongo_0741,0,0.000022
bilstm_finetuned,strip,template,13,test_structural_1+norm,bongo_0749,1,0.119602
bilstm_finetuned,strip,template,13,test_structural_1+norm,bongo_0769,1,0.999982
bilstm_finetuned,strip,template,13,test_structural_1+norm,bongo_0770,1,0.015642
bilstm_finetuned,strip,template,13,test_structural_1+norm,bongo_0778,1,0.119066
bilstm_finetuned,strip,template,13,test_structural_1+norm,bongo_0787,1,0.999974
bilstm_finetuned,strip,template,13,test_structural_1+norm,bongo_0795,0,0.000104
bilstm_finetuned,strip,template,13,test_structural_1+norm,bongo_0806,1,0.297104
bilstm_finetuned,strip,template,13,test_structural_1+norm,bongo_0807,1,0.999989
bilstm_finetuned,strip,template,13,test_structural_1+norm,bongo_0818,0,0.002218
bilstm_finetuned,strip,template,13,test_structural_1+norm,bongo_0819,0,0.000090
bilstm_finetuned,strip,template,13,test_structural_1+norm,bongo_0835,0,0.000019
bilstm_finetuned,strip,template,13,test_structural_1+norm,bongo_0840,1,0.999974
bilstm_finetuned,strip,template,13,test_structural_1+norm,bongo_0855,1,0.293540
bilstm_finetuned,strip,template,13,test_structural_1+norm,bongo_0856,0,0.000047
bilstm_finetuned,strip,template,13,test_structural_1+norm,bongo_0864,1,0.999991
bilstm_finetuned,strip,template,13,test_structural_1+norm,bongo_0871,1,0.999980
bilstm_finetuned,strip,template,13,test_structural_1+norm,bongo_0872,0,0.004886
bilstm_finetuned,strip,template,13,test_structural_1+norm,bongo_0904,0,0.000118
bilstm_finetuned,strip,template,13,test_structural_1+norm,bongo_0905,1,0.999991
bilstm_finetuned,strip,template,13,test_structural_1+norm,bongo_0909,1,0.999868
bilstm_finetuned,strip,template,13,test_structural_1+norm,bongo_0917,1,0.015338
bilstm_finetuned,strip,template,13,test_structural_1+norm,bongo_0918,1,0.999044
bilstm_finetuned,strip,template,13,test_structural_1+norm,bongo_0950,0,0.000025
bilstm_finetuned,strip,template,13,test_structural_1+norm,bongo_0955,1,0.999988
bilstm_finetuned,strip,template,13,test_structural_1+norm,bongo_0956,0,0.000021
bilstm_finetuned,strip,template,13,test_structural_1+norm,bongo_0971,0,0.000025
bilstm_finetuned,strip,template,13,test_structural_1+norm,bongo_0983,0,0.000063
bilstm_finetuned,strip,template,13,test_structural_1+norm,bongo_0989,1,0.999985
bilstm_finetuned,strip,template,13,test_structural_1+norm,bongo_0994,0,0.000081
bilstm_finetuned,strip,template,13,test_structural_1+norm,bongo_1003,1,0.999946
bilstm_finetuned,strip,template,13,test_structural_1+norm,bongo_1006,0,0.000028
bilstm_finetuned,strip,template,13,test_structural_1+norm,bongo_1012,1,0.115217
bilstm_finetuned,strip,template,13,test_structural_1+norm,bongo_1015,0,0.000012
bilstm_finetuned,strip,template,13,test_structural_1+norm,bongo_1022,1,0.060540
bilstm_finetuned,strip,template,13,test_structural_1+norm,bongo_1037,0,0.000038
bilstm_finetuned,strip,template,13,test_structural_1+norm,bongo_1040,0,0.000035
bilstm_finetuned,strip,template,13,test_structural_1+norm,bongo_1042,1,0.999778
bilstm_finetuned,strip,template,13,test_structural_1+norm,bongo_1047,1,0.999991
bilstm_finetuned,strip,template,13,test_structural_1+norm,bongo_1050,0,0.000022
bilstm_finetuned,strip,template,13,test_structural_1+norm,bongo_1052,1,0.999989
bilstm_finetuned,strip,template,13,test_structural_1+norm,bongo_1059,0,0.000019
bilstm_finetuned,strip,template,13,test_structural_1+norm,bongo_1071,0,0.000027
bilstm_finetuned,strip,template,13,test_structural_1+norm,bongo_1090,0,0.000014
bilstm_finetuned,strip,template,13,test_structural_1+norm,bongo_1104,1,0.999988
bilstm_finetuned,strip,template,13,test_structural_1+norm,bongo_1115,0,0.000006
bilstm_finetuned,strip,template,13,test_structural_1+norm,bongo_1123,0,0.000026
bilstm_finetuned,strip,template,13,test_structural_1+norm,bongo_1125,0,0.001677
bilstm_finetuned,strip,template,13,test_structural_1+norm,bongo_1127,1,0.116365
bilstm_finetuned,strip,template,13,test_structural_1+norm,bongo_1131,1,0.999989
bilstm_finetuned,strip,template,13,test_structural_1+norm,bongo_1134,1,0.161070
bilstm_finetuned,strip,template,13,test_structural_1+norm,bongo_1135,0,0.006338
bilstm_finetuned,strip,template,13,test_structural_1+norm,bongo_1136,1,0.999984
bilstm_finetuned,strip,template,13,test_structural_1+norm,bongo_1138,1,0.999991
bilstm_finetuned,strip,template,13,test_structural_1+norm,bongo_1140,1,0.999882
bilstm_finetuned,strip,template,13,test_structural_1+norm,bongo_1154,1,0.999988
bilstm_finetuned,strip,template,13,test_structural_1+norm,bongo_1155,0,0.000024
bilstm_finetuned,strip,template,13,test_structural_1+norm,bongo_1171,1,0.999988
bilstm_finetuned,strip,template,13,test_structural_1+norm,bongo_1181,1,0.999949
bilstm_finetuned,strip,template,13,test_structural_1+norm,bongo_1185,1,0.059915
bilstm_finetuned,strip,template,13,test_structural_1+norm,bongo_1194,0,0.000497
bilstm_finetuned,strip,template,13,test_structural_1+norm,bongo_1195,1,0.293153
bilstm_finetuned,strip,template,13,test_structural_1+norm,bongo_1198,0,0.000064
bilstm_finetuned,strip,template,13,test_structural_1+norm,bongo_1204,1,0.016492
bilstm_finetuned,strip,template,13,test_structural_1+norm,bongo_1220,1,0.999991
bilstm_finetuned,strip,template,13,test_structural_1+norm,bongo_1233,1,0.999994
bilstm_finetuned,strip,template,13,test_structural_1+norm,bongo_1236,0,0.000040
bilstm_finetuned,strip,template,13,test_structural_1+norm,bongo_1240,1,0.061632
bilstm_finetuned,strip,template,13,test_structural_1+norm,bongo_1244,0,0.000019
bilstm_finetuned,strip,template,13,test_structural_1+norm,bongo_1249,0,0.000009
bilstm_finetuned,strip,template,13,test_structural_1+norm,bongo_1253,0,0.000047
bilstm_finetuned,strip,template,13,test_structural_1+norm,bongo_1260,0,0.000025
bilstm_finetuned,strip,template,13,test_structural_1+norm,bongo_1262,0,0.000033
bilstm_finetuned,strip,template,13,test_structural_1+norm,bongo_1278,1,0.116848
bilstm_finetuned,strip,template,13,test_structural_1+norm,bongo_1285,0,0.000022
bilstm_finetuned,strip,template,13,test_structural_1+norm,bongo_1293,1,0.999987
bilstm_finetuned,strip,template,13,test_structural_1+norm,bongo_1316,0,0.000063
bilstm_finetuned,strip,template,13,test_structural_1+norm,bongo_1327,1,0.015620
bilstm_finetuned,strip,template,13,test_structural_1+norm,bongo_1330,0,0.046217
bilstm_finetuned,strip,template,13,test_structural_1+norm,bongo_1359,0,0.000111
bilstm_finetuned,strip,template,13,test_structural_1+norm,bongo_1375,0,0.000035
bilstm_finetuned,strip,template,13,test_structural_3+norm,bongo_0025,1,0.999924
bilstm_finetuned,strip,template,13,test_structural_3+norm,bongo_0029,0,0.024916
bilstm_finetuned,strip,template,13,test_structural_3+norm,bongo_0039,1,0.999990
bilstm_finetuned,strip,template,13,test_structural_3+norm,bongo_0047,1,0.999977
bilstm_finetuned,strip,template,13,test_structural_3+norm,bongo_0053,0,0.000037
bilstm_finetuned,strip,template,13,test_structural_3+norm,bongo_0055,1,0.015642
bilstm_finetuned,strip,template,13,test_structural_3+norm,bongo_0061,1,0.999713
bilstm_finetuned,strip,template,13,test_structural_3+norm,bongo_0097,0,0.000402
bilstm_finetuned,strip,template,13,test_structural_3+norm,bongo_0107,0,0.000016
bilstm_finetuned,strip,template,13,test_structural_3+norm,bongo_0110,0,0.000012
bilstm_finetuned,strip,template,13,test_structural_3+norm,bongo_0112,1,0.157937
bilstm_finetuned,strip,template,13,test_structural_3+norm,bongo_0115,0,0.000422
bilstm_finetuned,strip,template,13,test_structural_3+norm,bongo_0143,0,0.000057
bilstm_finetuned,strip,template,13,test_structural_3+norm,bongo_0146,1,0.999988
bilstm_finetuned,strip,template,13,test_structural_3+norm,bongo_0154,1,0.999705
bilstm_finetuned,strip,template,13,test_structural_3+norm,bongo_0159,1,0.016577
bilstm_finetuned,strip,template,13,test_structural_3+norm,bongo_0160,0,0.000022
bilstm_finetuned,strip,template,13,test_structural_3+norm,bongo_0172,0,0.240197
bilstm_finetuned,strip,template,13,test_structural_3+norm,bongo_0173,1,0.112209
bilstm_finetuned,strip,template,13,test_structural_3+norm,bongo_0175,0,0.000021
bilstm_finetuned,strip,template,13,test_structural_3+norm,bongo_0182,0,0.000009
bilstm_finetuned,strip,template,13,test_structural_3+norm,bongo_0195,1,0.999966
bilstm_finetuned,strip,template,13,test_structural_3+norm,bongo_0197,0,0.000031
bilstm_finetuned,strip,template,13,test_structural_3+norm,bongo_0201,1,0.999991
bilstm_finetuned,strip,template,13,test_structural_3+norm,bongo_0203,1,0.999982
bilstm_finetuned,strip,template,13,test_structural_3+norm,bongo_0250,1,0.015670
bilstm_finetuned,strip,template,13,test_structural_3+norm,bongo_0253,0,0.000044
bilstm_finetuned,strip,template,13,test_structural_3+norm,bongo_0255,1,0.050507
bilstm_finetuned,strip,template,13,test_structural_3+norm,bongo_0265,1,0.026837
bilstm_finetuned,strip,template,13,test_structural_3+norm,bongo_0271,0,0.000028
bilstm_finetuned,strip,template,13,test_structural_3+norm,bongo_0300,0,0.000029
bilstm_finetuned,strip,template,13,test_structural_3+norm,bongo_0306,0,0.000039
bilstm_finetuned,strip,template,13,test_structural_3+norm,bongo_0356,1,0.158936
bilstm_finetuned,strip,template,13,test_structural_3+norm,bongo_0360,1,0.999974
bilstm_finetuned,strip,template,13,test_structural_3+norm,bongo_0361,1,0.978550
bilstm_finetuned,strip,template,13,test_structural_3+norm,bongo_0363,0,0.000029
bilstm_finetuned,strip,template,13,test_structural_3+norm,bongo_0368,0,0.000151
bilstm_finetuned,strip,template,13,test_structural_3+norm,bongo_0372,0,0.000041
bilstm_finetuned,strip,template,13,test_structural_3+norm,bongo_0380,1,0.049182
bilstm_finetuned,strip,template,13,test_structural_3+norm,bongo_0389,0,0.000026
bilstm_finetuned,strip,template,13,test_structural_3+norm,bongo_0395,0,0.000519
bilstm_finetuned,strip,template,13,test_structural_3+norm,bongo_0405,1,0.096205
bilstm_finetuned,strip,template,13,test_structural_3+norm,bongo_0424,1,0.999992
bilstm_finetuned,strip,template,13,test_structural_3+norm,bongo_0427,0,0.000363
bilstm_finetuned,strip,template,13,test_structural_3+norm,bongo_0434,1,0.015642
bilstm_finetuned,strip,template,13,test_structural_3+norm,bongo_0463,0,0.000253
bilstm_finetuned,strip,template,13,test_structural_3+norm,bongo_0476,1,0.999938
bilstm_finetuned,strip,template,13,test_structural_3+norm,bongo_0510,1,0.999992
bilstm_finetuned,strip,template,13,test_structural_3+norm,bongo_0531,0,0.000083
bilstm_finetuned,strip,template,13,test_structural_3+norm,bongo_0542,0,0.000019
bilstm_finetuned,strip,template,13,test_structural_3+norm,bongo_0545,0,0.000022
bilstm_finetuned,strip,template,13,test_structural_3+norm,bongo_0560,1,0.999521
bilstm_finetuned,strip,template,13,test_structural_3+norm,bongo_0565,1,0.293861
bilstm_finetuned,strip,template,13,test_structural_3+norm,bongo_0566,1,0.999994
bilstm_finetuned,strip,template,13,test_structural_3+norm,bongo_0571,0,0.000022
bilstm_finetuned,strip,template,13,test_structural_3+norm,bongo_0577,1,0.999503
bilstm_finetuned,strip,template,13,test_structural_3+norm,bongo_0580,1,0.999920
bilstm_finetuned,strip,template,13,test_structural_3+norm,bongo_0621,1,0.399864
bilstm_finetuned,strip,template,13,test_structural_3+norm,bongo_0624,1,0.999981
bilstm_finetuned,strip,template,13,test_structural_3+norm,bongo_0630,0,0.000086
bilstm_finetuned,strip,template,13,test_structural_3+norm,bongo_0638,1,0.999989
bilstm_finetuned,strip,template,13,test_structural_3+norm,bongo_0648,0,0.004569
bilstm_finetuned,strip,template,13,test_structural_3+norm,bongo_0674,0,0.000016
bilstm_finetuned,strip,template,13,test_structural_3+norm,bongo_0685,0,0.009332
bilstm_finetuned,strip,template,13,test_structural_3+norm,bongo_0697,1,0.301344
bilstm_finetuned,strip,template,13,test_structural_3+norm,bongo_0701,0,0.000023
bilstm_finetuned,strip,template,13,test_structural_3+norm,bongo_0706,1,0.157689
bilstm_finetuned,strip,template,13,test_structural_3+norm,bongo_0719,1,0.060649
bilstm_finetuned,strip,template,13,test_structural_3+norm,bongo_0721,1,0.999983
bilstm_finetuned,strip,template,13,test_structural_3+norm,bongo_0724,1,0.300748
bilstm_finetuned,strip,template,13,test_structural_3+norm,bongo_0729,1,0.999875
bilstm_finetuned,strip,template,13,test_structural_3+norm,bongo_0741,0,0.000022
bilstm_finetuned,strip,template,13,test_structural_3+norm,bongo_0749,1,0.107960
bilstm_finetuned,strip,template,13,test_structural_3+norm,bongo_0769,1,0.999982
bilstm_finetuned,strip,template,13,test_structural_3+norm,bongo_0770,1,0.016488
bilstm_finetuned,strip,template,13,test_structural_3+norm,bongo_0778,1,0.107761
bilstm_finetuned,strip,template,13,test_structural_3+norm,bongo_0787,1,0.999974
bilstm_finetuned,strip,template,13,test_structural_3+norm,bongo_0795,0,0.000104
bilstm_finetuned,strip,template,13,test_structural_3+norm,bongo_0806,1,0.297114
bilstm_finetuned,strip,template,13,test_structural_3+norm,bongo_0807,1,0.999992
bilstm_finetuned,strip,template,13,test_structural_3+norm,bongo_0818,0,0.002218
bilstm_finetuned,strip,template,13,test_structural_3+norm,bongo_0819,0,0.000090
bilstm_finetuned,strip,template,13,test_structural_3+norm,bongo_0835,0,0.000019
bilstm_finetuned,strip,template,13,test_structural_3+norm,bongo_0840,1,0.999974
bilstm_finetuned,strip,template,13,test_structural_3+norm,bongo_0855,1,0.291866
bilstm_finetuned,strip,template,13,test_structural_3+norm,bongo_0856,0,0.000047
bilstm_finetuned,strip,template,13,test_structural_3+norm,bongo_0864,1,0.999991
bilstm_finetuned,strip,template,13,test_structural_3+norm,bongo_0871,1,0.999980
bilstm_finetuned,strip,template,13,test_structural_3+norm,bongo_0872,0,0.004886
bilstm_finetuned,strip,template,13,test_structural_3+norm,bongo_0904,0,0.000118
bilstm_finetuned,strip,template,13,test_structural_3+norm,bongo_0905,1,0.999987
bilstm_finetuned,strip,template,13,test_structural_3+norm,bongo_0909,1,0.999868
bilstm_finetuned,strip,template,13,test_structural_3+norm,bongo_0917,1,0.010813
bilstm_finetuned,strip,template,13,test_structural_3+norm,bongo_0918,1,0.999902
bilstm_finetuned,strip,template,13,test_structural_3+norm,bongo_0950,0,0.000025
bilstm_finetuned,strip,template,13,test_structural_3+norm,bongo_0955,1,0.999984
bilstm_finetuned,strip,template,13,test_structural_3+norm,bongo_0956,0,0.000021
bilstm_finetuned,strip,template,13,test_structural_3+norm,bongo_0971,0,0.000025
bilstm_finetuned,strip,template,13,test_structural_3+norm,bongo_0983,0,0.000063
bilstm_finetuned,strip,template,13,test_structural_3+norm,bongo_0989,1,0.999975
bilstm_finetuned,strip,template,13,test_structural_3+norm,bongo_0994,0,0.000081
bilstm_finetuned,strip,template,13,test_structural_3+norm,bongo_1003,1,0.999945
bilstm_finetuned,strip,template,13,test_structural_3+norm,bongo_1006,0,0.000028
bilstm_finetuned,strip,template,13,test_structural_3+norm,bongo_1012,1,0.115217
bilstm_finetuned,strip,template,13,test_structural_3+norm,bongo_1015,0,0.000012
bilstm_finetuned,strip,template,13,test_structural_3+norm,bongo_1022,1,0.062897
bilstm_finetuned,strip,template,13,test_structural_3+norm,bongo_1037,0,0.000038
bilstm_finetuned,strip,template,13,test_structural_3+norm,bongo_1040,0,0.000035
bilstm_finetuned,strip,template,13,test_structural_3+norm,bongo_1042,1,0.999934
bilstm_finetuned,strip,template,13,test_structural_3+norm,bongo_1047,1,0.999991
bilstm_finetuned,strip,template,13,test_structural_3+norm,bongo_1050,0,0.000022
bilstm_finetuned,strip,template,13,test_structural_3+norm,bongo_1052,1,0.999989
bilstm_finetuned,strip,template,13,test_structural_3+norm,bongo_1059,0,0.000019
bilstm_finetuned,strip,template,13,test_structural_3+norm,bongo_1071,0,0.000027
bilstm_finetuned,strip,template,13,test_structural_3+norm,bongo_1090,0,0.000014
bilstm_finetuned,strip,template,13,test_structural_3+norm,bongo_1104,1,0.999988
bilstm_finetuned,strip,template,13,test_structural_3+norm,bongo_1115,0,0.000006
bilstm_finetuned,strip,template,13,test_structural_3+norm,bongo_1123,0,0.000026
bilstm_finetuned,strip,template,13,test_structural_3+norm,bongo_1125,0,0.001677
bilstm_finetuned,strip,template,13,test_structural_3+norm,bongo_1127,1,0.111988
bilstm_finetuned,strip,template,13,test_structural_3+norm,bongo_1131,1,0.587180
bilstm_finetuned,strip,template,13,test_structural_3+norm,bongo_1134,1,0.159727
bilstm_finetuned,strip,template,13,test_structural_3+norm,bongo_1135,0,0.006338
bilstm_finetuned,strip,template,13,test_structural_3+norm,bongo_1136,1,0.999984
bilstm_finetuned,strip,template,13,test_structural_3+norm,bongo_1138,1,0.999987
bilstm_finetuned,strip,template,13,test_structural_3+norm,bongo_1140,1,0.999882
bilstm_finetuned,strip,template,13,test_structural_3+norm,bongo_1154,1,0.999988
bilstm_finetuned,strip,template,13,test_structural_3+norm,bongo_1155,0,0.000024
bilstm_finetuned,strip,template,13,test_structural_3+norm,bongo_1171,1,0.999988
bilstm_finetuned,strip,template,13,test_structural_3+norm,bongo_1181,1,0.999944
bilstm_finetuned,strip,template,13,test_structural_3+norm,bongo_1185,1,0.048861
bilstm_finetuned,strip,template,13,test_structural_3+norm,bongo_1194,0,0.000497
bilstm_finetuned,strip,template,13,test_structural_3+norm,bongo_1195,1,0.293153
bilstm_finetuned,strip,template,13,test_structural_3+norm,bongo_1198,0,0.000064
bilstm_finetuned,strip,template,13,test_structural_3+norm,bongo_1204,1,0.014932
bilstm_finetuned,strip,template,13,test_structural_3+norm,bongo_1220,1,0.999991
bilstm_finetuned,strip,template,13,test_structural_3+norm,bongo_1233,1,0.999994
bilstm_finetuned,strip,template,13,test_structural_3+norm,bongo_1236,0,0.000040
bilstm_finetuned,strip,template,13,test_structural_3+norm,bongo_1240,1,0.050796
bilstm_finetuned,strip,template,13,test_structural_3+norm,bongo_1244,0,0.000019
bilstm_finetuned,strip,template,13,test_structural_3+norm,bongo_1249,0,0.000009
bilstm_finetuned,strip,template,13,test_structural_3+norm,bongo_1253,0,0.000047
bilstm_finetuned,strip,template,13,test_structural_3+norm,bongo_1260,0,0.000025
bilstm_finetuned,strip,template,13,test_structural_3+norm,bongo_1262,0,0.000033
bilstm_finetuned,strip,template,13,test_structural_3+norm,bongo_1278,1,0.115583
bilstm_finetuned,strip,template,13,test_structural_3+norm,bongo_1285,0,0.000022
bilstm_finetuned,strip,template,13,test_structural_3+norm,bongo_1293,1,0.999986
bilstm_finetuned,strip,template,13,test_structural_3+norm,bongo_1316,0,0.000063
bilstm_finetuned,strip,template,13,test_structural_3+norm,bongo_1327,1,0.011686
bilstm_finetuned,strip,template,13,test_structural_3+norm,bongo_1330,0,0.046217
bilstm_finetuned,strip,template,13,test_structural_3+norm,bongo_1359,0,0.000111
bilstm_finetuned,strip,template,13,test_structural_3+norm,bongo_1375,0,0.000035
bilstm_finetuned,strip,template,13,test_structural_all+norm,bongo_0025,1,0.999967
bilstm_finetuned,strip,template,13,test_structural_all+norm,bongo_0029,0,0.024916
bilstm_finetuned,strip,template,13,test_structural_all+norm,bongo_0039,1,0.988781
bilstm_finetuned,strip,template,13,test_structural_all+norm,bongo_0047,1,0.999831
bilstm_finetuned,strip,template,13,test_structural_all+norm,bongo_0053,0,0.000037
bilstm_finetuned,strip,template,13,test_structural_all+norm,bongo_0055,1,0.008350
bilstm_finetuned,strip,template,13,test_structural_all+norm,bongo_0061,1,0.999163
bilstm_finetuned,strip,template,13,test_structural_all+norm,bongo_0097,0,0.000402
bilstm_finetuned,strip,template,13,test_structural_all+norm,bongo_0107,0,0.000016
bilstm_finetuned,strip,template,13,test_structural_all+norm,bongo_0110,0,0.000012
bilstm_finetuned,strip,template,13,test_structural_all+norm,bongo_0112,1,0.160705
bilstm_finetuned,strip,template,13,test_structural_all+norm,bongo_0115,0,0.000422
bilstm_finetuned,strip,template,13,test_structural_all+norm,bongo_0143,0,0.000057
bilstm_finetuned,strip,template,13,test_structural_all+norm,bongo_0146,1,0.783401
bilstm_finetuned,strip,template,13,test_structural_all+norm,bongo_0154,1,0.999936
bilstm_finetuned,strip,template,13,test_structural_all+norm,bongo_0159,1,0.003146
bilstm_finetuned,strip,template,13,test_structural_all+norm,bongo_0160,0,0.000022
bilstm_finetuned,strip,template,13,test_structural_all+norm,bongo_0172,0,0.240197
bilstm_finetuned,strip,template,13,test_structural_all+norm,bongo_0173,1,0.001807
bilstm_finetuned,strip,template,13,test_structural_all+norm,bongo_0175,0,0.000021
bilstm_finetuned,strip,template,13,test_structural_all+norm,bongo_0182,0,0.000009
bilstm_finetuned,strip,template,13,test_structural_all+norm,bongo_0195,1,0.999973
bilstm_finetuned,strip,template,13,test_structural_all+norm,bongo_0197,0,0.000031
bilstm_finetuned,strip,template,13,test_structural_all+norm,bongo_0201,1,0.999978
bilstm_finetuned,strip,template,13,test_structural_all+norm,bongo_0203,1,0.995636
bilstm_finetuned,strip,template,13,test_structural_all+norm,bongo_0250,1,0.007896
bilstm_finetuned,strip,template,13,test_structural_all+norm,bongo_0253,0,0.000044
bilstm_finetuned,strip,template,13,test_structural_all+norm,bongo_0255,1,0.058439
bilstm_finetuned,strip,template,13,test_structural_all+norm,bongo_0265,1,0.067461
bilstm_finetuned,strip,template,13,test_structural_all+norm,bongo_0271,0,0.000028
bilstm_finetuned,strip,template,13,test_structural_all+norm,bongo_0300,0,0.000029
bilstm_finetuned,strip,template,13,test_structural_all+norm,bongo_0306,0,0.000039
bilstm_finetuned,strip,template,13,test_structural_all+norm,bongo_0356,1,0.186548
bilstm_finetuned,strip,template,13,test_structural_all+norm,bongo_0360,1,0.999963
bilstm_finetuned,strip,template,13,test_structural_all+norm,bongo_0361,1,0.991673
bilstm_finetuned,strip,template,13,test_structural_all+norm,bongo_0363,0,0.000029
bilstm_finetuned,strip,template,13,test_structural_all+norm,bongo_0368,0,0.000151
bilstm_finetuned,strip,template,13,test_structural_all+norm,bongo_0372,0,0.000041
bilstm_finetuned,strip,template,13,test_structural_all+norm,bongo_0380,1,0.037307
bilstm_finetuned,strip,template,13,test_structural_all+norm,bongo_0389,0,0.000026
bilstm_finetuned,strip,template,13,test_structural_all+norm,bongo_0395,0,0.000519
bilstm_finetuned,strip,template,13,test_structural_all+norm,bongo_0405,1,0.253323
bilstm_finetuned,strip,template,13,test_structural_all+norm,bongo_0424,1,0.999991
bilstm_finetuned,strip,template,13,test_structural_all+norm,bongo_0427,0,0.000363
bilstm_finetuned,strip,template,13,test_structural_all+norm,bongo_0434,1,0.005414
bilstm_finetuned,strip,template,13,test_structural_all+norm,bongo_0463,0,0.000253
bilstm_finetuned,strip,template,13,test_structural_all+norm,bongo_0476,1,0.999955
bilstm_finetuned,strip,template,13,test_structural_all+norm,bongo_0510,1,0.999943
bilstm_finetuned,strip,template,13,test_structural_all+norm,bongo_0531,0,0.000083
bilstm_finetuned,strip,template,13,test_structural_all+norm,bongo_0542,0,0.000019
bilstm_finetuned,strip,template,13,test_structural_all+norm,bongo_0545,0,0.000022
bilstm_finetuned,strip,template,13,test_structural_all+norm,bongo_0560,1,0.999940
bilstm_finetuned,strip,template,13,test_structural_all+norm,bongo_0565,1,0.000021
bilstm_finetuned,strip,template,13,test_structural_all+norm,bongo_0566,1,0.652626
bilstm_finetuned,strip,template,13,test_structural_all+norm,bongo_0571,0,0.000022
bilstm_finetuned,strip,template,13,test_structural_all+norm,bongo_0577,1,0.977515
bilstm_finetuned,strip,template,13,test_structural_all+norm,bongo_0580,1,0.999979
bilstm_finetuned,strip,template,13,test_structural_all+norm,bongo_0621,1,0.608897
bilstm_finetuned,strip,template,13,test_structural_all+norm,bongo_0624,1,0.985720
bilstm_finetuned,strip,template,13,test_structural_all+norm,bongo_0630,0,0.000086
bilstm_finetuned,strip,template,13,test_structural_all+norm,bongo_0638,1,0.002382
bilstm_finetuned,strip,template,13,test_structural_all+norm,bongo_0648,0,0.004569
bilstm_finetuned,strip,template,13,test_structural_all+norm,bongo_0674,0,0.000016
bilstm_finetuned,strip,template,13,test_structural_all+norm,bongo_0685,0,0.009332
bilstm_finetuned,strip,template,13,test_structural_all+norm,bongo_0697,1,0.000028
bilstm_finetuned,strip,template,13,test_structural_all+norm,bongo_0701,0,0.000023
bilstm_finetuned,strip,template,13,test_structural_all+norm,bongo_0706,1,0.000028
bilstm_finetuned,strip,template,13,test_structural_all+norm,bongo_0719,1,0.064041
bilstm_finetuned,strip,template,13,test_structural_all+norm,bongo_0721,1,0.026094
bilstm_finetuned,strip,template,13,test_structural_all+norm,bongo_0724,1,0.293942
bilstm_finetuned,strip,template,13,test_structural_all+norm,bongo_0729,1,0.999964
bilstm_finetuned,strip,template,13,test_structural_all+norm,bongo_0741,0,0.000022
bilstm_finetuned,strip,template,13,test_structural_all+norm,bongo_0749,1,0.081397
bilstm_finetuned,strip,template,13,test_structural_all+norm,bongo_0769,1,0.999914
bilstm_finetuned,strip,template,13,test_structural_all+norm,bongo_0770,1,0.002397
bilstm_finetuned,strip,template,13,test_structural_all+norm,bongo_0778,1,0.134021
bilstm_finetuned,strip,template,13,test_structural_all+norm,bongo_0787,1,0.998476
bilstm_finetuned,strip,template,13,test_structural_all+norm,bongo_0795,0,0.000104
bilstm_finetuned,strip,template,13,test_structural_all+norm,bongo_0806,1,0.000020
bilstm_finetuned,strip,template,13,test_structural_all+norm,bongo_0807,1,0.955982
bilstm_finetuned,strip,template,13,test_structural_all+norm,bongo_0818,0,0.002218
bilstm_finetuned,strip,template,13,test_structural_all+norm,bongo_0819,0,0.000090
bilstm_finetuned,strip,template,13,test_structural_all+norm,bongo_0835,0,0.000019
bilstm_finetuned,strip,template,13,test_structural_all+norm,bongo_0840,1,0.999963
bilstm_finetuned,strip,template,13,test_structural_all+norm,bongo_0855,1,0.000632
bilstm_finetuned,strip,template,13,test_structural_all+norm,bongo_0856,0,0.000047
bilstm_finetuned,strip,template,13,test_structural_all+norm,bongo_0864,1,0.988876
bilstm_finetuned,strip,template,13,test_structural_all+norm,bongo_0871,1,0.990945
bilstm_finetuned,strip,template,13,test_structural_all+norm,bongo_0872,0,0.004886
bilstm_finetuned,strip,template,13,test_structural_all+norm,bongo_0904,0,0.000118
bilstm_finetuned,strip,template,13,test_structural_all+norm,bongo_0905,1,0.999987
bilstm_finetuned,strip,template,13,test_structural_all+norm,bongo_0909,1,0.727835
bilstm_finetuned,strip,template,13,test_structural_all+norm,bongo_0917,1,0.003267
bilstm_finetuned,strip,template,13,test_structural_all+norm,bongo_0918,1,0.580848
bilstm_finetuned,strip,template,13,test_structural_all+norm,bongo_0950,0,0.000025
bilstm_finetuned,strip,template,13,test_structural_all+norm,bongo_0955,1,0.999990
bilstm_finetuned,strip,template,13,test_structural_all+norm,bongo_0956,0,0.000021
bilstm_finetuned,strip,template,13,test_structural_all+norm,bongo_0971,0,0.000025
bilstm_finetuned,strip,template,13,test_structural_all+norm,bongo_0983,0,0.000063
bilstm_finetuned,strip,template,13,test_structural_all+norm,bongo_0989,1,0.997062
bilstm_finetuned,strip,template,13,test_structural_all+norm,bongo_0994,0,0.000081
bilstm_finetuned,strip,template,13,test_structural_all+norm,bongo_1003,1,0.998526
bilstm_finetuned,strip,template,13,test_structural_all+norm,bongo_1006,0,0.000028
bilstm_finetuned,strip,template,13,test_structural_all+norm,bongo_1012,1,0.079272
bilstm_finetuned,strip,template,13,test_structural_all+norm,bongo_1015,0,0.000012
bilstm_finetuned,strip,template,13,test_structural_all+norm,bongo_1022,1,0.037673
bilstm_finetuned,strip,template,13,test_structural_all+norm,bongo_1037,0,0.000038
bilstm_finetuned,strip,template,13,test_structural_all+norm,bongo_1040,0,0.000035
bilstm_finetuned,strip,template,13,test_structural_all+norm,bongo_1042,1,0.504339
bilstm_finetuned,strip,template,13,test_structural_all+norm,bongo_1047,1,0.999975
bilstm_finetuned,strip,template,13,test_structural_all+norm,bongo_1050,0,0.000022
bilstm_finetuned,strip,template,13,test_structural_all+norm,bongo_1052,1,0.072694
bilstm_finetuned,strip,template,13,test_structural_all+norm,bongo_1059,0,0.000019
bilstm_finetuned,strip,template,13,test_structural_all+norm,bongo_1071,0,0.000027
bilstm_finetuned,strip,template,13,test_structural_all+norm,bongo_1090,0,0.000014
bilstm_finetuned,strip,template,13,test_structural_all+norm,bongo_1104,1,0.939183
bilstm_finetuned,strip,template,13,test_structural_all+norm,bongo_1115,0,0.000006
bilstm_finetuned,strip,template,13,test_structural_all+norm,bongo_1123,0,0.000026
bilstm_finetuned,strip,template,13,test_structural_all+norm,bongo_1125,0,0.001677
bilstm_finetuned,strip,template,13,test_structural_all+norm,bongo_1127,1,0.067213
bilstm_finetuned,strip,template,13,test_structural_all+norm,bongo_1131,1,0.587180
bilstm_finetuned,strip,template,13,test_structural_all+norm,bongo_1134,1,0.178361
bilstm_finetuned,strip,template,13,test_structural_all+norm,bongo_1135,0,0.006338
bilstm_finetuned,strip,template,13,test_structural_all+norm,bongo_1136,1,0.654280
bilstm_finetuned,strip,template,13,test_structural_all+norm,bongo_1138,1,0.989337
bilstm_finetuned,strip,template,13,test_structural_all+norm,bongo_1140,1,0.173138
bilstm_finetuned,strip,template,13,test_structural_all+norm,bongo_1154,1,0.014858
bilstm_finetuned,strip,template,13,test_structural_all+norm,bongo_1155,0,0.000024
bilstm_finetuned,strip,template,13,test_structural_all+norm,bongo_1171,1,0.926834
bilstm_finetuned,strip,template,13,test_structural_all+norm,bongo_1181,1,0.999955
bilstm_finetuned,strip,template,13,test_structural_all+norm,bongo_1185,1,0.000019
bilstm_finetuned,strip,template,13,test_structural_all+norm,bongo_1194,0,0.000497
bilstm_finetuned,strip,template,13,test_structural_all+norm,bongo_1195,1,0.004012
bilstm_finetuned,strip,template,13,test_structural_all+norm,bongo_1198,0,0.000064
bilstm_finetuned,strip,template,13,test_structural_all+norm,bongo_1204,1,0.001155
bilstm_finetuned,strip,template,13,test_structural_all+norm,bongo_1220,1,0.989600
bilstm_finetuned,strip,template,13,test_structural_all+norm,bongo_1233,1,0.981794
bilstm_finetuned,strip,template,13,test_structural_all+norm,bongo_1236,0,0.000040
bilstm_finetuned,strip,template,13,test_structural_all+norm,bongo_1240,1,0.079184
bilstm_finetuned,strip,template,13,test_structural_all+norm,bongo_1244,0,0.000019
bilstm_finetuned,strip,template,13,test_structural_all+norm,bongo_1249,0,0.000009
bilstm_finetuned,strip,template,13,test_structural_all+norm,bongo_1253,0,0.000047
bilstm_finetuned,strip,template,13,test_structural_all+norm,bongo_1260,0,0.000025
bilstm_finetuned,strip,template,13,test_structural_all+norm,bongo_1262,0,0.000033
bilstm_finetuned,strip,template,13,test_structural_all+norm,bongo_1278,1,0.000019
bilstm_finetuned,strip,template,13,test_structural_all+norm,bongo_1285,0,0.000022
bilstm_finetuned,strip,template,13,test_structural_all+norm,bongo_1293,1,0.531999
bilstm_finetuned,strip,template,13,test_structural_all+norm,bongo_1316,0,0.000063
bilstm_finetuned,strip,template,13,test_structural_all+norm,bongo_1327,1,0.001250
bilstm_finetuned,strip,template,13,test_structural_all+norm,bongo_1330,0,0.046217
bilstm_finetuned,strip,template,13,test_structural_all+norm,bongo_1359,0,0.000111
bilstm_finetuned,strip,template,13,test_structural_all+norm,bongo_1375,0,0.000035
bilstm_finetuned,strip,template,13,test_codeswitch_1+norm,bongo_0025,1,0.999985
bilstm_finetuned,strip,template,13,test_codeswitch_1+norm,bongo_0029,0,0.024916
bilstm_finetuned,strip,template,13,test_codeswitch_1+norm,bongo_0039,1,0.635727
bilstm_finetuned,strip,template,13,test_codeswitch_1+norm,bongo_0047,1,0.999977
bilstm_finetuned,strip,template,13,test_codeswitch_1+norm,bongo_0053,0,0.000037
bilstm_finetuned,strip,template,13,test_codeswitch_1+norm,bongo_0055,1,0.016090
bilstm_finetuned,strip,template,13,test_codeswitch_1+norm,bongo_0061,1,0.999593
bilstm_finetuned,strip,template,13,test_codeswitch_1+norm,bongo_0097,0,0.000402
bilstm_finetuned,strip,template,13,test_codeswitch_1+norm,bongo_0107,0,0.000016
bilstm_finetuned,strip,template,13,test_codeswitch_1+norm,bongo_0110,0,0.000012
bilstm_finetuned,strip,template,13,test_codeswitch_1+norm,bongo_0112,1,0.162543
bilstm_finetuned,strip,template,13,test_codeswitch_1+norm,bongo_0115,0,0.000422
bilstm_finetuned,strip,template,13,test_codeswitch_1+norm,bongo_0143,0,0.000057
bilstm_finetuned,strip,template,13,test_codeswitch_1+norm,bongo_0146,1,0.999988
bilstm_finetuned,strip,template,13,test_codeswitch_1+norm,bongo_0154,1,0.999981
bilstm_finetuned,strip,template,13,test_codeswitch_1+norm,bongo_0159,1,0.016088
bilstm_finetuned,strip,template,13,test_codeswitch_1+norm,bongo_0160,0,0.000022
bilstm_finetuned,strip,template,13,test_codeswitch_1+norm,bongo_0172,0,0.240197
bilstm_finetuned,strip,template,13,test_codeswitch_1+norm,bongo_0173,1,0.114982
bilstm_finetuned,strip,template,13,test_codeswitch_1+norm,bongo_0175,0,0.000021
bilstm_finetuned,strip,template,13,test_codeswitch_1+norm,bongo_0182,0,0.000009
bilstm_finetuned,strip,template,13,test_codeswitch_1+norm,bongo_0195,1,0.420586
bilstm_finetuned,strip,template,13,test_codeswitch_1+norm,bongo_0197,0,0.000031
bilstm_finetuned,strip,template,13,test_codeswitch_1+norm,bongo_0201,1,0.999988
bilstm_finetuned,strip,template,13,test_codeswitch_1+norm,bongo_0203,1,0.956067
bilstm_finetuned,strip,template,13,test_codeswitch_1+norm,bongo_0250,1,0.016088
bilstm_finetuned,strip,template,13,test_codeswitch_1+norm,bongo_0253,0,0.000044
bilstm_finetuned,strip,template,13,test_codeswitch_1+norm,bongo_0255,1,0.062807
bilstm_finetuned,strip,template,13,test_codeswitch_1+norm,bongo_0265,1,0.116098
bilstm_finetuned,strip,template,13,test_codeswitch_1+norm,bongo_0271,0,0.000028
bilstm_finetuned,strip,template,13,test_codeswitch_1+norm,bongo_0300,0,0.000029
bilstm_finetuned,strip,template,13,test_codeswitch_1+norm,bongo_0306,0,0.000039
bilstm_finetuned,strip,template,13,test_codeswitch_1+norm,bongo_0356,1,0.162735
bilstm_finetuned,strip,template,13,test_codeswitch_1+norm,bongo_0360,1,0.999974
bilstm_finetuned,strip,template,13,test_codeswitch_1+norm,bongo_0361,1,0.949244
bilstm_finetuned,strip,template,13,test_codeswitch_1+norm,bongo_0363,0,0.000029
bilstm_finetuned,strip,template,13,test_codeswitch_1+norm,bongo_0368,0,0.000151
bilstm_finetuned,strip,template,13,test_codeswitch_1+norm,bongo_0372,0,0.000041
bilstm_finetuned,strip,template,13,test_codeswitch_1+norm,bongo_0380,1,0.062307
bilstm_finetuned,strip,template,13,test_codeswitch_1+norm,bongo_0389,0,0.000026
bilstm_finetuned,strip,template,13,test_codeswitch_1+norm,bongo_0395,0,0.000519
bilstm_finetuned,strip,template,13,test_codeswitch_1+norm,bongo_0405,1,0.999316
bilstm_finetuned,strip,template,13,test_codeswitch_1+norm,bongo_0424,1,0.999988
bilstm_finetuned,strip,template,13,test_codeswitch_1+norm,bongo_0427,0,0.000363
bilstm_finetuned,strip,template,13,test_codeswitch_1+norm,bongo_0434,1,0.016090
bilstm_finetuned,strip,template,13,test_codeswitch_1+norm,bongo_0463,0,0.000253
bilstm_finetuned,strip,template,13,test_codeswitch_1+norm,bongo_0476,1,0.464797
bilstm_finetuned,strip,template,13,test_codeswitch_1+norm,bongo_0510,1,0.999990
bilstm_finetuned,strip,template,13,test_codeswitch_1+norm,bongo_0531,0,0.000083
bilstm_finetuned,strip,template,13,test_codeswitch_1+norm,bongo_0542,0,0.000019
bilstm_finetuned,strip,template,13,test_codeswitch_1+norm,bongo_0545,0,0.000022
bilstm_finetuned,strip,template,13,test_codeswitch_1+norm,bongo_0560,1,0.999945
bilstm_finetuned,strip,template,13,test_codeswitch_1+norm,bongo_0565,1,0.299313
bilstm_finetuned,strip,template,13,test_codeswitch_1+norm,bongo_0566,1,0.999994
bilstm_finetuned,strip,template,13,test_codeswitch_1+norm,bongo_0571,0,0.000022
bilstm_finetuned,strip,template,13,test_codeswitch_1+norm,bongo_0577,1,0.999703
bilstm_finetuned,strip,template,13,test_codeswitch_1+norm,bongo_0580,1,0.428079
bilstm_finetuned,strip,template,13,test_codeswitch_1+norm,bongo_0621,1,0.999879
bilstm_finetuned,strip,template,13,test_codeswitch_1+norm,bongo_0624,1,0.999977
bilstm_finetuned,strip,template,13,test_codeswitch_1+norm,bongo_0630,0,0.000086
bilstm_finetuned,strip,template,13,test_codeswitch_1+norm,bongo_0638,1,0.999987
bilstm_finetuned,strip,template,13,test_codeswitch_1+norm,bongo_0648,0,0.004569
bilstm_finetuned,strip,template,13,test_codeswitch_1+norm,bongo_0674,0,0.000016
bilstm_finetuned,strip,template,13,test_codeswitch_1+norm,bongo_0685,0,0.009332
bilstm_finetuned,strip,template,13,test_codeswitch_1+norm,bongo_0697,1,0.299313
bilstm_finetuned,strip,template,13,test_codeswitch_1+norm,bongo_0701,0,0.000023
bilstm_finetuned,strip,template,13,test_codeswitch_1+norm,bongo_0706,1,0.162579
bilstm_finetuned,strip,template,13,test_codeswitch_1+norm,bongo_0719,1,0.062236
bilstm_finetuned,strip,template,13,test_codeswitch_1+norm,bongo_0721,1,0.466380
bilstm_finetuned,strip,template,13,test_codeswitch_1+norm,bongo_0724,1,0.301071
bilstm_finetuned,strip,template,13,test_codeswitch_1+norm,bongo_0729,1,0.381344
bilstm_finetuned,strip,template,13,test_codeswitch_1+norm,bongo_0741,0,0.000022
bilstm_finetuned,strip,template,13,test_codeswitch_1+norm,bongo_0749,1,0.118021
bilstm_finetuned,strip,template,13,test_codeswitch_1+norm,bongo_0769,1,0.521201
bilstm_finetuned,strip,template,13,test_codeswitch_1+norm,bongo_0770,1,0.016090
bilstm_finetuned,strip,template,13,test_codeswitch_1+norm,bongo_0778,1,0.118049
bilstm_finetuned,strip,template,13,test_codeswitch_1+norm,bongo_0787,1,0.999974
bilstm_finetuned,strip,template,13,test_codeswitch_1+norm,bongo_0795,0,0.000104
bilstm_finetuned,strip,template,13,test_codeswitch_1+norm,bongo_0806,1,0.301071
bilstm_finetuned,strip,template,13,test_codeswitch_1+norm,bongo_0807,1,0.999989
bilstm_finetuned,strip,template,13,test_codeswitch_1+norm,bongo_0818,0,0.002218
bilstm_finetuned,strip,template,13,test_codeswitch_1+norm,bongo_0819,0,0.000090
bilstm_finetuned,strip,template,13,test_codeswitch_1+norm,bongo_0835,0,0.000019
bilstm_finetuned,strip,template,13,test_codeswitch_1+norm,bongo_0840,1,0.999974
bilstm_finetuned,strip,template,13,test_codeswitch_1+norm,bongo_0855,1,0.299029
bilstm_finetuned,strip,template,13,test_codeswitch_1+norm,bongo_0856,0,0.000047
bilstm_finetuned,strip,template,13,test_codeswitch_1+norm,bongo_0864,1,0.635912
bilstm_finetuned,strip,template,13,test_codeswitch_1+norm,bongo_0871,1,0.999976
bilstm_finetuned,strip,template,13,test_codeswitch_1+norm,bongo_0872,0,0.004886
bilstm_finetuned,strip,template,13,test_codeswitch_1+norm,bongo_0904,0,0.000118
bilstm_finetuned,strip,template,13,test_codeswitch_1+norm,bongo_0905,1,0.636649
bilstm_finetuned,strip,template,13,test_codeswitch_1+norm,bongo_0909,1,0.997562
bilstm_finetuned,strip,template,13,test_codeswitch_1+norm,bongo_0917,1,0.016264
bilstm_finetuned,strip,template,13,test_codeswitch_1+norm,bongo_0918,1,0.999808
bilstm_finetuned,strip,template,13,test_codeswitch_1+norm,bongo_0950,0,0.000025
bilstm_finetuned,strip,template,13,test_codeswitch_1+norm,bongo_0955,1,0.999982
bilstm_finetuned,strip,template,13,test_codeswitch_1+norm,bongo_0956,0,0.000021
bilstm_finetuned,strip,template,13,test_codeswitch_1+norm,bongo_0971,0,0.000025
bilstm_finetuned,strip,template,13,test_codeswitch_1+norm,bongo_0983,0,0.000063
bilstm_finetuned,strip,template,13,test_codeswitch_1+norm,bongo_0989,1,0.999976
bilstm_finetuned,strip,template,13,test_codeswitch_1+norm,bongo_0994,0,0.000081
bilstm_finetuned,strip,template,13,test_codeswitch_1+norm,bongo_1003,1,0.999945
bilstm_finetuned,strip,template,13,test_codeswitch_1+norm,bongo_1006,0,0.000028
bilstm_finetuned,strip,template,13,test_codeswitch_1+norm,bongo_1012,1,0.118159
bilstm_finetuned,strip,template,13,test_codeswitch_1+norm,bongo_1015,0,0.000012
bilstm_finetuned,strip,template,13,test_codeswitch_1+norm,bongo_1022,1,0.062241
bilstm_finetuned,strip,template,13,test_codeswitch_1+norm,bongo_1037,0,0.000038
bilstm_finetuned,strip,template,13,test_codeswitch_1+norm,bongo_1040,0,0.000035
bilstm_finetuned,strip,template,13,test_codeswitch_1+norm,bongo_1042,1,0.999884
bilstm_finetuned,strip,template,13,test_codeswitch_1+norm,bongo_1047,1,0.635904
bilstm_finetuned,strip,template,13,test_codeswitch_1+norm,bongo_1050,0,0.000022
bilstm_finetuned,strip,template,13,test_codeswitch_1+norm,bongo_1052,1,0.545443
bilstm_finetuned,strip,template,13,test_codeswitch_1+norm,bongo_1059,0,0.000019
bilstm_finetuned,strip,template,13,test_codeswitch_1+norm,bongo_1071,0,0.000027
bilstm_finetuned,strip,template,13,test_codeswitch_1+norm,bongo_1090,0,0.000014
bilstm_finetuned,strip,template,13,test_codeswitch_1+norm,bongo_1104,1,0.999982
bilstm_finetuned,strip,template,13,test_codeswitch_1+norm,bongo_1115,0,0.000006
bilstm_finetuned,strip,template,13,test_codeswitch_1+norm,bongo_1123,0,0.000026
bilstm_finetuned,strip,template,13,test_codeswitch_1+norm,bongo_1125,0,0.001677
bilstm_finetuned,strip,template,13,test_codeswitch_1+norm,bongo_1127,1,0.114992
bilstm_finetuned,strip,template,13,test_codeswitch_1+norm,bongo_1131,1,0.999988
bilstm_finetuned,strip,template,13,test_codeswitch_1+norm,bongo_1134,1,0.163859
bilstm_finetuned,strip,template,13,test_codeswitch_1+norm,bongo_1135,0,0.006338
bilstm_finetuned,strip,template,13,test_codeswitch_1+norm,bongo_1136,1,0.999982
bilstm_finetuned,strip,template,13,test_codeswitch_1+norm,bongo_1138,1,0.636121
bilstm_finetuned,strip,template,13,test_codeswitch_1+norm,bongo_1140,1,0.999463
bilstm_finetuned,strip,template,13,test_codeswitch_1+norm,bongo_1154,1,0.999982
bilstm_finetuned,strip,template,13,test_codeswitch_1+norm,bongo_1155,0,0.000024
bilstm_finetuned,strip,template,13,test_codeswitch_1+norm,bongo_1171,1,0.999982
bilstm_finetuned,strip,template,13,test_codeswitch_1+norm,bongo_1181,1,0.428441
bilstm_finetuned,strip,template,13,test_codeswitch_1+norm,bongo_1185,1,0.062204
bilstm_finetuned,strip,template,13,test_codeswitch_1+norm,bongo_1194,0,0.000497
bilstm_finetuned,strip,template,13,test_codeswitch_1+norm,bongo_1195,1,0.299106
bilstm_finetuned,strip,template,13,test_codeswitch_1+norm,bongo_1198,0,0.000064
bilstm_finetuned,strip,template,13,test_codeswitch_1+norm,bongo_1204,1,0.016102
bilstm_finetuned,strip,template,13,test_codeswitch_1+norm,bongo_1220,1,0.635901
bilstm_finetuned,strip,template,13,test_codeswitch_1+norm,bongo_1233,1,0.999994
bilstm_finetuned,strip,template,13,test_codeswitch_1+norm,bongo_1236,0,0.000040
bilstm_finetuned,strip,template,13,test_codeswitch_1+norm,bongo_1240,1,0.062807
bilstm_finetuned,strip,template,13,test_codeswitch_1+norm,bongo_1244,0,0.000019
bilstm_finetuned,strip,template,13,test_codeswitch_1+norm,bongo_1249,0,0.000009
bilstm_finetuned,strip,template,13,test_codeswitch_1+norm,bongo_1253,0,0.000047
bilstm_finetuned,strip,template,13,test_codeswitch_1+norm,bongo_1260,0,0.000025
bilstm_finetuned,strip,template,13,test_codeswitch_1+norm,bongo_1262,0,0.000033
bilstm_finetuned,strip,template,13,test_codeswitch_1+norm,bongo_1278,1,0.119022
bilstm_finetuned,strip,template,13,test_codeswitch_1+norm,bongo_1285,0,0.000022
bilstm_finetuned,strip,template,13,test_codeswitch_1+norm,bongo_1293,1,0.999985
bilstm_finetuned,strip,template,13,test_codeswitch_1+norm,bongo_1316,0,0.000063
bilstm_finetuned,strip,template,13,test_codeswitch_1+norm,bongo_1327,1,0.016073
bilstm_finetuned,strip,template,13,test_codeswitch_1+norm,bongo_1330,0,0.046217
bilstm_finetuned,strip,template,13,test_codeswitch_1+norm,bongo_1359,0,0.000111
bilstm_finetuned,strip,template,13,test_codeswitch_1+norm,bongo_1375,0,0.000035
bilstm_finetuned,strip,template,13,test_codeswitch_3+norm,bongo_0025,1,0.999985
bilstm_finetuned,strip,template,13,test_codeswitch_3+norm,bongo_0029,0,0.024916
bilstm_finetuned,strip,template,13,test_codeswitch_3+norm,bongo_0039,1,0.637701
bilstm_finetuned,strip,template,13,test_codeswitch_3+norm,bongo_0047,1,0.999977
bilstm_finetuned,strip,template,13,test_codeswitch_3+norm,bongo_0053,0,0.000037
bilstm_finetuned,strip,template,13,test_codeswitch_3+norm,bongo_0055,1,0.011796
bilstm_finetuned,strip,template,13,test_codeswitch_3+norm,bongo_0061,1,0.999593
bilstm_finetuned,strip,template,13,test_codeswitch_3+norm,bongo_0097,0,0.000402
bilstm_finetuned,strip,template,13,test_codeswitch_3+norm,bongo_0107,0,0.000016
bilstm_finetuned,strip,template,13,test_codeswitch_3+norm,bongo_0110,0,0.000012
bilstm_finetuned,strip,template,13,test_codeswitch_3+norm,bongo_0112,1,0.160885
bilstm_finetuned,strip,template,13,test_codeswitch_3+norm,bongo_0115,0,0.000422
bilstm_finetuned,strip,template,13,test_codeswitch_3+norm,bongo_0143,0,0.000057
bilstm_finetuned,strip,template,13,test_codeswitch_3+norm,bongo_0146,1,0.975916
bilstm_finetuned,strip,template,13,test_codeswitch_3+norm,bongo_0154,1,0.999981
bilstm_finetuned,strip,template,13,test_codeswitch_3+norm,bongo_0159,1,0.011775
bilstm_finetuned,strip,template,13,test_codeswitch_3+norm,bongo_0160,0,0.000022
bilstm_finetuned,strip,template,13,test_codeswitch_3+norm,bongo_0172,0,0.240197
bilstm_finetuned,strip,template,13,test_codeswitch_3+norm,bongo_0173,1,0.039959
bilstm_finetuned,strip,template,13,test_codeswitch_3+norm,bongo_0175,0,0.000021
bilstm_finetuned,strip,template,13,test_codeswitch_3+norm,bongo_0182,0,0.000009
bilstm_finetuned,strip,template,13,test_codeswitch_3+norm,bongo_0195,1,0.420586
bilstm_finetuned,strip,template,13,test_codeswitch_3+norm,bongo_0197,0,0.000031
bilstm_finetuned,strip,template,13,test_codeswitch_3+norm,bongo_0201,1,0.999988
bilstm_finetuned,strip,template,13,test_codeswitch_3+norm,bongo_0203,1,0.968724
bilstm_finetuned,strip,template,13,test_codeswitch_3+norm,bongo_0250,1,0.011775
bilstm_finetuned,strip,template,13,test_codeswitch_3+norm,bongo_0253,0,0.000044
bilstm_finetuned,strip,template,13,test_codeswitch_3+norm,bongo_0255,1,0.051208
bilstm_finetuned,strip,template,13,test_codeswitch_3+norm,bongo_0265,1,0.040276
bilstm_finetuned,strip,template,13,test_codeswitch_3+norm,bongo_0271,0,0.000028
bilstm_finetuned,strip,template,13,test_codeswitch_3+norm,bongo_0300,0,0.000029
bilstm_finetuned,strip,template,13,test_codeswitch_3+norm,bongo_0306,0,0.000039
bilstm_finetuned,strip,template,13,test_codeswitch_3+norm,bongo_0356,1,0.161052
bilstm_finetuned,strip,template,13,test_codeswitch_3+norm,bongo_0360,1,0.999434
bilstm_finetuned,strip,template,13,test_codeswitch_3+norm,bongo_0361,1,0.958652
bilstm_finetuned,strip,template,13,test_codeswitch_3+norm,bongo_0363,0,0.000029
bilstm_finetuned,strip,template,13,test_codeswitch_3+norm,bongo_0368,0,0.000151
bilstm_finetuned,strip,template,13,test_codeswitch_3+norm,bongo_0372,0,0.000041
bilstm_finetuned,strip,template,13,test_codeswitch_3+norm,bongo_0380,1,0.050801
bilstm_finetuned,strip,template,13,test_codeswitch_3+norm,bongo_0389,0,0.000026
bilstm_finetuned,strip,template,13,test_codeswitch_3+norm,bongo_0395,0,0.000519
bilstm_finetuned,strip,template,13,test_codeswitch_3+norm,bongo_0405,1,0.999958
bilstm_finetuned,strip,template,13,test_codeswitch_3+norm,bongo_0424,1,0.999988
bilstm_finetuned,strip,template,13,test_codeswitch_3+norm,bongo_0427,0,0.000363
bilstm_finetuned,strip,template,13,test_codeswitch_3+norm,bongo_0434,1,0.011796
bilstm_finetuned,strip,template,13,test_codeswitch_3+norm,bongo_0463,0,0.000253
bilstm_finetuned,strip,template,13,test_codeswitch_3+norm,bongo_0476,1,0.464797
bilstm_finetuned,strip,template,13,test_codeswitch_3+norm,bongo_0510,1,0.999994
bilstm_finetuned,strip,template,13,test_codeswitch_3+norm,bongo_0531,0,0.000083
bilstm_finetuned,strip,template,13,test_codeswitch_3+norm,bongo_0542,0,0.000019
bilstm_finetuned,strip,template,13,test_codeswitch_3+norm,bongo_0545,0,0.000022
bilstm_finetuned,strip,template,13,test_codeswitch_3+norm,bongo_0560,1,0.999945
bilstm_finetuned,strip,template,13,test_codeswitch_3+norm,bongo_0565,1,0.299912
bilstm_finetuned,strip,template,13,test_codeswitch_3+norm,bongo_0566,1,0.985795
bilstm_finetuned,strip,template,13,test_codeswitch_3+norm,bongo_0571,0,0.000022
bilstm_finetuned,strip,template,13,test_codeswitch_3+norm,bongo_0577,1,0.999965
bilstm_finetuned,strip,template,13,test_codeswitch_3+norm,bongo_0580,1,0.428079
bilstm_finetuned,strip,template,13,test_codeswitch_3+norm,bongo_0621,1,0.999894
bilstm_finetuned,strip,template,13,test_codeswitch_3+norm,bongo_0624,1,0.992801
bilstm_finetuned,strip,template,13,test_codeswitch_3+norm,bongo_0630,0,0.000086
bilstm_finetuned,strip,template,13,test_codeswitch_3+norm,bongo_0638,1,0.971983
bilstm_finetuned,strip,template,13,test_codeswitch_3+norm,bongo_0648,0,0.004569
bilstm_finetuned,strip,template,13,test_codeswitch_3+norm,bongo_0674,0,0.000016
bilstm_finetuned,strip,template,13,test_codeswitch_3+norm,bongo_0685,0,0.009332
bilstm_finetuned,strip,template,13,test_codeswitch_3+norm,bongo_0697,1,0.299912
bilstm_finetuned,strip,template,13,test_codeswitch_3+norm,bongo_0701,0,0.000023
bilstm_finetuned,strip,template,13,test_codeswitch_3+norm,bongo_0706,1,0.160908
bilstm_finetuned,strip,template,13,test_codeswitch_3+norm,bongo_0719,1,0.050795
bilstm_finetuned,strip,template,13,test_codeswitch_3+norm,bongo_0721,1,0.391456
bilstm_finetuned,strip,template,13,test_codeswitch_3+norm,bongo_0724,1,0.301645
bilstm_finetuned,strip,template,13,test_codeswitch_3+norm,bongo_0729,1,0.381344
bilstm_finetuned,strip,template,13,test_codeswitch_3+norm,bongo_0741,0,0.000022
bilstm_finetuned,strip,template,13,test_codeswitch_3+norm,bongo_0749,1,0.110694
bilstm_finetuned,strip,template,13,test_codeswitch_3+norm,bongo_0769,1,0.605752
bilstm_finetuned,strip,template,13,test_codeswitch_3+norm,bongo_0770,1,0.011796
bilstm_finetuned,strip,template,13,test_codeswitch_3+norm,bongo_0778,1,0.110709
bilstm_finetuned,strip,template,13,test_codeswitch_3+norm,bongo_0787,1,0.999434
bilstm_finetuned,strip,template,13,test_codeswitch_3+norm,bongo_0795,0,0.000104
bilstm_finetuned,strip,template,13,test_codeswitch_3+norm,bongo_0806,1,0.301645
bilstm_finetuned,strip,template,13,test_codeswitch_3+norm,bongo_0807,1,0.999992
bilstm_finetuned,strip,template,13,test_codeswitch_3+norm,bongo_0818,0,0.002218
bilstm_finetuned,strip,template,13,test_codeswitch_3+norm,bongo_0819,0,0.000090
bilstm_finetuned,strip,template,13,test_codeswitch_3+norm,bongo_0835,0,0.000019
bilstm_finetuned,strip,template,13,test_codeswitch_3+norm,bongo_0840,1,0.999435
bilstm_finetuned,strip,template,13,test_codeswitch_3+norm,bongo_0855,1,0.299676
bilstm_finetuned,strip,template,13,test_codeswitch_3+norm,bongo_0856,0,0.000047
bilstm_finetuned,strip,template,13,test_codeswitch_3+norm,bongo_0864,1,0.637806
bilstm_finetuned,strip,template,13,test_codeswitch_3+norm,bongo_0871,1,0.992962
bilstm_finetuned,strip,template,13,test_codeswitch_3+norm,bongo_0872,0,0.004886
bilstm_finetuned,strip,template,13,test_codeswitch_3+norm,bongo_0904,0,0.000118
bilstm_finetuned,strip,template,13,test_codeswitch_3+norm,bongo_0905,1,0.638516
bilstm_finetuned,strip,template,13,test_codeswitch_3+norm,bongo_0909,1,0.999919
bilstm_finetuned,strip,template,13,test_codeswitch_3+norm,bongo_0917,1,0.012116
bilstm_finetuned,strip,template,13,test_codeswitch_3+norm,bongo_0918,1,0.999970
bilstm_finetuned,strip,template,13,test_codeswitch_3+norm,bongo_0950,0,0.000025
bilstm_finetuned,strip,template,13,test_codeswitch_3+norm,bongo_0955,1,0.999980
bilstm_finetuned,strip,template,13,test_codeswitch_3+norm,bongo_0956,0,0.000021
bilstm_finetuned,strip,template,13,test_codeswitch_3+norm,bongo_0971,0,0.000025
bilstm_finetuned,strip,template,13,test_codeswitch_3+norm,bongo_0983,0,0.000063
bilstm_finetuned,strip,template,13,test_codeswitch_3+norm,bongo_0989,1,0.992844
bilstm_finetuned,strip,template,13,test_codeswitch_3+norm,bongo_0994,0,0.000081
bilstm_finetuned,strip,template,13,test_codeswitch_3+norm,bongo_1003,1,0.999945
bilstm_finetuned,strip,template,13,test_codeswitch_3+norm,bongo_1006,0,0.000028
bilstm_finetuned,strip,template,13,test_codeswitch_3+norm,bongo_1012,1,0.110813
bilstm_finetuned,strip,template,13,test_codeswitch_3+norm,bongo_1015,0,0.000012
bilstm_finetuned,strip,template,13,test_codeswitch_3+norm,bongo_1022,1,0.050774
bilstm_finetuned,strip,template,13,test_codeswitch_3+norm,bongo_1037,0,0.000038
bilstm_finetuned,strip,template,13,test_codeswitch_3+norm,bongo_1040,0,0.000035
bilstm_finetuned,strip,template,13,test_codeswitch_3+norm,bongo_1042,1,0.970509
bilstm_finetuned,strip,template,13,test_codeswitch_3+norm,bongo_1047,1,0.637822
bilstm_finetuned,strip,template,13,test_codeswitch_3+norm,bongo_1050,0,0.000022
bilstm_finetuned,strip,template,13,test_codeswitch_3+norm,bongo_1052,1,0.553874
bilstm_finetuned,strip,template,13,test_codeswitch_3+norm,bongo_1059,0,0.000019
bilstm_finetuned,strip,template,13,test_codeswitch_3+norm,bongo_1071,0,0.000027
bilstm_finetuned,strip,template,13,test_codeswitch_3+norm,bongo_1090,0,0.000014
bilstm_finetuned,strip,template,13,test_codeswitch_3+norm,bongo_1104,1,0.999981
bilstm_finetuned,strip,template,13,test_codeswitch_3+norm,bongo_1115,0,0.000006
bilstm_finetuned,strip,template,13,test_codeswitch_3+norm,bongo_1123,0,0.000026
bilstm_finetuned,strip,template,13,test_codeswitch_3+norm,bongo_1125,0,0.001677
bilstm_finetuned,strip,template,13,test_codeswitch_3+norm,bongo_1127,1,0.039892
bilstm_finetuned,strip,template,13,test_codeswitch_3+norm,bongo_1131,1,0.970123
bilstm_finetuned,strip,template,13,test_codeswitch_3+norm,bongo_1134,1,0.162150
bilstm_finetuned,strip,template,13,test_codeswitch_3+norm,bongo_1135,0,0.006338
bilstm_finetuned,strip,template,13,test_codeswitch_3+norm,bongo_1136,1,0.999982
bilstm_finetuned,strip,template,13,test_codeswitch_3+norm,bongo_1138,1,0.638046
bilstm_finetuned,strip,template,13,test_codeswitch_3+norm,bongo_1140,1,0.999956
bilstm_finetuned,strip,template,13,test_codeswitch_3+norm,bongo_1154,1,0.999938
bilstm_finetuned,strip,template,13,test_codeswitch_3+norm,bongo_1155,0,0.000024
bilstm_finetuned,strip,template,13,test_codeswitch_3+norm,bongo_1171,1,0.999981
bilstm_finetuned,strip,template,13,test_codeswitch_3+norm,bongo_1181,1,0.428441
bilstm_finetuned,strip,template,13,test_codeswitch_3+norm,bongo_1185,1,0.050705
bilstm_finetuned,strip,template,13,test_codeswitch_3+norm,bongo_1194,0,0.000497
bilstm_finetuned,strip,template,13,test_codeswitch_3+norm,bongo_1195,1,0.299733
bilstm_finetuned,strip,template,13,test_codeswitch_3+norm,bongo_1198,0,0.000064
bilstm_finetuned,strip,template,13,test_codeswitch_3+norm,bongo_1204,1,0.011822
bilstm_finetuned,strip,template,13,test_codeswitch_3+norm,bongo_1220,1,0.637858
bilstm_finetuned,strip,template,13,test_codeswitch_3+norm,bongo_1233,1,0.986931
bilstm_finetuned,strip,template,13,test_codeswitch_3+norm,bongo_1236,0,0.000040
bilstm_finetuned,strip,template,13,test_codeswitch_3+norm,bongo_1240,1,0.051208
bilstm_finetuned,strip,template,13,test_codeswitch_3+norm,bongo_1244,0,0.000019
bilstm_finetuned,strip,template,13,test_codeswitch_3+norm,bongo_1249,0,0.000009
bilstm_finetuned,strip,template,13,test_codeswitch_3+norm,bongo_1253,0,0.000047
bilstm_finetuned,strip,template,13,test_codeswitch_3+norm,bongo_1260,0,0.000025
bilstm_finetuned,strip,template,13,test_codeswitch_3+norm,bongo_1262,0,0.000033
bilstm_finetuned,strip,template,13,test_codeswitch_3+norm,bongo_1278,1,0.111625
bilstm_finetuned,strip,template,13,test_codeswitch_3+norm,bongo_1285,0,0.000022
bilstm_finetuned,strip,template,13,test_codeswitch_3+norm,bongo_1293,1,0.999984
bilstm_finetuned,strip,template,13,test_codeswitch_3+norm,bongo_1316,0,0.000063
bilstm_finetuned,strip,template,13,test_codeswitch_3+norm,bongo_1327,1,0.011765
bilstm_finetuned,strip,template,13,test_codeswitch_3+norm,bongo_1330,0,0.046217
bilstm_finetuned,strip,template,13,test_codeswitch_3+norm,bongo_1359,0,0.000111
bilstm_finetuned,strip,template,13,test_codeswitch_3+norm,bongo_1375,0,0.000035
bilstm_finetuned,strip,template,13,test_codeswitch_all+norm,bongo_0025,1,0.999985
bilstm_finetuned,strip,template,13,test_codeswitch_all+norm,bongo_0029,0,0.024916
bilstm_finetuned,strip,template,13,test_codeswitch_all+norm,bongo_0039,1,0.637701
bilstm_finetuned,strip,template,13,test_codeswitch_all+norm,bongo_0047,1,0.999977
bilstm_finetuned,strip,template,13,test_codeswitch_all+norm,bongo_0053,0,0.000037
bilstm_finetuned,strip,template,13,test_codeswitch_all+norm,bongo_0055,1,0.011796
bilstm_finetuned,strip,template,13,test_codeswitch_all+norm,bongo_0061,1,0.999593
bilstm_finetuned,strip,template,13,test_codeswitch_all+norm,bongo_0097,0,0.000402
bilstm_finetuned,strip,template,13,test_codeswitch_all+norm,bongo_0107,0,0.000016
bilstm_finetuned,strip,template,13,test_codeswitch_all+norm,bongo_0110,0,0.000012
bilstm_finetuned,strip,template,13,test_codeswitch_all+norm,bongo_0112,1,0.160885
bilstm_finetuned,strip,template,13,test_codeswitch_all+norm,bongo_0115,0,0.000422
bilstm_finetuned,strip,template,13,test_codeswitch_all+norm,bongo_0143,0,0.000057
bilstm_finetuned,strip,template,13,test_codeswitch_all+norm,bongo_0146,1,0.616504
bilstm_finetuned,strip,template,13,test_codeswitch_all+norm,bongo_0154,1,0.999981
bilstm_finetuned,strip,template,13,test_codeswitch_all+norm,bongo_0159,1,0.011775
bilstm_finetuned,strip,template,13,test_codeswitch_all+norm,bongo_0160,0,0.000022
bilstm_finetuned,strip,template,13,test_codeswitch_all+norm,bongo_0172,0,0.240197
bilstm_finetuned,strip,template,13,test_codeswitch_all+norm,bongo_0173,1,0.039959
bilstm_finetuned,strip,template,13,test_codeswitch_all+norm,bongo_0175,0,0.000021
bilstm_finetuned,strip,template,13,test_codeswitch_all+norm,bongo_0182,0,0.000009
bilstm_finetuned,strip,template,13,test_codeswitch_all+norm,bongo_0195,1,0.420586
bilstm_finetuned,strip,template,13,test_codeswitch_all+norm,bongo_0197,0,0.000031
bilstm_finetuned,strip,template,13,test_codeswitch_all+norm,bongo_0201,1,0.999988
bilstm_finetuned,strip,template,13,test_codeswitch_all+norm,bongo_0203,1,0.946667
bilstm_finetuned,strip,template,13,test_codeswitch_all+norm,bongo_0250,1,0.011775
bilstm_finetuned,strip,template,13,test_codeswitch_all+norm,bongo_0253,0,0.000044
bilstm_finetuned,strip,template,13,test_codeswitch_all+norm,bongo_0255,1,0.051208
bilstm_finetuned,strip,template,13,test_codeswitch_all+norm,bongo_0265,1,0.040276
bilstm_finetuned,strip,template,13,test_codeswitch_all+norm,bongo_0271,0,0.000028
bilstm_finetuned,strip,template,13,test_codeswitch_all+norm,bongo_0300,0,0.000029
bilstm_finetuned,strip,template,13,test_codeswitch_all+norm,bongo_0306,0,0.000039
bilstm_finetuned,strip,template,13,test_codeswitch_all+norm,bongo_0356,1,0.161052
bilstm_finetuned,strip,template,13,test_codeswitch_all+norm,bongo_0360,1,0.996106
bilstm_finetuned,strip,template,13,test_codeswitch_all+norm,bongo_0361,1,0.933558
bilstm_finetuned,strip,template,13,test_codeswitch_all+norm,bongo_0363,0,0.000029
bilstm_finetuned,strip,template,13,test_codeswitch_all+norm,bongo_0368,0,0.000151
bilstm_finetuned,strip,template,13,test_codeswitch_all+norm,bongo_0372,0,0.000041
bilstm_finetuned,strip,template,13,test_codeswitch_all+norm,bongo_0380,1,0.050801
bilstm_finetuned,strip,template,13,test_codeswitch_all+norm,bongo_0389,0,0.000026
bilstm_finetuned,strip,template,13,test_codeswitch_all+norm,bongo_0395,0,0.000519
bilstm_finetuned,strip,template,13,test_codeswitch_all+norm,bongo_0405,1,0.999958
bilstm_finetuned,strip,template,13,test_codeswitch_all+norm,bongo_0424,1,0.999988
bilstm_finetuned,strip,template,13,test_codeswitch_all+norm,bongo_0427,0,0.000363
bilstm_finetuned,strip,template,13,test_codeswitch_all+norm,bongo_0434,1,0.011796
bilstm_finetuned,strip,template,13,test_codeswitch_all+norm,bongo_0463,0,0.000253
bilstm_finetuned,strip,template,13,test_codeswitch_all+norm,bongo_0476,1,0.464797
bilstm_finetuned,strip,template,13,test_codeswitch_all+norm,bongo_0510,1,0.999994
bilstm_finetuned,strip,template,13,test_codeswitch_all+norm,bongo_0531,0,0.000083
bilstm_finetuned,strip,template,13,test_codeswitch_all+norm,bongo_0542,0,0.000019
bilstm_finetuned,strip,template,13,test_codeswitch_all+norm,bongo_0545,0,0.000022
bilstm_finetuned,strip,template,13,test_codeswitch_all+norm,bongo_0560,1,0.999945
bilstm_finetuned,strip,template,13,test_codeswitch_all+norm,bongo_0565,1,0.299912
bilstm_finetuned,strip,template,13,test_codeswitch_all+norm,bongo_0566,1,0.789697
bilstm_finetuned,strip,template,13,test_codeswitch_all+norm,bongo_0571,0,0.000022
bilstm_finetuned,strip,template,13,test_codeswitch_all+norm,bongo_0577,1,0.999965
bilstm_finetuned,strip,template,13,test_codeswitch_all+norm,bongo_0580,1,0.428079
bilstm_finetuned,strip,template,13,test_codeswitch_all+norm,bongo_0621,1,0.999894
bilstm_finetuned,strip,template,13,test_codeswitch_all+norm,bongo_0624,1,0.992801
bilstm_finetuned,strip,template,13,test_codeswitch_all+norm,bongo_0630,0,0.000086
bilstm_finetuned,strip,template,13,test_codeswitch_all+norm,bongo_0638,1,0.601110
bilstm_finetuned,strip,template,13,test_codeswitch_all+norm,bongo_0648,0,0.004569
bilstm_finetuned,strip,template,13,test_codeswitch_all+norm,bongo_0674,0,0.000016
bilstm_finetuned,strip,template,13,test_codeswitch_all+norm,bongo_0685,0,0.009332
bilstm_finetuned,strip,template,13,test_codeswitch_all+norm,bongo_0697,1,0.299912
bilstm_finetuned,strip,template,13,test_codeswitch_all+norm,bongo_0701,0,0.000023
bilstm_finetuned,strip,template,13,test_codeswitch_all+norm,bongo_0706,1,0.160908
bilstm_finetuned,strip,template,13,test_codeswitch_all+norm,bongo_0719,1,0.050795
bilstm_finetuned,strip,template,13,test_codeswitch_all+norm,bongo_0721,1,0.391456
bilstm_finetuned,strip,template,13,test_codeswitch_all+norm,bongo_0724,1,0.301645
bilstm_finetuned,strip,template,13,test_codeswitch_all+norm,bongo_0729,1,0.381344
bilstm_finetuned,strip,template,13,test_codeswitch_all+norm,bongo_0741,0,0.000022
bilstm_finetuned,strip,template,13,test_codeswitch_all+norm,bongo_0749,1,0.110694
bilstm_finetuned,strip,template,13,test_codeswitch_all+norm,bongo_0769,1,0.605752
bilstm_finetuned,strip,template,13,test_codeswitch_all+norm,bongo_0770,1,0.011796
bilstm_finetuned,strip,template,13,test_codeswitch_all+norm,bongo_0778,1,0.110709
bilstm_finetuned,strip,template,13,test_codeswitch_all+norm,bongo_0787,1,0.996148
bilstm_finetuned,strip,template,13,test_codeswitch_all+norm,bongo_0795,0,0.000104
bilstm_finetuned,strip,template,13,test_codeswitch_all+norm,bongo_0806,1,0.301645
bilstm_finetuned,strip,template,13,test_codeswitch_all+norm,bongo_0807,1,0.999992
bilstm_finetuned,strip,template,13,test_codeswitch_all+norm,bongo_0818,0,0.002218
bilstm_finetuned,strip,template,13,test_codeswitch_all+norm,bongo_0819,0,0.000090
bilstm_finetuned,strip,template,13,test_codeswitch_all+norm,bongo_0835,0,0.000019
bilstm_finetuned,strip,template,13,test_codeswitch_all+norm,bongo_0840,1,0.996096
bilstm_finetuned,strip,template,13,test_codeswitch_all+norm,bongo_0855,1,0.299676
bilstm_finetuned,strip,template,13,test_codeswitch_all+norm,bongo_0856,0,0.000047
bilstm_finetuned,strip,template,13,test_codeswitch_all+norm,bongo_0864,1,0.637806
bilstm_finetuned,strip,template,13,test_codeswitch_all+norm,bongo_0871,1,0.992962
bilstm_finetuned,strip,template,13,test_codeswitch_all+norm,bongo_0872,0,0.004886
bilstm_finetuned,strip,template,13,test_codeswitch_all+norm,bongo_0904,0,0.000118
bilstm_finetuned,strip,template,13,test_codeswitch_all+norm,bongo_0905,1,0.638516
bilstm_finetuned,strip,template,13,test_codeswitch_all+norm,bongo_0909,1,0.999919
bilstm_finetuned,strip,template,13,test_codeswitch_all+norm,bongo_0917,1,0.012116
bilstm_finetuned,strip,template,13,test_codeswitch_all+norm,bongo_0918,1,0.999970
bilstm_finetuned,strip,template,13,test_codeswitch_all+norm,bongo_0950,0,0.000025
bilstm_finetuned,strip,template,13,test_codeswitch_all+norm,bongo_0955,1,0.999980
bilstm_finetuned,strip,template,13,test_codeswitch_all+norm,bongo_0956,0,0.000021
bilstm_finetuned,strip,template,13,test_codeswitch_all+norm,bongo_0971,0,0.000025
bilstm_finetuned,strip,template,13,test_codeswitch_all+norm,bongo_0983,0,0.000063
bilstm_finetuned,strip,template,13,test_codeswitch_all+norm,bongo_0989,1,0.992844
bilstm_finetuned,strip,template,13,test_codeswitch_all+norm,bongo_0994,0,0.000081
bilstm_finetuned,strip,template,13,test_codeswitch_all+norm,bongo_1003,1,0.999945
bilstm_finetuned,strip,template,13,test_codeswitch_all+norm,bongo_1006,0,0.000028
bilstm_finetuned,strip,template,13,test_codeswitch_all+norm,bongo_1012,1,0.110813
bilstm_finetuned,strip,template,13,test_codeswitch_all+norm,bongo_1015,0,0.000012
bilstm_finetuned,strip,template,13,test_codeswitch_all+norm,bongo_1022,1,0.050774
bilstm_finetuned,strip,template,13,test_codeswitch_all+norm,bongo_1037,0,0.000038
bilstm_finetuned,strip,template,13,test_codeswitch_all+norm,bongo_1040,0,0.000035
bilstm_finetuned,strip,template,13,test_codeswitch_all+norm,bongo_1042,1,0.588100
bilstm_finetuned,strip,template,13,test_codeswitch_all+norm,bongo_1047,1,0.637822
bilstm_finetuned,strip,template,13,test_codeswitch_all+norm,bongo_1050,0,0.000022
bilstm_finetuned,strip,template,13,test_codeswitch_all+norm,bongo_1052,1,0.553874
bilstm_finetuned,strip,template,13,test_codeswitch_all+norm,bongo_1059,0,0.000019
bilstm_finetuned,strip,template,13,test_codeswitch_all+norm,bongo_1071,0,0.000027
bilstm_finetuned,strip,template,13,test_codeswitch_all+norm,bongo_1090,0,0.000014
bilstm_finetuned,strip,template,13,test_codeswitch_all+norm,bongo_1104,1,0.999981
bilstm_finetuned,strip,template,13,test_codeswitch_all+norm,bongo_1115,0,0.000006
bilstm_finetuned,strip,template,13,test_codeswitch_all+norm,bongo_1123,0,0.000026
bilstm_finetuned,strip,template,13,test_codeswitch_all+norm,bongo_1125,0,0.001677
bilstm_finetuned,strip,template,13,test_codeswitch_all+norm,bongo_1127,1,0.039892
bilstm_finetuned,strip,template,13,test_codeswitch_all+norm,bongo_1131,1,0.586848
bilstm_finetuned,strip,template,13,test_codeswitch_all+norm,bongo_1134,1,0.162150
bilstm_finetuned,strip,template,13,test_codeswitch_all+norm,bongo_1135,0,0.006338
bilstm_finetuned,strip,template,13,test_codeswitch_all+norm,bongo_1136,1,0.999982
bilstm_finetuned,strip,template,13,test_codeswitch_all+norm,bongo_1138,1,0.638046
bilstm_finetuned,strip,template,13,test_codeswitch_all+norm,bongo_1140,1,0.999956
bilstm_finetuned,strip,template,13,test_codeswitch_all+norm,bongo_1154,1,0.964498
bilstm_finetuned,strip,template,13,test_codeswitch_all+norm,bongo_1155,0,0.000024
bilstm_finetuned,strip,template,13,test_codeswitch_all+norm,bongo_1171,1,0.999981
bilstm_finetuned,strip,template,13,test_codeswitch_all+norm,bongo_1181,1,0.428441
bilstm_finetuned,strip,template,13,test_codeswitch_all+norm,bongo_1185,1,0.050705
bilstm_finetuned,strip,template,13,test_codeswitch_all+norm,bongo_1194,0,0.000497
bilstm_finetuned,strip,template,13,test_codeswitch_all+norm,bongo_1195,1,0.299733
bilstm_finetuned,strip,template,13,test_codeswitch_all+norm,bongo_1198,0,0.000064
bilstm_finetuned,strip,template,13,test_codeswitch_all+norm,bongo_1204,1,0.011822
bilstm_finetuned,strip,template,13,test_codeswitch_all+norm,bongo_1220,1,0.637858
bilstm_finetuned,strip,template,13,test_codeswitch_all+norm,bongo_1233,1,0.801576
bilstm_finetuned,strip,template,13,test_codeswitch_all+norm,bongo_1236,0,0.000040
bilstm_finetuned,strip,template,13,test_codeswitch_all+norm,bongo_1240,1,0.051208
bilstm_finetuned,strip,template,13,test_codeswitch_all+norm,bongo_1244,0,0.000019
bilstm_finetuned,strip,template,13,test_codeswitch_all+norm,bongo_1249,0,0.000009
bilstm_finetuned,strip,template,13,test_codeswitch_all+norm,bongo_1253,0,0.000047
bilstm_finetuned,strip,template,13,test_codeswitch_all+norm,bongo_1260,0,0.000025
bilstm_finetuned,strip,template,13,test_codeswitch_all+norm,bongo_1262,0,0.000033
bilstm_finetuned,strip,template,13,test_codeswitch_all+norm,bongo_1278,1,0.111625
bilstm_finetuned,strip,template,13,test_codeswitch_all+norm,bongo_1285,0,0.000022
bilstm_finetuned,strip,template,13,test_codeswitch_all+norm,bongo_1293,1,0.971543
bilstm_finetuned,strip,template,13,test_codeswitch_all+norm,bongo_1316,0,0.000063
bilstm_finetuned,strip,template,13,test_codeswitch_all+norm,bongo_1327,1,0.011765
bilstm_finetuned,strip,template,13,test_codeswitch_all+norm,bongo_1330,0,0.046217
bilstm_finetuned,strip,template,13,test_codeswitch_all+norm,bongo_1359,0,0.000111
bilstm_finetuned,strip,template,13,test_codeswitch_all+norm,bongo_1375,0,0.000035
bilstm_finetuned,strip,template,13,chichewa+norm,chi_0000,1,0.984398
bilstm_finetuned,strip,template,13,chichewa+norm,chi_0001,1,0.612390
bilstm_finetuned,strip,template,13,chichewa+norm,chi_0002,0,0.000042
bilstm_finetuned,strip,template,13,chichewa+norm,chi_0003,0,0.426800
bilstm_finetuned,strip,template,13,chichewa+norm,chi_0004,1,0.743625
bilstm_finetuned,strip,template,13,chichewa+norm,chi_0005,1,0.839433
bilstm_finetuned,strip,template,13,chichewa+norm,chi_0006,0,0.635734
bilstm_finetuned,strip,template,13,chichewa+norm,chi_0007,0,0.206563
bilstm_finetuned,strip,template,13,chichewa+norm,chi_0008,1,0.000072
bilstm_finetuned,strip,template,13,chichewa+norm,chi_0009,1,0.821586
bilstm_finetuned,strip,template,13,chichewa+norm,chi_0010,0,0.000103
bilstm_finetuned,strip,template,13,chichewa+norm,chi_0011,0,0.000069
bilstm_finetuned,strip,template,13,chichewa+norm,chi_0012,0,0.325602
bilstm_finetuned,strip,template,13,chichewa+norm,chi_0013,1,0.738015
bilstm_finetuned,strip,template,13,chichewa+norm,chi_0014,1,0.999020
bilstm_finetuned,strip,template,13,chichewa+norm,chi_0015,0,0.050119
bilstm_finetuned,strip,template,13,chichewa+norm,chi_0016,0,0.045084
bilstm_finetuned,strip,template,13,chichewa+norm,chi_0017,0,0.578328
bilstm_finetuned,strip,template,13,chichewa+norm,chi_0018,1,0.648503
bilstm_finetuned,strip,template,13,chichewa+norm,chi_0019,1,0.999258
bilstm_finetuned,strip,template,13,chichewa+norm,chi_0020,0,0.046431
bilstm_finetuned,strip,template,13,chichewa+norm,chi_0021,1,0.094162
bilstm_finetuned,strip,template,13,chichewa+norm,chi_0022,0,0.000047
bilstm_finetuned,strip,template,13,chichewa+norm,chi_0023,1,0.999833
bilstm_finetuned,strip,template,13,chichewa+norm,chi_0024,1,0.570248
bilstm_finetuned,strip,template,13,chichewa+norm,chi_0025,0,0.000152
bilstm_finetuned,strip,template,13,chichewa+norm,chi_0026,0,0.742701
bilstm_finetuned,strip,template,13,chichewa+norm,chi_0027,1,0.753587
bilstm_finetuned,strip,template,13,chichewa+norm,chi_0028,1,0.999889
bilstm_finetuned,strip,template,13,chichewa+norm,chi_0029,0,0.376471
bilstm_finetuned,strip,template,13,chichewa+norm,chi_0030,0,0.000060
bilstm_finetuned,strip,template,13,chichewa+norm,chi_0031,1,0.622010
bilstm_finetuned,strip,template,13,chichewa+norm,chi_0032,1,0.970588
bilstm_finetuned,strip,template,13,chichewa+norm,chi_0033,1,0.486832
bilstm_finetuned,strip,template,13,chichewa+norm,chi_0034,1,0.981000
bilstm_finetuned,strip,template,13,chichewa+norm,chi_0035,0,0.026756
bilstm_finetuned,strip,template,13,chichewa+norm,chi_0036,0,0.179300
bilstm_finetuned,strip,template,13,chichewa+norm,chi_0037,0,0.000067
bilstm_finetuned,strip,template,13,chichewa+norm,chi_0038,0,0.611823
bilstm_finetuned,strip,template,13,chichewa+norm,chi_0039,0,0.000101
bilstm_finetuned,strip,template,13,chichewa+norm,chi_0040,1,0.972914
bilstm_finetuned,strip,template,13,chichewa+norm,chi_0041,1,0.999305
bilstm_finetuned,strip,template,13,chichewa+norm,chi_0042,0,0.232610
bilstm_finetuned,strip,template,13,chichewa+norm,chi_0043,0,0.088432
bilstm_finetuned,strip,template,13,chichewa+norm,chi_0044,0,0.000038
bilstm_finetuned,strip,template,13,chichewa+norm,chi_0045,1,0.999791
bilstm_finetuned,strip,template,13,chichewa+norm,chi_0046,1,0.705682
bilstm_finetuned,strip,template,13,chichewa+norm,chi_0047,1,0.429578
bilstm_finetuned,strip,template,13,chichewa+norm,chi_0048,0,0.100201
bilstm_finetuned,strip,template,13,chichewa+norm,chi_0049,0,0.713670
bilstm_finetuned,strip,template,13,chichewa+norm,chi_0050,0,0.665633
bilstm_finetuned,strip,template,13,chichewa+norm,chi_0051,1,0.000886
bilstm_finetuned,strip,template,13,chichewa+norm,chi_0052,0,0.018395
bilstm_finetuned,strip,template,13,chichewa+norm,chi_0053,0,0.143923
bilstm_finetuned,strip,template,13,chichewa+norm,chi_0054,1,0.201672
bilstm_finetuned,strip,template,13,chichewa+norm,chi_0055,1,0.971369
bilstm_finetuned,strip,template,13,chichewa+norm,chi_0056,0,0.000041
bilstm_finetuned,strip,template,13,chichewa+norm,chi_0057,1,0.000748
bilstm_finetuned,strip,template,13,chichewa+norm,chi_0058,1,0.151335
bilstm_finetuned,strip,template,13,chichewa+norm,chi_0059,0,0.075123
bilstm_finetuned,strip,template,13,chichewa+norm,chi_0060,0,0.137377
bilstm_finetuned,strip,template,13,chichewa+norm,chi_0061,1,0.149295
bilstm_finetuned,strip,template,13,chichewa+norm,chi_0062,0,0.052021
bilstm_finetuned,strip,template,13,chichewa+norm,chi_0063,1,0.313135
bilstm_finetuned,strip,template,13,chichewa+norm,chi_0064,1,0.975496
bilstm_finetuned,strip,template,13,chichewa+norm,chi_0065,1,0.000110
bilstm_finetuned,strip,template,13,chichewa+norm,chi_0066,0,0.133875
bilstm_finetuned,strip,template,13,chichewa+norm,chi_0067,0,0.225530
bilstm_finetuned,strip,template,13,chichewa+norm,chi_0068,0,0.012259
bilstm_finetuned,strip,template,13,chichewa+norm,chi_0069,1,0.999786
bilstm_finetuned,strip,template,13,chichewa+norm,chi_0070,1,0.999802
bilstm_finetuned,strip,template,13,chichewa+norm,chi_0071,0,0.063425
bilstm_finetuned,strip,template,13,chichewa+norm,chi_0072,0,0.207901
bilstm_finetuned,strip,template,13,chichewa+norm,chi_0073,1,0.496326
bilstm_finetuned,strip,template,13,chichewa+norm,chi_0074,1,0.987107
bilstm_finetuned,strip,template,13,chichewa+norm,chi_0075,0,0.052647
bilstm_finetuned,strip,template,13,chichewa+norm,chi_0076,0,0.045419
bilstm_finetuned,strip,template,13,chichewa+norm,chi_0077,0,0.046401
bilstm_finetuned,strip,template,13,chichewa+norm,chi_0078,1,0.000567
bilstm_finetuned,strip,template,13,chichewa+norm,chi_0079,1,0.000071
bilstm_finetuned,strip,template,13,chichewa+norm,chi_0080,1,0.698843
bilstm_finetuned,strip,template,13,chichewa+norm,chi_0081,1,0.991244
bilstm_finetuned,strip,template,13,chichewa+norm,chi_0082,0,0.154948
bilstm_finetuned,strip,template,13,chichewa+norm,chi_0083,0,0.345851
bilstm_finetuned,strip,template,13,chichewa+norm,chi_0084,0,0.045344
bilstm_finetuned,strip,template,13,chichewa+norm,chi_0085,1,0.757194
bilstm_finetuned,strip,template,13,chichewa+norm,chi_0086,1,0.997803
bilstm_finetuned,strip,template,13,chichewa+norm,chi_0087,0,0.000105
bilstm_finetuned,strip,template,13,chichewa+norm,chi_0088,0,0.806718
bilstm_finetuned,strip,template,13,chichewa+norm,chi_0089,0,0.806559
bilstm_finetuned,strip,template,13,chichewa+norm,chi_0090,1,0.469912
bilstm_finetuned,strip,template,13,chichewa+norm,chi_0091,0,0.163419
bilstm_finetuned,strip,template,13,chichewa+norm,chi_0092,0,0.805691
bilstm_finetuned,strip,template,13,chichewa+norm,chi_0093,0,0.801207
bilstm_finetuned,strip,template,13,chichewa+norm,chi_0094,1,0.993370
bilstm_finetuned,strip,template,13,chichewa+norm,chi_0095,1,0.557570
bilstm_finetuned,strip,template,13,chichewa+norm,chi_0096,0,0.043486
bilstm_finetuned,strip,template,13,chichewa+norm,chi_0097,0,0.161913
bilstm_finetuned,strip,template,13,chichewa+norm,chi_0098,1,0.999121
bilstm_finetuned,strip,template,13,chichewa+norm,chi_0099,1,0.999947
bilstm_finetuned,strip,template,13,chichewa+norm,chi_0100,0,0.038412
bilstm_finetuned,strip,template,13,chichewa+norm,chi_0101,1,0.998480
bilstm_finetuned,strip,template,13,chichewa+norm,chi_0102,0,0.870279
bilstm_finetuned,strip,template,13,chichewa+norm,chi_0103,0,0.799676
bilstm_finetuned,strip,template,13,chichewa+norm,chi_0104,0,0.000108
bilstm_finetuned,strip,template,13,chichewa+norm,chi_0105,1,0.339116
bilstm_finetuned,strip,template,13,chichewa+norm,chi_0106,1,0.532549
bilstm_finetuned,strip,template,13,chichewa+norm,chi_0107,1,0.685243
bilstm_finetuned,strip,template,13,chichewa+norm,chi_0108,0,0.000110
bilstm_finetuned,strip,template,13,chichewa+norm,chi_0109,0,0.028548
bilstm_finetuned,strip,template,13,chichewa+norm,chi_0110,0,0.013322
bilstm_finetuned,strip,template,13,chichewa+norm,chi_0111,1,0.781565
bilstm_finetuned,strip,template,13,chichewa+norm,chi_0112,1,0.992920
bilstm_finetuned,strip,template,13,chichewa+norm,chi_0113,1,0.739737
bilstm_finetuned,strip,template,13,chichewa+norm,chi_0114,0,0.095454
bilstm_finetuned,strip,template,13,chichewa+norm,chi_0115,0,0.160567
bilstm_finetuned,strip,template,13,chichewa+norm,chi_0116,0,0.051917
bilstm_finetuned,strip,template,13,chichewa+norm,chi_0117,1,0.998800
bilstm_finetuned,strip,template,13,chichewa+norm,chi_0118,1,0.999196
bilstm_finetuned,strip,template,13,chichewa+norm,chi_0119,1,0.716804
bilstm_finetuned,strip,template,13,chichewa+norm,chi_0120,0,0.017083
bilstm_finetuned,strip,template,13,chichewa+norm,chi_0121,0,0.236903
bilstm_finetuned,strip,template,13,chichewa+norm,chi_0122,0,0.327039
bilstm_finetuned,strip,template,13,chichewa+norm,chi_0123,1,0.728602
bilstm_finetuned,strip,template,13,chichewa+norm,chi_0124,1,0.704020
bilstm_finetuned,strip,template,13,chichewa+norm,chi_0125,1,0.532659
bilstm_finetuned,strip,template,13,chichewa+norm,chi_0126,0,0.412294
bilstm_finetuned,strip,template,13,chichewa+norm,chi_0127,0,0.044482
bilstm_finetuned,strip,template,13,chichewa+norm,chi_0128,0,0.050529
bilstm_finetuned,strip,template,13,chichewa+norm,chi_0129,1,0.999928
bilstm_finetuned,strip,template,13,chichewa+norm,chi_0130,1,0.000086
bilstm_finetuned,strip,template,13,chichewa+norm,chi_0131,0,0.537095
bilstm_finetuned,strip,template,13,chichewa+norm,chi_0132,0,0.437726
bilstm_finetuned,strip,template,13,chichewa+norm,chi_0133,0,0.000217
bilstm_finetuned,strip,template,13,chichewa+norm,chi_0134,1,0.999377
bilstm_finetuned,strip,template,13,chichewa+norm,chi_0135,0,0.001967
bilstm_finetuned,strip,template,13,chichewa+norm,chi_0136,1,0.759012
bilstm_finetuned,strip,template,13,chichewa+norm,chi_0137,0,0.000039
bilstm_finetuned,strip,template,13,chichewa+norm,chi_0138,0,0.000150
bilstm_finetuned,strip,template,13,chichewa+norm,chi_0139,0,0.008796
bilstm_finetuned,strip,template,13,chichewa+norm,chi_0140,1,0.000178
bilstm_finetuned,strip,template,13,chichewa+norm,chi_0141,0,0.252228
bilstm_finetuned,strip,template,13,chichewa+norm,chi_0142,0,0.009280
bilstm_finetuned,strip,template,13,chichewa+norm,chi_0143,0,0.000179
bilstm_finetuned,strip,template,13,chichewa+norm,chi_0144,1,0.011108
bilstm_finetuned,strip,template,13,chichewa+norm,chi_0145,0,0.008921
bilstm_finetuned,strip,template,13,chichewa+norm,chi_0146,0,0.367744
bilstm_finetuned,strip,template,13,chichewa+norm,chi_0147,1,0.999792
bilstm_finetuned,strip,template,13,chichewa+norm,chi_0148,1,0.999615
bilstm_finetuned,strip,template,13,chichewa+norm,chi_0149,0,0.021546
bilstm_finetuned,strip,template,13,chichewa+norm,chi_0150,0,0.000288
bilstm_finetuned,strip,template,13,chichewa+norm,chi_0151,1,0.000080
bilstm_finetuned,strip,template,13,chichewa+norm,chi_0152,0,0.113668
bilstm_finetuned,strip,template,13,chichewa+norm,chi_0153,0,0.178648
bilstm_finetuned,strip,template,13,chichewa+norm,chi_0154,0,0.006611
bilstm_finetuned,strip,template,13,chichewa+norm,chi_0155,1,0.606616
bilstm_finetuned,strip,template,13,chichewa+norm,chi_0156,1,0.592969
bilstm_finetuned,strip,template,13,chichewa+norm,chi_0157,1,0.999910
bilstm_finetuned,strip,template,13,chichewa+norm,chi_0158,0,0.427212
bilstm_finetuned,strip,template,13,chichewa+norm,chi_0159,0,0.101521
bilstm_finetuned,strip,template,13,chichewa+norm,chi_0160,0,0.002953
bilstm_finetuned,strip,template,13,chichewa+norm,chi_0161,1,0.587900
bilstm_finetuned,strip,template,13,chichewa+norm,chi_0162,1,0.551043
bilstm_finetuned,strip,template,13,chichewa+norm,chi_0163,1,0.629992
bilstm_finetuned,strip,template,13,chichewa+norm,chi_0164,1,0.659566
bilstm_finetuned,strip,template,13,chichewa+norm,chi_0165,0,0.087222
bilstm_finetuned,strip,template,13,chichewa+norm,chi_0166,0,0.200721
bilstm_finetuned,strip,template,13,chichewa+norm,chi_0167,1,0.630695
bilstm_finetuned,strip,template,13,chichewa+norm,chi_0168,1,0.010806
bilstm_finetuned,strip,template,13,chichewa+norm,chi_0169,0,0.010290
bilstm_finetuned,strip,template,13,chichewa+norm,chi_0170,0,0.326925
bilstm_finetuned,strip,template,13,chichewa+norm,chi_0171,1,0.000175
bilstm_finetuned,strip,template,13,chichewa+norm,chi_0172,1,0.000137
bilstm_finetuned,strip,template,13,chichewa+norm,chi_0173,0,0.160353
bilstm_finetuned,strip,template,13,chichewa+norm,chi_0174,0,0.221144
bilstm_finetuned,strip,template,13,chichewa+norm,chi_0175,0,0.054146
bilstm_finetuned,strip,template,13,chichewa+norm,chi_0176,1,0.051622
bilstm_finetuned,strip,template,13,chichewa+norm,chi_0177,1,0.000201
bilstm_finetuned,strip,template,13,chichewa+norm,chi_0178,0,0.041975
bilstm_finetuned,strip,template,13,chichewa+norm,chi_0179,1,0.000094
bilstm_finetuned,strip,template,13,chichewa+norm,chi_0180,1,0.011392
bilstm_finetuned,strip,template,13,chichewa+norm,chi_0181,1,0.267769
bilstm_finetuned,strip,template,13,chichewa+norm,chi_0182,0,0.000406
bilstm_finetuned,strip,template,13,chichewa+norm,chi_0183,0,0.531567
bilstm_finetuned,strip,template,13,chichewa+norm,chi_0184,0,0.000035
bilstm_finetuned,strip,template,13,chichewa+norm,chi_0185,1,0.999688
bilstm_finetuned,strip,template,13,chichewa+norm,chi_0186,1,0.000065
bilstm_finetuned,strip,template,13,chichewa+norm,chi_0187,1,0.003487
bilstm_finetuned,strip,template,13,chichewa+norm,chi_0188,0,0.003916
bilstm_finetuned,strip,template,13,chichewa+norm,chi_0189,0,0.027565
bilstm_finetuned,strip,template,13,chichewa+norm,chi_0190,1,0.532214
bilstm_finetuned,strip,template,13,chichewa+norm,chi_0191,1,0.614366
bilstm_finetuned,strip,template,13,chichewa+norm,chi_0192,0,0.022506
bilstm_finetuned,strip,template,13,chichewa+norm,chi_0193,0,0.550363
bilstm_finetuned,strip,template,13,chichewa+norm,chi_0194,0,0.000731
bilstm_finetuned,strip,template,13,chichewa+norm,chi_0195,0,0.000100
bilstm_finetuned,strip,template,13,chichewa+norm,chi_0196,1,0.999994
bilstm_finetuned,strip,template,13,chichewa+norm,chi_0197,1,0.021271
bilstm_finetuned,strip,template,13,chichewa+norm,chi_0198,1,0.000083
bilstm_finetuned,strip,template,13,chichewa+norm,chi_0199,1,0.424912
bilstm_finetuned,strip,template,13,chichewa+norm,chi_0200,1,0.005247
bilstm_finetuned,strip,template,13,chichewa+norm,chi_0201,0,0.062186
bilstm_finetuned,strip,template,13,chichewa+norm,chi_0202,1,0.095800
bilstm_finetuned,strip,template,13,chichewa+norm,chi_0203,1,0.000082
bilstm_finetuned,strip,template,13,chichewa+norm,chi_0204,1,0.140760
bilstm_finetuned,strip,template,13,chichewa+norm,chi_0205,0,0.988135
bilstm_finetuned,strip,template,13,chichewa+norm,chi_0206,0,0.948851
bilstm_finetuned,strip,template,13,chichewa+norm,chi_0207,1,0.251834
bilstm_finetuned,strip,template,13,chichewa+norm,chi_0208,1,0.070400
bilstm_finetuned,strip,template,13,chichewa+norm,chi_0209,1,0.000067
bilstm_finetuned,strip,template,13,chichewa+norm,chi_0210,0,0.000187
bilstm_finetuned,strip,template,13,chichewa+norm,chi_0211,0,0.002222
bilstm_finetuned,strip,template,13,chichewa+norm,chi_0212,1,0.999944
bilstm_finetuned,strip,template,13,chichewa+norm,chi_0213,1,0.000141
bilstm_finetuned,strip,template,13,chichewa+norm,chi_0214,1,0.999973
bilstm_finetuned,strip,template,13,chichewa+norm,chi_0215,0,0.003236
bilstm_finetuned,strip,template,13,chichewa+norm,chi_0216,0,0.000116
bilstm_finetuned,strip,template,13,chichewa+norm,chi_0217,1,0.635859
bilstm_finetuned,strip,template,13,chichewa+norm,chi_0218,1,0.995017
bilstm_finetuned,strip,template,13,chichewa+norm,chi_0219,1,0.648777
bilstm_finetuned,strip,template,13,chichewa+norm,chi_0220,0,0.000042
bilstm_finetuned,strip,template,13,chichewa+norm,chi_0221,0,0.060076
bilstm_finetuned,strip,template,13,chichewa+norm,chi_0222,0,0.069944
bilstm_finetuned,strip,template,13,chichewa+norm,chi_0223,1,0.624053
bilstm_finetuned,strip,template,13,chichewa+norm,chi_0224,1,0.777451
bilstm_finetuned,strip,template,13,chichewa+norm,chi_0225,0,0.443505
bilstm_finetuned,strip,template,13,chichewa+norm,chi_0226,0,0.000053
bilstm_finetuned,strip,template,13,chichewa+norm,chi_0227,0,0.000032
bilstm_finetuned,strip,template,13,chichewa+norm,chi_0228,0,0.620288
bilstm_finetuned,strip,template,13,chichewa+norm,chi_0229,1,0.999936
bilstm_finetuned,strip,template,13,chichewa+norm,chi_0230,1,0.804099
bilstm_finetuned,strip,template,13,chichewa+norm,chi_0231,1,0.996972
bilstm_finetuned,strip,template,13,chichewa+norm,chi_0232,0,0.999890
bilstm_finetuned,strip,template,13,chichewa+norm,chi_0233,1,0.812149
bilstm_finetuned,strip,template,13,chichewa+norm,chi_0234,0,0.502680
bilstm_finetuned,strip,template,13,chichewa+norm,chi_0235,0,0.002041
bilstm_finetuned,strip,template,13,chichewa+norm,chi_0236,1,0.577616
bilstm_finetuned,strip,template,13,chichewa+norm,chi_0237,1,0.000128
bilstm_finetuned,strip,template,13,chichewa+norm,chi_0238,0,0.020173
bilstm_finetuned,strip,template,13,chichewa+norm,chi_0239,0,0.000406
bilstm_finetuned,strip,template,13,chichewa+norm,chi_0240,0,0.002496
bilstm_finetuned,strip,template,13,chichewa+norm,chi_0241,0,0.001047
bilstm_finetuned,strip,template,13,chichewa+norm,chi_0242,1,0.999562
bilstm_finetuned,strip,template,13,chichewa+norm,chi_0243,1,0.094694
bilstm_finetuned,strip,template,13,chichewa+norm,chi_0244,0,0.184308
bilstm_finetuned,strip,template,13,chichewa+norm,chi_0245,1,0.995225
bilstm_finetuned,strip,template,13,chichewa+norm,chi_0246,1,0.000087
bilstm_finetuned,strip,template,13,chichewa+norm,chi_0247,1,0.680630
bilstm_finetuned,strip,template,13,chichewa+norm,chi_0248,0,0.004914
bilstm_finetuned,strip,template,13,chichewa+norm,chi_0249,0,0.000497
bilstm_finetuned,strip,template,13,chichewa+norm,chi_0250,0,0.963248
bilstm_finetuned,strip,template,13,chichewa+norm,chi_0251,0,0.998725
bilstm_finetuned,strip,template,13,chichewa+norm,chi_0252,0,0.000116
bilstm_finetuned,strip,template,13,chichewa+norm,chi_0253,0,0.001051
bilstm_finetuned,strip,template,13,chichewa+norm,chi_0254,1,0.000181
bilstm_finetuned,strip,template,13,chichewa+norm,chi_0255,1,0.797491
bilstm_finetuned,strip,template,13,chichewa+norm,chi_0256,0,0.000316
bilstm_finetuned,strip,template,13,chichewa+norm,chi_0257,0,0.001975
bilstm_finetuned,strip,template,13,chichewa+norm,chi_0258,1,0.000058
bilstm_finetuned,strip,template,13,chichewa+norm,chi_0259,0,0.214846
bilstm_finetuned,strip,template,13,chichewa+norm,chi_0260,1,0.994817
bilstm_finetuned,strip,template,13,chichewa+norm,chi_0261,1,0.299929
bilstm_finetuned,strip,template,13,chichewa+norm,chi_0262,1,0.999442
bilstm_finetuned,strip,template,13,chichewa+norm,chi_0263,0,0.036139
bilstm_finetuned,strip,template,13,chichewa+norm,chi_0264,0,0.000055
bilstm_finetuned,strip,template,13,chichewa+norm,chi_0265,0,0.057316
bilstm_finetuned,strip,template,13,chichewa+norm,chi_0266,1,0.031750
bilstm_finetuned,strip,template,13,chichewa+norm,chi_0267,1,0.000175
bilstm_finetuned,strip,template,13,chichewa+norm,chi_0268,1,0.999479
bilstm_finetuned,strip,template,13,chichewa+norm,chi_0269,0,0.000031
bilstm_finetuned,strip,template,13,chichewa+norm,chi_0270,0,0.002383
bilstm_finetuned,strip,template,13,chichewa+norm,chi_0271,0,0.002420
bilstm_finetuned,strip,template,13,chichewa+norm,chi_0272,1,0.000146
bilstm_finetuned,strip,template,13,chichewa+norm,chi_0273,1,0.003517
bilstm_finetuned,strip,template,13,chichewa+norm,chi_0274,1,0.622033
bilstm_finetuned,strip,template,13,chichewa+norm,chi_0275,1,0.999993
bilstm_finetuned,strip,template,13,chichewa+norm,chi_0276,0,0.001568
bilstm_finetuned,strip,template,13,chichewa+norm,chi_0277,1,0.077190
bilstm_finetuned,strip,template,13,chichewa+norm,chi_0278,1,0.000092
bilstm_finetuned,strip,template,13,chichewa+norm,chi_0279,0,0.003814
bilstm_finetuned,strip,template,13,chichewa+norm,chi_0280,0,0.056602
bilstm_finetuned,strip,template,13,chichewa+norm,chi_0281,1,0.999947
bilstm_finetuned,strip,template,13,chichewa+norm,chi_0282,0,0.632484
bilstm_finetuned,strip,template,13,chichewa+norm,chi_0283,0,0.002485
bilstm_finetuned,strip,template,13,chichewa+norm,chi_0284,1,0.198935
bilstm_finetuned,strip,template,13,chichewa+norm,chi_0285,1,0.999760
bilstm_finetuned,strip,template,13,chichewa+norm,chi_0286,1,0.442870
bilstm_finetuned,strip,template,13,chichewa+norm,chi_0287,0,0.000174
bilstm_finetuned,strip,template,13,chichewa+norm,chi_0288,0,0.000123
bilstm_finetuned,strip,template,13,chichewa+norm,chi_0289,0,0.000032
bilstm_finetuned,strip,template,13,chichewa+norm,chi_0290,1,0.714614
bilstm_finetuned,strip,template,13,chichewa+norm,chi_0291,1,0.948003
bilstm_finetuned,strip,template,13,chichewa+norm,chi_0292,0,0.004014
bilstm_finetuned,strip,template,13,chichewa+norm,chi_0293,0,0.525945
bilstm_finetuned,strip,template,13,chichewa+norm,chi_0294,0,0.999928
bilstm_finetuned,strip,template,13,chichewa+norm,chi_0295,1,0.114014
bilstm_finetuned,strip,template,13,chichewa+norm,chi_0296,1,0.296983
bilstm_finetuned,strip,template,13,chichewa+norm,chi_0297,0,0.000057
bilstm_finetuned,strip,template,13,chichewa+norm,chi_0298,0,0.000048
bilstm_finetuned,strip,template,13,chichewa+norm,chi_0299,0,0.035485
bilstm_finetuned,strip,template,13,chichewa+norm,chi_0300,1,0.998936
bilstm_finetuned,strip,template,13,chichewa+norm,chi_0301,1,0.000107
bilstm_finetuned,strip,template,13,chichewa+norm,chi_0302,1,0.339797
bilstm_finetuned,strip,template,13,chichewa+norm,chi_0303,0,0.426501
bilstm_finetuned,strip,template,13,chichewa+norm,chi_0304,0,0.427212
bilstm_finetuned,strip,template,13,chichewa+norm,chi_0305,0,0.427116
bilstm_finetuned,strip,template,13,chichewa+norm,chi_0306,0,0.391464
bilstm_finetuned,strip,template,13,chichewa+norm,chi_0307,1,0.998326
bilstm_finetuned,strip,template,13,chichewa+norm,chi_0308,1,0.373605
bilstm_finetuned,strip,template,13,chichewa+norm,chi_0309,1,0.539219
bilstm_finetuned,strip,template,13,chichewa+norm,chi_0310,1,0.002839
bilstm_finetuned,strip,template,13,chichewa+norm,chi_0311,0,0.000084
bilstm_finetuned,strip,template,13,chichewa+norm,chi_0312,0,0.528779
bilstm_finetuned,strip,template,13,chichewa+norm,chi_0313,0,0.428103
bilstm_finetuned,strip,template,13,chichewa+norm,chi_0314,1,0.321527
bilstm_finetuned,strip,template,13,chichewa+norm,chi_0315,1,0.012921
bilstm_finetuned,strip,template,13,chichewa+norm,chi_0316,0,0.427808
bilstm_finetuned,strip,template,13,chichewa+norm,chi_0317,0,0.000050
bilstm_finetuned,strip,template,13,chichewa+norm,chi_0318,1,0.903792
bilstm_finetuned,strip,template,13,chichewa+norm,chi_0319,1,0.088298
bilstm_finetuned,strip,template,13,chichewa+norm,chi_0320,0,0.000782
bilstm_finetuned,strip,template,13,chichewa+norm,chi_0321,1,0.579960
bilstm_finetuned,strip,template,13,chichewa+norm,chi_0322,0,0.464082
bilstm_finetuned,strip,template,13,chichewa+norm,chi_0323,0,0.036589
bilstm_finetuned,strip,template,13,chichewa+norm,chi_0324,0,0.044688
bilstm_finetuned,strip,template,13,chichewa+norm,chi_0325,0,0.999993
bilstm_finetuned,strip,template,13,chichewa+norm,chi_0326,1,0.999730
bilstm_finetuned,strip,template,13,chichewa+norm,chi_0327,1,0.000070
bilstm_finetuned,strip,template,13,chichewa+norm,chi_0328,0,0.390352
bilstm_finetuned,strip,template,13,chichewa+norm,chi_0329,0,0.002280
bilstm_finetuned,strip,template,13,chichewa+norm,chi_0330,0,0.000081
bilstm_finetuned,strip,template,13,chichewa+norm,chi_0331,1,0.220185
bilstm_finetuned,strip,template,13,chichewa+norm,chi_0332,0,0.102828
bilstm_finetuned,strip,template,13,chichewa+norm,chi_0333,0,0.305541
bilstm_finetuned,strip,template,13,chichewa+norm,chi_0334,0,0.303484
bilstm_finetuned,strip,template,13,chichewa+norm,chi_0335,0,0.000479
bilstm_finetuned,strip,template,13,chichewa+norm,chi_0336,1,0.999920
bilstm_finetuned,strip,template,13,chichewa+norm,chi_0337,1,0.000070
bilstm_finetuned,strip,template,13,chichewa+norm,chi_0338,1,0.999803
bilstm_finetuned,strip,template,13,chichewa+norm,chi_0339,0,0.031857
bilstm_finetuned,strip,template,13,chichewa+norm,chi_0340,0,0.001518
bilstm_finetuned,strip,template,13,chichewa+norm,chi_0341,0,0.047911
bilstm_finetuned,strip,template,13,chichewa+norm,chi_0342,1,0.441590
bilstm_finetuned,strip,template,13,chichewa+norm,chi_0343,1,0.376573
bilstm_finetuned,strip,template,13,chichewa+norm,chi_0344,1,0.381932
bilstm_finetuned,strip,template,13,chichewa+norm,chi_0345,0,0.003423
bilstm_finetuned,strip,template,13,chichewa+norm,chi_0346,0,0.000188
bilstm_finetuned,strip,template,13,chichewa+norm,chi_0347,1,0.999896
bilstm_finetuned,strip,template,13,chichewa+norm,chi_0348,0,0.010223
bilstm_finetuned,strip,template,13,chichewa+norm,chi_0349,0,0.000088
bilstm_finetuned,strip,template,13,chichewa+norm,chi_0350,1,0.999932
bilstm_finetuned,strip,template,13,chichewa+norm,chi_0351,1,0.412505
bilstm_finetuned,strip,template,13,chichewa+norm,chi_0352,1,0.216553
bilstm_finetuned,strip,template,13,chichewa+norm,chi_0353,1,0.000053
bilstm_finetuned,strip,template,13,chichewa+norm,chi_0354,1,0.000115
bilstm_finetuned,strip,template,13,chichewa+norm,chi_0355,0,0.192856
bilstm_finetuned,strip,template,13,chichewa+norm,chi_0356,0,0.001695
bilstm_finetuned,strip,template,13,chichewa+norm,chi_0357,0,0.003859
bilstm_finetuned,strip,template,13,chichewa+norm,chi_0358,0,0.000190
bilstm_finetuned,strip,template,13,chichewa+norm,chi_0359,1,0.571456
bilstm_finetuned,strip,template,13,chichewa+norm,chi_0360,0,0.627181
bilstm_finetuned,strip,template,13,chichewa+norm,chi_0361,1,0.678857
bilstm_finetuned,strip,template,13,chichewa+norm,chi_0362,1,0.999678
bilstm_finetuned,strip,template,13,chichewa+norm,chi_0363,1,0.531629
bilstm_finetuned,strip,template,13,chichewa+norm,chi_0364,0,0.000154
bilstm_finetuned,strip,template,13,chichewa+norm,chi_0365,0,0.001927
bilstm_finetuned,strip,template,13,chichewa+norm,chi_0366,0,0.007260
bilstm_finetuned,strip,template,13,chichewa+norm,chi_0367,1,0.000149
bilstm_finetuned,strip,template,13,chichewa+norm,chi_0368,1,0.566376
bilstm_finetuned,strip,template,13,chichewa+norm,chi_0369,0,0.001322
bilstm_finetuned,strip,template,13,chichewa+norm,chi_0370,0,0.000614
bilstm_finetuned,strip,template,13,chichewa+norm,chi_0371,0,0.007559
bilstm_finetuned,strip,template,13,chichewa+norm,chi_0372,1,0.676384
bilstm_finetuned,strip,template,13,chichewa+norm,chi_0373,1,0.617707
bilstm_finetuned,strip,template,13,chichewa+norm,chi_0374,0,0.000357
bilstm_finetuned,strip,template,13,chichewa+norm,chi_0375,0,0.000483
bilstm_finetuned,strip,template,13,chichewa+norm,chi_0376,1,0.000172
bilstm_finetuned,strip,template,13,chichewa+norm,chi_0377,1,0.000055
bilstm_finetuned,strip,template,13,chichewa+norm,chi_0378,0,0.044191
bilstm_finetuned,strip,template,13,chichewa+norm,chi_0379,0,0.000146
bilstm_finetuned,strip,template,13,chichewa+norm,chi_0380,1,0.000074
bilstm_finetuned,strip,template,13,chichewa+norm,chi_0381,1,0.000193
bilstm_finetuned,strip,template,13,chichewa+norm,chi_0382,0,0.000250
bilstm_finetuned,strip,template,13,chichewa+norm,chi_0383,0,0.001485
bilstm_finetuned,strip,template,13,chichewa+norm,chi_0384,1,0.000164
bilstm_finetuned,strip,template,13,chichewa+norm,chi_0385,1,0.005420
bilstm_finetuned,strip,template,13,chichewa+norm,chi_0386,1,0.000066
bilstm_finetuned,strip,template,13,chichewa+norm,chi_0387,1,0.003639
bilstm_finetuned,strip,template,13,chichewa+norm,chi_0388,0,0.012597
bilstm_finetuned,strip,template,13,chichewa+norm,chi_0389,1,0.000153
bilstm_finetuned,strip,template,13,chichewa+norm,chi_0390,0,0.000113
bilstm_finetuned,strip,template,13,chichewa+norm,chi_0391,0,0.000150
bilstm_finetuned,strip,template,13,chichewa+norm,chi_0392,1,0.986151
bilstm_finetuned,strip,template,13,chichewa+norm,chi_0393,0,0.000112
bilstm_finetuned,strip,template,13,chichewa+norm,chi_0394,0,0.000065
bilstm_finetuned,strip,template,13,chichewa+norm,chi_0395,1,0.081868
bilstm_finetuned,strip,template,13,chichewa+norm,chi_0396,0,0.000192
bilstm_finetuned,strip,template,13,chichewa+norm,chi_0397,0,0.009244
bilstm_finetuned,strip,template,13,chichewa+norm,chi_0398,0,0.006550
bilstm_finetuned,strip,template,13,chichewa+norm,chi_0399,0,0.573121
bilstm_finetuned,strip,template,13,chichewa+norm,chi_0400,0,0.000085
bilstm_finetuned,strip,template,13,chichewa+norm,chi_0401,0,0.000077
bilstm_finetuned,strip,template,13,chichewa+norm,chi_0402,0,0.000190
bilstm_finetuned,strip,template,13,chichewa+norm,chi_0403,0,0.000054
bilstm_finetuned,strip,template,13,chichewa+norm,chi_0404,0,0.000057
bilstm_finetuned,strip,template,13,chichewa+norm,chi_0405,0,0.000870
bilstm_finetuned,strip,template,13,chichewa+norm,chi_0406,0,0.001355
bilstm_finetuned,strip,template,13,chichewa+norm,chi_0407,0,0.001312
bilstm_finetuned,strip,template,13,chichewa+norm,chi_0408,0,0.002998
bilstm_finetuned,strip,template,13,chichewa+norm,chi_0409,0,0.036446
bilstm_finetuned,strip,template,13,chichewa+norm,chi_0410,0,0.000073
bilstm_finetuned,strip,template,13,chichewa+norm,chi_0411,1,0.051875
bilstm_finetuned,strip,template,13,chichewa+norm,chi_0412,1,0.234511
bilstm_finetuned,strip,template,13,chichewa+norm,chi_0413,1,0.999702
bilstm_finetuned,strip,template,13,chichewa+norm,chi_0414,0,0.188791
bilstm_finetuned,strip,template,13,chichewa+norm,chi_0415,0,0.001033
bilstm_finetuned,strip,template,13,chichewa+norm,chi_0416,1,0.050454
bilstm_finetuned,strip,template,13,chichewa+norm,chi_0417,1,0.326000
bilstm_finetuned,strip,template,13,chichewa+norm,chi_0418,1,0.000183
bilstm_finetuned,strip,template,13,chichewa+norm,chi_0419,0,0.032106
bilstm_finetuned,strip,template,13,chichewa+norm,chi_0420,1,0.860906
bilstm_finetuned,strip,template,13,chichewa+norm,chi_0421,0,0.128019
bilstm_finetuned,strip,template,13,chichewa+norm,chi_0422,0,0.047516
bilstm_finetuned,strip,template,13,chichewa+norm,chi_0423,1,0.978473
bilstm_finetuned,strip,template,13,chichewa+norm,chi_0424,1,0.000164
bilstm_finetuned,strip,template,13,chichewa+norm,chi_0425,0,0.138857
bilstm_finetuned,strip,template,13,chichewa+norm,chi_0426,1,0.000160
bilstm_finetuned,strip,template,13,chichewa+norm,chi_0427,1,0.000291
bilstm_finetuned,strip,template,13,chichewa+norm,chi_0428,1,0.999729
bilstm_finetuned,strip,template,13,chichewa+norm,chi_0429,0,0.172174
bilstm_finetuned,strip,template,13,chichewa+norm,chi_0430,0,0.150466
bilstm_finetuned,strip,template,13,chichewa+norm,chi_0431,0,0.122760
bilstm_finetuned,strip,template,13,chichewa+norm,chi_0432,1,0.999828
bilstm_finetuned,strip,template,13,chichewa+norm,chi_0433,1,0.999717
bilstm_finetuned,strip,template,13,chichewa+norm,chi_0434,1,0.999627
bilstm_finetuned,strip,template,13,chichewa+norm,chi_0435,1,0.087970
bilstm_finetuned,strip,template,13,chichewa+norm,chi_0436,1,0.999857
bilstm_finetuned,strip,template,13,chichewa+norm,chi_0437,1,0.999798
bilstm_finetuned,strip,template,13,chichewa+norm,chi_0438,1,0.999116
bilstm_finetuned,strip,template,13,chichewa+norm,chi_0439,1,0.011446
bilstm_finetuned,strip,template,13,chichewa+norm,chi_0440,1,0.999588
bilstm_finetuned,strip,template,13,chichewa+norm,chi_0441,1,0.999119
bilstm_finetuned,strip,template,13,chichewa+norm,chi_0442,1,0.999546
bilstm_finetuned,strip,template,13,chichewa+norm,chi_0443,1,0.084356
bilstm_finetuned,strip,template,13,chichewa+norm,chi_0444,1,0.218441
bilstm_finetuned,strip,template,13,chichewa+norm,chi_0445,1,0.137721
bilstm_finetuned,strip,template,13,chichewa+norm,chi_0446,1,0.153961
bilstm_finetuned,strip,template,13,chichewa+norm,chi_0447,1,0.229491
bilstm_finetuned,strip,template,13,chichewa+norm,chi_0448,1,0.233125
bilstm_finetuned,strip,template,13,chichewa+norm,chi_0449,1,0.999806
bilstm_finetuned,strip,template,13,chichewa+norm,chi_0450,1,0.998942
bilstm_finetuned,strip,template,13,chichewa+norm,chi_0451,0,0.004764
bilstm_finetuned,strip,template,13,chichewa+norm,chi_0452,0,0.000726
bilstm_finetuned,strip,template,13,chichewa+norm,chi_0453,1,0.999740
bilstm_finetuned,strip,template,13,chichewa+norm,chi_0454,1,0.999795
bilstm_finetuned,strip,template,13,chichewa+norm,chi_0455,1,0.636179
bilstm_finetuned,strip,template,13,chichewa+norm,chi_0456,1,0.738382
bilstm_finetuned,strip,template,13,chichewa+norm,chi_0457,1,0.999872
bilstm_finetuned,strip,template,13,chichewa+norm,chi_0458,1,0.999777
bilstm_finetuned,strip,template,13,chichewa+norm,chi_0459,0,0.037786
bilstm_finetuned,strip,template,13,chichewa+norm,chi_0460,1,0.999657
bilstm_finetuned,strip,template,13,chichewa+norm,chi_0461,1,0.999479
bilstm_finetuned,strip,template,13,chichewa+norm,chi_0462,0,0.000057
bilstm_finetuned,strip,template,13,chichewa+norm,chi_0463,0,0.000162
bilstm_finetuned,strip,template,13,chichewa+norm,chi_0464,1,0.999292
bilstm_finetuned,strip,template,13,chichewa+norm,chi_0465,0,0.000261
bilstm_finetuned,strip,template,13,chichewa+norm,chi_0466,0,0.700048
bilstm_finetuned,strip,template,13,chichewa+norm,chi_0467,1,0.999697
bilstm_finetuned,strip,template,13,chichewa+norm,chi_0468,1,0.999592
bilstm_finetuned,strip,template,13,chichewa+norm,chi_0469,0,0.000063
bilstm_finetuned,strip,template,13,chichewa+norm,chi_0470,0,0.998709
bilstm_finetuned,strip,template,13,chichewa+norm,chi_0471,1,0.999888
bilstm_finetuned,strip,template,13,chichewa+norm,chi_0472,1,0.999947
bilstm_finetuned,strip,template,13,chichewa+norm,chi_0473,0,0.000101
bilstm_finetuned,strip,template,13,chichewa+norm,chi_0474,0,0.011597
bilstm_finetuned,strip,template,13,chichewa+norm,chi_0475,1,0.019458
bilstm_finetuned,strip,template,13,chichewa+norm,chi_0476,1,0.999855
bilstm_finetuned,strip,template,13,chichewa+norm,chi_0477,1,0.998277
bilstm_finetuned,strip,template,13,chichewa+norm,chi_0478,0,0.029683
bilstm_finetuned,strip,template,13,chichewa+norm,chi_0479,0,0.992810
bilstm_finetuned,strip,template,13,chichewa+norm,chi_0480,0,0.000163
bilstm_finetuned,strip,template,13,chichewa+norm,chi_0481,1,0.999666
bilstm_finetuned,strip,template,13,chichewa+norm,chi_0482,1,0.998094
bilstm_finetuned,strip,template,13,chichewa+norm,chi_0483,0,0.999656
bilstm_finetuned,strip,template,13,chichewa+norm,chi_0484,0,0.993623
bilstm_finetuned,strip,template,13,chichewa+norm,chi_0485,0,0.000080
bilstm_finetuned,strip,template,13,chichewa+norm,chi_0486,1,0.991916
bilstm_finetuned,strip,template,13,chichewa+norm,chi_0487,1,0.998098
bilstm_finetuned,strip,template,13,chichewa+norm,chi_0488,1,0.068806
bilstm_finetuned,strip,template,13,chichewa+norm,chi_0489,0,0.718756
bilstm_finetuned,strip,template,13,chichewa+norm,chi_0490,0,0.986769
bilstm_finetuned,strip,template,13,chichewa+norm,chi_0491,1,0.999747
bilstm_finetuned,strip,template,13,chichewa+norm,chi_0492,1,0.999701
bilstm_finetuned,strip,template,13,chichewa+norm,chi_0493,1,0.999988
bilstm_finetuned,strip,template,13,chichewa+norm,chi_0494,0,0.999836
bilstm_finetuned,strip,template,13,chichewa+norm,chi_0495,0,0.753287
bilstm_finetuned,strip,template,13,chichewa+norm,chi_0496,0,0.012660
bilstm_finetuned,strip,template,13,chichewa+norm,chi_0497,1,0.999705
bilstm_finetuned,strip,template,13,chichewa+norm,chi_0498,1,0.999689
bilstm_finetuned,strip,template,13,chichewa+norm,chi_0499,0,0.000083
bilstm_finetuned,strip,template,13,chichewa+norm,chi_0500,0,0.000390
bilstm_finetuned,strip,template,13,chichewa+norm,chi_0501,0,0.687127
bilstm_finetuned,strip,template,13,chichewa+norm,chi_0502,1,0.999824
bilstm_finetuned,strip,template,13,chichewa+norm,chi_0503,1,0.000060
bilstm_finetuned,strip,template,13,chichewa+norm,chi_0504,1,0.999917
bilstm_finetuned,strip,template,13,chichewa+norm,chi_0505,0,0.000097
bilstm_finetuned,strip,template,13,chichewa+norm,chi_0506,0,0.000107
bilstm_finetuned,strip,template,13,chichewa+norm,chi_0507,0,0.000057
bilstm_finetuned,strip,template,13,chichewa+norm,chi_0508,1,0.999275
bilstm_finetuned,strip,template,13,chichewa+norm,chi_0509,1,0.999420
bilstm_finetuned,strip,template,13,chichewa+norm,chi_0510,1,0.999345
bilstm_finetuned,strip,template,13,chichewa+norm,chi_0511,0,0.518285
bilstm_finetuned,strip,template,13,chichewa+norm,chi_0512,0,0.000049
bilstm_finetuned,strip,template,13,chichewa+norm,chi_0513,0,0.000062
bilstm_finetuned,strip,template,13,chichewa+norm,chi_0514,1,0.000037
bilstm_finetuned,strip,template,13,chichewa+norm,chi_0515,1,0.998612
bilstm_finetuned,strip,template,13,chichewa+norm,chi_0516,1,0.995507
bilstm_finetuned,strip,template,13,chichewa+norm,chi_0517,0,0.620675
bilstm_finetuned,strip,template,13,chichewa+norm,chi_0518,0,0.000085
bilstm_finetuned,strip,template,13,chichewa+norm,chi_0519,1,0.999989
bilstm_finetuned,strip,template,13,chichewa+norm,chi_0520,1,0.907902
bilstm_finetuned,strip,template,13,chichewa+norm,chi_0521,1,0.000052
bilstm_finetuned,strip,template,13,chichewa+norm,chi_0522,0,0.610898
bilstm_finetuned,strip,template,13,chichewa+norm,chi_0523,0,0.000113
bilstm_finetuned,strip,template,13,chichewa+norm,chi_0524,0,0.021033
bilstm_finetuned,strip,template,13,chichewa+norm,chi_0525,1,0.999424
bilstm_finetuned,strip,template,13,chichewa+norm,chi_0526,1,0.999799
bilstm_finetuned,strip,template,13,chichewa+norm,chi_0527,1,0.998358
bilstm_finetuned,strip,template,13,chichewa+norm,chi_0528,0,0.000194
bilstm_finetuned,strip,template,13,chichewa+norm,chi_0529,0,0.674540
bilstm_finetuned,strip,template,13,chichewa+norm,chi_0530,0,0.000056
bilstm_finetuned,strip,template,13,chichewa+norm,chi_0531,1,0.999796
bilstm_finetuned,strip,template,13,chichewa+norm,chi_0532,1,0.998528
bilstm_finetuned,strip,template,13,chichewa+norm,chi_0533,1,0.996843
bilstm_finetuned,strip,template,13,chichewa+norm,chi_0534,0,0.667264
bilstm_finetuned,strip,template,13,chichewa+norm,chi_0535,0,0.344627
bilstm_finetuned,strip,template,13,chichewa+norm,chi_0536,0,0.000076
bilstm_finetuned,strip,template,13,chichewa+norm,chi_0537,1,0.998266
bilstm_finetuned,strip,template,13,chichewa+norm,chi_0538,1,0.081616
bilstm_finetuned,strip,template,13,chichewa+norm,chi_0539,1,0.999987
bilstm_finetuned,strip,template,13,chichewa+norm,chi_0540,0,0.000144
bilstm_finetuned,strip,template,13,chichewa+norm,chi_0541,0,0.000051
bilstm_finetuned,strip,template,13,chichewa+norm,chi_0542,0,0.386376
bilstm_finetuned,strip,template,13,chichewa+norm,chi_0543,1,0.999913
bilstm_finetuned,strip,template,13,chichewa+norm,chi_0544,1,0.999560
bilstm_finetuned,strip,template,13,chichewa+norm,chi_0545,1,0.999868
bilstm_finetuned,strip,template,13,chichewa+norm,chi_0546,0,0.000175
bilstm_finetuned,strip,template,13,chichewa+norm,chi_0547,0,0.540635
bilstm_finetuned,strip,template,13,chichewa+norm,chi_0548,0,0.000069
bilstm_finetuned,strip,template,13,chichewa+norm,chi_0549,1,0.999695
bilstm_finetuned,strip,template,13,chichewa+norm,chi_0550,1,0.997880
bilstm_finetuned,strip,template,13,chichewa+norm,chi_0551,1,0.839377
bilstm_finetuned,strip,template,13,chichewa+norm,chi_0552,0,0.601751
bilstm_finetuned,strip,template,13,chichewa+norm,chi_0553,0,0.000075
bilstm_finetuned,strip,template,13,chichewa+norm,chi_0554,1,0.903746
bilstm_finetuned,strip,template,13,chichewa+norm,chi_0555,1,0.771381
bilstm_finetuned,strip,template,13,chichewa+norm,chi_0556,1,0.533688
bilstm_finetuned,strip,template,13,chichewa+norm,chi_0557,0,0.659678
bilstm_finetuned,strip,template,13,chichewa+norm,chi_0558,0,0.427268
bilstm_finetuned,strip,template,13,chichewa+norm,chi_0559,0,0.709980
bilstm_finetuned,strip,template,13,chichewa+norm,chi_0560,1,0.557485
bilstm_finetuned,strip,template,13,chichewa+norm,chi_0561,1,0.999289
bilstm_finetuned,strip,template,13,chichewa+norm,chi_0562,1,0.997688
bilstm_finetuned,strip,template,13,chichewa+norm,chi_0563,0,0.000139
bilstm_finetuned,strip,template,13,chichewa+norm,chi_0564,0,0.535793
bilstm_finetuned,strip,template,13,chichewa+norm,chi_0565,0,0.000077
bilstm_finetuned,strip,template,13,chichewa+norm,chi_0566,0,0.003119
bilstm_finetuned,strip,template,13,chichewa+norm,chi_0567,1,0.998845
bilstm_finetuned,strip,template,13,chichewa+norm,chi_0568,1,0.998958
bilstm_finetuned,strip,template,13,chichewa+norm,chi_0569,1,0.999347
bilstm_finetuned,strip,template,13,chichewa+norm,chi_0570,1,0.999465
bilstm_finetuned,strip,template,13,chichewa+norm,chi_0571,0,0.735821
bilstm_finetuned,strip,template,13,chichewa+norm,chi_0572,1,0.999467
bilstm_finetuned,strip,template,13,chichewa+norm,chi_0573,1,0.894506
bilstm_finetuned,strip,template,13,chichewa+norm,chi_0574,1,0.997589
bilstm_finetuned,strip,template,13,chichewa+norm,chi_0575,0,0.453498
bilstm_finetuned,strip,template,13,chichewa+norm,chi_0576,1,0.747923
bilstm_finetuned,strip,template,13,chichewa+norm,chi_0577,1,0.077289
bilstm_finetuned,strip,template,13,chichewa+norm,chi_0578,0,0.057982
bilstm_finetuned,strip,template,13,chichewa+norm,chi_0579,0,0.010989
bilstm_finetuned,strip,template,13,chichewa+norm,chi_0580,0,0.031512
bilstm_finetuned,strip,template,13,chichewa+norm,chi_0581,1,0.410667
bilstm_finetuned,strip,template,13,chichewa+norm,chi_0582,0,0.000213
bilstm_finetuned,strip,template,13,chichewa+norm,chi_0583,0,0.061237
bilstm_finetuned,strip,template,13,chichewa+norm,chi_0584,0,0.020975
bilstm_finetuned,strip,template,13,chichewa+norm,chi_0585,0,0.071798
bilstm_finetuned,strip,template,13,chichewa+norm,chi_0586,0,0.000103
bilstm_finetuned,strip,template,13,chichewa+norm,chi_0587,0,0.419444
bilstm_finetuned,strip,template,13,chichewa+norm,chi_0588,0,0.020328
bilstm_finetuned,strip,template,13,chichewa+norm,chi_0589,1,0.000081
bilstm_finetuned,strip,template,13,chichewa+norm,chi_0590,1,0.999992
bilstm_finetuned,strip,template,13,chichewa+norm,chi_0591,1,0.499756
bilstm_finetuned,strip,template,13,chichewa+norm,chi_0592,0,0.018529
bilstm_finetuned,strip,template,13,chichewa+norm,chi_0593,0,0.977414
bilstm_finetuned,strip,template,13,chichewa+norm,chi_0594,0,0.229387
bilstm_finetuned,strip,template,13,chichewa+norm,chi_0595,1,0.005421
bilstm_finetuned,strip,template,13,chichewa+norm,chi_0596,1,0.537215
bilstm_finetuned,strip,template,13,chichewa+norm,chi_0597,1,0.916069
bilstm_finetuned,strip,template,13,chichewa+norm,chi_0598,1,0.884620
bilstm_finetuned,strip,template,13,chichewa+norm,chi_0599,0,0.000206
bilstm_finetuned,strip,template,13,chichewa+norm,chi_0600,0,0.000176
bilstm_finetuned,strip,template,13,chichewa+norm,chi_0601,0,0.000166
bilstm_finetuned,strip,template,13,chichewa+norm,chi_0602,1,0.888015
bilstm_finetuned,strip,template,13,chichewa+norm,chi_0603,0,0.000102
bilstm_finetuned,strip,template,13,chichewa+norm,chi_0604,0,0.000118
bilstm_finetuned,strip,template,13,chichewa+norm,chi_0605,0,0.779693
bilstm_finetuned,strip,template,13,chichewa+norm,chi_0606,1,0.000129
bilstm_finetuned,strip,template,13,chichewa+norm,chi_0607,0,0.056357
bilstm_finetuned,strip,template,13,chichewa+norm,chi_0608,0,0.049673
bilstm_finetuned,strip,template,13,chichewa+norm,chi_0609,0,0.048946
bilstm_finetuned,strip,template,13,chichewa+norm,chi_0610,1,0.573091
bilstm_finetuned,strip,template,13,chichewa+norm,chi_0611,0,0.002850
bilstm_finetuned,strip,template,13,chichewa+norm,chi_0612,0,0.400579
bilstm_finetuned,strip,template,13,chichewa+norm,chi_0613,0,0.001984
bilstm_finetuned,strip,template,13,chichewa+norm,chi_0614,0,0.000114
bilstm_finetuned,strip,template,13,chichewa+norm,chi_0615,1,0.984107
bilstm_finetuned,strip,template,13,chichewa+norm,chi_0616,0,0.110688
bilstm_finetuned,strip,template,13,chichewa+norm,chi_0617,0,0.078412
bilstm_finetuned,strip,template,13,chichewa+norm,chi_0618,1,0.999989
bilstm_finetuned,strip,template,13,chichewa+norm,chi_0619,1,0.999985
bilstm_finetuned,strip,template,13,chichewa+norm,chi_0620,1,0.886874
bilstm_finetuned,strip,template,13,chichewa+norm,chi_0621,0,0.012385
bilstm_finetuned,strip,template,13,chichewa+norm,chi_0622,0,0.003276
bilstm_finetuned,strip,template,13,chichewa+norm,chi_0623,0,0.001584
bilstm_finetuned,strip,template,13,chichewa+norm,chi_0624,1,0.999885
bilstm_finetuned,strip,template,13,chichewa+norm,chi_0625,0,0.715616
bilstm_finetuned,strip,template,13,chichewa+norm,chi_0626,0,0.156538
bilstm_finetuned,strip,template,13,chichewa+norm,chi_0627,0,0.295358
bilstm_finetuned,strip,template,13,chichewa+norm,chi_0628,0,0.138156
bilstm_finetuned,strip,template,13,chichewa+norm,chi_0629,0,0.506657
bilstm_finetuned,strip,template,13,chichewa+norm,chi_0630,1,0.999478
bilstm_finetuned,strip,template,13,chichewa+norm,chi_0631,1,0.835193
bilstm_finetuned,strip,template,13,chichewa+norm,chi_0632,0,0.708824
bilstm_finetuned,strip,template,13,chichewa+norm,chi_0633,0,0.000061
bilstm_finetuned,strip,template,13,chichewa+norm,chi_0634,1,0.586973
bilstm_finetuned,strip,template,13,chichewa+norm,chi_0635,1,0.999729
bilstm_finetuned,strip,template,13,chichewa+norm,chi_0636,1,0.998168
bilstm_finetuned,strip,template,13,chichewa+norm,chi_0637,0,0.000288
bilstm_finetuned,strip,template,13,chichewa+norm,chi_0638,0,0.000118
bilstm_finetuned,strip,template,13,chichewa+norm,chi_0639,0,0.717863
bilstm_finetuned,strip,template,13,chichewa+norm,chi_0640,0,0.876962
bilstm_finetuned,strip,template,13,chichewa+norm,chi_0641,1,0.772754
bilstm_finetuned,strip,template,13,chichewa+norm,chi_0642,1,0.796426
bilstm_finetuned,strip,template,13,chichewa+norm,chi_0643,1,0.744190
bilstm_finetuned,strip,template,13,chichewa+norm,chi_0644,0,0.983953
bilstm_finetuned,strip,template,13,chichewa+norm,chi_0645,1,0.999744
bilstm_finetuned,strip,template,13,chichewa+norm,chi_0646,1,0.999783
bilstm_finetuned,strip,template,13,chichewa+norm,chi_0647,1,0.985020
bilstm_finetuned,strip,template,13,chichewa+norm,chi_0648,1,0.999734
bilstm_finetuned,strip,template,13,chichewa+norm,chi_0649,1,0.599957
bilstm_finetuned,strip,template,13,chichewa+norm,chi_0650,1,0.999747
bilstm_finetuned,strip,template,13,chichewa+norm,chi_0651,1,0.998577
bilstm_finetuned,strip,template,13,chichewa+norm,chi_0652,1,0.000125
bilstm_finetuned,strip,template,13,chichewa+norm,chi_0653,1,0.999829
bilstm_finetuned,strip,template,13,chichewa+norm,chi_0654,1,0.998774
bilstm_finetuned,strip,template,13,chichewa+norm,chi_0655,1,0.666880
bilstm_finetuned,strip,template,13,chichewa+norm,chi_0656,1,0.000321
bilstm_finetuned,strip,template,13,chichewa+norm,chi_0657,1,0.000059
bilstm_finetuned,strip,template,13,chichewa+norm,chi_0658,1,0.980378
bilstm_finetuned,strip,template,13,chichewa+norm,chi_0659,1,0.999744
bilstm_finetuned,strip,template,13,chichewa+norm,chi_0660,1,0.799618
bilstm_finetuned,strip,template,13,chichewa+norm,chi_0661,1,0.454006
bilstm_finetuned,strip,template,13,chichewa+norm,chi_0662,1,0.732232
bilstm_finetuned,strip,template,13,chichewa+norm,chi_0663,1,0.000129
bilstm_finetuned,strip,template,13,chichewa+norm,chi_0664,1,0.999890
bilstm_finetuned,strip,template,13,chichewa+norm,chi_0665,1,0.377786
bilstm_finetuned,strip,template,13,chichewa+norm,chi_0666,1,0.227545
bilstm_finetuned,strip,template,13,chichewa+norm,chi_0667,1,0.004272
bilstm_finetuned,strip,template,13,chichewa+norm,chi_0668,0,0.008196
bilstm_finetuned,strip,template,13,chichewa+norm,chi_0669,0,0.011181
bilstm_finetuned,strip,template,13,chichewa+norm,chi_0670,0,0.810450
bilstm_finetuned,strip,template,13,chichewa+norm,chi_0671,0,0.000061
bilstm_finetuned,strip,template,13,chichewa+norm,chi_0672,0,0.046501
bilstm_finetuned,strip,template,13,chichewa+norm,chi_0673,0,0.473050
bilstm_finetuned,strip,template,13,chichewa+norm,chi_0674,0,0.979146
bilstm_finetuned,strip,template,13,chichewa+norm,chi_0675,0,0.002369
bilstm_finetuned,strip,template,13,chichewa+norm,chi_0676,0,0.174338
bilstm_finetuned,strip,template,13,chichewa+norm,chi_0677,0,0.148695
bilstm_finetuned,strip,template,13,chichewa+norm,chi_0678,0,0.000053
bilstm_finetuned,strip,template,13,chichewa+norm,chi_0679,0,0.000044
bilstm_finetuned,strip,template,13,chichewa+norm,chi_0680,0,0.000136
bilstm_finetuned,strip,template,13,chichewa+norm,chi_0681,0,0.999648
bilstm_finetuned,strip,template,13,chichewa+norm,chi_0682,0,0.000046
bilstm_finetuned,strip,template,13,chichewa+norm,chi_0683,0,0.000054
bilstm_finetuned,strip,template,13,chichewa+norm,chi_0684,0,0.000079
bilstm_finetuned,strip,template,13,chichewa+norm,chi_0685,0,0.000048
bilstm_finetuned,strip,template,13,chichewa+norm,chi_0686,0,0.000051
bilstm_finetuned,strip,template,13,chichewa+norm,chi_0687,0,0.000083
bilstm_finetuned,strip,template,13,chichewa+norm,chi_0688,0,0.000060
bilstm_finetuned,strip,template,13,chichewa+norm,chi_0689,0,0.000100
bilstm_finetuned,strip,template,13,chichewa+norm,chi_0690,0,0.062674
bilstm_finetuned,strip,template,13,chichewa+norm,chi_0691,0,0.598535
bilstm_finetuned,strip,template,13,chichewa+norm,chi_0692,0,0.000073
bilstm_finetuned,strip,template,13,chichewa+norm,chi_0693,0,0.393225
bilstm_finetuned,strip,template,13,chichewa+norm,chi_0694,0,0.394197
bilstm_finetuned,strip,template,13,chichewa+norm,chi_0695,0,0.028146
bilstm_finetuned,strip,template,13,chichewa+norm,chi_0696,0,0.003720
bilstm_finetuned,strip,template,13,chichewa+norm,chi_0697,0,0.224137
bilstm_finetuned,strip,template,13,chichewa+norm,chi_0698,0,0.000083
bilstm_finetuned,strip,template,13,chichewa+norm,chi_0699,0,0.999801
bilstm_finetuned,strip,template,13,chichewa+norm,chi_0700,0,0.167147
bilstm_finetuned,strip,template,13,chichewa+norm,chi_0701,0,0.570045
bilstm_finetuned,strip,template,13,chichewa+norm,chi_0702,0,0.028896
bilstm_finetuned,strip,template,13,chichewa+norm,chi_0703,0,0.999981
bilstm_finetuned,strip,template,13,chichewa+norm,chi_0704,0,0.495158
bilstm_finetuned,strip,template,13,chichewa+norm,chi_0705,0,0.000055
bilstm_finetuned,strip,template,13,chichewa+norm,chi_0706,0,0.775207
bilstm_finetuned,strip,template,13,chichewa+norm,chi_0707,0,0.608546
bilstm_finetuned,strip,template,13,chichewa+norm,chi_0708,0,0.660355
bilstm_finetuned,strip,template,13,chichewa+norm,chi_0709,0,0.661673
bilstm_finetuned,strip,template,13,chichewa+norm,chi_0710,0,0.000038
bilstm_finetuned,strip,template,13,chichewa+norm,chi_0711,0,0.660979
bilstm_finetuned,strip,template,13,chichewa+norm,chi_0712,0,0.695731
bilstm_finetuned,strip,template,13,chichewa+norm,chi_0713,0,0.000093
bilstm_finetuned,strip,template,13,chichewa+norm,chi_0714,0,0.000097
bilstm_finetuned,strip,template,13,chichewa+norm,chi_0715,0,0.023556
bilstm_finetuned,strip,template,13,chichewa+norm,chi_0716,0,0.586765
bilstm_finetuned,strip,template,13,chichewa+norm,chi_0717,0,0.000098
bilstm_finetuned,strip,template,13,chichewa+norm,chi_0718,0,0.784356
bilstm_finetuned,strip,template,13,chichewa+norm,chi_0719,0,0.000088
bilstm_finetuned,strip,template,13,chichewa+norm,chi_0720,0,0.000085
bilstm_finetuned,strip,template,13,chichewa+norm,chi_0721,0,0.726880
bilstm_finetuned,strip,template,13,chichewa+norm,chi_0722,0,0.000080
bilstm_finetuned,strip,template,13,chichewa+norm,chi_0723,0,0.000082
bilstm_finetuned,strip,template,13,chichewa+norm,chi_0724,0,0.604664
bilstm_finetuned,strip,template,13,chichewa+norm,chi_0725,0,0.999992
bilstm_finetuned,strip,template,13,chichewa+norm,chi_0726,0,0.023726
bilstm_finetuned,strip,template,13,chichewa+norm,chi_0727,0,0.043180
bilstm_finetuned,strip,template,13,chichewa+norm,chi_0728,0,0.016066
bilstm_finetuned,strip,template,13,chichewa+norm,chi_0729,0,0.000060
bilstm_finetuned,strip,template,13,chichewa+norm,chi_0730,0,0.000106
bilstm_finetuned,strip,template,13,chichewa+norm,chi_0731,0,0.997872
bilstm_finetuned,strip,template,13,chichewa+norm,chi_0732,0,0.000052
bilstm_finetuned,strip,template,13,ctrl_lookalike+norm,bongo_0029,0,0.024916
bilstm_finetuned,strip,template,13,ctrl_lookalike+norm,bongo_0053,0,0.000037
bilstm_finetuned,strip,template,13,ctrl_lookalike+norm,bongo_0097,0,0.000402
bilstm_finetuned,strip,template,13,ctrl_lookalike+norm,bongo_0107,0,0.000016
bilstm_finetuned,strip,template,13,ctrl_lookalike+norm,bongo_0110,0,0.000012
bilstm_finetuned,strip,template,13,ctrl_lookalike+norm,bongo_0115,0,0.000422
bilstm_finetuned,strip,template,13,ctrl_lookalike+norm,bongo_0143,0,0.000057
bilstm_finetuned,strip,template,13,ctrl_lookalike+norm,bongo_0160,0,0.000022
bilstm_finetuned,strip,template,13,ctrl_lookalike+norm,bongo_0172,0,0.240197
bilstm_finetuned,strip,template,13,ctrl_lookalike+norm,bongo_0175,0,0.000021
bilstm_finetuned,strip,template,13,ctrl_lookalike+norm,bongo_0182,0,0.000009
bilstm_finetuned,strip,template,13,ctrl_lookalike+norm,bongo_0197,0,0.000031
bilstm_finetuned,strip,template,13,ctrl_lookalike+norm,bongo_0253,0,0.000044
bilstm_finetuned,strip,template,13,ctrl_lookalike+norm,bongo_0271,0,0.000028
bilstm_finetuned,strip,template,13,ctrl_lookalike+norm,bongo_0300,0,0.000029
bilstm_finetuned,strip,template,13,ctrl_lookalike+norm,bongo_0306,0,0.000039
bilstm_finetuned,strip,template,13,ctrl_lookalike+norm,bongo_0363,0,0.000029
bilstm_finetuned,strip,template,13,ctrl_lookalike+norm,bongo_0368,0,0.000151
bilstm_finetuned,strip,template,13,ctrl_lookalike+norm,bongo_0372,0,0.000041
bilstm_finetuned,strip,template,13,ctrl_lookalike+norm,bongo_0389,0,0.000026
bilstm_finetuned,strip,template,13,ctrl_lookalike+norm,bongo_0395,0,0.000519
bilstm_finetuned,strip,template,13,ctrl_lookalike+norm,bongo_0427,0,0.000363
bilstm_finetuned,strip,template,13,ctrl_lookalike+norm,bongo_0463,0,0.000253
bilstm_finetuned,strip,template,13,ctrl_lookalike+norm,bongo_0531,0,0.000083
bilstm_finetuned,strip,template,13,ctrl_lookalike+norm,bongo_0542,0,0.000019
bilstm_finetuned,strip,template,13,ctrl_lookalike+norm,bongo_0545,0,0.000022
bilstm_finetuned,strip,template,13,ctrl_lookalike+norm,bongo_0571,0,0.000022
bilstm_finetuned,strip,template,13,ctrl_lookalike+norm,bongo_0630,0,0.000086
bilstm_finetuned,strip,template,13,ctrl_lookalike+norm,bongo_0648,0,0.004569
bilstm_finetuned,strip,template,13,ctrl_lookalike+norm,bongo_0674,0,0.000016
bilstm_finetuned,strip,template,13,ctrl_lookalike+norm,bongo_0685,0,0.009332
bilstm_finetuned,strip,template,13,ctrl_lookalike+norm,bongo_0701,0,0.000023
bilstm_finetuned,strip,template,13,ctrl_lookalike+norm,bongo_0741,0,0.000022
bilstm_finetuned,strip,template,13,ctrl_lookalike+norm,bongo_0795,0,0.000236
bilstm_finetuned,strip,template,13,ctrl_lookalike+norm,bongo_0818,0,0.002218
bilstm_finetuned,strip,template,13,ctrl_lookalike+norm,bongo_0819,0,0.000090
bilstm_finetuned,strip,template,13,ctrl_lookalike+norm,bongo_0835,0,0.000019
bilstm_finetuned,strip,template,13,ctrl_lookalike+norm,bongo_0856,0,0.000047
bilstm_finetuned,strip,template,13,ctrl_lookalike+norm,bongo_0872,0,0.004886
bilstm_finetuned,strip,template,13,ctrl_lookalike+norm,bongo_0904,0,0.000118
bilstm_finetuned,strip,template,13,ctrl_lookalike+norm,bongo_0950,0,0.000025
bilstm_finetuned,strip,template,13,ctrl_lookalike+norm,bongo_0956,0,0.000021
bilstm_finetuned,strip,template,13,ctrl_lookalike+norm,bongo_0971,0,0.000025
bilstm_finetuned,strip,template,13,ctrl_lookalike+norm,bongo_0983,0,0.000063
bilstm_finetuned,strip,template,13,ctrl_lookalike+norm,bongo_0994,0,0.000183
bilstm_finetuned,strip,template,13,ctrl_lookalike+norm,bongo_1006,0,0.000028
bilstm_finetuned,strip,template,13,ctrl_lookalike+norm,bongo_1015,0,0.000012
bilstm_finetuned,strip,template,13,ctrl_lookalike+norm,bongo_1037,0,0.000038
bilstm_finetuned,strip,template,13,ctrl_lookalike+norm,bongo_1040,0,0.000035
bilstm_finetuned,strip,template,13,ctrl_lookalike+norm,bongo_1050,0,0.000022
bilstm_finetuned,strip,template,13,ctrl_lookalike+norm,bongo_1059,0,0.000020
bilstm_finetuned,strip,template,13,ctrl_lookalike+norm,bongo_1071,0,0.000027
bilstm_finetuned,strip,template,13,ctrl_lookalike+norm,bongo_1090,0,0.000014
bilstm_finetuned,strip,template,13,ctrl_lookalike+norm,bongo_1115,0,0.000006
bilstm_finetuned,strip,template,13,ctrl_lookalike+norm,bongo_1123,0,0.000026
bilstm_finetuned,strip,template,13,ctrl_lookalike+norm,bongo_1125,0,0.001677
bilstm_finetuned,strip,template,13,ctrl_lookalike+norm,bongo_1135,0,0.006338
bilstm_finetuned,strip,template,13,ctrl_lookalike+norm,bongo_1155,0,0.000024
bilstm_finetuned,strip,template,13,ctrl_lookalike+norm,bongo_1194,0,0.001915
bilstm_finetuned,strip,template,13,ctrl_lookalike+norm,bongo_1198,0,0.000064
bilstm_finetuned,strip,template,13,ctrl_lookalike+norm,bongo_1236,0,0.000040
bilstm_finetuned,strip,template,13,ctrl_lookalike+norm,bongo_1244,0,0.000019
bilstm_finetuned,strip,template,13,ctrl_lookalike+norm,bongo_1249,0,0.000009
bilstm_finetuned,strip,template,13,ctrl_lookalike+norm,bongo_1253,0,0.000047
bilstm_finetuned,strip,template,13,ctrl_lookalike+norm,bongo_1260,0,0.000025
bilstm_finetuned,strip,template,13,ctrl_lookalike+norm,bongo_1262,0,0.000033
bilstm_finetuned,strip,template,13,ctrl_lookalike+norm,bongo_1285,0,0.000022
bilstm_finetuned,strip,template,13,ctrl_lookalike+norm,bongo_1316,0,0.000063
bilstm_finetuned,strip,template,13,ctrl_lookalike+norm,bongo_1330,0,0.046217
bilstm_finetuned,strip,template,13,ctrl_lookalike+norm,bongo_1359,0,0.000111
bilstm_finetuned,strip,template,13,ctrl_lookalike+norm,bongo_1375,0,0.000035
bilstm_finetuned,strip,template,13,ctrl_structural+norm,bongo_0029,0,0.312507
bilstm_finetuned,strip,template,13,ctrl_structural+norm,bongo_0053,0,0.000037
bilstm_finetuned,strip,template,13,ctrl_structural+norm,bongo_0097,0,0.000808
bilstm_finetuned,strip,template,13,ctrl_structural+norm,bongo_0107,0,0.000020
bilstm_finetuned,strip,template,13,ctrl_structural+norm,bongo_0110,0,0.000051
bilstm_finetuned,strip,template,13,ctrl_structural+norm,bongo_0115,0,0.000260
bilstm_finetuned,strip,template,13,ctrl_structural+norm,bongo_0143,0,0.000059
bilstm_finetuned,strip,template,13,ctrl_structural+norm,bongo_0160,0,0.000072
bilstm_finetuned,strip,template,13,ctrl_structural+norm,bongo_0172,0,0.038536
bilstm_finetuned,strip,template,13,ctrl_structural+norm,bongo_0175,0,0.000021
bilstm_finetuned,strip,template,13,ctrl_structural+norm,bongo_0182,0,0.000009
bilstm_finetuned,strip,template,13,ctrl_structural+norm,bongo_0197,0,0.000031
bilstm_finetuned,strip,template,13,ctrl_structural+norm,bongo_0253,0,0.000072
bilstm_finetuned,strip,template,13,ctrl_structural+norm,bongo_0271,0,0.000027
bilstm_finetuned,strip,template,13,ctrl_structural+norm,bongo_0300,0,0.000029
bilstm_finetuned,strip,template,13,ctrl_structural+norm,bongo_0306,0,0.000087
bilstm_finetuned,strip,template,13,ctrl_structural+norm,bongo_0363,0,0.000038
bilstm_finetuned,strip,template,13,ctrl_structural+norm,bongo_0368,0,0.000334
bilstm_finetuned,strip,template,13,ctrl_structural+norm,bongo_0372,0,0.000059
bilstm_finetuned,strip,template,13,ctrl_structural+norm,bongo_0389,0,0.000027
bilstm_finetuned,strip,template,13,ctrl_structural+norm,bongo_0395,0,0.001029
bilstm_finetuned,strip,template,13,ctrl_structural+norm,bongo_0427,0,0.001513
bilstm_finetuned,strip,template,13,ctrl_structural+norm,bongo_0463,0,0.002932
bilstm_finetuned,strip,template,13,ctrl_structural+norm,bongo_0531,0,0.000164
bilstm_finetuned,strip,template,13,ctrl_structural+norm,bongo_0542,0,0.000020
bilstm_finetuned,strip,template,13,ctrl_structural+norm,bongo_0545,0,0.000024
bilstm_finetuned,strip,template,13,ctrl_structural+norm,bongo_0571,0,0.000028
bilstm_finetuned,strip,template,13,ctrl_structural+norm,bongo_0630,0,0.000874
bilstm_finetuned,strip,template,13,ctrl_structural+norm,bongo_0648,0,0.320998
bilstm_finetuned,strip,template,13,ctrl_structural+norm,bongo_0674,0,0.000016
bilstm_finetuned,strip,template,13,ctrl_structural+norm,bongo_0685,0,0.000621
bilstm_finetuned,strip,template,13,ctrl_structural+norm,bongo_0701,0,0.000023
bilstm_finetuned,strip,template,13,ctrl_structural+norm,bongo_0741,0,0.000022
bilstm_finetuned,strip,template,13,ctrl_structural+norm,bongo_0795,0,0.000498
bilstm_finetuned,strip,template,13,ctrl_structural+norm,bongo_0818,0,0.303326
bilstm_finetuned,strip,template,13,ctrl_structural+norm,bongo_0819,0,0.000517
bilstm_finetuned,strip,template,13,ctrl_structural+norm,bongo_0835,0,0.000026
bilstm_finetuned,strip,template,13,ctrl_structural+norm,bongo_0856,0,0.000285
bilstm_finetuned,strip,template,13,ctrl_structural+norm,bongo_0872,0,0.003649
bilstm_finetuned,strip,template,13,ctrl_structural+norm,bongo_0904,0,0.000344
bilstm_finetuned,strip,template,13,ctrl_structural+norm,bongo_0950,0,0.000071
bilstm_finetuned,strip,template,13,ctrl_structural+norm,bongo_0956,0,0.000021
bilstm_finetuned,strip,template,13,ctrl_structural+norm,bongo_0971,0,0.000025
bilstm_finetuned,strip,template,13,ctrl_structural+norm,bongo_0983,0,0.000093
bilstm_finetuned,strip,template,13,ctrl_structural+norm,bongo_0994,0,0.000285
bilstm_finetuned,strip,template,13,ctrl_structural+norm,bongo_1006,0,0.000028
bilstm_finetuned,strip,template,13,ctrl_structural+norm,bongo_1015,0,0.000012
bilstm_finetuned,strip,template,13,ctrl_structural+norm,bongo_1037,0,0.000234
bilstm_finetuned,strip,template,13,ctrl_structural+norm,bongo_1040,0,0.000038
bilstm_finetuned,strip,template,13,ctrl_structural+norm,bongo_1050,0,0.000022
bilstm_finetuned,strip,template,13,ctrl_structural+norm,bongo_1059,0,0.000021
bilstm_finetuned,strip,template,13,ctrl_structural+norm,bongo_1071,0,0.000028
bilstm_finetuned,strip,template,13,ctrl_structural+norm,bongo_1090,0,0.000022
bilstm_finetuned,strip,template,13,ctrl_structural+norm,bongo_1115,0,0.000007
bilstm_finetuned,strip,template,13,ctrl_structural+norm,bongo_1123,0,0.000036
bilstm_finetuned,strip,template,13,ctrl_structural+norm,bongo_1125,0,0.039845
bilstm_finetuned,strip,template,13,ctrl_structural+norm,bongo_1135,0,0.006338
bilstm_finetuned,strip,template,13,ctrl_structural+norm,bongo_1155,0,0.000024
bilstm_finetuned,strip,template,13,ctrl_structural+norm,bongo_1194,0,0.006171
bilstm_finetuned,strip,template,13,ctrl_structural+norm,bongo_1198,0,0.000566
bilstm_finetuned,strip,template,13,ctrl_structural+norm,bongo_1236,0,0.000048
bilstm_finetuned,strip,template,13,ctrl_structural+norm,bongo_1244,0,0.000019
bilstm_finetuned,strip,template,13,ctrl_structural+norm,bongo_1249,0,0.000009
bilstm_finetuned,strip,template,13,ctrl_structural+norm,bongo_1253,0,0.000048
bilstm_finetuned,strip,template,13,ctrl_structural+norm,bongo_1260,0,0.000025
bilstm_finetuned,strip,template,13,ctrl_structural+norm,bongo_1262,0,0.000033
bilstm_finetuned,strip,template,13,ctrl_structural+norm,bongo_1285,0,0.000022
bilstm_finetuned,strip,template,13,ctrl_structural+norm,bongo_1316,0,0.004084
bilstm_finetuned,strip,template,13,ctrl_structural+norm,bongo_1330,0,0.331694
bilstm_finetuned,strip,template,13,ctrl_structural+norm,bongo_1359,0,0.000112
bilstm_finetuned,strip,template,13,ctrl_structural+norm,bongo_1375,0,0.000066
bilstm_finetuned,strip,template,13,ctrl_codeswitch+norm,bongo_0029,0,0.024916
bilstm_finetuned,strip,template,13,ctrl_codeswitch+norm,bongo_0053,0,0.000037
bilstm_finetuned,strip,template,13,ctrl_codeswitch+norm,bongo_0097,0,0.000556
bilstm_finetuned,strip,template,13,ctrl_codeswitch+norm,bongo_0107,0,0.000016
bilstm_finetuned,strip,template,13,ctrl_codeswitch+norm,bongo_0110,0,0.000012
bilstm_finetuned,strip,template,13,ctrl_codeswitch+norm,bongo_0115,0,0.000780
bilstm_finetuned,strip,template,13,ctrl_codeswitch+norm,bongo_0143,0,0.000057
bilstm_finetuned,strip,template,13,ctrl_codeswitch+norm,bongo_0160,0,0.000022
bilstm_finetuned,strip,template,13,ctrl_codeswitch+norm,bongo_0172,0,0.414732
bilstm_finetuned,strip,template,13,ctrl_codeswitch+norm,bongo_0175,0,0.000021
bilstm_finetuned,strip,template,13,ctrl_codeswitch+norm,bongo_0182,0,0.000009
bilstm_finetuned,strip,template,13,ctrl_codeswitch+norm,bongo_0197,0,0.000031
bilstm_finetuned,strip,template,13,ctrl_codeswitch+norm,bongo_0253,0,0.000044
bilstm_finetuned,strip,template,13,ctrl_codeswitch+norm,bongo_0271,0,0.000028
bilstm_finetuned,strip,template,13,ctrl_codeswitch+norm,bongo_0300,0,0.000029
bilstm_finetuned,strip,template,13,ctrl_codeswitch+norm,bongo_0306,0,0.000039
bilstm_finetuned,strip,template,13,ctrl_codeswitch+norm,bongo_0363,0,0.000029
bilstm_finetuned,strip,template,13,ctrl_codeswitch+norm,bongo_0368,0,0.000211
bilstm_finetuned,strip,template,13,ctrl_codeswitch+norm,bongo_0372,0,0.000041
bilstm_finetuned,strip,template,13,ctrl_codeswitch+norm,bongo_0389,0,0.000026
bilstm_finetuned,strip,template,13,ctrl_codeswitch+norm,bongo_0395,0,0.000519
bilstm_finetuned,strip,template,13,ctrl_codeswitch+norm,bongo_0427,0,0.014507
bilstm_finetuned,strip,template,13,ctrl_codeswitch+norm,bongo_0463,0,0.000192
bilstm_finetuned,strip,template,13,ctrl_codeswitch+norm,bongo_0531,0,0.000083
bilstm_finetuned,strip,template,13,ctrl_codeswitch+norm,bongo_0542,0,0.000019
bilstm_finetuned,strip,template,13,ctrl_codeswitch+norm,bongo_0545,0,0.000022
bilstm_finetuned,strip,template,13,ctrl_codeswitch+norm,bongo_0571,0,0.000022
bilstm_finetuned,strip,template,13,ctrl_codeswitch+norm,bongo_0630,0,0.000086
bilstm_finetuned,strip,template,13,ctrl_codeswitch+norm,bongo_0648,0,0.004569
bilstm_finetuned,strip,template,13,ctrl_codeswitch+norm,bongo_0674,0,0.000016
bilstm_finetuned,strip,template,13,ctrl_codeswitch+norm,bongo_0685,0,0.536165
bilstm_finetuned,strip,template,13,ctrl_codeswitch+norm,bongo_0701,0,0.000023
bilstm_finetuned,strip,template,13,ctrl_codeswitch+norm,bongo_0741,0,0.000022
bilstm_finetuned,strip,template,13,ctrl_codeswitch+norm,bongo_0795,0,0.000104
bilstm_finetuned,strip,template,13,ctrl_codeswitch+norm,bongo_0818,0,0.002218
bilstm_finetuned,strip,template,13,ctrl_codeswitch+norm,bongo_0819,0,0.000090
bilstm_finetuned,strip,template,13,ctrl_codeswitch+norm,bongo_0835,0,0.000019
bilstm_finetuned,strip,template,13,ctrl_codeswitch+norm,bongo_0856,0,0.000047
bilstm_finetuned,strip,template,13,ctrl_codeswitch+norm,bongo_0872,0,0.009772
bilstm_finetuned,strip,template,13,ctrl_codeswitch+norm,bongo_0904,0,0.000161
bilstm_finetuned,strip,template,13,ctrl_codeswitch+norm,bongo_0950,0,0.000025
bilstm_finetuned,strip,template,13,ctrl_codeswitch+norm,bongo_0956,0,0.000021
bilstm_finetuned,strip,template,13,ctrl_codeswitch+norm,bongo_0971,0,0.000025
bilstm_finetuned,strip,template,13,ctrl_codeswitch+norm,bongo_0983,0,0.000063
bilstm_finetuned,strip,template,13,ctrl_codeswitch+norm,bongo_0994,0,0.000100
bilstm_finetuned,strip,template,13,ctrl_codeswitch+norm,bongo_1006,0,0.000028
bilstm_finetuned,strip,template,13,ctrl_codeswitch+norm,bongo_1015,0,0.000012
bilstm_finetuned,strip,template,13,ctrl_codeswitch+norm,bongo_1037,0,0.000038
bilstm_finetuned,strip,template,13,ctrl_codeswitch+norm,bongo_1040,0,0.000035
bilstm_finetuned,strip,template,13,ctrl_codeswitch+norm,bongo_1050,0,0.000022
bilstm_finetuned,strip,template,13,ctrl_codeswitch+norm,bongo_1059,0,0.000019
bilstm_finetuned,strip,template,13,ctrl_codeswitch+norm,bongo_1071,0,0.000027
bilstm_finetuned,strip,template,13,ctrl_codeswitch+norm,bongo_1090,0,0.000014
bilstm_finetuned,strip,template,13,ctrl_codeswitch+norm,bongo_1115,0,0.000006
bilstm_finetuned,strip,template,13,ctrl_codeswitch+norm,bongo_1123,0,0.000026
bilstm_finetuned,strip,template,13,ctrl_codeswitch+norm,bongo_1125,0,0.001677
bilstm_finetuned,strip,template,13,ctrl_codeswitch+norm,bongo_1135,0,0.006338
bilstm_finetuned,strip,template,13,ctrl_codeswitch+norm,bongo_1155,0,0.000024
bilstm_finetuned,strip,template,13,ctrl_codeswitch+norm,bongo_1194,0,0.000497
bilstm_finetuned,strip,template,13,ctrl_codeswitch+norm,bongo_1198,0,0.000064
bilstm_finetuned,strip,template,13,ctrl_codeswitch+norm,bongo_1236,0,0.000040
bilstm_finetuned,strip,template,13,ctrl_codeswitch+norm,bongo_1244,0,0.000020
bilstm_finetuned,strip,template,13,ctrl_codeswitch+norm,bongo_1249,0,0.000009
bilstm_finetuned,strip,template,13,ctrl_codeswitch+norm,bongo_1253,0,0.000047
bilstm_finetuned,strip,template,13,ctrl_codeswitch+norm,bongo_1260,0,0.000025
bilstm_finetuned,strip,template,13,ctrl_codeswitch+norm,bongo_1262,0,0.000033
bilstm_finetuned,strip,template,13,ctrl_codeswitch+norm,bongo_1285,0,0.000022
bilstm_finetuned,strip,template,13,ctrl_codeswitch+norm,bongo_1316,0,0.000063
bilstm_finetuned,strip,template,13,ctrl_codeswitch+norm,bongo_1330,0,0.046217
bilstm_finetuned,strip,template,13,ctrl_codeswitch+norm,bongo_1359,0,0.000116
bilstm_finetuned,strip,template,13,ctrl_codeswitch+norm,bongo_1375,0,0.000035
bilstm_finetuned,strip,template,13,stress_genuine+phone,bongo_0029,0,0.024916
bilstm_finetuned,strip,template,13,stress_genuine+phone,bongo_0053,0,0.000037
bilstm_finetuned,strip,template,13,stress_genuine+phone,bongo_0097,0,0.000402
bilstm_finetuned,strip,template,13,stress_genuine+phone,bongo_0107,0,0.000016
bilstm_finetuned,strip,template,13,stress_genuine+phone,bongo_0110,0,0.000012
bilstm_finetuned,strip,template,13,stress_genuine+phone,bongo_0115,0,0.000422
bilstm_finetuned,strip,template,13,stress_genuine+phone,bongo_0143,0,0.000057
bilstm_finetuned,strip,template,13,stress_genuine+phone,bongo_0160,0,0.000022
bilstm_finetuned,strip,template,13,stress_genuine+phone,bongo_0172,0,0.240197
bilstm_finetuned,strip,template,13,stress_genuine+phone,bongo_0175,0,0.000021
bilstm_finetuned,strip,template,13,stress_genuine+phone,bongo_0182,0,0.000009
bilstm_finetuned,strip,template,13,stress_genuine+phone,bongo_0197,0,0.000031
bilstm_finetuned,strip,template,13,stress_genuine+phone,bongo_0253,0,0.000044
bilstm_finetuned,strip,template,13,stress_genuine+phone,bongo_0271,0,0.000028
bilstm_finetuned,strip,template,13,stress_genuine+phone,bongo_0300,0,0.000029
bilstm_finetuned,strip,template,13,stress_genuine+phone,bongo_0306,0,0.000039
bilstm_finetuned,strip,template,13,stress_genuine+phone,bongo_0363,0,0.000029
bilstm_finetuned,strip,template,13,stress_genuine+phone,bongo_0368,0,0.000151
bilstm_finetuned,strip,template,13,stress_genuine+phone,bongo_0372,0,0.000041
bilstm_finetuned,strip,template,13,stress_genuine+phone,bongo_0389,0,0.000026
bilstm_finetuned,strip,template,13,stress_genuine+phone,bongo_0395,0,0.000519
bilstm_finetuned,strip,template,13,stress_genuine+phone,bongo_0427,0,0.000363
bilstm_finetuned,strip,template,13,stress_genuine+phone,bongo_0463,0,0.000253
bilstm_finetuned,strip,template,13,stress_genuine+phone,bongo_0531,0,0.000083
bilstm_finetuned,strip,template,13,stress_genuine+phone,bongo_0542,0,0.000019
bilstm_finetuned,strip,template,13,stress_genuine+phone,bongo_0545,0,0.000022
bilstm_finetuned,strip,template,13,stress_genuine+phone,bongo_0571,0,0.000022
bilstm_finetuned,strip,template,13,stress_genuine+phone,bongo_0630,0,0.000086
bilstm_finetuned,strip,template,13,stress_genuine+phone,bongo_0648,0,0.004569
bilstm_finetuned,strip,template,13,stress_genuine+phone,bongo_0674,0,0.000016
bilstm_finetuned,strip,template,13,stress_genuine+phone,bongo_0685,0,0.009332
bilstm_finetuned,strip,template,13,stress_genuine+phone,bongo_0701,0,0.000023
bilstm_finetuned,strip,template,13,stress_genuine+phone,bongo_0741,0,0.000022
bilstm_finetuned,strip,template,13,stress_genuine+phone,bongo_0795,0,0.000104
bilstm_finetuned,strip,template,13,stress_genuine+phone,bongo_0818,0,0.002218
bilstm_finetuned,strip,template,13,stress_genuine+phone,bongo_0819,0,0.000090
bilstm_finetuned,strip,template,13,stress_genuine+phone,bongo_0835,0,0.000019
bilstm_finetuned,strip,template,13,stress_genuine+phone,bongo_0856,0,0.000047
bilstm_finetuned,strip,template,13,stress_genuine+phone,bongo_0872,0,0.004886
bilstm_finetuned,strip,template,13,stress_genuine+phone,bongo_0904,0,0.000118
bilstm_finetuned,strip,template,13,stress_genuine+phone,bongo_0950,0,0.000025
bilstm_finetuned,strip,template,13,stress_genuine+phone,bongo_0956,0,0.000021
bilstm_finetuned,strip,template,13,stress_genuine+phone,bongo_0971,0,0.000025
bilstm_finetuned,strip,template,13,stress_genuine+phone,bongo_0983,0,0.000063
bilstm_finetuned,strip,template,13,stress_genuine+phone,bongo_0994,0,0.000081
bilstm_finetuned,strip,template,13,stress_genuine+phone,bongo_1006,0,0.000028
bilstm_finetuned,strip,template,13,stress_genuine+phone,bongo_1015,0,0.000012
bilstm_finetuned,strip,template,13,stress_genuine+phone,bongo_1037,0,0.000038
bilstm_finetuned,strip,template,13,stress_genuine+phone,bongo_1040,0,0.000035
bilstm_finetuned,strip,template,13,stress_genuine+phone,bongo_1050,0,0.000022
bilstm_finetuned,strip,template,13,stress_genuine+phone,bongo_1059,0,0.000019
bilstm_finetuned,strip,template,13,stress_genuine+phone,bongo_1071,0,0.000027
bilstm_finetuned,strip,template,13,stress_genuine+phone,bongo_1090,0,0.000014
bilstm_finetuned,strip,template,13,stress_genuine+phone,bongo_1115,0,0.000006
bilstm_finetuned,strip,template,13,stress_genuine+phone,bongo_1123,0,0.000026
bilstm_finetuned,strip,template,13,stress_genuine+phone,bongo_1125,0,0.001677
bilstm_finetuned,strip,template,13,stress_genuine+phone,bongo_1135,0,0.006338
bilstm_finetuned,strip,template,13,stress_genuine+phone,bongo_1155,0,0.000024
bilstm_finetuned,strip,template,13,stress_genuine+phone,bongo_1194,0,0.000497
bilstm_finetuned,strip,template,13,stress_genuine+phone,bongo_1198,0,0.000064
bilstm_finetuned,strip,template,13,stress_genuine+phone,bongo_1236,0,0.000040
bilstm_finetuned,strip,template,13,stress_genuine+phone,bongo_1244,0,0.000019
bilstm_finetuned,strip,template,13,stress_genuine+phone,bongo_1249,0,0.000009
bilstm_finetuned,strip,template,13,stress_genuine+phone,bongo_1253,0,0.000047
bilstm_finetuned,strip,template,13,stress_genuine+phone,bongo_1260,0,0.000025
bilstm_finetuned,strip,template,13,stress_genuine+phone,bongo_1262,0,0.000033
bilstm_finetuned,strip,template,13,stress_genuine+phone,bongo_1285,0,0.000022
bilstm_finetuned,strip,template,13,stress_genuine+phone,bongo_1316,0,0.000063
bilstm_finetuned,strip,template,13,stress_genuine+phone,bongo_1330,0,0.046217
bilstm_finetuned,strip,template,13,stress_genuine+phone,bongo_1359,0,0.000111
bilstm_finetuned,strip,template,13,stress_genuine+phone,bongo_1375,0,0.000035
bilstm_finetuned,strip,template,13,stress_genuine+amount,bongo_0029,0,0.024916
bilstm_finetuned,strip,template,13,stress_genuine+amount,bongo_0053,0,0.000037
bilstm_finetuned,strip,template,13,stress_genuine+amount,bongo_0097,0,0.000402
bilstm_finetuned,strip,template,13,stress_genuine+amount,bongo_0107,0,0.000016
bilstm_finetuned,strip,template,13,stress_genuine+amount,bongo_0110,0,0.000012
bilstm_finetuned,strip,template,13,stress_genuine+amount,bongo_0115,0,0.000422
bilstm_finetuned,strip,template,13,stress_genuine+amount,bongo_0143,0,0.000057
bilstm_finetuned,strip,template,13,stress_genuine+amount,bongo_0160,0,0.000022
bilstm_finetuned,strip,template,13,stress_genuine+amount,bongo_0172,0,0.240197
bilstm_finetuned,strip,template,13,stress_genuine+amount,bongo_0175,0,0.000021
bilstm_finetuned,strip,template,13,stress_genuine+amount,bongo_0182,0,0.000009
bilstm_finetuned,strip,template,13,stress_genuine+amount,bongo_0197,0,0.000031
bilstm_finetuned,strip,template,13,stress_genuine+amount,bongo_0253,0,0.000044
bilstm_finetuned,strip,template,13,stress_genuine+amount,bongo_0271,0,0.000028
bilstm_finetuned,strip,template,13,stress_genuine+amount,bongo_0300,0,0.000029
bilstm_finetuned,strip,template,13,stress_genuine+amount,bongo_0306,0,0.000039
bilstm_finetuned,strip,template,13,stress_genuine+amount,bongo_0363,0,0.000029
bilstm_finetuned,strip,template,13,stress_genuine+amount,bongo_0368,0,0.000151
bilstm_finetuned,strip,template,13,stress_genuine+amount,bongo_0372,0,0.000041
bilstm_finetuned,strip,template,13,stress_genuine+amount,bongo_0389,0,0.000026
bilstm_finetuned,strip,template,13,stress_genuine+amount,bongo_0395,0,0.000519
bilstm_finetuned,strip,template,13,stress_genuine+amount,bongo_0427,0,0.000363
bilstm_finetuned,strip,template,13,stress_genuine+amount,bongo_0463,0,0.000253
bilstm_finetuned,strip,template,13,stress_genuine+amount,bongo_0531,0,0.000083
bilstm_finetuned,strip,template,13,stress_genuine+amount,bongo_0542,0,0.000019
bilstm_finetuned,strip,template,13,stress_genuine+amount,bongo_0545,0,0.000022
bilstm_finetuned,strip,template,13,stress_genuine+amount,bongo_0571,0,0.000022
bilstm_finetuned,strip,template,13,stress_genuine+amount,bongo_0630,0,0.000086
bilstm_finetuned,strip,template,13,stress_genuine+amount,bongo_0648,0,0.004569
bilstm_finetuned,strip,template,13,stress_genuine+amount,bongo_0674,0,0.000016
bilstm_finetuned,strip,template,13,stress_genuine+amount,bongo_0685,0,0.009332
bilstm_finetuned,strip,template,13,stress_genuine+amount,bongo_0701,0,0.000023
bilstm_finetuned,strip,template,13,stress_genuine+amount,bongo_0741,0,0.000022
bilstm_finetuned,strip,template,13,stress_genuine+amount,bongo_0795,0,0.000104
bilstm_finetuned,strip,template,13,stress_genuine+amount,bongo_0818,0,0.002218
bilstm_finetuned,strip,template,13,stress_genuine+amount,bongo_0819,0,0.000090
bilstm_finetuned,strip,template,13,stress_genuine+amount,bongo_0835,0,0.000019
bilstm_finetuned,strip,template,13,stress_genuine+amount,bongo_0856,0,0.000047
bilstm_finetuned,strip,template,13,stress_genuine+amount,bongo_0872,0,0.004886
bilstm_finetuned,strip,template,13,stress_genuine+amount,bongo_0904,0,0.000118
bilstm_finetuned,strip,template,13,stress_genuine+amount,bongo_0950,0,0.000025
bilstm_finetuned,strip,template,13,stress_genuine+amount,bongo_0956,0,0.000021
bilstm_finetuned,strip,template,13,stress_genuine+amount,bongo_0971,0,0.000025
bilstm_finetuned,strip,template,13,stress_genuine+amount,bongo_0983,0,0.000063
bilstm_finetuned,strip,template,13,stress_genuine+amount,bongo_0994,0,0.000081
bilstm_finetuned,strip,template,13,stress_genuine+amount,bongo_1006,0,0.000028
bilstm_finetuned,strip,template,13,stress_genuine+amount,bongo_1015,0,0.000012
bilstm_finetuned,strip,template,13,stress_genuine+amount,bongo_1037,0,0.000038
bilstm_finetuned,strip,template,13,stress_genuine+amount,bongo_1040,0,0.000035
bilstm_finetuned,strip,template,13,stress_genuine+amount,bongo_1050,0,0.000022
bilstm_finetuned,strip,template,13,stress_genuine+amount,bongo_1059,0,0.000019
bilstm_finetuned,strip,template,13,stress_genuine+amount,bongo_1071,0,0.000027
bilstm_finetuned,strip,template,13,stress_genuine+amount,bongo_1090,0,0.000014
bilstm_finetuned,strip,template,13,stress_genuine+amount,bongo_1115,0,0.000006
bilstm_finetuned,strip,template,13,stress_genuine+amount,bongo_1123,0,0.000026
bilstm_finetuned,strip,template,13,stress_genuine+amount,bongo_1125,0,0.001677
bilstm_finetuned,strip,template,13,stress_genuine+amount,bongo_1135,0,0.006338
bilstm_finetuned,strip,template,13,stress_genuine+amount,bongo_1155,0,0.000024
bilstm_finetuned,strip,template,13,stress_genuine+amount,bongo_1194,0,0.000497
bilstm_finetuned,strip,template,13,stress_genuine+amount,bongo_1198,0,0.000064
bilstm_finetuned,strip,template,13,stress_genuine+amount,bongo_1236,0,0.000040
bilstm_finetuned,strip,template,13,stress_genuine+amount,bongo_1244,0,0.000019
bilstm_finetuned,strip,template,13,stress_genuine+amount,bongo_1249,0,0.000009
bilstm_finetuned,strip,template,13,stress_genuine+amount,bongo_1253,0,0.000047
bilstm_finetuned,strip,template,13,stress_genuine+amount,bongo_1260,0,0.000025
bilstm_finetuned,strip,template,13,stress_genuine+amount,bongo_1262,0,0.000033
bilstm_finetuned,strip,template,13,stress_genuine+amount,bongo_1285,0,0.000022
bilstm_finetuned,strip,template,13,stress_genuine+amount,bongo_1316,0,0.000063
bilstm_finetuned,strip,template,13,stress_genuine+amount,bongo_1330,0,0.046217
bilstm_finetuned,strip,template,13,stress_genuine+amount,bongo_1359,0,0.000111
bilstm_finetuned,strip,template,13,stress_genuine+amount,bongo_1375,0,0.000035
bilstm_finetuned,strip,template,13,stress_scam-number,bongo_0025,1,0.999986
bilstm_finetuned,strip,template,13,stress_scam-number,bongo_0039,1,0.999991
bilstm_finetuned,strip,template,13,stress_scam-number,bongo_0047,1,0.999977
bilstm_finetuned,strip,template,13,stress_scam-number,bongo_0061,1,0.999593
bilstm_finetuned,strip,template,13,stress_scam-number,bongo_0146,1,0.999989
bilstm_finetuned,strip,template,13,stress_scam-number,bongo_0154,1,0.999981
bilstm_finetuned,strip,template,13,stress_scam-number,bongo_0195,1,0.999919
bilstm_finetuned,strip,template,13,stress_scam-number,bongo_0201,1,0.999991
bilstm_finetuned,strip,template,13,stress_scam-number,bongo_0203,1,0.999984
bilstm_finetuned,strip,template,13,stress_scam-number,bongo_0360,1,0.999974
bilstm_finetuned,strip,template,13,stress_scam-number,bongo_0361,1,0.999984
bilstm_finetuned,strip,template,13,stress_scam-number,bongo_0405,1,0.999888
bilstm_finetuned,strip,template,13,stress_scam-number,bongo_0424,1,0.999991
bilstm_finetuned,strip,template,13,stress_scam-number,bongo_0476,1,0.999935
bilstm_finetuned,strip,template,13,stress_scam-number,bongo_0510,1,0.999990
bilstm_finetuned,strip,template,13,stress_scam-number,bongo_0566,1,0.999994
bilstm_finetuned,strip,template,13,stress_scam-number,bongo_0577,1,0.999893
bilstm_finetuned,strip,template,13,stress_scam-number,bongo_0580,1,0.999920
bilstm_finetuned,strip,template,13,stress_scam-number,bongo_0621,1,0.999867
bilstm_finetuned,strip,template,13,stress_scam-number,bongo_0624,1,0.999985
bilstm_finetuned,strip,template,13,stress_scam-number,bongo_0638,1,0.999989
bilstm_finetuned,strip,template,13,stress_scam-number,bongo_0721,1,0.999969
bilstm_finetuned,strip,template,13,stress_scam-number,bongo_0729,1,0.999893
bilstm_finetuned,strip,template,13,stress_scam-number,bongo_0769,1,0.999982
bilstm_finetuned,strip,template,13,stress_scam-number,bongo_0787,1,0.999974
bilstm_finetuned,strip,template,13,stress_scam-number,bongo_0807,1,0.999989
bilstm_finetuned,strip,template,13,stress_scam-number,bongo_0840,1,0.999974
bilstm_finetuned,strip,template,13,stress_scam-number,bongo_0864,1,0.999991
bilstm_finetuned,strip,template,13,stress_scam-number,bongo_0871,1,0.999985
bilstm_finetuned,strip,template,13,stress_scam-number,bongo_0905,1,0.999991
bilstm_finetuned,strip,template,13,stress_scam-number,bongo_0909,1,0.999868
bilstm_finetuned,strip,template,13,stress_scam-number,bongo_0918,1,0.999902
bilstm_finetuned,strip,template,13,stress_scam-number,bongo_0955,1,0.999988
bilstm_finetuned,strip,template,13,stress_scam-number,bongo_0989,1,0.999985
bilstm_finetuned,strip,template,13,stress_scam-number,bongo_1042,1,0.999934
bilstm_finetuned,strip,template,13,stress_scam-number,bongo_1047,1,0.999991
bilstm_finetuned,strip,template,13,stress_scam-number,bongo_1052,1,0.999989
bilstm_finetuned,strip,template,13,stress_scam-number,bongo_1104,1,0.999988
bilstm_finetuned,strip,template,13,stress_scam-number,bongo_1131,1,0.999989
bilstm_finetuned,strip,template,13,stress_scam-number,bongo_1136,1,0.999984
bilstm_finetuned,strip,template,13,stress_scam-number,bongo_1138,1,0.999991
bilstm_finetuned,strip,template,13,stress_scam-number,bongo_1140,1,0.999882
bilstm_finetuned,strip,template,13,stress_scam-number,bongo_1154,1,0.999988
bilstm_finetuned,strip,template,13,stress_scam-number,bongo_1171,1,0.999988
bilstm_finetuned,strip,template,13,stress_scam-number,bongo_1181,1,0.999931
bilstm_finetuned,strip,template,13,stress_scam-number,bongo_1220,1,0.999991
bilstm_finetuned,strip,template,13,stress_scam-number,bongo_1233,1,0.999994
bilstm_finetuned,strip,template,13,stress_scam-number,bongo_1293,1,0.999987
bilstm_finetuned,strip,template,13,valstress_genuine+phone,bongo_0008,0,0.000042
bilstm_finetuned,strip,template,13,valstress_genuine+phone,bongo_0033,0,0.000025
bilstm_finetuned,strip,template,13,valstress_genuine+phone,bongo_0063,0,0.000034
bilstm_finetuned,strip,template,13,valstress_genuine+phone,bongo_0065,0,0.000042
bilstm_finetuned,strip,template,13,valstress_genuine+phone,bongo_0076,0,0.000022
bilstm_finetuned,strip,template,13,valstress_genuine+phone,bongo_0081,0,0.000028
bilstm_finetuned,strip,template,13,valstress_genuine+phone,bongo_0095,0,0.000016
bilstm_finetuned,strip,template,13,valstress_genuine+phone,bongo_0105,0,0.000023
bilstm_finetuned,strip,template,13,valstress_genuine+phone,bongo_0111,0,0.000028
bilstm_finetuned,strip,template,13,valstress_genuine+phone,bongo_0121,0,0.000049
bilstm_finetuned,strip,template,13,valstress_genuine+phone,bongo_0127,0,0.000011
bilstm_finetuned,strip,template,13,valstress_genuine+phone,bongo_0145,0,0.000029
bilstm_finetuned,strip,template,13,valstress_genuine+phone,bongo_0148,0,0.000356
bilstm_finetuned,strip,template,13,valstress_genuine+phone,bongo_0186,0,0.000024
bilstm_finetuned,strip,template,13,valstress_genuine+phone,bongo_0191,0,0.000023
bilstm_finetuned,strip,template,13,valstress_genuine+phone,bongo_0264,0,0.000179
bilstm_finetuned,strip,template,13,valstress_genuine+phone,bongo_0275,0,0.000032
bilstm_finetuned,strip,template,13,valstress_genuine+phone,bongo_0393,0,0.000043
bilstm_finetuned,strip,template,13,valstress_genuine+phone,bongo_0410,0,0.000017
bilstm_finetuned,strip,template,13,valstress_genuine+phone,bongo_0411,0,0.000034
bilstm_finetuned,strip,template,13,valstress_genuine+phone,bongo_0426,0,0.000011
bilstm_finetuned,strip,template,13,valstress_genuine+phone,bongo_0430,0,0.000260
bilstm_finetuned,strip,template,13,valstress_genuine+phone,bongo_0495,0,0.000219
bilstm_finetuned,strip,template,13,valstress_genuine+phone,bongo_0548,0,0.000031
bilstm_finetuned,strip,template,13,valstress_genuine+phone,bongo_0561,0,0.001774
bilstm_finetuned,strip,template,13,valstress_genuine+phone,bongo_0563,0,0.000032
bilstm_finetuned,strip,template,13,valstress_genuine+phone,bongo_0581,0,0.000014
bilstm_finetuned,strip,template,13,valstress_genuine+phone,bongo_0593,0,0.000022
bilstm_finetuned,strip,template,13,valstress_genuine+phone,bongo_0607,0,0.000033
bilstm_finetuned,strip,template,13,valstress_genuine+phone,bongo_0610,0,0.000010
bilstm_finetuned,strip,template,13,valstress_genuine+phone,bongo_0634,0,0.000041
bilstm_finetuned,strip,template,13,valstress_genuine+phone,bongo_0643,0,0.000036
bilstm_finetuned,strip,template,13,valstress_genuine+phone,bongo_0672,0,0.000110
bilstm_finetuned,strip,template,13,valstress_genuine+phone,bongo_0681,0,0.000037
bilstm_finetuned,strip,template,13,valstress_genuine+phone,bongo_0693,0,0.000023
bilstm_finetuned,strip,template,13,valstress_genuine+phone,bongo_0694,0,0.000516
bilstm_finetuned,strip,template,13,valstress_genuine+phone,bongo_0726,0,0.000101
bilstm_finetuned,strip,template,13,valstress_genuine+phone,bongo_0742,0,0.000027
bilstm_finetuned,strip,template,13,valstress_genuine+phone,bongo_0752,0,0.000040
bilstm_finetuned,strip,template,13,valstress_genuine+phone,bongo_0754,0,0.000009
bilstm_finetuned,strip,template,13,valstress_genuine+phone,bongo_0805,0,0.000024
bilstm_finetuned,strip,template,13,valstress_genuine+phone,bongo_0809,0,0.000023
bilstm_finetuned,strip,template,13,valstress_genuine+phone,bongo_0833,0,0.000036
bilstm_finetuned,strip,template,13,valstress_genuine+phone,bongo_0919,0,0.000023
bilstm_finetuned,strip,template,13,valstress_genuine+phone,bongo_0922,0,0.000030
bilstm_finetuned,strip,template,13,valstress_genuine+phone,bongo_0973,0,0.000031
bilstm_finetuned,strip,template,13,valstress_genuine+phone,bongo_0988,0,0.000035
bilstm_finetuned,strip,template,13,valstress_genuine+phone,bongo_0992,0,0.000211
bilstm_finetuned,strip,template,13,valstress_genuine+phone,bongo_1039,0,0.000024
bilstm_finetuned,strip,template,13,valstress_genuine+phone,bongo_1044,0,0.000018
bilstm_finetuned,strip,template,13,valstress_genuine+phone,bongo_1082,0,0.007969
bilstm_finetuned,strip,template,13,valstress_genuine+phone,bongo_1099,0,0.000197
bilstm_finetuned,strip,template,13,valstress_genuine+phone,bongo_1108,0,0.000028
bilstm_finetuned,strip,template,13,valstress_genuine+phone,bongo_1109,0,0.000035
bilstm_finetuned,strip,template,13,valstress_genuine+phone,bongo_1120,0,0.000016
bilstm_finetuned,strip,template,13,valstress_genuine+phone,bongo_1124,0,0.000023
bilstm_finetuned,strip,template,13,valstress_genuine+phone,bongo_1145,0,0.000043
bilstm_finetuned,strip,template,13,valstress_genuine+phone,bongo_1153,0,0.000021
bilstm_finetuned,strip,template,13,valstress_genuine+phone,bongo_1161,0,0.000272
bilstm_finetuned,strip,template,13,valstress_genuine+phone,bongo_1162,0,0.014535
bilstm_finetuned,strip,template,13,valstress_genuine+phone,bongo_1212,0,0.000034
bilstm_finetuned,strip,template,13,valstress_genuine+phone,bongo_1216,0,0.000513
bilstm_finetuned,strip,template,13,valstress_genuine+phone,bongo_1265,0,0.000036
bilstm_finetuned,strip,template,13,valstress_genuine+phone,bongo_1272,0,0.000046
bilstm_finetuned,strip,template,13,valstress_genuine+phone,bongo_1275,0,0.000017
bilstm_finetuned,strip,template,13,valstress_genuine+phone,bongo_1296,0,0.000019
bilstm_finetuned,strip,template,13,valstress_genuine+phone,bongo_1328,0,0.000029
bilstm_finetuned,strip,template,13,valstress_genuine+phone,bongo_1335,0,0.082144
bilstm_finetuned,strip,template,13,valstress_genuine+phone,bongo_1341,0,0.000045
bilstm_finetuned,strip,template,13,valstress_genuine+phone,bongo_1349,0,0.000043
bilstm_finetuned,strip,template,13,valstress_genuine+phone,bongo_1360,0,0.000024
bilstm_finetuned,strip,template,13,valstress_genuine+amount,bongo_0008,0,0.000042
bilstm_finetuned,strip,template,13,valstress_genuine+amount,bongo_0033,0,0.000025
bilstm_finetuned,strip,template,13,valstress_genuine+amount,bongo_0063,0,0.000034
bilstm_finetuned,strip,template,13,valstress_genuine+amount,bongo_0065,0,0.000042
bilstm_finetuned,strip,template,13,valstress_genuine+amount,bongo_0076,0,0.000022
bilstm_finetuned,strip,template,13,valstress_genuine+amount,bongo_0081,0,0.000028
bilstm_finetuned,strip,template,13,valstress_genuine+amount,bongo_0095,0,0.000016
bilstm_finetuned,strip,template,13,valstress_genuine+amount,bongo_0105,0,0.000023
bilstm_finetuned,strip,template,13,valstress_genuine+amount,bongo_0111,0,0.000028
bilstm_finetuned,strip,template,13,valstress_genuine+amount,bongo_0121,0,0.000049
bilstm_finetuned,strip,template,13,valstress_genuine+amount,bongo_0127,0,0.000011
bilstm_finetuned,strip,template,13,valstress_genuine+amount,bongo_0145,0,0.000029
bilstm_finetuned,strip,template,13,valstress_genuine+amount,bongo_0148,0,0.000356
bilstm_finetuned,strip,template,13,valstress_genuine+amount,bongo_0186,0,0.000024
bilstm_finetuned,strip,template,13,valstress_genuine+amount,bongo_0191,0,0.000023
bilstm_finetuned,strip,template,13,valstress_genuine+amount,bongo_0264,0,0.000179
bilstm_finetuned,strip,template,13,valstress_genuine+amount,bongo_0275,0,0.000032
bilstm_finetuned,strip,template,13,valstress_genuine+amount,bongo_0393,0,0.000043
bilstm_finetuned,strip,template,13,valstress_genuine+amount,bongo_0410,0,0.000017
bilstm_finetuned,strip,template,13,valstress_genuine+amount,bongo_0411,0,0.000034
bilstm_finetuned,strip,template,13,valstress_genuine+amount,bongo_0426,0,0.000011
bilstm_finetuned,strip,template,13,valstress_genuine+amount,bongo_0430,0,0.000260
bilstm_finetuned,strip,template,13,valstress_genuine+amount,bongo_0495,0,0.000219
bilstm_finetuned,strip,template,13,valstress_genuine+amount,bongo_0548,0,0.000031
bilstm_finetuned,strip,template,13,valstress_genuine+amount,bongo_0561,0,0.001774
bilstm_finetuned,strip,template,13,valstress_genuine+amount,bongo_0563,0,0.000032
bilstm_finetuned,strip,template,13,valstress_genuine+amount,bongo_0581,0,0.000014
bilstm_finetuned,strip,template,13,valstress_genuine+amount,bongo_0593,0,0.000022
bilstm_finetuned,strip,template,13,valstress_genuine+amount,bongo_0607,0,0.000033
bilstm_finetuned,strip,template,13,valstress_genuine+amount,bongo_0610,0,0.000010
bilstm_finetuned,strip,template,13,valstress_genuine+amount,bongo_0634,0,0.000041
bilstm_finetuned,strip,template,13,valstress_genuine+amount,bongo_0643,0,0.000036
bilstm_finetuned,strip,template,13,valstress_genuine+amount,bongo_0672,0,0.000110
bilstm_finetuned,strip,template,13,valstress_genuine+amount,bongo_0681,0,0.000037
bilstm_finetuned,strip,template,13,valstress_genuine+amount,bongo_0693,0,0.000023
bilstm_finetuned,strip,template,13,valstress_genuine+amount,bongo_0694,0,0.000516
bilstm_finetuned,strip,template,13,valstress_genuine+amount,bongo_0726,0,0.000101
bilstm_finetuned,strip,template,13,valstress_genuine+amount,bongo_0742,0,0.000027
bilstm_finetuned,strip,template,13,valstress_genuine+amount,bongo_0752,0,0.000040
bilstm_finetuned,strip,template,13,valstress_genuine+amount,bongo_0754,0,0.000009
bilstm_finetuned,strip,template,13,valstress_genuine+amount,bongo_0805,0,0.000024
bilstm_finetuned,strip,template,13,valstress_genuine+amount,bongo_0809,0,0.000023
bilstm_finetuned,strip,template,13,valstress_genuine+amount,bongo_0833,0,0.000036
bilstm_finetuned,strip,template,13,valstress_genuine+amount,bongo_0919,0,0.000023
bilstm_finetuned,strip,template,13,valstress_genuine+amount,bongo_0922,0,0.000030
bilstm_finetuned,strip,template,13,valstress_genuine+amount,bongo_0973,0,0.000031
bilstm_finetuned,strip,template,13,valstress_genuine+amount,bongo_0988,0,0.000035
bilstm_finetuned,strip,template,13,valstress_genuine+amount,bongo_0992,0,0.000211
bilstm_finetuned,strip,template,13,valstress_genuine+amount,bongo_1039,0,0.000024
bilstm_finetuned,strip,template,13,valstress_genuine+amount,bongo_1044,0,0.000018
bilstm_finetuned,strip,template,13,valstress_genuine+amount,bongo_1082,0,0.007969
bilstm_finetuned,strip,template,13,valstress_genuine+amount,bongo_1099,0,0.000197
bilstm_finetuned,strip,template,13,valstress_genuine+amount,bongo_1108,0,0.000028
bilstm_finetuned,strip,template,13,valstress_genuine+amount,bongo_1109,0,0.000035
bilstm_finetuned,strip,template,13,valstress_genuine+amount,bongo_1120,0,0.000016
bilstm_finetuned,strip,template,13,valstress_genuine+amount,bongo_1124,0,0.000023
bilstm_finetuned,strip,template,13,valstress_genuine+amount,bongo_1145,0,0.000043
bilstm_finetuned,strip,template,13,valstress_genuine+amount,bongo_1153,0,0.000021
bilstm_finetuned,strip,template,13,valstress_genuine+amount,bongo_1161,0,0.000272
bilstm_finetuned,strip,template,13,valstress_genuine+amount,bongo_1162,0,0.014535
bilstm_finetuned,strip,template,13,valstress_genuine+amount,bongo_1212,0,0.000034
bilstm_finetuned,strip,template,13,valstress_genuine+amount,bongo_1216,0,0.000513
bilstm_finetuned,strip,template,13,valstress_genuine+amount,bongo_1265,0,0.000036
bilstm_finetuned,strip,template,13,valstress_genuine+amount,bongo_1272,0,0.000046
bilstm_finetuned,strip,template,13,valstress_genuine+amount,bongo_1275,0,0.000017
bilstm_finetuned,strip,template,13,valstress_genuine+amount,bongo_1296,0,0.000019
bilstm_finetuned,strip,template,13,valstress_genuine+amount,bongo_1328,0,0.000029
bilstm_finetuned,strip,template,13,valstress_genuine+amount,bongo_1335,0,0.082144
bilstm_finetuned,strip,template,13,valstress_genuine+amount,bongo_1341,0,0.000045
bilstm_finetuned,strip,template,13,valstress_genuine+amount,bongo_1349,0,0.000043
bilstm_finetuned,strip,template,13,valstress_genuine+amount,bongo_1360,0,0.000024
bilstm_finetuned,strip,template,13,valstress_scam-number,bongo_0004,1,0.999992
bilstm_finetuned,strip,template,13,valstress_scam-number,bongo_0031,1,0.999992
bilstm_finetuned,strip,template,13,valstress_scam-number,bongo_0036,1,0.999988
bilstm_finetuned,strip,template,13,valstress_scam-number,bongo_0046,1,0.999992
bilstm_finetuned,strip,template,13,valstress_scam-number,bongo_0052,1,0.999986
bilstm_finetuned,strip,template,13,valstress_scam-number,bongo_0057,1,0.999926
bilstm_finetuned,strip,template,13,valstress_scam-number,bongo_0088,1,0.999974
bilstm_finetuned,strip,template,13,valstress_scam-number,bongo_0089,1,0.999992
bilstm_finetuned,strip,template,13,valstress_scam-number,bongo_0101,1,0.999899
bilstm_finetuned,strip,template,13,valstress_scam-number,bongo_0102,1,0.999994
bilstm_finetuned,strip,template,13,valstress_scam-number,bongo_0120,1,0.999992
bilstm_finetuned,strip,template,13,valstress_scam-number,bongo_0210,1,0.999986
bilstm_finetuned,strip,template,13,valstress_scam-number,bongo_0226,1,0.999992
bilstm_finetuned,strip,template,13,valstress_scam-number,bongo_0228,1,0.999992
bilstm_finetuned,strip,template,13,valstress_scam-number,bongo_0235,1,0.999992
bilstm_finetuned,strip,template,13,valstress_scam-number,bongo_0243,1,0.999991
bilstm_finetuned,strip,template,13,valstress_scam-number,bongo_0247,1,0.999991
bilstm_finetuned,strip,template,13,valstress_scam-number,bongo_0248,1,0.999994
bilstm_finetuned,strip,template,13,valstress_scam-number,bongo_0278,1,0.999991
bilstm_finetuned,strip,template,13,valstress_scam-number,bongo_0312,1,0.999992
bilstm_finetuned,strip,template,13,valstress_scam-number,bongo_0315,1,0.999982
bilstm_finetuned,strip,template,13,valstress_scam-number,bongo_0319,1,0.999991
bilstm_finetuned,strip,template,13,valstress_scam-number,bongo_0353,1,0.999971
bilstm_finetuned,strip,template,13,valstress_scam-number,bongo_0370,1,0.999949
bilstm_finetuned,strip,template,13,valstress_scam-number,bongo_0377,1,0.999947
bilstm_finetuned,strip,template,13,valstress_scam-number,bongo_0403,1,0.999994
bilstm_finetuned,strip,template,13,valstress_scam-number,bongo_0438,1,0.999919
bilstm_finetuned,strip,template,13,valstress_scam-number,bongo_0451,1,0.999902
bilstm_finetuned,strip,template,13,valstress_scam-number,bongo_0455,1,0.999981
bilstm_finetuned,strip,template,13,valstress_scam-number,bongo_0466,1,0.999974
bilstm_finetuned,strip,template,13,valstress_scam-number,bongo_0499,1,0.999990
bilstm_finetuned,strip,template,13,valstress_scam-number,bongo_0502,1,0.999958
bilstm_finetuned,strip,template,13,valstress_scam-number,bongo_0556,1,0.999965
bilstm_finetuned,strip,template,13,valstress_scam-number,bongo_0557,1,0.999958
bilstm_finetuned,strip,template,13,valstress_scam-number,bongo_0570,1,0.999992
bilstm_finetuned,strip,template,13,valstress_scam-number,bongo_0587,1,0.999958
bilstm_finetuned,strip,template,13,valstress_scam-number,bongo_0632,1,0.999991
bilstm_finetuned,strip,template,13,valstress_scam-number,bongo_0637,1,0.999983
bilstm_finetuned,strip,template,13,valstress_scam-number,bongo_0666,1,0.999974
bilstm_finetuned,strip,template,13,valstress_scam-number,bongo_0680,1,0.999909
bilstm_finetuned,strip,template,13,valstress_scam-number,bongo_0698,1,0.999992
bilstm_finetuned,strip,template,13,valstress_scam-number,bongo_0762,1,0.999890
bilstm_finetuned,strip,template,13,valstress_scam-number,bongo_0764,1,0.999991
bilstm_finetuned,strip,template,13,valstress_scam-number,bongo_0788,1,0.999991
bilstm_finetuned,strip,template,13,valstress_scam-number,bongo_0811,1,0.999991
bilstm_finetuned,strip,template,13,valstress_scam-number,bongo_0823,1,0.999945
bilstm_finetuned,strip,template,13,valstress_scam-number,bongo_0827,1,0.999990
bilstm_finetuned,strip,template,13,valstress_scam-number,bongo_0844,1,0.999992
bilstm_finetuned,strip,template,13,valstress_scam-number,bongo_0869,1,0.999970
bilstm_finetuned,strip,template,13,valstress_scam-number,bongo_0880,1,0.999991
bilstm_finetuned,strip,template,13,valstress_scam-number,bongo_0886,1,0.999932
bilstm_finetuned,strip,template,13,valstress_scam-number,bongo_0911,1,0.999950
bilstm_finetuned,strip,template,13,valstress_scam-number,bongo_0921,1,0.999986
bilstm_finetuned,strip,template,13,valstress_scam-number,bongo_0923,1,0.999982
bilstm_finetuned,strip,template,13,valstress_scam-number,bongo_0943,1,0.999989
bilstm_finetuned,strip,template,13,valstress_scam-number,bongo_0948,1,0.999981
bilstm_finetuned,strip,template,13,valstress_scam-number,bongo_0949,1,0.999901
bilstm_finetuned,strip,template,13,valstress_scam-number,bongo_0959,1,0.999983
bilstm_finetuned,strip,template,13,valstress_scam-number,bongo_0961,1,0.999957
bilstm_finetuned,strip,template,13,valstress_scam-number,bongo_1001,1,0.999989
bilstm_finetuned,strip,template,13,valstress_scam-number,bongo_1028,1,0.999991
bilstm_finetuned,strip,template,13,valstress_scam-number,bongo_1101,1,0.999966
bilstm_finetuned,strip,template,13,valstress_scam-number,bongo_1130,1,0.999991
bilstm_finetuned,strip,template,13,valstress_scam-number,bongo_1132,1,0.999961
bilstm_finetuned,strip,template,13,valstress_scam-number,bongo_1137,1,0.999983
bilstm_finetuned,strip,template,13,valstress_scam-number,bongo_1163,1,0.999982
bilstm_finetuned,strip,template,13,valstress_scam-number,bongo_1166,1,0.999988
bilstm_finetuned,strip,template,13,valstress_scam-number,bongo_1197,1,0.999917
bilstm_finetuned,strip,template,13,valstress_scam-number,bongo_1203,1,0.999988
bilstm_finetuned,strip,template,13,valstress_scam-number,bongo_1213,1,0.999936
bilstm_finetuned,strip,template,13,valstress_scam-number,bongo_1247,1,0.999947
bilstm_finetuned,strip,template,13,valstress_scam-number,bongo_1251,1,0.999992
bilstm_finetuned,strip,template,13,valstress_scam-number,bongo_1257,1,0.999963
bilstm_finetuned,strip,template,13,valstress_scam-number,bongo_1258,1,0.999992
bilstm_finetuned,strip,template,13,valstress_scam-number,bongo_1299,1,0.999961
bilstm_finetuned,strip,template,13,valstress_scam-number,bongo_1307,1,0.999965
bilstm_finetuned,strip,template,13,ctrlall_lookalike,bongo_0029,0,0.370421
bilstm_finetuned,strip,template,13,ctrlall_lookalike,bongo_0053,0,0.168479
bilstm_finetuned,strip,template,13,ctrlall_lookalike,bongo_0097,0,0.331800
bilstm_finetuned,strip,template,13,ctrlall_lookalike,bongo_0107,0,0.031590
bilstm_finetuned,strip,template,13,ctrlall_lookalike,bongo_0110,0,0.000024
bilstm_finetuned,strip,template,13,ctrlall_lookalike,bongo_0115,0,0.000123
bilstm_finetuned,strip,template,13,ctrlall_lookalike,bongo_0143,0,0.000063
bilstm_finetuned,strip,template,13,ctrlall_lookalike,bongo_0160,0,0.999979
bilstm_finetuned,strip,template,13,ctrlall_lookalike,bongo_0172,0,0.999416
bilstm_finetuned,strip,template,13,ctrlall_lookalike,bongo_0175,0,0.508648
bilstm_finetuned,strip,template,13,ctrlall_lookalike,bongo_0182,0,0.007975
bilstm_finetuned,strip,template,13,ctrlall_lookalike,bongo_0197,0,0.648819
bilstm_finetuned,strip,template,13,ctrlall_lookalike,bongo_0253,0,0.102113
bilstm_finetuned,strip,template,13,ctrlall_lookalike,bongo_0271,0,0.000327
bilstm_finetuned,strip,template,13,ctrlall_lookalike,bongo_0300,0,0.389656
bilstm_finetuned,strip,template,13,ctrlall_lookalike,bongo_0306,0,0.003935
bilstm_finetuned,strip,template,13,ctrlall_lookalike,bongo_0363,0,0.000127
bilstm_finetuned,strip,template,13,ctrlall_lookalike,bongo_0368,0,0.000237
bilstm_finetuned,strip,template,13,ctrlall_lookalike,bongo_0372,0,0.000119
bilstm_finetuned,strip,template,13,ctrlall_lookalike,bongo_0389,0,0.148751
bilstm_finetuned,strip,template,13,ctrlall_lookalike,bongo_0395,0,0.000040
bilstm_finetuned,strip,template,13,ctrlall_lookalike,bongo_0427,0,0.785850
bilstm_finetuned,strip,template,13,ctrlall_lookalike,bongo_0463,0,0.337269
bilstm_finetuned,strip,template,13,ctrlall_lookalike,bongo_0531,0,0.000267
bilstm_finetuned,strip,template,13,ctrlall_lookalike,bongo_0542,0,0.478489
bilstm_finetuned,strip,template,13,ctrlall_lookalike,bongo_0545,0,0.751739
bilstm_finetuned,strip,template,13,ctrlall_lookalike,bongo_0571,0,0.825333
bilstm_finetuned,strip,template,13,ctrlall_lookalike,bongo_0630,0,0.014909
bilstm_finetuned,strip,template,13,ctrlall_lookalike,bongo_0648,0,0.666968
bilstm_finetuned,strip,template,13,ctrlall_lookalike,bongo_0674,0,0.066638
bilstm_finetuned,strip,template,13,ctrlall_lookalike,bongo_0685,0,0.000194
bilstm_finetuned,strip,template,13,ctrlall_lookalike,bongo_0701,0,0.000043
bilstm_finetuned,strip,template,13,ctrlall_lookalike,bongo_0741,0,0.000233
bilstm_finetuned,strip,template,13,ctrlall_lookalike,bongo_0795,0,0.999955
bilstm_finetuned,strip,template,13,ctrlall_lookalike,bongo_0818,0,0.235706
bilstm_finetuned,strip,template,13,ctrlall_lookalike,bongo_0819,0,0.057010
bilstm_finetuned,strip,template,13,ctrlall_lookalike,bongo_0835,0,0.000200
bilstm_finetuned,strip,template,13,ctrlall_lookalike,bongo_0856,0,0.997351
bilstm_finetuned,strip,template,13,ctrlall_lookalike,bongo_0872,0,0.670413
bilstm_finetuned,strip,template,13,ctrlall_lookalike,bongo_0904,0,0.972513
bilstm_finetuned,strip,template,13,ctrlall_lookalike,bongo_0950,0,0.000321
bilstm_finetuned,strip,template,13,ctrlall_lookalike,bongo_0956,0,0.238945
bilstm_finetuned,strip,template,13,ctrlall_lookalike,bongo_0971,0,0.142981
bilstm_finetuned,strip,template,13,ctrlall_lookalike,bongo_0983,0,0.000171
bilstm_finetuned,strip,template,13,ctrlall_lookalike,bongo_0994,0,0.793719
bilstm_finetuned,strip,template,13,ctrlall_lookalike,bongo_1006,0,0.999512
bilstm_finetuned,strip,template,13,ctrlall_lookalike,bongo_1015,0,0.830826
bilstm_finetuned,strip,template,13,ctrlall_lookalike,bongo_1037,0,0.378958
bilstm_finetuned,strip,template,13,ctrlall_lookalike,bongo_1040,0,0.811460
bilstm_finetuned,strip,template,13,ctrlall_lookalike,bongo_1050,0,0.658276
bilstm_finetuned,strip,template,13,ctrlall_lookalike,bongo_1059,0,0.822548
bilstm_finetuned,strip,template,13,ctrlall_lookalike,bongo_1071,0,0.012312
bilstm_finetuned,strip,template,13,ctrlall_lookalike,bongo_1090,0,0.000093
bilstm_finetuned,strip,template,13,ctrlall_lookalike,bongo_1115,0,0.761215
bilstm_finetuned,strip,template,13,ctrlall_lookalike,bongo_1123,0,0.000041
bilstm_finetuned,strip,template,13,ctrlall_lookalike,bongo_1125,0,0.904650
bilstm_finetuned,strip,template,13,ctrlall_lookalike,bongo_1135,0,0.000214
bilstm_finetuned,strip,template,13,ctrlall_lookalike,bongo_1155,0,0.000234
bilstm_finetuned,strip,template,13,ctrlall_lookalike,bongo_1194,0,0.000221
bilstm_finetuned,strip,template,13,ctrlall_lookalike,bongo_1198,0,0.000152
bilstm_finetuned,strip,template,13,ctrlall_lookalike,bongo_1236,0,0.000118
bilstm_finetuned,strip,template,13,ctrlall_lookalike,bongo_1244,0,0.862012
bilstm_finetuned,strip,template,13,ctrlall_lookalike,bongo_1249,0,0.000149
bilstm_finetuned,strip,template,13,ctrlall_lookalike,bongo_1253,0,0.999964
bilstm_finetuned,strip,template,13,ctrlall_lookalike,bongo_1260,0,0.641407
bilstm_finetuned,strip,template,13,ctrlall_lookalike,bongo_1262,0,0.998916
bilstm_finetuned,strip,template,13,ctrlall_lookalike,bongo_1285,0,0.735100
bilstm_finetuned,strip,template,13,ctrlall_lookalike,bongo_1316,0,0.000081
bilstm_finetuned,strip,template,13,ctrlall_lookalike,bongo_1330,0,0.064122
bilstm_finetuned,strip,template,13,ctrlall_lookalike,bongo_1359,0,0.047253
bilstm_finetuned,strip,template,13,ctrlall_lookalike,bongo_1375,0,0.656115
bilstm_finetuned,strip,template,13,ctrlall_structural,bongo_0029,0,0.999992
bilstm_finetuned,strip,template,13,ctrlall_structural,bongo_0053,0,0.999993
bilstm_finetuned,strip,template,13,ctrlall_structural,bongo_0097,0,0.999992
bilstm_finetuned,strip,template,13,ctrlall_structural,bongo_0107,0,0.818042
bilstm_finetuned,strip,template,13,ctrlall_structural,bongo_0110,0,0.796130
bilstm_finetuned,strip,template,13,ctrlall_structural,bongo_0115,0,0.999992
bilstm_finetuned,strip,template,13,ctrlall_structural,bongo_0143,0,0.999995
bilstm_finetuned,strip,template,13,ctrlall_structural,bongo_0160,0,0.999991
bilstm_finetuned,strip,template,13,ctrlall_structural,bongo_0172,0,0.999994
bilstm_finetuned,strip,template,13,ctrlall_structural,bongo_0175,0,0.999994
bilstm_finetuned,strip,template,13,ctrlall_structural,bongo_0182,0,0.744597
bilstm_finetuned,strip,template,13,ctrlall_structural,bongo_0197,0,0.999985
bilstm_finetuned,strip,template,13,ctrlall_structural,bongo_0253,0,0.999993
bilstm_finetuned,strip,template,13,ctrlall_structural,bongo_0271,0,0.999987
bilstm_finetuned,strip,template,13,ctrlall_structural,bongo_0300,0,0.999975
bilstm_finetuned,strip,template,13,ctrlall_structural,bongo_0306,0,0.999991
bilstm_finetuned,strip,template,13,ctrlall_structural,bongo_0363,0,0.999992
bilstm_finetuned,strip,template,13,ctrlall_structural,bongo_0368,0,0.999993
bilstm_finetuned,strip,template,13,ctrlall_structural,bongo_0372,0,0.999993
bilstm_finetuned,strip,template,13,ctrlall_structural,bongo_0389,0,0.999993
bilstm_finetuned,strip,template,13,ctrlall_structural,bongo_0395,0,0.854954
bilstm_finetuned,strip,template,13,ctrlall_structural,bongo_0427,0,0.999995
bilstm_finetuned,strip,template,13,ctrlall_structural,bongo_0463,0,0.999964
bilstm_finetuned,strip,template,13,ctrlall_structural,bongo_0531,0,0.999980
bilstm_finetuned,strip,template,13,ctrlall_structural,bongo_0542,0,0.999993
bilstm_finetuned,strip,template,13,ctrlall_structural,bongo_0545,0,0.999990
bilstm_finetuned,strip,template,13,ctrlall_structural,bongo_0571,0,0.856454
bilstm_finetuned,strip,template,13,ctrlall_structural,bongo_0630,0,0.999993
bilstm_finetuned,strip,template,13,ctrlall_structural,bongo_0648,0,0.999982
bilstm_finetuned,strip,template,13,ctrlall_structural,bongo_0674,0,0.853809
bilstm_finetuned,strip,template,13,ctrlall_structural,bongo_0685,0,0.999985
bilstm_finetuned,strip,template,13,ctrlall_structural,bongo_0701,0,0.999973
bilstm_finetuned,strip,template,13,ctrlall_structural,bongo_0741,0,0.999982
bilstm_finetuned,strip,template,13,ctrlall_structural,bongo_0795,0,0.999981
bilstm_finetuned,strip,template,13,ctrlall_structural,bongo_0818,0,0.999994
bilstm_finetuned,strip,template,13,ctrlall_structural,bongo_0819,0,0.999991
bilstm_finetuned,strip,template,13,ctrlall_structural,bongo_0835,0,0.999995
bilstm_finetuned,strip,template,13,ctrlall_structural,bongo_0856,0,0.999993
bilstm_finetuned,strip,template,13,ctrlall_structural,bongo_0872,0,0.999990
bilstm_finetuned,strip,template,13,ctrlall_structural,bongo_0904,0,0.999993
bilstm_finetuned,strip,template,13,ctrlall_structural,bongo_0950,0,0.832926
bilstm_finetuned,strip,template,13,ctrlall_structural,bongo_0956,0,0.999993
bilstm_finetuned,strip,template,13,ctrlall_structural,bongo_0971,0,0.999995
bilstm_finetuned,strip,template,13,ctrlall_structural,bongo_0983,0,0.999993
bilstm_finetuned,strip,template,13,ctrlall_structural,bongo_0994,0,0.999982
bilstm_finetuned,strip,template,13,ctrlall_structural,bongo_1006,0,0.585339
bilstm_finetuned,strip,template,13,ctrlall_structural,bongo_1015,0,0.999995
bilstm_finetuned,strip,template,13,ctrlall_structural,bongo_1037,0,0.999992
bilstm_finetuned,strip,template,13,ctrlall_structural,bongo_1040,0,0.999993
bilstm_finetuned,strip,template,13,ctrlall_structural,bongo_1050,0,0.999993
bilstm_finetuned,strip,template,13,ctrlall_structural,bongo_1059,0,0.999971
bilstm_finetuned,strip,template,13,ctrlall_structural,bongo_1071,0,0.999994
bilstm_finetuned,strip,template,13,ctrlall_structural,bongo_1090,0,0.858891
bilstm_finetuned,strip,template,13,ctrlall_structural,bongo_1115,0,0.999993
bilstm_finetuned,strip,template,13,ctrlall_structural,bongo_1123,0,0.999992
bilstm_finetuned,strip,template,13,ctrlall_structural,bongo_1125,0,0.999994
bilstm_finetuned,strip,template,13,ctrlall_structural,bongo_1135,0,0.999994
bilstm_finetuned,strip,template,13,ctrlall_structural,bongo_1155,0,0.999986
bilstm_finetuned,strip,template,13,ctrlall_structural,bongo_1194,0,0.999987
bilstm_finetuned,strip,template,13,ctrlall_structural,bongo_1198,0,0.999992
bilstm_finetuned,strip,template,13,ctrlall_structural,bongo_1236,0,0.999972
bilstm_finetuned,strip,template,13,ctrlall_structural,bongo_1244,0,0.999993
bilstm_finetuned,strip,template,13,ctrlall_structural,bongo_1249,0,0.999996
bilstm_finetuned,strip,template,13,ctrlall_structural,bongo_1253,0,0.999994
bilstm_finetuned,strip,template,13,ctrlall_structural,bongo_1260,0,0.999992
bilstm_finetuned,strip,template,13,ctrlall_structural,bongo_1262,0,0.999995
bilstm_finetuned,strip,template,13,ctrlall_structural,bongo_1285,0,0.999976
bilstm_finetuned,strip,template,13,ctrlall_structural,bongo_1316,0,0.999927
bilstm_finetuned,strip,template,13,ctrlall_structural,bongo_1330,0,0.984809
bilstm_finetuned,strip,template,13,ctrlall_structural,bongo_1359,0,0.999967
bilstm_finetuned,strip,template,13,ctrlall_structural,bongo_1375,0,0.999986
bilstm_finetuned,strip,template,13,ctrlall_codeswitch,bongo_0029,0,0.024916
bilstm_finetuned,strip,template,13,ctrlall_codeswitch,bongo_0053,0,0.000037
bilstm_finetuned,strip,template,13,ctrlall_codeswitch,bongo_0097,0,0.000556
bilstm_finetuned,strip,template,13,ctrlall_codeswitch,bongo_0107,0,0.000016
bilstm_finetuned,strip,template,13,ctrlall_codeswitch,bongo_0110,0,0.000012
bilstm_finetuned,strip,template,13,ctrlall_codeswitch,bongo_0115,0,0.000780
bilstm_finetuned,strip,template,13,ctrlall_codeswitch,bongo_0143,0,0.000057
bilstm_finetuned,strip,template,13,ctrlall_codeswitch,bongo_0160,0,0.000022
bilstm_finetuned,strip,template,13,ctrlall_codeswitch,bongo_0172,0,0.414732
bilstm_finetuned,strip,template,13,ctrlall_codeswitch,bongo_0175,0,0.000021
bilstm_finetuned,strip,template,13,ctrlall_codeswitch,bongo_0182,0,0.000009
bilstm_finetuned,strip,template,13,ctrlall_codeswitch,bongo_0197,0,0.000031
bilstm_finetuned,strip,template,13,ctrlall_codeswitch,bongo_0253,0,0.000044
bilstm_finetuned,strip,template,13,ctrlall_codeswitch,bongo_0271,0,0.000028
bilstm_finetuned,strip,template,13,ctrlall_codeswitch,bongo_0300,0,0.000029
bilstm_finetuned,strip,template,13,ctrlall_codeswitch,bongo_0306,0,0.000039
bilstm_finetuned,strip,template,13,ctrlall_codeswitch,bongo_0363,0,0.000029
bilstm_finetuned,strip,template,13,ctrlall_codeswitch,bongo_0368,0,0.000211
bilstm_finetuned,strip,template,13,ctrlall_codeswitch,bongo_0372,0,0.000041
bilstm_finetuned,strip,template,13,ctrlall_codeswitch,bongo_0389,0,0.000026
bilstm_finetuned,strip,template,13,ctrlall_codeswitch,bongo_0395,0,0.000519
bilstm_finetuned,strip,template,13,ctrlall_codeswitch,bongo_0427,0,0.014507
bilstm_finetuned,strip,template,13,ctrlall_codeswitch,bongo_0463,0,0.000192
bilstm_finetuned,strip,template,13,ctrlall_codeswitch,bongo_0531,0,0.000083
bilstm_finetuned,strip,template,13,ctrlall_codeswitch,bongo_0542,0,0.000019
bilstm_finetuned,strip,template,13,ctrlall_codeswitch,bongo_0545,0,0.000022
bilstm_finetuned,strip,template,13,ctrlall_codeswitch,bongo_0571,0,0.000022
bilstm_finetuned,strip,template,13,ctrlall_codeswitch,bongo_0630,0,0.000086
bilstm_finetuned,strip,template,13,ctrlall_codeswitch,bongo_0648,0,0.004569
bilstm_finetuned,strip,template,13,ctrlall_codeswitch,bongo_0674,0,0.000016
bilstm_finetuned,strip,template,13,ctrlall_codeswitch,bongo_0685,0,0.536165
bilstm_finetuned,strip,template,13,ctrlall_codeswitch,bongo_0701,0,0.000023
bilstm_finetuned,strip,template,13,ctrlall_codeswitch,bongo_0741,0,0.000022
bilstm_finetuned,strip,template,13,ctrlall_codeswitch,bongo_0795,0,0.000104
bilstm_finetuned,strip,template,13,ctrlall_codeswitch,bongo_0818,0,0.002218
bilstm_finetuned,strip,template,13,ctrlall_codeswitch,bongo_0819,0,0.000090
bilstm_finetuned,strip,template,13,ctrlall_codeswitch,bongo_0835,0,0.000019
bilstm_finetuned,strip,template,13,ctrlall_codeswitch,bongo_0856,0,0.000047
bilstm_finetuned,strip,template,13,ctrlall_codeswitch,bongo_0872,0,0.009772
bilstm_finetuned,strip,template,13,ctrlall_codeswitch,bongo_0904,0,0.000161
bilstm_finetuned,strip,template,13,ctrlall_codeswitch,bongo_0950,0,0.000025
bilstm_finetuned,strip,template,13,ctrlall_codeswitch,bongo_0956,0,0.000021
bilstm_finetuned,strip,template,13,ctrlall_codeswitch,bongo_0971,0,0.000025
bilstm_finetuned,strip,template,13,ctrlall_codeswitch,bongo_0983,0,0.000063
bilstm_finetuned,strip,template,13,ctrlall_codeswitch,bongo_0994,0,0.000100
bilstm_finetuned,strip,template,13,ctrlall_codeswitch,bongo_1006,0,0.000028
bilstm_finetuned,strip,template,13,ctrlall_codeswitch,bongo_1015,0,0.000012
bilstm_finetuned,strip,template,13,ctrlall_codeswitch,bongo_1037,0,0.000038
bilstm_finetuned,strip,template,13,ctrlall_codeswitch,bongo_1040,0,0.000035
bilstm_finetuned,strip,template,13,ctrlall_codeswitch,bongo_1050,0,0.000022
bilstm_finetuned,strip,template,13,ctrlall_codeswitch,bongo_1059,0,0.000019
bilstm_finetuned,strip,template,13,ctrlall_codeswitch,bongo_1071,0,0.000027
bilstm_finetuned,strip,template,13,ctrlall_codeswitch,bongo_1090,0,0.000014
bilstm_finetuned,strip,template,13,ctrlall_codeswitch,bongo_1115,0,0.000006
bilstm_finetuned,strip,template,13,ctrlall_codeswitch,bongo_1123,0,0.000026
bilstm_finetuned,strip,template,13,ctrlall_codeswitch,bongo_1125,0,0.001677
bilstm_finetuned,strip,template,13,ctrlall_codeswitch,bongo_1135,0,0.006338
bilstm_finetuned,strip,template,13,ctrlall_codeswitch,bongo_1155,0,0.000024
bilstm_finetuned,strip,template,13,ctrlall_codeswitch,bongo_1194,0,0.000497
bilstm_finetuned,strip,template,13,ctrlall_codeswitch,bongo_1198,0,0.000064
bilstm_finetuned,strip,template,13,ctrlall_codeswitch,bongo_1236,0,0.000040
bilstm_finetuned,strip,template,13,ctrlall_codeswitch,bongo_1244,0,0.000020
bilstm_finetuned,strip,template,13,ctrlall_codeswitch,bongo_1249,0,0.000009
bilstm_finetuned,strip,template,13,ctrlall_codeswitch,bongo_1253,0,0.000047
bilstm_finetuned,strip,template,13,ctrlall_codeswitch,bongo_1260,0,0.000025
bilstm_finetuned,strip,template,13,ctrlall_codeswitch,bongo_1262,0,0.000033
bilstm_finetuned,strip,template,13,ctrlall_codeswitch,bongo_1285,0,0.000022
bilstm_finetuned,strip,template,13,ctrlall_codeswitch,bongo_1316,0,0.000063
bilstm_finetuned,strip,template,13,ctrlall_codeswitch,bongo_1330,0,0.046217
bilstm_finetuned,strip,template,13,ctrlall_codeswitch,bongo_1359,0,0.000116
bilstm_finetuned,strip,template,13,ctrlall_codeswitch,bongo_1375,0,0.000035
bilstm_finetuned,strip,template,13,test_xatk_lookalike_all,bongo_0025,1,0.999986
bilstm_finetuned,strip,template,13,test_xatk_lookalike_all,bongo_0029,0,0.024916
bilstm_finetuned,strip,template,13,test_xatk_lookalike_all,bongo_0039,1,0.999926
bilstm_finetuned,strip,template,13,test_xatk_lookalike_all,bongo_0047,1,0.999977
bilstm_finetuned,strip,template,13,test_xatk_lookalike_all,bongo_0053,0,0.000037
bilstm_finetuned,strip,template,13,test_xatk_lookalike_all,bongo_0055,1,0.022846
bilstm_finetuned,strip,template,13,test_xatk_lookalike_all,bongo_0061,1,0.999954
bilstm_finetuned,strip,template,13,test_xatk_lookalike_all,bongo_0097,0,0.000402
bilstm_finetuned,strip,template,13,test_xatk_lookalike_all,bongo_0107,0,0.000016
bilstm_finetuned,strip,template,13,test_xatk_lookalike_all,bongo_0110,0,0.000012
bilstm_finetuned,strip,template,13,test_xatk_lookalike_all,bongo_0112,1,0.219056
bilstm_finetuned,strip,template,13,test_xatk_lookalike_all,bongo_0115,0,0.000422
bilstm_finetuned,strip,template,13,test_xatk_lookalike_all,bongo_0143,0,0.000057
bilstm_finetuned,strip,template,13,test_xatk_lookalike_all,bongo_0146,1,0.999989
bilstm_finetuned,strip,template,13,test_xatk_lookalike_all,bongo_0154,1,0.999981
bilstm_finetuned,strip,template,13,test_xatk_lookalike_all,bongo_0159,1,0.024094
bilstm_finetuned,strip,template,13,test_xatk_lookalike_all,bongo_0160,0,0.000022
bilstm_finetuned,strip,template,13,test_xatk_lookalike_all,bongo_0172,0,0.240197
bilstm_finetuned,strip,template,13,test_xatk_lookalike_all,bongo_0173,1,0.158526
bilstm_finetuned,strip,template,13,test_xatk_lookalike_all,bongo_0175,0,0.000021
bilstm_finetuned,strip,template,13,test_xatk_lookalike_all,bongo_0182,0,0.000009
bilstm_finetuned,strip,template,13,test_xatk_lookalike_all,bongo_0195,1,0.999743
bilstm_finetuned,strip,template,13,test_xatk_lookalike_all,bongo_0197,0,0.000031
bilstm_finetuned,strip,template,13,test_xatk_lookalike_all,bongo_0201,1,0.880035
bilstm_finetuned,strip,template,13,test_xatk_lookalike_all,bongo_0203,1,0.784632
bilstm_finetuned,strip,template,13,test_xatk_lookalike_all,bongo_0250,1,0.024065
bilstm_finetuned,strip,template,13,test_xatk_lookalike_all,bongo_0253,0,0.000044
bilstm_finetuned,strip,template,13,test_xatk_lookalike_all,bongo_0255,1,0.089934
bilstm_finetuned,strip,template,13,test_xatk_lookalike_all,bongo_0265,1,0.192090
bilstm_finetuned,strip,template,13,test_xatk_lookalike_all,bongo_0271,0,0.000028
bilstm_finetuned,strip,template,13,test_xatk_lookalike_all,bongo_0300,0,0.000029
bilstm_finetuned,strip,template,13,test_xatk_lookalike_all,bongo_0306,0,0.000039
bilstm_finetuned,strip,template,13,test_xatk_lookalike_all,bongo_0356,1,0.239536
bilstm_finetuned,strip,template,13,test_xatk_lookalike_all,bongo_0360,1,0.999974
bilstm_finetuned,strip,template,13,test_xatk_lookalike_all,bongo_0361,1,0.779694
bilstm_finetuned,strip,template,13,test_xatk_lookalike_all,bongo_0363,0,0.000029
bilstm_finetuned,strip,template,13,test_xatk_lookalike_all,bongo_0368,0,0.000151
bilstm_finetuned,strip,template,13,test_xatk_lookalike_all,bongo_0372,0,0.000041
bilstm_finetuned,strip,template,13,test_xatk_lookalike_all,bongo_0380,1,0.090044
bilstm_finetuned,strip,template,13,test_xatk_lookalike_all,bongo_0389,0,0.000026
bilstm_finetuned,strip,template,13,test_xatk_lookalike_all,bongo_0395,0,0.000519
bilstm_finetuned,strip,template,13,test_xatk_lookalike_all,bongo_0405,1,0.244721
bilstm_finetuned,strip,template,13,test_xatk_lookalike_all,bongo_0424,1,0.999990
bilstm_finetuned,strip,template,13,test_xatk_lookalike_all,bongo_0427,0,0.000363
bilstm_finetuned,strip,template,13,test_xatk_lookalike_all,bongo_0434,1,0.024177
bilstm_finetuned,strip,template,13,test_xatk_lookalike_all,bongo_0463,0,0.000253
bilstm_finetuned,strip,template,13,test_xatk_lookalike_all,bongo_0476,1,0.000241
bilstm_finetuned,strip,template,13,test_xatk_lookalike_all,bongo_0510,1,0.999984
bilstm_finetuned,strip,template,13,test_xatk_lookalike_all,bongo_0531,0,0.000083
bilstm_finetuned,strip,template,13,test_xatk_lookalike_all,bongo_0542,0,0.000019
bilstm_finetuned,strip,template,13,test_xatk_lookalike_all,bongo_0545,0,0.000022
bilstm_finetuned,strip,template,13,test_xatk_lookalike_all,bongo_0560,1,0.999946
bilstm_finetuned,strip,template,13,test_xatk_lookalike_all,bongo_0565,1,0.615898
bilstm_finetuned,strip,template,13,test_xatk_lookalike_all,bongo_0566,1,0.999994
bilstm_finetuned,strip,template,13,test_xatk_lookalike_all,bongo_0571,0,0.000022
bilstm_finetuned,strip,template,13,test_xatk_lookalike_all,bongo_0577,1,0.283625
bilstm_finetuned,strip,template,13,test_xatk_lookalike_all,bongo_0580,1,0.994674
bilstm_finetuned,strip,template,13,test_xatk_lookalike_all,bongo_0621,1,0.999555
bilstm_finetuned,strip,template,13,test_xatk_lookalike_all,bongo_0624,1,0.999993
bilstm_finetuned,strip,template,13,test_xatk_lookalike_all,bongo_0630,0,0.000086
bilstm_finetuned,strip,template,13,test_xatk_lookalike_all,bongo_0638,1,0.999989
bilstm_finetuned,strip,template,13,test_xatk_lookalike_all,bongo_0648,0,0.004569
bilstm_finetuned,strip,template,13,test_xatk_lookalike_all,bongo_0674,0,0.000016
bilstm_finetuned,strip,template,13,test_xatk_lookalike_all,bongo_0685,0,0.009332
bilstm_finetuned,strip,template,13,test_xatk_lookalike_all,bongo_0697,1,0.611086
bilstm_finetuned,strip,template,13,test_xatk_lookalike_all,bongo_0701,0,0.000023
bilstm_finetuned,strip,template,13,test_xatk_lookalike_all,bongo_0706,1,0.218014
bilstm_finetuned,strip,template,13,test_xatk_lookalike_all,bongo_0719,1,0.108428
bilstm_finetuned,strip,template,13,test_xatk_lookalike_all,bongo_0721,1,0.073177
bilstm_finetuned,strip,template,13,test_xatk_lookalike_all,bongo_0724,1,0.616177
bilstm_finetuned,strip,template,13,test_xatk_lookalike_all,bongo_0729,1,0.997166
bilstm_finetuned,strip,template,13,test_xatk_lookalike_all,bongo_0741,0,0.000022
bilstm_finetuned,strip,template,13,test_xatk_lookalike_all,bongo_0749,1,0.191081
bilstm_finetuned,strip,template,13,test_xatk_lookalike_all,bongo_0769,1,0.859622
bilstm_finetuned,strip,template,13,test_xatk_lookalike_all,bongo_0770,1,0.022763
bilstm_finetuned,strip,template,13,test_xatk_lookalike_all,bongo_0778,1,0.162966
bilstm_finetuned,strip,template,13,test_xatk_lookalike_all,bongo_0787,1,0.999974
bilstm_finetuned,strip,template,13,test_xatk_lookalike_all,bongo_0795,0,0.000104
bilstm_finetuned,strip,template,13,test_xatk_lookalike_all,bongo_0806,1,0.613003
bilstm_finetuned,strip,template,13,test_xatk_lookalike_all,bongo_0807,1,0.999975
bilstm_finetuned,strip,template,13,test_xatk_lookalike_all,bongo_0818,0,0.002218
bilstm_finetuned,strip,template,13,test_xatk_lookalike_all,bongo_0819,0,0.000090
bilstm_finetuned,strip,template,13,test_xatk_lookalike_all,bongo_0835,0,0.000019
bilstm_finetuned,strip,template,13,test_xatk_lookalike_all,bongo_0840,1,0.999974
bilstm_finetuned,strip,template,13,test_xatk_lookalike_all,bongo_0855,1,0.610838
bilstm_finetuned,strip,template,13,test_xatk_lookalike_all,bongo_0856,0,0.000047
bilstm_finetuned,strip,template,13,test_xatk_lookalike_all,bongo_0864,1,0.999991
bilstm_finetuned,strip,template,13,test_xatk_lookalike_all,bongo_0871,1,0.999993
bilstm_finetuned,strip,template,13,test_xatk_lookalike_all,bongo_0872,0,0.004886
bilstm_finetuned,strip,template,13,test_xatk_lookalike_all,bongo_0904,0,0.000118
bilstm_finetuned,strip,template,13,test_xatk_lookalike_all,bongo_0905,1,0.999889
bilstm_finetuned,strip,template,13,test_xatk_lookalike_all,bongo_0909,1,0.259661
bilstm_finetuned,strip,template,13,test_xatk_lookalike_all,bongo_0917,1,0.022814
bilstm_finetuned,strip,template,13,test_xatk_lookalike_all,bongo_0918,1,0.264436
bilstm_finetuned,strip,template,13,test_xatk_lookalike_all,bongo_0950,0,0.000025
bilstm_finetuned,strip,template,13,test_xatk_lookalike_all,bongo_0955,1,0.741310
bilstm_finetuned,strip,template,13,test_xatk_lookalike_all,bongo_0956,0,0.000021
bilstm_finetuned,strip,template,13,test_xatk_lookalike_all,bongo_0971,0,0.000025
bilstm_finetuned,strip,template,13,test_xatk_lookalike_all,bongo_0983,0,0.000063
bilstm_finetuned,strip,template,13,test_xatk_lookalike_all,bongo_0989,1,0.999993
bilstm_finetuned,strip,template,13,test_xatk_lookalike_all,bongo_0994,0,0.000081
bilstm_finetuned,strip,template,13,test_xatk_lookalike_all,bongo_1003,1,0.999946
bilstm_finetuned,strip,template,13,test_xatk_lookalike_all,bongo_1006,0,0.000028
bilstm_finetuned,strip,template,13,test_xatk_lookalike_all,bongo_1012,1,0.164010
bilstm_finetuned,strip,template,13,test_xatk_lookalike_all,bongo_1015,0,0.000012
bilstm_finetuned,strip,template,13,test_xatk_lookalike_all,bongo_1022,1,0.108388
bilstm_finetuned,strip,template,13,test_xatk_lookalike_all,bongo_1037,0,0.000038
bilstm_finetuned,strip,template,13,test_xatk_lookalike_all,bongo_1040,0,0.000035
bilstm_finetuned,strip,template,13,test_xatk_lookalike_all,bongo_1042,1,0.646805
bilstm_finetuned,strip,template,13,test_xatk_lookalike_all,bongo_1047,1,0.999732
bilstm_finetuned,strip,template,13,test_xatk_lookalike_all,bongo_1050,0,0.000022
bilstm_finetuned,strip,template,13,test_xatk_lookalike_all,bongo_1052,1,0.871507
bilstm_finetuned,strip,template,13,test_xatk_lookalike_all,bongo_1059,0,0.000019
bilstm_finetuned,strip,template,13,test_xatk_lookalike_all,bongo_1071,0,0.000027
bilstm_finetuned,strip,template,13,test_xatk_lookalike_all,bongo_1090,0,0.000014
bilstm_finetuned,strip,template,13,test_xatk_lookalike_all,bongo_1104,1,0.999994
bilstm_finetuned,strip,template,13,test_xatk_lookalike_all,bongo_1115,0,0.000006
bilstm_finetuned,strip,template,13,test_xatk_lookalike_all,bongo_1123,0,0.000026
bilstm_finetuned,strip,template,13,test_xatk_lookalike_all,bongo_1125,0,0.001677
bilstm_finetuned,strip,template,13,test_xatk_lookalike_all,bongo_1127,1,0.298214
bilstm_finetuned,strip,template,13,test_xatk_lookalike_all,bongo_1131,1,0.999990
bilstm_finetuned,strip,template,13,test_xatk_lookalike_all,bongo_1134,1,0.218596
bilstm_finetuned,strip,template,13,test_xatk_lookalike_all,bongo_1135,0,0.006338
bilstm_finetuned,strip,template,13,test_xatk_lookalike_all,bongo_1136,1,0.999984
bilstm_finetuned,strip,template,13,test_xatk_lookalike_all,bongo_1138,1,0.999966
bilstm_finetuned,strip,template,13,test_xatk_lookalike_all,bongo_1140,1,0.271570
bilstm_finetuned,strip,template,13,test_xatk_lookalike_all,bongo_1154,1,0.998192
bilstm_finetuned,strip,template,13,test_xatk_lookalike_all,bongo_1155,0,0.000024
bilstm_finetuned,strip,template,13,test_xatk_lookalike_all,bongo_1171,1,0.794491
bilstm_finetuned,strip,template,13,test_xatk_lookalike_all,bongo_1181,1,0.998942
bilstm_finetuned,strip,template,13,test_xatk_lookalike_all,bongo_1185,1,0.089493
bilstm_finetuned,strip,template,13,test_xatk_lookalike_all,bongo_1194,0,0.000497
bilstm_finetuned,strip,template,13,test_xatk_lookalike_all,bongo_1195,1,0.618568
bilstm_finetuned,strip,template,13,test_xatk_lookalike_all,bongo_1198,0,0.000064
bilstm_finetuned,strip,template,13,test_xatk_lookalike_all,bongo_1204,1,0.025715
bilstm_finetuned,strip,template,13,test_xatk_lookalike_all,bongo_1220,1,0.999991
bilstm_finetuned,strip,template,13,test_xatk_lookalike_all,bongo_1233,1,0.999994
bilstm_finetuned,strip,template,13,test_xatk_lookalike_all,bongo_1236,0,0.000040
bilstm_finetuned,strip,template,13,test_xatk_lookalike_all,bongo_1240,1,0.090490
bilstm_finetuned,strip,template,13,test_xatk_lookalike_all,bongo_1244,0,0.000019
bilstm_finetuned,strip,template,13,test_xatk_lookalike_all,bongo_1249,0,0.000009
bilstm_finetuned,strip,template,13,test_xatk_lookalike_all,bongo_1253,0,0.000047
bilstm_finetuned,strip,template,13,test_xatk_lookalike_all,bongo_1260,0,0.000025
bilstm_finetuned,strip,template,13,test_xatk_lookalike_all,bongo_1262,0,0.000033
bilstm_finetuned,strip,template,13,test_xatk_lookalike_all,bongo_1278,1,0.164162
bilstm_finetuned,strip,template,13,test_xatk_lookalike_all,bongo_1285,0,0.000022
bilstm_finetuned,strip,template,13,test_xatk_lookalike_all,bongo_1293,1,0.999987
bilstm_finetuned,strip,template,13,test_xatk_lookalike_all,bongo_1316,0,0.000063
bilstm_finetuned,strip,template,13,test_xatk_lookalike_all,bongo_1327,1,0.023008
bilstm_finetuned,strip,template,13,test_xatk_lookalike_all,bongo_1330,0,0.046217
bilstm_finetuned,strip,template,13,test_xatk_lookalike_all,bongo_1359,0,0.000111
bilstm_finetuned,strip,template,13,test_xatk_lookalike_all,bongo_1375,0,0.000035
bilstm_finetuned,strip,template,13,test_xatk_structural_all,bongo_0025,1,0.999986
bilstm_finetuned,strip,template,13,test_xatk_structural_all,bongo_0029,0,0.024916
bilstm_finetuned,strip,template,13,test_xatk_structural_all,bongo_0039,1,0.999992
bilstm_finetuned,strip,template,13,test_xatk_structural_all,bongo_0047,1,0.999977
bilstm_finetuned,strip,template,13,test_xatk_structural_all,bongo_0053,0,0.000037
bilstm_finetuned,strip,template,13,test_xatk_structural_all,bongo_0055,1,0.031111
bilstm_finetuned,strip,template,13,test_xatk_structural_all,bongo_0061,1,0.999974
bilstm_finetuned,strip,template,13,test_xatk_structural_all,bongo_0097,0,0.000402
bilstm_finetuned,strip,template,13,test_xatk_structural_all,bongo_0107,0,0.000016
bilstm_finetuned,strip,template,13,test_xatk_structural_all,bongo_0110,0,0.000012
bilstm_finetuned,strip,template,13,test_xatk_structural_all,bongo_0112,1,0.314475
bilstm_finetuned,strip,template,13,test_xatk_structural_all,bongo_0115,0,0.000422
bilstm_finetuned,strip,template,13,test_xatk_structural_all,bongo_0143,0,0.000057
bilstm_finetuned,strip,template,13,test_xatk_structural_all,bongo_0146,1,0.999989
bilstm_finetuned,strip,template,13,test_xatk_structural_all,bongo_0154,1,0.999981
bilstm_finetuned,strip,template,13,test_xatk_structural_all,bongo_0159,1,0.032563
bilstm_finetuned,strip,template,13,test_xatk_structural_all,bongo_0160,0,0.000022
bilstm_finetuned,strip,template,13,test_xatk_structural_all,bongo_0172,0,0.240197
bilstm_finetuned,strip,template,13,test_xatk_structural_all,bongo_0173,1,0.580584
bilstm_finetuned,strip,template,13,test_xatk_structural_all,bongo_0175,0,0.000021
bilstm_finetuned,strip,template,13,test_xatk_structural_all,bongo_0182,0,0.000009
bilstm_finetuned,strip,template,13,test_xatk_structural_all,bongo_0195,1,0.999988
bilstm_finetuned,strip,template,13,test_xatk_structural_all,bongo_0197,0,0.000031
bilstm_finetuned,strip,template,13,test_xatk_structural_all,bongo_0201,1,0.999995
bilstm_finetuned,strip,template,13,test_xatk_structural_all,bongo_0203,1,0.999993
bilstm_finetuned,strip,template,13,test_xatk_structural_all,bongo_0250,1,0.048333
bilstm_finetuned,strip,template,13,test_xatk_structural_all,bongo_0253,0,0.000044
bilstm_finetuned,strip,template,13,test_xatk_structural_all,bongo_0255,1,0.113288
bilstm_finetuned,strip,template,13,test_xatk_structural_all,bongo_0265,1,0.153275
bilstm_finetuned,strip,template,13,test_xatk_structural_all,bongo_0271,0,0.000028
bilstm_finetuned,strip,template,13,test_xatk_structural_all,bongo_0300,0,0.000029
bilstm_finetuned,strip,template,13,test_xatk_structural_all,bongo_0306,0,0.000039
bilstm_finetuned,strip,template,13,test_xatk_structural_all,bongo_0356,1,0.313413
bilstm_finetuned,strip,template,13,test_xatk_structural_all,bongo_0360,1,0.999974
bilstm_finetuned,strip,template,13,test_xatk_structural_all,bongo_0361,1,0.999991
bilstm_finetuned,strip,template,13,test_xatk_structural_all,bongo_0363,0,0.000029
bilstm_finetuned,strip,template,13,test_xatk_structural_all,bongo_0368,0,0.000151
bilstm_finetuned,strip,template,13,test_xatk_structural_all,bongo_0372,0,0.000041
bilstm_finetuned,strip,template,13,test_xatk_structural_all,bongo_0380,1,0.116014
bilstm_finetuned,strip,template,13,test_xatk_structural_all,bongo_0389,0,0.000026
bilstm_finetuned,strip,template,13,test_xatk_structural_all,bongo_0395,0,0.000519
bilstm_finetuned,strip,template,13,test_xatk_structural_all,bongo_0405,1,0.999986
bilstm_finetuned,strip,template,13,test_xatk_structural_all,bongo_0424,1,0.999992
bilstm_finetuned,strip,template,13,test_xatk_structural_all,bongo_0427,0,0.000363
bilstm_finetuned,strip,template,13,test_xatk_structural_all,bongo_0434,1,0.032134
bilstm_finetuned,strip,template,13,test_xatk_structural_all,bongo_0463,0,0.000253
bilstm_finetuned,strip,template,13,test_xatk_structural_all,bongo_0476,1,0.999992
bilstm_finetuned,strip,template,13,test_xatk_structural_all,bongo_0510,1,0.999995
bilstm_finetuned,strip,template,13,test_xatk_structural_all,bongo_0531,0,0.000083
bilstm_finetuned,strip,template,13,test_xatk_structural_all,bongo_0542,0,0.000019
bilstm_finetuned,strip,template,13,test_xatk_structural_all,bongo_0545,0,0.000022
bilstm_finetuned,strip,template,13,test_xatk_structural_all,bongo_0560,1,0.999946
bilstm_finetuned,strip,template,13,test_xatk_structural_all,bongo_0565,1,0.400298
bilstm_finetuned,strip,template,13,test_xatk_structural_all,bongo_0566,1,0.999994
bilstm_finetuned,strip,template,13,test_xatk_structural_all,bongo_0571,0,0.000022
bilstm_finetuned,strip,template,13,test_xatk_structural_all,bongo_0577,1,0.999992
bilstm_finetuned,strip,template,13,test_xatk_structural_all,bongo_0580,1,0.999985
bilstm_finetuned,strip,template,13,test_xatk_structural_all,bongo_0621,1,0.999987
bilstm_finetuned,strip,template,13,test_xatk_structural_all,bongo_0624,1,0.999995
bilstm_finetuned,strip,template,13,test_xatk_structural_all,bongo_0630,0,0.000086
bilstm_finetuned,strip,template,13,test_xatk_structural_all,bongo_0638,1,0.999990
bilstm_finetuned,strip,template,13,test_xatk_structural_all,bongo_0648,0,0.004569
bilstm_finetuned,strip,template,13,test_xatk_structural_all,bongo_0674,0,0.000016
bilstm_finetuned,strip,template,13,test_xatk_structural_all,bongo_0685,0,0.009332
bilstm_finetuned,strip,template,13,test_xatk_structural_all,bongo_0697,1,0.389286
bilstm_finetuned,strip,template,13,test_xatk_structural_all,bongo_0701,0,0.000023
bilstm_finetuned,strip,template,13,test_xatk_structural_all,bongo_0706,1,0.315126
bilstm_finetuned,strip,template,13,test_xatk_structural_all,bongo_0719,1,0.183696
bilstm_finetuned,strip,template,13,test_xatk_structural_all,bongo_0721,1,0.999985
bilstm_finetuned,strip,template,13,test_xatk_structural_all,bongo_0724,1,0.652996
bilstm_finetuned,strip,template,13,test_xatk_structural_all,bongo_0729,1,0.999992
bilstm_finetuned,strip,template,13,test_xatk_structural_all,bongo_0741,0,0.000022
bilstm_finetuned,strip,template,13,test_xatk_structural_all,bongo_0749,1,0.264938
bilstm_finetuned,strip,template,13,test_xatk_structural_all,bongo_0769,1,0.999995
bilstm_finetuned,strip,template,13,test_xatk_structural_all,bongo_0770,1,0.036379
bilstm_finetuned,strip,template,13,test_xatk_structural_all,bongo_0778,1,0.258501
bilstm_finetuned,strip,template,13,test_xatk_structural_all,bongo_0787,1,0.999974
bilstm_finetuned,strip,template,13,test_xatk_structural_all,bongo_0795,0,0.000104
bilstm_finetuned,strip,template,13,test_xatk_structural_all,bongo_0806,1,0.999969
bilstm_finetuned,strip,template,13,test_xatk_structural_all,bongo_0807,1,0.999994
bilstm_finetuned,strip,template,13,test_xatk_structural_all,bongo_0818,0,0.002218
bilstm_finetuned,strip,template,13,test_xatk_structural_all,bongo_0819,0,0.000090
bilstm_finetuned,strip,template,13,test_xatk_structural_all,bongo_0835,0,0.000019
bilstm_finetuned,strip,template,13,test_xatk_structural_all,bongo_0840,1,0.999974
bilstm_finetuned,strip,template,13,test_xatk_structural_all,bongo_0855,1,0.501770
bilstm_finetuned,strip,template,13,test_xatk_structural_all,bongo_0856,0,0.000047
bilstm_finetuned,strip,template,13,test_xatk_structural_all,bongo_0864,1,0.999991
bilstm_finetuned,strip,template,13,test_xatk_structural_all,bongo_0871,1,0.999994
bilstm_finetuned,strip,template,13,test_xatk_structural_all,bongo_0872,0,0.004886
bilstm_finetuned,strip,template,13,test_xatk_structural_all,bongo_0904,0,0.000118
bilstm_finetuned,strip,template,13,test_xatk_structural_all,bongo_0905,1,0.999994
bilstm_finetuned,strip,template,13,test_xatk_structural_all,bongo_0909,1,0.999993
bilstm_finetuned,strip,template,13,test_xatk_structural_all,bongo_0917,1,0.032262
bilstm_finetuned,strip,template,13,test_xatk_structural_all,bongo_0918,1,0.999993
bilstm_finetuned,strip,template,13,test_xatk_structural_all,bongo_0950,0,0.000025
bilstm_finetuned,strip,template,13,test_xatk_structural_all,bongo_0955,1,0.999995
bilstm_finetuned,strip,template,13,test_xatk_structural_all,bongo_0956,0,0.000021
bilstm_finetuned,strip,template,13,test_xatk_structural_all,bongo_0971,0,0.000025
bilstm_finetuned,strip,template,13,test_xatk_structural_all,bongo_0983,0,0.000063
bilstm_finetuned,strip,template,13,test_xatk_structural_all,bongo_0989,1,0.999994
bilstm_finetuned,strip,template,13,test_xatk_structural_all,bongo_0994,0,0.000081
bilstm_finetuned,strip,template,13,test_xatk_structural_all,bongo_1003,1,0.999946
bilstm_finetuned,strip,template,13,test_xatk_structural_all,bongo_1006,0,0.000028
bilstm_finetuned,strip,template,13,test_xatk_structural_all,bongo_1012,1,0.999893
bilstm_finetuned,strip,template,13,test_xatk_structural_all,bongo_1015,0,0.000012
bilstm_finetuned,strip,template,13,test_xatk_structural_all,bongo_1022,1,0.999827
bilstm_finetuned,strip,template,13,test_xatk_structural_all,bongo_1037,0,0.000038
bilstm_finetuned,strip,template,13,test_xatk_structural_all,bongo_1040,0,0.000035
bilstm_finetuned,strip,template,13,test_xatk_structural_all,bongo_1042,1,0.999994
bilstm_finetuned,strip,template,13,test_xatk_structural_all,bongo_1047,1,0.999992
bilstm_finetuned,strip,template,13,test_xatk_structural_all,bongo_1050,0,0.000022
bilstm_finetuned,strip,template,13,test_xatk_structural_all,bongo_1052,1,0.999996
bilstm_finetuned,strip,template,13,test_xatk_structural_all,bongo_1059,0,0.000019
bilstm_finetuned,strip,template,13,test_xatk_structural_all,bongo_1071,0,0.000027
bilstm_finetuned,strip,template,13,test_xatk_structural_all,bongo_1090,0,0.000014
bilstm_finetuned,strip,template,13,test_xatk_structural_all,bongo_1104,1,0.999994
bilstm_finetuned,strip,template,13,test_xatk_structural_all,bongo_1115,0,0.000006
bilstm_finetuned,strip,template,13,test_xatk_structural_all,bongo_1123,0,0.000026
bilstm_finetuned,strip,template,13,test_xatk_structural_all,bongo_1125,0,0.001677
bilstm_finetuned,strip,template,13,test_xatk_structural_all,bongo_1127,1,0.593024
bilstm_finetuned,strip,template,13,test_xatk_structural_all,bongo_1131,1,0.999989
bilstm_finetuned,strip,template,13,test_xatk_structural_all,bongo_1134,1,0.323013
bilstm_finetuned,strip,template,13,test_xatk_structural_all,bongo_1135,0,0.006338
bilstm_finetuned,strip,template,13,test_xatk_structural_all,bongo_1136,1,0.999984
bilstm_finetuned,strip,template,13,test_xatk_structural_all,bongo_1138,1,0.999994
bilstm_finetuned,strip,template,13,test_xatk_structural_all,bongo_1140,1,0.999991
bilstm_finetuned,strip,template,13,test_xatk_structural_all,bongo_1154,1,0.999989
bilstm_finetuned,strip,template,13,test_xatk_structural_all,bongo_1155,0,0.000024
bilstm_finetuned,strip,template,13,test_xatk_structural_all,bongo_1171,1,0.999994
bilstm_finetuned,strip,template,13,test_xatk_structural_all,bongo_1181,1,0.999981
bilstm_finetuned,strip,template,13,test_xatk_structural_all,bongo_1185,1,0.167137
bilstm_finetuned,strip,template,13,test_xatk_structural_all,bongo_1194,0,0.000497
bilstm_finetuned,strip,template,13,test_xatk_structural_all,bongo_1195,1,0.390527
bilstm_finetuned,strip,template,13,test_xatk_structural_all,bongo_1198,0,0.000064
bilstm_finetuned,strip,template,13,test_xatk_structural_all,bongo_1204,1,0.042435
bilstm_finetuned,strip,template,13,test_xatk_structural_all,bongo_1220,1,0.999991
bilstm_finetuned,strip,template,13,test_xatk_structural_all,bongo_1233,1,0.999994
bilstm_finetuned,strip,template,13,test_xatk_structural_all,bongo_1236,0,0.000040
bilstm_finetuned,strip,template,13,test_xatk_structural_all,bongo_1240,1,0.099570
bilstm_finetuned,strip,template,13,test_xatk_structural_all,bongo_1244,0,0.000019
bilstm_finetuned,strip,template,13,test_xatk_structural_all,bongo_1249,0,0.000009
bilstm_finetuned,strip,template,13,test_xatk_structural_all,bongo_1253,0,0.000047
bilstm_finetuned,strip,template,13,test_xatk_structural_all,bongo_1260,0,0.000025
bilstm_finetuned,strip,template,13,test_xatk_structural_all,bongo_1262,0,0.000033
bilstm_finetuned,strip,template,13,test_xatk_structural_all,bongo_1278,1,0.272819
bilstm_finetuned,strip,template,13,test_xatk_structural_all,bongo_1285,0,0.000022
bilstm_finetuned,strip,template,13,test_xatk_structural_all,bongo_1293,1,0.999987
bilstm_finetuned,strip,template,13,test_xatk_structural_all,bongo_1316,0,0.000063
bilstm_finetuned,strip,template,13,test_xatk_structural_all,bongo_1327,1,0.046579
bilstm_finetuned,strip,template,13,test_xatk_structural_all,bongo_1330,0,0.046217
bilstm_finetuned,strip,template,13,test_xatk_structural_all,bongo_1359,0,0.000111
bilstm_finetuned,strip,template,13,test_xatk_structural_all,bongo_1375,0,0.000035
bilstm_finetuned,strip,template,13,test_xatk_codeswitch_all,bongo_0025,1,0.999985
bilstm_finetuned,strip,template,13,test_xatk_codeswitch_all,bongo_0029,0,0.024916
bilstm_finetuned,strip,template,13,test_xatk_codeswitch_all,bongo_0039,1,0.637701
bilstm_finetuned,strip,template,13,test_xatk_codeswitch_all,bongo_0047,1,0.999977
bilstm_finetuned,strip,template,13,test_xatk_codeswitch_all,bongo_0053,0,0.000037
bilstm_finetuned,strip,template,13,test_xatk_codeswitch_all,bongo_0055,1,0.011796
bilstm_finetuned,strip,template,13,test_xatk_codeswitch_all,bongo_0061,1,0.999593
bilstm_finetuned,strip,template,13,test_xatk_codeswitch_all,bongo_0097,0,0.000402
bilstm_finetuned,strip,template,13,test_xatk_codeswitch_all,bongo_0107,0,0.000016
bilstm_finetuned,strip,template,13,test_xatk_codeswitch_all,bongo_0110,0,0.000012
bilstm_finetuned,strip,template,13,test_xatk_codeswitch_all,bongo_0112,1,0.160885
bilstm_finetuned,strip,template,13,test_xatk_codeswitch_all,bongo_0115,0,0.000422
bilstm_finetuned,strip,template,13,test_xatk_codeswitch_all,bongo_0143,0,0.000057
bilstm_finetuned,strip,template,13,test_xatk_codeswitch_all,bongo_0146,1,0.616504
bilstm_finetuned,strip,template,13,test_xatk_codeswitch_all,bongo_0154,1,0.999981
bilstm_finetuned,strip,template,13,test_xatk_codeswitch_all,bongo_0159,1,0.011775
bilstm_finetuned,strip,template,13,test_xatk_codeswitch_all,bongo_0160,0,0.000022
bilstm_finetuned,strip,template,13,test_xatk_codeswitch_all,bongo_0172,0,0.240197
bilstm_finetuned,strip,template,13,test_xatk_codeswitch_all,bongo_0173,1,0.039959
bilstm_finetuned,strip,template,13,test_xatk_codeswitch_all,bongo_0175,0,0.000021
bilstm_finetuned,strip,template,13,test_xatk_codeswitch_all,bongo_0182,0,0.000009
bilstm_finetuned,strip,template,13,test_xatk_codeswitch_all,bongo_0195,1,0.420586
bilstm_finetuned,strip,template,13,test_xatk_codeswitch_all,bongo_0197,0,0.000031
bilstm_finetuned,strip,template,13,test_xatk_codeswitch_all,bongo_0201,1,0.999988
bilstm_finetuned,strip,template,13,test_xatk_codeswitch_all,bongo_0203,1,0.946667
bilstm_finetuned,strip,template,13,test_xatk_codeswitch_all,bongo_0250,1,0.011775
bilstm_finetuned,strip,template,13,test_xatk_codeswitch_all,bongo_0253,0,0.000044
bilstm_finetuned,strip,template,13,test_xatk_codeswitch_all,bongo_0255,1,0.051208
bilstm_finetuned,strip,template,13,test_xatk_codeswitch_all,bongo_0265,1,0.040276
bilstm_finetuned,strip,template,13,test_xatk_codeswitch_all,bongo_0271,0,0.000028
bilstm_finetuned,strip,template,13,test_xatk_codeswitch_all,bongo_0300,0,0.000029
bilstm_finetuned,strip,template,13,test_xatk_codeswitch_all,bongo_0306,0,0.000039
bilstm_finetuned,strip,template,13,test_xatk_codeswitch_all,bongo_0356,1,0.161052
bilstm_finetuned,strip,template,13,test_xatk_codeswitch_all,bongo_0360,1,0.996106
bilstm_finetuned,strip,template,13,test_xatk_codeswitch_all,bongo_0361,1,0.933558
bilstm_finetuned,strip,template,13,test_xatk_codeswitch_all,bongo_0363,0,0.000029
bilstm_finetuned,strip,template,13,test_xatk_codeswitch_all,bongo_0368,0,0.000151
bilstm_finetuned,strip,template,13,test_xatk_codeswitch_all,bongo_0372,0,0.000041
bilstm_finetuned,strip,template,13,test_xatk_codeswitch_all,bongo_0380,1,0.050801
bilstm_finetuned,strip,template,13,test_xatk_codeswitch_all,bongo_0389,0,0.000026
bilstm_finetuned,strip,template,13,test_xatk_codeswitch_all,bongo_0395,0,0.000519
bilstm_finetuned,strip,template,13,test_xatk_codeswitch_all,bongo_0405,1,0.999958
bilstm_finetuned,strip,template,13,test_xatk_codeswitch_all,bongo_0424,1,0.999988
bilstm_finetuned,strip,template,13,test_xatk_codeswitch_all,bongo_0427,0,0.000363
bilstm_finetuned,strip,template,13,test_xatk_codeswitch_all,bongo_0434,1,0.011796
bilstm_finetuned,strip,template,13,test_xatk_codeswitch_all,bongo_0463,0,0.000253
bilstm_finetuned,strip,template,13,test_xatk_codeswitch_all,bongo_0476,1,0.464797
bilstm_finetuned,strip,template,13,test_xatk_codeswitch_all,bongo_0510,1,0.999994
bilstm_finetuned,strip,template,13,test_xatk_codeswitch_all,bongo_0531,0,0.000083
bilstm_finetuned,strip,template,13,test_xatk_codeswitch_all,bongo_0542,0,0.000019
bilstm_finetuned,strip,template,13,test_xatk_codeswitch_all,bongo_0545,0,0.000022
bilstm_finetuned,strip,template,13,test_xatk_codeswitch_all,bongo_0560,1,0.999945
bilstm_finetuned,strip,template,13,test_xatk_codeswitch_all,bongo_0565,1,0.299912
bilstm_finetuned,strip,template,13,test_xatk_codeswitch_all,bongo_0566,1,0.789697
bilstm_finetuned,strip,template,13,test_xatk_codeswitch_all,bongo_0571,0,0.000022
bilstm_finetuned,strip,template,13,test_xatk_codeswitch_all,bongo_0577,1,0.999965
bilstm_finetuned,strip,template,13,test_xatk_codeswitch_all,bongo_0580,1,0.428079
bilstm_finetuned,strip,template,13,test_xatk_codeswitch_all,bongo_0621,1,0.999894
bilstm_finetuned,strip,template,13,test_xatk_codeswitch_all,bongo_0624,1,0.992801
bilstm_finetuned,strip,template,13,test_xatk_codeswitch_all,bongo_0630,0,0.000086
bilstm_finetuned,strip,template,13,test_xatk_codeswitch_all,bongo_0638,1,0.601110
bilstm_finetuned,strip,template,13,test_xatk_codeswitch_all,bongo_0648,0,0.004569
bilstm_finetuned,strip,template,13,test_xatk_codeswitch_all,bongo_0674,0,0.000016
bilstm_finetuned,strip,template,13,test_xatk_codeswitch_all,bongo_0685,0,0.009332
bilstm_finetuned,strip,template,13,test_xatk_codeswitch_all,bongo_0697,1,0.299912
bilstm_finetuned,strip,template,13,test_xatk_codeswitch_all,bongo_0701,0,0.000023
bilstm_finetuned,strip,template,13,test_xatk_codeswitch_all,bongo_0706,1,0.160908
bilstm_finetuned,strip,template,13,test_xatk_codeswitch_all,bongo_0719,1,0.050795
bilstm_finetuned,strip,template,13,test_xatk_codeswitch_all,bongo_0721,1,0.391456
bilstm_finetuned,strip,template,13,test_xatk_codeswitch_all,bongo_0724,1,0.301645
bilstm_finetuned,strip,template,13,test_xatk_codeswitch_all,bongo_0729,1,0.381344
bilstm_finetuned,strip,template,13,test_xatk_codeswitch_all,bongo_0741,0,0.000022
bilstm_finetuned,strip,template,13,test_xatk_codeswitch_all,bongo_0749,1,0.110694
bilstm_finetuned,strip,template,13,test_xatk_codeswitch_all,bongo_0769,1,0.605752
bilstm_finetuned,strip,template,13,test_xatk_codeswitch_all,bongo_0770,1,0.011796
bilstm_finetuned,strip,template,13,test_xatk_codeswitch_all,bongo_0778,1,0.110709
bilstm_finetuned,strip,template,13,test_xatk_codeswitch_all,bongo_0787,1,0.996148
bilstm_finetuned,strip,template,13,test_xatk_codeswitch_all,bongo_0795,0,0.000104
bilstm_finetuned,strip,template,13,test_xatk_codeswitch_all,bongo_0806,1,0.301645
bilstm_finetuned,strip,template,13,test_xatk_codeswitch_all,bongo_0807,1,0.999992
bilstm_finetuned,strip,template,13,test_xatk_codeswitch_all,bongo_0818,0,0.002218
bilstm_finetuned,strip,template,13,test_xatk_codeswitch_all,bongo_0819,0,0.000090
bilstm_finetuned,strip,template,13,test_xatk_codeswitch_all,bongo_0835,0,0.000019
bilstm_finetuned,strip,template,13,test_xatk_codeswitch_all,bongo_0840,1,0.996096
bilstm_finetuned,strip,template,13,test_xatk_codeswitch_all,bongo_0855,1,0.299676
bilstm_finetuned,strip,template,13,test_xatk_codeswitch_all,bongo_0856,0,0.000047
bilstm_finetuned,strip,template,13,test_xatk_codeswitch_all,bongo_0864,1,0.637806
bilstm_finetuned,strip,template,13,test_xatk_codeswitch_all,bongo_0871,1,0.992962
bilstm_finetuned,strip,template,13,test_xatk_codeswitch_all,bongo_0872,0,0.004886
bilstm_finetuned,strip,template,13,test_xatk_codeswitch_all,bongo_0904,0,0.000118
bilstm_finetuned,strip,template,13,test_xatk_codeswitch_all,bongo_0905,1,0.638516
bilstm_finetuned,strip,template,13,test_xatk_codeswitch_all,bongo_0909,1,0.999919
bilstm_finetuned,strip,template,13,test_xatk_codeswitch_all,bongo_0917,1,0.012116
bilstm_finetuned,strip,template,13,test_xatk_codeswitch_all,bongo_0918,1,0.999970
bilstm_finetuned,strip,template,13,test_xatk_codeswitch_all,bongo_0950,0,0.000025
bilstm_finetuned,strip,template,13,test_xatk_codeswitch_all,bongo_0955,1,0.999980
bilstm_finetuned,strip,template,13,test_xatk_codeswitch_all,bongo_0956,0,0.000021
bilstm_finetuned,strip,template,13,test_xatk_codeswitch_all,bongo_0971,0,0.000025
bilstm_finetuned,strip,template,13,test_xatk_codeswitch_all,bongo_0983,0,0.000063
bilstm_finetuned,strip,template,13,test_xatk_codeswitch_all,bongo_0989,1,0.992844
bilstm_finetuned,strip,template,13,test_xatk_codeswitch_all,bongo_0994,0,0.000081
bilstm_finetuned,strip,template,13,test_xatk_codeswitch_all,bongo_1003,1,0.999945
bilstm_finetuned,strip,template,13,test_xatk_codeswitch_all,bongo_1006,0,0.000028
bilstm_finetuned,strip,template,13,test_xatk_codeswitch_all,bongo_1012,1,0.110814
bilstm_finetuned,strip,template,13,test_xatk_codeswitch_all,bongo_1015,0,0.000012
bilstm_finetuned,strip,template,13,test_xatk_codeswitch_all,bongo_1022,1,0.050774
bilstm_finetuned,strip,template,13,test_xatk_codeswitch_all,bongo_1037,0,0.000038
bilstm_finetuned,strip,template,13,test_xatk_codeswitch_all,bongo_1040,0,0.000035
bilstm_finetuned,strip,template,13,test_xatk_codeswitch_all,bongo_1042,1,0.588100
bilstm_finetuned,strip,template,13,test_xatk_codeswitch_all,bongo_1047,1,0.637822
bilstm_finetuned,strip,template,13,test_xatk_codeswitch_all,bongo_1050,0,0.000022
bilstm_finetuned,strip,template,13,test_xatk_codeswitch_all,bongo_1052,1,0.553873
bilstm_finetuned,strip,template,13,test_xatk_codeswitch_all,bongo_1059,0,0.000019
bilstm_finetuned,strip,template,13,test_xatk_codeswitch_all,bongo_1071,0,0.000027
bilstm_finetuned,strip,template,13,test_xatk_codeswitch_all,bongo_1090,0,0.000014
bilstm_finetuned,strip,template,13,test_xatk_codeswitch_all,bongo_1104,1,0.999981
bilstm_finetuned,strip,template,13,test_xatk_codeswitch_all,bongo_1115,0,0.000006
bilstm_finetuned,strip,template,13,test_xatk_codeswitch_all,bongo_1123,0,0.000026
bilstm_finetuned,strip,template,13,test_xatk_codeswitch_all,bongo_1125,0,0.001677
bilstm_finetuned,strip,template,13,test_xatk_codeswitch_all,bongo_1127,1,0.039892
bilstm_finetuned,strip,template,13,test_xatk_codeswitch_all,bongo_1131,1,0.586848
bilstm_finetuned,strip,template,13,test_xatk_codeswitch_all,bongo_1134,1,0.162150
bilstm_finetuned,strip,template,13,test_xatk_codeswitch_all,bongo_1135,0,0.006338
bilstm_finetuned,strip,template,13,test_xatk_codeswitch_all,bongo_1136,1,0.999982
bilstm_finetuned,strip,template,13,test_xatk_codeswitch_all,bongo_1138,1,0.638046
bilstm_finetuned,strip,template,13,test_xatk_codeswitch_all,bongo_1140,1,0.999956
bilstm_finetuned,strip,template,13,test_xatk_codeswitch_all,bongo_1154,1,0.964498
bilstm_finetuned,strip,template,13,test_xatk_codeswitch_all,bongo_1155,0,0.000024
bilstm_finetuned,strip,template,13,test_xatk_codeswitch_all,bongo_1171,1,0.999981
bilstm_finetuned,strip,template,13,test_xatk_codeswitch_all,bongo_1181,1,0.428441
bilstm_finetuned,strip,template,13,test_xatk_codeswitch_all,bongo_1185,1,0.050705
bilstm_finetuned,strip,template,13,test_xatk_codeswitch_all,bongo_1194,0,0.000497
bilstm_finetuned,strip,template,13,test_xatk_codeswitch_all,bongo_1195,1,0.299733
bilstm_finetuned,strip,template,13,test_xatk_codeswitch_all,bongo_1198,0,0.000064
bilstm_finetuned,strip,template,13,test_xatk_codeswitch_all,bongo_1204,1,0.011822
bilstm_finetuned,strip,template,13,test_xatk_codeswitch_all,bongo_1220,1,0.637858
bilstm_finetuned,strip,template,13,test_xatk_codeswitch_all,bongo_1233,1,0.801576
bilstm_finetuned,strip,template,13,test_xatk_codeswitch_all,bongo_1236,0,0.000040
bilstm_finetuned,strip,template,13,test_xatk_codeswitch_all,bongo_1240,1,0.051208
bilstm_finetuned,strip,template,13,test_xatk_codeswitch_all,bongo_1244,0,0.000019
bilstm_finetuned,strip,template,13,test_xatk_codeswitch_all,bongo_1249,0,0.000009
bilstm_finetuned,strip,template,13,test_xatk_codeswitch_all,bongo_1253,0,0.000047
bilstm_finetuned,strip,template,13,test_xatk_codeswitch_all,bongo_1260,0,0.000025
bilstm_finetuned,strip,template,13,test_xatk_codeswitch_all,bongo_1262,0,0.000033
bilstm_finetuned,strip,template,13,test_xatk_codeswitch_all,bongo_1278,1,0.111625
bilstm_finetuned,strip,template,13,test_xatk_codeswitch_all,bongo_1285,0,0.000022
bilstm_finetuned,strip,template,13,test_xatk_codeswitch_all,bongo_1293,1,0.971543
bilstm_finetuned,strip,template,13,test_xatk_codeswitch_all,bongo_1316,0,0.000063
bilstm_finetuned,strip,template,13,test_xatk_codeswitch_all,bongo_1327,1,0.011765
bilstm_finetuned,strip,template,13,test_xatk_codeswitch_all,bongo_1330,0,0.046217
bilstm_finetuned,strip,template,13,test_xatk_codeswitch_all,bongo_1359,0,0.000111
bilstm_finetuned,strip,template,13,test_xatk_codeswitch_all,bongo_1375,0,0.000035
bilstm_finetuned,strip,template,13,test_unseen_all,bongo_0025,1,0.999213
bilstm_finetuned,strip,template,13,test_unseen_all,bongo_0029,0,0.024916
bilstm_finetuned,strip,template,13,test_unseen_all,bongo_0039,1,0.794757
bilstm_finetuned,strip,template,13,test_unseen_all,bongo_0047,1,0.999972
bilstm_finetuned,strip,template,13,test_unseen_all,bongo_0053,0,0.000037
bilstm_finetuned,strip,template,13,test_unseen_all,bongo_0055,1,0.000023
bilstm_finetuned,strip,template,13,test_unseen_all,bongo_0061,1,0.999555
bilstm_finetuned,strip,template,13,test_unseen_all,bongo_0097,0,0.000402
bilstm_finetuned,strip,template,13,test_unseen_all,bongo_0107,0,0.000016
bilstm_finetuned,strip,template,13,test_unseen_all,bongo_0110,0,0.000012
bilstm_finetuned,strip,template,13,test_unseen_all,bongo_0112,1,0.012081
bilstm_finetuned,strip,template,13,test_unseen_all,bongo_0115,0,0.000422
bilstm_finetuned,strip,template,13,test_unseen_all,bongo_0143,0,0.000057
bilstm_finetuned,strip,template,13,test_unseen_all,bongo_0146,1,0.999985
bilstm_finetuned,strip,template,13,test_unseen_all,bongo_0154,1,0.998261
bilstm_finetuned,strip,template,13,test_unseen_all,bongo_0159,1,0.000034
bilstm_finetuned,strip,template,13,test_unseen_all,bongo_0160,0,0.000022
bilstm_finetuned,strip,template,13,test_unseen_all,bongo_0172,0,0.240197
bilstm_finetuned,strip,template,13,test_unseen_all,bongo_0173,1,0.086627
bilstm_finetuned,strip,template,13,test_unseen_all,bongo_0175,0,0.000021
bilstm_finetuned,strip,template,13,test_unseen_all,bongo_0182,0,0.000009
bilstm_finetuned,strip,template,13,test_unseen_all,bongo_0195,1,0.505633
bilstm_finetuned,strip,template,13,test_unseen_all,bongo_0197,0,0.000031
bilstm_finetuned,strip,template,13,test_unseen_all,bongo_0201,1,0.713737
bilstm_finetuned,strip,template,13,test_unseen_all,bongo_0203,1,0.871085
bilstm_finetuned,strip,template,13,test_unseen_all,bongo_0250,1,0.000057
bilstm_finetuned,strip,template,13,test_unseen_all,bongo_0253,0,0.000044
bilstm_finetuned,strip,template,13,test_unseen_all,bongo_0255,1,0.000029
bilstm_finetuned,strip,template,13,test_unseen_all,bongo_0265,1,0.086822
bilstm_finetuned,strip,template,13,test_unseen_all,bongo_0271,0,0.000028
bilstm_finetuned,strip,template,13,test_unseen_all,bongo_0300,0,0.000029
bilstm_finetuned,strip,template,13,test_unseen_all,bongo_0306,0,0.000039
bilstm_finetuned,strip,template,13,test_unseen_all,bongo_0356,1,0.000032
bilstm_finetuned,strip,template,13,test_unseen_all,bongo_0360,1,0.524475
bilstm_finetuned,strip,template,13,test_unseen_all,bongo_0361,1,0.841159
bilstm_finetuned,strip,template,13,test_unseen_all,bongo_0363,0,0.000029
bilstm_finetuned,strip,template,13,test_unseen_all,bongo_0368,0,0.000151
bilstm_finetuned,strip,template,13,test_unseen_all,bongo_0372,0,0.000041
bilstm_finetuned,strip,template,13,test_unseen_all,bongo_0380,1,0.000025
bilstm_finetuned,strip,template,13,test_unseen_all,bongo_0389,0,0.000026
bilstm_finetuned,strip,template,13,test_unseen_all,bongo_0395,0,0.000519
bilstm_finetuned,strip,template,13,test_unseen_all,bongo_0405,1,0.997357
bilstm_finetuned,strip,template,13,test_unseen_all,bongo_0424,1,0.779756
bilstm_finetuned,strip,template,13,test_unseen_all,bongo_0427,0,0.000363
bilstm_finetuned,strip,template,13,test_unseen_all,bongo_0434,1,0.000063
bilstm_finetuned,strip,template,13,test_unseen_all,bongo_0463,0,0.000253
bilstm_finetuned,strip,template,13,test_unseen_all,bongo_0476,1,0.724630
bilstm_finetuned,strip,template,13,test_unseen_all,bongo_0510,1,0.999990
bilstm_finetuned,strip,template,13,test_unseen_all,bongo_0531,0,0.000083
bilstm_finetuned,strip,template,13,test_unseen_all,bongo_0542,0,0.000019
bilstm_finetuned,strip,template,13,test_unseen_all,bongo_0545,0,0.000022
bilstm_finetuned,strip,template,13,test_unseen_all,bongo_0560,1,0.753682
bilstm_finetuned,strip,template,13,test_unseen_all,bongo_0565,1,0.016137
bilstm_finetuned,strip,template,13,test_unseen_all,bongo_0566,1,0.999992
bilstm_finetuned,strip,template,13,test_unseen_all,bongo_0571,0,0.000022
bilstm_finetuned,strip,template,13,test_unseen_all,bongo_0577,1,0.038716
bilstm_finetuned,strip,template,13,test_unseen_all,bongo_0580,1,0.609963
bilstm_finetuned,strip,template,13,test_unseen_all,bongo_0621,1,0.999344
bilstm_finetuned,strip,template,13,test_unseen_all,bongo_0624,1,0.999990
bilstm_finetuned,strip,template,13,test_unseen_all,bongo_0630,0,0.000086
bilstm_finetuned,strip,template,13,test_unseen_all,bongo_0638,1,0.799600
bilstm_finetuned,strip,template,13,test_unseen_all,bongo_0648,0,0.004569
bilstm_finetuned,strip,template,13,test_unseen_all,bongo_0674,0,0.000016
bilstm_finetuned,strip,template,13,test_unseen_all,bongo_0685,0,0.009332
bilstm_finetuned,strip,template,13,test_unseen_all,bongo_0697,1,0.011306
bilstm_finetuned,strip,template,13,test_unseen_all,bongo_0701,0,0.000023
bilstm_finetuned,strip,template,13,test_unseen_all,bongo_0706,1,0.000067
bilstm_finetuned,strip,template,13,test_unseen_all,bongo_0719,1,0.000023
bilstm_finetuned,strip,template,13,test_unseen_all,bongo_0721,1,0.025072
bilstm_finetuned,strip,template,13,test_unseen_all,bongo_0724,1,0.000082
bilstm_finetuned,strip,template,13,test_unseen_all,bongo_0729,1,0.563984
bilstm_finetuned,strip,template,13,test_unseen_all,bongo_0741,0,0.000022
bilstm_finetuned,strip,template,13,test_unseen_all,bongo_0749,1,0.000031
bilstm_finetuned,strip,template,13,test_unseen_all,bongo_0769,1,0.846925
bilstm_finetuned,strip,template,13,test_unseen_all,bongo_0770,1,0.000028
bilstm_finetuned,strip,template,13,test_unseen_all,bongo_0778,1,0.010702
bilstm_finetuned,strip,template,13,test_unseen_all,bongo_0787,1,0.655913
bilstm_finetuned,strip,template,13,test_unseen_all,bongo_0795,0,0.000104
bilstm_finetuned,strip,template,13,test_unseen_all,bongo_0806,1,0.011416
bilstm_finetuned,strip,template,13,test_unseen_all,bongo_0807,1,0.999925
bilstm_finetuned,strip,template,13,test_unseen_all,bongo_0818,0,0.002218
bilstm_finetuned,strip,template,13,test_unseen_all,bongo_0819,0,0.000090
bilstm_finetuned,strip,template,13,test_unseen_all,bongo_0835,0,0.000019
bilstm_finetuned,strip,template,13,test_unseen_all,bongo_0840,1,0.999740
bilstm_finetuned,strip,template,13,test_unseen_all,bongo_0855,1,0.011571
bilstm_finetuned,strip,template,13,test_unseen_all,bongo_0856,0,0.000047
bilstm_finetuned,strip,template,13,test_unseen_all,bongo_0864,1,0.836572
bilstm_finetuned,strip,template,13,test_unseen_all,bongo_0871,1,0.999990
bilstm_finetuned,strip,template,13,test_unseen_all,bongo_0872,0,0.004886
bilstm_finetuned,strip,template,13,test_unseen_all,bongo_0904,0,0.000118
bilstm_finetuned,strip,template,13,test_unseen_all,bongo_0905,1,0.788727
bilstm_finetuned,strip,template,13,test_unseen_all,bongo_0909,1,0.997988
bilstm_finetuned,strip,template,13,test_unseen_all,bongo_0917,1,0.000063
bilstm_finetuned,strip,template,13,test_unseen_all,bongo_0918,1,0.999861
bilstm_finetuned,strip,template,13,test_unseen_all,bongo_0950,0,0.000025
bilstm_finetuned,strip,template,13,test_unseen_all,bongo_0955,1,0.733256
bilstm_finetuned,strip,template,13,test_unseen_all,bongo_0956,0,0.000021
bilstm_finetuned,strip,template,13,test_unseen_all,bongo_0971,0,0.000025
bilstm_finetuned,strip,template,13,test_unseen_all,bongo_0983,0,0.000063
bilstm_finetuned,strip,template,13,test_unseen_all,bongo_0989,1,0.999926
bilstm_finetuned,strip,template,13,test_unseen_all,bongo_0994,0,0.000081
bilstm_finetuned,strip,template,13,test_unseen_all,bongo_1003,1,0.822552
bilstm_finetuned,strip,template,13,test_unseen_all,bongo_1006,0,0.000028
bilstm_finetuned,strip,template,13,test_unseen_all,bongo_1012,1,0.000068
bilstm_finetuned,strip,template,13,test_unseen_all,bongo_1015,0,0.000012
bilstm_finetuned,strip,template,13,test_unseen_all,bongo_1022,1,0.000042
bilstm_finetuned,strip,template,13,test_unseen_all,bongo_1037,0,0.000038
bilstm_finetuned,strip,template,13,test_unseen_all,bongo_1040,0,0.000035
bilstm_finetuned,strip,template,13,test_unseen_all,bongo_1042,1,0.782693
bilstm_finetuned,strip,template,13,test_unseen_all,bongo_1047,1,0.998920
bilstm_finetuned,strip,template,13,test_unseen_all,bongo_1050,0,0.000022
bilstm_finetuned,strip,template,13,test_unseen_all,bongo_1052,1,0.999984
bilstm_finetuned,strip,template,13,test_unseen_all,bongo_1059,0,0.000019
bilstm_finetuned,strip,template,13,test_unseen_all,bongo_1071,0,0.000027
bilstm_finetuned,strip,template,13,test_unseen_all,bongo_1090,0,0.000014
bilstm_finetuned,strip,template,13,test_unseen_all,bongo_1104,1,0.779883
bilstm_finetuned,strip,template,13,test_unseen_all,bongo_1115,0,0.000006
bilstm_finetuned,strip,template,13,test_unseen_all,bongo_1123,0,0.000026
bilstm_finetuned,strip,template,13,test_unseen_all,bongo_1125,0,0.001677
bilstm_finetuned,strip,template,13,test_unseen_all,bongo_1127,1,0.118055
bilstm_finetuned,strip,template,13,test_unseen_all,bongo_1131,1,0.774489
bilstm_finetuned,strip,template,13,test_unseen_all,bongo_1134,1,0.000068
bilstm_finetuned,strip,template,13,test_unseen_all,bongo_1135,0,0.006338
bilstm_finetuned,strip,template,13,test_unseen_all,bongo_1136,1,0.045138
bilstm_finetuned,strip,template,13,test_unseen_all,bongo_1138,1,0.759928
bilstm_finetuned,strip,template,13,test_unseen_all,bongo_1140,1,0.412242
bilstm_finetuned,strip,template,13,test_unseen_all,bongo_1154,1,0.806561
bilstm_finetuned,strip,template,13,test_unseen_all,bongo_1155,0,0.000024
bilstm_finetuned,strip,template,13,test_unseen_all,bongo_1171,1,0.781444
bilstm_finetuned,strip,template,13,test_unseen_all,bongo_1181,1,0.702536
bilstm_finetuned,strip,template,13,test_unseen_all,bongo_1185,1,0.000080
bilstm_finetuned,strip,template,13,test_unseen_all,bongo_1194,0,0.000497
bilstm_finetuned,strip,template,13,test_unseen_all,bongo_1195,1,0.000075
bilstm_finetuned,strip,template,13,test_unseen_all,bongo_1198,0,0.000064
bilstm_finetuned,strip,template,13,test_unseen_all,bongo_1204,1,0.000027
bilstm_finetuned,strip,template,13,test_unseen_all,bongo_1220,1,0.735735
bilstm_finetuned,strip,template,13,test_unseen_all,bongo_1233,1,0.999993
bilstm_finetuned,strip,template,13,test_unseen_all,bongo_1236,0,0.000040
bilstm_finetuned,strip,template,13,test_unseen_all,bongo_1240,1,0.000059
bilstm_finetuned,strip,template,13,test_unseen_all,bongo_1244,0,0.000019
bilstm_finetuned,strip,template,13,test_unseen_all,bongo_1249,0,0.000009
bilstm_finetuned,strip,template,13,test_unseen_all,bongo_1253,0,0.000047
bilstm_finetuned,strip,template,13,test_unseen_all,bongo_1260,0,0.000025
bilstm_finetuned,strip,template,13,test_unseen_all,bongo_1262,0,0.000033
bilstm_finetuned,strip,template,13,test_unseen_all,bongo_1278,1,0.000029
bilstm_finetuned,strip,template,13,test_unseen_all,bongo_1285,0,0.000022
bilstm_finetuned,strip,template,13,test_unseen_all,bongo_1293,1,0.999984
bilstm_finetuned,strip,template,13,test_unseen_all,bongo_1316,0,0.000063
bilstm_finetuned,strip,template,13,test_unseen_all,bongo_1327,1,0.000030
bilstm_finetuned,strip,template,13,test_unseen_all,bongo_1330,0,0.046217
bilstm_finetuned,strip,template,13,test_unseen_all,bongo_1359,0,0.000111
bilstm_finetuned,strip,template,13,test_unseen_all,bongo_1375,0,0.000035
bilstm_finetuned,strip,template,13,test_unseen_all+norm,bongo_0025,1,0.999213
bilstm_finetuned,strip,template,13,test_unseen_all+norm,bongo_0029,0,0.024916
bilstm_finetuned,strip,template,13,test_unseen_all+norm,bongo_0039,1,0.794757
bilstm_finetuned,strip,template,13,test_unseen_all+norm,bongo_0047,1,0.999972
bilstm_finetuned,strip,template,13,test_unseen_all+norm,bongo_0053,0,0.000037
bilstm_finetuned,strip,template,13,test_unseen_all+norm,bongo_0055,1,0.000023
bilstm_finetuned,strip,template,13,test_unseen_all+norm,bongo_0061,1,0.999555
bilstm_finetuned,strip,template,13,test_unseen_all+norm,bongo_0097,0,0.000402
bilstm_finetuned,strip,template,13,test_unseen_all+norm,bongo_0107,0,0.000016
bilstm_finetuned,strip,template,13,test_unseen_all+norm,bongo_0110,0,0.000012
bilstm_finetuned,strip,template,13,test_unseen_all+norm,bongo_0112,1,0.012081
bilstm_finetuned,strip,template,13,test_unseen_all+norm,bongo_0115,0,0.000422
bilstm_finetuned,strip,template,13,test_unseen_all+norm,bongo_0143,0,0.000057
bilstm_finetuned,strip,template,13,test_unseen_all+norm,bongo_0146,1,0.999985
bilstm_finetuned,strip,template,13,test_unseen_all+norm,bongo_0154,1,0.998261
bilstm_finetuned,strip,template,13,test_unseen_all+norm,bongo_0159,1,0.000034
bilstm_finetuned,strip,template,13,test_unseen_all+norm,bongo_0160,0,0.000022
bilstm_finetuned,strip,template,13,test_unseen_all+norm,bongo_0172,0,0.240197
bilstm_finetuned,strip,template,13,test_unseen_all+norm,bongo_0173,1,0.086627
bilstm_finetuned,strip,template,13,test_unseen_all+norm,bongo_0175,0,0.000021
bilstm_finetuned,strip,template,13,test_unseen_all+norm,bongo_0182,0,0.000009
bilstm_finetuned,strip,template,13,test_unseen_all+norm,bongo_0195,1,0.505633
bilstm_finetuned,strip,template,13,test_unseen_all+norm,bongo_0197,0,0.000031
bilstm_finetuned,strip,template,13,test_unseen_all+norm,bongo_0201,1,0.713737
bilstm_finetuned,strip,template,13,test_unseen_all+norm,bongo_0203,1,0.871085
bilstm_finetuned,strip,template,13,test_unseen_all+norm,bongo_0250,1,0.000057
bilstm_finetuned,strip,template,13,test_unseen_all+norm,bongo_0253,0,0.000044
bilstm_finetuned,strip,template,13,test_unseen_all+norm,bongo_0255,1,0.000029
bilstm_finetuned,strip,template,13,test_unseen_all+norm,bongo_0265,1,0.086822
bilstm_finetuned,strip,template,13,test_unseen_all+norm,bongo_0271,0,0.000028
bilstm_finetuned,strip,template,13,test_unseen_all+norm,bongo_0300,0,0.000029
bilstm_finetuned,strip,template,13,test_unseen_all+norm,bongo_0306,0,0.000039
bilstm_finetuned,strip,template,13,test_unseen_all+norm,bongo_0356,1,0.000032
bilstm_finetuned,strip,template,13,test_unseen_all+norm,bongo_0360,1,0.524475
bilstm_finetuned,strip,template,13,test_unseen_all+norm,bongo_0361,1,0.841159
bilstm_finetuned,strip,template,13,test_unseen_all+norm,bongo_0363,0,0.000029
bilstm_finetuned,strip,template,13,test_unseen_all+norm,bongo_0368,0,0.000151
bilstm_finetuned,strip,template,13,test_unseen_all+norm,bongo_0372,0,0.000041
bilstm_finetuned,strip,template,13,test_unseen_all+norm,bongo_0380,1,0.000025
bilstm_finetuned,strip,template,13,test_unseen_all+norm,bongo_0389,0,0.000026
bilstm_finetuned,strip,template,13,test_unseen_all+norm,bongo_0395,0,0.000519
bilstm_finetuned,strip,template,13,test_unseen_all+norm,bongo_0405,1,0.997357
bilstm_finetuned,strip,template,13,test_unseen_all+norm,bongo_0424,1,0.779756
bilstm_finetuned,strip,template,13,test_unseen_all+norm,bongo_0427,0,0.000363
bilstm_finetuned,strip,template,13,test_unseen_all+norm,bongo_0434,1,0.000063
bilstm_finetuned,strip,template,13,test_unseen_all+norm,bongo_0463,0,0.000253
bilstm_finetuned,strip,template,13,test_unseen_all+norm,bongo_0476,1,0.724630
bilstm_finetuned,strip,template,13,test_unseen_all+norm,bongo_0510,1,0.999990
bilstm_finetuned,strip,template,13,test_unseen_all+norm,bongo_0531,0,0.000083
bilstm_finetuned,strip,template,13,test_unseen_all+norm,bongo_0542,0,0.000019
bilstm_finetuned,strip,template,13,test_unseen_all+norm,bongo_0545,0,0.000022
bilstm_finetuned,strip,template,13,test_unseen_all+norm,bongo_0560,1,0.753682
bilstm_finetuned,strip,template,13,test_unseen_all+norm,bongo_0565,1,0.016137
bilstm_finetuned,strip,template,13,test_unseen_all+norm,bongo_0566,1,0.999992
bilstm_finetuned,strip,template,13,test_unseen_all+norm,bongo_0571,0,0.000022
bilstm_finetuned,strip,template,13,test_unseen_all+norm,bongo_0577,1,0.038716
bilstm_finetuned,strip,template,13,test_unseen_all+norm,bongo_0580,1,0.609963
bilstm_finetuned,strip,template,13,test_unseen_all+norm,bongo_0621,1,0.999344
bilstm_finetuned,strip,template,13,test_unseen_all+norm,bongo_0624,1,0.999990
bilstm_finetuned,strip,template,13,test_unseen_all+norm,bongo_0630,0,0.000086
bilstm_finetuned,strip,template,13,test_unseen_all+norm,bongo_0638,1,0.799600
bilstm_finetuned,strip,template,13,test_unseen_all+norm,bongo_0648,0,0.004569
bilstm_finetuned,strip,template,13,test_unseen_all+norm,bongo_0674,0,0.000016
bilstm_finetuned,strip,template,13,test_unseen_all+norm,bongo_0685,0,0.009332
bilstm_finetuned,strip,template,13,test_unseen_all+norm,bongo_0697,1,0.011306
bilstm_finetuned,strip,template,13,test_unseen_all+norm,bongo_0701,0,0.000023
bilstm_finetuned,strip,template,13,test_unseen_all+norm,bongo_0706,1,0.000067
bilstm_finetuned,strip,template,13,test_unseen_all+norm,bongo_0719,1,0.000023
bilstm_finetuned,strip,template,13,test_unseen_all+norm,bongo_0721,1,0.025072
bilstm_finetuned,strip,template,13,test_unseen_all+norm,bongo_0724,1,0.000082
bilstm_finetuned,strip,template,13,test_unseen_all+norm,bongo_0729,1,0.563984
bilstm_finetuned,strip,template,13,test_unseen_all+norm,bongo_0741,0,0.000022
bilstm_finetuned,strip,template,13,test_unseen_all+norm,bongo_0749,1,0.000031
bilstm_finetuned,strip,template,13,test_unseen_all+norm,bongo_0769,1,0.846925
bilstm_finetuned,strip,template,13,test_unseen_all+norm,bongo_0770,1,0.000028
bilstm_finetuned,strip,template,13,test_unseen_all+norm,bongo_0778,1,0.010702
bilstm_finetuned,strip,template,13,test_unseen_all+norm,bongo_0787,1,0.655913
bilstm_finetuned,strip,template,13,test_unseen_all+norm,bongo_0795,0,0.000104
bilstm_finetuned,strip,template,13,test_unseen_all+norm,bongo_0806,1,0.011416
bilstm_finetuned,strip,template,13,test_unseen_all+norm,bongo_0807,1,0.999925
bilstm_finetuned,strip,template,13,test_unseen_all+norm,bongo_0818,0,0.002218
bilstm_finetuned,strip,template,13,test_unseen_all+norm,bongo_0819,0,0.000090
bilstm_finetuned,strip,template,13,test_unseen_all+norm,bongo_0835,0,0.000019
bilstm_finetuned,strip,template,13,test_unseen_all+norm,bongo_0840,1,0.999740
bilstm_finetuned,strip,template,13,test_unseen_all+norm,bongo_0855,1,0.011571
bilstm_finetuned,strip,template,13,test_unseen_all+norm,bongo_0856,0,0.000047
bilstm_finetuned,strip,template,13,test_unseen_all+norm,bongo_0864,1,0.836572
bilstm_finetuned,strip,template,13,test_unseen_all+norm,bongo_0871,1,0.999990
bilstm_finetuned,strip,template,13,test_unseen_all+norm,bongo_0872,0,0.004886
bilstm_finetuned,strip,template,13,test_unseen_all+norm,bongo_0904,0,0.000118
bilstm_finetuned,strip,template,13,test_unseen_all+norm,bongo_0905,1,0.788727
bilstm_finetuned,strip,template,13,test_unseen_all+norm,bongo_0909,1,0.997988
bilstm_finetuned,strip,template,13,test_unseen_all+norm,bongo_0917,1,0.000063
bilstm_finetuned,strip,template,13,test_unseen_all+norm,bongo_0918,1,0.999861
bilstm_finetuned,strip,template,13,test_unseen_all+norm,bongo_0950,0,0.000025
bilstm_finetuned,strip,template,13,test_unseen_all+norm,bongo_0955,1,0.733256
bilstm_finetuned,strip,template,13,test_unseen_all+norm,bongo_0956,0,0.000021
bilstm_finetuned,strip,template,13,test_unseen_all+norm,bongo_0971,0,0.000025
bilstm_finetuned,strip,template,13,test_unseen_all+norm,bongo_0983,0,0.000063
bilstm_finetuned,strip,template,13,test_unseen_all+norm,bongo_0989,1,0.999926
bilstm_finetuned,strip,template,13,test_unseen_all+norm,bongo_0994,0,0.000081
bilstm_finetuned,strip,template,13,test_unseen_all+norm,bongo_1003,1,0.822552
bilstm_finetuned,strip,template,13,test_unseen_all+norm,bongo_1006,0,0.000028
bilstm_finetuned,strip,template,13,test_unseen_all+norm,bongo_1012,1,0.000068
bilstm_finetuned,strip,template,13,test_unseen_all+norm,bongo_1015,0,0.000012
bilstm_finetuned,strip,template,13,test_unseen_all+norm,bongo_1022,1,0.000042
bilstm_finetuned,strip,template,13,test_unseen_all+norm,bongo_1037,0,0.000038
bilstm_finetuned,strip,template,13,test_unseen_all+norm,bongo_1040,0,0.000035
bilstm_finetuned,strip,template,13,test_unseen_all+norm,bongo_1042,1,0.782693
bilstm_finetuned,strip,template,13,test_unseen_all+norm,bongo_1047,1,0.998920
bilstm_finetuned,strip,template,13,test_unseen_all+norm,bongo_1050,0,0.000022
bilstm_finetuned,strip,template,13,test_unseen_all+norm,bongo_1052,1,0.999984
bilstm_finetuned,strip,template,13,test_unseen_all+norm,bongo_1059,0,0.000019
bilstm_finetuned,strip,template,13,test_unseen_all+norm,bongo_1071,0,0.000027
bilstm_finetuned,strip,template,13,test_unseen_all+norm,bongo_1090,0,0.000014
bilstm_finetuned,strip,template,13,test_unseen_all+norm,bongo_1104,1,0.779883
bilstm_finetuned,strip,template,13,test_unseen_all+norm,bongo_1115,0,0.000006
bilstm_finetuned,strip,template,13,test_unseen_all+norm,bongo_1123,0,0.000026
bilstm_finetuned,strip,template,13,test_unseen_all+norm,bongo_1125,0,0.001677
bilstm_finetuned,strip,template,13,test_unseen_all+norm,bongo_1127,1,0.118055
bilstm_finetuned,strip,template,13,test_unseen_all+norm,bongo_1131,1,0.774489
bilstm_finetuned,strip,template,13,test_unseen_all+norm,bongo_1134,1,0.000068
bilstm_finetuned,strip,template,13,test_unseen_all+norm,bongo_1135,0,0.006338
bilstm_finetuned,strip,template,13,test_unseen_all+norm,bongo_1136,1,0.045138
bilstm_finetuned,strip,template,13,test_unseen_all+norm,bongo_1138,1,0.759928
bilstm_finetuned,strip,template,13,test_unseen_all+norm,bongo_1140,1,0.412242
bilstm_finetuned,strip,template,13,test_unseen_all+norm,bongo_1154,1,0.806561
bilstm_finetuned,strip,template,13,test_unseen_all+norm,bongo_1155,0,0.000024
bilstm_finetuned,strip,template,13,test_unseen_all+norm,bongo_1171,1,0.781444
bilstm_finetuned,strip,template,13,test_unseen_all+norm,bongo_1181,1,0.702536
bilstm_finetuned,strip,template,13,test_unseen_all+norm,bongo_1185,1,0.000080
bilstm_finetuned,strip,template,13,test_unseen_all+norm,bongo_1194,0,0.000497
bilstm_finetuned,strip,template,13,test_unseen_all+norm,bongo_1195,1,0.000075
bilstm_finetuned,strip,template,13,test_unseen_all+norm,bongo_1198,0,0.000064
bilstm_finetuned,strip,template,13,test_unseen_all+norm,bongo_1204,1,0.000027
bilstm_finetuned,strip,template,13,test_unseen_all+norm,bongo_1220,1,0.735735
bilstm_finetuned,strip,template,13,test_unseen_all+norm,bongo_1233,1,0.999993
bilstm_finetuned,strip,template,13,test_unseen_all+norm,bongo_1236,0,0.000040
bilstm_finetuned,strip,template,13,test_unseen_all+norm,bongo_1240,1,0.000059
bilstm_finetuned,strip,template,13,test_unseen_all+norm,bongo_1244,0,0.000019
bilstm_finetuned,strip,template,13,test_unseen_all+norm,bongo_1249,0,0.000009
bilstm_finetuned,strip,template,13,test_unseen_all+norm,bongo_1253,0,0.000047
bilstm_finetuned,strip,template,13,test_unseen_all+norm,bongo_1260,0,0.000025
bilstm_finetuned,strip,template,13,test_unseen_all+norm,bongo_1262,0,0.000033
bilstm_finetuned,strip,template,13,test_unseen_all+norm,bongo_1278,1,0.000029
bilstm_finetuned,strip,template,13,test_unseen_all+norm,bongo_1285,0,0.000022
bilstm_finetuned,strip,template,13,test_unseen_all+norm,bongo_1293,1,0.999984
bilstm_finetuned,strip,template,13,test_unseen_all+norm,bongo_1316,0,0.000063
bilstm_finetuned,strip,template,13,test_unseen_all+norm,bongo_1327,1,0.000030
bilstm_finetuned,strip,template,13,test_unseen_all+norm,bongo_1330,0,0.046217
bilstm_finetuned,strip,template,13,test_unseen_all+norm,bongo_1359,0,0.000111
bilstm_finetuned,strip,template,13,test_unseen_all+norm,bongo_1375,0,0.000035
