model,variant,split,seed,set,id,label,prob
bilstm_finetuned,clean,template,13,val,bongo_0004,1,0.999995
bilstm_finetuned,clean,template,13,val,bongo_0007,1,0.999944
bilstm_finetuned,clean,template,13,val,bongo_0008,0,0.000046
bilstm_finetuned,clean,template,13,val,bongo_0031,1,0.999995
bilstm_finetuned,clean,template,13,val,bongo_0033,0,0.000032
bilstm_finetuned,clean,template,13,val,bongo_0036,1,0.999996
bilstm_finetuned,clean,template,13,val,bongo_0046,1,0.999995
bilstm_finetuned,clean,template,13,val,bongo_0052,1,0.999990
bilstm_finetuned,clean,template,13,val,bongo_0057,1,0.999963
bilstm_finetuned,clean,template,13,val,bongo_0063,0,0.000039
bilstm_finetuned,clean,template,13,val,bongo_0065,0,0.000052
bilstm_finetuned,clean,template,13,val,bongo_0076,0,0.000027
bilstm_finetuned,clean,template,13,val,bongo_0081,0,0.000034
bilstm_finetuned,clean,template,13,val,bongo_0088,1,0.999985
bilstm_finetuned,clean,template,13,val,bongo_0089,1,0.999995
bilstm_finetuned,clean,template,13,val,bongo_0095,0,0.000021
bilstm_finetuned,clean,template,13,val,bongo_0101,1,0.999917
bilstm_finetuned,clean,template,13,val,bongo_0102,1,0.999997
bilstm_finetuned,clean,template,13,val,bongo_0103,1,0.999748
bilstm_finetuned,clean,template,13,val,bongo_0105,0,0.000031
bilstm_finetuned,clean,template,13,val,bongo_0111,0,0.000042
bilstm_finetuned,clean,template,13,val,bongo_0120,1,0.999995
bilstm_finetuned,clean,template,13,val,bongo_0121,0,0.000064
bilstm_finetuned,clean,template,13,val,bongo_0127,0,0.000015
bilstm_finetuned,clean,template,13,val,bongo_0145,0,0.000037
bilstm_finetuned,clean,template,13,val,bongo_0148,0,0.000761
bilstm_finetuned,clean,template,13,val,bongo_0181,1,0.999709
bilstm_finetuned,clean,template,13,val,bongo_0186,0,0.000029
bilstm_finetuned,clean,template,13,val,bongo_0191,0,0.000033
bilstm_finetuned,clean,template,13,val,bongo_0210,1,0.999995
bilstm_finetuned,clean,template,13,val,bongo_0226,1,0.999995
bilstm_finetuned,clean,template,13,val,bongo_0228,1,0.999995
bilstm_finetuned,clean,template,13,val,bongo_0235,1,0.999995
bilstm_finetuned,clean,template,13,val,bongo_0243,1,0.999997
bilstm_finetuned,clean,template,13,val,bongo_0247,1,0.999994
bilstm_finetuned,clean,template,13,val,bongo_0248,1,0.999997
bilstm_finetuned,clean,template,13,val,bongo_0264,0,0.000219
bilstm_finetuned,clean,template,13,val,bongo_0275,0,0.000039
bilstm_finetuned,clean,template,13,val,bongo_0278,1,0.999997
bilstm_finetuned,clean,template,13,val,bongo_0312,1,0.999995
bilstm_finetuned,clean,template,13,val,bongo_0315,1,0.999991
bilstm_finetuned,clean,template,13,val,bongo_0319,1,0.999995
bilstm_finetuned,clean,template,13,val,bongo_0353,1,0.999990
bilstm_finetuned,clean,template,13,val,bongo_0370,1,0.999974
bilstm_finetuned,clean,template,13,val,bongo_0377,1,0.999969
bilstm_finetuned,clean,template,13,val,bongo_0393,0,0.000092
bilstm_finetuned,clean,template,13,val,bongo_0403,1,0.999997
bilstm_finetuned,clean,template,13,val,bongo_0410,0,0.000023
bilstm_finetuned,clean,template,13,val,bongo_0411,0,0.000042
bilstm_finetuned,clean,template,13,val,bongo_0426,0,0.000017
bilstm_finetuned,clean,template,13,val,bongo_0430,0,0.000255
bilstm_finetuned,clean,template,13,val,bongo_0438,1,0.999944
bilstm_finetuned,clean,template,13,val,bongo_0451,1,0.999915
bilstm_finetuned,clean,template,13,val,bongo_0455,1,0.999989
bilstm_finetuned,clean,template,13,val,bongo_0466,1,0.999985
bilstm_finetuned,clean,template,13,val,bongo_0495,0,0.000333
bilstm_finetuned,clean,template,13,val,bongo_0499,1,0.999995
bilstm_finetuned,clean,template,13,val,bongo_0502,1,0.999965
bilstm_finetuned,clean,template,13,val,bongo_0548,0,0.000042
bilstm_finetuned,clean,template,13,val,bongo_0556,1,0.999973
bilstm_finetuned,clean,template,13,val,bongo_0557,1,0.999965
bilstm_finetuned,clean,template,13,val,bongo_0561,0,0.002311
bilstm_finetuned,clean,template,13,val,bongo_0563,0,0.000039
bilstm_finetuned,clean,template,13,val,bongo_0570,1,0.999995
bilstm_finetuned,clean,template,13,val,bongo_0581,0,0.000019
bilstm_finetuned,clean,template,13,val,bongo_0587,1,0.999965
bilstm_finetuned,clean,template,13,val,bongo_0593,0,0.000026
bilstm_finetuned,clean,template,13,val,bongo_0607,0,0.000041
bilstm_finetuned,clean,template,13,val,bongo_0610,0,0.000010
bilstm_finetuned,clean,template,13,val,bongo_0632,1,0.999995
bilstm_finetuned,clean,template,13,val,bongo_0634,0,0.000050
bilstm_finetuned,clean,template,13,val,bongo_0637,1,0.999992
bilstm_finetuned,clean,template,13,val,bongo_0643,0,0.000043
bilstm_finetuned,clean,template,13,val,bongo_0666,1,0.999985
bilstm_finetuned,clean,template,13,val,bongo_0672,0,0.000126
bilstm_finetuned,clean,template,13,val,bongo_0680,1,0.999923
bilstm_finetuned,clean,template,13,val,bongo_0681,0,0.000046
bilstm_finetuned,clean,template,13,val,bongo_0693,0,0.000029
bilstm_finetuned,clean,template,13,val,bongo_0694,0,0.000522
bilstm_finetuned,clean,template,13,val,bongo_0698,1,0.999995
bilstm_finetuned,clean,template,13,val,bongo_0726,0,0.000183
bilstm_finetuned,clean,template,13,val,bongo_0742,0,0.000034
bilstm_finetuned,clean,template,13,val,bongo_0752,0,0.000050
bilstm_finetuned,clean,template,13,val,bongo_0754,0,0.000010
bilstm_finetuned,clean,template,13,val,bongo_0762,1,0.999915
bilstm_finetuned,clean,template,13,val,bongo_0764,1,0.999995
bilstm_finetuned,clean,template,13,val,bongo_0788,1,0.999997
bilstm_finetuned,clean,template,13,val,bongo_0805,0,0.000031
bilstm_finetuned,clean,template,13,val,bongo_0809,0,0.000027
bilstm_finetuned,clean,template,13,val,bongo_0811,1,0.999996
bilstm_finetuned,clean,template,13,val,bongo_0823,1,0.999968
bilstm_finetuned,clean,template,13,val,bongo_0827,1,0.999995
bilstm_finetuned,clean,template,13,val,bongo_0833,0,0.000045
bilstm_finetuned,clean,template,13,val,bongo_0844,1,0.999995
bilstm_finetuned,clean,template,13,val,bongo_0869,1,0.999991
bilstm_finetuned,clean,template,13,val,bongo_0880,1,0.999997
bilstm_finetuned,clean,template,13,val,bongo_0886,1,0.999968
bilstm_finetuned,clean,template,13,val,bongo_0911,1,0.999965
bilstm_finetuned,clean,template,13,val,bongo_0919,0,0.000028
bilstm_finetuned,clean,template,13,val,bongo_0921,1,0.999992
bilstm_finetuned,clean,template,13,val,bongo_0922,0,0.000034
bilstm_finetuned,clean,template,13,val,bongo_0923,1,0.999991
bilstm_finetuned,clean,template,13,val,bongo_0943,1,0.999996
bilstm_finetuned,clean,template,13,val,bongo_0948,1,0.999991
bilstm_finetuned,clean,template,13,val,bongo_0949,1,0.999895
bilstm_finetuned,clean,template,13,val,bongo_0959,1,0.999995
bilstm_finetuned,clean,template,13,val,bongo_0961,1,0.999978
bilstm_finetuned,clean,template,13,val,bongo_0973,0,0.000039
bilstm_finetuned,clean,template,13,val,bongo_0988,0,0.000049
bilstm_finetuned,clean,template,13,val,bongo_0992,0,0.000320
bilstm_finetuned,clean,template,13,val,bongo_1001,1,0.999994
bilstm_finetuned,clean,template,13,val,bongo_1028,1,0.999994
bilstm_finetuned,clean,template,13,val,bongo_1039,0,0.000029
bilstm_finetuned,clean,template,13,val,bongo_1044,0,0.000024
bilstm_finetuned,clean,template,13,val,bongo_1082,0,0.007009
bilstm_finetuned,clean,template,13,val,bongo_1086,1,0.999945
bilstm_finetuned,clean,template,13,val,bongo_1099,0,0.000257
bilstm_finetuned,clean,template,13,val,bongo_1101,1,0.999974
bilstm_finetuned,clean,template,13,val,bongo_1108,0,0.000035
bilstm_finetuned,clean,template,13,val,bongo_1109,0,0.000040
bilstm_finetuned,clean,template,13,val,bongo_1120,0,0.000022
bilstm_finetuned,clean,template,13,val,bongo_1124,0,0.000027
bilstm_finetuned,clean,template,13,val,bongo_1130,1,0.999995
bilstm_finetuned,clean,template,13,val,bongo_1132,1,0.999980
bilstm_finetuned,clean,template,13,val,bongo_1137,1,0.999990
bilstm_finetuned,clean,template,13,val,bongo_1145,0,0.000050
bilstm_finetuned,clean,template,13,val,bongo_1153,0,0.000123
bilstm_finetuned,clean,template,13,val,bongo_1161,0,0.000207
bilstm_finetuned,clean,template,13,val,bongo_1162,0,0.012735
bilstm_finetuned,clean,template,13,val,bongo_1163,1,0.999990
bilstm_finetuned,clean,template,13,val,bongo_1166,1,0.999994
bilstm_finetuned,clean,template,13,val,bongo_1197,1,0.999783
bilstm_finetuned,clean,template,13,val,bongo_1203,1,0.999993
bilstm_finetuned,clean,template,13,val,bongo_1212,0,0.000041
bilstm_finetuned,clean,template,13,val,bongo_1213,1,0.999891
bilstm_finetuned,clean,template,13,val,bongo_1216,0,0.000887
bilstm_finetuned,clean,template,13,val,bongo_1224,1,0.999963
bilstm_finetuned,clean,template,13,val,bongo_1247,1,0.999962
bilstm_finetuned,clean,template,13,val,bongo_1251,1,0.999995
bilstm_finetuned,clean,template,13,val,bongo_1257,1,0.999965
bilstm_finetuned,clean,template,13,val,bongo_1258,1,0.999995
bilstm_finetuned,clean,template,13,val,bongo_1265,0,0.000042
bilstm_finetuned,clean,template,13,val,bongo_1272,0,0.000056
bilstm_finetuned,clean,template,13,val,bongo_1275,0,0.000023
bilstm_finetuned,clean,template,13,val,bongo_1296,0,0.000022
bilstm_finetuned,clean,template,13,val,bongo_1299,1,0.999980
bilstm_finetuned,clean,template,13,val,bongo_1307,1,0.999973
bilstm_finetuned,clean,template,13,val,bongo_1328,0,0.000034
bilstm_finetuned,clean,template,13,val,bongo_1335,0,0.071081
bilstm_finetuned,clean,template,13,val,bongo_1341,0,0.000050
bilstm_finetuned,clean,template,13,val,bongo_1349,0,0.000050
bilstm_finetuned,clean,template,13,val,bongo_1360,0,0.000029
bilstm_finetuned,clean,template,13,test,bongo_0025,1,0.999990
bilstm_finetuned,clean,template,13,test,bongo_0029,0,0.035802
bilstm_finetuned,clean,template,13,test,bongo_0039,1,0.999997
bilstm_finetuned,clean,template,13,test,bongo_0047,1,0.999992
bilstm_finetuned,clean,template,13,test,bongo_0053,0,0.000113
bilstm_finetuned,clean,template,13,test,bongo_0055,1,0.005105
bilstm_finetuned,clean,template,13,test,bongo_0061,1,0.999337
bilstm_finetuned,clean,template,13,test,bongo_0097,0,0.000291
bilstm_finetuned,clean,template,13,test,bongo_0107,0,0.000020
bilstm_finetuned,clean,template,13,test,bongo_0110,0,0.000016
bilstm_finetuned,clean,template,13,test,bongo_0112,1,0.022050
bilstm_finetuned,clean,template,13,test,bongo_0115,0,0.000232
bilstm_finetuned,clean,template,13,test,bongo_0143,0,0.000265
bilstm_finetuned,clean,template,13,test,bongo_0146,1,0.999990
bilstm_finetuned,clean,template,13,test,bongo_0154,1,0.999990
bilstm_finetuned,clean,template,13,test,bongo_0159,1,0.005112
bilstm_finetuned,clean,template,13,test,bongo_0160,0,0.000027
bilstm_finetuned,clean,template,13,test,bongo_0172,0,0.277720
bilstm_finetuned,clean,template,13,test,bongo_0173,1,0.010429
bilstm_finetuned,clean,template,13,test,bongo_0175,0,0.000026
bilstm_finetuned,clean,template,13,test,bongo_0182,0,0.000012
bilstm_finetuned,clean,template,13,test,bongo_0195,1,0.999965
bilstm_finetuned,clean,template,13,test,bongo_0197,0,0.000040
bilstm_finetuned,clean,template,13,test,bongo_0201,1,0.999995
bilstm_finetuned,clean,template,13,test,bongo_0203,1,0.999996
bilstm_finetuned,clean,template,13,test,bongo_0250,1,0.005112
bilstm_finetuned,clean,template,13,test,bongo_0253,0,0.000051
bilstm_finetuned,clean,template,13,test,bongo_0255,1,0.009264
bilstm_finetuned,clean,template,13,test,bongo_0265,1,0.010573
bilstm_finetuned,clean,template,13,test,bongo_0271,0,0.000036
bilstm_finetuned,clean,template,13,test,bongo_0300,0,0.000035
bilstm_finetuned,clean,template,13,test,bongo_0306,0,0.000050
bilstm_finetuned,clean,template,13,test,bongo_0356,1,0.022023
bilstm_finetuned,clean,template,13,test,bongo_0360,1,0.999985
bilstm_finetuned,clean,template,13,test,bongo_0361,1,0.999996
bilstm_finetuned,clean,template,13,test,bongo_0363,0,0.000033
bilstm_finetuned,clean,template,13,test,bongo_0368,0,0.000159
bilstm_finetuned,clean,template,13,test,bongo_0372,0,0.000088
bilstm_finetuned,clean,template,13,test,bongo_0380,1,0.009119
bilstm_finetuned,clean,template,13,test,bongo_0389,0,0.000031
bilstm_finetuned,clean,template,13,test,bongo_0395,0,0.000339
bilstm_finetuned,clean,template,13,test,bongo_0405,1,0.999919
bilstm_finetuned,clean,template,13,test,bongo_0424,1,0.999995
bilstm_finetuned,clean,template,13,test,bongo_0427,0,0.000374
bilstm_finetuned,clean,template,13,test,bongo_0434,1,0.005105
bilstm_finetuned,clean,template,13,test,bongo_0463,0,0.000264
bilstm_finetuned,clean,template,13,test,bongo_0476,1,0.999975
bilstm_finetuned,clean,template,13,test,bongo_0510,1,0.999992
bilstm_finetuned,clean,template,13,test,bongo_0531,0,0.000109
bilstm_finetuned,clean,template,13,test,bongo_0542,0,0.000026
bilstm_finetuned,clean,template,13,test,bongo_0545,0,0.000028
bilstm_finetuned,clean,template,13,test,bongo_0560,1,0.999944
bilstm_finetuned,clean,template,13,test,bongo_0565,1,0.054639
bilstm_finetuned,clean,template,13,test,bongo_0566,1,0.999997
bilstm_finetuned,clean,template,13,test,bongo_0571,0,0.000027
bilstm_finetuned,clean,template,13,test,bongo_0577,1,0.999909
bilstm_finetuned,clean,template,13,test,bongo_0580,1,0.999938
bilstm_finetuned,clean,template,13,test,bongo_0621,1,0.999805
bilstm_finetuned,clean,template,13,test,bongo_0624,1,0.999992
bilstm_finetuned,clean,template,13,test,bongo_0630,0,0.000108
bilstm_finetuned,clean,template,13,test,bongo_0638,1,0.999994
bilstm_finetuned,clean,template,13,test,bongo_0648,0,0.009938
bilstm_finetuned,clean,template,13,test,bongo_0674,0,0.000020
bilstm_finetuned,clean,template,13,test,bongo_0685,0,0.004694
bilstm_finetuned,clean,template,13,test,bongo_0697,1,0.054639
bilstm_finetuned,clean,template,13,test,bongo_0701,0,0.000028
bilstm_finetuned,clean,template,13,test,bongo_0706,1,0.022020
bilstm_finetuned,clean,template,13,test,bongo_0719,1,0.009132
bilstm_finetuned,clean,template,13,test,bongo_0721,1,0.999982
bilstm_finetuned,clean,template,13,test,bongo_0724,1,0.055426
bilstm_finetuned,clean,template,13,test,bongo_0729,1,0.999925
bilstm_finetuned,clean,template,13,test,bongo_0741,0,0.000029
bilstm_finetuned,clean,template,13,test,bongo_0749,1,0.015846
bilstm_finetuned,clean,template,13,test,bongo_0769,1,0.999995
bilstm_finetuned,clean,template,13,test,bongo_0770,1,0.005105
bilstm_finetuned,clean,template,13,test,bongo_0778,1,0.015819
bilstm_finetuned,clean,template,13,test,bongo_0787,1,0.999985
bilstm_finetuned,clean,template,13,test,bongo_0795,0,0.000439
bilstm_finetuned,clean,template,13,test,bongo_0806,1,0.055426
bilstm_finetuned,clean,template,13,test,bongo_0807,1,0.999992
bilstm_finetuned,clean,template,13,test,bongo_0818,0,0.002821
bilstm_finetuned,clean,template,13,test,bongo_0819,0,0.000108
bilstm_finetuned,clean,template,13,test,bongo_0835,0,0.000026
bilstm_finetuned,clean,template,13,test,bongo_0840,1,0.999985
bilstm_finetuned,clean,template,13,test,bongo_0855,1,0.054690
bilstm_finetuned,clean,template,13,test,bongo_0856,0,0.000056
bilstm_finetuned,clean,template,13,test,bongo_0864,1,0.999997
bilstm_finetuned,clean,template,13,test,bongo_0871,1,0.999992
bilstm_finetuned,clean,template,13,test,bongo_0872,0,0.001564
bilstm_finetuned,clean,template,13,test,bongo_0904,0,0.000228
bilstm_finetuned,clean,template,13,test,bongo_0905,1,0.999997
bilstm_finetuned,clean,template,13,test,bongo_0909,1,0.999903
bilstm_finetuned,clean,template,13,test,bongo_0917,1,0.005183
bilstm_finetuned,clean,template,13,test,bongo_0918,1,0.999918
bilstm_finetuned,clean,template,13,test,bongo_0950,0,0.000026
bilstm_finetuned,clean,template,13,test,bongo_0955,1,0.999994
bilstm_finetuned,clean,template,13,test,bongo_0956,0,0.000026
bilstm_finetuned,clean,template,13,test,bongo_0971,0,0.000032
bilstm_finetuned,clean,template,13,test,bongo_0983,0,0.000073
bilstm_finetuned,clean,template,13,test,bongo_0989,1,0.999992
bilstm_finetuned,clean,template,13,test,bongo_0994,0,0.000127
bilstm_finetuned,clean,template,13,test,bongo_1003,1,0.999944
bilstm_finetuned,clean,template,13,test,bongo_1006,0,0.000036
bilstm_finetuned,clean,template,13,test,bongo_1012,1,0.015822
bilstm_finetuned,clean,template,13,test,bongo_1015,0,0.000014
bilstm_finetuned,clean,template,13,test,bongo_1022,1,0.009118
bilstm_finetuned,clean,template,13,test,bongo_1037,0,0.000044
bilstm_finetuned,clean,template,13,test,bongo_1040,0,0.000040
bilstm_finetuned,clean,template,13,test,bongo_1042,1,0.999882
bilstm_finetuned,clean,template,13,test,bongo_1047,1,0.999997
bilstm_finetuned,clean,template,13,test,bongo_1050,0,0.000028
bilstm_finetuned,clean,template,13,test,bongo_1052,1,0.999996
bilstm_finetuned,clean,template,13,test,bongo_1059,0,0.000024
bilstm_finetuned,clean,template,13,test,bongo_1071,0,0.000033
bilstm_finetuned,clean,template,13,test,bongo_1090,0,0.000019
bilstm_finetuned,clean,template,13,test,bongo_1104,1,0.999994
bilstm_finetuned,clean,template,13,test,bongo_1115,0,0.000009
bilstm_finetuned,clean,template,13,test,bongo_1123,0,0.000030
bilstm_finetuned,clean,template,13,test,bongo_1125,0,0.002881
bilstm_finetuned,clean,template,13,test,bongo_1127,1,0.010402
bilstm_finetuned,clean,template,13,test,bongo_1131,1,0.999994
bilstm_finetuned,clean,template,13,test,bongo_1134,1,0.022351
bilstm_finetuned,clean,template,13,test,bongo_1135,0,0.004074
bilstm_finetuned,clean,template,13,test,bongo_1136,1,0.999992
bilstm_finetuned,clean,template,13,test,bongo_1138,1,0.999997
bilstm_finetuned,clean,template,13,test,bongo_1140,1,0.999902
bilstm_finetuned,clean,template,13,test,bongo_1154,1,0.999993
bilstm_finetuned,clean,template,13,test,bongo_1155,0,0.000029
bilstm_finetuned,clean,template,13,test,bongo_1171,1,0.999994
bilstm_finetuned,clean,template,13,test,bongo_1181,1,0.999949
bilstm_finetuned,clean,template,13,test,bongo_1185,1,0.009105
bilstm_finetuned,clean,template,13,test,bongo_1194,0,0.000523
bilstm_finetuned,clean,template,13,test,bongo_1195,1,0.054629
bilstm_finetuned,clean,template,13,test,bongo_1198,0,0.000074
bilstm_finetuned,clean,template,13,test,bongo_1204,1,0.005105
bilstm_finetuned,clean,template,13,test,bongo_1220,1,0.999997
bilstm_finetuned,clean,template,13,test,bongo_1233,1,0.999997
bilstm_finetuned,clean,template,13,test,bongo_1236,0,0.000046
bilstm_finetuned,clean,template,13,test,bongo_1240,1,0.009264
bilstm_finetuned,clean,template,13,test,bongo_1244,0,0.000028
bilstm_finetuned,clean,template,13,test,bongo_1249,0,0.000010
bilstm_finetuned,clean,template,13,test,bongo_1253,0,0.001516
bilstm_finetuned,clean,template,13,test,bongo_1260,0,0.000033
bilstm_finetuned,clean,template,13,test,bongo_1262,0,0.000053
bilstm_finetuned,clean,template,13,test,bongo_1278,1,0.016061
bilstm_finetuned,clean,template,13,test,bongo_1285,0,0.000028
bilstm_finetuned,clean,template,13,test,bongo_1293,1,0.999994
bilstm_finetuned,clean,template,13,test,bongo_1316,0,0.000063
bilstm_finetuned,clean,template,13,test,bongo_1327,1,0.005098
bilstm_finetuned,clean,template,13,test,bongo_1330,0,0.050357
bilstm_finetuned,clean,template,13,test,bongo_1359,0,0.003190
bilstm_finetuned,clean,template,13,test,bongo_1375,0,0.000044
bilstm_finetuned,clean,template,13,test_lookalike_1,bongo_0025,1,0.999986
bilstm_finetuned,clean,template,13,test_lookalike_1,bongo_0029,0,0.035802
bilstm_finetuned,clean,template,13,test_lookalike_1,bongo_0039,1,0.999883
bilstm_finetuned,clean,template,13,test_lookalike_1,bongo_0047,1,0.999992
bilstm_finetuned,clean,template,13,test_lookalike_1,bongo_0053,0,0.000113
bilstm_finetuned,clean,template,13,test_lookalike_1,bongo_0055,1,0.006506
bilstm_finetuned,clean,template,13,test_lookalike_1,bongo_0061,1,0.999445
bilstm_finetuned,clean,template,13,test_lookalike_1,bongo_0097,0,0.000291
bilstm_finetuned,clean,template,13,test_lookalike_1,bongo_0107,0,0.000020
bilstm_finetuned,clean,template,13,test_lookalike_1,bongo_0110,0,0.000016
bilstm_finetuned,clean,template,13,test_lookalike_1,bongo_0112,1,0.023421
bilstm_finetuned,clean,template,13,test_lookalike_1,bongo_0115,0,0.000232
bilstm_finetuned,clean,template,13,test_lookalike_1,bongo_0143,0,0.000265
bilstm_finetuned,clean,template,13,test_lookalike_1,bongo_0146,1,0.999991
bilstm_finetuned,clean,template,13,test_lookalike_1,bongo_0154,1,0.999777
bilstm_finetuned,clean,template,13,test_lookalike_1,bongo_0159,1,0.006506
bilstm_finetuned,clean,template,13,test_lookalike_1,bongo_0160,0,0.000027
bilstm_finetuned,clean,template,13,test_lookalike_1,bongo_0172,0,0.277720
bilstm_finetuned,clean,template,13,test_lookalike_1,bongo_0173,1,0.011183
bilstm_finetuned,clean,template,13,test_lookalike_1,bongo_0175,0,0.000026
bilstm_finetuned,clean,template,13,test_lookalike_1,bongo_0182,0,0.000012
bilstm_finetuned,clean,template,13,test_lookalike_1,bongo_0195,1,0.999115
bilstm_finetuned,clean,template,13,test_lookalike_1,bongo_0197,0,0.000040
bilstm_finetuned,clean,template,13,test_lookalike_1,bongo_0201,1,0.999988
bilstm_finetuned,clean,template,13,test_lookalike_1,bongo_0203,1,0.999995
bilstm_finetuned,clean,template,13,test_lookalike_1,bongo_0250,1,0.006523
bilstm_finetuned,clean,template,13,test_lookalike_1,bongo_0253,0,0.000051
bilstm_finetuned,clean,template,13,test_lookalike_1,bongo_0255,1,0.009818
bilstm_finetuned,clean,template,13,test_lookalike_1,bongo_0265,1,0.011331
bilstm_finetuned,clean,template,13,test_lookalike_1,bongo_0271,0,0.000036
bilstm_finetuned,clean,template,13,test_lookalike_1,bongo_0300,0,0.000035
bilstm_finetuned,clean,template,13,test_lookalike_1,bongo_0306,0,0.000050
bilstm_finetuned,clean,template,13,test_lookalike_1,bongo_0356,1,0.023458
bilstm_finetuned,clean,template,13,test_lookalike_1,bongo_0360,1,0.999985
bilstm_finetuned,clean,template,13,test_lookalike_1,bongo_0361,1,0.999995
bilstm_finetuned,clean,template,13,test_lookalike_1,bongo_0363,0,0.000033
bilstm_finetuned,clean,template,13,test_lookalike_1,bongo_0368,0,0.000159
bilstm_finetuned,clean,template,13,test_lookalike_1,bongo_0372,0,0.000088
bilstm_finetuned,clean,template,13,test_lookalike_1,bongo_0380,1,0.009733
bilstm_finetuned,clean,template,13,test_lookalike_1,bongo_0389,0,0.000031
bilstm_finetuned,clean,template,13,test_lookalike_1,bongo_0395,0,0.000339
bilstm_finetuned,clean,template,13,test_lookalike_1,bongo_0405,1,0.973273
bilstm_finetuned,clean,template,13,test_lookalike_1,bongo_0424,1,0.999988
bilstm_finetuned,clean,template,13,test_lookalike_1,bongo_0427,0,0.000374
bilstm_finetuned,clean,template,13,test_lookalike_1,bongo_0434,1,0.006507
bilstm_finetuned,clean,template,13,test_lookalike_1,bongo_0463,0,0.000264
bilstm_finetuned,clean,template,13,test_lookalike_1,bongo_0476,1,0.995862
bilstm_finetuned,clean,template,13,test_lookalike_1,bongo_0510,1,0.999992
bilstm_finetuned,clean,template,13,test_lookalike_1,bongo_0531,0,0.000109
bilstm_finetuned,clean,template,13,test_lookalike_1,bongo_0542,0,0.000026
bilstm_finetuned,clean,template,13,test_lookalike_1,bongo_0545,0,0.000028
bilstm_finetuned,clean,template,13,test_lookalike_1,bongo_0560,1,0.999944
bilstm_finetuned,clean,template,13,test_lookalike_1,bongo_0565,1,0.058162
bilstm_finetuned,clean,template,13,test_lookalike_1,bongo_0566,1,0.999997
bilstm_finetuned,clean,template,13,test_lookalike_1,bongo_0571,0,0.000027
bilstm_finetuned,clean,template,13,test_lookalike_1,bongo_0577,1,0.998924
bilstm_finetuned,clean,template,13,test_lookalike_1,bongo_0580,1,0.993274
bilstm_finetuned,clean,template,13,test_lookalike_1,bongo_0621,1,0.999826
bilstm_finetuned,clean,template,13,test_lookalike_1,bongo_0624,1,0.999988
bilstm_finetuned,clean,template,13,test_lookalike_1,bongo_0630,0,0.000108
bilstm_finetuned,clean,template,13,test_lookalike_1,bongo_0638,1,0.999990
bilstm_finetuned,clean,template,13,test_lookalike_1,bongo_0648,0,0.009938
bilstm_finetuned,clean,template,13,test_lookalike_1,bongo_0674,0,0.000020
bilstm_finetuned,clean,template,13,test_lookalike_1,bongo_0685,0,0.004694
bilstm_finetuned,clean,template,13,test_lookalike_1,bongo_0697,1,0.058253
bilstm_finetuned,clean,template,13,test_lookalike_1,bongo_0701,0,0.000028
bilstm_finetuned,clean,template,13,test_lookalike_1,bongo_0706,1,0.023420
bilstm_finetuned,clean,template,13,test_lookalike_1,bongo_0719,1,0.009746
bilstm_finetuned,clean,template,13,test_lookalike_1,bongo_0721,1,0.992505
bilstm_finetuned,clean,template,13,test_lookalike_1,bongo_0724,1,0.058568
bilstm_finetuned,clean,template,13,test_lookalike_1,bongo_0729,1,0.986855
bilstm_finetuned,clean,template,13,test_lookalike_1,bongo_0741,0,0.000029
bilstm_finetuned,clean,template,13,test_lookalike_1,bongo_0749,1,0.016853
bilstm_finetuned,clean,template,13,test_lookalike_1,bongo_0769,1,0.999985
bilstm_finetuned,clean,template,13,test_lookalike_1,bongo_0770,1,0.006531
bilstm_finetuned,clean,template,13,test_lookalike_1,bongo_0778,1,0.016921
bilstm_finetuned,clean,template,13,test_lookalike_1,bongo_0787,1,0.999985
bilstm_finetuned,clean,template,13,test_lookalike_1,bongo_0795,0,0.000439
bilstm_finetuned,clean,template,13,test_lookalike_1,bongo_0806,1,0.058929
bilstm_finetuned,clean,template,13,test_lookalike_1,bongo_0807,1,0.999990
bilstm_finetuned,clean,template,13,test_lookalike_1,bongo_0818,0,0.002821
bilstm_finetuned,clean,template,13,test_lookalike_1,bongo_0819,0,0.000108
bilstm_finetuned,clean,template,13,test_lookalike_1,bongo_0835,0,0.000026
bilstm_finetuned,clean,template,13,test_lookalike_1,bongo_0840,1,0.999985
bilstm_finetuned,clean,template,13,test_lookalike_1,bongo_0855,1,0.058154
bilstm_finetuned,clean,template,13,test_lookalike_1,bongo_0856,0,0.000056
bilstm_finetuned,clean,template,13,test_lookalike_1,bongo_0864,1,0.999778
bilstm_finetuned,clean,template,13,test_lookalike_1,bongo_0871,1,0.999988
bilstm_finetuned,clean,template,13,test_lookalike_1,bongo_0872,0,0.001564
bilstm_finetuned,clean,template,13,test_lookalike_1,bongo_0904,0,0.000228
bilstm_finetuned,clean,template,13,test_lookalike_1,bongo_0905,1,0.999758
bilstm_finetuned,clean,template,13,test_lookalike_1,bongo_0909,1,0.999934
bilstm_finetuned,clean,template,13,test_lookalike_1,bongo_0917,1,0.006642
bilstm_finetuned,clean,template,13,test_lookalike_1,bongo_0918,1,0.972893
bilstm_finetuned,clean,template,13,test_lookalike_1,bongo_0950,0,0.000026
bilstm_finetuned,clean,template,13,test_lookalike_1,bongo_0955,1,0.999986
bilstm_finetuned,clean,template,13,test_lookalike_1,bongo_0956,0,0.000026
bilstm_finetuned,clean,template,13,test_lookalike_1,bongo_0971,0,0.000032
bilstm_finetuned,clean,template,13,test_lookalike_1,bongo_0983,0,0.000073
bilstm_finetuned,clean,template,13,test_lookalike_1,bongo_0989,1,0.999988
bilstm_finetuned,clean,template,13,test_lookalike_1,bongo_0994,0,0.000127
bilstm_finetuned,clean,template,13,test_lookalike_1,bongo_1003,1,0.999944
bilstm_finetuned,clean,template,13,test_lookalike_1,bongo_1006,0,0.000036
bilstm_finetuned,clean,template,13,test_lookalike_1,bongo_1012,1,0.016995
bilstm_finetuned,clean,template,13,test_lookalike_1,bongo_1015,0,0.000014
bilstm_finetuned,clean,template,13,test_lookalike_1,bongo_1022,1,0.009733
bilstm_finetuned,clean,template,13,test_lookalike_1,bongo_1037,0,0.000044
bilstm_finetuned,clean,template,13,test_lookalike_1,bongo_1040,0,0.000040
bilstm_finetuned,clean,template,13,test_lookalike_1,bongo_1042,1,0.999784
bilstm_finetuned,clean,template,13,test_lookalike_1,bongo_1047,1,0.999778
bilstm_finetuned,clean,template,13,test_lookalike_1,bongo_1050,0,0.000028
bilstm_finetuned,clean,template,13,test_lookalike_1,bongo_1052,1,0.999993
bilstm_finetuned,clean,template,13,test_lookalike_1,bongo_1059,0,0.000024
bilstm_finetuned,clean,template,13,test_lookalike_1,bongo_1071,0,0.000033
bilstm_finetuned,clean,template,13,test_lookalike_1,bongo_1090,0,0.000019
bilstm_finetuned,clean,template,13,test_lookalike_1,bongo_1104,1,0.999994
bilstm_finetuned,clean,template,13,test_lookalike_1,bongo_1115,0,0.000009
bilstm_finetuned,clean,template,13,test_lookalike_1,bongo_1123,0,0.000030
bilstm_finetuned,clean,template,13,test_lookalike_1,bongo_1125,0,0.002881
bilstm_finetuned,clean,template,13,test_lookalike_1,bongo_1127,1,0.011200
bilstm_finetuned,clean,template,13,test_lookalike_1,bongo_1131,1,0.999993
bilstm_finetuned,clean,template,13,test_lookalike_1,bongo_1134,1,0.023657
bilstm_finetuned,clean,template,13,test_lookalike_1,bongo_1135,0,0.004074
bilstm_finetuned,clean,template,13,test_lookalike_1,bongo_1136,1,0.999761
bilstm_finetuned,clean,template,13,test_lookalike_1,bongo_1138,1,0.999756
bilstm_finetuned,clean,template,13,test_lookalike_1,bongo_1140,1,0.589384
bilstm_finetuned,clean,template,13,test_lookalike_1,bongo_1154,1,0.999993
bilstm_finetuned,clean,template,13,test_lookalike_1,bongo_1155,0,0.000029
bilstm_finetuned,clean,template,13,test_lookalike_1,bongo_1171,1,0.999994
bilstm_finetuned,clean,template,13,test_lookalike_1,bongo_1181,1,0.995872
bilstm_finetuned,clean,template,13,test_lookalike_1,bongo_1185,1,0.009917
bilstm_finetuned,clean,template,13,test_lookalike_1,bongo_1194,0,0.000523
bilstm_finetuned,clean,template,13,test_lookalike_1,bongo_1195,1,0.058190
bilstm_finetuned,clean,template,13,test_lookalike_1,bongo_1198,0,0.000074
bilstm_finetuned,clean,template,13,test_lookalike_1,bongo_1204,1,0.006523
bilstm_finetuned,clean,template,13,test_lookalike_1,bongo_1220,1,0.999811
bilstm_finetuned,clean,template,13,test_lookalike_1,bongo_1233,1,0.999997
bilstm_finetuned,clean,template,13,test_lookalike_1,bongo_1236,0,0.000046
bilstm_finetuned,clean,template,13,test_lookalike_1,bongo_1240,1,0.009860
bilstm_finetuned,clean,template,13,test_lookalike_1,bongo_1244,0,0.000028
bilstm_finetuned,clean,template,13,test_lookalike_1,bongo_1249,0,0.000010
bilstm_finetuned,clean,template,13,test_lookalike_1,bongo_1253,0,0.001516
bilstm_finetuned,clean,template,13,test_lookalike_1,bongo_1260,0,0.000033
bilstm_finetuned,clean,template,13,test_lookalike_1,bongo_1262,0,0.000053
bilstm_finetuned,clean,template,13,test_lookalike_1,bongo_1278,1,0.016965
bilstm_finetuned,clean,template,13,test_lookalike_1,bongo_1285,0,0.000028
bilstm_finetuned,clean,template,13,test_lookalike_1,bongo_1293,1,0.999994
bilstm_finetuned,clean,template,13,test_lookalike_1,bongo_1316,0,0.000063
bilstm_finetuned,clean,template,13,test_lookalike_1,bongo_1327,1,0.006579
bilstm_finetuned,clean,template,13,test_lookalike_1,bongo_1330,0,0.050357
bilstm_finetuned,clean,template,13,test_lookalike_1,bongo_1359,0,0.003190
bilstm_finetuned,clean,template,13,test_lookalike_1,bongo_1375,0,0.000044
bilstm_finetuned,clean,template,13,test_lookalike_3,bongo_0025,1,0.999528
bilstm_finetuned,clean,template,13,test_lookalike_3,bongo_0029,0,0.035802
bilstm_finetuned,clean,template,13,test_lookalike_3,bongo_0039,1,0.999919
bilstm_finetuned,clean,template,13,test_lookalike_3,bongo_0047,1,0.999991
bilstm_finetuned,clean,template,13,test_lookalike_3,bongo_0053,0,0.000113
bilstm_finetuned,clean,template,13,test_lookalike_3,bongo_0055,1,0.006863
bilstm_finetuned,clean,template,13,test_lookalike_3,bongo_0061,1,0.999555
bilstm_finetuned,clean,template,13,test_lookalike_3,bongo_0097,0,0.000291
bilstm_finetuned,clean,template,13,test_lookalike_3,bongo_0107,0,0.000020
bilstm_finetuned,clean,template,13,test_lookalike_3,bongo_0110,0,0.000016
bilstm_finetuned,clean,template,13,test_lookalike_3,bongo_0112,1,0.023140
bilstm_finetuned,clean,template,13,test_lookalike_3,bongo_0115,0,0.000232
bilstm_finetuned,clean,template,13,test_lookalike_3,bongo_0143,0,0.000265
bilstm_finetuned,clean,template,13,test_lookalike_3,bongo_0146,1,0.641690
bilstm_finetuned,clean,template,13,test_lookalike_3,bongo_0154,1,0.999784
bilstm_finetuned,clean,template,13,test_lookalike_3,bongo_0159,1,0.006833
bilstm_finetuned,clean,template,13,test_lookalike_3,bongo_0160,0,0.000027
bilstm_finetuned,clean,template,13,test_lookalike_3,bongo_0172,0,0.277720
bilstm_finetuned,clean,template,13,test_lookalike_3,bongo_0173,1,0.010734
bilstm_finetuned,clean,template,13,test_lookalike_3,bongo_0175,0,0.000026
bilstm_finetuned,clean,template,13,test_lookalike_3,bongo_0182,0,0.000012
bilstm_finetuned,clean,template,13,test_lookalike_3,bongo_0195,1,0.003741
bilstm_finetuned,clean,template,13,test_lookalike_3,bongo_0197,0,0.000040
bilstm_finetuned,clean,template,13,test_lookalike_3,bongo_0201,1,0.999936
bilstm_finetuned,clean,template,13,test_lookalike_3,bongo_0203,1,0.999995
bilstm_finetuned,clean,template,13,test_lookalike_3,bongo_0250,1,0.006833
bilstm_finetuned,clean,template,13,test_lookalike_3,bongo_0253,0,0.000051
bilstm_finetuned,clean,template,13,test_lookalike_3,bongo_0255,1,0.011473
bilstm_finetuned,clean,template,13,test_lookalike_3,bongo_0265,1,0.027340
bilstm_finetuned,clean,template,13,test_lookalike_3,bongo_0271,0,0.000036
bilstm_finetuned,clean,template,13,test_lookalike_3,bongo_0300,0,0.000035
bilstm_finetuned,clean,template,13,test_lookalike_3,bongo_0306,0,0.000050
bilstm_finetuned,clean,template,13,test_lookalike_3,bongo_0356,1,0.023222
bilstm_finetuned,clean,template,13,test_lookalike_3,bongo_0360,1,0.999377
bilstm_finetuned,clean,template,13,test_lookalike_3,bongo_0361,1,0.999995
bilstm_finetuned,clean,template,13,test_lookalike_3,bongo_0363,0,0.000033
bilstm_finetuned,clean,template,13,test_lookalike_3,bongo_0368,0,0.000159
bilstm_finetuned,clean,template,13,test_lookalike_3,bongo_0372,0,0.000088
bilstm_finetuned,clean,template,13,test_lookalike_3,bongo_0380,1,0.009866
bilstm_finetuned,clean,template,13,test_lookalike_3,bongo_0389,0,0.000031
bilstm_finetuned,clean,template,13,test_lookalike_3,bongo_0395,0,0.000339
bilstm_finetuned,clean,template,13,test_lookalike_3,bongo_0405,1,0.999757
bilstm_finetuned,clean,template,13,test_lookalike_3,bongo_0424,1,0.999988
bilstm_finetuned,clean,template,13,test_lookalike_3,bongo_0427,0,0.000374
bilstm_finetuned,clean,template,13,test_lookalike_3,bongo_0434,1,0.006833
bilstm_finetuned,clean,template,13,test_lookalike_3,bongo_0463,0,0.000264
bilstm_finetuned,clean,template,13,test_lookalike_3,bongo_0476,1,0.994175
bilstm_finetuned,clean,template,13,test_lookalike_3,bongo_0510,1,0.999997
bilstm_finetuned,clean,template,13,test_lookalike_3,bongo_0531,0,0.000109
bilstm_finetuned,clean,template,13,test_lookalike_3,bongo_0542,0,0.000026
bilstm_finetuned,clean,template,13,test_lookalike_3,bongo_0545,0,0.000028
bilstm_finetuned,clean,template,13,test_lookalike_3,bongo_0560,1,0.999632
bilstm_finetuned,clean,template,13,test_lookalike_3,bongo_0565,1,0.058083
bilstm_finetuned,clean,template,13,test_lookalike_3,bongo_0566,1,0.999997
bilstm_finetuned,clean,template,13,test_lookalike_3,bongo_0571,0,0.000027
bilstm_finetuned,clean,template,13,test_lookalike_3,bongo_0577,1,0.065772
bilstm_finetuned,clean,template,13,test_lookalike_3,bongo_0580,1,0.002640
bilstm_finetuned,clean,template,13,test_lookalike_3,bongo_0621,1,0.999405
bilstm_finetuned,clean,template,13,test_lookalike_3,bongo_0624,1,0.999976
bilstm_finetuned,clean,template,13,test_lookalike_3,bongo_0630,0,0.000108
bilstm_finetuned,clean,template,13,test_lookalike_3,bongo_0638,1,0.999991
bilstm_finetuned,clean,template,13,test_lookalike_3,bongo_0648,0,0.009938
bilstm_finetuned,clean,template,13,test_lookalike_3,bongo_0674,0,0.000020
bilstm_finetuned,clean,template,13,test_lookalike_3,bongo_0685,0,0.004694
bilstm_finetuned,clean,template,13,test_lookalike_3,bongo_0697,1,0.058583
bilstm_finetuned,clean,template,13,test_lookalike_3,bongo_0701,0,0.000028
bilstm_finetuned,clean,template,13,test_lookalike_3,bongo_0706,1,0.023006
bilstm_finetuned,clean,template,13,test_lookalike_3,bongo_0719,1,0.009912
bilstm_finetuned,clean,template,13,test_lookalike_3,bongo_0721,1,0.996729
bilstm_finetuned,clean,template,13,test_lookalike_3,bongo_0724,1,0.061671
bilstm_finetuned,clean,template,13,test_lookalike_3,bongo_0729,1,0.001783
bilstm_finetuned,clean,template,13,test_lookalike_3,bongo_0741,0,0.000029
bilstm_finetuned,clean,template,13,test_lookalike_3,bongo_0749,1,0.016827
bilstm_finetuned,clean,template,13,test_lookalike_3,bongo_0769,1,0.999984
bilstm_finetuned,clean,template,13,test_lookalike_3,bongo_0770,1,0.006873
bilstm_finetuned,clean,template,13,test_lookalike_3,bongo_0778,1,0.016851
bilstm_finetuned,clean,template,13,test_lookalike_3,bongo_0787,1,0.999978
bilstm_finetuned,clean,template,13,test_lookalike_3,bongo_0795,0,0.000439
bilstm_finetuned,clean,template,13,test_lookalike_3,bongo_0806,1,0.062887
bilstm_finetuned,clean,template,13,test_lookalike_3,bongo_0807,1,0.999996
bilstm_finetuned,clean,template,13,test_lookalike_3,bongo_0818,0,0.002821
bilstm_finetuned,clean,template,13,test_lookalike_3,bongo_0819,0,0.000108
bilstm_finetuned,clean,template,13,test_lookalike_3,bongo_0835,0,0.000026
bilstm_finetuned,clean,template,13,test_lookalike_3,bongo_0840,1,0.999368
bilstm_finetuned,clean,template,13,test_lookalike_3,bongo_0855,1,0.058348
bilstm_finetuned,clean,template,13,test_lookalike_3,bongo_0856,0,0.000056
bilstm_finetuned,clean,template,13,test_lookalike_3,bongo_0864,1,0.999856
bilstm_finetuned,clean,template,13,test_lookalike_3,bongo_0871,1,0.999973
bilstm_finetuned,clean,template,13,test_lookalike_3,bongo_0872,0,0.001564
bilstm_finetuned,clean,template,13,test_lookalike_3,bongo_0904,0,0.000228
bilstm_finetuned,clean,template,13,test_lookalike_3,bongo_0905,1,0.998858
bilstm_finetuned,clean,template,13,test_lookalike_3,bongo_0909,1,0.082051
bilstm_finetuned,clean,template,13,test_lookalike_3,bongo_0917,1,0.007483
bilstm_finetuned,clean,template,13,test_lookalike_3,bongo_0918,1,0.106782
bilstm_finetuned,clean,template,13,test_lookalike_3,bongo_0950,0,0.000026
bilstm_finetuned,clean,template,13,test_lookalike_3,bongo_0955,1,0.999985
bilstm_finetuned,clean,template,13,test_lookalike_3,bongo_0956,0,0.000026
bilstm_finetuned,clean,template,13,test_lookalike_3,bongo_0971,0,0.000032
bilstm_finetuned,clean,template,13,test_lookalike_3,bongo_0983,0,0.000073
bilstm_finetuned,clean,template,13,test_lookalike_3,bongo_0989,1,0.999973
bilstm_finetuned,clean,template,13,test_lookalike_3,bongo_0994,0,0.000127
bilstm_finetuned,clean,template,13,test_lookalike_3,bongo_1003,1,0.999646
bilstm_finetuned,clean,template,13,test_lookalike_3,bongo_1006,0,0.000036
bilstm_finetuned,clean,template,13,test_lookalike_3,bongo_1012,1,0.017093
bilstm_finetuned,clean,template,13,test_lookalike_3,bongo_1015,0,0.000014
bilstm_finetuned,clean,template,13,test_lookalike_3,bongo_1022,1,0.009983
bilstm_finetuned,clean,template,13,test_lookalike_3,bongo_1037,0,0.000044
bilstm_finetuned,clean,template,13,test_lookalike_3,bongo_1040,0,0.000040
bilstm_finetuned,clean,template,13,test_lookalike_3,bongo_1042,1,0.998409
bilstm_finetuned,clean,template,13,test_lookalike_3,bongo_1047,1,0.999928
bilstm_finetuned,clean,template,13,test_lookalike_3,bongo_1050,0,0.000028
bilstm_finetuned,clean,template,13,test_lookalike_3,bongo_1052,1,0.999982
bilstm_finetuned,clean,template,13,test_lookalike_3,bongo_1059,0,0.000024
bilstm_finetuned,clean,template,13,test_lookalike_3,bongo_1071,0,0.000033
bilstm_finetuned,clean,template,13,test_lookalike_3,bongo_1090,0,0.000019
bilstm_finetuned,clean,template,13,test_lookalike_3,bongo_1104,1,0.999929
bilstm_finetuned,clean,template,13,test_lookalike_3,bongo_1115,0,0.000009
bilstm_finetuned,clean,template,13,test_lookalike_3,bongo_1123,0,0.000030
bilstm_finetuned,clean,template,13,test_lookalike_3,bongo_1125,0,0.002881
bilstm_finetuned,clean,template,13,test_lookalike_3,bongo_1127,1,0.010787
bilstm_finetuned,clean,template,13,test_lookalike_3,bongo_1131,1,0.997947
bilstm_finetuned,clean,template,13,test_lookalike_3,bongo_1134,1,0.035904
bilstm_finetuned,clean,template,13,test_lookalike_3,bongo_1135,0,0.004074
bilstm_finetuned,clean,template,13,test_lookalike_3,bongo_1136,1,0.999788
bilstm_finetuned,clean,template,13,test_lookalike_3,bongo_1138,1,0.999824
bilstm_finetuned,clean,template,13,test_lookalike_3,bongo_1140,1,0.080800
bilstm_finetuned,clean,template,13,test_lookalike_3,bongo_1154,1,0.611894
bilstm_finetuned,clean,template,13,test_lookalike_3,bongo_1155,0,0.000029
bilstm_finetuned,clean,template,13,test_lookalike_3,bongo_1171,1,0.999984
bilstm_finetuned,clean,template,13,test_lookalike_3,bongo_1181,1,0.001999
bilstm_finetuned,clean,template,13,test_lookalike_3,bongo_1185,1,0.011434
bilstm_finetuned,clean,template,13,test_lookalike_3,bongo_1194,0,0.000523
bilstm_finetuned,clean,template,13,test_lookalike_3,bongo_1195,1,0.058349
bilstm_finetuned,clean,template,13,test_lookalike_3,bongo_1198,0,0.000074
bilstm_finetuned,clean,template,13,test_lookalike_3,bongo_1204,1,0.006804
bilstm_finetuned,clean,template,13,test_lookalike_3,bongo_1220,1,0.999977
bilstm_finetuned,clean,template,13,test_lookalike_3,bongo_1233,1,0.999997
bilstm_finetuned,clean,template,13,test_lookalike_3,bongo_1236,0,0.000046
bilstm_finetuned,clean,template,13,test_lookalike_3,bongo_1240,1,0.011441
bilstm_finetuned,clean,template,13,test_lookalike_3,bongo_1244,0,0.000028
bilstm_finetuned,clean,template,13,test_lookalike_3,bongo_1249,0,0.000010
bilstm_finetuned,clean,template,13,test_lookalike_3,bongo_1253,0,0.001516
bilstm_finetuned,clean,template,13,test_lookalike_3,bongo_1260,0,0.000033
bilstm_finetuned,clean,template,13,test_lookalike_3,bongo_1262,0,0.000053
bilstm_finetuned,clean,template,13,test_lookalike_3,bongo_1278,1,0.021700
bilstm_finetuned,clean,template,13,test_lookalike_3,bongo_1285,0,0.000028
bilstm_finetuned,clean,template,13,test_lookalike_3,bongo_1293,1,0.999994
bilstm_finetuned,clean,template,13,test_lookalike_3,bongo_1316,0,0.000063
bilstm_finetuned,clean,template,13,test_lookalike_3,bongo_1327,1,0.007452
bilstm_finetuned,clean,template,13,test_lookalike_3,bongo_1330,0,0.050357
bilstm_finetuned,clean,template,13,test_lookalike_3,bongo_1359,0,0.003190
bilstm_finetuned,clean,template,13,test_lookalike_3,bongo_1375,0,0.000044
bilstm_finetuned,clean,template,13,test_lookalike_all,bongo_0025,1,0.999701
bilstm_finetuned,clean,template,13,test_lookalike_all,bongo_0029,0,0.035802
bilstm_finetuned,clean,template,13,test_lookalike_all,bongo_0039,1,0.999610
bilstm_finetuned,clean,template,13,test_lookalike_all,bongo_0047,1,0.999958
bilstm_finetuned,clean,template,13,test_lookalike_all,bongo_0053,0,0.000113
bilstm_finetuned,clean,template,13,test_lookalike_all,bongo_0055,1,0.004157
bilstm_finetuned,clean,template,13,test_lookalike_all,bongo_0061,1,0.999619
bilstm_finetuned,clean,template,13,test_lookalike_all,bongo_0097,0,0.000291
bilstm_finetuned,clean,template,13,test_lookalike_all,bongo_0107,0,0.000020
bilstm_finetuned,clean,template,13,test_lookalike_all,bongo_0110,0,0.000016
bilstm_finetuned,clean,template,13,test_lookalike_all,bongo_0112,1,0.005626
bilstm_finetuned,clean,template,13,test_lookalike_all,bongo_0115,0,0.000232
bilstm_finetuned,clean,template,13,test_lookalike_all,bongo_0143,0,0.000265
bilstm_finetuned,clean,template,13,test_lookalike_all,bongo_0146,1,0.011612
bilstm_finetuned,clean,template,13,test_lookalike_all,bongo_0154,1,0.999696
bilstm_finetuned,clean,template,13,test_lookalike_all,bongo_0159,1,0.005335
bilstm_finetuned,clean,template,13,test_lookalike_all,bongo_0160,0,0.000027
bilstm_finetuned,clean,template,13,test_lookalike_all,bongo_0172,0,0.277720
bilstm_finetuned,clean,template,13,test_lookalike_all,bongo_0173,1,0.025915
bilstm_finetuned,clean,template,13,test_lookalike_all,bongo_0175,0,0.000026
bilstm_finetuned,clean,template,13,test_lookalike_all,bongo_0182,0,0.000012
bilstm_finetuned,clean,template,13,test_lookalike_all,bongo_0195,1,0.010535
bilstm_finetuned,clean,template,13,test_lookalike_all,bongo_0197,0,0.000040
bilstm_finetuned,clean,template,13,test_lookalike_all,bongo_0201,1,0.999621
bilstm_finetuned,clean,template,13,test_lookalike_all,bongo_0203,1,0.641962
bilstm_finetuned,clean,template,13,test_lookalike_all,bongo_0250,1,0.005144
bilstm_finetuned,clean,template,13,test_lookalike_all,bongo_0253,0,0.000051
bilstm_finetuned,clean,template,13,test_lookalike_all,bongo_0255,1,0.005397
bilstm_finetuned,clean,template,13,test_lookalike_all,bongo_0265,1,0.026324
bilstm_finetuned,clean,template,13,test_lookalike_all,bongo_0271,0,0.000036
bilstm_finetuned,clean,template,13,test_lookalike_all,bongo_0300,0,0.000035
bilstm_finetuned,clean,template,13,test_lookalike_all,bongo_0306,0,0.000050
bilstm_finetuned,clean,template,13,test_lookalike_all,bongo_0356,1,0.005476
bilstm_finetuned,clean,template,13,test_lookalike_all,bongo_0360,1,0.286997
bilstm_finetuned,clean,template,13,test_lookalike_all,bongo_0361,1,0.647179
bilstm_finetuned,clean,template,13,test_lookalike_all,bongo_0363,0,0.000033
bilstm_finetuned,clean,template,13,test_lookalike_all,bongo_0368,0,0.000159
bilstm_finetuned,clean,template,13,test_lookalike_all,bongo_0372,0,0.000088
bilstm_finetuned,clean,template,13,test_lookalike_all,bongo_0380,1,0.005411
bilstm_finetuned,clean,template,13,test_lookalike_all,bongo_0389,0,0.000031
bilstm_finetuned,clean,template,13,test_lookalike_all,bongo_0395,0,0.000339
bilstm_finetuned,clean,template,13,test_lookalike_all,bongo_0405,1,0.026797
bilstm_finetuned,clean,template,13,test_lookalike_all,bongo_0424,1,0.999996
bilstm_finetuned,clean,template,13,test_lookalike_all,bongo_0427,0,0.000374
bilstm_finetuned,clean,template,13,test_lookalike_all,bongo_0434,1,0.000039
bilstm_finetuned,clean,template,13,test_lookalike_all,bongo_0463,0,0.000264
bilstm_finetuned,clean,template,13,test_lookalike_all,bongo_0476,1,0.997914
bilstm_finetuned,clean,template,13,test_lookalike_all,bongo_0510,1,0.999995
bilstm_finetuned,clean,template,13,test_lookalike_all,bongo_0531,0,0.000109
bilstm_finetuned,clean,template,13,test_lookalike_all,bongo_0542,0,0.000026
bilstm_finetuned,clean,template,13,test_lookalike_all,bongo_0545,0,0.000028
bilstm_finetuned,clean,template,13,test_lookalike_all,bongo_0560,1,0.999503
bilstm_finetuned,clean,template,13,test_lookalike_all,bongo_0565,1,0.005712
bilstm_finetuned,clean,template,13,test_lookalike_all,bongo_0566,1,0.999812
bilstm_finetuned,clean,template,13,test_lookalike_all,bongo_0571,0,0.000027
bilstm_finetuned,clean,template,13,test_lookalike_all,bongo_0577,1,0.023110
bilstm_finetuned,clean,template,13,test_lookalike_all,bongo_0580,1,0.998640
bilstm_finetuned,clean,template,13,test_lookalike_all,bongo_0621,1,0.999003
bilstm_finetuned,clean,template,13,test_lookalike_all,bongo_0624,1,0.999995
bilstm_finetuned,clean,template,13,test_lookalike_all,bongo_0630,0,0.000108
bilstm_finetuned,clean,template,13,test_lookalike_all,bongo_0638,1,0.021142
bilstm_finetuned,clean,template,13,test_lookalike_all,bongo_0648,0,0.009938
bilstm_finetuned,clean,template,13,test_lookalike_all,bongo_0674,0,0.000020
bilstm_finetuned,clean,template,13,test_lookalike_all,bongo_0685,0,0.004694
bilstm_finetuned,clean,template,13,test_lookalike_all,bongo_0697,1,0.005007
bilstm_finetuned,clean,template,13,test_lookalike_all,bongo_0701,0,0.000028
bilstm_finetuned,clean,template,13,test_lookalike_all,bongo_0706,1,0.005634
bilstm_finetuned,clean,template,13,test_lookalike_all,bongo_0719,1,0.002762
bilstm_finetuned,clean,template,13,test_lookalike_all,bongo_0721,1,0.013362
bilstm_finetuned,clean,template,13,test_lookalike_all,bongo_0724,1,0.004941
bilstm_finetuned,clean,template,13,test_lookalike_all,bongo_0729,1,0.997347
bilstm_finetuned,clean,template,13,test_lookalike_all,bongo_0741,0,0.000029
bilstm_finetuned,clean,template,13,test_lookalike_all,bongo_0749,1,0.005402
bilstm_finetuned,clean,template,13,test_lookalike_all,bongo_0769,1,0.999988
bilstm_finetuned,clean,template,13,test_lookalike_all,bongo_0770,1,0.005160
bilstm_finetuned,clean,template,13,test_lookalike_all,bongo_0778,1,0.005527
bilstm_finetuned,clean,template,13,test_lookalike_all,bongo_0787,1,0.273099
bilstm_finetuned,clean,template,13,test_lookalike_all,bongo_0795,0,0.000439
bilstm_finetuned,clean,template,13,test_lookalike_all,bongo_0806,1,0.006550
bilstm_finetuned,clean,template,13,test_lookalike_all,bongo_0807,1,0.999828
bilstm_finetuned,clean,template,13,test_lookalike_all,bongo_0818,0,0.002821
bilstm_finetuned,clean,template,13,test_lookalike_all,bongo_0819,0,0.000108
bilstm_finetuned,clean,template,13,test_lookalike_all,bongo_0835,0,0.000026
bilstm_finetuned,clean,template,13,test_lookalike_all,bongo_0840,1,0.294738
bilstm_finetuned,clean,template,13,test_lookalike_all,bongo_0855,1,0.006374
bilstm_finetuned,clean,template,13,test_lookalike_all,bongo_0856,0,0.000056
bilstm_finetuned,clean,template,13,test_lookalike_all,bongo_0864,1,0.999586
bilstm_finetuned,clean,template,13,test_lookalike_all,bongo_0871,1,0.999995
bilstm_finetuned,clean,template,13,test_lookalike_all,bongo_0872,0,0.001564
bilstm_finetuned,clean,template,13,test_lookalike_all,bongo_0904,0,0.000228
bilstm_finetuned,clean,template,13,test_lookalike_all,bongo_0905,1,0.999674
bilstm_finetuned,clean,template,13,test_lookalike_all,bongo_0909,1,0.014303
bilstm_finetuned,clean,template,13,test_lookalike_all,bongo_0917,1,0.005302
bilstm_finetuned,clean,template,13,test_lookalike_all,bongo_0918,1,0.018099
bilstm_finetuned,clean,template,13,test_lookalike_all,bongo_0950,0,0.000026
bilstm_finetuned,clean,template,13,test_lookalike_all,bongo_0955,1,0.998370
bilstm_finetuned,clean,template,13,test_lookalike_all,bongo_0956,0,0.000026
bilstm_finetuned,clean,template,13,test_lookalike_all,bongo_0971,0,0.000032
bilstm_finetuned,clean,template,13,test_lookalike_all,bongo_0983,0,0.000073
bilstm_finetuned,clean,template,13,test_lookalike_all,bongo_0989,1,0.999992
bilstm_finetuned,clean,template,13,test_lookalike_all,bongo_0994,0,0.000127
bilstm_finetuned,clean,template,13,test_lookalike_all,bongo_1003,1,0.999551
bilstm_finetuned,clean,template,13,test_lookalike_all,bongo_1006,0,0.000036
bilstm_finetuned,clean,template,13,test_lookalike_all,bongo_1012,1,0.005450
bilstm_finetuned,clean,template,13,test_lookalike_all,bongo_1015,0,0.000014
bilstm_finetuned,clean,template,13,test_lookalike_all,bongo_1022,1,0.005396
bilstm_finetuned,clean,template,13,test_lookalike_all,bongo_1037,0,0.000044
bilstm_finetuned,clean,template,13,test_lookalike_all,bongo_1040,0,0.000040
bilstm_finetuned,clean,template,13,test_lookalike_all,bongo_1042,1,0.999722
bilstm_finetuned,clean,template,13,test_lookalike_all,bongo_1047,1,0.999573
bilstm_finetuned,clean,template,13,test_lookalike_all,bongo_1050,0,0.000028
bilstm_finetuned,clean,template,13,test_lookalike_all,bongo_1052,1,0.999986
bilstm_finetuned,clean,template,13,test_lookalike_all,bongo_1059,0,0.000024
bilstm_finetuned,clean,template,13,test_lookalike_all,bongo_1071,0,0.000033
bilstm_finetuned,clean,template,13,test_lookalike_all,bongo_1090,0,0.000019
bilstm_finetuned,clean,template,13,test_lookalike_all,bongo_1104,1,0.999996
bilstm_finetuned,clean,template,13,test_lookalike_all,bongo_1115,0,0.000009
bilstm_finetuned,clean,template,13,test_lookalike_all,bongo_1123,0,0.000030
bilstm_finetuned,clean,template,13,test_lookalike_all,bongo_1125,0,0.002881
bilstm_finetuned,clean,template,13,test_lookalike_all,bongo_1127,1,0.026266
bilstm_finetuned,clean,template,13,test_lookalike_all,bongo_1131,1,0.999984
bilstm_finetuned,clean,template,13,test_lookalike_all,bongo_1134,1,0.005597
bilstm_finetuned,clean,template,13,test_lookalike_all,bongo_1135,0,0.004074
bilstm_finetuned,clean,template,13,test_lookalike_all,bongo_1136,1,0.999717
bilstm_finetuned,clean,template,13,test_lookalike_all,bongo_1138,1,0.999623
bilstm_finetuned,clean,template,13,test_lookalike_all,bongo_1140,1,0.021006
bilstm_finetuned,clean,template,13,test_lookalike_all,bongo_1154,1,0.543041
bilstm_finetuned,clean,template,13,test_lookalike_all,bongo_1155,0,0.000029
bilstm_finetuned,clean,template,13,test_lookalike_all,bongo_1171,1,0.999582
bilstm_finetuned,clean,template,13,test_lookalike_all,bongo_1181,1,0.999173
bilstm_finetuned,clean,template,13,test_lookalike_all,bongo_1185,1,0.005341
bilstm_finetuned,clean,template,13,test_lookalike_all,bongo_1194,0,0.000523
bilstm_finetuned,clean,template,13,test_lookalike_all,bongo_1195,1,0.005850
bilstm_finetuned,clean,template,13,test_lookalike_all,bongo_1198,0,0.000074
bilstm_finetuned,clean,template,13,test_lookalike_all,bongo_1204,1,0.005110
bilstm_finetuned,clean,template,13,test_lookalike_all,bongo_1220,1,0.999880
bilstm_finetuned,clean,template,13,test_lookalike_all,bongo_1233,1,0.999997
bilstm_finetuned,clean,template,13,test_lookalike_all,bongo_1236,0,0.000046
bilstm_finetuned,clean,template,13,test_lookalike_all,bongo_1240,1,0.005446
bilstm_finetuned,clean,template,13,test_lookalike_all,bongo_1244,0,0.000028
bilstm_finetuned,clean,template,13,test_lookalike_all,bongo_1249,0,0.000010
bilstm_finetuned,clean,template,13,test_lookalike_all,bongo_1253,0,0.001516
bilstm_finetuned,clean,template,13,test_lookalike_all,bongo_1260,0,0.000033
bilstm_finetuned,clean,template,13,test_lookalike_all,bongo_1262,0,0.000053
bilstm_finetuned,clean,template,13,test_lookalike_all,bongo_1278,1,0.005325
bilstm_finetuned,clean,template,13,test_lookalike_all,bongo_1285,0,0.000028
bilstm_finetuned,clean,template,13,test_lookalike_all,bongo_1293,1,0.013802
bilstm_finetuned,clean,template,13,test_lookalike_all,bongo_1316,0,0.000063
bilstm_finetuned,clean,template,13,test_lookalike_all,bongo_1327,1,0.004088
bilstm_finetuned,clean,template,13,test_lookalike_all,bongo_1330,0,0.050357
bilstm_finetuned,clean,template,13,test_lookalike_all,bongo_1359,0,0.003190
bilstm_finetuned,clean,template,13,test_lookalike_all,bongo_1375,0,0.000044
bilstm_finetuned,clean,template,13,test_structural_1,bongo_0025,1,0.999987
bilstm_finetuned,clean,template,13,test_structural_1,bongo_0029,0,0.035802
bilstm_finetuned,clean,template,13,test_structural_1,bongo_0039,1,0.999996
bilstm_finetuned,clean,template,13,test_structural_1,bongo_0047,1,0.999992
bilstm_finetuned,clean,template,13,test_structural_1,bongo_0053,0,0.000113
bilstm_finetuned,clean,template,13,test_structural_1,bongo_0055,1,0.005105
bilstm_finetuned,clean,template,13,test_structural_1,bongo_0061,1,0.999825
bilstm_finetuned,clean,template,13,test_structural_1,bongo_0097,0,0.000291
bilstm_finetuned,clean,template,13,test_structural_1,bongo_0107,0,0.000020
bilstm_finetuned,clean,template,13,test_structural_1,bongo_0110,0,0.000016
bilstm_finetuned,clean,template,13,test_structural_1,bongo_0112,1,0.026528
bilstm_finetuned,clean,template,13,test_structural_1,bongo_0115,0,0.000232
bilstm_finetuned,clean,template,13,test_structural_1,bongo_0143,0,0.000265
bilstm_finetuned,clean,template,13,test_structural_1,bongo_0146,1,0.999991
bilstm_finetuned,clean,template,13,test_structural_1,bongo_0154,1,0.999997
bilstm_finetuned,clean,template,13,test_structural_1,bongo_0159,1,0.007357
bilstm_finetuned,clean,template,13,test_structural_1,bongo_0160,0,0.000027
bilstm_finetuned,clean,template,13,test_structural_1,bongo_0172,0,0.277720
bilstm_finetuned,clean,template,13,test_structural_1,bongo_0173,1,0.012535
bilstm_finetuned,clean,template,13,test_structural_1,bongo_0175,0,0.000026
bilstm_finetuned,clean,template,13,test_structural_1,bongo_0182,0,0.000012
bilstm_finetuned,clean,template,13,test_structural_1,bongo_0195,1,0.999994
bilstm_finetuned,clean,template,13,test_structural_1,bongo_0197,0,0.000040
bilstm_finetuned,clean,template,13,test_structural_1,bongo_0201,1,0.999995
bilstm_finetuned,clean,template,13,test_structural_1,bongo_0203,1,0.999995
bilstm_finetuned,clean,template,13,test_structural_1,bongo_0250,1,0.007357
bilstm_finetuned,clean,template,13,test_structural_1,bongo_0253,0,0.000051
bilstm_finetuned,clean,template,13,test_structural_1,bongo_0255,1,0.011122
bilstm_finetuned,clean,template,13,test_structural_1,bongo_0265,1,0.012852
bilstm_finetuned,clean,template,13,test_structural_1,bongo_0271,0,0.000036
bilstm_finetuned,clean,template,13,test_structural_1,bongo_0300,0,0.000035
bilstm_finetuned,clean,template,13,test_structural_1,bongo_0306,0,0.000050
bilstm_finetuned,clean,template,13,test_structural_1,bongo_0356,1,0.025800
bilstm_finetuned,clean,template,13,test_structural_1,bongo_0360,1,0.999985
bilstm_finetuned,clean,template,13,test_structural_1,bongo_0361,1,0.999995
bilstm_finetuned,clean,template,13,test_structural_1,bongo_0363,0,0.000033
bilstm_finetuned,clean,template,13,test_structural_1,bongo_0368,0,0.000159
bilstm_finetuned,clean,template,13,test_structural_1,bongo_0372,0,0.000088
bilstm_finetuned,clean,template,13,test_structural_1,bongo_0380,1,0.010664
bilstm_finetuned,clean,template,13,test_structural_1,bongo_0389,0,0.000031
bilstm_finetuned,clean,template,13,test_structural_1,bongo_0395,0,0.000339
bilstm_finetuned,clean,template,13,test_structural_1,bongo_0405,1,0.999941
bilstm_finetuned,clean,template,13,test_structural_1,bongo_0424,1,0.999995
bilstm_finetuned,clean,template,13,test_structural_1,bongo_0427,0,0.000374
bilstm_finetuned,clean,template,13,test_structural_1,bongo_0434,1,0.007137
bilstm_finetuned,clean,template,13,test_structural_1,bongo_0463,0,0.000264
bilstm_finetuned,clean,template,13,test_structural_1,bongo_0476,1,0.999959
bilstm_finetuned,clean,template,13,test_structural_1,bongo_0510,1,0.999991
bilstm_finetuned,clean,template,13,test_structural_1,bongo_0531,0,0.000109
bilstm_finetuned,clean,template,13,test_structural_1,bongo_0542,0,0.000026
bilstm_finetuned,clean,template,13,test_structural_1,bongo_0545,0,0.000028
bilstm_finetuned,clean,template,13,test_structural_1,bongo_0560,1,0.999943
bilstm_finetuned,clean,template,13,test_structural_1,bongo_0565,1,0.063951
bilstm_finetuned,clean,template,13,test_structural_1,bongo_0566,1,0.999997
bilstm_finetuned,clean,template,13,test_structural_1,bongo_0571,0,0.000027
bilstm_finetuned,clean,template,13,test_structural_1,bongo_0577,1,0.999696
bilstm_finetuned,clean,template,13,test_structural_1,bongo_0580,1,0.999992
bilstm_finetuned,clean,template,13,test_structural_1,bongo_0621,1,0.999943
bilstm_finetuned,clean,template,13,test_structural_1,bongo_0624,1,0.999995
bilstm_finetuned,clean,template,13,test_structural_1,bongo_0630,0,0.000108
bilstm_finetuned,clean,template,13,test_structural_1,bongo_0638,1,0.999994
bilstm_finetuned,clean,template,13,test_structural_1,bongo_0648,0,0.009938
bilstm_finetuned,clean,template,13,test_structural_1,bongo_0674,0,0.000020
bilstm_finetuned,clean,template,13,test_structural_1,bongo_0685,0,0.004694
bilstm_finetuned,clean,template,13,test_structural_1,bongo_0697,1,0.063951
bilstm_finetuned,clean,template,13,test_structural_1,bongo_0701,0,0.000028
bilstm_finetuned,clean,template,13,test_structural_1,bongo_0706,1,0.025763
bilstm_finetuned,clean,template,13,test_structural_1,bongo_0719,1,0.010914
bilstm_finetuned,clean,template,13,test_structural_1,bongo_0721,1,0.999995
bilstm_finetuned,clean,template,13,test_structural_1,bongo_0724,1,0.066054
bilstm_finetuned,clean,template,13,test_structural_1,bongo_0729,1,0.999991
bilstm_finetuned,clean,template,13,test_structural_1,bongo_0741,0,0.000029
bilstm_finetuned,clean,template,13,test_structural_1,bongo_0749,1,0.019063
bilstm_finetuned,clean,template,13,test_structural_1,bongo_0769,1,0.999998
bilstm_finetuned,clean,template,13,test_structural_1,bongo_0770,1,0.007137
bilstm_finetuned,clean,template,13,test_structural_1,bongo_0778,1,0.018521
bilstm_finetuned,clean,template,13,test_structural_1,bongo_0787,1,0.999985
bilstm_finetuned,clean,template,13,test_structural_1,bongo_0795,0,0.000439
bilstm_finetuned,clean,template,13,test_structural_1,bongo_0806,1,0.066257
bilstm_finetuned,clean,template,13,test_structural_1,bongo_0807,1,0.999996
bilstm_finetuned,clean,template,13,test_structural_1,bongo_0818,0,0.002821
bilstm_finetuned,clean,template,13,test_structural_1,bongo_0819,0,0.000108
bilstm_finetuned,clean,template,13,test_structural_1,bongo_0835,0,0.000026
bilstm_finetuned,clean,template,13,test_structural_1,bongo_0840,1,0.999985
bilstm_finetuned,clean,template,13,test_structural_1,bongo_0855,1,0.054690
bilstm_finetuned,clean,template,13,test_structural_1,bongo_0856,0,0.000056
bilstm_finetuned,clean,template,13,test_structural_1,bongo_0864,1,0.999998
bilstm_finetuned,clean,template,13,test_structural_1,bongo_0871,1,0.999985
bilstm_finetuned,clean,template,13,test_structural_1,bongo_0872,0,0.001564
bilstm_finetuned,clean,template,13,test_structural_1,bongo_0904,0,0.000228
bilstm_finetuned,clean,template,13,test_structural_1,bongo_0905,1,0.999998
bilstm_finetuned,clean,template,13,test_structural_1,bongo_0909,1,0.999944
bilstm_finetuned,clean,template,13,test_structural_1,bongo_0917,1,0.004985
bilstm_finetuned,clean,template,13,test_structural_1,bongo_0918,1,0.999806
bilstm_finetuned,clean,template,13,test_structural_1,bongo_0950,0,0.000026
bilstm_finetuned,clean,template,13,test_structural_1,bongo_0955,1,0.999997
bilstm_finetuned,clean,template,13,test_structural_1,bongo_0956,0,0.000026
bilstm_finetuned,clean,template,13,test_structural_1,bongo_0971,0,0.000032
bilstm_finetuned,clean,template,13,test_structural_1,bongo_0983,0,0.000073
bilstm_finetuned,clean,template,13,test_structural_1,bongo_0989,1,0.999994
bilstm_finetuned,clean,template,13,test_structural_1,bongo_0994,0,0.000127
bilstm_finetuned,clean,template,13,test_structural_1,bongo_1003,1,0.999942
bilstm_finetuned,clean,template,13,test_structural_1,bongo_1006,0,0.000036
bilstm_finetuned,clean,template,13,test_structural_1,bongo_1012,1,0.015822
bilstm_finetuned,clean,template,13,test_structural_1,bongo_1015,0,0.000014
bilstm_finetuned,clean,template,13,test_structural_1,bongo_1022,1,0.010601
bilstm_finetuned,clean,template,13,test_structural_1,bongo_1037,0,0.000044
bilstm_finetuned,clean,template,13,test_structural_1,bongo_1040,0,0.000040
bilstm_finetuned,clean,template,13,test_structural_1,bongo_1042,1,0.999664
bilstm_finetuned,clean,template,13,test_structural_1,bongo_1047,1,0.999998
bilstm_finetuned,clean,template,13,test_structural_1,bongo_1050,0,0.000028
bilstm_finetuned,clean,template,13,test_structural_1,bongo_1052,1,0.999996
bilstm_finetuned,clean,template,13,test_structural_1,bongo_1059,0,0.000024
bilstm_finetuned,clean,template,13,test_structural_1,bongo_1071,0,0.000033
bilstm_finetuned,clean,template,13,test_structural_1,bongo_1090,0,0.000019
bilstm_finetuned,clean,template,13,test_structural_1,bongo_1104,1,0.999994
bilstm_finetuned,clean,template,13,test_structural_1,bongo_1115,0,0.000009
bilstm_finetuned,clean,template,13,test_structural_1,bongo_1123,0,0.000030
bilstm_finetuned,clean,template,13,test_structural_1,bongo_1125,0,0.002881
bilstm_finetuned,clean,template,13,test_structural_1,bongo_1127,1,0.012081
bilstm_finetuned,clean,template,13,test_structural_1,bongo_1131,1,0.999995
bilstm_finetuned,clean,template,13,test_structural_1,bongo_1134,1,0.026649
bilstm_finetuned,clean,template,13,test_structural_1,bongo_1135,0,0.004074
bilstm_finetuned,clean,template,13,test_structural_1,bongo_1136,1,0.999997
bilstm_finetuned,clean,template,13,test_structural_1,bongo_1138,1,0.999998
bilstm_finetuned,clean,template,13,test_structural_1,bongo_1140,1,0.999922
bilstm_finetuned,clean,template,13,test_structural_1,bongo_1154,1,0.999993
bilstm_finetuned,clean,template,13,test_structural_1,bongo_1155,0,0.000029
bilstm_finetuned,clean,template,13,test_structural_1,bongo_1171,1,0.999994
bilstm_finetuned,clean,template,13,test_structural_1,bongo_1181,1,0.999834
bilstm_finetuned,clean,template,13,test_structural_1,bongo_1185,1,0.008552
bilstm_finetuned,clean,template,13,test_structural_1,bongo_1194,0,0.000523
bilstm_finetuned,clean,template,13,test_structural_1,bongo_1195,1,0.054629
bilstm_finetuned,clean,template,13,test_structural_1,bongo_1198,0,0.000074
bilstm_finetuned,clean,template,13,test_structural_1,bongo_1204,1,0.007150
bilstm_finetuned,clean,template,13,test_structural_1,bongo_1220,1,0.999996
bilstm_finetuned,clean,template,13,test_structural_1,bongo_1233,1,0.999997
bilstm_finetuned,clean,template,13,test_structural_1,bongo_1236,0,0.000046
bilstm_finetuned,clean,template,13,test_structural_1,bongo_1240,1,0.010932
bilstm_finetuned,clean,template,13,test_structural_1,bongo_1244,0,0.000028
bilstm_finetuned,clean,template,13,test_structural_1,bongo_1249,0,0.000010
bilstm_finetuned,clean,template,13,test_structural_1,bongo_1253,0,0.001516
bilstm_finetuned,clean,template,13,test_structural_1,bongo_1260,0,0.000033
bilstm_finetuned,clean,template,13,test_structural_1,bongo_1262,0,0.000053
bilstm_finetuned,clean,template,13,test_structural_1,bongo_1278,1,0.018956
bilstm_finetuned,clean,template,13,test_structural_1,bongo_1285,0,0.000028
bilstm_finetuned,clean,template,13,test_structural_1,bongo_1293,1,0.999994
bilstm_finetuned,clean,template,13,test_structural_1,bongo_1316,0,0.000063
bilstm_finetuned,clean,template,13,test_structural_1,bongo_1327,1,0.007462
bilstm_finetuned,clean,template,13,test_structural_1,bongo_1330,0,0.050357
bilstm_finetuned,clean,template,13,test_structural_1,bongo_1359,0,0.003190
bilstm_finetuned,clean,template,13,test_structural_1,bongo_1375,0,0.000044
bilstm_finetuned,clean,template,13,test_structural_3,bongo_0025,1,0.999989
bilstm_finetuned,clean,template,13,test_structural_3,bongo_0029,0,0.035802
bilstm_finetuned,clean,template,13,test_structural_3,bongo_0039,1,0.999998
bilstm_finetuned,clean,template,13,test_structural_3,bongo_0047,1,0.999992
bilstm_finetuned,clean,template,13,test_structural_3,bongo_0053,0,0.000113
bilstm_finetuned,clean,template,13,test_structural_3,bongo_0055,1,0.008648
bilstm_finetuned,clean,template,13,test_structural_3,bongo_0061,1,0.999641
bilstm_finetuned,clean,template,13,test_structural_3,bongo_0097,0,0.000291
bilstm_finetuned,clean,template,13,test_structural_3,bongo_0107,0,0.000020
bilstm_finetuned,clean,template,13,test_structural_3,bongo_0110,0,0.000016
bilstm_finetuned,clean,template,13,test_structural_3,bongo_0112,1,0.029522
bilstm_finetuned,clean,template,13,test_structural_3,bongo_0115,0,0.000232
bilstm_finetuned,clean,template,13,test_structural_3,bongo_0143,0,0.000265
bilstm_finetuned,clean,template,13,test_structural_3,bongo_0146,1,0.999981
bilstm_finetuned,clean,template,13,test_structural_3,bongo_0154,1,0.999914
bilstm_finetuned,clean,template,13,test_structural_3,bongo_0159,1,0.008730
bilstm_finetuned,clean,template,13,test_structural_3,bongo_0160,0,0.000027
bilstm_finetuned,clean,template,13,test_structural_3,bongo_0172,0,0.277720
bilstm_finetuned,clean,template,13,test_structural_3,bongo_0173,1,0.020819
bilstm_finetuned,clean,template,13,test_structural_3,bongo_0175,0,0.000026
bilstm_finetuned,clean,template,13,test_structural_3,bongo_0182,0,0.000012
bilstm_finetuned,clean,template,13,test_structural_3,bongo_0195,1,0.999904
bilstm_finetuned,clean,template,13,test_structural_3,bongo_0197,0,0.000040
bilstm_finetuned,clean,template,13,test_structural_3,bongo_0201,1,0.999997
bilstm_finetuned,clean,template,13,test_structural_3,bongo_0203,1,0.999996
bilstm_finetuned,clean,template,13,test_structural_3,bongo_0250,1,0.008762
bilstm_finetuned,clean,template,13,test_structural_3,bongo_0253,0,0.000051
bilstm_finetuned,clean,template,13,test_structural_3,bongo_0255,1,0.018463
bilstm_finetuned,clean,template,13,test_structural_3,bongo_0265,1,0.026172
bilstm_finetuned,clean,template,13,test_structural_3,bongo_0271,0,0.000036
bilstm_finetuned,clean,template,13,test_structural_3,bongo_0300,0,0.000035
bilstm_finetuned,clean,template,13,test_structural_3,bongo_0306,0,0.000050
bilstm_finetuned,clean,template,13,test_structural_3,bongo_0356,1,0.030175
bilstm_finetuned,clean,template,13,test_structural_3,bongo_0360,1,0.999988
bilstm_finetuned,clean,template,13,test_structural_3,bongo_0361,1,0.999996
bilstm_finetuned,clean,template,13,test_structural_3,bongo_0363,0,0.000033
bilstm_finetuned,clean,template,13,test_structural_3,bongo_0368,0,0.000159
bilstm_finetuned,clean,template,13,test_structural_3,bongo_0372,0,0.000088
bilstm_finetuned,clean,template,13,test_structural_3,bongo_0380,1,0.009229
bilstm_finetuned,clean,template,13,test_structural_3,bongo_0389,0,0.000031
bilstm_finetuned,clean,template,13,test_structural_3,bongo_0395,0,0.000339
bilstm_finetuned,clean,template,13,test_structural_3,bongo_0405,1,0.999977
bilstm_finetuned,clean,template,13,test_structural_3,bongo_0424,1,0.999995
bilstm_finetuned,clean,template,13,test_structural_3,bongo_0427,0,0.000374
bilstm_finetuned,clean,template,13,test_structural_3,bongo_0434,1,0.008561
bilstm_finetuned,clean,template,13,test_structural_3,bongo_0463,0,0.000264
bilstm_finetuned,clean,template,13,test_structural_3,bongo_0476,1,0.999995
bilstm_finetuned,clean,template,13,test_structural_3,bongo_0510,1,0.999997
bilstm_finetuned,clean,template,13,test_structural_3,bongo_0531,0,0.000109
bilstm_finetuned,clean,template,13,test_structural_3,bongo_0542,0,0.000026
bilstm_finetuned,clean,template,13,test_structural_3,bongo_0545,0,0.000028
bilstm_finetuned,clean,template,13,test_structural_3,bongo_0560,1,0.999843
bilstm_finetuned,clean,template,13,test_structural_3,bongo_0565,1,0.065956
bilstm_finetuned,clean,template,13,test_structural_3,bongo_0566,1,0.999997
bilstm_finetuned,clean,template,13,test_structural_3,bongo_0571,0,0.000027
bilstm_finetuned,clean,template,13,test_structural_3,bongo_0577,1,0.999933
bilstm_finetuned,clean,template,13,test_structural_3,bongo_0580,1,0.999980
bilstm_finetuned,clean,template,13,test_structural_3,bongo_0621,1,0.999965
bilstm_finetuned,clean,template,13,test_structural_3,bongo_0624,1,0.999990
bilstm_finetuned,clean,template,13,test_structural_3,bongo_0630,0,0.000108
bilstm_finetuned,clean,template,13,test_structural_3,bongo_0638,1,0.999994
bilstm_finetuned,clean,template,13,test_structural_3,bongo_0648,0,0.009938
bilstm_finetuned,clean,template,13,test_structural_3,bongo_0674,0,0.000020
bilstm_finetuned,clean,template,13,test_structural_3,bongo_0685,0,0.004694
bilstm_finetuned,clean,template,13,test_structural_3,bongo_0697,1,0.064899
bilstm_finetuned,clean,template,13,test_structural_3,bongo_0701,0,0.000028
bilstm_finetuned,clean,template,13,test_structural_3,bongo_0706,1,0.028507
bilstm_finetuned,clean,template,13,test_structural_3,bongo_0719,1,0.012680
bilstm_finetuned,clean,template,13,test_structural_3,bongo_0721,1,0.999995
bilstm_finetuned,clean,template,13,test_structural_3,bongo_0724,1,0.068473
bilstm_finetuned,clean,template,13,test_structural_3,bongo_0729,1,0.999993
bilstm_finetuned,clean,template,13,test_structural_3,bongo_0741,0,0.000029
bilstm_finetuned,clean,template,13,test_structural_3,bongo_0749,1,0.016645
bilstm_finetuned,clean,template,13,test_structural_3,bongo_0769,1,0.999997
bilstm_finetuned,clean,template,13,test_structural_3,bongo_0770,1,0.008728
bilstm_finetuned,clean,template,13,test_structural_3,bongo_0778,1,0.017030
bilstm_finetuned,clean,template,13,test_structural_3,bongo_0787,1,0.999987
bilstm_finetuned,clean,template,13,test_structural_3,bongo_0795,0,0.000439
bilstm_finetuned,clean,template,13,test_structural_3,bongo_0806,1,0.074028
bilstm_finetuned,clean,template,13,test_structural_3,bongo_0807,1,0.999996
bilstm_finetuned,clean,template,13,test_structural_3,bongo_0818,0,0.002821
bilstm_finetuned,clean,template,13,test_structural_3,bongo_0819,0,0.000108
bilstm_finetuned,clean,template,13,test_structural_3,bongo_0835,0,0.000026
bilstm_finetuned,clean,template,13,test_structural_3,bongo_0840,1,0.999987
bilstm_finetuned,clean,template,13,test_structural_3,bongo_0855,1,0.065592
bilstm_finetuned,clean,template,13,test_structural_3,bongo_0856,0,0.000056
bilstm_finetuned,clean,template,13,test_structural_3,bongo_0864,1,0.999998
bilstm_finetuned,clean,template,13,test_structural_3,bongo_0871,1,0.999996
bilstm_finetuned,clean,template,13,test_structural_3,bongo_0872,0,0.001564
bilstm_finetuned,clean,template,13,test_structural_3,bongo_0904,0,0.000228
bilstm_finetuned,clean,template,13,test_structural_3,bongo_0905,1,0.999997
bilstm_finetuned,clean,template,13,test_structural_3,bongo_0909,1,0.999964
bilstm_finetuned,clean,template,13,test_structural_3,bongo_0917,1,0.008946
bilstm_finetuned,clean,template,13,test_structural_3,bongo_0918,1,0.999974
bilstm_finetuned,clean,template,13,test_structural_3,bongo_0950,0,0.000026
bilstm_finetuned,clean,template,13,test_structural_3,bongo_0955,1,0.999987
bilstm_finetuned,clean,template,13,test_structural_3,bongo_0956,0,0.000026
bilstm_finetuned,clean,template,13,test_structural_3,bongo_0971,0,0.000032
bilstm_finetuned,clean,template,13,test_structural_3,bongo_0983,0,0.000073
bilstm_finetuned,clean,template,13,test_structural_3,bongo_0989,1,0.999996
bilstm_finetuned,clean,template,13,test_structural_3,bongo_0994,0,0.000127
bilstm_finetuned,clean,template,13,test_structural_3,bongo_1003,1,0.999998
bilstm_finetuned,clean,template,13,test_structural_3,bongo_1006,0,0.000036
bilstm_finetuned,clean,template,13,test_structural_3,bongo_1012,1,0.021384
bilstm_finetuned,clean,template,13,test_structural_3,bongo_1015,0,0.000014
bilstm_finetuned,clean,template,13,test_structural_3,bongo_1022,1,0.012626
bilstm_finetuned,clean,template,13,test_structural_3,bongo_1037,0,0.000044
bilstm_finetuned,clean,template,13,test_structural_3,bongo_1040,0,0.000040
bilstm_finetuned,clean,template,13,test_structural_3,bongo_1042,1,0.999995
bilstm_finetuned,clean,template,13,test_structural_3,bongo_1047,1,0.999998
bilstm_finetuned,clean,template,13,test_structural_3,bongo_1050,0,0.000028
bilstm_finetuned,clean,template,13,test_structural_3,bongo_1052,1,0.999997
bilstm_finetuned,clean,template,13,test_structural_3,bongo_1059,0,0.000024
bilstm_finetuned,clean,template,13,test_structural_3,bongo_1071,0,0.000033
bilstm_finetuned,clean,template,13,test_structural_3,bongo_1090,0,0.000019
bilstm_finetuned,clean,template,13,test_structural_3,bongo_1104,1,0.999997
bilstm_finetuned,clean,template,13,test_structural_3,bongo_1115,0,0.000009
bilstm_finetuned,clean,template,13,test_structural_3,bongo_1123,0,0.000030
bilstm_finetuned,clean,template,13,test_structural_3,bongo_1125,0,0.002881
bilstm_finetuned,clean,template,13,test_structural_3,bongo_1127,1,0.019480
bilstm_finetuned,clean,template,13,test_structural_3,bongo_1131,1,0.999835
bilstm_finetuned,clean,template,13,test_structural_3,bongo_1134,1,0.044412
bilstm_finetuned,clean,template,13,test_structural_3,bongo_1135,0,0.004074
bilstm_finetuned,clean,template,13,test_structural_3,bongo_1136,1,0.999997
bilstm_finetuned,clean,template,13,test_structural_3,bongo_1138,1,0.999996
bilstm_finetuned,clean,template,13,test_structural_3,bongo_1140,1,0.999956
bilstm_finetuned,clean,template,13,test_structural_3,bongo_1154,1,0.999991
bilstm_finetuned,clean,template,13,test_structural_3,bongo_1155,0,0.000029
bilstm_finetuned,clean,template,13,test_structural_3,bongo_1171,1,0.999997
bilstm_finetuned,clean,template,13,test_structural_3,bongo_1181,1,0.655961
bilstm_finetuned,clean,template,13,test_structural_3,bongo_1185,1,0.015803
bilstm_finetuned,clean,template,13,test_structural_3,bongo_1194,0,0.000523
bilstm_finetuned,clean,template,13,test_structural_3,bongo_1195,1,0.066298
bilstm_finetuned,clean,template,13,test_structural_3,bongo_1198,0,0.000074
bilstm_finetuned,clean,template,13,test_structural_3,bongo_1204,1,0.008290
bilstm_finetuned,clean,template,13,test_structural_3,bongo_1220,1,0.999998
bilstm_finetuned,clean,template,13,test_structural_3,bongo_1233,1,0.999997
bilstm_finetuned,clean,template,13,test_structural_3,bongo_1236,0,0.000046
bilstm_finetuned,clean,template,13,test_structural_3,bongo_1240,1,0.018194
bilstm_finetuned,clean,template,13,test_structural_3,bongo_1244,0,0.000028
bilstm_finetuned,clean,template,13,test_structural_3,bongo_1249,0,0.000010
bilstm_finetuned,clean,template,13,test_structural_3,bongo_1253,0,0.001516
bilstm_finetuned,clean,template,13,test_structural_3,bongo_1260,0,0.000033
bilstm_finetuned,clean,template,13,test_structural_3,bongo_1262,0,0.000053
bilstm_finetuned,clean,template,13,test_structural_3,bongo_1278,1,0.032435
bilstm_finetuned,clean,template,13,test_structural_3,bongo_1285,0,0.000028
bilstm_finetuned,clean,template,13,test_structural_3,bongo_1293,1,0.999994
bilstm_finetuned,clean,template,13,test_structural_3,bongo_1316,0,0.000063
bilstm_finetuned,clean,template,13,test_structural_3,bongo_1327,1,0.011101
bilstm_finetuned,clean,template,13,test_structural_3,bongo_1330,0,0.050357
bilstm_finetuned,clean,template,13,test_structural_3,bongo_1359,0,0.003190
bilstm_finetuned,clean,template,13,test_structural_3,bongo_1375,0,0.000044
bilstm_finetuned,clean,template,13,test_structural_all,bongo_0025,1,0.999997
bilstm_finetuned,clean,template,13,test_structural_all,bongo_0029,0,0.035802
bilstm_finetuned,clean,template,13,test_structural_all,bongo_0039,1,0.999998
bilstm_finetuned,clean,template,13,test_structural_all,bongo_0047,1,0.999997
bilstm_finetuned,clean,template,13,test_structural_all,bongo_0053,0,0.000113
bilstm_finetuned,clean,template,13,test_structural_all,bongo_0055,1,0.536419
bilstm_finetuned,clean,template,13,test_structural_all,bongo_0061,1,0.999838
bilstm_finetuned,clean,template,13,test_structural_all,bongo_0097,0,0.000291
bilstm_finetuned,clean,template,13,test_structural_all,bongo_0107,0,0.000020
bilstm_finetuned,clean,template,13,test_structural_all,bongo_0110,0,0.000016
bilstm_finetuned,clean,template,13,test_structural_all,bongo_0112,1,0.491330
bilstm_finetuned,clean,template,13,test_structural_all,bongo_0115,0,0.000232
bilstm_finetuned,clean,template,13,test_structural_all,bongo_0143,0,0.000265
bilstm_finetuned,clean,template,13,test_structural_all,bongo_0146,1,0.999991
bilstm_finetuned,clean,template,13,test_structural_all,bongo_0154,1,0.999997
bilstm_finetuned,clean,template,13,test_structural_all,bongo_0159,1,0.539467
bilstm_finetuned,clean,template,13,test_structural_all,bongo_0160,0,0.000027
bilstm_finetuned,clean,template,13,test_structural_all,bongo_0172,0,0.277720
bilstm_finetuned,clean,template,13,test_structural_all,bongo_0173,1,0.191564
bilstm_finetuned,clean,template,13,test_structural_all,bongo_0175,0,0.000026
bilstm_finetuned,clean,template,13,test_structural_all,bongo_0182,0,0.000012
bilstm_finetuned,clean,template,13,test_structural_all,bongo_0195,1,0.999996
bilstm_finetuned,clean,template,13,test_structural_all,bongo_0197,0,0.000040
bilstm_finetuned,clean,template,13,test_structural_all,bongo_0201,1,0.999998
bilstm_finetuned,clean,template,13,test_structural_all,bongo_0203,1,0.999996
bilstm_finetuned,clean,template,13,test_structural_all,bongo_0250,1,0.479245
bilstm_finetuned,clean,template,13,test_structural_all,bongo_0253,0,0.000051
bilstm_finetuned,clean,template,13,test_structural_all,bongo_0255,1,0.493756
bilstm_finetuned,clean,template,13,test_structural_all,bongo_0265,1,0.182291
bilstm_finetuned,clean,template,13,test_structural_all,bongo_0271,0,0.000036
bilstm_finetuned,clean,template,13,test_structural_all,bongo_0300,0,0.000035
bilstm_finetuned,clean,template,13,test_structural_all,bongo_0306,0,0.000050
bilstm_finetuned,clean,template,13,test_structural_all,bongo_0356,1,0.487967
bilstm_finetuned,clean,template,13,test_structural_all,bongo_0360,1,0.999988
bilstm_finetuned,clean,template,13,test_structural_all,bongo_0361,1,0.999995
bilstm_finetuned,clean,template,13,test_structural_all,bongo_0363,0,0.000033
bilstm_finetuned,clean,template,13,test_structural_all,bongo_0368,0,0.000159
bilstm_finetuned,clean,template,13,test_structural_all,bongo_0372,0,0.000088
bilstm_finetuned,clean,template,13,test_structural_all,bongo_0380,1,0.498642
bilstm_finetuned,clean,template,13,test_structural_all,bongo_0389,0,0.000031
bilstm_finetuned,clean,template,13,test_structural_all,bongo_0395,0,0.000339
bilstm_finetuned,clean,template,13,test_structural_all,bongo_0405,1,0.999979
bilstm_finetuned,clean,template,13,test_structural_all,bongo_0424,1,0.999998
bilstm_finetuned,clean,template,13,test_structural_all,bongo_0427,0,0.000374
bilstm_finetuned,clean,template,13,test_structural_all,bongo_0434,1,0.500869
bilstm_finetuned,clean,template,13,test_structural_all,bongo_0463,0,0.000264
bilstm_finetuned,clean,template,13,test_structural_all,bongo_0476,1,0.999996
bilstm_finetuned,clean,template,13,test_structural_all,bongo_0510,1,0.999998
bilstm_finetuned,clean,template,13,test_structural_all,bongo_0531,0,0.000109
bilstm_finetuned,clean,template,13,test_structural_all,bongo_0542,0,0.000026
bilstm_finetuned,clean,template,13,test_structural_all,bongo_0545,0,0.000028
bilstm_finetuned,clean,template,13,test_structural_all,bongo_0560,1,0.999994
bilstm_finetuned,clean,template,13,test_structural_all,bongo_0565,1,0.008753
bilstm_finetuned,clean,template,13,test_structural_all,bongo_0566,1,0.999997
bilstm_finetuned,clean,template,13,test_structural_all,bongo_0571,0,0.000027
bilstm_finetuned,clean,template,13,test_structural_all,bongo_0577,1,0.999993
bilstm_finetuned,clean,template,13,test_structural_all,bongo_0580,1,0.999987
bilstm_finetuned,clean,template,13,test_structural_all,bongo_0621,1,0.999991
bilstm_finetuned,clean,template,13,test_structural_all,bongo_0624,1,0.999976
bilstm_finetuned,clean,template,13,test_structural_all,bongo_0630,0,0.000108
bilstm_finetuned,clean,template,13,test_structural_all,bongo_0638,1,0.999982
bilstm_finetuned,clean,template,13,test_structural_all,bongo_0648,0,0.009938
bilstm_finetuned,clean,template,13,test_structural_all,bongo_0674,0,0.000020
bilstm_finetuned,clean,template,13,test_structural_all,bongo_0685,0,0.004694
bilstm_finetuned,clean,template,13,test_structural_all,bongo_0697,1,0.007276
bilstm_finetuned,clean,template,13,test_structural_all,bongo_0701,0,0.000028
bilstm_finetuned,clean,template,13,test_structural_all,bongo_0706,1,0.006245
bilstm_finetuned,clean,template,13,test_structural_all,bongo_0719,1,0.478580
bilstm_finetuned,clean,template,13,test_structural_all,bongo_0721,1,0.714335
bilstm_finetuned,clean,template,13,test_structural_all,bongo_0724,1,0.487176
bilstm_finetuned,clean,template,13,test_structural_all,bongo_0729,1,0.999995
bilstm_finetuned,clean,template,13,test_structural_all,bongo_0741,0,0.000029
bilstm_finetuned,clean,template,13,test_structural_all,bongo_0749,1,0.487161
bilstm_finetuned,clean,template,13,test_structural_all,bongo_0769,1,0.999997
bilstm_finetuned,clean,template,13,test_structural_all,bongo_0770,1,0.485262
bilstm_finetuned,clean,template,13,test_structural_all,bongo_0778,1,0.617868
bilstm_finetuned,clean,template,13,test_structural_all,bongo_0787,1,0.999994
bilstm_finetuned,clean,template,13,test_structural_all,bongo_0795,0,0.000439
bilstm_finetuned,clean,template,13,test_structural_all,bongo_0806,1,0.999634
bilstm_finetuned,clean,template,13,test_structural_all,bongo_0807,1,0.999997
bilstm_finetuned,clean,template,13,test_structural_all,bongo_0818,0,0.002821
bilstm_finetuned,clean,template,13,test_structural_all,bongo_0819,0,0.000108
bilstm_finetuned,clean,template,13,test_structural_all,bongo_0835,0,0.000026
bilstm_finetuned,clean,template,13,test_structural_all,bongo_0840,1,0.476138
bilstm_finetuned,clean,template,13,test_structural_all,bongo_0855,1,0.015742
bilstm_finetuned,clean,template,13,test_structural_all,bongo_0856,0,0.000056
bilstm_finetuned,clean,template,13,test_structural_all,bongo_0864,1,0.999997
bilstm_finetuned,clean,template,13,test_structural_all,bongo_0871,1,0.999997
bilstm_finetuned,clean,template,13,test_structural_all,bongo_0872,0,0.001564
bilstm_finetuned,clean,template,13,test_structural_all,bongo_0904,0,0.000228
bilstm_finetuned,clean,template,13,test_structural_all,bongo_0905,1,0.999997
bilstm_finetuned,clean,template,13,test_structural_all,bongo_0909,1,0.999994
bilstm_finetuned,clean,template,13,test_structural_all,bongo_0917,1,0.546024
bilstm_finetuned,clean,template,13,test_structural_all,bongo_0918,1,0.999994
bilstm_finetuned,clean,template,13,test_structural_all,bongo_0950,0,0.000026
bilstm_finetuned,clean,template,13,test_structural_all,bongo_0955,1,0.999997
bilstm_finetuned,clean,template,13,test_structural_all,bongo_0956,0,0.000026
bilstm_finetuned,clean,template,13,test_structural_all,bongo_0971,0,0.000032
bilstm_finetuned,clean,template,13,test_structural_all,bongo_0983,0,0.000073
bilstm_finetuned,clean,template,13,test_structural_all,bongo_0989,1,0.999997
bilstm_finetuned,clean,template,13,test_structural_all,bongo_0994,0,0.000127
bilstm_finetuned,clean,template,13,test_structural_all,bongo_1003,1,0.999993
bilstm_finetuned,clean,template,13,test_structural_all,bongo_1006,0,0.000036
bilstm_finetuned,clean,template,13,test_structural_all,bongo_1012,1,0.999984
bilstm_finetuned,clean,template,13,test_structural_all,bongo_1015,0,0.000014
bilstm_finetuned,clean,template,13,test_structural_all,bongo_1022,1,0.999997
bilstm_finetuned,clean,template,13,test_structural_all,bongo_1037,0,0.000044
bilstm_finetuned,clean,template,13,test_structural_all,bongo_1040,0,0.000040
bilstm_finetuned,clean,template,13,test_structural_all,bongo_1042,1,0.999996
bilstm_finetuned,clean,template,13,test_structural_all,bongo_1047,1,0.999987
bilstm_finetuned,clean,template,13,test_structural_all,bongo_1050,0,0.000028
bilstm_finetuned,clean,template,13,test_structural_all,bongo_1052,1,0.999997
bilstm_finetuned,clean,template,13,test_structural_all,bongo_1059,0,0.000024
bilstm_finetuned,clean,template,13,test_structural_all,bongo_1071,0,0.000033
bilstm_finetuned,clean,template,13,test_structural_all,bongo_1090,0,0.000019
bilstm_finetuned,clean,template,13,test_structural_all,bongo_1104,1,0.999997
bilstm_finetuned,clean,template,13,test_structural_all,bongo_1115,0,0.000009
bilstm_finetuned,clean,template,13,test_structural_all,bongo_1123,0,0.000030
bilstm_finetuned,clean,template,13,test_structural_all,bongo_1125,0,0.002881
bilstm_finetuned,clean,template,13,test_structural_all,bongo_1127,1,0.162123
bilstm_finetuned,clean,template,13,test_structural_all,bongo_1131,1,0.999997
bilstm_finetuned,clean,template,13,test_structural_all,bongo_1134,1,0.545989
bilstm_finetuned,clean,template,13,test_structural_all,bongo_1135,0,0.004074
bilstm_finetuned,clean,template,13,test_structural_all,bongo_1136,1,0.999985
bilstm_finetuned,clean,template,13,test_structural_all,bongo_1138,1,0.999997
bilstm_finetuned,clean,template,13,test_structural_all,bongo_1140,1,0.999993
bilstm_finetuned,clean,template,13,test_structural_all,bongo_1154,1,0.999994
bilstm_finetuned,clean,template,13,test_structural_all,bongo_1155,0,0.000029
bilstm_finetuned,clean,template,13,test_structural_all,bongo_1171,1,0.999997
bilstm_finetuned,clean,template,13,test_structural_all,bongo_1181,1,0.999994
bilstm_finetuned,clean,template,13,test_structural_all,bongo_1185,1,0.006951
bilstm_finetuned,clean,template,13,test_structural_all,bongo_1194,0,0.000523
bilstm_finetuned,clean,template,13,test_structural_all,bongo_1195,1,0.005834
bilstm_finetuned,clean,template,13,test_structural_all,bongo_1198,0,0.000074
bilstm_finetuned,clean,template,13,test_structural_all,bongo_1204,1,0.999997
bilstm_finetuned,clean,template,13,test_structural_all,bongo_1220,1,0.999997
bilstm_finetuned,clean,template,13,test_structural_all,bongo_1233,1,0.999990
bilstm_finetuned,clean,template,13,test_structural_all,bongo_1236,0,0.000046
bilstm_finetuned,clean,template,13,test_structural_all,bongo_1240,1,0.479923
bilstm_finetuned,clean,template,13,test_structural_all,bongo_1244,0,0.000028
bilstm_finetuned,clean,template,13,test_structural_all,bongo_1249,0,0.000010
bilstm_finetuned,clean,template,13,test_structural_all,bongo_1253,0,0.001516
bilstm_finetuned,clean,template,13,test_structural_all,bongo_1260,0,0.000033
bilstm_finetuned,clean,template,13,test_structural_all,bongo_1262,0,0.000053
bilstm_finetuned,clean,template,13,test_structural_all,bongo_1278,1,0.005808
bilstm_finetuned,clean,template,13,test_structural_all,bongo_1285,0,0.000028
bilstm_finetuned,clean,template,13,test_structural_all,bongo_1293,1,0.999952
bilstm_finetuned,clean,template,13,test_structural_all,bongo_1316,0,0.000063
bilstm_finetuned,clean,template,13,test_structural_all,bongo_1327,1,0.999997
bilstm_finetuned,clean,template,13,test_structural_all,bongo_1330,0,0.050357
bilstm_finetuned,clean,template,13,test_structural_all,bongo_1359,0,0.003190
bilstm_finetuned,clean,template,13,test_structural_all,bongo_1375,0,0.000044
bilstm_finetuned,clean,template,13,test_codeswitch_1,bongo_0025,1,0.999988
bilstm_finetuned,clean,template,13,test_codeswitch_1,bongo_0029,0,0.035802
bilstm_finetuned,clean,template,13,test_codeswitch_1,bongo_0039,1,0.997389
bilstm_finetuned,clean,template,13,test_codeswitch_1,bongo_0047,1,0.999992
bilstm_finetuned,clean,template,13,test_codeswitch_1,bongo_0053,0,0.000113
bilstm_finetuned,clean,template,13,test_codeswitch_1,bongo_0055,1,0.005240
bilstm_finetuned,clean,template,13,test_codeswitch_1,bongo_0061,1,0.999337
bilstm_finetuned,clean,template,13,test_codeswitch_1,bongo_0097,0,0.000291
bilstm_finetuned,clean,template,13,test_codeswitch_1,bongo_0107,0,0.000020
bilstm_finetuned,clean,template,13,test_codeswitch_1,bongo_0110,0,0.000016
bilstm_finetuned,clean,template,13,test_codeswitch_1,bongo_0112,1,0.022563
bilstm_finetuned,clean,template,13,test_codeswitch_1,bongo_0115,0,0.000232
bilstm_finetuned,clean,template,13,test_codeswitch_1,bongo_0143,0,0.000265
bilstm_finetuned,clean,template,13,test_codeswitch_1,bongo_0146,1,0.999984
bilstm_finetuned,clean,template,13,test_codeswitch_1,bongo_0154,1,0.999990
bilstm_finetuned,clean,template,13,test_codeswitch_1,bongo_0159,1,0.005239
bilstm_finetuned,clean,template,13,test_codeswitch_1,bongo_0160,0,0.000027
bilstm_finetuned,clean,template,13,test_codeswitch_1,bongo_0172,0,0.277720
bilstm_finetuned,clean,template,13,test_codeswitch_1,bongo_0173,1,0.010668
bilstm_finetuned,clean,template,13,test_codeswitch_1,bongo_0175,0,0.000026
bilstm_finetuned,clean,template,13,test_codeswitch_1,bongo_0182,0,0.000012
bilstm_finetuned,clean,template,13,test_codeswitch_1,bongo_0195,1,0.991584
bilstm_finetuned,clean,template,13,test_codeswitch_1,bongo_0197,0,0.000040
bilstm_finetuned,clean,template,13,test_codeswitch_1,bongo_0201,1,0.999991
bilstm_finetuned,clean,template,13,test_codeswitch_1,bongo_0203,1,0.999995
bilstm_finetuned,clean,template,13,test_codeswitch_1,bongo_0250,1,0.005239
bilstm_finetuned,clean,template,13,test_codeswitch_1,bongo_0253,0,0.000051
bilstm_finetuned,clean,template,13,test_codeswitch_1,bongo_0255,1,0.009439
bilstm_finetuned,clean,template,13,test_codeswitch_1,bongo_0265,1,0.010773
bilstm_finetuned,clean,template,13,test_codeswitch_1,bongo_0271,0,0.000036
bilstm_finetuned,clean,template,13,test_codeswitch_1,bongo_0300,0,0.000035
bilstm_finetuned,clean,template,13,test_codeswitch_1,bongo_0306,0,0.000050
bilstm_finetuned,clean,template,13,test_codeswitch_1,bongo_0356,1,0.022572
bilstm_finetuned,clean,template,13,test_codeswitch_1,bongo_0360,1,0.999985
bilstm_finetuned,clean,template,13,test_codeswitch_1,bongo_0361,1,0.999995
bilstm_finetuned,clean,template,13,test_codeswitch_1,bongo_0363,0,0.000033
bilstm_finetuned,clean,template,13,test_codeswitch_1,bongo_0368,0,0.000159
bilstm_finetuned,clean,template,13,test_codeswitch_1,bongo_0372,0,0.000088
bilstm_finetuned,clean,template,13,test_codeswitch_1,bongo_0380,1,0.009348
bilstm_finetuned,clean,template,13,test_codeswitch_1,bongo_0389,0,0.000031
bilstm_finetuned,clean,template,13,test_codeswitch_1,bongo_0395,0,0.000339
bilstm_finetuned,clean,template,13,test_codeswitch_1,bongo_0405,1,0.999863
bilstm_finetuned,clean,template,13,test_codeswitch_1,bongo_0424,1,0.999991
bilstm_finetuned,clean,template,13,test_codeswitch_1,bongo_0427,0,0.000374
bilstm_finetuned,clean,template,13,test_codeswitch_1,bongo_0434,1,0.005240
bilstm_finetuned,clean,template,13,test_codeswitch_1,bongo_0463,0,0.000264
bilstm_finetuned,clean,template,13,test_codeswitch_1,bongo_0476,1,0.993799
bilstm_finetuned,clean,template,13,test_codeswitch_1,bongo_0510,1,0.999992
bilstm_finetuned,clean,template,13,test_codeswitch_1,bongo_0531,0,0.000109
bilstm_finetuned,clean,template,13,test_codeswitch_1,bongo_0542,0,0.000026
bilstm_finetuned,clean,template,13,test_codeswitch_1,bongo_0545,0,0.000028
bilstm_finetuned,clean,template,13,test_codeswitch_1,bongo_0560,1,0.999945
bilstm_finetuned,clean,template,13,test_codeswitch_1,bongo_0565,1,0.055964
bilstm_finetuned,clean,template,13,test_codeswitch_1,bongo_0566,1,0.999997
bilstm_finetuned,clean,template,13,test_codeswitch_1,bongo_0571,0,0.000027
bilstm_finetuned,clean,template,13,test_codeswitch_1,bongo_0577,1,0.999844
bilstm_finetuned,clean,template,13,test_codeswitch_1,bongo_0580,1,0.988349
bilstm_finetuned,clean,template,13,test_codeswitch_1,bongo_0621,1,0.999568
bilstm_finetuned,clean,template,13,test_codeswitch_1,bongo_0624,1,0.999974
bilstm_finetuned,clean,template,13,test_codeswitch_1,bongo_0630,0,0.000108
bilstm_finetuned,clean,template,13,test_codeswitch_1,bongo_0638,1,0.999993
bilstm_finetuned,clean,template,13,test_codeswitch_1,bongo_0648,0,0.009938
bilstm_finetuned,clean,template,13,test_codeswitch_1,bongo_0674,0,0.000020
bilstm_finetuned,clean,template,13,test_codeswitch_1,bongo_0685,0,0.004694
bilstm_finetuned,clean,template,13,test_codeswitch_1,bongo_0697,1,0.055964
bilstm_finetuned,clean,template,13,test_codeswitch_1,bongo_0701,0,0.000028
bilstm_finetuned,clean,template,13,test_codeswitch_1,bongo_0706,1,0.022573
bilstm_finetuned,clean,template,13,test_codeswitch_1,bongo_0719,1,0.009346
bilstm_finetuned,clean,template,13,test_codeswitch_1,bongo_0721,1,0.989323
bilstm_finetuned,clean,template,13,test_codeswitch_1,bongo_0724,1,0.056438
bilstm_finetuned,clean,template,13,test_codeswitch_1,bongo_0729,1,0.987152
bilstm_finetuned,clean,template,13,test_codeswitch_1,bongo_0741,0,0.000029
bilstm_finetuned,clean,template,13,test_codeswitch_1,bongo_0749,1,0.016232
bilstm_finetuned,clean,template,13,test_codeswitch_1,bongo_0769,1,0.999769
bilstm_finetuned,clean,template,13,test_codeswitch_1,bongo_0770,1,0.005240
bilstm_finetuned,clean,template,13,test_codeswitch_1,bongo_0778,1,0.016234
bilstm_finetuned,clean,template,13,test_codeswitch_1,bongo_0787,1,0.999985
bilstm_finetuned,clean,template,13,test_codeswitch_1,bongo_0795,0,0.000439
bilstm_finetuned,clean,template,13,test_codeswitch_1,bongo_0806,1,0.056438
bilstm_finetuned,clean,template,13,test_codeswitch_1,bongo_0807,1,0.999992
bilstm_finetuned,clean,template,13,test_codeswitch_1,bongo_0818,0,0.002821
bilstm_finetuned,clean,template,13,test_codeswitch_1,bongo_0819,0,0.000108
bilstm_finetuned,clean,template,13,test_codeswitch_1,bongo_0835,0,0.000026
bilstm_finetuned,clean,template,13,test_codeswitch_1,bongo_0840,1,0.999985
bilstm_finetuned,clean,template,13,test_codeswitch_1,bongo_0855,1,0.055928
bilstm_finetuned,clean,template,13,test_codeswitch_1,bongo_0856,0,0.000056
bilstm_finetuned,clean,template,13,test_codeswitch_1,bongo_0864,1,0.997395
bilstm_finetuned,clean,template,13,test_codeswitch_1,bongo_0871,1,0.999974
bilstm_finetuned,clean,template,13,test_codeswitch_1,bongo_0872,0,0.001564
bilstm_finetuned,clean,template,13,test_codeswitch_1,bongo_0904,0,0.000228
bilstm_finetuned,clean,template,13,test_codeswitch_1,bongo_0905,1,0.997415
bilstm_finetuned,clean,template,13,test_codeswitch_1,bongo_0909,1,0.999726
bilstm_finetuned,clean,template,13,test_codeswitch_1,bongo_0917,1,0.005287
bilstm_finetuned,clean,template,13,test_codeswitch_1,bongo_0918,1,0.999868
bilstm_finetuned,clean,template,13,test_codeswitch_1,bongo_0950,0,0.000026
bilstm_finetuned,clean,template,13,test_codeswitch_1,bongo_0955,1,0.999984
bilstm_finetuned,clean,template,13,test_codeswitch_1,bongo_0956,0,0.000026
bilstm_finetuned,clean,template,13,test_codeswitch_1,bongo_0971,0,0.000032
bilstm_finetuned,clean,template,13,test_codeswitch_1,bongo_0983,0,0.000073
bilstm_finetuned,clean,template,13,test_codeswitch_1,bongo_0989,1,0.999974
bilstm_finetuned,clean,template,13,test_codeswitch_1,bongo_0994,0,0.000127
bilstm_finetuned,clean,template,13,test_codeswitch_1,bongo_1003,1,0.999945
bilstm_finetuned,clean,template,13,test_codeswitch_1,bongo_1006,0,0.000036
bilstm_finetuned,clean,template,13,test_codeswitch_1,bongo_1012,1,0.016233
bilstm_finetuned,clean,template,13,test_codeswitch_1,bongo_1015,0,0.000014
bilstm_finetuned,clean,template,13,test_codeswitch_1,bongo_1022,1,0.009348
bilstm_finetuned,clean,template,13,test_codeswitch_1,bongo_1037,0,0.000044
bilstm_finetuned,clean,template,13,test_codeswitch_1,bongo_1040,0,0.000040
bilstm_finetuned,clean,template,13,test_codeswitch_1,bongo_1042,1,0.999673
bilstm_finetuned,clean,template,13,test_codeswitch_1,bongo_1047,1,0.997402
bilstm_finetuned,clean,template,13,test_codeswitch_1,bongo_1050,0,0.000028
bilstm_finetuned,clean,template,13,test_codeswitch_1,bongo_1052,1,0.999885
bilstm_finetuned,clean,template,13,test_codeswitch_1,bongo_1059,0,0.000024
bilstm_finetuned,clean,template,13,test_codeswitch_1,bongo_1071,0,0.000033
bilstm_finetuned,clean,template,13,test_codeswitch_1,bongo_1090,0,0.000019
bilstm_finetuned,clean,template,13,test_codeswitch_1,bongo_1104,1,0.999983
bilstm_finetuned,clean,template,13,test_codeswitch_1,bongo_1115,0,0.000009
bilstm_finetuned,clean,template,13,test_codeswitch_1,bongo_1123,0,0.000030
bilstm_finetuned,clean,template,13,test_codeswitch_1,bongo_1125,0,0.002881
bilstm_finetuned,clean,template,13,test_codeswitch_1,bongo_1127,1,0.010662
bilstm_finetuned,clean,template,13,test_codeswitch_1,bongo_1131,1,0.999992
bilstm_finetuned,clean,template,13,test_codeswitch_1,bongo_1134,1,0.022772
bilstm_finetuned,clean,template,13,test_codeswitch_1,bongo_1135,0,0.004074
bilstm_finetuned,clean,template,13,test_codeswitch_1,bongo_1136,1,0.999992
bilstm_finetuned,clean,template,13,test_codeswitch_1,bongo_1138,1,0.997379
bilstm_finetuned,clean,template,13,test_codeswitch_1,bongo_1140,1,0.999774
bilstm_finetuned,clean,template,13,test_codeswitch_1,bongo_1154,1,0.999986
bilstm_finetuned,clean,template,13,test_codeswitch_1,bongo_1155,0,0.000029
bilstm_finetuned,clean,template,13,test_codeswitch_1,bongo_1171,1,0.999983
bilstm_finetuned,clean,template,13,test_codeswitch_1,bongo_1181,1,0.988754
bilstm_finetuned,clean,template,13,test_codeswitch_1,bongo_1185,1,0.009341
bilstm_finetuned,clean,template,13,test_codeswitch_1,bongo_1194,0,0.000523
bilstm_finetuned,clean,template,13,test_codeswitch_1,bongo_1195,1,0.055965
bilstm_finetuned,clean,template,13,test_codeswitch_1,bongo_1198,0,0.000074
bilstm_finetuned,clean,template,13,test_codeswitch_1,bongo_1204,1,0.005239
bilstm_finetuned,clean,template,13,test_codeswitch_1,bongo_1220,1,0.997537
bilstm_finetuned,clean,template,13,test_codeswitch_1,bongo_1233,1,0.999997
bilstm_finetuned,clean,template,13,test_codeswitch_1,bongo_1236,0,0.000046
bilstm_finetuned,clean,template,13,test_codeswitch_1,bongo_1240,1,0.009439
bilstm_finetuned,clean,template,13,test_codeswitch_1,bongo_1244,0,0.000028
bilstm_finetuned,clean,template,13,test_codeswitch_1,bongo_1249,0,0.000010
bilstm_finetuned,clean,template,13,test_codeswitch_1,bongo_1253,0,0.001516
bilstm_finetuned,clean,template,13,test_codeswitch_1,bongo_1260,0,0.000033
bilstm_finetuned,clean,template,13,test_codeswitch_1,bongo_1262,0,0.000053
bilstm_finetuned,clean,template,13,test_codeswitch_1,bongo_1278,1,0.016381
bilstm_finetuned,clean,template,13,test_codeswitch_1,bongo_1285,0,0.000028
bilstm_finetuned,clean,template,13,test_codeswitch_1,bongo_1293,1,0.999993
bilstm_finetuned,clean,template,13,test_codeswitch_1,bongo_1316,0,0.000063
bilstm_finetuned,clean,template,13,test_codeswitch_1,bongo_1327,1,0.005236
bilstm_finetuned,clean,template,13,test_codeswitch_1,bongo_1330,0,0.050357
bilstm_finetuned,clean,template,13,test_codeswitch_1,bongo_1359,0,0.003190
bilstm_finetuned,clean,template,13,test_codeswitch_1,bongo_1375,0,0.000044
bilstm_finetuned,clean,template,13,test_codeswitch_3,bongo_0025,1,0.999988
bilstm_finetuned,clean,template,13,test_codeswitch_3,bongo_0029,0,0.035802
bilstm_finetuned,clean,template,13,test_codeswitch_3,bongo_0039,1,0.997296
bilstm_finetuned,clean,template,13,test_codeswitch_3,bongo_0047,1,0.999992
bilstm_finetuned,clean,template,13,test_codeswitch_3,bongo_0053,0,0.000113
bilstm_finetuned,clean,template,13,test_codeswitch_3,bongo_0055,1,0.004640
bilstm_finetuned,clean,template,13,test_codeswitch_3,bongo_0061,1,0.999337
bilstm_finetuned,clean,template,13,test_codeswitch_3,bongo_0097,0,0.000291
bilstm_finetuned,clean,template,13,test_codeswitch_3,bongo_0107,0,0.000020
bilstm_finetuned,clean,template,13,test_codeswitch_3,bongo_0110,0,0.000016
bilstm_finetuned,clean,template,13,test_codeswitch_3,bongo_0112,1,0.020687
bilstm_finetuned,clean,template,13,test_codeswitch_3,bongo_0115,0,0.000232
bilstm_finetuned,clean,template,13,test_codeswitch_3,bongo_0143,0,0.000265
bilstm_finetuned,clean,template,13,test_codeswitch_3,bongo_0146,1,0.989060
bilstm_finetuned,clean,template,13,test_codeswitch_3,bongo_0154,1,0.999990
bilstm_finetuned,clean,template,13,test_codeswitch_3,bongo_0159,1,0.004640
bilstm_finetuned,clean,template,13,test_codeswitch_3,bongo_0160,0,0.000027
bilstm_finetuned,clean,template,13,test_codeswitch_3,bongo_0172,0,0.277720
bilstm_finetuned,clean,template,13,test_codeswitch_3,bongo_0173,1,0.005830
bilstm_finetuned,clean,template,13,test_codeswitch_3,bongo_0175,0,0.000026
bilstm_finetuned,clean,template,13,test_codeswitch_3,bongo_0182,0,0.000012
bilstm_finetuned,clean,template,13,test_codeswitch_3,bongo_0195,1,0.991584
bilstm_finetuned,clean,template,13,test_codeswitch_3,bongo_0197,0,0.000040
bilstm_finetuned,clean,template,13,test_codeswitch_3,bongo_0201,1,0.999991
bilstm_finetuned,clean,template,13,test_codeswitch_3,bongo_0203,1,0.999991
bilstm_finetuned,clean,template,13,test_codeswitch_3,bongo_0250,1,0.004640
bilstm_finetuned,clean,template,13,test_codeswitch_3,bongo_0253,0,0.000051
bilstm_finetuned,clean,template,13,test_codeswitch_3,bongo_0255,1,0.007925
bilstm_finetuned,clean,template,13,test_codeswitch_3,bongo_0265,1,0.005890
bilstm_finetuned,clean,template,13,test_codeswitch_3,bongo_0271,0,0.000036
bilstm_finetuned,clean,template,13,test_codeswitch_3,bongo_0300,0,0.000035
bilstm_finetuned,clean,template,13,test_codeswitch_3,bongo_0306,0,0.000050
bilstm_finetuned,clean,template,13,test_codeswitch_3,bongo_0356,1,0.020680
bilstm_finetuned,clean,template,13,test_codeswitch_3,bongo_0360,1,0.999612
bilstm_finetuned,clean,template,13,test_codeswitch_3,bongo_0361,1,0.999991
bilstm_finetuned,clean,template,13,test_codeswitch_3,bongo_0363,0,0.000033
bilstm_finetuned,clean,template,13,test_codeswitch_3,bongo_0368,0,0.000159
bilstm_finetuned,clean,template,13,test_codeswitch_3,bongo_0372,0,0.000088
bilstm_finetuned,clean,template,13,test_codeswitch_3,bongo_0380,1,0.007819
bilstm_finetuned,clean,template,13,test_codeswitch_3,bongo_0389,0,0.000031
bilstm_finetuned,clean,template,13,test_codeswitch_3,bongo_0395,0,0.000339
bilstm_finetuned,clean,template,13,test_codeswitch_3,bongo_0405,1,0.999987
bilstm_finetuned,clean,template,13,test_codeswitch_3,bongo_0424,1,0.999991
bilstm_finetuned,clean,template,13,test_codeswitch_3,bongo_0427,0,0.000374
bilstm_finetuned,clean,template,13,test_codeswitch_3,bongo_0434,1,0.004640
bilstm_finetuned,clean,template,13,test_codeswitch_3,bongo_0463,0,0.000264
bilstm_finetuned,clean,template,13,test_codeswitch_3,bongo_0476,1,0.993799
bilstm_finetuned,clean,template,13,test_codeswitch_3,bongo_0510,1,0.999997
bilstm_finetuned,clean,template,13,test_codeswitch_3,bongo_0531,0,0.000109
bilstm_finetuned,clean,template,13,test_codeswitch_3,bongo_0542,0,0.000026
bilstm_finetuned,clean,template,13,test_codeswitch_3,bongo_0545,0,0.000028
bilstm_finetuned,clean,template,13,test_codeswitch_3,bongo_0560,1,0.999945
bilstm_finetuned,clean,template,13,test_codeswitch_3,bongo_0565,1,0.055835
bilstm_finetuned,clean,template,13,test_codeswitch_3,bongo_0566,1,0.997425
bilstm_finetuned,clean,template,13,test_codeswitch_3,bongo_0571,0,0.000027
bilstm_finetuned,clean,template,13,test_codeswitch_3,bongo_0577,1,0.999985
bilstm_finetuned,clean,template,13,test_codeswitch_3,bongo_0580,1,0.988349
bilstm_finetuned,clean,template,13,test_codeswitch_3,bongo_0621,1,0.999754
bilstm_finetuned,clean,template,13,test_codeswitch_3,bongo_0624,1,0.999401
bilstm_finetuned,clean,template,13,test_codeswitch_3,bongo_0630,0,0.000108
bilstm_finetuned,clean,template,13,test_codeswitch_3,bongo_0638,1,0.994340
bilstm_finetuned,clean,template,13,test_codeswitch_3,bongo_0648,0,0.009938
bilstm_finetuned,clean,template,13,test_codeswitch_3,bongo_0674,0,0.000020
bilstm_finetuned,clean,template,13,test_codeswitch_3,bongo_0685,0,0.004694
bilstm_finetuned,clean,template,13,test_codeswitch_3,bongo_0697,1,0.055835
bilstm_finetuned,clean,template,13,test_codeswitch_3,bongo_0701,0,0.000028
bilstm_finetuned,clean,template,13,test_codeswitch_3,bongo_0706,1,0.020681
bilstm_finetuned,clean,template,13,test_codeswitch_3,bongo_0719,1,0.007796
bilstm_finetuned,clean,template,13,test_codeswitch_3,bongo_0721,1,0.483249
bilstm_finetuned,clean,template,13,test_codeswitch_3,bongo_0724,1,0.056305
bilstm_finetuned,clean,template,13,test_codeswitch_3,bongo_0729,1,0.987152
bilstm_finetuned,clean,template,13,test_codeswitch_3,bongo_0741,0,0.000029
bilstm_finetuned,clean,template,13,test_codeswitch_3,bongo_0749,1,0.014222
bilstm_finetuned,clean,template,13,test_codeswitch_3,bongo_0769,1,0.999886
bilstm_finetuned,clean,template,13,test_codeswitch_3,bongo_0770,1,0.004640
bilstm_finetuned,clean,template,13,test_codeswitch_3,bongo_0778,1,0.014223
bilstm_finetuned,clean,template,13,test_codeswitch_3,bongo_0787,1,0.999612
bilstm_finetuned,clean,template,13,test_codeswitch_3,bongo_0795,0,0.000439
bilstm_finetuned,clean,template,13,test_codeswitch_3,bongo_0806,1,0.056305
bilstm_finetuned,clean,template,13,test_codeswitch_3,bongo_0807,1,0.999996
bilstm_finetuned,clean,template,13,test_codeswitch_3,bongo_0818,0,0.002821
bilstm_finetuned,clean,template,13,test_codeswitch_3,bongo_0819,0,0.000108
bilstm_finetuned,clean,template,13,test_codeswitch_3,bongo_0835,0,0.000026
bilstm_finetuned,clean,template,13,test_codeswitch_3,bongo_0840,1,0.999610
bilstm_finetuned,clean,template,13,test_codeswitch_3,bongo_0855,1,0.055808
bilstm_finetuned,clean,template,13,test_codeswitch_3,bongo_0856,0,0.000056
bilstm_finetuned,clean,template,13,test_codeswitch_3,bongo_0864,1,0.997304
bilstm_finetuned,clean,template,13,test_codeswitch_3,bongo_0871,1,0.999425
bilstm_finetuned,clean,template,13,test_codeswitch_3,bongo_0872,0,0.001564
bilstm_finetuned,clean,template,13,test_codeswitch_3,bongo_0904,0,0.000228
bilstm_finetuned,clean,template,13,test_codeswitch_3,bongo_0905,1,0.997325
bilstm_finetuned,clean,template,13,test_codeswitch_3,bongo_0909,1,0.999983
bilstm_finetuned,clean,template,13,test_codeswitch_3,bongo_0917,1,0.004687
bilstm_finetuned,clean,template,13,test_codeswitch_3,bongo_0918,1,0.999986
bilstm_finetuned,clean,template,13,test_codeswitch_3,bongo_0950,0,0.000026
bilstm_finetuned,clean,template,13,test_codeswitch_3,bongo_0955,1,0.999983
bilstm_finetuned,clean,template,13,test_codeswitch_3,bongo_0956,0,0.000026
bilstm_finetuned,clean,template,13,test_codeswitch_3,bongo_0971,0,0.000032
bilstm_finetuned,clean,template,13,test_codeswitch_3,bongo_0983,0,0.000073
bilstm_finetuned,clean,template,13,test_codeswitch_3,bongo_0989,1,0.999411
bilstm_finetuned,clean,template,13,test_codeswitch_3,bongo_0994,0,0.000127
bilstm_finetuned,clean,template,13,test_codeswitch_3,bongo_1003,1,0.999945
bilstm_finetuned,clean,template,13,test_codeswitch_3,bongo_1006,0,0.000036
bilstm_finetuned,clean,template,13,test_codeswitch_3,bongo_1012,1,0.014219
bilstm_finetuned,clean,template,13,test_codeswitch_3,bongo_1015,0,0.000014
bilstm_finetuned,clean,template,13,test_codeswitch_3,bongo_1022,1,0.007809
bilstm_finetuned,clean,template,13,test_codeswitch_3,bongo_1037,0,0.000044
bilstm_finetuned,clean,template,13,test_codeswitch_3,bongo_1040,0,0.000040
bilstm_finetuned,clean,template,13,test_codeswitch_3,bongo_1042,1,0.995520
bilstm_finetuned,clean,template,13,test_codeswitch_3,bongo_1047,1,0.997315
bilstm_finetuned,clean,template,13,test_codeswitch_3,bongo_1050,0,0.000028
bilstm_finetuned,clean,template,13,test_codeswitch_3,bongo_1052,1,0.999908
bilstm_finetuned,clean,template,13,test_codeswitch_3,bongo_1059,0,0.000024
bilstm_finetuned,clean,template,13,test_codeswitch_3,bongo_1071,0,0.000033
bilstm_finetuned,clean,template,13,test_codeswitch_3,bongo_1090,0,0.000019
bilstm_finetuned,clean,template,13,test_codeswitch_3,bongo_1104,1,0.999983
bilstm_finetuned,clean,template,13,test_codeswitch_3,bongo_1115,0,0.000009
bilstm_finetuned,clean,template,13,test_codeswitch_3,bongo_1123,0,0.000030
bilstm_finetuned,clean,template,13,test_codeswitch_3,bongo_1125,0,0.002881
bilstm_finetuned,clean,template,13,test_codeswitch_3,bongo_1127,1,0.005831
bilstm_finetuned,clean,template,13,test_codeswitch_3,bongo_1131,1,0.995477
bilstm_finetuned,clean,template,13,test_codeswitch_3,bongo_1134,1,0.020860
bilstm_finetuned,clean,template,13,test_codeswitch_3,bongo_1135,0,0.004074
bilstm_finetuned,clean,template,13,test_codeswitch_3,bongo_1136,1,0.999992
bilstm_finetuned,clean,template,13,test_codeswitch_3,bongo_1138,1,0.997283
bilstm_finetuned,clean,template,13,test_codeswitch_3,bongo_1140,1,0.999981
bilstm_finetuned,clean,template,13,test_codeswitch_3,bongo_1154,1,0.999880
bilstm_finetuned,clean,template,13,test_codeswitch_3,bongo_1155,0,0.000029
bilstm_finetuned,clean,template,13,test_codeswitch_3,bongo_1171,1,0.999983
bilstm_finetuned,clean,template,13,test_codeswitch_3,bongo_1181,1,0.988754
bilstm_finetuned,clean,template,13,test_codeswitch_3,bongo_1185,1,0.007816
bilstm_finetuned,clean,template,13,test_codeswitch_3,bongo_1194,0,0.000523
bilstm_finetuned,clean,template,13,test_codeswitch_3,bongo_1195,1,0.055841
bilstm_finetuned,clean,template,13,test_codeswitch_3,bongo_1198,0,0.000074
bilstm_finetuned,clean,template,13,test_codeswitch_3,bongo_1204,1,0.004640
bilstm_finetuned,clean,template,13,test_codeswitch_3,bongo_1220,1,0.997493
bilstm_finetuned,clean,template,13,test_codeswitch_3,bongo_1233,1,0.997595
bilstm_finetuned,clean,template,13,test_codeswitch_3,bongo_1236,0,0.000046
bilstm_finetuned,clean,template,13,test_codeswitch_3,bongo_1240,1,0.007925
bilstm_finetuned,clean,template,13,test_codeswitch_3,bongo_1244,0,0.000028
bilstm_finetuned,clean,template,13,test_codeswitch_3,bongo_1249,0,0.000010
bilstm_finetuned,clean,template,13,test_codeswitch_3,bongo_1253,0,0.001516
bilstm_finetuned,clean,template,13,test_codeswitch_3,bongo_1260,0,0.000033
bilstm_finetuned,clean,template,13,test_codeswitch_3,bongo_1262,0,0.000053
bilstm_finetuned,clean,template,13,test_codeswitch_3,bongo_1278,1,0.014351
bilstm_finetuned,clean,template,13,test_codeswitch_3,bongo_1285,0,0.000028
bilstm_finetuned,clean,template,13,test_codeswitch_3,bongo_1293,1,0.999992
bilstm_finetuned,clean,template,13,test_codeswitch_3,bongo_1316,0,0.000063
bilstm_finetuned,clean,template,13,test_codeswitch_3,bongo_1327,1,0.004637
bilstm_finetuned,clean,template,13,test_codeswitch_3,bongo_1330,0,0.050357
bilstm_finetuned,clean,template,13,test_codeswitch_3,bongo_1359,0,0.003190
bilstm_finetuned,clean,template,13,test_codeswitch_3,bongo_1375,0,0.000044
bilstm_finetuned,clean,template,13,test_codeswitch_all,bongo_0025,1,0.999988
bilstm_finetuned,clean,template,13,test_codeswitch_all,bongo_0029,0,0.035802
bilstm_finetuned,clean,template,13,test_codeswitch_all,bongo_0039,1,0.997296
bilstm_finetuned,clean,template,13,test_codeswitch_all,bongo_0047,1,0.999992
bilstm_finetuned,clean,template,13,test_codeswitch_all,bongo_0053,0,0.000113
bilstm_finetuned,clean,template,13,test_codeswitch_all,bongo_0055,1,0.004640
bilstm_finetuned,clean,template,13,test_codeswitch_all,bongo_0061,1,0.999337
bilstm_finetuned,clean,template,13,test_codeswitch_all,bongo_0097,0,0.000291
bilstm_finetuned,clean,template,13,test_codeswitch_all,bongo_0107,0,0.000020
bilstm_finetuned,clean,template,13,test_codeswitch_all,bongo_0110,0,0.000016
bilstm_finetuned,clean,template,13,test_codeswitch_all,bongo_0112,1,0.020687
bilstm_finetuned,clean,template,13,test_codeswitch_all,bongo_0115,0,0.000232
bilstm_finetuned,clean,template,13,test_codeswitch_all,bongo_0143,0,0.000265
bilstm_finetuned,clean,template,13,test_codeswitch_all,bongo_0146,1,0.977144
bilstm_finetuned,clean,template,13,test_codeswitch_all,bongo_0154,1,0.999990
bilstm_finetuned,clean,template,13,test_codeswitch_all,bongo_0159,1,0.004640
bilstm_finetuned,clean,template,13,test_codeswitch_all,bongo_0160,0,0.000027
bilstm_finetuned,clean,template,13,test_codeswitch_all,bongo_0172,0,0.277720
bilstm_finetuned,clean,template,13,test_codeswitch_all,bongo_0173,1,0.005830
bilstm_finetuned,clean,template,13,test_codeswitch_all,bongo_0175,0,0.000026
bilstm_finetuned,clean,template,13,test_codeswitch_all,bongo_0182,0,0.000012
bilstm_finetuned,clean,template,13,test_codeswitch_all,bongo_0195,1,0.991584
bilstm_finetuned,clean,template,13,test_codeswitch_all,bongo_0197,0,0.000040
bilstm_finetuned,clean,template,13,test_codeswitch_all,bongo_0201,1,0.999991
bilstm_finetuned,clean,template,13,test_codeswitch_all,bongo_0203,1,0.999982
bilstm_finetuned,clean,template,13,test_codeswitch_all,bongo_0250,1,0.004640
bilstm_finetuned,clean,template,13,test_codeswitch_all,bongo_0253,0,0.000051
bilstm_finetuned,clean,template,13,test_codeswitch_all,bongo_0255,1,0.007925
bilstm_finetuned,clean,template,13,test_codeswitch_all,bongo_0265,1,0.005890
bilstm_finetuned,clean,template,13,test_codeswitch_all,bongo_0271,0,0.000036
bilstm_finetuned,clean,template,13,test_codeswitch_all,bongo_0300,0,0.000035
bilstm_finetuned,clean,template,13,test_codeswitch_all,bongo_0306,0,0.000050
bilstm_finetuned,clean,template,13,test_codeswitch_all,bongo_0356,1,0.020680
bilstm_finetuned,clean,template,13,test_codeswitch_all,bongo_0360,1,0.999022
bilstm_finetuned,clean,template,13,test_codeswitch_all,bongo_0361,1,0.999982
bilstm_finetuned,clean,template,13,test_codeswitch_all,bongo_0363,0,0.000033
bilstm_finetuned,clean,template,13,test_codeswitch_all,bongo_0368,0,0.000159
bilstm_finetuned,clean,template,13,test_codeswitch_all,bongo_0372,0,0.000088
bilstm_finetuned,clean,template,13,test_codeswitch_all,bongo_0380,1,0.007819
bilstm_finetuned,clean,template,13,test_codeswitch_all,bongo_0389,0,0.000031
bilstm_finetuned,clean,template,13,test_codeswitch_all,bongo_0395,0,0.000339
bilstm_finetuned,clean,template,13,test_codeswitch_all,bongo_0405,1,0.999987
bilstm_finetuned,clean,template,13,test_codeswitch_all,bongo_0424,1,0.999991
bilstm_finetuned,clean,template,13,test_codeswitch_all,bongo_0427,0,0.000374
bilstm_finetuned,clean,template,13,test_codeswitch_all,bongo_0434,1,0.004640
bilstm_finetuned,clean,template,13,test_codeswitch_all,bongo_0463,0,0.000264
bilstm_finetuned,clean,template,13,test_codeswitch_all,bongo_0476,1,0.993799
bilstm_finetuned,clean,template,13,test_codeswitch_all,bongo_0510,1,0.999997
bilstm_finetuned,clean,template,13,test_codeswitch_all,bongo_0531,0,0.000109
bilstm_finetuned,clean,template,13,test_codeswitch_all,bongo_0542,0,0.000026
bilstm_finetuned,clean,template,13,test_codeswitch_all,bongo_0545,0,0.000028
bilstm_finetuned,clean,template,13,test_codeswitch_all,bongo_0560,1,0.999945
bilstm_finetuned,clean,template,13,test_codeswitch_all,bongo_0565,1,0.055835
bilstm_finetuned,clean,template,13,test_codeswitch_all,bongo_0566,1,0.994045
bilstm_finetuned,clean,template,13,test_codeswitch_all,bongo_0571,0,0.000027
bilstm_finetuned,clean,template,13,test_codeswitch_all,bongo_0577,1,0.999985
bilstm_finetuned,clean,template,13,test_codeswitch_all,bongo_0580,1,0.988349
bilstm_finetuned,clean,template,13,test_codeswitch_all,bongo_0621,1,0.999754
bilstm_finetuned,clean,template,13,test_codeswitch_all,bongo_0624,1,0.999401
bilstm_finetuned,clean,template,13,test_codeswitch_all,bongo_0630,0,0.000108
bilstm_finetuned,clean,template,13,test_codeswitch_all,bongo_0638,1,0.987344
bilstm_finetuned,clean,template,13,test_codeswitch_all,bongo_0648,0,0.009938
bilstm_finetuned,clean,template,13,test_codeswitch_all,bongo_0674,0,0.000020
bilstm_finetuned,clean,template,13,test_codeswitch_all,bongo_0685,0,0.004694
bilstm_finetuned,clean,template,13,test_codeswitch_all,bongo_0697,1,0.055835
bilstm_finetuned,clean,template,13,test_codeswitch_all,bongo_0701,0,0.000028
bilstm_finetuned,clean,template,13,test_codeswitch_all,bongo_0706,1,0.020681
bilstm_finetuned,clean,template,13,test_codeswitch_all,bongo_0719,1,0.007796
bilstm_finetuned,clean,template,13,test_codeswitch_all,bongo_0721,1,0.483249
bilstm_finetuned,clean,template,13,test_codeswitch_all,bongo_0724,1,0.056305
bilstm_finetuned,clean,template,13,test_codeswitch_all,bongo_0729,1,0.987152
bilstm_finetuned,clean,template,13,test_codeswitch_all,bongo_0741,0,0.000029
bilstm_finetuned,clean,template,13,test_codeswitch_all,bongo_0749,1,0.014222
bilstm_finetuned,clean,template,13,test_codeswitch_all,bongo_0769,1,0.999886
bilstm_finetuned,clean,template,13,test_codeswitch_all,bongo_0770,1,0.004640
bilstm_finetuned,clean,template,13,test_codeswitch_all,bongo_0778,1,0.014223
bilstm_finetuned,clean,template,13,test_codeswitch_all,bongo_0787,1,0.999024
bilstm_finetuned,clean,template,13,test_codeswitch_all,bongo_0795,0,0.000439
bilstm_finetuned,clean,template,13,test_codeswitch_all,bongo_0806,1,0.056305
bilstm_finetuned,clean,template,13,test_codeswitch_all,bongo_0807,1,0.999996
bilstm_finetuned,clean,template,13,test_codeswitch_all,bongo_0818,0,0.002821
bilstm_finetuned,clean,template,13,test_codeswitch_all,bongo_0819,0,0.000108
bilstm_finetuned,clean,template,13,test_codeswitch_all,bongo_0835,0,0.000026
bilstm_finetuned,clean,template,13,test_codeswitch_all,bongo_0840,1,0.999017
bilstm_finetuned,clean,template,13,test_codeswitch_all,bongo_0855,1,0.055808
bilstm_finetuned,clean,template,13,test_codeswitch_all,bongo_0856,0,0.000056
bilstm_finetuned,clean,template,13,test_codeswitch_all,bongo_0864,1,0.997304
bilstm_finetuned,clean,template,13,test_codeswitch_all,bongo_0871,1,0.999425
bilstm_finetuned,clean,template,13,test_codeswitch_all,bongo_0872,0,0.001564
bilstm_finetuned,clean,template,13,test_codeswitch_all,bongo_0904,0,0.000228
bilstm_finetuned,clean,template,13,test_codeswitch_all,bongo_0905,1,0.997325
bilstm_finetuned,clean,template,13,test_codeswitch_all,bongo_0909,1,0.999983
bilstm_finetuned,clean,template,13,test_codeswitch_all,bongo_0917,1,0.004687
bilstm_finetuned,clean,template,13,test_codeswitch_all,bongo_0918,1,0.999986
bilstm_finetuned,clean,template,13,test_codeswitch_all,bongo_0950,0,0.000026
bilstm_finetuned,clean,template,13,test_codeswitch_all,bongo_0955,1,0.999983
bilstm_finetuned,clean,template,13,test_codeswitch_all,bongo_0956,0,0.000026
bilstm_finetuned,clean,template,13,test_codeswitch_all,bongo_0971,0,0.000032
bilstm_finetuned,clean,template,13,test_codeswitch_all,bongo_0983,0,0.000073
bilstm_finetuned,clean,template,13,test_codeswitch_all,bongo_0989,1,0.999411
bilstm_finetuned,clean,template,13,test_codeswitch_all,bongo_0994,0,0.000127
bilstm_finetuned,clean,template,13,test_codeswitch_all,bongo_1003,1,0.999945
bilstm_finetuned,clean,template,13,test_codeswitch_all,bongo_1006,0,0.000036
bilstm_finetuned,clean,template,13,test_codeswitch_all,bongo_1012,1,0.014219
bilstm_finetuned,clean,template,13,test_codeswitch_all,bongo_1015,0,0.000014
bilstm_finetuned,clean,template,13,test_codeswitch_all,bongo_1022,1,0.007809
bilstm_finetuned,clean,template,13,test_codeswitch_all,bongo_1037,0,0.000044
bilstm_finetuned,clean,template,13,test_codeswitch_all,bongo_1040,0,0.000040
bilstm_finetuned,clean,template,13,test_codeswitch_all,bongo_1042,1,0.985992
bilstm_finetuned,clean,template,13,test_codeswitch_all,bongo_1047,1,0.997315
bilstm_finetuned,clean,template,13,test_codeswitch_all,bongo_1050,0,0.000028
bilstm_finetuned,clean,template,13,test_codeswitch_all,bongo_1052,1,0.999908
bilstm_finetuned,clean,template,13,test_codeswitch_all,bongo_1059,0,0.000024
bilstm_finetuned,clean,template,13,test_codeswitch_all,bongo_1071,0,0.000033
bilstm_finetuned,clean,template,13,test_codeswitch_all,bongo_1090,0,0.000019
bilstm_finetuned,clean,template,13,test_codeswitch_all,bongo_1104,1,0.999983
bilstm_finetuned,clean,template,13,test_codeswitch_all,bongo_1115,0,0.000009
bilstm_finetuned,clean,template,13,test_codeswitch_all,bongo_1123,0,0.000030
bilstm_finetuned,clean,template,13,test_codeswitch_all,bongo_1125,0,0.002881
bilstm_finetuned,clean,template,13,test_codeswitch_all,bongo_1127,1,0.005831
bilstm_finetuned,clean,template,13,test_codeswitch_all,bongo_1131,1,0.985944
bilstm_finetuned,clean,template,13,test_codeswitch_all,bongo_1134,1,0.020860
bilstm_finetuned,clean,template,13,test_codeswitch_all,bongo_1135,0,0.004074
bilstm_finetuned,clean,template,13,test_codeswitch_all,bongo_1136,1,0.999992
bilstm_finetuned,clean,template,13,test_codeswitch_all,bongo_1138,1,0.997283
bilstm_finetuned,clean,template,13,test_codeswitch_all,bongo_1140,1,0.999981
bilstm_finetuned,clean,template,13,test_codeswitch_all,bongo_1154,1,0.989750
bilstm_finetuned,clean,template,13,test_codeswitch_all,bongo_1155,0,0.000029
bilstm_finetuned,clean,template,13,test_codeswitch_all,bongo_1171,1,0.999983
bilstm_finetuned,clean,template,13,test_codeswitch_all,bongo_1181,1,0.988754
bilstm_finetuned,clean,template,13,test_codeswitch_all,bongo_1185,1,0.007816
bilstm_finetuned,clean,template,13,test_codeswitch_all,bongo_1194,0,0.000523
bilstm_finetuned,clean,template,13,test_codeswitch_all,bongo_1195,1,0.055841
bilstm_finetuned,clean,template,13,test_codeswitch_all,bongo_1198,0,0.000074
bilstm_finetuned,clean,template,13,test_codeswitch_all,bongo_1204,1,0.004640
bilstm_finetuned,clean,template,13,test_codeswitch_all,bongo_1220,1,0.997493
bilstm_finetuned,clean,template,13,test_codeswitch_all,bongo_1233,1,0.994559
bilstm_finetuned,clean,template,13,test_codeswitch_all,bongo_1236,0,0.000046
bilstm_finetuned,clean,template,13,test_codeswitch_all,bongo_1240,1,0.007925
bilstm_finetuned,clean,template,13,test_codeswitch_all,bongo_1244,0,0.000028
bilstm_finetuned,clean,template,13,test_codeswitch_all,bongo_1249,0,0.000010
bilstm_finetuned,clean,template,13,test_codeswitch_all,bongo_1253,0,0.001516
bilstm_finetuned,clean,template,13,test_codeswitch_all,bongo_1260,0,0.000033
bilstm_finetuned,clean,template,13,test_codeswitch_all,bongo_1262,0,0.000053
bilstm_finetuned,clean,template,13,test_codeswitch_all,bongo_1278,1,0.014351
bilstm_finetuned,clean,template,13,test_codeswitch_all,bongo_1285,0,0.000028
bilstm_finetuned,clean,template,13,test_codeswitch_all,bongo_1293,1,0.995191
bilstm_finetuned,clean,template,13,test_codeswitch_all,bongo_1316,0,0.000063
bilstm_finetuned,clean,template,13,test_codeswitch_all,bongo_1327,1,0.004637
bilstm_finetuned,clean,template,13,test_codeswitch_all,bongo_1330,0,0.050357
bilstm_finetuned,clean,template,13,test_codeswitch_all,bongo_1359,0,0.003190
bilstm_finetuned,clean,template,13,test_codeswitch_all,bongo_1375,0,0.000044
bilstm_finetuned,clean,template,13,chichewa,chi_0000,1,0.998765
bilstm_finetuned,clean,template,13,chichewa,chi_0001,1,0.999947
bilstm_finetuned,clean,template,13,chichewa,chi_0002,0,0.000153
bilstm_finetuned,clean,template,13,chichewa,chi_0003,0,0.014430
bilstm_finetuned,clean,template,13,chichewa,chi_0004,1,0.999568
bilstm_finetuned,clean,template,13,chichewa,chi_0005,1,0.999665
bilstm_finetuned,clean,template,13,chichewa,chi_0006,0,0.001522
bilstm_finetuned,clean,template,13,chichewa,chi_0007,0,0.228481
bilstm_finetuned,clean,template,13,chichewa,chi_0008,1,0.007092
bilstm_finetuned,clean,template,13,chichewa,chi_0009,1,0.998683
bilstm_finetuned,clean,template,13,chichewa,chi_0010,0,0.003072
bilstm_finetuned,clean,template,13,chichewa,chi_0011,0,0.001367
bilstm_finetuned,clean,template,13,chichewa,chi_0012,0,0.724257
bilstm_finetuned,clean,template,13,chichewa,chi_0013,1,0.999271
bilstm_finetuned,clean,template,13,chichewa,chi_0014,1,0.999428
bilstm_finetuned,clean,template,13,chichewa,chi_0015,0,0.006591
bilstm_finetuned,clean,template,13,chichewa,chi_0016,0,0.006422
bilstm_finetuned,clean,template,13,chichewa,chi_0017,0,0.082430
bilstm_finetuned,clean,template,13,chichewa,chi_0018,1,0.999945
bilstm_finetuned,clean,template,13,chichewa,chi_0019,1,0.020828
bilstm_finetuned,clean,template,13,chichewa,chi_0020,0,0.006945
bilstm_finetuned,clean,template,13,chichewa,chi_0021,1,0.024177
bilstm_finetuned,clean,template,13,chichewa,chi_0022,0,0.000383
bilstm_finetuned,clean,template,13,chichewa,chi_0023,1,0.999939
bilstm_finetuned,clean,template,13,chichewa,chi_0024,1,0.999037
bilstm_finetuned,clean,template,13,chichewa,chi_0025,0,0.011752
bilstm_finetuned,clean,template,13,chichewa,chi_0026,0,0.003679
bilstm_finetuned,clean,template,13,chichewa,chi_0027,1,0.998716
bilstm_finetuned,clean,template,13,chichewa,chi_0028,1,0.999907
bilstm_finetuned,clean,template,13,chichewa,chi_0029,0,0.904694
bilstm_finetuned,clean,template,13,chichewa,chi_0030,0,0.000293
bilstm_finetuned,clean,template,13,chichewa,chi_0031,1,0.998523
bilstm_finetuned,clean,template,13,chichewa,chi_0032,1,0.999485
bilstm_finetuned,clean,template,13,chichewa,chi_0033,1,0.964475
bilstm_finetuned,clean,template,13,chichewa,chi_0034,1,0.999594
bilstm_finetuned,clean,template,13,chichewa,chi_0035,0,0.033440
bilstm_finetuned,clean,template,13,chichewa,chi_0036,0,0.382052
bilstm_finetuned,clean,template,13,chichewa,chi_0037,0,0.004534
bilstm_finetuned,clean,template,13,chichewa,chi_0038,0,0.999658
bilstm_finetuned,clean,template,13,chichewa,chi_0039,0,0.003068
bilstm_finetuned,clean,template,13,chichewa,chi_0040,1,0.999603
bilstm_finetuned,clean,template,13,chichewa,chi_0041,1,0.999600
bilstm_finetuned,clean,template,13,chichewa,chi_0042,0,0.244593
bilstm_finetuned,clean,template,13,chichewa,chi_0043,0,0.099968
bilstm_finetuned,clean,template,13,chichewa,chi_0044,0,0.005407
bilstm_finetuned,clean,template,13,chichewa,chi_0045,1,0.999708
bilstm_finetuned,clean,template,13,chichewa,chi_0046,1,0.997459
bilstm_finetuned,clean,template,13,chichewa,chi_0047,1,0.989721
bilstm_finetuned,clean,template,13,chichewa,chi_0048,0,0.010573
bilstm_finetuned,clean,template,13,chichewa,chi_0049,0,0.999680
bilstm_finetuned,clean,template,13,chichewa,chi_0050,0,0.996653
bilstm_finetuned,clean,template,13,chichewa,chi_0051,1,0.072857
bilstm_finetuned,clean,template,13,chichewa,chi_0052,0,0.018100
bilstm_finetuned,clean,template,13,chichewa,chi_0053,0,0.163738
bilstm_finetuned,clean,template,13,chichewa,chi_0054,1,0.018085
bilstm_finetuned,clean,template,13,chichewa,chi_0055,1,0.998142
bilstm_finetuned,clean,template,13,chichewa,chi_0056,0,0.000225
bilstm_finetuned,clean,template,13,chichewa,chi_0057,1,0.357638
bilstm_finetuned,clean,template,13,chichewa,chi_0058,1,0.010136
bilstm_finetuned,clean,template,13,chichewa,chi_0059,0,0.017715
bilstm_finetuned,clean,template,13,chichewa,chi_0060,0,0.119010
bilstm_finetuned,clean,template,13,chichewa,chi_0061,1,0.007930
bilstm_finetuned,clean,template,13,chichewa,chi_0062,0,0.034363
bilstm_finetuned,clean,template,13,chichewa,chi_0063,1,0.017346
bilstm_finetuned,clean,template,13,chichewa,chi_0064,1,0.998842
bilstm_finetuned,clean,template,13,chichewa,chi_0065,1,0.002314
bilstm_finetuned,clean,template,13,chichewa,chi_0066,0,0.174407
bilstm_finetuned,clean,template,13,chichewa,chi_0067,0,0.010583
bilstm_finetuned,clean,template,13,chichewa,chi_0068,0,0.007538
bilstm_finetuned,clean,template,13,chichewa,chi_0069,1,0.999679
bilstm_finetuned,clean,template,13,chichewa,chi_0070,1,0.999754
bilstm_finetuned,clean,template,13,chichewa,chi_0071,0,0.052625
bilstm_finetuned,clean,template,13,chichewa,chi_0072,0,0.317553
bilstm_finetuned,clean,template,13,chichewa,chi_0073,1,0.984574
bilstm_finetuned,clean,template,13,chichewa,chi_0074,1,0.999481
bilstm_finetuned,clean,template,13,chichewa,chi_0075,0,0.006033
bilstm_finetuned,clean,template,13,chichewa,chi_0076,0,0.006711
bilstm_finetuned,clean,template,13,chichewa,chi_0077,0,0.006970
bilstm_finetuned,clean,template,13,chichewa,chi_0078,1,0.003838
bilstm_finetuned,clean,template,13,chichewa,chi_0079,1,0.998917
bilstm_finetuned,clean,template,13,chichewa,chi_0080,1,0.999496
bilstm_finetuned,clean,template,13,chichewa,chi_0081,1,0.996392
bilstm_finetuned,clean,template,13,chichewa,chi_0082,0,0.173434
bilstm_finetuned,clean,template,13,chichewa,chi_0083,0,0.342080
bilstm_finetuned,clean,template,13,chichewa,chi_0084,0,0.007066
bilstm_finetuned,clean,template,13,chichewa,chi_0085,1,0.997978
bilstm_finetuned,clean,template,13,chichewa,chi_0086,1,0.999659
bilstm_finetuned,clean,template,13,chichewa,chi_0087,0,0.005686
bilstm_finetuned,clean,template,13,chichewa,chi_0088,0,0.446648
bilstm_finetuned,clean,template,13,chichewa,chi_0089,0,0.445747
bilstm_finetuned,clean,template,13,chichewa,chi_0090,1,0.968942
bilstm_finetuned,clean,template,13,chichewa,chi_0091,0,0.550368
bilstm_finetuned,clean,template,13,chichewa,chi_0092,0,0.442874
bilstm_finetuned,clean,template,13,chichewa,chi_0093,0,0.435862
bilstm_finetuned,clean,template,13,chichewa,chi_0094,1,0.999572
bilstm_finetuned,clean,template,13,chichewa,chi_0095,1,0.986193
bilstm_finetuned,clean,template,13,chichewa,chi_0096,0,0.034001
bilstm_finetuned,clean,template,13,chichewa,chi_0097,0,0.014465
bilstm_finetuned,clean,template,13,chichewa,chi_0098,1,0.999597
bilstm_finetuned,clean,template,13,chichewa,chi_0099,1,0.999959
bilstm_finetuned,clean,template,13,chichewa,chi_0100,0,0.016097
bilstm_finetuned,clean,template,13,chichewa,chi_0101,1,0.999848
bilstm_finetuned,clean,template,13,chichewa,chi_0102,0,0.502350
bilstm_finetuned,clean,template,13,chichewa,chi_0103,0,0.432011
bilstm_finetuned,clean,template,13,chichewa,chi_0104,0,0.001646
bilstm_finetuned,clean,template,13,chichewa,chi_0105,1,0.800526
bilstm_finetuned,clean,template,13,chichewa,chi_0106,1,0.976029
bilstm_finetuned,clean,template,13,chichewa,chi_0107,1,0.997030
bilstm_finetuned,clean,template,13,chichewa,chi_0108,0,0.001652
bilstm_finetuned,clean,template,13,chichewa,chi_0109,0,0.010992
bilstm_finetuned,clean,template,13,chichewa,chi_0110,0,0.013140
bilstm_finetuned,clean,template,13,chichewa,chi_0111,1,0.999795
bilstm_finetuned,clean,template,13,chichewa,chi_0112,1,0.998849
bilstm_finetuned,clean,template,13,chichewa,chi_0113,1,0.999687
bilstm_finetuned,clean,template,13,chichewa,chi_0114,0,0.103216
bilstm_finetuned,clean,template,13,chichewa,chi_0115,0,0.171482
bilstm_finetuned,clean,template,13,chichewa,chi_0116,0,0.320057
bilstm_finetuned,clean,template,13,chichewa,chi_0117,1,0.999654
bilstm_finetuned,clean,template,13,chichewa,chi_0118,1,0.999686
bilstm_finetuned,clean,template,13,chichewa,chi_0119,1,0.003605
bilstm_finetuned,clean,template,13,chichewa,chi_0120,0,0.001225
bilstm_finetuned,clean,template,13,chichewa,chi_0121,0,0.255616
bilstm_finetuned,clean,template,13,chichewa,chi_0122,0,0.331315
bilstm_finetuned,clean,template,13,chichewa,chi_0123,1,0.999731
bilstm_finetuned,clean,template,13,chichewa,chi_0124,1,0.998961
bilstm_finetuned,clean,template,13,chichewa,chi_0125,1,0.993479
bilstm_finetuned,clean,template,13,chichewa,chi_0126,0,0.399635
bilstm_finetuned,clean,template,13,chichewa,chi_0127,0,0.035227
bilstm_finetuned,clean,template,13,chichewa,chi_0128,0,0.078849
bilstm_finetuned,clean,template,13,chichewa,chi_0129,1,0.999805
bilstm_finetuned,clean,template,13,chichewa,chi_0130,1,0.010607
bilstm_finetuned,clean,template,13,chichewa,chi_0131,0,0.052480
bilstm_finetuned,clean,template,13,chichewa,chi_0132,0,0.865884
bilstm_finetuned,clean,template,13,chichewa,chi_0133,0,0.001683
bilstm_finetuned,clean,template,13,chichewa,chi_0134,1,0.999464
bilstm_finetuned,clean,template,13,chichewa,chi_0135,0,0.004919
bilstm_finetuned,clean,template,13,chichewa,chi_0136,1,0.999662
bilstm_finetuned,clean,template,13,chichewa,chi_0137,0,0.000043
bilstm_finetuned,clean,template,13,chichewa,chi_0138,0,0.000603
bilstm_finetuned,clean,template,13,chichewa,chi_0139,0,0.013870
bilstm_finetuned,clean,template,13,chichewa,chi_0140,1,0.999432
bilstm_finetuned,clean,template,13,chichewa,chi_0141,0,0.002404
bilstm_finetuned,clean,template,13,chichewa,chi_0142,0,0.002278
bilstm_finetuned,clean,template,13,chichewa,chi_0143,0,0.010272
bilstm_finetuned,clean,template,13,chichewa,chi_0144,1,0.999137
bilstm_finetuned,clean,template,13,chichewa,chi_0145,0,0.012864
bilstm_finetuned,clean,template,13,chichewa,chi_0146,0,0.207371
bilstm_finetuned,clean,template,13,chichewa,chi_0147,1,0.999783
bilstm_finetuned,clean,template,13,chichewa,chi_0148,1,0.999559
bilstm_finetuned,clean,template,13,chichewa,chi_0149,0,0.004020
bilstm_finetuned,clean,template,13,chichewa,chi_0150,0,0.000311
bilstm_finetuned,clean,template,13,chichewa,chi_0151,1,0.001409
bilstm_finetuned,clean,template,13,chichewa,chi_0152,0,0.118124
bilstm_finetuned,clean,template,13,chichewa,chi_0153,0,0.186944
bilstm_finetuned,clean,template,13,chichewa,chi_0154,0,0.017726
bilstm_finetuned,clean,template,13,chichewa,chi_0155,1,0.998007
bilstm_finetuned,clean,template,13,chichewa,chi_0156,1,0.996774
bilstm_finetuned,clean,template,13,chichewa,chi_0157,1,0.999935
bilstm_finetuned,clean,template,13,chichewa,chi_0158,0,0.014525
bilstm_finetuned,clean,template,13,chichewa,chi_0159,0,0.119108
bilstm_finetuned,clean,template,13,chichewa,chi_0160,0,0.001057
bilstm_finetuned,clean,template,13,chichewa,chi_0161,1,0.996387
bilstm_finetuned,clean,template,13,chichewa,chi_0162,1,0.996348
bilstm_finetuned,clean,template,13,chichewa,chi_0163,1,0.997546
bilstm_finetuned,clean,template,13,chichewa,chi_0164,1,0.997730
bilstm_finetuned,clean,template,13,chichewa,chi_0165,0,0.138028
bilstm_finetuned,clean,template,13,chichewa,chi_0166,0,0.219897
bilstm_finetuned,clean,template,13,chichewa,chi_0167,1,0.996705
bilstm_finetuned,clean,template,13,chichewa,chi_0168,1,0.999137
bilstm_finetuned,clean,template,13,chichewa,chi_0169,0,0.008509
bilstm_finetuned,clean,template,13,chichewa,chi_0170,0,0.326052
bilstm_finetuned,clean,template,13,chichewa,chi_0171,1,0.999539
bilstm_finetuned,clean,template,13,chichewa,chi_0172,1,0.002507
bilstm_finetuned,clean,template,13,chichewa,chi_0173,0,0.131965
bilstm_finetuned,clean,template,13,chichewa,chi_0174,0,0.234408
bilstm_finetuned,clean,template,13,chichewa,chi_0175,0,0.046886
bilstm_finetuned,clean,template,13,chichewa,chi_0176,1,0.999450
bilstm_finetuned,clean,template,13,chichewa,chi_0177,1,0.010412
bilstm_finetuned,clean,template,13,chichewa,chi_0178,0,0.038141
bilstm_finetuned,clean,template,13,chichewa,chi_0179,1,0.008900
bilstm_finetuned,clean,template,13,chichewa,chi_0180,1,0.011492
bilstm_finetuned,clean,template,13,chichewa,chi_0181,1,0.037331
bilstm_finetuned,clean,template,13,chichewa,chi_0182,0,0.001470
bilstm_finetuned,clean,template,13,chichewa,chi_0183,0,0.015402
bilstm_finetuned,clean,template,13,chichewa,chi_0184,0,0.000230
bilstm_finetuned,clean,template,13,chichewa,chi_0185,1,0.999754
bilstm_finetuned,clean,template,13,chichewa,chi_0186,1,0.006613
bilstm_finetuned,clean,template,13,chichewa,chi_0187,1,0.001427
bilstm_finetuned,clean,template,13,chichewa,chi_0188,0,0.002094
bilstm_finetuned,clean,template,13,chichewa,chi_0189,0,0.028204
bilstm_finetuned,clean,template,13,chichewa,chi_0190,1,0.986897
bilstm_finetuned,clean,template,13,chichewa,chi_0191,1,0.996853
bilstm_finetuned,clean,template,13,chichewa,chi_0192,0,0.011933
bilstm_finetuned,clean,template,13,chichewa,chi_0193,0,0.028964
bilstm_finetuned,clean,template,13,chichewa,chi_0194,0,0.000736
bilstm_finetuned,clean,template,13,chichewa,chi_0195,0,0.000094
bilstm_finetuned,clean,template,13,chichewa,chi_0196,1,0.999996
bilstm_finetuned,clean,template,13,chichewa,chi_0197,1,0.999462
bilstm_finetuned,clean,template,13,chichewa,chi_0198,1,0.001442
bilstm_finetuned,clean,template,13,chichewa,chi_0199,1,0.989011
bilstm_finetuned,clean,template,13,chichewa,chi_0200,1,0.013589
bilstm_finetuned,clean,template,13,chichewa,chi_0201,0,0.080488
bilstm_finetuned,clean,template,13,chichewa,chi_0202,1,0.999546
bilstm_finetuned,clean,template,13,chichewa,chi_0203,1,0.006512
bilstm_finetuned,clean,template,13,chichewa,chi_0204,1,0.999868
bilstm_finetuned,clean,template,13,chichewa,chi_0205,0,0.018569
bilstm_finetuned,clean,template,13,chichewa,chi_0206,0,0.688692
bilstm_finetuned,clean,template,13,chichewa,chi_0207,1,0.999854
bilstm_finetuned,clean,template,13,chichewa,chi_0208,1,0.015664
bilstm_finetuned,clean,template,13,chichewa,chi_0209,1,0.000769
bilstm_finetuned,clean,template,13,chichewa,chi_0210,0,0.000128
bilstm_finetuned,clean,template,13,chichewa,chi_0211,0,0.003059
bilstm_finetuned,clean,template,13,chichewa,chi_0212,1,0.999958
bilstm_finetuned,clean,template,13,chichewa,chi_0213,1,0.999468
bilstm_finetuned,clean,template,13,chichewa,chi_0214,1,0.999960
bilstm_finetuned,clean,template,13,chichewa,chi_0215,0,0.002983
bilstm_finetuned,clean,template,13,chichewa,chi_0216,0,0.000282
bilstm_finetuned,clean,template,13,chichewa,chi_0217,1,0.999941
bilstm_finetuned,clean,template,13,chichewa,chi_0218,1,0.999626
bilstm_finetuned,clean,template,13,chichewa,chi_0219,1,0.998909
bilstm_finetuned,clean,template,13,chichewa,chi_0220,0,0.000272
bilstm_finetuned,clean,template,13,chichewa,chi_0221,0,0.081859
bilstm_finetuned,clean,template,13,chichewa,chi_0222,0,0.006075
bilstm_finetuned,clean,template,13,chichewa,chi_0223,1,0.149006
bilstm_finetuned,clean,template,13,chichewa,chi_0224,1,0.999654
bilstm_finetuned,clean,template,13,chichewa,chi_0225,0,0.000613
bilstm_finetuned,clean,template,13,chichewa,chi_0226,0,0.000087
bilstm_finetuned,clean,template,13,chichewa,chi_0227,0,0.000073
bilstm_finetuned,clean,template,13,chichewa,chi_0228,0,0.154715
bilstm_finetuned,clean,template,13,chichewa,chi_0229,1,0.999958
bilstm_finetuned,clean,template,13,chichewa,chi_0230,1,0.258352
bilstm_finetuned,clean,template,13,chichewa,chi_0231,1,0.999662
bilstm_finetuned,clean,template,13,chichewa,chi_0232,0,0.999228
bilstm_finetuned,clean,template,13,chichewa,chi_0233,1,0.999437
bilstm_finetuned,clean,template,13,chichewa,chi_0234,0,0.081893
bilstm_finetuned,clean,template,13,chichewa,chi_0235,0,0.003827
bilstm_finetuned,clean,template,13,chichewa,chi_0236,1,0.013671
bilstm_finetuned,clean,template,13,chichewa,chi_0237,1,0.005514
bilstm_finetuned,clean,template,13,chichewa,chi_0238,0,0.026314
bilstm_finetuned,clean,template,13,chichewa,chi_0239,0,0.000694
bilstm_finetuned,clean,template,13,chichewa,chi_0240,0,0.001791
bilstm_finetuned,clean,template,13,chichewa,chi_0241,0,0.000989
bilstm_finetuned,clean,template,13,chichewa,chi_0242,1,0.999738
bilstm_finetuned,clean,template,13,chichewa,chi_0243,1,0.024256
bilstm_finetuned,clean,template,13,chichewa,chi_0244,0,0.199823
bilstm_finetuned,clean,template,13,chichewa,chi_0245,1,0.999667
bilstm_finetuned,clean,template,13,chichewa,chi_0246,1,0.001101
bilstm_finetuned,clean,template,13,chichewa,chi_0247,1,0.109336
bilstm_finetuned,clean,template,13,chichewa,chi_0248,0,0.002241
bilstm_finetuned,clean,template,13,chichewa,chi_0249,0,0.001002
bilstm_finetuned,clean,template,13,chichewa,chi_0250,0,0.002238
bilstm_finetuned,clean,template,13,chichewa,chi_0251,0,0.995628
bilstm_finetuned,clean,template,13,chichewa,chi_0252,0,0.000763
bilstm_finetuned,clean,template,13,chichewa,chi_0253,0,0.003827
bilstm_finetuned,clean,template,13,chichewa,chi_0254,1,0.998916
bilstm_finetuned,clean,template,13,chichewa,chi_0255,1,0.999669
bilstm_finetuned,clean,template,13,chichewa,chi_0256,0,0.000775
bilstm_finetuned,clean,template,13,chichewa,chi_0257,0,0.001086
bilstm_finetuned,clean,template,13,chichewa,chi_0258,1,0.004872
bilstm_finetuned,clean,template,13,chichewa,chi_0259,0,0.772850
bilstm_finetuned,clean,template,13,chichewa,chi_0260,1,0.999560
bilstm_finetuned,clean,template,13,chichewa,chi_0261,1,0.017067
bilstm_finetuned,clean,template,13,chichewa,chi_0262,1,0.999746
bilstm_finetuned,clean,template,13,chichewa,chi_0263,0,0.014819
bilstm_finetuned,clean,template,13,chichewa,chi_0264,0,0.001395
bilstm_finetuned,clean,template,13,chichewa,chi_0265,0,0.005770
bilstm_finetuned,clean,template,13,chichewa,chi_0266,1,0.999752
bilstm_finetuned,clean,template,13,chichewa,chi_0267,1,0.998501
bilstm_finetuned,clean,template,13,chichewa,chi_0268,1,0.999448
bilstm_finetuned,clean,template,13,chichewa,chi_0269,0,0.000281
bilstm_finetuned,clean,template,13,chichewa,chi_0270,0,0.006602
bilstm_finetuned,clean,template,13,chichewa,chi_0271,0,0.002718
bilstm_finetuned,clean,template,13,chichewa,chi_0272,1,0.004131
bilstm_finetuned,clean,template,13,chichewa,chi_0273,1,0.999577
bilstm_finetuned,clean,template,13,chichewa,chi_0274,1,0.998822
bilstm_finetuned,clean,template,13,chichewa,chi_0275,1,0.999995
bilstm_finetuned,clean,template,13,chichewa,chi_0276,0,0.002352
bilstm_finetuned,clean,template,13,chichewa,chi_0277,1,0.013062
bilstm_finetuned,clean,template,13,chichewa,chi_0278,1,0.002498
bilstm_finetuned,clean,template,13,chichewa,chi_0279,0,0.001237
bilstm_finetuned,clean,template,13,chichewa,chi_0280,0,0.004136
bilstm_finetuned,clean,template,13,chichewa,chi_0281,1,0.999958
bilstm_finetuned,clean,template,13,chichewa,chi_0282,0,0.003791
bilstm_finetuned,clean,template,13,chichewa,chi_0283,0,0.002862
bilstm_finetuned,clean,template,13,chichewa,chi_0284,1,0.999748
bilstm_finetuned,clean,template,13,chichewa,chi_0285,1,0.999726
bilstm_finetuned,clean,template,13,chichewa,chi_0286,1,0.998312
bilstm_finetuned,clean,template,13,chichewa,chi_0287,0,0.006079
bilstm_finetuned,clean,template,13,chichewa,chi_0288,0,0.002856
bilstm_finetuned,clean,template,13,chichewa,chi_0289,0,0.000368
bilstm_finetuned,clean,template,13,chichewa,chi_0290,1,0.999649
bilstm_finetuned,clean,template,13,chichewa,chi_0291,1,0.999260
bilstm_finetuned,clean,template,13,chichewa,chi_0292,0,0.006418
bilstm_finetuned,clean,template,13,chichewa,chi_0293,0,0.985663
bilstm_finetuned,clean,template,13,chichewa,chi_0294,0,0.999960
bilstm_finetuned,clean,template,13,chichewa,chi_0295,1,0.999487
bilstm_finetuned,clean,template,13,chichewa,chi_0296,1,0.024518
bilstm_finetuned,clean,template,13,chichewa,chi_0297,0,0.005786
bilstm_finetuned,clean,template,13,chichewa,chi_0298,0,0.001112
bilstm_finetuned,clean,template,13,chichewa,chi_0299,0,0.015512
bilstm_finetuned,clean,template,13,chichewa,chi_0300,1,0.999781
bilstm_finetuned,clean,template,13,chichewa,chi_0301,1,0.003764
bilstm_finetuned,clean,template,13,chichewa,chi_0302,1,0.022063
bilstm_finetuned,clean,template,13,chichewa,chi_0303,0,0.015130
bilstm_finetuned,clean,template,13,chichewa,chi_0304,0,0.013750
bilstm_finetuned,clean,template,13,chichewa,chi_0305,0,0.014607
bilstm_finetuned,clean,template,13,chichewa,chi_0306,0,0.013273
bilstm_finetuned,clean,template,13,chichewa,chi_0307,1,0.999611
bilstm_finetuned,clean,template,13,chichewa,chi_0308,1,0.999777
bilstm_finetuned,clean,template,13,chichewa,chi_0309,1,0.999826
bilstm_finetuned,clean,template,13,chichewa,chi_0310,1,0.995901
bilstm_finetuned,clean,template,13,chichewa,chi_0311,0,0.004032
bilstm_finetuned,clean,template,13,chichewa,chi_0312,0,0.996575
bilstm_finetuned,clean,template,13,chichewa,chi_0313,0,0.015330
bilstm_finetuned,clean,template,13,chichewa,chi_0314,1,0.999717
bilstm_finetuned,clean,template,13,chichewa,chi_0315,1,0.005429
bilstm_finetuned,clean,template,13,chichewa,chi_0316,0,0.015102
bilstm_finetuned,clean,template,13,chichewa,chi_0317,0,0.001530
bilstm_finetuned,clean,template,13,chichewa,chi_0318,1,0.999145
bilstm_finetuned,clean,template,13,chichewa,chi_0319,1,0.028631
bilstm_finetuned,clean,template,13,chichewa,chi_0320,0,0.000925
bilstm_finetuned,clean,template,13,chichewa,chi_0321,1,0.987238
bilstm_finetuned,clean,template,13,chichewa,chi_0322,0,0.004057
bilstm_finetuned,clean,template,13,chichewa,chi_0323,0,0.007410
bilstm_finetuned,clean,template,13,chichewa,chi_0324,0,0.008272
bilstm_finetuned,clean,template,13,chichewa,chi_0325,0,0.999996
bilstm_finetuned,clean,template,13,chichewa,chi_0326,1,0.999668
bilstm_finetuned,clean,template,13,chichewa,chi_0327,1,0.998946
bilstm_finetuned,clean,template,13,chichewa,chi_0328,0,0.005971
bilstm_finetuned,clean,template,13,chichewa,chi_0329,0,0.011603
bilstm_finetuned,clean,template,13,chichewa,chi_0330,0,0.001367
bilstm_finetuned,clean,template,13,chichewa,chi_0331,1,0.999601
bilstm_finetuned,clean,template,13,chichewa,chi_0332,0,0.107947
bilstm_finetuned,clean,template,13,chichewa,chi_0333,0,0.334471
bilstm_finetuned,clean,template,13,chichewa,chi_0334,0,0.331912
bilstm_finetuned,clean,template,13,chichewa,chi_0335,0,0.000311
bilstm_finetuned,clean,template,13,chichewa,chi_0336,1,0.999846
bilstm_finetuned,clean,template,13,chichewa,chi_0337,1,0.001208
bilstm_finetuned,clean,template,13,chichewa,chi_0338,1,0.019326
bilstm_finetuned,clean,template,13,chichewa,chi_0339,0,0.007697
bilstm_finetuned,clean,template,13,chichewa,chi_0340,0,0.006995
bilstm_finetuned,clean,template,13,chichewa,chi_0341,0,0.002567
bilstm_finetuned,clean,template,13,chichewa,chi_0342,1,0.027951
bilstm_finetuned,clean,template,13,chichewa,chi_0343,1,0.999679
bilstm_finetuned,clean,template,13,chichewa,chi_0344,1,0.017567
bilstm_finetuned,clean,template,13,chichewa,chi_0345,0,0.003997
bilstm_finetuned,clean,template,13,chichewa,chi_0346,0,0.000132
bilstm_finetuned,clean,template,13,chichewa,chi_0347,1,0.999767
bilstm_finetuned,clean,template,13,chichewa,chi_0348,0,0.009502
bilstm_finetuned,clean,template,13,chichewa,chi_0349,0,0.003169
bilstm_finetuned,clean,template,13,chichewa,chi_0350,1,0.999774
bilstm_finetuned,clean,template,13,chichewa,chi_0351,1,0.018423
bilstm_finetuned,clean,template,13,chichewa,chi_0352,1,0.016881
bilstm_finetuned,clean,template,13,chichewa,chi_0353,1,0.000588
bilstm_finetuned,clean,template,13,chichewa,chi_0354,1,0.009973
bilstm_finetuned,clean,template,13,chichewa,chi_0355,0,0.009616
bilstm_finetuned,clean,template,13,chichewa,chi_0356,0,0.001446
bilstm_finetuned,clean,template,13,chichewa,chi_0357,0,0.002857
bilstm_finetuned,clean,template,13,chichewa,chi_0358,0,0.000401
bilstm_finetuned,clean,template,13,chichewa,chi_0359,1,0.991804
bilstm_finetuned,clean,template,13,chichewa,chi_0360,0,0.990402
bilstm_finetuned,clean,template,13,chichewa,chi_0361,1,0.999427
bilstm_finetuned,clean,template,13,chichewa,chi_0362,1,0.999917
bilstm_finetuned,clean,template,13,chichewa,chi_0363,1,0.984640
bilstm_finetuned,clean,template,13,chichewa,chi_0364,0,0.000668
bilstm_finetuned,clean,template,13,chichewa,chi_0365,0,0.001855
bilstm_finetuned,clean,template,13,chichewa,chi_0366,0,0.005332
bilstm_finetuned,clean,template,13,chichewa,chi_0367,1,0.998321
bilstm_finetuned,clean,template,13,chichewa,chi_0368,1,0.990618
bilstm_finetuned,clean,template,13,chichewa,chi_0369,0,0.002649
bilstm_finetuned,clean,template,13,chichewa,chi_0370,0,0.002739
bilstm_finetuned,clean,template,13,chichewa,chi_0371,0,0.006003
bilstm_finetuned,clean,template,13,chichewa,chi_0372,1,0.997322
bilstm_finetuned,clean,template,13,chichewa,chi_0373,1,0.996567
bilstm_finetuned,clean,template,13,chichewa,chi_0374,0,0.000638
bilstm_finetuned,clean,template,13,chichewa,chi_0375,0,0.000613
bilstm_finetuned,clean,template,13,chichewa,chi_0376,1,0.008075
bilstm_finetuned,clean,template,13,chichewa,chi_0377,1,0.000779
bilstm_finetuned,clean,template,13,chichewa,chi_0378,0,0.035570
bilstm_finetuned,clean,template,13,chichewa,chi_0379,0,0.000120
bilstm_finetuned,clean,template,13,chichewa,chi_0380,1,0.001811
bilstm_finetuned,clean,template,13,chichewa,chi_0381,1,0.009488
bilstm_finetuned,clean,template,13,chichewa,chi_0382,0,0.000170
bilstm_finetuned,clean,template,13,chichewa,chi_0383,0,0.001212
bilstm_finetuned,clean,template,13,chichewa,chi_0384,1,0.010112
bilstm_finetuned,clean,template,13,chichewa,chi_0385,1,0.026936
bilstm_finetuned,clean,template,13,chichewa,chi_0386,1,0.001668
bilstm_finetuned,clean,template,13,chichewa,chi_0387,1,0.996781
bilstm_finetuned,clean,template,13,chichewa,chi_0388,0,0.008303
bilstm_finetuned,clean,template,13,chichewa,chi_0389,1,0.003531
bilstm_finetuned,clean,template,13,chichewa,chi_0390,0,0.001528
bilstm_finetuned,clean,template,13,chichewa,chi_0391,0,0.000737
bilstm_finetuned,clean,template,13,chichewa,chi_0392,1,0.115266
bilstm_finetuned,clean,template,13,chichewa,chi_0393,0,0.000435
bilstm_finetuned,clean,template,13,chichewa,chi_0394,0,0.000375
bilstm_finetuned,clean,template,13,chichewa,chi_0395,1,0.999639
bilstm_finetuned,clean,template,13,chichewa,chi_0396,0,0.000790
bilstm_finetuned,clean,template,13,chichewa,chi_0397,0,0.027694
bilstm_finetuned,clean,template,13,chichewa,chi_0398,0,0.022102
bilstm_finetuned,clean,template,13,chichewa,chi_0399,0,0.990409
bilstm_finetuned,clean,template,13,chichewa,chi_0400,0,0.001214
bilstm_finetuned,clean,template,13,chichewa,chi_0401,0,0.001242
bilstm_finetuned,clean,template,13,chichewa,chi_0402,0,0.000875
bilstm_finetuned,clean,template,13,chichewa,chi_0403,0,0.000384
bilstm_finetuned,clean,template,13,chichewa,chi_0404,0,0.000403
bilstm_finetuned,clean,template,13,chichewa,chi_0405,0,0.000441
bilstm_finetuned,clean,template,13,chichewa,chi_0406,0,0.000608
bilstm_finetuned,clean,template,13,chichewa,chi_0407,0,0.000486
bilstm_finetuned,clean,template,13,chichewa,chi_0408,0,0.010534
bilstm_finetuned,clean,template,13,chichewa,chi_0409,0,0.041153
bilstm_finetuned,clean,template,13,chichewa,chi_0410,0,0.000521
bilstm_finetuned,clean,template,13,chichewa,chi_0411,1,0.004387
bilstm_finetuned,clean,template,13,chichewa,chi_0412,1,0.008613
bilstm_finetuned,clean,template,13,chichewa,chi_0413,1,0.999316
bilstm_finetuned,clean,template,13,chichewa,chi_0414,0,0.203129
bilstm_finetuned,clean,template,13,chichewa,chi_0415,0,0.000622
bilstm_finetuned,clean,template,13,chichewa,chi_0416,1,0.021451
bilstm_finetuned,clean,template,13,chichewa,chi_0417,1,0.014343
bilstm_finetuned,clean,template,13,chichewa,chi_0418,1,0.015418
bilstm_finetuned,clean,template,13,chichewa,chi_0419,0,0.048810
bilstm_finetuned,clean,template,13,chichewa,chi_0420,1,0.998406
bilstm_finetuned,clean,template,13,chichewa,chi_0421,0,0.074592
bilstm_finetuned,clean,template,13,chichewa,chi_0422,0,0.027016
bilstm_finetuned,clean,template,13,chichewa,chi_0423,1,0.999708
bilstm_finetuned,clean,template,13,chichewa,chi_0424,1,0.010459
bilstm_finetuned,clean,template,13,chichewa,chi_0425,0,0.153709
bilstm_finetuned,clean,template,13,chichewa,chi_0426,1,0.009759
bilstm_finetuned,clean,template,13,chichewa,chi_0427,1,0.002665
bilstm_finetuned,clean,template,13,chichewa,chi_0428,1,0.999734
bilstm_finetuned,clean,template,13,chichewa,chi_0429,0,0.009877
bilstm_finetuned,clean,template,13,chichewa,chi_0430,0,0.013279
bilstm_finetuned,clean,template,13,chichewa,chi_0431,0,0.014396
bilstm_finetuned,clean,template,13,chichewa,chi_0432,1,0.999910
bilstm_finetuned,clean,template,13,chichewa,chi_0433,1,0.999794
bilstm_finetuned,clean,template,13,chichewa,chi_0434,1,0.999811
bilstm_finetuned,clean,template,13,chichewa,chi_0435,1,0.016862
bilstm_finetuned,clean,template,13,chichewa,chi_0436,1,0.999867
bilstm_finetuned,clean,template,13,chichewa,chi_0437,1,0.999868
bilstm_finetuned,clean,template,13,chichewa,chi_0438,1,0.999628
bilstm_finetuned,clean,template,13,chichewa,chi_0439,1,0.998926
bilstm_finetuned,clean,template,13,chichewa,chi_0440,1,0.999810
bilstm_finetuned,clean,template,13,chichewa,chi_0441,1,0.999583
bilstm_finetuned,clean,template,13,chichewa,chi_0442,1,0.999809
bilstm_finetuned,clean,template,13,chichewa,chi_0443,1,0.006324
bilstm_finetuned,clean,template,13,chichewa,chi_0444,1,0.999656
bilstm_finetuned,clean,template,13,chichewa,chi_0445,1,0.017485
bilstm_finetuned,clean,template,13,chichewa,chi_0446,1,0.033204
bilstm_finetuned,clean,template,13,chichewa,chi_0447,1,0.029736
bilstm_finetuned,clean,template,13,chichewa,chi_0448,1,0.024520
bilstm_finetuned,clean,template,13,chichewa,chi_0449,1,0.999700
bilstm_finetuned,clean,template,13,chichewa,chi_0450,1,0.999581
bilstm_finetuned,clean,template,13,chichewa,chi_0451,0,0.003465
bilstm_finetuned,clean,template,13,chichewa,chi_0452,0,0.001524
bilstm_finetuned,clean,template,13,chichewa,chi_0453,1,0.999416
bilstm_finetuned,clean,template,13,chichewa,chi_0454,1,0.999870
bilstm_finetuned,clean,template,13,chichewa,chi_0455,1,0.999150
bilstm_finetuned,clean,template,13,chichewa,chi_0456,1,0.999673
bilstm_finetuned,clean,template,13,chichewa,chi_0457,1,0.999868
bilstm_finetuned,clean,template,13,chichewa,chi_0458,1,0.999770
bilstm_finetuned,clean,template,13,chichewa,chi_0459,0,0.015543
bilstm_finetuned,clean,template,13,chichewa,chi_0460,1,0.999772
bilstm_finetuned,clean,template,13,chichewa,chi_0461,1,0.999127
bilstm_finetuned,clean,template,13,chichewa,chi_0462,0,0.000478
bilstm_finetuned,clean,template,13,chichewa,chi_0463,0,0.000658
bilstm_finetuned,clean,template,13,chichewa,chi_0464,1,0.999402
bilstm_finetuned,clean,template,13,chichewa,chi_0465,0,0.000480
bilstm_finetuned,clean,template,13,chichewa,chi_0466,0,0.996973
bilstm_finetuned,clean,template,13,chichewa,chi_0467,1,0.999733
bilstm_finetuned,clean,template,13,chichewa,chi_0468,1,0.999519
bilstm_finetuned,clean,template,13,chichewa,chi_0469,0,0.001613
bilstm_finetuned,clean,template,13,chichewa,chi_0470,0,0.031665
bilstm_finetuned,clean,template,13,chichewa,chi_0471,1,0.999607
bilstm_finetuned,clean,template,13,chichewa,chi_0472,1,0.999828
bilstm_finetuned,clean,template,13,chichewa,chi_0473,0,0.001595
bilstm_finetuned,clean,template,13,chichewa,chi_0474,0,0.084461
bilstm_finetuned,clean,template,13,chichewa,chi_0475,1,0.999457
bilstm_finetuned,clean,template,13,chichewa,chi_0476,1,0.998912
bilstm_finetuned,clean,template,13,chichewa,chi_0477,1,0.999494
bilstm_finetuned,clean,template,13,chichewa,chi_0478,0,0.007935
bilstm_finetuned,clean,template,13,chichewa,chi_0479,0,0.494507
bilstm_finetuned,clean,template,13,chichewa,chi_0480,0,0.002964
bilstm_finetuned,clean,template,13,chichewa,chi_0481,1,0.999199
bilstm_finetuned,clean,template,13,chichewa,chi_0482,1,0.998396
bilstm_finetuned,clean,template,13,chichewa,chi_0483,0,0.998641
bilstm_finetuned,clean,template,13,chichewa,chi_0484,0,0.993566
bilstm_finetuned,clean,template,13,chichewa,chi_0485,0,0.001154
bilstm_finetuned,clean,template,13,chichewa,chi_0486,1,0.007633
bilstm_finetuned,clean,template,13,chichewa,chi_0487,1,0.999552
bilstm_finetuned,clean,template,13,chichewa,chi_0488,1,0.004048
bilstm_finetuned,clean,template,13,chichewa,chi_0489,0,0.999376
bilstm_finetuned,clean,template,13,chichewa,chi_0490,0,0.999632
bilstm_finetuned,clean,template,13,chichewa,chi_0491,1,0.999661
bilstm_finetuned,clean,template,13,chichewa,chi_0492,1,0.999639
bilstm_finetuned,clean,template,13,chichewa,chi_0493,1,0.999984
bilstm_finetuned,clean,template,13,chichewa,chi_0494,0,0.030193
bilstm_finetuned,clean,template,13,chichewa,chi_0495,0,0.012327
bilstm_finetuned,clean,template,13,chichewa,chi_0496,0,0.002032
bilstm_finetuned,clean,template,13,chichewa,chi_0497,1,0.999796
bilstm_finetuned,clean,template,13,chichewa,chi_0498,1,0.999577
bilstm_finetuned,clean,template,13,chichewa,chi_0499,0,0.000718
bilstm_finetuned,clean,template,13,chichewa,chi_0500,0,0.000558
bilstm_finetuned,clean,template,13,chichewa,chi_0501,0,0.992430
bilstm_finetuned,clean,template,13,chichewa,chi_0502,1,0.998952
bilstm_finetuned,clean,template,13,chichewa,chi_0503,1,0.998640
bilstm_finetuned,clean,template,13,chichewa,chi_0504,1,0.999691
bilstm_finetuned,clean,template,13,chichewa,chi_0505,0,0.000534
bilstm_finetuned,clean,template,13,chichewa,chi_0506,0,0.000503
bilstm_finetuned,clean,template,13,chichewa,chi_0507,0,0.000388
bilstm_finetuned,clean,template,13,chichewa,chi_0508,1,0.999395
bilstm_finetuned,clean,template,13,chichewa,chi_0509,1,0.997877
bilstm_finetuned,clean,template,13,chichewa,chi_0510,1,0.999597
bilstm_finetuned,clean,template,13,chichewa,chi_0511,0,0.010187
bilstm_finetuned,clean,template,13,chichewa,chi_0512,0,0.001240
bilstm_finetuned,clean,template,13,chichewa,chi_0513,0,0.002095
bilstm_finetuned,clean,template,13,chichewa,chi_0514,1,0.000208
bilstm_finetuned,clean,template,13,chichewa,chi_0515,1,0.999346
bilstm_finetuned,clean,template,13,chichewa,chi_0516,1,0.995018
bilstm_finetuned,clean,template,13,chichewa,chi_0517,0,0.998273
bilstm_finetuned,clean,template,13,chichewa,chi_0518,0,0.002582
bilstm_finetuned,clean,template,13,chichewa,chi_0519,1,0.999932
bilstm_finetuned,clean,template,13,chichewa,chi_0520,1,0.993235
bilstm_finetuned,clean,template,13,chichewa,chi_0521,1,0.000519
bilstm_finetuned,clean,template,13,chichewa,chi_0522,0,0.997283
bilstm_finetuned,clean,template,13,chichewa,chi_0523,0,0.002441
bilstm_finetuned,clean,template,13,chichewa,chi_0524,0,0.015431
bilstm_finetuned,clean,template,13,chichewa,chi_0525,1,0.999596
bilstm_finetuned,clean,template,13,chichewa,chi_0526,1,0.999563
bilstm_finetuned,clean,template,13,chichewa,chi_0527,1,0.996509
bilstm_finetuned,clean,template,13,chichewa,chi_0528,0,0.001780
bilstm_finetuned,clean,template,13,chichewa,chi_0529,0,0.997891
bilstm_finetuned,clean,template,13,chichewa,chi_0530,0,0.000186
bilstm_finetuned,clean,template,13,chichewa,chi_0531,1,0.999617
bilstm_finetuned,clean,template,13,chichewa,chi_0532,1,0.999848
bilstm_finetuned,clean,template,13,chichewa,chi_0533,1,0.998834
bilstm_finetuned,clean,template,13,chichewa,chi_0534,0,0.994442
bilstm_finetuned,clean,template,13,chichewa,chi_0535,0,0.001925
bilstm_finetuned,clean,template,13,chichewa,chi_0536,0,0.006173
bilstm_finetuned,clean,template,13,chichewa,chi_0537,1,0.998422
bilstm_finetuned,clean,template,13,chichewa,chi_0538,1,0.005275
bilstm_finetuned,clean,template,13,chichewa,chi_0539,1,0.999957
bilstm_finetuned,clean,template,13,chichewa,chi_0540,0,0.001381
bilstm_finetuned,clean,template,13,chichewa,chi_0541,0,0.001527
bilstm_finetuned,clean,template,13,chichewa,chi_0542,0,0.002007
bilstm_finetuned,clean,template,13,chichewa,chi_0543,1,0.999679
bilstm_finetuned,clean,template,13,chichewa,chi_0544,1,0.999630
bilstm_finetuned,clean,template,13,chichewa,chi_0545,1,0.999877
bilstm_finetuned,clean,template,13,chichewa,chi_0546,0,0.001709
bilstm_finetuned,clean,template,13,chichewa,chi_0547,0,0.988671
bilstm_finetuned,clean,template,13,chichewa,chi_0548,0,0.002435
bilstm_finetuned,clean,template,13,chichewa,chi_0549,1,0.999515
bilstm_finetuned,clean,template,13,chichewa,chi_0550,1,0.999450
bilstm_finetuned,clean,template,13,chichewa,chi_0551,1,0.999566
bilstm_finetuned,clean,template,13,chichewa,chi_0552,0,0.995313
bilstm_finetuned,clean,template,13,chichewa,chi_0553,0,0.002182
bilstm_finetuned,clean,template,13,chichewa,chi_0554,1,0.991356
bilstm_finetuned,clean,template,13,chichewa,chi_0555,1,0.982625
bilstm_finetuned,clean,template,13,chichewa,chi_0556,1,0.996620
bilstm_finetuned,clean,template,13,chichewa,chi_0557,0,0.996972
bilstm_finetuned,clean,template,13,chichewa,chi_0558,0,0.003294
bilstm_finetuned,clean,template,13,chichewa,chi_0559,0,0.999206
bilstm_finetuned,clean,template,13,chichewa,chi_0560,1,0.997730
bilstm_finetuned,clean,template,13,chichewa,chi_0561,1,0.999380
bilstm_finetuned,clean,template,13,chichewa,chi_0562,1,0.998950
bilstm_finetuned,clean,template,13,chichewa,chi_0563,0,0.009611
bilstm_finetuned,clean,template,13,chichewa,chi_0564,0,0.986906
bilstm_finetuned,clean,template,13,chichewa,chi_0565,0,0.005464
bilstm_finetuned,clean,template,13,chichewa,chi_0566,0,0.003525
bilstm_finetuned,clean,template,13,chichewa,chi_0567,1,0.998992
bilstm_finetuned,clean,template,13,chichewa,chi_0568,1,0.999166
bilstm_finetuned,clean,template,13,chichewa,chi_0569,1,0.999351
bilstm_finetuned,clean,template,13,chichewa,chi_0570,1,0.999557
bilstm_finetuned,clean,template,13,chichewa,chi_0571,0,0.996166
bilstm_finetuned,clean,template,13,chichewa,chi_0572,1,0.999602
bilstm_finetuned,clean,template,13,chichewa,chi_0573,1,0.004253
bilstm_finetuned,clean,template,13,chichewa,chi_0574,1,0.997877
bilstm_finetuned,clean,template,13,chichewa,chi_0575,0,0.990680
bilstm_finetuned,clean,template,13,chichewa,chi_0576,1,0.009097
bilstm_finetuned,clean,template,13,chichewa,chi_0577,1,0.117850
bilstm_finetuned,clean,template,13,chichewa,chi_0578,0,0.020779
bilstm_finetuned,clean,template,13,chichewa,chi_0579,0,0.008596
bilstm_finetuned,clean,template,13,chichewa,chi_0580,0,0.041221
bilstm_finetuned,clean,template,13,chichewa,chi_0581,1,0.035321
bilstm_finetuned,clean,template,13,chichewa,chi_0582,0,0.000163
bilstm_finetuned,clean,template,13,chichewa,chi_0583,0,0.079242
bilstm_finetuned,clean,template,13,chichewa,chi_0584,0,0.042468
bilstm_finetuned,clean,template,13,chichewa,chi_0585,0,0.108868
bilstm_finetuned,clean,template,13,chichewa,chi_0586,0,0.000338
bilstm_finetuned,clean,template,13,chichewa,chi_0587,0,0.012155
bilstm_finetuned,clean,template,13,chichewa,chi_0588,0,0.089945
bilstm_finetuned,clean,template,13,chichewa,chi_0589,1,0.003081
bilstm_finetuned,clean,template,13,chichewa,chi_0590,1,0.999995
bilstm_finetuned,clean,template,13,chichewa,chi_0591,1,0.989306
bilstm_finetuned,clean,template,13,chichewa,chi_0592,0,0.039604
bilstm_finetuned,clean,template,13,chichewa,chi_0593,0,0.997733
bilstm_finetuned,clean,template,13,chichewa,chi_0594,0,0.252663
bilstm_finetuned,clean,template,13,chichewa,chi_0595,1,0.013299
bilstm_finetuned,clean,template,13,chichewa,chi_0596,1,0.990115
bilstm_finetuned,clean,template,13,chichewa,chi_0597,1,0.953024
bilstm_finetuned,clean,template,13,chichewa,chi_0598,1,0.688243
bilstm_finetuned,clean,template,13,chichewa,chi_0599,0,0.001311
bilstm_finetuned,clean,template,13,chichewa,chi_0600,0,0.001576
bilstm_finetuned,clean,template,13,chichewa,chi_0601,0,0.001646
bilstm_finetuned,clean,template,13,chichewa,chi_0602,1,0.997342
bilstm_finetuned,clean,template,13,chichewa,chi_0603,0,0.001489
bilstm_finetuned,clean,template,13,chichewa,chi_0604,0,0.001267
bilstm_finetuned,clean,template,13,chichewa,chi_0605,0,0.995791
bilstm_finetuned,clean,template,13,chichewa,chi_0606,1,0.002156
bilstm_finetuned,clean,template,13,chichewa,chi_0607,0,0.061425
bilstm_finetuned,clean,template,13,chichewa,chi_0608,0,0.052966
bilstm_finetuned,clean,template,13,chichewa,chi_0609,0,0.079635
bilstm_finetuned,clean,template,13,chichewa,chi_0610,1,0.997240
bilstm_finetuned,clean,template,13,chichewa,chi_0611,0,0.007910
bilstm_finetuned,clean,template,13,chichewa,chi_0612,0,0.371874
bilstm_finetuned,clean,template,13,chichewa,chi_0613,0,0.002790
bilstm_finetuned,clean,template,13,chichewa,chi_0614,0,0.000299
bilstm_finetuned,clean,template,13,chichewa,chi_0615,1,0.999643
bilstm_finetuned,clean,template,13,chichewa,chi_0616,0,0.135329
bilstm_finetuned,clean,template,13,chichewa,chi_0617,0,0.113094
bilstm_finetuned,clean,template,13,chichewa,chi_0618,1,0.999977
bilstm_finetuned,clean,template,13,chichewa,chi_0619,1,0.999909
bilstm_finetuned,clean,template,13,chichewa,chi_0620,1,0.997429
bilstm_finetuned,clean,template,13,chichewa,chi_0621,0,0.007215
bilstm_finetuned,clean,template,13,chichewa,chi_0622,0,0.002319
bilstm_finetuned,clean,template,13,chichewa,chi_0623,0,0.005758
bilstm_finetuned,clean,template,13,chichewa,chi_0624,1,0.999597
bilstm_finetuned,clean,template,13,chichewa,chi_0625,0,0.997575
bilstm_finetuned,clean,template,13,chichewa,chi_0626,0,0.243451
bilstm_finetuned,clean,template,13,chichewa,chi_0627,0,0.257367
bilstm_finetuned,clean,template,13,chichewa,chi_0628,0,0.011248
bilstm_finetuned,clean,template,13,chichewa,chi_0629,0,0.013014
bilstm_finetuned,clean,template,13,chichewa,chi_0630,1,0.999602
bilstm_finetuned,clean,template,13,chichewa,chi_0631,1,0.004218
bilstm_finetuned,clean,template,13,chichewa,chi_0632,0,0.994906
bilstm_finetuned,clean,template,13,chichewa,chi_0633,0,0.003992
bilstm_finetuned,clean,template,13,chichewa,chi_0634,1,0.998782
bilstm_finetuned,clean,template,13,chichewa,chi_0635,1,0.998869
bilstm_finetuned,clean,template,13,chichewa,chi_0636,1,0.003446
bilstm_finetuned,clean,template,13,chichewa,chi_0637,0,0.001189
bilstm_finetuned,clean,template,13,chichewa,chi_0638,0,0.001676
bilstm_finetuned,clean,template,13,chichewa,chi_0639,0,0.997378
bilstm_finetuned,clean,template,13,chichewa,chi_0640,0,0.990271
bilstm_finetuned,clean,template,13,chichewa,chi_0641,1,0.997767
bilstm_finetuned,clean,template,13,chichewa,chi_0642,1,0.997992
bilstm_finetuned,clean,template,13,chichewa,chi_0643,1,0.996135
bilstm_finetuned,clean,template,13,chichewa,chi_0644,0,0.999675
bilstm_finetuned,clean,template,13,chichewa,chi_0645,1,0.999894
bilstm_finetuned,clean,template,13,chichewa,chi_0646,1,0.999910
bilstm_finetuned,clean,template,13,chichewa,chi_0647,1,0.998210
bilstm_finetuned,clean,template,13,chichewa,chi_0648,1,0.999784
bilstm_finetuned,clean,template,13,chichewa,chi_0649,1,0.999367
bilstm_finetuned,clean,template,13,chichewa,chi_0650,1,0.999893
bilstm_finetuned,clean,template,13,chichewa,chi_0651,1,0.999356
bilstm_finetuned,clean,template,13,chichewa,chi_0652,1,0.007764
bilstm_finetuned,clean,template,13,chichewa,chi_0653,1,0.999812
bilstm_finetuned,clean,template,13,chichewa,chi_0654,1,0.022086
bilstm_finetuned,clean,template,13,chichewa,chi_0655,1,0.998981
bilstm_finetuned,clean,template,13,chichewa,chi_0656,1,0.002803
bilstm_finetuned,clean,template,13,chichewa,chi_0657,1,0.009256
bilstm_finetuned,clean,template,13,chichewa,chi_0658,1,0.999220
bilstm_finetuned,clean,template,13,chichewa,chi_0659,1,0.999893
bilstm_finetuned,clean,template,13,chichewa,chi_0660,1,0.999757
bilstm_finetuned,clean,template,13,chichewa,chi_0661,1,0.006531
bilstm_finetuned,clean,template,13,chichewa,chi_0662,1,0.009597
bilstm_finetuned,clean,template,13,chichewa,chi_0663,1,0.005355
bilstm_finetuned,clean,template,13,chichewa,chi_0664,1,0.999939
bilstm_finetuned,clean,template,13,chichewa,chi_0665,1,0.982778
bilstm_finetuned,clean,template,13,chichewa,chi_0666,1,0.976866
bilstm_finetuned,clean,template,13,chichewa,chi_0667,1,0.001312
bilstm_finetuned,clean,template,13,chichewa,chi_0668,0,0.010194
bilstm_finetuned,clean,template,13,chichewa,chi_0669,0,0.020784
bilstm_finetuned,clean,template,13,chichewa,chi_0670,0,0.999658
bilstm_finetuned,clean,template,13,chichewa,chi_0671,0,0.003866
bilstm_finetuned,clean,template,13,chichewa,chi_0672,0,0.008990
bilstm_finetuned,clean,template,13,chichewa,chi_0673,0,0.006171
bilstm_finetuned,clean,template,13,chichewa,chi_0674,0,0.999661
bilstm_finetuned,clean,template,13,chichewa,chi_0675,0,0.012459
bilstm_finetuned,clean,template,13,chichewa,chi_0676,0,0.030752
bilstm_finetuned,clean,template,13,chichewa,chi_0677,0,0.026213
bilstm_finetuned,clean,template,13,chichewa,chi_0678,0,0.008037
bilstm_finetuned,clean,template,13,chichewa,chi_0679,0,0.001013
bilstm_finetuned,clean,template,13,chichewa,chi_0680,0,0.007865
bilstm_finetuned,clean,template,13,chichewa,chi_0681,0,0.999912
bilstm_finetuned,clean,template,13,chichewa,chi_0682,0,0.005250
bilstm_finetuned,clean,template,13,chichewa,chi_0683,0,0.010042
bilstm_finetuned,clean,template,13,chichewa,chi_0684,0,0.005674
bilstm_finetuned,clean,template,13,chichewa,chi_0685,0,0.000260
bilstm_finetuned,clean,template,13,chichewa,chi_0686,0,0.007632
bilstm_finetuned,clean,template,13,chichewa,chi_0687,0,0.001410
bilstm_finetuned,clean,template,13,chichewa,chi_0688,0,0.005981
bilstm_finetuned,clean,template,13,chichewa,chi_0689,0,0.008228
bilstm_finetuned,clean,template,13,chichewa,chi_0690,0,0.019917
bilstm_finetuned,clean,template,13,chichewa,chi_0691,0,0.999392
bilstm_finetuned,clean,template,13,chichewa,chi_0692,0,0.002914
bilstm_finetuned,clean,template,13,chichewa,chi_0693,0,0.006082
bilstm_finetuned,clean,template,13,chichewa,chi_0694,0,0.006243
bilstm_finetuned,clean,template,13,chichewa,chi_0695,0,0.011607
bilstm_finetuned,clean,template,13,chichewa,chi_0696,0,0.004085
bilstm_finetuned,clean,template,13,chichewa,chi_0697,0,0.031911
bilstm_finetuned,clean,template,13,chichewa,chi_0698,0,0.004605
bilstm_finetuned,clean,template,13,chichewa,chi_0699,0,0.999881
bilstm_finetuned,clean,template,13,chichewa,chi_0700,0,0.028787
bilstm_finetuned,clean,template,13,chichewa,chi_0701,0,0.998789
bilstm_finetuned,clean,template,13,chichewa,chi_0702,0,0.010687
bilstm_finetuned,clean,template,13,chichewa,chi_0703,0,0.548694
bilstm_finetuned,clean,template,13,chichewa,chi_0704,0,0.994282
bilstm_finetuned,clean,template,13,chichewa,chi_0705,0,0.007812
bilstm_finetuned,clean,template,13,chichewa,chi_0706,0,0.997957
bilstm_finetuned,clean,template,13,chichewa,chi_0707,0,0.001598
bilstm_finetuned,clean,template,13,chichewa,chi_0708,0,0.999631
bilstm_finetuned,clean,template,13,chichewa,chi_0709,0,0.999631
bilstm_finetuned,clean,template,13,chichewa,chi_0710,0,0.000046
bilstm_finetuned,clean,template,13,chichewa,chi_0711,0,0.999630
bilstm_finetuned,clean,template,13,chichewa,chi_0712,0,0.999643
bilstm_finetuned,clean,template,13,chichewa,chi_0713,0,0.006033
bilstm_finetuned,clean,template,13,chichewa,chi_0714,0,0.001818
bilstm_finetuned,clean,template,13,chichewa,chi_0715,0,0.009658
bilstm_finetuned,clean,template,13,chichewa,chi_0716,0,0.008796
bilstm_finetuned,clean,template,13,chichewa,chi_0717,0,0.007154
bilstm_finetuned,clean,template,13,chichewa,chi_0718,0,0.998762
bilstm_finetuned,clean,template,13,chichewa,chi_0719,0,0.001527
bilstm_finetuned,clean,template,13,chichewa,chi_0720,0,0.000687
bilstm_finetuned,clean,template,13,chichewa,chi_0721,0,0.320171
bilstm_finetuned,clean,template,13,chichewa,chi_0722,0,0.001242
bilstm_finetuned,clean,template,13,chichewa,chi_0723,0,0.001635
bilstm_finetuned,clean,template,13,chichewa,chi_0724,0,0.002030
bilstm_finetuned,clean,template,13,chichewa,chi_0725,0,0.543711
bilstm_finetuned,clean,template,13,chichewa,chi_0726,0,0.014336
bilstm_finetuned,clean,template,13,chichewa,chi_0727,0,0.009525
bilstm_finetuned,clean,template,13,chichewa,chi_0728,0,0.009177
bilstm_finetuned,clean,template,13,chichewa,chi_0729,0,0.001839
bilstm_finetuned,clean,template,13,chichewa,chi_0730,0,0.002134
bilstm_finetuned,clean,template,13,chichewa,chi_0731,0,0.015535
bilstm_finetuned,clean,template,13,chichewa,chi_0732,0,0.001453
bilstm_finetuned,clean,template,13,ctrl_lookalike,bongo_0029,0,0.000866
bilstm_finetuned,clean,template,13,ctrl_lookalike,bongo_0053,0,0.000530
bilstm_finetuned,clean,template,13,ctrl_lookalike,bongo_0097,0,0.000648
bilstm_finetuned,clean,template,13,ctrl_lookalike,bongo_0107,0,0.000811
bilstm_finetuned,clean,template,13,ctrl_lookalike,bongo_0110,0,0.000032
bilstm_finetuned,clean,template,13,ctrl_lookalike,bongo_0115,0,0.000827
bilstm_finetuned,clean,template,13,ctrl_lookalike,bongo_0143,0,0.000907
bilstm_finetuned,clean,template,13,ctrl_lookalike,bongo_0160,0,0.000026
bilstm_finetuned,clean,template,13,ctrl_lookalike,bongo_0172,0,0.996473
bilstm_finetuned,clean,template,13,ctrl_lookalike,bongo_0175,0,0.000026
bilstm_finetuned,clean,template,13,ctrl_lookalike,bongo_0182,0,0.000014
bilstm_finetuned,clean,template,13,ctrl_lookalike,bongo_0197,0,0.000112
bilstm_finetuned,clean,template,13,ctrl_lookalike,bongo_0253,0,0.000158
bilstm_finetuned,clean,template,13,ctrl_lookalike,bongo_0271,0,0.000036
bilstm_finetuned,clean,template,13,ctrl_lookalike,bongo_0300,0,0.000455
bilstm_finetuned,clean,template,13,ctrl_lookalike,bongo_0306,0,0.001076
bilstm_finetuned,clean,template,13,ctrl_lookalike,bongo_0363,0,0.000447
bilstm_finetuned,clean,template,13,ctrl_lookalike,bongo_0368,0,0.000310
bilstm_finetuned,clean,template,13,ctrl_lookalike,bongo_0372,0,0.000130
bilstm_finetuned,clean,template,13,ctrl_lookalike,bongo_0389,0,0.000034
bilstm_finetuned,clean,template,13,ctrl_lookalike,bongo_0395,0,0.000231
bilstm_finetuned,clean,template,13,ctrl_lookalike,bongo_0427,0,0.001083
bilstm_finetuned,clean,template,13,ctrl_lookalike,bongo_0463,0,0.000105
bilstm_finetuned,clean,template,13,ctrl_lookalike,bongo_0531,0,0.000216
bilstm_finetuned,clean,template,13,ctrl_lookalike,bongo_0542,0,0.000022
bilstm_finetuned,clean,template,13,ctrl_lookalike,bongo_0545,0,0.000075
bilstm_finetuned,clean,template,13,ctrl_lookalike,bongo_0571,0,0.000035
bilstm_finetuned,clean,template,13,ctrl_lookalike,bongo_0630,0,0.000641
bilstm_finetuned,clean,template,13,ctrl_lookalike,bongo_0648,0,0.005517
bilstm_finetuned,clean,template,13,ctrl_lookalike,bongo_0674,0,0.000220
bilstm_finetuned,clean,template,13,ctrl_lookalike,bongo_0685,0,0.003447
bilstm_finetuned,clean,template,13,ctrl_lookalike,bongo_0701,0,0.000040
bilstm_finetuned,clean,template,13,ctrl_lookalike,bongo_0741,0,0.000031
bilstm_finetuned,clean,template,13,ctrl_lookalike,bongo_0795,0,0.870090
bilstm_finetuned,clean,template,13,ctrl_lookalike,bongo_0818,0,0.001904
bilstm_finetuned,clean,template,13,ctrl_lookalike,bongo_0819,0,0.001257
bilstm_finetuned,clean,template,13,ctrl_lookalike,bongo_0835,0,0.001672
bilstm_finetuned,clean,template,13,ctrl_lookalike,bongo_0856,0,0.001042
bilstm_finetuned,clean,template,13,ctrl_lookalike,bongo_0872,0,0.000658
bilstm_finetuned,clean,template,13,ctrl_lookalike,bongo_0904,0,0.000051
bilstm_finetuned,clean,template,13,ctrl_lookalike,bongo_0950,0,0.000139
bilstm_finetuned,clean,template,13,ctrl_lookalike,bongo_0956,0,0.000028
bilstm_finetuned,clean,template,13,ctrl_lookalike,bongo_0971,0,0.000037
bilstm_finetuned,clean,template,13,ctrl_lookalike,bongo_0983,0,0.000046
bilstm_finetuned,clean,template,13,ctrl_lookalike,bongo_0994,0,0.014361
bilstm_finetuned,clean,template,13,ctrl_lookalike,bongo_1006,0,0.001411
bilstm_finetuned,clean,template,13,ctrl_lookalike,bongo_1015,0,0.000014
bilstm_finetuned,clean,template,13,ctrl_lookalike,bongo_1037,0,0.000039
bilstm_finetuned,clean,template,13,ctrl_lookalike,bongo_1040,0,0.000791
bilstm_finetuned,clean,template,13,ctrl_lookalike,bongo_1050,0,0.000029
bilstm_finetuned,clean,template,13,ctrl_lookalike,bongo_1059,0,0.000026
bilstm_finetuned,clean,template,13,ctrl_lookalike,bongo_1071,0,0.000915
bilstm_finetuned,clean,template,13,ctrl_lookalike,bongo_1090,0,0.000023
bilstm_finetuned,clean,template,13,ctrl_lookalike,bongo_1115,0,0.000009
bilstm_finetuned,clean,template,13,ctrl_lookalike,bongo_1123,0,0.000032
bilstm_finetuned,clean,template,13,ctrl_lookalike,bongo_1125,0,0.051208
bilstm_finetuned,clean,template,13,ctrl_lookalike,bongo_1135,0,0.092327
bilstm_finetuned,clean,template,13,ctrl_lookalike,bongo_1155,0,0.000039
bilstm_finetuned,clean,template,13,ctrl_lookalike,bongo_1194,0,0.000523
bilstm_finetuned,clean,template,13,ctrl_lookalike,bongo_1198,0,0.000594
bilstm_finetuned,clean,template,13,ctrl_lookalike,bongo_1236,0,0.001805
bilstm_finetuned,clean,template,13,ctrl_lookalike,bongo_1244,0,0.000028
bilstm_finetuned,clean,template,13,ctrl_lookalike,bongo_1249,0,0.000011
bilstm_finetuned,clean,template,13,ctrl_lookalike,bongo_1253,0,0.006162
bilstm_finetuned,clean,template,13,ctrl_lookalike,bongo_1260,0,0.000089
bilstm_finetuned,clean,template,13,ctrl_lookalike,bongo_1262,0,0.000052
bilstm_finetuned,clean,template,13,ctrl_lookalike,bongo_1285,0,0.000204
bilstm_finetuned,clean,template,13,ctrl_lookalike,bongo_1316,0,0.000195
bilstm_finetuned,clean,template,13,ctrl_lookalike,bongo_1330,0,0.014584
bilstm_finetuned,clean,template,13,ctrl_lookalike,bongo_1359,0,0.007497
bilstm_finetuned,clean,template,13,ctrl_lookalike,bongo_1375,0,0.001144
bilstm_finetuned,clean,template,13,ctrl_structural,bongo_0029,0,0.999996
bilstm_finetuned,clean,template,13,ctrl_structural,bongo_0053,0,0.667778
bilstm_finetuned,clean,template,13,ctrl_structural,bongo_0097,0,0.810032
bilstm_finetuned,clean,template,13,ctrl_structural,bongo_0107,0,0.523743
bilstm_finetuned,clean,template,13,ctrl_structural,bongo_0110,0,0.265801
bilstm_finetuned,clean,template,13,ctrl_structural,bongo_0115,0,0.660873
bilstm_finetuned,clean,template,13,ctrl_structural,bongo_0143,0,0.006599
bilstm_finetuned,clean,template,13,ctrl_structural,bongo_0160,0,0.000038
bilstm_finetuned,clean,template,13,ctrl_structural,bongo_0172,0,0.998175
bilstm_finetuned,clean,template,13,ctrl_structural,bongo_0175,0,0.000028
bilstm_finetuned,clean,template,13,ctrl_structural,bongo_0182,0,0.000017
bilstm_finetuned,clean,template,13,ctrl_structural,bongo_0197,0,0.000487
bilstm_finetuned,clean,template,13,ctrl_structural,bongo_0253,0,0.999439
bilstm_finetuned,clean,template,13,ctrl_structural,bongo_0271,0,0.890662
bilstm_finetuned,clean,template,13,ctrl_structural,bongo_0300,0,0.591984
bilstm_finetuned,clean,template,13,ctrl_structural,bongo_0306,0,0.625388
bilstm_finetuned,clean,template,13,ctrl_structural,bongo_0363,0,0.999994
bilstm_finetuned,clean,template,13,ctrl_structural,bongo_0368,0,0.999994
bilstm_finetuned,clean,template,13,ctrl_structural,bongo_0372,0,0.999247
bilstm_finetuned,clean,template,13,ctrl_structural,bongo_0389,0,0.005758
bilstm_finetuned,clean,template,13,ctrl_structural,bongo_0395,0,0.520661
bilstm_finetuned,clean,template,13,ctrl_structural,bongo_0427,0,0.056748
bilstm_finetuned,clean,template,13,ctrl_structural,bongo_0463,0,0.999250
bilstm_finetuned,clean,template,13,ctrl_structural,bongo_0531,0,0.999989
bilstm_finetuned,clean,template,13,ctrl_structural,bongo_0542,0,0.000048
bilstm_finetuned,clean,template,13,ctrl_structural,bongo_0545,0,0.373395
bilstm_finetuned,clean,template,13,ctrl_structural,bongo_0571,0,0.012991
bilstm_finetuned,clean,template,13,ctrl_structural,bongo_0630,0,0.999996
bilstm_finetuned,clean,template,13,ctrl_structural,bongo_0648,0,0.999995
bilstm_finetuned,clean,template,13,ctrl_structural,bongo_0674,0,0.489473
bilstm_finetuned,clean,template,13,ctrl_structural,bongo_0685,0,0.999991
bilstm_finetuned,clean,template,13,ctrl_structural,bongo_0701,0,0.993497
bilstm_finetuned,clean,template,13,ctrl_structural,bongo_0741,0,0.863361
bilstm_finetuned,clean,template,13,ctrl_structural,bongo_0795,0,0.988896
bilstm_finetuned,clean,template,13,ctrl_structural,bongo_0818,0,0.999996
bilstm_finetuned,clean,template,13,ctrl_structural,bongo_0819,0,0.999994
bilstm_finetuned,clean,template,13,ctrl_structural,bongo_0835,0,0.999995
bilstm_finetuned,clean,template,13,ctrl_structural,bongo_0856,0,0.592855
bilstm_finetuned,clean,template,13,ctrl_structural,bongo_0872,0,0.998673
bilstm_finetuned,clean,template,13,ctrl_structural,bongo_0904,0,0.991709
bilstm_finetuned,clean,template,13,ctrl_structural,bongo_0950,0,0.530908
bilstm_finetuned,clean,template,13,ctrl_structural,bongo_0956,0,0.000049
bilstm_finetuned,clean,template,13,ctrl_structural,bongo_0971,0,0.000052
bilstm_finetuned,clean,template,13,ctrl_structural,bongo_0983,0,0.999462
bilstm_finetuned,clean,template,13,ctrl_structural,bongo_0994,0,0.478856
bilstm_finetuned,clean,template,13,ctrl_structural,bongo_1006,0,0.551867
bilstm_finetuned,clean,template,13,ctrl_structural,bongo_1015,0,0.000022
bilstm_finetuned,clean,template,13,ctrl_structural,bongo_1037,0,0.007965
bilstm_finetuned,clean,template,13,ctrl_structural,bongo_1040,0,0.000044
bilstm_finetuned,clean,template,13,ctrl_structural,bongo_1050,0,0.000032
bilstm_finetuned,clean,template,13,ctrl_structural,bongo_1059,0,0.000035
bilstm_finetuned,clean,template,13,ctrl_structural,bongo_1071,0,0.569878
bilstm_finetuned,clean,template,13,ctrl_structural,bongo_1090,0,0.000031
bilstm_finetuned,clean,template,13,ctrl_structural,bongo_1115,0,0.766205
bilstm_finetuned,clean,template,13,ctrl_structural,bongo_1123,0,0.022670
bilstm_finetuned,clean,template,13,ctrl_structural,bongo_1125,0,0.999995
bilstm_finetuned,clean,template,13,ctrl_structural,bongo_1135,0,0.450282
bilstm_finetuned,clean,template,13,ctrl_structural,bongo_1155,0,0.999306
bilstm_finetuned,clean,template,13,ctrl_structural,bongo_1194,0,0.999213
bilstm_finetuned,clean,template,13,ctrl_structural,bongo_1198,0,0.667591
bilstm_finetuned,clean,template,13,ctrl_structural,bongo_1236,0,0.613074
bilstm_finetuned,clean,template,13,ctrl_structural,bongo_1244,0,0.000045
bilstm_finetuned,clean,template,13,ctrl_structural,bongo_1249,0,0.000016
bilstm_finetuned,clean,template,13,ctrl_structural,bongo_1253,0,0.999111
bilstm_finetuned,clean,template,13,ctrl_structural,bongo_1260,0,0.076047
bilstm_finetuned,clean,template,13,ctrl_structural,bongo_1262,0,0.000051
bilstm_finetuned,clean,template,13,ctrl_structural,bongo_1285,0,0.558681
bilstm_finetuned,clean,template,13,ctrl_structural,bongo_1316,0,0.001663
bilstm_finetuned,clean,template,13,ctrl_structural,bongo_1330,0,0.999996
bilstm_finetuned,clean,template,13,ctrl_structural,bongo_1359,0,0.010583
bilstm_finetuned,clean,template,13,ctrl_structural,bongo_1375,0,0.999986
bilstm_finetuned,clean,template,13,ctrl_codeswitch,bongo_0029,0,0.035802
bilstm_finetuned,clean,template,13,ctrl_codeswitch,bongo_0053,0,0.000088
bilstm_finetuned,clean,template,13,ctrl_codeswitch,bongo_0097,0,0.000395
bilstm_finetuned,clean,template,13,ctrl_codeswitch,bongo_0107,0,0.000020
bilstm_finetuned,clean,template,13,ctrl_codeswitch,bongo_0110,0,0.000016
bilstm_finetuned,clean,template,13,ctrl_codeswitch,bongo_0115,0,0.000408
bilstm_finetuned,clean,template,13,ctrl_codeswitch,bongo_0143,0,0.000265
bilstm_finetuned,clean,template,13,ctrl_codeswitch,bongo_0160,0,0.000027
bilstm_finetuned,clean,template,13,ctrl_codeswitch,bongo_0172,0,0.608817
bilstm_finetuned,clean,template,13,ctrl_codeswitch,bongo_0175,0,0.000026
bilstm_finetuned,clean,template,13,ctrl_codeswitch,bongo_0182,0,0.000012
bilstm_finetuned,clean,template,13,ctrl_codeswitch,bongo_0197,0,0.000040
bilstm_finetuned,clean,template,13,ctrl_codeswitch,bongo_0253,0,0.000051
bilstm_finetuned,clean,template,13,ctrl_codeswitch,bongo_0271,0,0.000036
bilstm_finetuned,clean,template,13,ctrl_codeswitch,bongo_0300,0,0.000035
bilstm_finetuned,clean,template,13,ctrl_codeswitch,bongo_0306,0,0.000050
bilstm_finetuned,clean,template,13,ctrl_codeswitch,bongo_0363,0,0.000033
bilstm_finetuned,clean,template,13,ctrl_codeswitch,bongo_0368,0,0.000218
bilstm_finetuned,clean,template,13,ctrl_codeswitch,bongo_0372,0,0.000088
bilstm_finetuned,clean,template,13,ctrl_codeswitch,bongo_0389,0,0.000031
bilstm_finetuned,clean,template,13,ctrl_codeswitch,bongo_0395,0,0.000339
bilstm_finetuned,clean,template,13,ctrl_codeswitch,bongo_0427,0,0.001607
bilstm_finetuned,clean,template,13,ctrl_codeswitch,bongo_0463,0,0.000169
bilstm_finetuned,clean,template,13,ctrl_codeswitch,bongo_0531,0,0.000109
bilstm_finetuned,clean,template,13,ctrl_codeswitch,bongo_0542,0,0.000026
bilstm_finetuned,clean,template,13,ctrl_codeswitch,bongo_0545,0,0.000028
bilstm_finetuned,clean,template,13,ctrl_codeswitch,bongo_0571,0,0.000027
bilstm_finetuned,clean,template,13,ctrl_codeswitch,bongo_0630,0,0.000108
bilstm_finetuned,clean,template,13,ctrl_codeswitch,bongo_0648,0,0.009938
bilstm_finetuned,clean,template,13,ctrl_codeswitch,bongo_0674,0,0.000020
bilstm_finetuned,clean,template,13,ctrl_codeswitch,bongo_0685,0,0.120289
bilstm_finetuned,clean,template,13,ctrl_codeswitch,bongo_0701,0,0.000028
bilstm_finetuned,clean,template,13,ctrl_codeswitch,bongo_0741,0,0.000029
bilstm_finetuned,clean,template,13,ctrl_codeswitch,bongo_0795,0,0.000439
bilstm_finetuned,clean,template,13,ctrl_codeswitch,bongo_0818,0,0.002821
bilstm_finetuned,clean,template,13,ctrl_codeswitch,bongo_0819,0,0.000108
bilstm_finetuned,clean,template,13,ctrl_codeswitch,bongo_0835,0,0.000026
bilstm_finetuned,clean,template,13,ctrl_codeswitch,bongo_0856,0,0.000056
bilstm_finetuned,clean,template,13,ctrl_codeswitch,bongo_0872,0,0.002554
bilstm_finetuned,clean,template,13,ctrl_codeswitch,bongo_0904,0,0.000309
bilstm_finetuned,clean,template,13,ctrl_codeswitch,bongo_0950,0,0.000026
bilstm_finetuned,clean,template,13,ctrl_codeswitch,bongo_0956,0,0.000026
bilstm_finetuned,clean,template,13,ctrl_codeswitch,bongo_0971,0,0.000032
bilstm_finetuned,clean,template,13,ctrl_codeswitch,bongo_0983,0,0.000073
bilstm_finetuned,clean,template,13,ctrl_codeswitch,bongo_0994,0,0.000173
bilstm_finetuned,clean,template,13,ctrl_codeswitch,bongo_1006,0,0.000036
bilstm_finetuned,clean,template,13,ctrl_codeswitch,bongo_1015,0,0.000014
bilstm_finetuned,clean,template,13,ctrl_codeswitch,bongo_1037,0,0.000044
bilstm_finetuned,clean,template,13,ctrl_codeswitch,bongo_1040,0,0.000040
bilstm_finetuned,clean,template,13,ctrl_codeswitch,bongo_1050,0,0.000028
bilstm_finetuned,clean,template,13,ctrl_codeswitch,bongo_1059,0,0.000024
bilstm_finetuned,clean,template,13,ctrl_codeswitch,bongo_1071,0,0.000033
bilstm_finetuned,clean,template,13,ctrl_codeswitch,bongo_1090,0,0.000019
bilstm_finetuned,clean,template,13,ctrl_codeswitch,bongo_1115,0,0.000009
bilstm_finetuned,clean,template,13,ctrl_codeswitch,bongo_1123,0,0.000030
bilstm_finetuned,clean,template,13,ctrl_codeswitch,bongo_1125,0,0.002881
bilstm_finetuned,clean,template,13,ctrl_codeswitch,bongo_1135,0,0.004074
bilstm_finetuned,clean,template,13,ctrl_codeswitch,bongo_1155,0,0.000029
bilstm_finetuned,clean,template,13,ctrl_codeswitch,bongo_1194,0,0.000523
bilstm_finetuned,clean,template,13,ctrl_codeswitch,bongo_1198,0,0.000074
bilstm_finetuned,clean,template,13,ctrl_codeswitch,bongo_1236,0,0.000046
bilstm_finetuned,clean,template,13,ctrl_codeswitch,bongo_1244,0,0.000029
bilstm_finetuned,clean,template,13,ctrl_codeswitch,bongo_1249,0,0.000010
bilstm_finetuned,clean,template,13,ctrl_codeswitch,bongo_1253,0,0.001516
bilstm_finetuned,clean,template,13,ctrl_codeswitch,bongo_1260,0,0.000033
bilstm_finetuned,clean,template,13,ctrl_codeswitch,bongo_1262,0,0.000053
bilstm_finetuned,clean,template,13,ctrl_codeswitch,bongo_1285,0,0.000028
bilstm_finetuned,clean,template,13,ctrl_codeswitch,bongo_1316,0,0.000063
bilstm_finetuned,clean,template,13,ctrl_codeswitch,bongo_1330,0,0.050357
bilstm_finetuned,clean,template,13,ctrl_codeswitch,bongo_1359,0,0.003396
bilstm_finetuned,clean,template,13,ctrl_codeswitch,bongo_1375,0,0.000044
bilstm_finetuned,clean,template,13,val+norm,bongo_0004,1,0.999995
bilstm_finetuned,clean,template,13,val+norm,bongo_0007,1,0.999944
bilstm_finetuned,clean,template,13,val+norm,bongo_0008,0,0.000046
bilstm_finetuned,clean,template,13,val+norm,bongo_0031,1,0.999995
bilstm_finetuned,clean,template,13,val+norm,bongo_0033,0,0.000032
bilstm_finetuned,clean,template,13,val+norm,bongo_0036,1,0.999996
bilstm_finetuned,clean,template,13,val+norm,bongo_0046,1,0.999995
bilstm_finetuned,clean,template,13,val+norm,bongo_0052,1,0.999990
bilstm_finetuned,clean,template,13,val+norm,bongo_0057,1,0.999963
bilstm_finetuned,clean,template,13,val+norm,bongo_0063,0,0.000039
bilstm_finetuned,clean,template,13,val+norm,bongo_0065,0,0.000052
bilstm_finetuned,clean,template,13,val+norm,bongo_0076,0,0.000027
bilstm_finetuned,clean,template,13,val+norm,bongo_0081,0,0.000034
bilstm_finetuned,clean,template,13,val+norm,bongo_0088,1,0.999985
bilstm_finetuned,clean,template,13,val+norm,bongo_0089,1,0.999995
bilstm_finetuned,clean,template,13,val+norm,bongo_0095,0,0.000021
bilstm_finetuned,clean,template,13,val+norm,bongo_0101,1,0.999917
bilstm_finetuned,clean,template,13,val+norm,bongo_0102,1,0.999997
bilstm_finetuned,clean,template,13,val+norm,bongo_0103,1,0.999748
bilstm_finetuned,clean,template,13,val+norm,bongo_0105,0,0.000031
bilstm_finetuned,clean,template,13,val+norm,bongo_0111,0,0.000042
bilstm_finetuned,clean,template,13,val+norm,bongo_0120,1,0.999995
bilstm_finetuned,clean,template,13,val+norm,bongo_0121,0,0.000064
bilstm_finetuned,clean,template,13,val+norm,bongo_0127,0,0.000015
bilstm_finetuned,clean,template,13,val+norm,bongo_0145,0,0.000037
bilstm_finetuned,clean,template,13,val+norm,bongo_0148,0,0.000761
bilstm_finetuned,clean,template,13,val+norm,bongo_0181,1,0.999709
bilstm_finetuned,clean,template,13,val+norm,bongo_0186,0,0.000029
bilstm_finetuned,clean,template,13,val+norm,bongo_0191,0,0.000033
bilstm_finetuned,clean,template,13,val+norm,bongo_0210,1,0.999995
bilstm_finetuned,clean,template,13,val+norm,bongo_0226,1,0.999995
bilstm_finetuned,clean,template,13,val+norm,bongo_0228,1,0.999995
bilstm_finetuned,clean,template,13,val+norm,bongo_0235,1,0.999995
bilstm_finetuned,clean,template,13,val+norm,bongo_0243,1,0.999997
bilstm_finetuned,clean,template,13,val+norm,bongo_0247,1,0.999994
bilstm_finetuned,clean,template,13,val+norm,bongo_0248,1,0.999997
bilstm_finetuned,clean,template,13,val+norm,bongo_0264,0,0.000219
bilstm_finetuned,clean,template,13,val+norm,bongo_0275,0,0.000039
bilstm_finetuned,clean,template,13,val+norm,bongo_0278,1,0.999997
bilstm_finetuned,clean,template,13,val+norm,bongo_0312,1,0.999995
bilstm_finetuned,clean,template,13,val+norm,bongo_0315,1,0.999991
bilstm_finetuned,clean,template,13,val+norm,bongo_0319,1,0.999995
bilstm_finetuned,clean,template,13,val+norm,bongo_0353,1,0.999990
bilstm_finetuned,clean,template,13,val+norm,bongo_0370,1,0.999974
bilstm_finetuned,clean,template,13,val+norm,bongo_0377,1,0.999969
bilstm_finetuned,clean,template,13,val+norm,bongo_0393,0,0.000092
bilstm_finetuned,clean,template,13,val+norm,bongo_0403,1,0.999997
bilstm_finetuned,clean,template,13,val+norm,bongo_0410,0,0.000023
bilstm_finetuned,clean,template,13,val+norm,bongo_0411,0,0.000042
bilstm_finetuned,clean,template,13,val+norm,bongo_0426,0,0.000017
bilstm_finetuned,clean,template,13,val+norm,bongo_0430,0,0.000255
bilstm_finetuned,clean,template,13,val+norm,bongo_0438,1,0.999944
bilstm_finetuned,clean,template,13,val+norm,bongo_0451,1,0.999915
bilstm_finetuned,clean,template,13,val+norm,bongo_0455,1,0.999989
bilstm_finetuned,clean,template,13,val+norm,bongo_0466,1,0.999985
bilstm_finetuned,clean,template,13,val+norm,bongo_0495,0,0.000333
bilstm_finetuned,clean,template,13,val+norm,bongo_0499,1,0.999995
bilstm_finetuned,clean,template,13,val+norm,bongo_0502,1,0.999965
bilstm_finetuned,clean,template,13,val+norm,bongo_0548,0,0.000042
bilstm_finetuned,clean,template,13,val+norm,bongo_0556,1,0.999973
bilstm_finetuned,clean,template,13,val+norm,bongo_0557,1,0.999965
bilstm_finetuned,clean,template,13,val+norm,bongo_0561,0,0.002311
bilstm_finetuned,clean,template,13,val+norm,bongo_0563,0,0.000039
bilstm_finetuned,clean,template,13,val+norm,bongo_0570,1,0.999995
bilstm_finetuned,clean,template,13,val+norm,bongo_0581,0,0.000019
bilstm_finetuned,clean,template,13,val+norm,bongo_0587,1,0.999965
bilstm_finetuned,clean,template,13,val+norm,bongo_0593,0,0.000026
bilstm_finetuned,clean,template,13,val+norm,bongo_0607,0,0.000041
bilstm_finetuned,clean,template,13,val+norm,bongo_0610,0,0.000010
bilstm_finetuned,clean,template,13,val+norm,bongo_0632,1,0.999995
bilstm_finetuned,clean,template,13,val+norm,bongo_0634,0,0.000050
bilstm_finetuned,clean,template,13,val+norm,bongo_0637,1,0.999992
bilstm_finetuned,clean,template,13,val+norm,bongo_0643,0,0.000043
bilstm_finetuned,clean,template,13,val+norm,bongo_0666,1,0.999985
bilstm_finetuned,clean,template,13,val+norm,bongo_0672,0,0.000126
bilstm_finetuned,clean,template,13,val+norm,bongo_0680,1,0.999923
bilstm_finetuned,clean,template,13,val+norm,bongo_0681,0,0.000046
bilstm_finetuned,clean,template,13,val+norm,bongo_0693,0,0.000029
bilstm_finetuned,clean,template,13,val+norm,bongo_0694,0,0.000522
bilstm_finetuned,clean,template,13,val+norm,bongo_0698,1,0.999995
bilstm_finetuned,clean,template,13,val+norm,bongo_0726,0,0.000183
bilstm_finetuned,clean,template,13,val+norm,bongo_0742,0,0.000034
bilstm_finetuned,clean,template,13,val+norm,bongo_0752,0,0.000050
bilstm_finetuned,clean,template,13,val+norm,bongo_0754,0,0.000010
bilstm_finetuned,clean,template,13,val+norm,bongo_0762,1,0.999915
bilstm_finetuned,clean,template,13,val+norm,bongo_0764,1,0.999995
bilstm_finetuned,clean,template,13,val+norm,bongo_0788,1,0.999997
bilstm_finetuned,clean,template,13,val+norm,bongo_0805,0,0.000031
bilstm_finetuned,clean,template,13,val+norm,bongo_0809,0,0.000027
bilstm_finetuned,clean,template,13,val+norm,bongo_0811,1,0.999996
bilstm_finetuned,clean,template,13,val+norm,bongo_0823,1,0.999968
bilstm_finetuned,clean,template,13,val+norm,bongo_0827,1,0.999995
bilstm_finetuned,clean,template,13,val+norm,bongo_0833,0,0.000045
bilstm_finetuned,clean,template,13,val+norm,bongo_0844,1,0.999995
bilstm_finetuned,clean,template,13,val+norm,bongo_0869,1,0.999991
bilstm_finetuned,clean,template,13,val+norm,bongo_0880,1,0.999997
bilstm_finetuned,clean,template,13,val+norm,bongo_0886,1,0.999968
bilstm_finetuned,clean,template,13,val+norm,bongo_0911,1,0.999965
bilstm_finetuned,clean,template,13,val+norm,bongo_0919,0,0.000028
bilstm_finetuned,clean,template,13,val+norm,bongo_0921,1,0.999992
bilstm_finetuned,clean,template,13,val+norm,bongo_0922,0,0.000034
bilstm_finetuned,clean,template,13,val+norm,bongo_0923,1,0.999991
bilstm_finetuned,clean,template,13,val+norm,bongo_0943,1,0.999996
bilstm_finetuned,clean,template,13,val+norm,bongo_0948,1,0.999991
bilstm_finetuned,clean,template,13,val+norm,bongo_0949,1,0.999895
bilstm_finetuned,clean,template,13,val+norm,bongo_0959,1,0.999995
bilstm_finetuned,clean,template,13,val+norm,bongo_0961,1,0.999974
bilstm_finetuned,clean,template,13,val+norm,bongo_0973,0,0.000039
bilstm_finetuned,clean,template,13,val+norm,bongo_0988,0,0.000049
bilstm_finetuned,clean,template,13,val+norm,bongo_0992,0,0.000320
bilstm_finetuned,clean,template,13,val+norm,bongo_1001,1,0.999994
bilstm_finetuned,clean,template,13,val+norm,bongo_1028,1,0.999994
bilstm_finetuned,clean,template,13,val+norm,bongo_1039,0,0.000029
bilstm_finetuned,clean,template,13,val+norm,bongo_1044,0,0.000024
bilstm_finetuned,clean,template,13,val+norm,bongo_1082,0,0.007009
bilstm_finetuned,clean,template,13,val+norm,bongo_1086,1,0.999945
bilstm_finetuned,clean,template,13,val+norm,bongo_1099,0,0.000257
bilstm_finetuned,clean,template,13,val+norm,bongo_1101,1,0.999974
bilstm_finetuned,clean,template,13,val+norm,bongo_1108,0,0.000035
bilstm_finetuned,clean,template,13,val+norm,bongo_1109,0,0.000040
bilstm_finetuned,clean,template,13,val+norm,bongo_1120,0,0.000022
bilstm_finetuned,clean,template,13,val+norm,bongo_1124,0,0.000027
bilstm_finetuned,clean,template,13,val+norm,bongo_1130,1,0.999995
bilstm_finetuned,clean,template,13,val+norm,bongo_1132,1,0.999980
bilstm_finetuned,clean,template,13,val+norm,bongo_1137,1,0.999990
bilstm_finetuned,clean,template,13,val+norm,bongo_1145,0,0.000050
bilstm_finetuned,clean,template,13,val+norm,bongo_1153,0,0.000123
bilstm_finetuned,clean,template,13,val+norm,bongo_1161,0,0.000207
bilstm_finetuned,clean,template,13,val+norm,bongo_1162,0,0.012735
bilstm_finetuned,clean,template,13,val+norm,bongo_1163,1,0.999990
bilstm_finetuned,clean,template,13,val+norm,bongo_1166,1,0.999994
bilstm_finetuned,clean,template,13,val+norm,bongo_1197,1,0.999783
bilstm_finetuned,clean,template,13,val+norm,bongo_1203,1,0.999993
bilstm_finetuned,clean,template,13,val+norm,bongo_1212,0,0.000041
bilstm_finetuned,clean,template,13,val+norm,bongo_1213,1,0.999891
bilstm_finetuned,clean,template,13,val+norm,bongo_1216,0,0.000887
bilstm_finetuned,clean,template,13,val+norm,bongo_1224,1,0.999963
bilstm_finetuned,clean,template,13,val+norm,bongo_1247,1,0.999967
bilstm_finetuned,clean,template,13,val+norm,bongo_1251,1,0.999995
bilstm_finetuned,clean,template,13,val+norm,bongo_1257,1,0.999965
bilstm_finetuned,clean,template,13,val+norm,bongo_1258,1,0.999995
bilstm_finetuned,clean,template,13,val+norm,bongo_1265,0,0.000042
bilstm_finetuned,clean,template,13,val+norm,bongo_1272,0,0.000056
bilstm_finetuned,clean,template,13,val+norm,bongo_1275,0,0.000023
bilstm_finetuned,clean,template,13,val+norm,bongo_1296,0,0.000022
bilstm_finetuned,clean,template,13,val+norm,bongo_1299,1,0.999980
bilstm_finetuned,clean,template,13,val+norm,bongo_1307,1,0.999973
bilstm_finetuned,clean,template,13,val+norm,bongo_1328,0,0.000034
bilstm_finetuned,clean,template,13,val+norm,bongo_1335,0,0.071081
bilstm_finetuned,clean,template,13,val+norm,bongo_1341,0,0.000050
bilstm_finetuned,clean,template,13,val+norm,bongo_1349,0,0.000050
bilstm_finetuned,clean,template,13,val+norm,bongo_1360,0,0.000029
bilstm_finetuned,clean,template,13,test+norm,bongo_0025,1,0.999990
bilstm_finetuned,clean,template,13,test+norm,bongo_0029,0,0.035802
bilstm_finetuned,clean,template,13,test+norm,bongo_0039,1,0.999997
bilstm_finetuned,clean,template,13,test+norm,bongo_0047,1,0.999992
bilstm_finetuned,clean,template,13,test+norm,bongo_0053,0,0.000113
bilstm_finetuned,clean,template,13,test+norm,bongo_0055,1,0.005105
bilstm_finetuned,clean,template,13,test+norm,bongo_0061,1,0.999337
bilstm_finetuned,clean,template,13,test+norm,bongo_0097,0,0.000291
bilstm_finetuned,clean,template,13,test+norm,bongo_0107,0,0.000020
bilstm_finetuned,clean,template,13,test+norm,bongo_0110,0,0.000016
bilstm_finetuned,clean,template,13,test+norm,bongo_0112,1,0.022050
bilstm_finetuned,clean,template,13,test+norm,bongo_0115,0,0.000232
bilstm_finetuned,clean,template,13,test+norm,bongo_0143,0,0.000265
bilstm_finetuned,clean,template,13,test+norm,bongo_0146,1,0.999990
bilstm_finetuned,clean,template,13,test+norm,bongo_0154,1,0.999990
bilstm_finetuned,clean,template,13,test+norm,bongo_0159,1,0.005112
bilstm_finetuned,clean,template,13,test+norm,bongo_0160,0,0.000027
bilstm_finetuned,clean,template,13,test+norm,bongo_0172,0,0.277720
bilstm_finetuned,clean,template,13,test+norm,bongo_0173,1,0.010429
bilstm_finetuned,clean,template,13,test+norm,bongo_0175,0,0.000026
bilstm_finetuned,clean,template,13,test+norm,bongo_0182,0,0.000012
bilstm_finetuned,clean,template,13,test+norm,bongo_0195,1,0.999965
bilstm_finetuned,clean,template,13,test+norm,bongo_0197,0,0.000040
bilstm_finetuned,clean,template,13,test+norm,bongo_0201,1,0.999995
bilstm_finetuned,clean,template,13,test+norm,bongo_0203,1,0.999996
bilstm_finetuned,clean,template,13,test+norm,bongo_0250,1,0.005112
bilstm_finetuned,clean,template,13,test+norm,bongo_0253,0,0.000051
bilstm_finetuned,clean,template,13,test+norm,bongo_0255,1,0.009264
bilstm_finetuned,clean,template,13,test+norm,bongo_0265,1,0.010573
bilstm_finetuned,clean,template,13,test+norm,bongo_0271,0,0.000036
bilstm_finetuned,clean,template,13,test+norm,bongo_0300,0,0.000035
bilstm_finetuned,clean,template,13,test+norm,bongo_0306,0,0.000050
bilstm_finetuned,clean,template,13,test+norm,bongo_0356,1,0.022023
bilstm_finetuned,clean,template,13,test+norm,bongo_0360,1,0.999985
bilstm_finetuned,clean,template,13,test+norm,bongo_0361,1,0.999996
bilstm_finetuned,clean,template,13,test+norm,bongo_0363,0,0.000033
bilstm_finetuned,clean,template,13,test+norm,bongo_0368,0,0.000159
bilstm_finetuned,clean,template,13,test+norm,bongo_0372,0,0.000088
bilstm_finetuned,clean,template,13,test+norm,bongo_0380,1,0.009119
bilstm_finetuned,clean,template,13,test+norm,bongo_0389,0,0.000031
bilstm_finetuned,clean,template,13,test+norm,bongo_0395,0,0.000339
bilstm_finetuned,clean,template,13,test+norm,bongo_0405,1,0.999919
bilstm_finetuned,clean,template,13,test+norm,bongo_0424,1,0.999995
bilstm_finetuned,clean,template,13,test+norm,bongo_0427,0,0.000374
bilstm_finetuned,clean,template,13,test+norm,bongo_0434,1,0.005105
bilstm_finetuned,clean,template,13,test+norm,bongo_0463,0,0.000264
bilstm_finetuned,clean,template,13,test+norm,bongo_0476,1,0.999975
bilstm_finetuned,clean,template,13,test+norm,bongo_0510,1,0.999992
bilstm_finetuned,clean,template,13,test+norm,bongo_0531,0,0.000109
bilstm_finetuned,clean,template,13,test+norm,bongo_0542,0,0.000026
bilstm_finetuned,clean,template,13,test+norm,bongo_0545,0,0.000028
bilstm_finetuned,clean,template,13,test+norm,bongo_0560,1,0.999944
bilstm_finetuned,clean,template,13,test+norm,bongo_0565,1,0.054639
bilstm_finetuned,clean,template,13,test+norm,bongo_0566,1,0.999997
bilstm_finetuned,clean,template,13,test+norm,bongo_0571,0,0.000027
bilstm_finetuned,clean,template,13,test+norm,bongo_0577,1,0.999909
bilstm_finetuned,clean,template,13,test+norm,bongo_0580,1,0.999938
bilstm_finetuned,clean,template,13,test+norm,bongo_0621,1,0.999805
bilstm_finetuned,clean,template,13,test+norm,bongo_0624,1,0.999992
bilstm_finetuned,clean,template,13,test+norm,bongo_0630,0,0.000108
bilstm_finetuned,clean,template,13,test+norm,bongo_0638,1,0.999994
bilstm_finetuned,clean,template,13,test+norm,bongo_0648,0,0.009938
bilstm_finetuned,clean,template,13,test+norm,bongo_0674,0,0.000020
bilstm_finetuned,clean,template,13,test+norm,bongo_0685,0,0.004694
bilstm_finetuned,clean,template,13,test+norm,bongo_0697,1,0.054639
bilstm_finetuned,clean,template,13,test+norm,bongo_0701,0,0.000028
bilstm_finetuned,clean,template,13,test+norm,bongo_0706,1,0.022020
bilstm_finetuned,clean,template,13,test+norm,bongo_0719,1,0.009132
bilstm_finetuned,clean,template,13,test+norm,bongo_0721,1,0.999982
bilstm_finetuned,clean,template,13,test+norm,bongo_0724,1,0.055426
bilstm_finetuned,clean,template,13,test+norm,bongo_0729,1,0.999925
bilstm_finetuned,clean,template,13,test+norm,bongo_0741,0,0.000029
bilstm_finetuned,clean,template,13,test+norm,bongo_0749,1,0.015846
bilstm_finetuned,clean,template,13,test+norm,bongo_0769,1,0.999995
bilstm_finetuned,clean,template,13,test+norm,bongo_0770,1,0.005105
bilstm_finetuned,clean,template,13,test+norm,bongo_0778,1,0.015819
bilstm_finetuned,clean,template,13,test+norm,bongo_0787,1,0.999985
bilstm_finetuned,clean,template,13,test+norm,bongo_0795,0,0.000439
bilstm_finetuned,clean,template,13,test+norm,bongo_0806,1,0.055426
bilstm_finetuned,clean,template,13,test+norm,bongo_0807,1,0.999992
bilstm_finetuned,clean,template,13,test+norm,bongo_0818,0,0.002821
bilstm_finetuned,clean,template,13,test+norm,bongo_0819,0,0.000108
bilstm_finetuned,clean,template,13,test+norm,bongo_0835,0,0.000026
bilstm_finetuned,clean,template,13,test+norm,bongo_0840,1,0.999985
bilstm_finetuned,clean,template,13,test+norm,bongo_0855,1,0.054690
bilstm_finetuned,clean,template,13,test+norm,bongo_0856,0,0.000056
bilstm_finetuned,clean,template,13,test+norm,bongo_0864,1,0.999997
bilstm_finetuned,clean,template,13,test+norm,bongo_0871,1,0.999992
bilstm_finetuned,clean,template,13,test+norm,bongo_0872,0,0.001564
bilstm_finetuned,clean,template,13,test+norm,bongo_0904,0,0.000228
bilstm_finetuned,clean,template,13,test+norm,bongo_0905,1,0.999997
bilstm_finetuned,clean,template,13,test+norm,bongo_0909,1,0.999903
bilstm_finetuned,clean,template,13,test+norm,bongo_0917,1,0.005183
bilstm_finetuned,clean,template,13,test+norm,bongo_0918,1,0.999918
bilstm_finetuned,clean,template,13,test+norm,bongo_0950,0,0.000026
bilstm_finetuned,clean,template,13,test+norm,bongo_0955,1,0.999994
bilstm_finetuned,clean,template,13,test+norm,bongo_0956,0,0.000026
bilstm_finetuned,clean,template,13,test+norm,bongo_0971,0,0.000032
bilstm_finetuned,clean,template,13,test+norm,bongo_0983,0,0.000073
bilstm_finetuned,clean,template,13,test+norm,bongo_0989,1,0.999992
bilstm_finetuned,clean,template,13,test+norm,bongo_0994,0,0.000127
bilstm_finetuned,clean,template,13,test+norm,bongo_1003,1,0.999944
bilstm_finetuned,clean,template,13,test+norm,bongo_1006,0,0.000036
bilstm_finetuned,clean,template,13,test+norm,bongo_1012,1,0.015822
bilstm_finetuned,clean,template,13,test+norm,bongo_1015,0,0.000014
bilstm_finetuned,clean,template,13,test+norm,bongo_1022,1,0.009118
bilstm_finetuned,clean,template,13,test+norm,bongo_1037,0,0.000044
bilstm_finetuned,clean,template,13,test+norm,bongo_1040,0,0.000040
bilstm_finetuned,clean,template,13,test+norm,bongo_1042,1,0.999882
bilstm_finetuned,clean,template,13,test+norm,bongo_1047,1,0.999997
bilstm_finetuned,clean,template,13,test+norm,bongo_1050,0,0.000028
bilstm_finetuned,clean,template,13,test+norm,bongo_1052,1,0.999996
bilstm_finetuned,clean,template,13,test+norm,bongo_1059,0,0.000024
bilstm_finetuned,clean,template,13,test+norm,bongo_1071,0,0.000033
bilstm_finetuned,clean,template,13,test+norm,bongo_1090,0,0.000019
bilstm_finetuned,clean,template,13,test+norm,bongo_1104,1,0.999994
bilstm_finetuned,clean,template,13,test+norm,bongo_1115,0,0.000009
bilstm_finetuned,clean,template,13,test+norm,bongo_1123,0,0.000030
bilstm_finetuned,clean,template,13,test+norm,bongo_1125,0,0.002881
bilstm_finetuned,clean,template,13,test+norm,bongo_1127,1,0.010402
bilstm_finetuned,clean,template,13,test+norm,bongo_1131,1,0.999994
bilstm_finetuned,clean,template,13,test+norm,bongo_1134,1,0.022351
bilstm_finetuned,clean,template,13,test+norm,bongo_1135,0,0.004074
bilstm_finetuned,clean,template,13,test+norm,bongo_1136,1,0.999992
bilstm_finetuned,clean,template,13,test+norm,bongo_1138,1,0.999997
bilstm_finetuned,clean,template,13,test+norm,bongo_1140,1,0.999902
bilstm_finetuned,clean,template,13,test+norm,bongo_1154,1,0.999993
bilstm_finetuned,clean,template,13,test+norm,bongo_1155,0,0.000029
bilstm_finetuned,clean,template,13,test+norm,bongo_1171,1,0.999994
bilstm_finetuned,clean,template,13,test+norm,bongo_1181,1,0.999949
bilstm_finetuned,clean,template,13,test+norm,bongo_1185,1,0.009105
bilstm_finetuned,clean,template,13,test+norm,bongo_1194,0,0.000523
bilstm_finetuned,clean,template,13,test+norm,bongo_1195,1,0.054629
bilstm_finetuned,clean,template,13,test+norm,bongo_1198,0,0.000074
bilstm_finetuned,clean,template,13,test+norm,bongo_1204,1,0.005105
bilstm_finetuned,clean,template,13,test+norm,bongo_1220,1,0.999997
bilstm_finetuned,clean,template,13,test+norm,bongo_1233,1,0.999997
bilstm_finetuned,clean,template,13,test+norm,bongo_1236,0,0.000046
bilstm_finetuned,clean,template,13,test+norm,bongo_1240,1,0.009264
bilstm_finetuned,clean,template,13,test+norm,bongo_1244,0,0.000028
bilstm_finetuned,clean,template,13,test+norm,bongo_1249,0,0.000010
bilstm_finetuned,clean,template,13,test+norm,bongo_1253,0,0.001516
bilstm_finetuned,clean,template,13,test+norm,bongo_1260,0,0.000033
bilstm_finetuned,clean,template,13,test+norm,bongo_1262,0,0.000053
bilstm_finetuned,clean,template,13,test+norm,bongo_1278,1,0.016061
bilstm_finetuned,clean,template,13,test+norm,bongo_1285,0,0.000028
bilstm_finetuned,clean,template,13,test+norm,bongo_1293,1,0.999994
bilstm_finetuned,clean,template,13,test+norm,bongo_1316,0,0.000063
bilstm_finetuned,clean,template,13,test+norm,bongo_1327,1,0.005098
bilstm_finetuned,clean,template,13,test+norm,bongo_1330,0,0.050357
bilstm_finetuned,clean,template,13,test+norm,bongo_1359,0,0.003190
bilstm_finetuned,clean,template,13,test+norm,bongo_1375,0,0.000044
bilstm_finetuned,clean,template,13,test_lookalike_1+norm,bongo_0025,1,0.999990
bilstm_finetuned,clean,template,13,test_lookalike_1+norm,bongo_0029,0,0.035802
bilstm_finetuned,clean,template,13,test_lookalike_1+norm,bongo_0039,1,0.999997
bilstm_finetuned,clean,template,13,test_lookalike_1+norm,bongo_0047,1,0.999992
bilstm_finetuned,clean,template,13,test_lookalike_1+norm,bongo_0053,0,0.000113
bilstm_finetuned,clean,template,13,test_lookalike_1+norm,bongo_0055,1,0.005105
bilstm_finetuned,clean,template,13,test_lookalike_1+norm,bongo_0061,1,0.999337
bilstm_finetuned,clean,template,13,test_lookalike_1+norm,bongo_0097,0,0.000291
bilstm_finetuned,clean,template,13,test_lookalike_1+norm,bongo_0107,0,0.000020
bilstm_finetuned,clean,template,13,test_lookalike_1+norm,bongo_0110,0,0.000016
bilstm_finetuned,clean,template,13,test_lookalike_1+norm,bongo_0112,1,0.022050
bilstm_finetuned,clean,template,13,test_lookalike_1+norm,bongo_0115,0,0.000232
bilstm_finetuned,clean,template,13,test_lookalike_1+norm,bongo_0143,0,0.000265
bilstm_finetuned,clean,template,13,test_lookalike_1+norm,bongo_0146,1,0.999990
bilstm_finetuned,clean,template,13,test_lookalike_1+norm,bongo_0154,1,0.999990
bilstm_finetuned,clean,template,13,test_lookalike_1+norm,bongo_0159,1,0.005112
bilstm_finetuned,clean,template,13,test_lookalike_1+norm,bongo_0160,0,0.000027
bilstm_finetuned,clean,template,13,test_lookalike_1+norm,bongo_0172,0,0.277720
bilstm_finetuned,clean,template,13,test_lookalike_1+norm,bongo_0173,1,0.010429
bilstm_finetuned,clean,template,13,test_lookalike_1+norm,bongo_0175,0,0.000026
bilstm_finetuned,clean,template,13,test_lookalike_1+norm,bongo_0182,0,0.000012
bilstm_finetuned,clean,template,13,test_lookalike_1+norm,bongo_0195,1,0.999965
bilstm_finetuned,clean,template,13,test_lookalike_1+norm,bongo_0197,0,0.000040
bilstm_finetuned,clean,template,13,test_lookalike_1+norm,bongo_0201,1,0.999995
bilstm_finetuned,clean,template,13,test_lookalike_1+norm,bongo_0203,1,0.999996
bilstm_finetuned,clean,template,13,test_lookalike_1+norm,bongo_0250,1,0.005112
bilstm_finetuned,clean,template,13,test_lookalike_1+norm,bongo_0253,0,0.000051
bilstm_finetuned,clean,template,13,test_lookalike_1+norm,bongo_0255,1,0.009264
bilstm_finetuned,clean,template,13,test_lookalike_1+norm,bongo_0265,1,0.010573
bilstm_finetuned,clean,template,13,test_lookalike_1+norm,bongo_0271,0,0.000036
bilstm_finetuned,clean,template,13,test_lookalike_1+norm,bongo_0300,0,0.000035
bilstm_finetuned,clean,template,13,test_lookalike_1+norm,bongo_0306,0,0.000050
bilstm_finetuned,clean,template,13,test_lookalike_1+norm,bongo_0356,1,0.022023
bilstm_finetuned,clean,template,13,test_lookalike_1+norm,bongo_0360,1,0.999985
bilstm_finetuned,clean,template,13,test_lookalike_1+norm,bongo_0361,1,0.999996
bilstm_finetuned,clean,template,13,test_lookalike_1+norm,bongo_0363,0,0.000033
bilstm_finetuned,clean,template,13,test_lookalike_1+norm,bongo_0368,0,0.000159
bilstm_finetuned,clean,template,13,test_lookalike_1+norm,bongo_0372,0,0.000088
bilstm_finetuned,clean,template,13,test_lookalike_1+norm,bongo_0380,1,0.009119
bilstm_finetuned,clean,template,13,test_lookalike_1+norm,bongo_0389,0,0.000031
bilstm_finetuned,clean,template,13,test_lookalike_1+norm,bongo_0395,0,0.000339
bilstm_finetuned,clean,template,13,test_lookalike_1+norm,bongo_0405,1,0.999919
bilstm_finetuned,clean,template,13,test_lookalike_1+norm,bongo_0424,1,0.999995
bilstm_finetuned,clean,template,13,test_lookalike_1+norm,bongo_0427,0,0.000374
bilstm_finetuned,clean,template,13,test_lookalike_1+norm,bongo_0434,1,0.005105
bilstm_finetuned,clean,template,13,test_lookalike_1+norm,bongo_0463,0,0.000264
bilstm_finetuned,clean,template,13,test_lookalike_1+norm,bongo_0476,1,0.999975
bilstm_finetuned,clean,template,13,test_lookalike_1+norm,bongo_0510,1,0.999992
bilstm_finetuned,clean,template,13,test_lookalike_1+norm,bongo_0531,0,0.000109
bilstm_finetuned,clean,template,13,test_lookalike_1+norm,bongo_0542,0,0.000026
bilstm_finetuned,clean,template,13,test_lookalike_1+norm,bongo_0545,0,0.000028
bilstm_finetuned,clean,template,13,test_lookalike_1+norm,bongo_0560,1,0.999944
bilstm_finetuned,clean,template,13,test_lookalike_1+norm,bongo_0565,1,0.054639
bilstm_finetuned,clean,template,13,test_lookalike_1+norm,bongo_0566,1,0.999997
bilstm_finetuned,clean,template,13,test_lookalike_1+norm,bongo_0571,0,0.000027
bilstm_finetuned,clean,template,13,test_lookalike_1+norm,bongo_0577,1,0.999909
bilstm_finetuned,clean,template,13,test_lookalike_1+norm,bongo_0580,1,0.999938
bilstm_finetuned,clean,template,13,test_lookalike_1+norm,bongo_0621,1,0.999805
bilstm_finetuned,clean,template,13,test_lookalike_1+norm,bongo_0624,1,0.999992
bilstm_finetuned,clean,template,13,test_lookalike_1+norm,bongo_0630,0,0.000108
bilstm_finetuned,clean,template,13,test_lookalike_1+norm,bongo_0638,1,0.999994
bilstm_finetuned,clean,template,13,test_lookalike_1+norm,bongo_0648,0,0.009938
bilstm_finetuned,clean,template,13,test_lookalike_1+norm,bongo_0674,0,0.000020
bilstm_finetuned,clean,template,13,test_lookalike_1+norm,bongo_0685,0,0.004694
bilstm_finetuned,clean,template,13,test_lookalike_1+norm,bongo_0697,1,0.054639
bilstm_finetuned,clean,template,13,test_lookalike_1+norm,bongo_0701,0,0.000028
bilstm_finetuned,clean,template,13,test_lookalike_1+norm,bongo_0706,1,0.022020
bilstm_finetuned,clean,template,13,test_lookalike_1+norm,bongo_0719,1,0.009132
bilstm_finetuned,clean,template,13,test_lookalike_1+norm,bongo_0721,1,0.996335
bilstm_finetuned,clean,template,13,test_lookalike_1+norm,bongo_0724,1,0.055426
bilstm_finetuned,clean,template,13,test_lookalike_1+norm,bongo_0729,1,0.999925
bilstm_finetuned,clean,template,13,test_lookalike_1+norm,bongo_0741,0,0.000029
bilstm_finetuned,clean,template,13,test_lookalike_1+norm,bongo_0749,1,0.015846
bilstm_finetuned,clean,template,13,test_lookalike_1+norm,bongo_0769,1,0.999995
bilstm_finetuned,clean,template,13,test_lookalike_1+norm,bongo_0770,1,0.005105
bilstm_finetuned,clean,template,13,test_lookalike_1+norm,bongo_0778,1,0.015819
bilstm_finetuned,clean,template,13,test_lookalike_1+norm,bongo_0787,1,0.999985
bilstm_finetuned,clean,template,13,test_lookalike_1+norm,bongo_0795,0,0.000439
bilstm_finetuned,clean,template,13,test_lookalike_1+norm,bongo_0806,1,0.055426
bilstm_finetuned,clean,template,13,test_lookalike_1+norm,bongo_0807,1,0.999992
bilstm_finetuned,clean,template,13,test_lookalike_1+norm,bongo_0818,0,0.002821
bilstm_finetuned,clean,template,13,test_lookalike_1+norm,bongo_0819,0,0.000108
bilstm_finetuned,clean,template,13,test_lookalike_1+norm,bongo_0835,0,0.000026
bilstm_finetuned,clean,template,13,test_lookalike_1+norm,bongo_0840,1,0.999985
bilstm_finetuned,clean,template,13,test_lookalike_1+norm,bongo_0855,1,0.054690
bilstm_finetuned,clean,template,13,test_lookalike_1+norm,bongo_0856,0,0.000056
bilstm_finetuned,clean,template,13,test_lookalike_1+norm,bongo_0864,1,0.999997
bilstm_finetuned,clean,template,13,test_lookalike_1+norm,bongo_0871,1,0.999992
bilstm_finetuned,clean,template,13,test_lookalike_1+norm,bongo_0872,0,0.001564
bilstm_finetuned,clean,template,13,test_lookalike_1+norm,bongo_0904,0,0.000228
bilstm_finetuned,clean,template,13,test_lookalike_1+norm,bongo_0905,1,0.999997
bilstm_finetuned,clean,template,13,test_lookalike_1+norm,bongo_0909,1,0.999903
bilstm_finetuned,clean,template,13,test_lookalike_1+norm,bongo_0917,1,0.005183
bilstm_finetuned,clean,template,13,test_lookalike_1+norm,bongo_0918,1,0.999918
bilstm_finetuned,clean,template,13,test_lookalike_1+norm,bongo_0950,0,0.000026
bilstm_finetuned,clean,template,13,test_lookalike_1+norm,bongo_0955,1,0.999994
bilstm_finetuned,clean,template,13,test_lookalike_1+norm,bongo_0956,0,0.000026
bilstm_finetuned,clean,template,13,test_lookalike_1+norm,bongo_0971,0,0.000032
bilstm_finetuned,clean,template,13,test_lookalike_1+norm,bongo_0983,0,0.000073
bilstm_finetuned,clean,template,13,test_lookalike_1+norm,bongo_0989,1,0.999992
bilstm_finetuned,clean,template,13,test_lookalike_1+norm,bongo_0994,0,0.000127
bilstm_finetuned,clean,template,13,test_lookalike_1+norm,bongo_1003,1,0.999944
bilstm_finetuned,clean,template,13,test_lookalike_1+norm,bongo_1006,0,0.000036
bilstm_finetuned,clean,template,13,test_lookalike_1+norm,bongo_1012,1,0.015822
bilstm_finetuned,clean,template,13,test_lookalike_1+norm,bongo_1015,0,0.000014
bilstm_finetuned,clean,template,13,test_lookalike_1+norm,bongo_1022,1,0.009118
bilstm_finetuned,clean,template,13,test_lookalike_1+norm,bongo_1037,0,0.000044
bilstm_finetuned,clean,template,13,test_lookalike_1+norm,bongo_1040,0,0.000040
bilstm_finetuned,clean,template,13,test_lookalike_1+norm,bongo_1042,1,0.999882
bilstm_finetuned,clean,template,13,test_lookalike_1+norm,bongo_1047,1,0.999997
bilstm_finetuned,clean,template,13,test_lookalike_1+norm,bongo_1050,0,0.000028
bilstm_finetuned,clean,template,13,test_lookalike_1+norm,bongo_1052,1,0.999996
bilstm_finetuned,clean,template,13,test_lookalike_1+norm,bongo_1059,0,0.000024
bilstm_finetuned,clean,template,13,test_lookalike_1+norm,bongo_1071,0,0.000033
bilstm_finetuned,clean,template,13,test_lookalike_1+norm,bongo_1090,0,0.000019
bilstm_finetuned,clean,template,13,test_lookalike_1+norm,bongo_1104,1,0.999994
bilstm_finetuned,clean,template,13,test_lookalike_1+norm,bongo_1115,0,0.000009
bilstm_finetuned,clean,template,13,test_lookalike_1+norm,bongo_1123,0,0.000030
bilstm_finetuned,clean,template,13,test_lookalike_1+norm,bongo_1125,0,0.002881
bilstm_finetuned,clean,template,13,test_lookalike_1+norm,bongo_1127,1,0.010402
bilstm_finetuned,clean,template,13,test_lookalike_1+norm,bongo_1131,1,0.999994
bilstm_finetuned,clean,template,13,test_lookalike_1+norm,bongo_1134,1,0.022351
bilstm_finetuned,clean,template,13,test_lookalike_1+norm,bongo_1135,0,0.004074
bilstm_finetuned,clean,template,13,test_lookalike_1+norm,bongo_1136,1,0.999992
bilstm_finetuned,clean,template,13,test_lookalike_1+norm,bongo_1138,1,0.999997
bilstm_finetuned,clean,template,13,test_lookalike_1+norm,bongo_1140,1,0.999902
bilstm_finetuned,clean,template,13,test_lookalike_1+norm,bongo_1154,1,0.999993
bilstm_finetuned,clean,template,13,test_lookalike_1+norm,bongo_1155,0,0.000029
bilstm_finetuned,clean,template,13,test_lookalike_1+norm,bongo_1171,1,0.999994
bilstm_finetuned,clean,template,13,test_lookalike_1+norm,bongo_1181,1,0.999949
bilstm_finetuned,clean,template,13,test_lookalike_1+norm,bongo_1185,1,0.009105
bilstm_finetuned,clean,template,13,test_lookalike_1+norm,bongo_1194,0,0.000523
bilstm_finetuned,clean,template,13,test_lookalike_1+norm,bongo_1195,1,0.054629
bilstm_finetuned,clean,template,13,test_lookalike_1+norm,bongo_1198,0,0.000074
bilstm_finetuned,clean,template,13,test_lookalike_1+norm,bongo_1204,1,0.005105
bilstm_finetuned,clean,template,13,test_lookalike_1+norm,bongo_1220,1,0.999992
bilstm_finetuned,clean,template,13,test_lookalike_1+norm,bongo_1233,1,0.999997
bilstm_finetuned,clean,template,13,test_lookalike_1+norm,bongo_1236,0,0.000046
bilstm_finetuned,clean,template,13,test_lookalike_1+norm,bongo_1240,1,0.009264
bilstm_finetuned,clean,template,13,test_lookalike_1+norm,bongo_1244,0,0.000028
bilstm_finetuned,clean,template,13,test_lookalike_1+norm,bongo_1249,0,0.000010
bilstm_finetuned,clean,template,13,test_lookalike_1+norm,bongo_1253,0,0.001516
bilstm_finetuned,clean,template,13,test_lookalike_1+norm,bongo_1260,0,0.000033
bilstm_finetuned,clean,template,13,test_lookalike_1+norm,bongo_1262,0,0.000053
bilstm_finetuned,clean,template,13,test_lookalike_1+norm,bongo_1278,1,0.016061
bilstm_finetuned,clean,template,13,test_lookalike_1+norm,bongo_1285,0,0.000028
bilstm_finetuned,clean,template,13,test_lookalike_1+norm,bongo_1293,1,0.999994
bilstm_finetuned,clean,template,13,test_lookalike_1+norm,bongo_1316,0,0.000063
bilstm_finetuned,clean,template,13,test_lookalike_1+norm,bongo_1327,1,0.005098
bilstm_finetuned,clean,template,13,test_lookalike_1+norm,bongo_1330,0,0.050357
bilstm_finetuned,clean,template,13,test_lookalike_1+norm,bongo_1359,0,0.003190
bilstm_finetuned,clean,template,13,test_lookalike_1+norm,bongo_1375,0,0.000044
bilstm_finetuned,clean,template,13,test_lookalike_3+norm,bongo_0025,1,0.999990
bilstm_finetuned,clean,template,13,test_lookalike_3+norm,bongo_0029,0,0.035802
bilstm_finetuned,clean,template,13,test_lookalike_3+norm,bongo_0039,1,0.999997
bilstm_finetuned,clean,template,13,test_lookalike_3+norm,bongo_0047,1,0.999992
bilstm_finetuned,clean,template,13,test_lookalike_3+norm,bongo_0053,0,0.000113
bilstm_finetuned,clean,template,13,test_lookalike_3+norm,bongo_0055,1,0.005105
bilstm_finetuned,clean,template,13,test_lookalike_3+norm,bongo_0061,1,0.999337
bilstm_finetuned,clean,template,13,test_lookalike_3+norm,bongo_0097,0,0.000291
bilstm_finetuned,clean,template,13,test_lookalike_3+norm,bongo_0107,0,0.000020
bilstm_finetuned,clean,template,13,test_lookalike_3+norm,bongo_0110,0,0.000016
bilstm_finetuned,clean,template,13,test_lookalike_3+norm,bongo_0112,1,0.022050
bilstm_finetuned,clean,template,13,test_lookalike_3+norm,bongo_0115,0,0.000232
bilstm_finetuned,clean,template,13,test_lookalike_3+norm,bongo_0143,0,0.000265
bilstm_finetuned,clean,template,13,test_lookalike_3+norm,bongo_0146,1,0.999990
bilstm_finetuned,clean,template,13,test_lookalike_3+norm,bongo_0154,1,0.999990
bilstm_finetuned,clean,template,13,test_lookalike_3+norm,bongo_0159,1,0.005112
bilstm_finetuned,clean,template,13,test_lookalike_3+norm,bongo_0160,0,0.000027
bilstm_finetuned,clean,template,13,test_lookalike_3+norm,bongo_0172,0,0.277720
bilstm_finetuned,clean,template,13,test_lookalike_3+norm,bongo_0173,1,0.010429
bilstm_finetuned,clean,template,13,test_lookalike_3+norm,bongo_0175,0,0.000026
bilstm_finetuned,clean,template,13,test_lookalike_3+norm,bongo_0182,0,0.000012
bilstm_finetuned,clean,template,13,test_lookalike_3+norm,bongo_0195,1,0.999965
bilstm_finetuned,clean,template,13,test_lookalike_3+norm,bongo_0197,0,0.000040
bilstm_finetuned,clean,template,13,test_lookalike_3+norm,bongo_0201,1,0.999995
bilstm_finetuned,clean,template,13,test_lookalike_3+norm,bongo_0203,1,0.999996
bilstm_finetuned,clean,template,13,test_lookalike_3+norm,bongo_0250,1,0.005112
bilstm_finetuned,clean,template,13,test_lookalike_3+norm,bongo_0253,0,0.000051
bilstm_finetuned,clean,template,13,test_lookalike_3+norm,bongo_0255,1,0.009264
bilstm_finetuned,clean,template,13,test_lookalike_3+norm,bongo_0265,1,0.010573
bilstm_finetuned,clean,template,13,test_lookalike_3+norm,bongo_0271,0,0.000036
bilstm_finetuned,clean,template,13,test_lookalike_3+norm,bongo_0300,0,0.000035
bilstm_finetuned,clean,template,13,test_lookalike_3+norm,bongo_0306,0,0.000050
bilstm_finetuned,clean,template,13,test_lookalike_3+norm,bongo_0356,1,0.022023
bilstm_finetuned,clean,template,13,test_lookalike_3+norm,bongo_0360,1,0.999985
bilstm_finetuned,clean,template,13,test_lookalike_3+norm,bongo_0361,1,0.999996
bilstm_finetuned,clean,template,13,test_lookalike_3+norm,bongo_0363,0,0.000033
bilstm_finetuned,clean,template,13,test_lookalike_3+norm,bongo_0368,0,0.000159
bilstm_finetuned,clean,template,13,test_lookalike_3+norm,bongo_0372,0,0.000088
bilstm_finetuned,clean,template,13,test_lookalike_3+norm,bongo_0380,1,0.009119
bilstm_finetuned,clean,template,13,test_lookalike_3+norm,bongo_0389,0,0.000031
bilstm_finetuned,clean,template,13,test_lookalike_3+norm,bongo_0395,0,0.000339
bilstm_finetuned,clean,template,13,test_lookalike_3+norm,bongo_0405,1,0.999919
bilstm_finetuned,clean,template,13,test_lookalike_3+norm,bongo_0424,1,0.999995
bilstm_finetuned,clean,template,13,test_lookalike_3+norm,bongo_0427,0,0.000374
bilstm_finetuned,clean,template,13,test_lookalike_3+norm,bongo_0434,1,0.005105
bilstm_finetuned,clean,template,13,test_lookalike_3+norm,bongo_0463,0,0.000264
bilstm_finetuned,clean,template,13,test_lookalike_3+norm,bongo_0476,1,0.999975
bilstm_finetuned,clean,template,13,test_lookalike_3+norm,bongo_0510,1,0.999992
bilstm_finetuned,clean,template,13,test_lookalike_3+norm,bongo_0531,0,0.000109
bilstm_finetuned,clean,template,13,test_lookalike_3+norm,bongo_0542,0,0.000026
bilstm_finetuned,clean,template,13,test_lookalike_3+norm,bongo_0545,0,0.000028
bilstm_finetuned,clean,template,13,test_lookalike_3+norm,bongo_0560,1,0.999944
bilstm_finetuned,clean,template,13,test_lookalike_3+norm,bongo_0565,1,0.054639
bilstm_finetuned,clean,template,13,test_lookalike_3+norm,bongo_0566,1,0.999997
bilstm_finetuned,clean,template,13,test_lookalike_3+norm,bongo_0571,0,0.000027
bilstm_finetuned,clean,template,13,test_lookalike_3+norm,bongo_0577,1,0.999909
bilstm_finetuned,clean,template,13,test_lookalike_3+norm,bongo_0580,1,0.999938
bilstm_finetuned,clean,template,13,test_lookalike_3+norm,bongo_0621,1,0.999805
bilstm_finetuned,clean,template,13,test_lookalike_3+norm,bongo_0624,1,0.999992
bilstm_finetuned,clean,template,13,test_lookalike_3+norm,bongo_0630,0,0.000108
bilstm_finetuned,clean,template,13,test_lookalike_3+norm,bongo_0638,1,0.999994
bilstm_finetuned,clean,template,13,test_lookalike_3+norm,bongo_0648,0,0.009938
bilstm_finetuned,clean,template,13,test_lookalike_3+norm,bongo_0674,0,0.000020
bilstm_finetuned,clean,template,13,test_lookalike_3+norm,bongo_0685,0,0.004694
bilstm_finetuned,clean,template,13,test_lookalike_3+norm,bongo_0697,1,0.054639
bilstm_finetuned,clean,template,13,test_lookalike_3+norm,bongo_0701,0,0.000028
bilstm_finetuned,clean,template,13,test_lookalike_3+norm,bongo_0706,1,0.022020
bilstm_finetuned,clean,template,13,test_lookalike_3+norm,bongo_0719,1,0.009132
bilstm_finetuned,clean,template,13,test_lookalike_3+norm,bongo_0721,1,0.999982
bilstm_finetuned,clean,template,13,test_lookalike_3+norm,bongo_0724,1,0.055426
bilstm_finetuned,clean,template,13,test_lookalike_3+norm,bongo_0729,1,0.999925
bilstm_finetuned,clean,template,13,test_lookalike_3+norm,bongo_0741,0,0.000029
bilstm_finetuned,clean,template,13,test_lookalike_3+norm,bongo_0749,1,0.015846
bilstm_finetuned,clean,template,13,test_lookalike_3+norm,bongo_0769,1,0.999995
bilstm_finetuned,clean,template,13,test_lookalike_3+norm,bongo_0770,1,0.005105
bilstm_finetuned,clean,template,13,test_lookalike_3+norm,bongo_0778,1,0.015819
bilstm_finetuned,clean,template,13,test_lookalike_3+norm,bongo_0787,1,0.999985
bilstm_finetuned,clean,template,13,test_lookalike_3+norm,bongo_0795,0,0.000439
bilstm_finetuned,clean,template,13,test_lookalike_3+norm,bongo_0806,1,0.055426
bilstm_finetuned,clean,template,13,test_lookalike_3+norm,bongo_0807,1,0.999992
bilstm_finetuned,clean,template,13,test_lookalike_3+norm,bongo_0818,0,0.002821
bilstm_finetuned,clean,template,13,test_lookalike_3+norm,bongo_0819,0,0.000108
bilstm_finetuned,clean,template,13,test_lookalike_3+norm,bongo_0835,0,0.000026
bilstm_finetuned,clean,template,13,test_lookalike_3+norm,bongo_0840,1,0.999985
bilstm_finetuned,clean,template,13,test_lookalike_3+norm,bongo_0855,1,0.054690
bilstm_finetuned,clean,template,13,test_lookalike_3+norm,bongo_0856,0,0.000056
bilstm_finetuned,clean,template,13,test_lookalike_3+norm,bongo_0864,1,0.999997
bilstm_finetuned,clean,template,13,test_lookalike_3+norm,bongo_0871,1,0.999992
bilstm_finetuned,clean,template,13,test_lookalike_3+norm,bongo_0872,0,0.001564
bilstm_finetuned,clean,template,13,test_lookalike_3+norm,bongo_0904,0,0.000228
bilstm_finetuned,clean,template,13,test_lookalike_3+norm,bongo_0905,1,0.999997
bilstm_finetuned,clean,template,13,test_lookalike_3+norm,bongo_0909,1,0.999903
bilstm_finetuned,clean,template,13,test_lookalike_3+norm,bongo_0917,1,0.005183
bilstm_finetuned,clean,template,13,test_lookalike_3+norm,bongo_0918,1,0.999918
bilstm_finetuned,clean,template,13,test_lookalike_3+norm,bongo_0950,0,0.000026
bilstm_finetuned,clean,template,13,test_lookalike_3+norm,bongo_0955,1,0.999994
bilstm_finetuned,clean,template,13,test_lookalike_3+norm,bongo_0956,0,0.000026
bilstm_finetuned,clean,template,13,test_lookalike_3+norm,bongo_0971,0,0.000032
bilstm_finetuned,clean,template,13,test_lookalike_3+norm,bongo_0983,0,0.000073
bilstm_finetuned,clean,template,13,test_lookalike_3+norm,bongo_0989,1,0.999992
bilstm_finetuned,clean,template,13,test_lookalike_3+norm,bongo_0994,0,0.000127
bilstm_finetuned,clean,template,13,test_lookalike_3+norm,bongo_1003,1,0.999944
bilstm_finetuned,clean,template,13,test_lookalike_3+norm,bongo_1006,0,0.000036
bilstm_finetuned,clean,template,13,test_lookalike_3+norm,bongo_1012,1,0.015822
bilstm_finetuned,clean,template,13,test_lookalike_3+norm,bongo_1015,0,0.000014
bilstm_finetuned,clean,template,13,test_lookalike_3+norm,bongo_1022,1,0.009118
bilstm_finetuned,clean,template,13,test_lookalike_3+norm,bongo_1037,0,0.000044
bilstm_finetuned,clean,template,13,test_lookalike_3+norm,bongo_1040,0,0.000040
bilstm_finetuned,clean,template,13,test_lookalike_3+norm,bongo_1042,1,0.999882
bilstm_finetuned,clean,template,13,test_lookalike_3+norm,bongo_1047,1,0.999997
bilstm_finetuned,clean,template,13,test_lookalike_3+norm,bongo_1050,0,0.000028
bilstm_finetuned,clean,template,13,test_lookalike_3+norm,bongo_1052,1,0.999996
bilstm_finetuned,clean,template,13,test_lookalike_3+norm,bongo_1059,0,0.000024
bilstm_finetuned,clean,template,13,test_lookalike_3+norm,bongo_1071,0,0.000033
bilstm_finetuned,clean,template,13,test_lookalike_3+norm,bongo_1090,0,0.000019
bilstm_finetuned,clean,template,13,test_lookalike_3+norm,bongo_1104,1,0.999994
bilstm_finetuned,clean,template,13,test_lookalike_3+norm,bongo_1115,0,0.000009
bilstm_finetuned,clean,template,13,test_lookalike_3+norm,bongo_1123,0,0.000030
bilstm_finetuned,clean,template,13,test_lookalike_3+norm,bongo_1125,0,0.002881
bilstm_finetuned,clean,template,13,test_lookalike_3+norm,bongo_1127,1,0.010402
bilstm_finetuned,clean,template,13,test_lookalike_3+norm,bongo_1131,1,0.999994
bilstm_finetuned,clean,template,13,test_lookalike_3+norm,bongo_1134,1,0.022351
bilstm_finetuned,clean,template,13,test_lookalike_3+norm,bongo_1135,0,0.004074
bilstm_finetuned,clean,template,13,test_lookalike_3+norm,bongo_1136,1,0.999992
bilstm_finetuned,clean,template,13,test_lookalike_3+norm,bongo_1138,1,0.999997
bilstm_finetuned,clean,template,13,test_lookalike_3+norm,bongo_1140,1,0.999902
bilstm_finetuned,clean,template,13,test_lookalike_3+norm,bongo_1154,1,0.999993
bilstm_finetuned,clean,template,13,test_lookalike_3+norm,bongo_1155,0,0.000029
bilstm_finetuned,clean,template,13,test_lookalike_3+norm,bongo_1171,1,0.999994
bilstm_finetuned,clean,template,13,test_lookalike_3+norm,bongo_1181,1,0.999949
bilstm_finetuned,clean,template,13,test_lookalike_3+norm,bongo_1185,1,0.009105
bilstm_finetuned,clean,template,13,test_lookalike_3+norm,bongo_1194,0,0.000523
bilstm_finetuned,clean,template,13,test_lookalike_3+norm,bongo_1195,1,0.054629
bilstm_finetuned,clean,template,13,test_lookalike_3+norm,bongo_1198,0,0.000074
bilstm_finetuned,clean,template,13,test_lookalike_3+norm,bongo_1204,1,0.005105
bilstm_finetuned,clean,template,13,test_lookalike_3+norm,bongo_1220,1,0.999997
bilstm_finetuned,clean,template,13,test_lookalike_3+norm,bongo_1233,1,0.999997
bilstm_finetuned,clean,template,13,test_lookalike_3+norm,bongo_1236,0,0.000046
bilstm_finetuned,clean,template,13,test_lookalike_3+norm,bongo_1240,1,0.009264
bilstm_finetuned,clean,template,13,test_lookalike_3+norm,bongo_1244,0,0.000028
bilstm_finetuned,clean,template,13,test_lookalike_3+norm,bongo_1249,0,0.000010
bilstm_finetuned,clean,template,13,test_lookalike_3+norm,bongo_1253,0,0.001516
bilstm_finetuned,clean,template,13,test_lookalike_3+norm,bongo_1260,0,0.000033
bilstm_finetuned,clean,template,13,test_lookalike_3+norm,bongo_1262,0,0.000053
bilstm_finetuned,clean,template,13,test_lookalike_3+norm,bongo_1278,1,0.016061
bilstm_finetuned,clean,template,13,test_lookalike_3+norm,bongo_1285,0,0.000028
bilstm_finetuned,clean,template,13,test_lookalike_3+norm,bongo_1293,1,0.999994
bilstm_finetuned,clean,template,13,test_lookalike_3+norm,bongo_1316,0,0.000063
bilstm_finetuned,clean,template,13,test_lookalike_3+norm,bongo_1327,1,0.005098
bilstm_finetuned,clean,template,13,test_lookalike_3+norm,bongo_1330,0,0.050357
bilstm_finetuned,clean,template,13,test_lookalike_3+norm,bongo_1359,0,0.003190
bilstm_finetuned,clean,template,13,test_lookalike_3+norm,bongo_1375,0,0.000044
bilstm_finetuned,clean,template,13,test_lookalike_all+norm,bongo_0025,1,0.999990
bilstm_finetuned,clean,template,13,test_lookalike_all+norm,bongo_0029,0,0.035802
bilstm_finetuned,clean,template,13,test_lookalike_all+norm,bongo_0039,1,0.999997
bilstm_finetuned,clean,template,13,test_lookalike_all+norm,bongo_0047,1,0.999992
bilstm_finetuned,clean,template,13,test_lookalike_all+norm,bongo_0053,0,0.000113
bilstm_finetuned,clean,template,13,test_lookalike_all+norm,bongo_0055,1,0.005759
bilstm_finetuned,clean,template,13,test_lookalike_all+norm,bongo_0061,1,0.999337
bilstm_finetuned,clean,template,13,test_lookalike_all+norm,bongo_0097,0,0.000291
bilstm_finetuned,clean,template,13,test_lookalike_all+norm,bongo_0107,0,0.000020
bilstm_finetuned,clean,template,13,test_lookalike_all+norm,bongo_0110,0,0.000016
bilstm_finetuned,clean,template,13,test_lookalike_all+norm,bongo_0112,1,0.022050
bilstm_finetuned,clean,template,13,test_lookalike_all+norm,bongo_0115,0,0.000232
bilstm_finetuned,clean,template,13,test_lookalike_all+norm,bongo_0143,0,0.000265
bilstm_finetuned,clean,template,13,test_lookalike_all+norm,bongo_0146,1,0.999990
bilstm_finetuned,clean,template,13,test_lookalike_all+norm,bongo_0154,1,0.999989
bilstm_finetuned,clean,template,13,test_lookalike_all+norm,bongo_0159,1,0.005112
bilstm_finetuned,clean,template,13,test_lookalike_all+norm,bongo_0160,0,0.000027
bilstm_finetuned,clean,template,13,test_lookalike_all+norm,bongo_0172,0,0.277720
bilstm_finetuned,clean,template,13,test_lookalike_all+norm,bongo_0173,1,0.010429
bilstm_finetuned,clean,template,13,test_lookalike_all+norm,bongo_0175,0,0.000026
bilstm_finetuned,clean,template,13,test_lookalike_all+norm,bongo_0182,0,0.000012
bilstm_finetuned,clean,template,13,test_lookalike_all+norm,bongo_0195,1,0.999932
bilstm_finetuned,clean,template,13,test_lookalike_all+norm,bongo_0197,0,0.000040
bilstm_finetuned,clean,template,13,test_lookalike_all+norm,bongo_0201,1,0.999995
bilstm_finetuned,clean,template,13,test_lookalike_all+norm,bongo_0203,1,0.999996
bilstm_finetuned,clean,template,13,test_lookalike_all+norm,bongo_0250,1,0.005112
bilstm_finetuned,clean,template,13,test_lookalike_all+norm,bongo_0253,0,0.000051
bilstm_finetuned,clean,template,13,test_lookalike_all+norm,bongo_0255,1,0.009264
bilstm_finetuned,clean,template,13,test_lookalike_all+norm,bongo_0265,1,0.010573
bilstm_finetuned,clean,template,13,test_lookalike_all+norm,bongo_0271,0,0.000036
bilstm_finetuned,clean,template,13,test_lookalike_all+norm,bongo_0300,0,0.000035
bilstm_finetuned,clean,template,13,test_lookalike_all+norm,bongo_0306,0,0.000050
bilstm_finetuned,clean,template,13,test_lookalike_all+norm,bongo_0356,1,0.022023
bilstm_finetuned,clean,template,13,test_lookalike_all+norm,bongo_0360,1,0.999984
bilstm_finetuned,clean,template,13,test_lookalike_all+norm,bongo_0361,1,0.999996
bilstm_finetuned,clean,template,13,test_lookalike_all+norm,bongo_0363,0,0.000033
bilstm_finetuned,clean,template,13,test_lookalike_all+norm,bongo_0368,0,0.000159
bilstm_finetuned,clean,template,13,test_lookalike_all+norm,bongo_0372,0,0.000088
bilstm_finetuned,clean,template,13,test_lookalike_all+norm,bongo_0380,1,0.009119
bilstm_finetuned,clean,template,13,test_lookalike_all+norm,bongo_0389,0,0.000031
bilstm_finetuned,clean,template,13,test_lookalike_all+norm,bongo_0395,0,0.000339
bilstm_finetuned,clean,template,13,test_lookalike_all+norm,bongo_0405,1,0.999919
bilstm_finetuned,clean,template,13,test_lookalike_all+norm,bongo_0424,1,0.999995
bilstm_finetuned,clean,template,13,test_lookalike_all+norm,bongo_0427,0,0.000374
bilstm_finetuned,clean,template,13,test_lookalike_all+norm,bongo_0434,1,0.005105
bilstm_finetuned,clean,template,13,test_lookalike_all+norm,bongo_0463,0,0.000264
bilstm_finetuned,clean,template,13,test_lookalike_all+norm,bongo_0476,1,0.999975
bilstm_finetuned,clean,template,13,test_lookalike_all+norm,bongo_0510,1,0.999992
bilstm_finetuned,clean,template,13,test_lookalike_all+norm,bongo_0531,0,0.000109
bilstm_finetuned,clean,template,13,test_lookalike_all+norm,bongo_0542,0,0.000026
bilstm_finetuned,clean,template,13,test_lookalike_all+norm,bongo_0545,0,0.000028
bilstm_finetuned,clean,template,13,test_lookalike_all+norm,bongo_0560,1,0.999944
bilstm_finetuned,clean,template,13,test_lookalike_all+norm,bongo_0565,1,0.055507
bilstm_finetuned,clean,template,13,test_lookalike_all+norm,bongo_0566,1,0.999997
bilstm_finetuned,clean,template,13,test_lookalike_all+norm,bongo_0571,0,0.000027
bilstm_finetuned,clean,template,13,test_lookalike_all+norm,bongo_0577,1,0.999909
bilstm_finetuned,clean,template,13,test_lookalike_all+norm,bongo_0580,1,0.999938
bilstm_finetuned,clean,template,13,test_lookalike_all+norm,bongo_0621,1,0.999805
bilstm_finetuned,clean,template,13,test_lookalike_all+norm,bongo_0624,1,0.999992
bilstm_finetuned,clean,template,13,test_lookalike_all+norm,bongo_0630,0,0.000108
bilstm_finetuned,clean,template,13,test_lookalike_all+norm,bongo_0638,1,0.999994
bilstm_finetuned,clean,template,13,test_lookalike_all+norm,bongo_0648,0,0.009938
bilstm_finetuned,clean,template,13,test_lookalike_all+norm,bongo_0674,0,0.000020
bilstm_finetuned,clean,template,13,test_lookalike_all+norm,bongo_0685,0,0.004694
bilstm_finetuned,clean,template,13,test_lookalike_all+norm,bongo_0697,1,0.054639
bilstm_finetuned,clean,template,13,test_lookalike_all+norm,bongo_0701,0,0.000028
bilstm_finetuned,clean,template,13,test_lookalike_all+norm,bongo_0706,1,0.022020
bilstm_finetuned,clean,template,13,test_lookalike_all+norm,bongo_0719,1,0.009132
bilstm_finetuned,clean,template,13,test_lookalike_all+norm,bongo_0721,1,0.999982
bilstm_finetuned,clean,template,13,test_lookalike_all+norm,bongo_0724,1,0.055426
bilstm_finetuned,clean,template,13,test_lookalike_all+norm,bongo_0729,1,0.999925
bilstm_finetuned,clean,template,13,test_lookalike_all+norm,bongo_0741,0,0.000029
bilstm_finetuned,clean,template,13,test_lookalike_all+norm,bongo_0749,1,0.015846
bilstm_finetuned,clean,template,13,test_lookalike_all+norm,bongo_0769,1,0.999995
bilstm_finetuned,clean,template,13,test_lookalike_all+norm,bongo_0770,1,0.005105
bilstm_finetuned,clean,template,13,test_lookalike_all+norm,bongo_0778,1,0.015819
bilstm_finetuned,clean,template,13,test_lookalike_all+norm,bongo_0787,1,0.999985
bilstm_finetuned,clean,template,13,test_lookalike_all+norm,bongo_0795,0,0.000439
bilstm_finetuned,clean,template,13,test_lookalike_all+norm,bongo_0806,1,0.055426
bilstm_finetuned,clean,template,13,test_lookalike_all+norm,bongo_0807,1,0.999992
bilstm_finetuned,clean,template,13,test_lookalike_all+norm,bongo_0818,0,0.002821
bilstm_finetuned,clean,template,13,test_lookalike_all+norm,bongo_0819,0,0.000108
bilstm_finetuned,clean,template,13,test_lookalike_all+norm,bongo_0835,0,0.000026
bilstm_finetuned,clean,template,13,test_lookalike_all+norm,bongo_0840,1,0.999985
bilstm_finetuned,clean,template,13,test_lookalike_all+norm,bongo_0855,1,0.054690
bilstm_finetuned,clean,template,13,test_lookalike_all+norm,bongo_0856,0,0.000056
bilstm_finetuned,clean,template,13,test_lookalike_all+norm,bongo_0864,1,0.999997
bilstm_finetuned,clean,template,13,test_lookalike_all+norm,bongo_0871,1,0.999992
bilstm_finetuned,clean,template,13,test_lookalike_all+norm,bongo_0872,0,0.001564
bilstm_finetuned,clean,template,13,test_lookalike_all+norm,bongo_0904,0,0.000228
bilstm_finetuned,clean,template,13,test_lookalike_all+norm,bongo_0905,1,0.999997
bilstm_finetuned,clean,template,13,test_lookalike_all+norm,bongo_0909,1,0.999903
bilstm_finetuned,clean,template,13,test_lookalike_all+norm,bongo_0917,1,0.005873
bilstm_finetuned,clean,template,13,test_lookalike_all+norm,bongo_0918,1,0.999918
bilstm_finetuned,clean,template,13,test_lookalike_all+norm,bongo_0950,0,0.000026
bilstm_finetuned,clean,template,13,test_lookalike_all+norm,bongo_0955,1,0.999994
bilstm_finetuned,clean,template,13,test_lookalike_all+norm,bongo_0956,0,0.000026
bilstm_finetuned,clean,template,13,test_lookalike_all+norm,bongo_0971,0,0.000032
bilstm_finetuned,clean,template,13,test_lookalike_all+norm,bongo_0983,0,0.000073
bilstm_finetuned,clean,template,13,test_lookalike_all+norm,bongo_0989,1,0.999992
bilstm_finetuned,clean,template,13,test_lookalike_all+norm,bongo_0994,0,0.000127
bilstm_finetuned,clean,template,13,test_lookalike_all+norm,bongo_1003,1,0.999944
bilstm_finetuned,clean,template,13,test_lookalike_all+norm,bongo_1006,0,0.000036
bilstm_finetuned,clean,template,13,test_lookalike_all+norm,bongo_1012,1,0.016051
bilstm_finetuned,clean,template,13,test_lookalike_all+norm,bongo_1015,0,0.000014
bilstm_finetuned,clean,template,13,test_lookalike_all+norm,bongo_1022,1,0.009307
bilstm_finetuned,clean,template,13,test_lookalike_all+norm,bongo_1037,0,0.000044
bilstm_finetuned,clean,template,13,test_lookalike_all+norm,bongo_1040,0,0.000040
bilstm_finetuned,clean,template,13,test_lookalike_all+norm,bongo_1042,1,0.999882
bilstm_finetuned,clean,template,13,test_lookalike_all+norm,bongo_1047,1,0.999997
bilstm_finetuned,clean,template,13,test_lookalike_all+norm,bongo_1050,0,0.000028
bilstm_finetuned,clean,template,13,test_lookalike_all+norm,bongo_1052,1,0.999996
bilstm_finetuned,clean,template,13,test_lookalike_all+norm,bongo_1059,0,0.000024
bilstm_finetuned,clean,template,13,test_lookalike_all+norm,bongo_1071,0,0.000033
bilstm_finetuned,clean,template,13,test_lookalike_all+norm,bongo_1090,0,0.000019
bilstm_finetuned,clean,template,13,test_lookalike_all+norm,bongo_1104,1,0.999994
bilstm_finetuned,clean,template,13,test_lookalike_all+norm,bongo_1115,0,0.000009
bilstm_finetuned,clean,template,13,test_lookalike_all+norm,bongo_1123,0,0.000030
bilstm_finetuned,clean,template,13,test_lookalike_all+norm,bongo_1125,0,0.002881
bilstm_finetuned,clean,template,13,test_lookalike_all+norm,bongo_1127,1,0.010636
bilstm_finetuned,clean,template,13,test_lookalike_all+norm,bongo_1131,1,0.999994
bilstm_finetuned,clean,template,13,test_lookalike_all+norm,bongo_1134,1,0.022351
bilstm_finetuned,clean,template,13,test_lookalike_all+norm,bongo_1135,0,0.004074
bilstm_finetuned,clean,template,13,test_lookalike_all+norm,bongo_1136,1,0.999992
bilstm_finetuned,clean,template,13,test_lookalike_all+norm,bongo_1138,1,0.999997
bilstm_finetuned,clean,template,13,test_lookalike_all+norm,bongo_1140,1,0.999902
bilstm_finetuned,clean,template,13,test_lookalike_all+norm,bongo_1154,1,0.999993
bilstm_finetuned,clean,template,13,test_lookalike_all+norm,bongo_1155,0,0.000029
bilstm_finetuned,clean,template,13,test_lookalike_all+norm,bongo_1171,1,0.999994
bilstm_finetuned,clean,template,13,test_lookalike_all+norm,bongo_1181,1,0.999949
bilstm_finetuned,clean,template,13,test_lookalike_all+norm,bongo_1185,1,0.009105
bilstm_finetuned,clean,template,13,test_lookalike_all+norm,bongo_1194,0,0.000523
bilstm_finetuned,clean,template,13,test_lookalike_all+norm,bongo_1195,1,0.055489
bilstm_finetuned,clean,template,13,test_lookalike_all+norm,bongo_1198,0,0.000074
bilstm_finetuned,clean,template,13,test_lookalike_all+norm,bongo_1204,1,0.005105
bilstm_finetuned,clean,template,13,test_lookalike_all+norm,bongo_1220,1,0.999997
bilstm_finetuned,clean,template,13,test_lookalike_all+norm,bongo_1233,1,0.999997
bilstm_finetuned,clean,template,13,test_lookalike_all+norm,bongo_1236,0,0.000046
bilstm_finetuned,clean,template,13,test_lookalike_all+norm,bongo_1240,1,0.009264
bilstm_finetuned,clean,template,13,test_lookalike_all+norm,bongo_1244,0,0.000028
bilstm_finetuned,clean,template,13,test_lookalike_all+norm,bongo_1249,0,0.000010
bilstm_finetuned,clean,template,13,test_lookalike_all+norm,bongo_1253,0,0.001516
bilstm_finetuned,clean,template,13,test_lookalike_all+norm,bongo_1260,0,0.000033
bilstm_finetuned,clean,template,13,test_lookalike_all+norm,bongo_1262,0,0.000053
bilstm_finetuned,clean,template,13,test_lookalike_all+norm,bongo_1278,1,0.016061
bilstm_finetuned,clean,template,13,test_lookalike_all+norm,bongo_1285,0,0.000028
bilstm_finetuned,clean,template,13,test_lookalike_all+norm,bongo_1293,1,0.999994
bilstm_finetuned,clean,template,13,test_lookalike_all+norm,bongo_1316,0,0.000063
bilstm_finetuned,clean,template,13,test_lookalike_all+norm,bongo_1327,1,0.005098
bilstm_finetuned,clean,template,13,test_lookalike_all+norm,bongo_1330,0,0.050357
bilstm_finetuned,clean,template,13,test_lookalike_all+norm,bongo_1359,0,0.003190
bilstm_finetuned,clean,template,13,test_lookalike_all+norm,bongo_1375,0,0.000044
bilstm_finetuned,clean,template,13,test_structural_1+norm,bongo_0025,1,0.999987
bilstm_finetuned,clean,template,13,test_structural_1+norm,bongo_0029,0,0.035802
bilstm_finetuned,clean,template,13,test_structural_1+norm,bongo_0039,1,0.999996
bilstm_finetuned,clean,template,13,test_structural_1+norm,bongo_0047,1,0.999992
bilstm_finetuned,clean,template,13,test_structural_1+norm,bongo_0053,0,0.000113
bilstm_finetuned,clean,template,13,test_structural_1+norm,bongo_0055,1,0.005105
bilstm_finetuned,clean,template,13,test_structural_1+norm,bongo_0061,1,0.999337
bilstm_finetuned,clean,template,13,test_structural_1+norm,bongo_0097,0,0.000291
bilstm_finetuned,clean,template,13,test_structural_1+norm,bongo_0107,0,0.000020
bilstm_finetuned,clean,template,13,test_structural_1+norm,bongo_0110,0,0.000016
bilstm_finetuned,clean,template,13,test_structural_1+norm,bongo_0112,1,0.022565
bilstm_finetuned,clean,template,13,test_structural_1+norm,bongo_0115,0,0.000232
bilstm_finetuned,clean,template,13,test_structural_1+norm,bongo_0143,0,0.000265
bilstm_finetuned,clean,template,13,test_structural_1+norm,bongo_0146,1,0.999990
bilstm_finetuned,clean,template,13,test_structural_1+norm,bongo_0154,1,0.999990
bilstm_finetuned,clean,template,13,test_structural_1+norm,bongo_0159,1,0.005112
bilstm_finetuned,clean,template,13,test_structural_1+norm,bongo_0160,0,0.000027
bilstm_finetuned,clean,template,13,test_structural_1+norm,bongo_0172,0,0.277720
bilstm_finetuned,clean,template,13,test_structural_1+norm,bongo_0173,1,0.010429
bilstm_finetuned,clean,template,13,test_structural_1+norm,bongo_0175,0,0.000026
bilstm_finetuned,clean,template,13,test_structural_1+norm,bongo_0182,0,0.000012
bilstm_finetuned,clean,template,13,test_structural_1+norm,bongo_0195,1,0.999965
bilstm_finetuned,clean,template,13,test_structural_1+norm,bongo_0197,0,0.000040
bilstm_finetuned,clean,template,13,test_structural_1+norm,bongo_0201,1,0.999995
bilstm_finetuned,clean,template,13,test_structural_1+norm,bongo_0203,1,0.999996
bilstm_finetuned,clean,template,13,test_structural_1+norm,bongo_0250,1,0.005112
bilstm_finetuned,clean,template,13,test_structural_1+norm,bongo_0253,0,0.000051
bilstm_finetuned,clean,template,13,test_structural_1+norm,bongo_0255,1,0.009264
bilstm_finetuned,clean,template,13,test_structural_1+norm,bongo_0265,1,0.010573
bilstm_finetuned,clean,template,13,test_structural_1+norm,bongo_0271,0,0.000036
bilstm_finetuned,clean,template,13,test_structural_1+norm,bongo_0300,0,0.000035
bilstm_finetuned,clean,template,13,test_structural_1+norm,bongo_0306,0,0.000050
bilstm_finetuned,clean,template,13,test_structural_1+norm,bongo_0356,1,0.022023
bilstm_finetuned,clean,template,13,test_structural_1+norm,bongo_0360,1,0.999985
bilstm_finetuned,clean,template,13,test_structural_1+norm,bongo_0361,1,0.999996
bilstm_finetuned,clean,template,13,test_structural_1+norm,bongo_0363,0,0.000033
bilstm_finetuned,clean,template,13,test_structural_1+norm,bongo_0368,0,0.000159
bilstm_finetuned,clean,template,13,test_structural_1+norm,bongo_0372,0,0.000088
bilstm_finetuned,clean,template,13,test_structural_1+norm,bongo_0380,1,0.009119
bilstm_finetuned,clean,template,13,test_structural_1+norm,bongo_0389,0,0.000031
bilstm_finetuned,clean,template,13,test_structural_1+norm,bongo_0395,0,0.000339
bilstm_finetuned,clean,template,13,test_structural_1+norm,bongo_0405,1,0.999919
bilstm_finetuned,clean,template,13,test_structural_1+norm,bongo_0424,1,0.999995
bilstm_finetuned,clean,template,13,test_structural_1+norm,bongo_0427,0,0.000374
bilstm_finetuned,clean,template,13,test_structural_1+norm,bongo_0434,1,0.005105
bilstm_finetuned,clean,template,13,test_structural_1+norm,bongo_0463,0,0.000264
bilstm_finetuned,clean,template,13,test_structural_1+norm,bongo_0476,1,0.999959
bilstm_finetuned,clean,template,13,test_structural_1+norm,bongo_0510,1,0.999991
bilstm_finetuned,clean,template,13,test_structural_1+norm,bongo_0531,0,0.000109
bilstm_finetuned,clean,template,13,test_structural_1+norm,bongo_0542,0,0.000026
bilstm_finetuned,clean,template,13,test_structural_1+norm,bongo_0545,0,0.000028
bilstm_finetuned,clean,template,13,test_structural_1+norm,bongo_0560,1,0.999944
bilstm_finetuned,clean,template,13,test_structural_1+norm,bongo_0565,1,0.054639
bilstm_finetuned,clean,template,13,test_structural_1+norm,bongo_0566,1,0.999997
bilstm_finetuned,clean,template,13,test_structural_1+norm,bongo_0571,0,0.000027
bilstm_finetuned,clean,template,13,test_structural_1+norm,bongo_0577,1,0.999696
bilstm_finetuned,clean,template,13,test_structural_1+norm,bongo_0580,1,0.999938
bilstm_finetuned,clean,template,13,test_structural_1+norm,bongo_0621,1,0.999805
bilstm_finetuned,clean,template,13,test_structural_1+norm,bongo_0624,1,0.999992
bilstm_finetuned,clean,template,13,test_structural_1+norm,bongo_0630,0,0.000108
bilstm_finetuned,clean,template,13,test_structural_1+norm,bongo_0638,1,0.999994
bilstm_finetuned,clean,template,13,test_structural_1+norm,bongo_0648,0,0.009938
bilstm_finetuned,clean,template,13,test_structural_1+norm,bongo_0674,0,0.000020
bilstm_finetuned,clean,template,13,test_structural_1+norm,bongo_0685,0,0.004694
bilstm_finetuned,clean,template,13,test_structural_1+norm,bongo_0697,1,0.054639
bilstm_finetuned,clean,template,13,test_structural_1+norm,bongo_0701,0,0.000028
bilstm_finetuned,clean,template,13,test_structural_1+norm,bongo_0706,1,0.022020
bilstm_finetuned,clean,template,13,test_structural_1+norm,bongo_0719,1,0.009396
bilstm_finetuned,clean,template,13,test_structural_1+norm,bongo_0721,1,0.999982
bilstm_finetuned,clean,template,13,test_structural_1+norm,bongo_0724,1,0.055426
bilstm_finetuned,clean,template,13,test_structural_1+norm,bongo_0729,1,0.999925
bilstm_finetuned,clean,template,13,test_structural_1+norm,bongo_0741,0,0.000029
bilstm_finetuned,clean,template,13,test_structural_1+norm,bongo_0749,1,0.016231
bilstm_finetuned,clean,template,13,test_structural_1+norm,bongo_0769,1,0.999995
bilstm_finetuned,clean,template,13,test_structural_1+norm,bongo_0770,1,0.005105
bilstm_finetuned,clean,template,13,test_structural_1+norm,bongo_0778,1,0.016140
bilstm_finetuned,clean,template,13,test_structural_1+norm,bongo_0787,1,0.999985
bilstm_finetuned,clean,template,13,test_structural_1+norm,bongo_0795,0,0.000439
bilstm_finetuned,clean,template,13,test_structural_1+norm,bongo_0806,1,0.055426
bilstm_finetuned,clean,template,13,test_structural_1+norm,bongo_0807,1,0.999992
bilstm_finetuned,clean,template,13,test_structural_1+norm,bongo_0818,0,0.002821
bilstm_finetuned,clean,template,13,test_structural_1+norm,bongo_0819,0,0.000108
bilstm_finetuned,clean,template,13,test_structural_1+norm,bongo_0835,0,0.000026
bilstm_finetuned,clean,template,13,test_structural_1+norm,bongo_0840,1,0.999985
bilstm_finetuned,clean,template,13,test_structural_1+norm,bongo_0855,1,0.054690
bilstm_finetuned,clean,template,13,test_structural_1+norm,bongo_0856,0,0.000056
bilstm_finetuned,clean,template,13,test_structural_1+norm,bongo_0864,1,0.999997
bilstm_finetuned,clean,template,13,test_structural_1+norm,bongo_0871,1,0.999985
bilstm_finetuned,clean,template,13,test_structural_1+norm,bongo_0872,0,0.001564
bilstm_finetuned,clean,template,13,test_structural_1+norm,bongo_0904,0,0.000228
bilstm_finetuned,clean,template,13,test_structural_1+norm,bongo_0905,1,0.999997
bilstm_finetuned,clean,template,13,test_structural_1+norm,bongo_0909,1,0.999903
bilstm_finetuned,clean,template,13,test_structural_1+norm,bongo_0917,1,0.004985
bilstm_finetuned,clean,template,13,test_structural_1+norm,bongo_0918,1,0.999806
bilstm_finetuned,clean,template,13,test_structural_1+norm,bongo_0950,0,0.000026
bilstm_finetuned,clean,template,13,test_structural_1+norm,bongo_0955,1,0.999994
bilstm_finetuned,clean,template,13,test_structural_1+norm,bongo_0956,0,0.000026
bilstm_finetuned,clean,template,13,test_structural_1+norm,bongo_0971,0,0.000032
bilstm_finetuned,clean,template,13,test_structural_1+norm,bongo_0983,0,0.000073
bilstm_finetuned,clean,template,13,test_structural_1+norm,bongo_0989,1,0.999992
bilstm_finetuned,clean,template,13,test_structural_1+norm,bongo_0994,0,0.000127
bilstm_finetuned,clean,template,13,test_structural_1+norm,bongo_1003,1,0.999944
bilstm_finetuned,clean,template,13,test_structural_1+norm,bongo_1006,0,0.000036
bilstm_finetuned,clean,template,13,test_structural_1+norm,bongo_1012,1,0.015822
bilstm_finetuned,clean,template,13,test_structural_1+norm,bongo_1015,0,0.000014
bilstm_finetuned,clean,template,13,test_structural_1+norm,bongo_1022,1,0.009118
bilstm_finetuned,clean,template,13,test_structural_1+norm,bongo_1037,0,0.000044
bilstm_finetuned,clean,template,13,test_structural_1+norm,bongo_1040,0,0.000040
bilstm_finetuned,clean,template,13,test_structural_1+norm,bongo_1042,1,0.999664
bilstm_finetuned,clean,template,13,test_structural_1+norm,bongo_1047,1,0.999997
bilstm_finetuned,clean,template,13,test_structural_1+norm,bongo_1050,0,0.000028
bilstm_finetuned,clean,template,13,test_structural_1+norm,bongo_1052,1,0.999996
bilstm_finetuned,clean,template,13,test_structural_1+norm,bongo_1059,0,0.000024
bilstm_finetuned,clean,template,13,test_structural_1+norm,bongo_1071,0,0.000033
bilstm_finetuned,clean,template,13,test_structural_1+norm,bongo_1090,0,0.000019
bilstm_finetuned,clean,template,13,test_structural_1+norm,bongo_1104,1,0.999994
bilstm_finetuned,clean,template,13,test_structural_1+norm,bongo_1115,0,0.000009
bilstm_finetuned,clean,template,13,test_structural_1+norm,bongo_1123,0,0.000030
bilstm_finetuned,clean,template,13,test_structural_1+norm,bongo_1125,0,0.002881
bilstm_finetuned,clean,template,13,test_structural_1+norm,bongo_1127,1,0.010725
bilstm_finetuned,clean,template,13,test_structural_1+norm,bongo_1131,1,0.999994
bilstm_finetuned,clean,template,13,test_structural_1+norm,bongo_1134,1,0.022351
bilstm_finetuned,clean,template,13,test_structural_1+norm,bongo_1135,0,0.004074
bilstm_finetuned,clean,template,13,test_structural_1+norm,bongo_1136,1,0.999992
bilstm_finetuned,clean,template,13,test_structural_1+norm,bongo_1138,1,0.999997
bilstm_finetuned,clean,template,13,test_structural_1+norm,bongo_1140,1,0.999902
bilstm_finetuned,clean,template,13,test_structural_1+norm,bongo_1154,1,0.999993
bilstm_finetuned,clean,template,13,test_structural_1+norm,bongo_1155,0,0.000029
bilstm_finetuned,clean,template,13,test_structural_1+norm,bongo_1171,1,0.999994
bilstm_finetuned,clean,template,13,test_structural_1+norm,bongo_1181,1,0.999834
bilstm_finetuned,clean,template,13,test_structural_1+norm,bongo_1185,1,0.008552
bilstm_finetuned,clean,template,13,test_structural_1+norm,bongo_1194,0,0.000523
bilstm_finetuned,clean,template,13,test_structural_1+norm,bongo_1195,1,0.054629
bilstm_finetuned,clean,template,13,test_structural_1+norm,bongo_1198,0,0.000074
bilstm_finetuned,clean,template,13,test_structural_1+norm,bongo_1204,1,0.005878
bilstm_finetuned,clean,template,13,test_structural_1+norm,bongo_1220,1,0.999996
bilstm_finetuned,clean,template,13,test_structural_1+norm,bongo_1233,1,0.999997
bilstm_finetuned,clean,template,13,test_structural_1+norm,bongo_1236,0,0.000046
bilstm_finetuned,clean,template,13,test_structural_1+norm,bongo_1240,1,0.009264
bilstm_finetuned,clean,template,13,test_structural_1+norm,bongo_1244,0,0.000028
bilstm_finetuned,clean,template,13,test_structural_1+norm,bongo_1249,0,0.000010
bilstm_finetuned,clean,template,13,test_structural_1+norm,bongo_1253,0,0.001516
bilstm_finetuned,clean,template,13,test_structural_1+norm,bongo_1260,0,0.000033
bilstm_finetuned,clean,template,13,test_structural_1+norm,bongo_1262,0,0.000053
bilstm_finetuned,clean,template,13,test_structural_1+norm,bongo_1278,1,0.016061
bilstm_finetuned,clean,template,13,test_structural_1+norm,bongo_1285,0,0.000028
bilstm_finetuned,clean,template,13,test_structural_1+norm,bongo_1293,1,0.999994
bilstm_finetuned,clean,template,13,test_structural_1+norm,bongo_1316,0,0.000063
bilstm_finetuned,clean,template,13,test_structural_1+norm,bongo_1327,1,0.005098
bilstm_finetuned,clean,template,13,test_structural_1+norm,bongo_1330,0,0.050357
bilstm_finetuned,clean,template,13,test_structural_1+norm,bongo_1359,0,0.003190
bilstm_finetuned,clean,template,13,test_structural_1+norm,bongo_1375,0,0.000044
bilstm_finetuned,clean,template,13,test_structural_3+norm,bongo_0025,1,0.999937
bilstm_finetuned,clean,template,13,test_structural_3+norm,bongo_0029,0,0.035802
bilstm_finetuned,clean,template,13,test_structural_3+norm,bongo_0039,1,0.999996
bilstm_finetuned,clean,template,13,test_structural_3+norm,bongo_0047,1,0.999992
bilstm_finetuned,clean,template,13,test_structural_3+norm,bongo_0053,0,0.000113
bilstm_finetuned,clean,template,13,test_structural_3+norm,bongo_0055,1,0.005105
bilstm_finetuned,clean,template,13,test_structural_3+norm,bongo_0061,1,0.999326
bilstm_finetuned,clean,template,13,test_structural_3+norm,bongo_0097,0,0.000291
bilstm_finetuned,clean,template,13,test_structural_3+norm,bongo_0107,0,0.000020
bilstm_finetuned,clean,template,13,test_structural_3+norm,bongo_0110,0,0.000016
bilstm_finetuned,clean,template,13,test_structural_3+norm,bongo_0112,1,0.021211
bilstm_finetuned,clean,template,13,test_structural_3+norm,bongo_0115,0,0.000232
bilstm_finetuned,clean,template,13,test_structural_3+norm,bongo_0143,0,0.000265
bilstm_finetuned,clean,template,13,test_structural_3+norm,bongo_0146,1,0.999989
bilstm_finetuned,clean,template,13,test_structural_3+norm,bongo_0154,1,0.999917
bilstm_finetuned,clean,template,13,test_structural_3+norm,bongo_0159,1,0.005892
bilstm_finetuned,clean,template,13,test_structural_3+norm,bongo_0160,0,0.000027
bilstm_finetuned,clean,template,13,test_structural_3+norm,bongo_0172,0,0.277720
bilstm_finetuned,clean,template,13,test_structural_3+norm,bongo_0173,1,0.010429
bilstm_finetuned,clean,template,13,test_structural_3+norm,bongo_0175,0,0.000026
bilstm_finetuned,clean,template,13,test_structural_3+norm,bongo_0182,0,0.000012
bilstm_finetuned,clean,template,13,test_structural_3+norm,bongo_0195,1,0.999919
bilstm_finetuned,clean,template,13,test_structural_3+norm,bongo_0197,0,0.000040
bilstm_finetuned,clean,template,13,test_structural_3+norm,bongo_0201,1,0.999995
bilstm_finetuned,clean,template,13,test_structural_3+norm,bongo_0203,1,0.999996
bilstm_finetuned,clean,template,13,test_structural_3+norm,bongo_0250,1,0.005112
bilstm_finetuned,clean,template,13,test_structural_3+norm,bongo_0253,0,0.000051
bilstm_finetuned,clean,template,13,test_structural_3+norm,bongo_0255,1,0.009036
bilstm_finetuned,clean,template,13,test_structural_3+norm,bongo_0265,1,0.009198
bilstm_finetuned,clean,template,13,test_structural_3+norm,bongo_0271,0,0.000036
bilstm_finetuned,clean,template,13,test_structural_3+norm,bongo_0300,0,0.000035
bilstm_finetuned,clean,template,13,test_structural_3+norm,bongo_0306,0,0.000050
bilstm_finetuned,clean,template,13,test_structural_3+norm,bongo_0356,1,0.022023
bilstm_finetuned,clean,template,13,test_structural_3+norm,bongo_0360,1,0.999985
bilstm_finetuned,clean,template,13,test_structural_3+norm,bongo_0361,1,0.999996
bilstm_finetuned,clean,template,13,test_structural_3+norm,bongo_0363,0,0.000033
bilstm_finetuned,clean,template,13,test_structural_3+norm,bongo_0368,0,0.000159
bilstm_finetuned,clean,template,13,test_structural_3+norm,bongo_0372,0,0.000088
bilstm_finetuned,clean,template,13,test_structural_3+norm,bongo_0380,1,0.006550
bilstm_finetuned,clean,template,13,test_structural_3+norm,bongo_0389,0,0.000031
bilstm_finetuned,clean,template,13,test_structural_3+norm,bongo_0395,0,0.000339
bilstm_finetuned,clean,template,13,test_structural_3+norm,bongo_0405,1,0.913156
bilstm_finetuned,clean,template,13,test_structural_3+norm,bongo_0424,1,0.999995
bilstm_finetuned,clean,template,13,test_structural_3+norm,bongo_0427,0,0.000374
bilstm_finetuned,clean,template,13,test_structural_3+norm,bongo_0434,1,0.005105
bilstm_finetuned,clean,template,13,test_structural_3+norm,bongo_0463,0,0.000264
bilstm_finetuned,clean,template,13,test_structural_3+norm,bongo_0476,1,0.999975
bilstm_finetuned,clean,template,13,test_structural_3+norm,bongo_0510,1,0.999993
bilstm_finetuned,clean,template,13,test_structural_3+norm,bongo_0531,0,0.000109
bilstm_finetuned,clean,template,13,test_structural_3+norm,bongo_0542,0,0.000026
bilstm_finetuned,clean,template,13,test_structural_3+norm,bongo_0545,0,0.000028
bilstm_finetuned,clean,template,13,test_structural_3+norm,bongo_0560,1,0.999834
bilstm_finetuned,clean,template,13,test_structural_3+norm,bongo_0565,1,0.054538
bilstm_finetuned,clean,template,13,test_structural_3+norm,bongo_0566,1,0.999997
bilstm_finetuned,clean,template,13,test_structural_3+norm,bongo_0571,0,0.000027
bilstm_finetuned,clean,template,13,test_structural_3+norm,bongo_0577,1,0.999714
bilstm_finetuned,clean,template,13,test_structural_3+norm,bongo_0580,1,0.999938
bilstm_finetuned,clean,template,13,test_structural_3+norm,bongo_0621,1,0.927229
bilstm_finetuned,clean,template,13,test_structural_3+norm,bongo_0624,1,0.999983
bilstm_finetuned,clean,template,13,test_structural_3+norm,bongo_0630,0,0.000108
bilstm_finetuned,clean,template,13,test_structural_3+norm,bongo_0638,1,0.999994
bilstm_finetuned,clean,template,13,test_structural_3+norm,bongo_0648,0,0.009938
bilstm_finetuned,clean,template,13,test_structural_3+norm,bongo_0674,0,0.000020
bilstm_finetuned,clean,template,13,test_structural_3+norm,bongo_0685,0,0.004694
bilstm_finetuned,clean,template,13,test_structural_3+norm,bongo_0697,1,0.054026
bilstm_finetuned,clean,template,13,test_structural_3+norm,bongo_0701,0,0.000028
bilstm_finetuned,clean,template,13,test_structural_3+norm,bongo_0706,1,0.021132
bilstm_finetuned,clean,template,13,test_structural_3+norm,bongo_0719,1,0.009132
bilstm_finetuned,clean,template,13,test_structural_3+norm,bongo_0721,1,0.999991
bilstm_finetuned,clean,template,13,test_structural_3+norm,bongo_0724,1,0.057852
bilstm_finetuned,clean,template,13,test_structural_3+norm,bongo_0729,1,0.999940
bilstm_finetuned,clean,template,13,test_structural_3+norm,bongo_0741,0,0.000029
bilstm_finetuned,clean,template,13,test_structural_3+norm,bongo_0749,1,0.013890
bilstm_finetuned,clean,template,13,test_structural_3+norm,bongo_0769,1,0.999995
bilstm_finetuned,clean,template,13,test_structural_3+norm,bongo_0770,1,0.005871
bilstm_finetuned,clean,template,13,test_structural_3+norm,bongo_0778,1,0.013867
bilstm_finetuned,clean,template,13,test_structural_3+norm,bongo_0787,1,0.999985
bilstm_finetuned,clean,template,13,test_structural_3+norm,bongo_0795,0,0.000439
bilstm_finetuned,clean,template,13,test_structural_3+norm,bongo_0806,1,0.058747
bilstm_finetuned,clean,template,13,test_structural_3+norm,bongo_0807,1,0.999995
bilstm_finetuned,clean,template,13,test_structural_3+norm,bongo_0818,0,0.002821
bilstm_finetuned,clean,template,13,test_structural_3+norm,bongo_0819,0,0.000108
bilstm_finetuned,clean,template,13,test_structural_3+norm,bongo_0835,0,0.000026
bilstm_finetuned,clean,template,13,test_structural_3+norm,bongo_0840,1,0.999985
bilstm_finetuned,clean,template,13,test_structural_3+norm,bongo_0855,1,0.052740
bilstm_finetuned,clean,template,13,test_structural_3+norm,bongo_0856,0,0.000056
bilstm_finetuned,clean,template,13,test_structural_3+norm,bongo_0864,1,0.999997
bilstm_finetuned,clean,template,13,test_structural_3+norm,bongo_0871,1,0.999985
bilstm_finetuned,clean,template,13,test_structural_3+norm,bongo_0872,0,0.001564
bilstm_finetuned,clean,template,13,test_structural_3+norm,bongo_0904,0,0.000228
bilstm_finetuned,clean,template,13,test_structural_3+norm,bongo_0905,1,0.999995
bilstm_finetuned,clean,template,13,test_structural_3+norm,bongo_0909,1,0.999903
bilstm_finetuned,clean,template,13,test_structural_3+norm,bongo_0917,1,0.005092
bilstm_finetuned,clean,template,13,test_structural_3+norm,bongo_0918,1,0.999918
bilstm_finetuned,clean,template,13,test_structural_3+norm,bongo_0950,0,0.000026
bilstm_finetuned,clean,template,13,test_structural_3+norm,bongo_0955,1,0.999982
bilstm_finetuned,clean,template,13,test_structural_3+norm,bongo_0956,0,0.000026
bilstm_finetuned,clean,template,13,test_structural_3+norm,bongo_0971,0,0.000032
bilstm_finetuned,clean,template,13,test_structural_3+norm,bongo_0983,0,0.000073
bilstm_finetuned,clean,template,13,test_structural_3+norm,bongo_0989,1,0.999982
bilstm_finetuned,clean,template,13,test_structural_3+norm,bongo_0994,0,0.000127
bilstm_finetuned,clean,template,13,test_structural_3+norm,bongo_1003,1,0.999944
bilstm_finetuned,clean,template,13,test_structural_3+norm,bongo_1006,0,0.000036
bilstm_finetuned,clean,template,13,test_structural_3+norm,bongo_1012,1,0.015822
bilstm_finetuned,clean,template,13,test_structural_3+norm,bongo_1015,0,0.000014
bilstm_finetuned,clean,template,13,test_structural_3+norm,bongo_1022,1,0.009342
bilstm_finetuned,clean,template,13,test_structural_3+norm,bongo_1037,0,0.000044
bilstm_finetuned,clean,template,13,test_structural_3+norm,bongo_1040,0,0.000040
bilstm_finetuned,clean,template,13,test_structural_3+norm,bongo_1042,1,0.999882
bilstm_finetuned,clean,template,13,test_structural_3+norm,bongo_1047,1,0.999997
bilstm_finetuned,clean,template,13,test_structural_3+norm,bongo_1050,0,0.000028
bilstm_finetuned,clean,template,13,test_structural_3+norm,bongo_1052,1,0.999996
bilstm_finetuned,clean,template,13,test_structural_3+norm,bongo_1059,0,0.000024
bilstm_finetuned,clean,template,13,test_structural_3+norm,bongo_1071,0,0.000033
bilstm_finetuned,clean,template,13,test_structural_3+norm,bongo_1090,0,0.000019
bilstm_finetuned,clean,template,13,test_structural_3+norm,bongo_1104,1,0.999994
bilstm_finetuned,clean,template,13,test_structural_3+norm,bongo_1115,0,0.000009
bilstm_finetuned,clean,template,13,test_structural_3+norm,bongo_1123,0,0.000030
bilstm_finetuned,clean,template,13,test_structural_3+norm,bongo_1125,0,0.002881
bilstm_finetuned,clean,template,13,test_structural_3+norm,bongo_1127,1,0.010402
bilstm_finetuned,clean,template,13,test_structural_3+norm,bongo_1131,1,0.995955
bilstm_finetuned,clean,template,13,test_structural_3+norm,bongo_1134,1,0.020432
bilstm_finetuned,clean,template,13,test_structural_3+norm,bongo_1135,0,0.004074
bilstm_finetuned,clean,template,13,test_structural_3+norm,bongo_1136,1,0.999992
bilstm_finetuned,clean,template,13,test_structural_3+norm,bongo_1138,1,0.999996
bilstm_finetuned,clean,template,13,test_structural_3+norm,bongo_1140,1,0.999902
bilstm_finetuned,clean,template,13,test_structural_3+norm,bongo_1154,1,0.999993
bilstm_finetuned,clean,template,13,test_structural_3+norm,bongo_1155,0,0.000029
bilstm_finetuned,clean,template,13,test_structural_3+norm,bongo_1171,1,0.999994
bilstm_finetuned,clean,template,13,test_structural_3+norm,bongo_1181,1,0.998182
bilstm_finetuned,clean,template,13,test_structural_3+norm,bongo_1185,1,0.006528
bilstm_finetuned,clean,template,13,test_structural_3+norm,bongo_1194,0,0.000523
bilstm_finetuned,clean,template,13,test_structural_3+norm,bongo_1195,1,0.054629
bilstm_finetuned,clean,template,13,test_structural_3+norm,bongo_1198,0,0.000074
bilstm_finetuned,clean,template,13,test_structural_3+norm,bongo_1204,1,0.004883
bilstm_finetuned,clean,template,13,test_structural_3+norm,bongo_1220,1,0.999997
bilstm_finetuned,clean,template,13,test_structural_3+norm,bongo_1233,1,0.999997
bilstm_finetuned,clean,template,13,test_structural_3+norm,bongo_1236,0,0.000046
bilstm_finetuned,clean,template,13,test_structural_3+norm,bongo_1240,1,0.007817
bilstm_finetuned,clean,template,13,test_structural_3+norm,bongo_1244,0,0.000028
bilstm_finetuned,clean,template,13,test_structural_3+norm,bongo_1249,0,0.000010
bilstm_finetuned,clean,template,13,test_structural_3+norm,bongo_1253,0,0.001516
bilstm_finetuned,clean,template,13,test_structural_3+norm,bongo_1260,0,0.000033
bilstm_finetuned,clean,template,13,test_structural_3+norm,bongo_1262,0,0.000053
bilstm_finetuned,clean,template,13,test_structural_3+norm,bongo_1278,1,0.016848
bilstm_finetuned,clean,template,13,test_structural_3+norm,bongo_1285,0,0.000028
bilstm_finetuned,clean,template,13,test_structural_3+norm,bongo_1293,1,0.999994
bilstm_finetuned,clean,template,13,test_structural_3+norm,bongo_1316,0,0.000063
bilstm_finetuned,clean,template,13,test_structural_3+norm,bongo_1327,1,0.004525
bilstm_finetuned,clean,template,13,test_structural_3+norm,bongo_1330,0,0.050357
bilstm_finetuned,clean,template,13,test_structural_3+norm,bongo_1359,0,0.003190
bilstm_finetuned,clean,template,13,test_structural_3+norm,bongo_1375,0,0.000044
bilstm_finetuned,clean,template,13,test_structural_all+norm,bongo_0025,1,0.999957
bilstm_finetuned,clean,template,13,test_structural_all+norm,bongo_0029,0,0.035802
bilstm_finetuned,clean,template,13,test_structural_all+norm,bongo_0039,1,0.999885
bilstm_finetuned,clean,template,13,test_structural_all+norm,bongo_0047,1,0.999961
bilstm_finetuned,clean,template,13,test_structural_all+norm,bongo_0053,0,0.000113
bilstm_finetuned,clean,template,13,test_structural_all+norm,bongo_0055,1,0.004287
bilstm_finetuned,clean,template,13,test_structural_all+norm,bongo_0061,1,0.998021
bilstm_finetuned,clean,template,13,test_structural_all+norm,bongo_0097,0,0.000291
bilstm_finetuned,clean,template,13,test_structural_all+norm,bongo_0107,0,0.000020
bilstm_finetuned,clean,template,13,test_structural_all+norm,bongo_0110,0,0.000016
bilstm_finetuned,clean,template,13,test_structural_all+norm,bongo_0112,1,0.020466
bilstm_finetuned,clean,template,13,test_structural_all+norm,bongo_0115,0,0.000232
bilstm_finetuned,clean,template,13,test_structural_all+norm,bongo_0143,0,0.000265
bilstm_finetuned,clean,template,13,test_structural_all+norm,bongo_0146,1,0.857893
bilstm_finetuned,clean,template,13,test_structural_all+norm,bongo_0154,1,0.999959
bilstm_finetuned,clean,template,13,test_structural_all+norm,bongo_0159,1,0.002268
bilstm_finetuned,clean,template,13,test_structural_all+norm,bongo_0160,0,0.000027
bilstm_finetuned,clean,template,13,test_structural_all+norm,bongo_0172,0,0.277720
bilstm_finetuned,clean,template,13,test_structural_all+norm,bongo_0173,1,0.002180
bilstm_finetuned,clean,template,13,test_structural_all+norm,bongo_0175,0,0.000026
bilstm_finetuned,clean,template,13,test_structural_all+norm,bongo_0182,0,0.000012
bilstm_finetuned,clean,template,13,test_structural_all+norm,bongo_0195,1,0.999986
bilstm_finetuned,clean,template,13,test_structural_all+norm,bongo_0197,0,0.000040
bilstm_finetuned,clean,template,13,test_structural_all+norm,bongo_0201,1,0.999988
bilstm_finetuned,clean,template,13,test_structural_all+norm,bongo_0203,1,0.999985
bilstm_finetuned,clean,template,13,test_structural_all+norm,bongo_0250,1,0.004645
bilstm_finetuned,clean,template,13,test_structural_all+norm,bongo_0253,0,0.000051
bilstm_finetuned,clean,template,13,test_structural_all+norm,bongo_0255,1,0.007071
bilstm_finetuned,clean,template,13,test_structural_all+norm,bongo_0265,1,0.006442
bilstm_finetuned,clean,template,13,test_structural_all+norm,bongo_0271,0,0.000036
bilstm_finetuned,clean,template,13,test_structural_all+norm,bongo_0300,0,0.000035
bilstm_finetuned,clean,template,13,test_structural_all+norm,bongo_0306,0,0.000050
bilstm_finetuned,clean,template,13,test_structural_all+norm,bongo_0356,1,0.026910
bilstm_finetuned,clean,template,13,test_structural_all+norm,bongo_0360,1,0.999974
bilstm_finetuned,clean,template,13,test_structural_all+norm,bongo_0361,1,0.999979
bilstm_finetuned,clean,template,13,test_structural_all+norm,bongo_0363,0,0.000033
bilstm_finetuned,clean,template,13,test_structural_all+norm,bongo_0368,0,0.000159
bilstm_finetuned,clean,template,13,test_structural_all+norm,bongo_0372,0,0.000088
bilstm_finetuned,clean,template,13,test_structural_all+norm,bongo_0380,1,0.005367
bilstm_finetuned,clean,template,13,test_structural_all+norm,bongo_0389,0,0.000031
bilstm_finetuned,clean,template,13,test_structural_all+norm,bongo_0395,0,0.000339
bilstm_finetuned,clean,template,13,test_structural_all+norm,bongo_0405,1,0.770083
bilstm_finetuned,clean,template,13,test_structural_all+norm,bongo_0424,1,0.999993
bilstm_finetuned,clean,template,13,test_structural_all+norm,bongo_0427,0,0.000374
bilstm_finetuned,clean,template,13,test_structural_all+norm,bongo_0434,1,0.003688
bilstm_finetuned,clean,template,13,test_structural_all+norm,bongo_0463,0,0.000264
bilstm_finetuned,clean,template,13,test_structural_all+norm,bongo_0476,1,0.999974
bilstm_finetuned,clean,template,13,test_structural_all+norm,bongo_0510,1,0.999986
bilstm_finetuned,clean,template,13,test_structural_all+norm,bongo_0531,0,0.000109
bilstm_finetuned,clean,template,13,test_structural_all+norm,bongo_0542,0,0.000026
bilstm_finetuned,clean,template,13,test_structural_all+norm,bongo_0545,0,0.000028
bilstm_finetuned,clean,template,13,test_structural_all+norm,bongo_0560,1,0.999846
bilstm_finetuned,clean,template,13,test_structural_all+norm,bongo_0565,1,0.000212
bilstm_finetuned,clean,template,13,test_structural_all+norm,bongo_0566,1,0.992668
bilstm_finetuned,clean,template,13,test_structural_all+norm,bongo_0571,0,0.000027
bilstm_finetuned,clean,template,13,test_structural_all+norm,bongo_0577,1,0.996855
bilstm_finetuned,clean,template,13,test_structural_all+norm,bongo_0580,1,0.999981
bilstm_finetuned,clean,template,13,test_structural_all+norm,bongo_0621,1,0.988656
bilstm_finetuned,clean,template,13,test_structural_all+norm,bongo_0624,1,0.998639
bilstm_finetuned,clean,template,13,test_structural_all+norm,bongo_0630,0,0.000108
bilstm_finetuned,clean,template,13,test_structural_all+norm,bongo_0638,1,0.085756
bilstm_finetuned,clean,template,13,test_structural_all+norm,bongo_0648,0,0.009938
bilstm_finetuned,clean,template,13,test_structural_all+norm,bongo_0674,0,0.000020
bilstm_finetuned,clean,template,13,test_structural_all+norm,bongo_0685,0,0.004694
bilstm_finetuned,clean,template,13,test_structural_all+norm,bongo_0697,1,0.000551
bilstm_finetuned,clean,template,13,test_structural_all+norm,bongo_0701,0,0.000028
bilstm_finetuned,clean,template,13,test_structural_all+norm,bongo_0706,1,0.000225
bilstm_finetuned,clean,template,13,test_structural_all+norm,bongo_0719,1,0.007702
bilstm_finetuned,clean,template,13,test_structural_all+norm,bongo_0721,1,0.306322
bilstm_finetuned,clean,template,13,test_structural_all+norm,bongo_0724,1,0.053210
bilstm_finetuned,clean,template,13,test_structural_all+norm,bongo_0729,1,0.999979
bilstm_finetuned,clean,template,13,test_structural_all+norm,bongo_0741,0,0.000029
bilstm_finetuned,clean,template,13,test_structural_all+norm,bongo_0749,1,0.013753
bilstm_finetuned,clean,template,13,test_structural_all+norm,bongo_0769,1,0.999966
bilstm_finetuned,clean,template,13,test_structural_all+norm,bongo_0770,1,0.002420
bilstm_finetuned,clean,template,13,test_structural_all+norm,bongo_0778,1,0.020078
bilstm_finetuned,clean,template,13,test_structural_all+norm,bongo_0787,1,0.049073
bilstm_finetuned,clean,template,13,test_structural_all+norm,bongo_0795,0,0.000439
bilstm_finetuned,clean,template,13,test_structural_all+norm,bongo_0806,1,0.000157
bilstm_finetuned,clean,template,13,test_structural_all+norm,bongo_0807,1,0.998457
bilstm_finetuned,clean,template,13,test_structural_all+norm,bongo_0818,0,0.002821
bilstm_finetuned,clean,template,13,test_structural_all+norm,bongo_0819,0,0.000108
bilstm_finetuned,clean,template,13,test_structural_all+norm,bongo_0835,0,0.000026
bilstm_finetuned,clean,template,13,test_structural_all+norm,bongo_0840,1,0.999961
bilstm_finetuned,clean,template,13,test_structural_all+norm,bongo_0855,1,0.000496
bilstm_finetuned,clean,template,13,test_structural_all+norm,bongo_0856,0,0.000056
bilstm_finetuned,clean,template,13,test_structural_all+norm,bongo_0864,1,0.999878
bilstm_finetuned,clean,template,13,test_structural_all+norm,bongo_0871,1,0.999354
bilstm_finetuned,clean,template,13,test_structural_all+norm,bongo_0872,0,0.001564
bilstm_finetuned,clean,template,13,test_structural_all+norm,bongo_0904,0,0.000228
bilstm_finetuned,clean,template,13,test_structural_all+norm,bongo_0905,1,0.999996
bilstm_finetuned,clean,template,13,test_structural_all+norm,bongo_0909,1,0.832265
bilstm_finetuned,clean,template,13,test_structural_all+norm,bongo_0917,1,0.002769
bilstm_finetuned,clean,template,13,test_structural_all+norm,bongo_0918,1,0.794580
bilstm_finetuned,clean,template,13,test_structural_all+norm,bongo_0950,0,0.000026
bilstm_finetuned,clean,template,13,test_structural_all+norm,bongo_0955,1,0.999995
bilstm_finetuned,clean,template,13,test_structural_all+norm,bongo_0956,0,0.000026
bilstm_finetuned,clean,template,13,test_structural_all+norm,bongo_0971,0,0.000032
bilstm_finetuned,clean,template,13,test_structural_all+norm,bongo_0983,0,0.000073
bilstm_finetuned,clean,template,13,test_structural_all+norm,bongo_0989,1,0.999506
bilstm_finetuned,clean,template,13,test_structural_all+norm,bongo_0994,0,0.000127
bilstm_finetuned,clean,template,13,test_structural_all+norm,bongo_1003,1,0.999587
bilstm_finetuned,clean,template,13,test_structural_all+norm,bongo_1006,0,0.000036
bilstm_finetuned,clean,template,13,test_structural_all+norm,bongo_1012,1,0.010998
bilstm_finetuned,clean,template,13,test_structural_all+norm,bongo_1015,0,0.000014
bilstm_finetuned,clean,template,13,test_structural_all+norm,bongo_1022,1,0.005430
bilstm_finetuned,clean,template,13,test_structural_all+norm,bongo_1037,0,0.000044
bilstm_finetuned,clean,template,13,test_structural_all+norm,bongo_1040,0,0.000040
bilstm_finetuned,clean,template,13,test_structural_all+norm,bongo_1042,1,0.987187
bilstm_finetuned,clean,template,13,test_structural_all+norm,bongo_1047,1,0.999971
bilstm_finetuned,clean,template,13,test_structural_all+norm,bongo_1050,0,0.000028
bilstm_finetuned,clean,template,13,test_structural_all+norm,bongo_1052,1,0.992064
bilstm_finetuned,clean,template,13,test_structural_all+norm,bongo_1059,0,0.000024
bilstm_finetuned,clean,template,13,test_structural_all+norm,bongo_1071,0,0.000033
bilstm_finetuned,clean,template,13,test_structural_all+norm,bongo_1090,0,0.000019
bilstm_finetuned,clean,template,13,test_structural_all+norm,bongo_1104,1,0.997356
bilstm_finetuned,clean,template,13,test_structural_all+norm,bongo_1115,0,0.000009
bilstm_finetuned,clean,template,13,test_structural_all+norm,bongo_1123,0,0.000030
bilstm_finetuned,clean,template,13,test_structural_all+norm,bongo_1125,0,0.002881
bilstm_finetuned,clean,template,13,test_structural_all+norm,bongo_1127,1,0.010579
bilstm_finetuned,clean,template,13,test_structural_all+norm,bongo_1131,1,0.995955
bilstm_finetuned,clean,template,13,test_structural_all+norm,bongo_1134,1,0.028678
bilstm_finetuned,clean,template,13,test_structural_all+norm,bongo_1135,0,0.004074
bilstm_finetuned,clean,template,13,test_structural_all+norm,bongo_1136,1,0.997947
bilstm_finetuned,clean,template,13,test_structural_all+norm,bongo_1138,1,0.999874
bilstm_finetuned,clean,template,13,test_structural_all+norm,bongo_1140,1,0.263877
bilstm_finetuned,clean,template,13,test_structural_all+norm,bongo_1154,1,0.173477
bilstm_finetuned,clean,template,13,test_structural_all+norm,bongo_1155,0,0.000029
bilstm_finetuned,clean,template,13,test_structural_all+norm,bongo_1171,1,0.996624
bilstm_finetuned,clean,template,13,test_structural_all+norm,bongo_1181,1,0.999958
bilstm_finetuned,clean,template,13,test_structural_all+norm,bongo_1185,1,0.000025
bilstm_finetuned,clean,template,13,test_structural_all+norm,bongo_1194,0,0.000523
bilstm_finetuned,clean,template,13,test_structural_all+norm,bongo_1195,1,0.001063
bilstm_finetuned,clean,template,13,test_structural_all+norm,bongo_1198,0,0.000074
bilstm_finetuned,clean,template,13,test_structural_all+norm,bongo_1204,1,0.001546
bilstm_finetuned,clean,template,13,test_structural_all+norm,bongo_1220,1,0.999905
bilstm_finetuned,clean,template,13,test_structural_all+norm,bongo_1233,1,0.997144
bilstm_finetuned,clean,template,13,test_structural_all+norm,bongo_1236,0,0.000046
bilstm_finetuned,clean,template,13,test_structural_all+norm,bongo_1240,1,0.011930
bilstm_finetuned,clean,template,13,test_structural_all+norm,bongo_1244,0,0.000028
bilstm_finetuned,clean,template,13,test_structural_all+norm,bongo_1249,0,0.000010
bilstm_finetuned,clean,template,13,test_structural_all+norm,bongo_1253,0,0.001516
bilstm_finetuned,clean,template,13,test_structural_all+norm,bongo_1260,0,0.000033
bilstm_finetuned,clean,template,13,test_structural_all+norm,bongo_1262,0,0.000053
bilstm_finetuned,clean,template,13,test_structural_all+norm,bongo_1278,1,0.000067
bilstm_finetuned,clean,template,13,test_structural_all+norm,bongo_1285,0,0.000028
bilstm_finetuned,clean,template,13,test_structural_all+norm,bongo_1293,1,0.993785
bilstm_finetuned,clean,template,13,test_structural_all+norm,bongo_1316,0,0.000063
bilstm_finetuned,clean,template,13,test_structural_all+norm,bongo_1327,1,0.001757
bilstm_finetuned,clean,template,13,test_structural_all+norm,bongo_1330,0,0.050357
bilstm_finetuned,clean,template,13,test_structural_all+norm,bongo_1359,0,0.003190
bilstm_finetuned,clean,template,13,test_structural_all+norm,bongo_1375,0,0.000044
bilstm_finetuned,clean,template,13,test_codeswitch_1+norm,bongo_0025,1,0.999988
bilstm_finetuned,clean,template,13,test_codeswitch_1+norm,bongo_0029,0,0.035802
bilstm_finetuned,clean,template,13,test_codeswitch_1+norm,bongo_0039,1,0.997389
bilstm_finetuned,clean,template,13,test_codeswitch_1+norm,bongo_0047,1,0.999992
bilstm_finetuned,clean,template,13,test_codeswitch_1+norm,bongo_0053,0,0.000113
bilstm_finetuned,clean,template,13,test_codeswitch_1+norm,bongo_0055,1,0.005240
bilstm_finetuned,clean,template,13,test_codeswitch_1+norm,bongo_0061,1,0.999337
bilstm_finetuned,clean,template,13,test_codeswitch_1+norm,bongo_0097,0,0.000291
bilstm_finetuned,clean,template,13,test_codeswitch_1+norm,bongo_0107,0,0.000020
bilstm_finetuned,clean,template,13,test_codeswitch_1+norm,bongo_0110,0,0.000016
bilstm_finetuned,clean,template,13,test_codeswitch_1+norm,bongo_0112,1,0.022563
bilstm_finetuned,clean,template,13,test_codeswitch_1+norm,bongo_0115,0,0.000232
bilstm_finetuned,clean,template,13,test_codeswitch_1+norm,bongo_0143,0,0.000265
bilstm_finetuned,clean,template,13,test_codeswitch_1+norm,bongo_0146,1,0.999984
bilstm_finetuned,clean,template,13,test_codeswitch_1+norm,bongo_0154,1,0.999990
bilstm_finetuned,clean,template,13,test_codeswitch_1+norm,bongo_0159,1,0.005239
bilstm_finetuned,clean,template,13,test_codeswitch_1+norm,bongo_0160,0,0.000027
bilstm_finetuned,clean,template,13,test_codeswitch_1+norm,bongo_0172,0,0.277720
bilstm_finetuned,clean,template,13,test_codeswitch_1+norm,bongo_0173,1,0.010668
bilstm_finetuned,clean,template,13,test_codeswitch_1+norm,bongo_0175,0,0.000026
bilstm_finetuned,clean,template,13,test_codeswitch_1+norm,bongo_0182,0,0.000012
bilstm_finetuned,clean,template,13,test_codeswitch_1+norm,bongo_0195,1,0.991584
bilstm_finetuned,clean,template,13,test_codeswitch_1+norm,bongo_0197,0,0.000040
bilstm_finetuned,clean,template,13,test_codeswitch_1+norm,bongo_0201,1,0.999991
bilstm_finetuned,clean,template,13,test_codeswitch_1+norm,bongo_0203,1,0.999995
bilstm_finetuned,clean,template,13,test_codeswitch_1+norm,bongo_0250,1,0.005239
bilstm_finetuned,clean,template,13,test_codeswitch_1+norm,bongo_0253,0,0.000051
bilstm_finetuned,clean,template,13,test_codeswitch_1+norm,bongo_0255,1,0.009439
bilstm_finetuned,clean,template,13,test_codeswitch_1+norm,bongo_0265,1,0.010773
bilstm_finetuned,clean,template,13,test_codeswitch_1+norm,bongo_0271,0,0.000036
bilstm_finetuned,clean,template,13,test_codeswitch_1+norm,bongo_0300,0,0.000035
bilstm_finetuned,clean,template,13,test_codeswitch_1+norm,bongo_0306,0,0.000050
bilstm_finetuned,clean,template,13,test_codeswitch_1+norm,bongo_0356,1,0.022572
bilstm_finetuned,clean,template,13,test_codeswitch_1+norm,bongo_0360,1,0.999985
bilstm_finetuned,clean,template,13,test_codeswitch_1+norm,bongo_0361,1,0.999995
bilstm_finetuned,clean,template,13,test_codeswitch_1+norm,bongo_0363,0,0.000033
bilstm_finetuned,clean,template,13,test_codeswitch_1+norm,bongo_0368,0,0.000159
bilstm_finetuned,clean,template,13,test_codeswitch_1+norm,bongo_0372,0,0.000088
bilstm_finetuned,clean,template,13,test_codeswitch_1+norm,bongo_0380,1,0.009348
bilstm_finetuned,clean,template,13,test_codeswitch_1+norm,bongo_0389,0,0.000031
bilstm_finetuned,clean,template,13,test_codeswitch_1+norm,bongo_0395,0,0.000339
bilstm_finetuned,clean,template,13,test_codeswitch_1+norm,bongo_0405,1,0.999863
bilstm_finetuned,clean,template,13,test_codeswitch_1+norm,bongo_0424,1,0.999991
bilstm_finetuned,clean,template,13,test_codeswitch_1+norm,bongo_0427,0,0.000374
bilstm_finetuned,clean,template,13,test_codeswitch_1+norm,bongo_0434,1,0.005240
bilstm_finetuned,clean,template,13,test_codeswitch_1+norm,bongo_0463,0,0.000264
bilstm_finetuned,clean,template,13,test_codeswitch_1+norm,bongo_0476,1,0.993799
bilstm_finetuned,clean,template,13,test_codeswitch_1+norm,bongo_0510,1,0.999992
bilstm_finetuned,clean,template,13,test_codeswitch_1+norm,bongo_0531,0,0.000109
bilstm_finetuned,clean,template,13,test_codeswitch_1+norm,bongo_0542,0,0.000026
bilstm_finetuned,clean,template,13,test_codeswitch_1+norm,bongo_0545,0,0.000028
bilstm_finetuned,clean,template,13,test_codeswitch_1+norm,bongo_0560,1,0.999945
bilstm_finetuned,clean,template,13,test_codeswitch_1+norm,bongo_0565,1,0.055964
bilstm_finetuned,clean,template,13,test_codeswitch_1+norm,bongo_0566,1,0.999997
bilstm_finetuned,clean,template,13,test_codeswitch_1+norm,bongo_0571,0,0.000027
bilstm_finetuned,clean,template,13,test_codeswitch_1+norm,bongo_0577,1,0.999844
bilstm_finetuned,clean,template,13,test_codeswitch_1+norm,bongo_0580,1,0.988349
bilstm_finetuned,clean,template,13,test_codeswitch_1+norm,bongo_0621,1,0.999568
bilstm_finetuned,clean,template,13,test_codeswitch_1+norm,bongo_0624,1,0.999974
bilstm_finetuned,clean,template,13,test_codeswitch_1+norm,bongo_0630,0,0.000108
bilstm_finetuned,clean,template,13,test_codeswitch_1+norm,bongo_0638,1,0.999993
bilstm_finetuned,clean,template,13,test_codeswitch_1+norm,bongo_0648,0,0.009938
bilstm_finetuned,clean,template,13,test_codeswitch_1+norm,bongo_0674,0,0.000020
bilstm_finetuned,clean,template,13,test_codeswitch_1+norm,bongo_0685,0,0.004694
bilstm_finetuned,clean,template,13,test_codeswitch_1+norm,bongo_0697,1,0.055964
bilstm_finetuned,clean,template,13,test_codeswitch_1+norm,bongo_0701,0,0.000028
bilstm_finetuned,clean,template,13,test_codeswitch_1+norm,bongo_0706,1,0.022573
bilstm_finetuned,clean,template,13,test_codeswitch_1+norm,bongo_0719,1,0.009346
bilstm_finetuned,clean,template,13,test_codeswitch_1+norm,bongo_0721,1,0.989323
bilstm_finetuned,clean,template,13,test_codeswitch_1+norm,bongo_0724,1,0.056438
bilstm_finetuned,clean,template,13,test_codeswitch_1+norm,bongo_0729,1,0.987152
bilstm_finetuned,clean,template,13,test_codeswitch_1+norm,bongo_0741,0,0.000029
bilstm_finetuned,clean,template,13,test_codeswitch_1+norm,bongo_0749,1,0.016232
bilstm_finetuned,clean,template,13,test_codeswitch_1+norm,bongo_0769,1,0.999769
bilstm_finetuned,clean,template,13,test_codeswitch_1+norm,bongo_0770,1,0.005240
bilstm_finetuned,clean,template,13,test_codeswitch_1+norm,bongo_0778,1,0.016234
bilstm_finetuned,clean,template,13,test_codeswitch_1+norm,bongo_0787,1,0.999985
bilstm_finetuned,clean,template,13,test_codeswitch_1+norm,bongo_0795,0,0.000439
bilstm_finetuned,clean,template,13,test_codeswitch_1+norm,bongo_0806,1,0.056438
bilstm_finetuned,clean,template,13,test_codeswitch_1+norm,bongo_0807,1,0.999992
bilstm_finetuned,clean,template,13,test_codeswitch_1+norm,bongo_0818,0,0.002821
bilstm_finetuned,clean,template,13,test_codeswitch_1+norm,bongo_0819,0,0.000108
bilstm_finetuned,clean,template,13,test_codeswitch_1+norm,bongo_0835,0,0.000026
bilstm_finetuned,clean,template,13,test_codeswitch_1+norm,bongo_0840,1,0.999985
bilstm_finetuned,clean,template,13,test_codeswitch_1+norm,bongo_0855,1,0.055928
bilstm_finetuned,clean,template,13,test_codeswitch_1+norm,bongo_0856,0,0.000056
bilstm_finetuned,clean,template,13,test_codeswitch_1+norm,bongo_0864,1,0.997395
bilstm_finetuned,clean,template,13,test_codeswitch_1+norm,bongo_0871,1,0.999974
bilstm_finetuned,clean,template,13,test_codeswitch_1+norm,bongo_0872,0,0.001564
bilstm_finetuned,clean,template,13,test_codeswitch_1+norm,bongo_0904,0,0.000228
bilstm_finetuned,clean,template,13,test_codeswitch_1+norm,bongo_0905,1,0.997415
bilstm_finetuned,clean,template,13,test_codeswitch_1+norm,bongo_0909,1,0.999726
bilstm_finetuned,clean,template,13,test_codeswitch_1+norm,bongo_0917,1,0.005287
bilstm_finetuned,clean,template,13,test_codeswitch_1+norm,bongo_0918,1,0.999868
bilstm_finetuned,clean,template,13,test_codeswitch_1+norm,bongo_0950,0,0.000026
bilstm_finetuned,clean,template,13,test_codeswitch_1+norm,bongo_0955,1,0.999984
bilstm_finetuned,clean,template,13,test_codeswitch_1+norm,bongo_0956,0,0.000026
bilstm_finetuned,clean,template,13,test_codeswitch_1+norm,bongo_0971,0,0.000032
bilstm_finetuned,clean,template,13,test_codeswitch_1+norm,bongo_0983,0,0.000073
bilstm_finetuned,clean,template,13,test_codeswitch_1+norm,bongo_0989,1,0.999974
bilstm_finetuned,clean,template,13,test_codeswitch_1+norm,bongo_0994,0,0.000127
bilstm_finetuned,clean,template,13,test_codeswitch_1+norm,bongo_1003,1,0.999945
bilstm_finetuned,clean,template,13,test_codeswitch_1+norm,bongo_1006,0,0.000036
bilstm_finetuned,clean,template,13,test_codeswitch_1+norm,bongo_1012,1,0.016233
bilstm_finetuned,clean,template,13,test_codeswitch_1+norm,bongo_1015,0,0.000014
bilstm_finetuned,clean,template,13,test_codeswitch_1+norm,bongo_1022,1,0.009348
bilstm_finetuned,clean,template,13,test_codeswitch_1+norm,bongo_1037,0,0.000044
bilstm_finetuned,clean,template,13,test_codeswitch_1+norm,bongo_1040,0,0.000040
bilstm_finetuned,clean,template,13,test_codeswitch_1+norm,bongo_1042,1,0.999673
bilstm_finetuned,clean,template,13,test_codeswitch_1+norm,bongo_1047,1,0.997402
bilstm_finetuned,clean,template,13,test_codeswitch_1+norm,bongo_1050,0,0.000028
bilstm_finetuned,clean,template,13,test_codeswitch_1+norm,bongo_1052,1,0.999885
bilstm_finetuned,clean,template,13,test_codeswitch_1+norm,bongo_1059,0,0.000024
bilstm_finetuned,clean,template,13,test_codeswitch_1+norm,bongo_1071,0,0.000033
bilstm_finetuned,clean,template,13,test_codeswitch_1+norm,bongo_1090,0,0.000019
bilstm_finetuned,clean,template,13,test_codeswitch_1+norm,bongo_1104,1,0.999983
bilstm_finetuned,clean,template,13,test_codeswitch_1+norm,bongo_1115,0,0.000009
bilstm_finetuned,clean,template,13,test_codeswitch_1+norm,bongo_1123,0,0.000030
bilstm_finetuned,clean,template,13,test_codeswitch_1+norm,bongo_1125,0,0.002881
bilstm_finetuned,clean,template,13,test_codeswitch_1+norm,bongo_1127,1,0.010662
bilstm_finetuned,clean,template,13,test_codeswitch_1+norm,bongo_1131,1,0.999992
bilstm_finetuned,clean,template,13,test_codeswitch_1+norm,bongo_1134,1,0.022772
bilstm_finetuned,clean,template,13,test_codeswitch_1+norm,bongo_1135,0,0.004074
bilstm_finetuned,clean,template,13,test_codeswitch_1+norm,bongo_1136,1,0.999992
bilstm_finetuned,clean,template,13,test_codeswitch_1+norm,bongo_1138,1,0.997379
bilstm_finetuned,clean,template,13,test_codeswitch_1+norm,bongo_1140,1,0.999774
bilstm_finetuned,clean,template,13,test_codeswitch_1+norm,bongo_1154,1,0.999986
bilstm_finetuned,clean,template,13,test_codeswitch_1+norm,bongo_1155,0,0.000029
bilstm_finetuned,clean,template,13,test_codeswitch_1+norm,bongo_1171,1,0.999983
bilstm_finetuned,clean,template,13,test_codeswitch_1+norm,bongo_1181,1,0.988754
bilstm_finetuned,clean,template,13,test_codeswitch_1+norm,bongo_1185,1,0.009341
bilstm_finetuned,clean,template,13,test_codeswitch_1+norm,bongo_1194,0,0.000523
bilstm_finetuned,clean,template,13,test_codeswitch_1+norm,bongo_1195,1,0.055965
bilstm_finetuned,clean,template,13,test_codeswitch_1+norm,bongo_1198,0,0.000074
bilstm_finetuned,clean,template,13,test_codeswitch_1+norm,bongo_1204,1,0.005239
bilstm_finetuned,clean,template,13,test_codeswitch_1+norm,bongo_1220,1,0.997537
bilstm_finetuned,clean,template,13,test_codeswitch_1+norm,bongo_1233,1,0.999997
bilstm_finetuned,clean,template,13,test_codeswitch_1+norm,bongo_1236,0,0.000046
bilstm_finetuned,clean,template,13,test_codeswitch_1+norm,bongo_1240,1,0.009439
bilstm_finetuned,clean,template,13,test_codeswitch_1+norm,bongo_1244,0,0.000028
bilstm_finetuned,clean,template,13,test_codeswitch_1+norm,bongo_1249,0,0.000010
bilstm_finetuned,clean,template,13,test_codeswitch_1+norm,bongo_1253,0,0.001516
bilstm_finetuned,clean,template,13,test_codeswitch_1+norm,bongo_1260,0,0.000033
bilstm_finetuned,clean,template,13,test_codeswitch_1+norm,bongo_1262,0,0.000053
bilstm_finetuned,clean,template,13,test_codeswitch_1+norm,bongo_1278,1,0.016381
bilstm_finetuned,clean,template,13,test_codeswitch_1+norm,bongo_1285,0,0.000028
bilstm_finetuned,clean,template,13,test_codeswitch_1+norm,bongo_1293,1,0.999993
bilstm_finetuned,clean,template,13,test_codeswitch_1+norm,bongo_1316,0,0.000063
bilstm_finetuned,clean,template,13,test_codeswitch_1+norm,bongo_1327,1,0.005236
bilstm_finetuned,clean,template,13,test_codeswitch_1+norm,bongo_1330,0,0.050357
bilstm_finetuned,clean,template,13,test_codeswitch_1+norm,bongo_1359,0,0.003190
bilstm_finetuned,clean,template,13,test_codeswitch_1+norm,bongo_1375,0,0.000044
bilstm_finetuned,clean,template,13,test_codeswitch_3+norm,bongo_0025,1,0.999988
bilstm_finetuned,clean,template,13,test_codeswitch_3+norm,bongo_0029,0,0.035802
bilstm_finetuned,clean,template,13,test_codeswitch_3+norm,bongo_0039,1,0.997296
bilstm_finetuned,clean,template,13,test_codeswitch_3+norm,bongo_0047,1,0.999992
bilstm_finetuned,clean,template,13,test_codeswitch_3+norm,bongo_0053,0,0.000113
bilstm_finetuned,clean,template,13,test_codeswitch_3+norm,bongo_0055,1,0.004640
bilstm_finetuned,clean,template,13,test_codeswitch_3+norm,bongo_0061,1,0.999337
bilstm_finetuned,clean,template,13,test_codeswitch_3+norm,bongo_0097,0,0.000291
bilstm_finetuned,clean,template,13,test_codeswitch_3+norm,bongo_0107,0,0.000020
bilstm_finetuned,clean,template,13,test_codeswitch_3+norm,bongo_0110,0,0.000016
bilstm_finetuned,clean,template,13,test_codeswitch_3+norm,bongo_0112,1,0.020687
bilstm_finetuned,clean,template,13,test_codeswitch_3+norm,bongo_0115,0,0.000232
bilstm_finetuned,clean,template,13,test_codeswitch_3+norm,bongo_0143,0,0.000265
bilstm_finetuned,clean,template,13,test_codeswitch_3+norm,bongo_0146,1,0.989060
bilstm_finetuned,clean,template,13,test_codeswitch_3+norm,bongo_0154,1,0.999990
bilstm_finetuned,clean,template,13,test_codeswitch_3+norm,bongo_0159,1,0.004640
bilstm_finetuned,clean,template,13,test_codeswitch_3+norm,bongo_0160,0,0.000027
bilstm_finetuned,clean,template,13,test_codeswitch_3+norm,bongo_0172,0,0.277720
bilstm_finetuned,clean,template,13,test_codeswitch_3+norm,bongo_0173,1,0.005830
bilstm_finetuned,clean,template,13,test_codeswitch_3+norm,bongo_0175,0,0.000026
bilstm_finetuned,clean,template,13,test_codeswitch_3+norm,bongo_0182,0,0.000012
bilstm_finetuned,clean,template,13,test_codeswitch_3+norm,bongo_0195,1,0.991584
bilstm_finetuned,clean,template,13,test_codeswitch_3+norm,bongo_0197,0,0.000040
bilstm_finetuned,clean,template,13,test_codeswitch_3+norm,bongo_0201,1,0.999991
bilstm_finetuned,clean,template,13,test_codeswitch_3+norm,bongo_0203,1,0.999991
bilstm_finetuned,clean,template,13,test_codeswitch_3+norm,bongo_0250,1,0.004640
bilstm_finetuned,clean,template,13,test_codeswitch_3+norm,bongo_0253,0,0.000051
bilstm_finetuned,clean,template,13,test_codeswitch_3+norm,bongo_0255,1,0.007925
bilstm_finetuned,clean,template,13,test_codeswitch_3+norm,bongo_0265,1,0.005890
bilstm_finetuned,clean,template,13,test_codeswitch_3+norm,bongo_0271,0,0.000036
bilstm_finetuned,clean,template,13,test_codeswitch_3+norm,bongo_0300,0,0.000035
bilstm_finetuned,clean,template,13,test_codeswitch_3+norm,bongo_0306,0,0.000050
bilstm_finetuned,clean,template,13,test_codeswitch_3+norm,bongo_0356,1,0.020680
bilstm_finetuned,clean,template,13,test_codeswitch_3+norm,bongo_0360,1,0.999612
bilstm_finetuned,clean,template,13,test_codeswitch_3+norm,bongo_0361,1,0.999991
bilstm_finetuned,clean,template,13,test_codeswitch_3+norm,bongo_0363,0,0.000033
bilstm_finetuned,clean,template,13,test_codeswitch_3+norm,bongo_0368,0,0.000159
bilstm_finetuned,clean,template,13,test_codeswitch_3+norm,bongo_0372,0,0.000088
bilstm_finetuned,clean,template,13,test_codeswitch_3+norm,bongo_0380,1,0.007819
bilstm_finetuned,clean,template,13,test_codeswitch_3+norm,bongo_0389,0,0.000031
bilstm_finetuned,clean,template,13,test_codeswitch_3+norm,bongo_0395,0,0.000339
bilstm_finetuned,clean,template,13,test_codeswitch_3+norm,bongo_0405,1,0.999987
bilstm_finetuned,clean,template,13,test_codeswitch_3+norm,bongo_0424,1,0.999991
bilstm_finetuned,clean,template,13,test_codeswitch_3+norm,bongo_0427,0,0.000374
bilstm_finetuned,clean,template,13,test_codeswitch_3+norm,bongo_0434,1,0.004640
bilstm_finetuned,clean,template,13,test_codeswitch_3+norm,bongo_0463,0,0.000264
bilstm_finetuned,clean,template,13,test_codeswitch_3+norm,bongo_0476,1,0.993799
bilstm_finetuned,clean,template,13,test_codeswitch_3+norm,bongo_0510,1,0.999997
bilstm_finetuned,clean,template,13,test_codeswitch_3+norm,bongo_0531,0,0.000109
bilstm_finetuned,clean,template,13,test_codeswitch_3+norm,bongo_0542,0,0.000026
bilstm_finetuned,clean,template,13,test_codeswitch_3+norm,bongo_0545,0,0.000028
bilstm_finetuned,clean,template,13,test_codeswitch_3+norm,bongo_0560,1,0.999945
bilstm_finetuned,clean,template,13,test_codeswitch_3+norm,bongo_0565,1,0.055835
bilstm_finetuned,clean,template,13,test_codeswitch_3+norm,bongo_0566,1,0.997425
bilstm_finetuned,clean,template,13,test_codeswitch_3+norm,bongo_0571,0,0.000027
bilstm_finetuned,clean,template,13,test_codeswitch_3+norm,bongo_0577,1,0.999985
bilstm_finetuned,clean,template,13,test_codeswitch_3+norm,bongo_0580,1,0.988349
bilstm_finetuned,clean,template,13,test_codeswitch_3+norm,bongo_0621,1,0.999754
bilstm_finetuned,clean,template,13,test_codeswitch_3+norm,bongo_0624,1,0.999401
bilstm_finetuned,clean,template,13,test_codeswitch_3+norm,bongo_0630,0,0.000108
bilstm_finetuned,clean,template,13,test_codeswitch_3+norm,bongo_0638,1,0.994340
bilstm_finetuned,clean,template,13,test_codeswitch_3+norm,bongo_0648,0,0.009938
bilstm_finetuned,clean,template,13,test_codeswitch_3+norm,bongo_0674,0,0.000020
bilstm_finetuned,clean,template,13,test_codeswitch_3+norm,bongo_0685,0,0.004694
bilstm_finetuned,clean,template,13,test_codeswitch_3+norm,bongo_0697,1,0.055835
bilstm_finetuned,clean,template,13,test_codeswitch_3+norm,bongo_0701,0,0.000028
bilstm_finetuned,clean,template,13,test_codeswitch_3+norm,bongo_0706,1,0.020681
bilstm_finetuned,clean,template,13,test_codeswitch_3+norm,bongo_0719,1,0.007796
bilstm_finetuned,clean,template,13,test_codeswitch_3+norm,bongo_0721,1,0.483249
bilstm_finetuned,clean,template,13,test_codeswitch_3+norm,bongo_0724,1,0.056305
bilstm_finetuned,clean,template,13,test_codeswitch_3+norm,bongo_0729,1,0.987152
bilstm_finetuned,clean,template,13,test_codeswitch_3+norm,bongo_0741,0,0.000029
bilstm_finetuned,clean,template,13,test_codeswitch_3+norm,bongo_0749,1,0.014222
bilstm_finetuned,clean,template,13,test_codeswitch_3+norm,bongo_0769,1,0.999886
bilstm_finetuned,clean,template,13,test_codeswitch_3+norm,bongo_0770,1,0.004640
bilstm_finetuned,clean,template,13,test_codeswitch_3+norm,bongo_0778,1,0.014223
bilstm_finetuned,clean,template,13,test_codeswitch_3+norm,bongo_0787,1,0.999612
bilstm_finetuned,clean,template,13,test_codeswitch_3+norm,bongo_0795,0,0.000439
bilstm_finetuned,clean,template,13,test_codeswitch_3+norm,bongo_0806,1,0.056305
bilstm_finetuned,clean,template,13,test_codeswitch_3+norm,bongo_0807,1,0.999996
bilstm_finetuned,clean,template,13,test_codeswitch_3+norm,bongo_0818,0,0.002821
bilstm_finetuned,clean,template,13,test_codeswitch_3+norm,bongo_0819,0,0.000108
bilstm_finetuned,clean,template,13,test_codeswitch_3+norm,bongo_0835,0,0.000026
bilstm_finetuned,clean,template,13,test_codeswitch_3+norm,bongo_0840,1,0.999610
bilstm_finetuned,clean,template,13,test_codeswitch_3+norm,bongo_0855,1,0.055808
bilstm_finetuned,clean,template,13,test_codeswitch_3+norm,bongo_0856,0,0.000056
bilstm_finetuned,clean,template,13,test_codeswitch_3+norm,bongo_0864,1,0.997304
bilstm_finetuned,clean,template,13,test_codeswitch_3+norm,bongo_0871,1,0.999425
bilstm_finetuned,clean,template,13,test_codeswitch_3+norm,bongo_0872,0,0.001564
bilstm_finetuned,clean,template,13,test_codeswitch_3+norm,bongo_0904,0,0.000228
bilstm_finetuned,clean,template,13,test_codeswitch_3+norm,bongo_0905,1,0.997325
bilstm_finetuned,clean,template,13,test_codeswitch_3+norm,bongo_0909,1,0.999983
bilstm_finetuned,clean,template,13,test_codeswitch_3+norm,bongo_0917,1,0.004687
bilstm_finetuned,clean,template,13,test_codeswitch_3+norm,bongo_0918,1,0.999986
bilstm_finetuned,clean,template,13,test_codeswitch_3+norm,bongo_0950,0,0.000026
bilstm_finetuned,clean,template,13,test_codeswitch_3+norm,bongo_0955,1,0.999983
bilstm_finetuned,clean,template,13,test_codeswitch_3+norm,bongo_0956,0,0.000026
bilstm_finetuned,clean,template,13,test_codeswitch_3+norm,bongo_0971,0,0.000032
bilstm_finetuned,clean,template,13,test_codeswitch_3+norm,bongo_0983,0,0.000073
bilstm_finetuned,clean,template,13,test_codeswitch_3+norm,bongo_0989,1,0.999411
bilstm_finetuned,clean,template,13,test_codeswitch_3+norm,bongo_0994,0,0.000127
bilstm_finetuned,clean,template,13,test_codeswitch_3+norm,bongo_1003,1,0.999945
bilstm_finetuned,clean,template,13,test_codeswitch_3+norm,bongo_1006,0,0.000036
bilstm_finetuned,clean,template,13,test_codeswitch_3+norm,bongo_1012,1,0.014219
bilstm_finetuned,clean,template,13,test_codeswitch_3+norm,bongo_1015,0,0.000014
bilstm_finetuned,clean,template,13,test_codeswitch_3+norm,bongo_1022,1,0.007809
bilstm_finetuned,clean,template,13,test_codeswitch_3+norm,bongo_1037,0,0.000044
bilstm_finetuned,clean,template,13,test_codeswitch_3+norm,bongo_1040,0,0.000040
bilstm_finetuned,clean,template,13,test_codeswitch_3+norm,bongo_1042,1,0.995520
bilstm_finetuned,clean,template,13,test_codeswitch_3+norm,bongo_1047,1,0.997315
bilstm_finetuned,clean,template,13,test_codeswitch_3+norm,bongo_1050,0,0.000028
bilstm_finetuned,clean,template,13,test_codeswitch_3+norm,bongo_1052,1,0.999908
bilstm_finetuned,clean,template,13,test_codeswitch_3+norm,bongo_1059,0,0.000024
bilstm_finetuned,clean,template,13,test_codeswitch_3+norm,bongo_1071,0,0.000033
bilstm_finetuned,clean,template,13,test_codeswitch_3+norm,bongo_1090,0,0.000019
bilstm_finetuned,clean,template,13,test_codeswitch_3+norm,bongo_1104,1,0.999983
bilstm_finetuned,clean,template,13,test_codeswitch_3+norm,bongo_1115,0,0.000009
bilstm_finetuned,clean,template,13,test_codeswitch_3+norm,bongo_1123,0,0.000030
bilstm_finetuned,clean,template,13,test_codeswitch_3+norm,bongo_1125,0,0.002881
bilstm_finetuned,clean,template,13,test_codeswitch_3+norm,bongo_1127,1,0.005831
bilstm_finetuned,clean,template,13,test_codeswitch_3+norm,bongo_1131,1,0.995477
bilstm_finetuned,clean,template,13,test_codeswitch_3+norm,bongo_1134,1,0.020860
bilstm_finetuned,clean,template,13,test_codeswitch_3+norm,bongo_1135,0,0.004074
bilstm_finetuned,clean,template,13,test_codeswitch_3+norm,bongo_1136,1,0.999992
bilstm_finetuned,clean,template,13,test_codeswitch_3+norm,bongo_1138,1,0.997283
bilstm_finetuned,clean,template,13,test_codeswitch_3+norm,bongo_1140,1,0.999981
bilstm_finetuned,clean,template,13,test_codeswitch_3+norm,bongo_1154,1,0.999880
bilstm_finetuned,clean,template,13,test_codeswitch_3+norm,bongo_1155,0,0.000029
bilstm_finetuned,clean,template,13,test_codeswitch_3+norm,bongo_1171,1,0.999983
bilstm_finetuned,clean,template,13,test_codeswitch_3+norm,bongo_1181,1,0.988754
bilstm_finetuned,clean,template,13,test_codeswitch_3+norm,bongo_1185,1,0.007816
bilstm_finetuned,clean,template,13,test_codeswitch_3+norm,bongo_1194,0,0.000523
bilstm_finetuned,clean,template,13,test_codeswitch_3+norm,bongo_1195,1,0.055841
bilstm_finetuned,clean,template,13,test_codeswitch_3+norm,bongo_1198,0,0.000074
bilstm_finetuned,clean,template,13,test_codeswitch_3+norm,bongo_1204,1,0.004640
bilstm_finetuned,clean,template,13,test_codeswitch_3+norm,bongo_1220,1,0.997493
bilstm_finetuned,clean,template,13,test_codeswitch_3+norm,bongo_1233,1,0.997595
bilstm_finetuned,clean,template,13,test_codeswitch_3+norm,bongo_1236,0,0.000046
bilstm_finetuned,clean,template,13,test_codeswitch_3+norm,bongo_1240,1,0.007925
bilstm_finetuned,clean,template,13,test_codeswitch_3+norm,bongo_1244,0,0.000028
bilstm_finetuned,clean,template,13,test_codeswitch_3+norm,bongo_1249,0,0.000010
bilstm_finetuned,clean,template,13,test_codeswitch_3+norm,bongo_1253,0,0.001516
bilstm_finetuned,clean,template,13,test_codeswitch_3+norm,bongo_1260,0,0.000033
bilstm_finetuned,clean,template,13,test_codeswitch_3+norm,bongo_1262,0,0.000053
bilstm_finetuned,clean,template,13,test_codeswitch_3+norm,bongo_1278,1,0.014351
bilstm_finetuned,clean,template,13,test_codeswitch_3+norm,bongo_1285,0,0.000028
bilstm_finetuned,clean,template,13,test_codeswitch_3+norm,bongo_1293,1,0.999992
bilstm_finetuned,clean,template,13,test_codeswitch_3+norm,bongo_1316,0,0.000063
bilstm_finetuned,clean,template,13,test_codeswitch_3+norm,bongo_1327,1,0.004637
bilstm_finetuned,clean,template,13,test_codeswitch_3+norm,bongo_1330,0,0.050357
bilstm_finetuned,clean,template,13,test_codeswitch_3+norm,bongo_1359,0,0.003190
bilstm_finetuned,clean,template,13,test_codeswitch_3+norm,bongo_1375,0,0.000044
bilstm_finetuned,clean,template,13,test_codeswitch_all+norm,bongo_0025,1,0.999988
bilstm_finetuned,clean,template,13,test_codeswitch_all+norm,bongo_0029,0,0.035802
bilstm_finetuned,clean,template,13,test_codeswitch_all+norm,bongo_0039,1,0.997296
bilstm_finetuned,clean,template,13,test_codeswitch_all+norm,bongo_0047,1,0.999992
bilstm_finetuned,clean,template,13,test_codeswitch_all+norm,bongo_0053,0,0.000113
bilstm_finetuned,clean,template,13,test_codeswitch_all+norm,bongo_0055,1,0.004640
bilstm_finetuned,clean,template,13,test_codeswitch_all+norm,bongo_0061,1,0.999337
bilstm_finetuned,clean,template,13,test_codeswitch_all+norm,bongo_0097,0,0.000291
bilstm_finetuned,clean,template,13,test_codeswitch_all+norm,bongo_0107,0,0.000020
bilstm_finetuned,clean,template,13,test_codeswitch_all+norm,bongo_0110,0,0.000016
bilstm_finetuned,clean,template,13,test_codeswitch_all+norm,bongo_0112,1,0.020687
bilstm_finetuned,clean,template,13,test_codeswitch_all+norm,bongo_0115,0,0.000232
bilstm_finetuned,clean,template,13,test_codeswitch_all+norm,bongo_0143,0,0.000265
bilstm_finetuned,clean,template,13,test_codeswitch_all+norm,bongo_0146,1,0.977144
bilstm_finetuned,clean,template,13,test_codeswitch_all+norm,bongo_0154,1,0.999990
bilstm_finetuned,clean,template,13,test_codeswitch_all+norm,bongo_0159,1,0.004640
bilstm_finetuned,clean,template,13,test_codeswitch_all+norm,bongo_0160,0,0.000027
bilstm_finetuned,clean,template,13,test_codeswitch_all+norm,bongo_0172,0,0.277720
bilstm_finetuned,clean,template,13,test_codeswitch_all+norm,bongo_0173,1,0.005830
bilstm_finetuned,clean,template,13,test_codeswitch_all+norm,bongo_0175,0,0.000026
bilstm_finetuned,clean,template,13,test_codeswitch_all+norm,bongo_0182,0,0.000012
bilstm_finetuned,clean,template,13,test_codeswitch_all+norm,bongo_0195,1,0.991584
bilstm_finetuned,clean,template,13,test_codeswitch_all+norm,bongo_0197,0,0.000040
bilstm_finetuned,clean,template,13,test_codeswitch_all+norm,bongo_0201,1,0.999991
bilstm_finetuned,clean,template,13,test_codeswitch_all+norm,bongo_0203,1,0.999982
bilstm_finetuned,clean,template,13,test_codeswitch_all+norm,bongo_0250,1,0.004640
bilstm_finetuned,clean,template,13,test_codeswitch_all+norm,bongo_0253,0,0.000051
bilstm_finetuned,clean,template,13,test_codeswitch_all+norm,bongo_0255,1,0.007925
bilstm_finetuned,clean,template,13,test_codeswitch_all+norm,bongo_0265,1,0.005890
bilstm_finetuned,clean,template,13,test_codeswitch_all+norm,bongo_0271,0,0.000036
bilstm_finetuned,clean,template,13,test_codeswitch_all+norm,bongo_0300,0,0.000035
bilstm_finetuned,clean,template,13,test_codeswitch_all+norm,bongo_0306,0,0.000050
bilstm_finetuned,clean,template,13,test_codeswitch_all+norm,bongo_0356,1,0.020680
bilstm_finetuned,clean,template,13,test_codeswitch_all+norm,bongo_0360,1,0.999022
bilstm_finetuned,clean,template,13,test_codeswitch_all+norm,bongo_0361,1,0.999982
bilstm_finetuned,clean,template,13,test_codeswitch_all+norm,bongo_0363,0,0.000033
bilstm_finetuned,clean,template,13,test_codeswitch_all+norm,bongo_0368,0,0.000159
bilstm_finetuned,clean,template,13,test_codeswitch_all+norm,bongo_0372,0,0.000088
bilstm_finetuned,clean,template,13,test_codeswitch_all+norm,bongo_0380,1,0.007819
bilstm_finetuned,clean,template,13,test_codeswitch_all+norm,bongo_0389,0,0.000031
bilstm_finetuned,clean,template,13,test_codeswitch_all+norm,bongo_0395,0,0.000339
bilstm_finetuned,clean,template,13,test_codeswitch_all+norm,bongo_0405,1,0.999987
bilstm_finetuned,clean,template,13,test_codeswitch_all+norm,bongo_0424,1,0.999991
bilstm_finetuned,clean,template,13,test_codeswitch_all+norm,bongo_0427,0,0.000374
bilstm_finetuned,clean,template,13,test_codeswitch_all+norm,bongo_0434,1,0.004640
bilstm_finetuned,clean,template,13,test_codeswitch_all+norm,bongo_0463,0,0.000264
bilstm_finetuned,clean,template,13,test_codeswitch_all+norm,bongo_0476,1,0.993799
bilstm_finetuned,clean,template,13,test_codeswitch_all+norm,bongo_0510,1,0.999997
bilstm_finetuned,clean,template,13,test_codeswitch_all+norm,bongo_0531,0,0.000109
bilstm_finetuned,clean,template,13,test_codeswitch_all+norm,bongo_0542,0,0.000026
bilstm_finetuned,clean,template,13,test_codeswitch_all+norm,bongo_0545,0,0.000028
bilstm_finetuned,clean,template,13,test_codeswitch_all+norm,bongo_0560,1,0.999945
bilstm_finetuned,clean,template,13,test_codeswitch_all+norm,bongo_0565,1,0.055835
bilstm_finetuned,clean,template,13,test_codeswitch_all+norm,bongo_0566,1,0.994045
bilstm_finetuned,clean,template,13,test_codeswitch_all+norm,bongo_0571,0,0.000027
bilstm_finetuned,clean,template,13,test_codeswitch_all+norm,bongo_0577,1,0.999985
bilstm_finetuned,clean,template,13,test_codeswitch_all+norm,bongo_0580,1,0.988349
bilstm_finetuned,clean,template,13,test_codeswitch_all+norm,bongo_0621,1,0.999754
bilstm_finetuned,clean,template,13,test_codeswitch_all+norm,bongo_0624,1,0.999401
bilstm_finetuned,clean,template,13,test_codeswitch_all+norm,bongo_0630,0,0.000108
bilstm_finetuned,clean,template,13,test_codeswitch_all+norm,bongo_0638,1,0.987344
bilstm_finetuned,clean,template,13,test_codeswitch_all+norm,bongo_0648,0,0.009938
bilstm_finetuned,clean,template,13,test_codeswitch_all+norm,bongo_0674,0,0.000020
bilstm_finetuned,clean,template,13,test_codeswitch_all+norm,bongo_0685,0,0.004694
bilstm_finetuned,clean,template,13,test_codeswitch_all+norm,bongo_0697,1,0.055835
bilstm_finetuned,clean,template,13,test_codeswitch_all+norm,bongo_0701,0,0.000028
bilstm_finetuned,clean,template,13,test_codeswitch_all+norm,bongo_0706,1,0.020681
bilstm_finetuned,clean,template,13,test_codeswitch_all+norm,bongo_0719,1,0.007796
bilstm_finetuned,clean,template,13,test_codeswitch_all+norm,bongo_0721,1,0.483249
bilstm_finetuned,clean,template,13,test_codeswitch_all+norm,bongo_0724,1,0.056305
bilstm_finetuned,clean,template,13,test_codeswitch_all+norm,bongo_0729,1,0.987152
bilstm_finetuned,clean,template,13,test_codeswitch_all+norm,bongo_0741,0,0.000029
bilstm_finetuned,clean,template,13,test_codeswitch_all+norm,bongo_0749,1,0.014222
bilstm_finetuned,clean,template,13,test_codeswitch_all+norm,bongo_0769,1,0.999886
bilstm_finetuned,clean,template,13,test_codeswitch_all+norm,bongo_0770,1,0.004640
bilstm_finetuned,clean,template,13,test_codeswitch_all+norm,bongo_0778,1,0.014223
bilstm_finetuned,clean,template,13,test_codeswitch_all+norm,bongo_0787,1,0.999024
bilstm_finetuned,clean,template,13,test_codeswitch_all+norm,bongo_0795,0,0.000439
bilstm_finetuned,clean,template,13,test_codeswitch_all+norm,bongo_0806,1,0.056305
bilstm_finetuned,clean,template,13,test_codeswitch_all+norm,bongo_0807,1,0.999996
bilstm_finetuned,clean,template,13,test_codeswitch_all+norm,bongo_0818,0,0.002821
bilstm_finetuned,clean,template,13,test_codeswitch_all+norm,bongo_0819,0,0.000108
bilstm_finetuned,clean,template,13,test_codeswitch_all+norm,bongo_0835,0,0.000026
bilstm_finetuned,clean,template,13,test_codeswitch_all+norm,bongo_0840,1,0.999017
bilstm_finetuned,clean,template,13,test_codeswitch_all+norm,bongo_0855,1,0.055808
bilstm_finetuned,clean,template,13,test_codeswitch_all+norm,bongo_0856,0,0.000056
bilstm_finetuned,clean,template,13,test_codeswitch_all+norm,bongo_0864,1,0.997304
bilstm_finetuned,clean,template,13,test_codeswitch_all+norm,bongo_0871,1,0.999425
bilstm_finetuned,clean,template,13,test_codeswitch_all+norm,bongo_0872,0,0.001564
bilstm_finetuned,clean,template,13,test_codeswitch_all+norm,bongo_0904,0,0.000228
bilstm_finetuned,clean,template,13,test_codeswitch_all+norm,bongo_0905,1,0.997325
bilstm_finetuned,clean,template,13,test_codeswitch_all+norm,bongo_0909,1,0.999983
bilstm_finetuned,clean,template,13,test_codeswitch_all+norm,bongo_0917,1,0.004687
bilstm_finetuned,clean,template,13,test_codeswitch_all+norm,bongo_0918,1,0.999986
bilstm_finetuned,clean,template,13,test_codeswitch_all+norm,bongo_0950,0,0.000026
bilstm_finetuned,clean,template,13,test_codeswitch_all+norm,bongo_0955,1,0.999983
bilstm_finetuned,clean,template,13,test_codeswitch_all+norm,bongo_0956,0,0.000026
bilstm_finetuned,clean,template,13,test_codeswitch_all+norm,bongo_0971,0,0.000032
bilstm_finetuned,clean,template,13,test_codeswitch_all+norm,bongo_0983,0,0.000073
bilstm_finetuned,clean,template,13,test_codeswitch_all+norm,bongo_0989,1,0.999411
bilstm_finetuned,clean,template,13,test_codeswitch_all+norm,bongo_0994,0,0.000127
bilstm_finetuned,clean,template,13,test_codeswitch_all+norm,bongo_1003,1,0.999945
bilstm_finetuned,clean,template,13,test_codeswitch_all+norm,bongo_1006,0,0.000036
bilstm_finetuned,clean,template,13,test_codeswitch_all+norm,bongo_1012,1,0.014219
bilstm_finetuned,clean,template,13,test_codeswitch_all+norm,bongo_1015,0,0.000014
bilstm_finetuned,clean,template,13,test_codeswitch_all+norm,bongo_1022,1,0.007809
bilstm_finetuned,clean,template,13,test_codeswitch_all+norm,bongo_1037,0,0.000044
bilstm_finetuned,clean,template,13,test_codeswitch_all+norm,bongo_1040,0,0.000040
bilstm_finetuned,clean,template,13,test_codeswitch_all+norm,bongo_1042,1,0.985992
bilstm_finetuned,clean,template,13,test_codeswitch_all+norm,bongo_1047,1,0.997315
bilstm_finetuned,clean,template,13,test_codeswitch_all+norm,bongo_1050,0,0.000028
bilstm_finetuned,clean,template,13,test_codeswitch_all+norm,bongo_1052,1,0.999908
bilstm_finetuned,clean,template,13,test_codeswitch_all+norm,bongo_1059,0,0.000024
bilstm_finetuned,clean,template,13,test_codeswitch_all+norm,bongo_1071,0,0.000033
bilstm_finetuned,clean,template,13,test_codeswitch_all+norm,bongo_1090,0,0.000019
bilstm_finetuned,clean,template,13,test_codeswitch_all+norm,bongo_1104,1,0.999983
bilstm_finetuned,clean,template,13,test_codeswitch_all+norm,bongo_1115,0,0.000009
bilstm_finetuned,clean,template,13,test_codeswitch_all+norm,bongo_1123,0,0.000030
bilstm_finetuned,clean,template,13,test_codeswitch_all+norm,bongo_1125,0,0.002881
bilstm_finetuned,clean,template,13,test_codeswitch_all+norm,bongo_1127,1,0.005831
bilstm_finetuned,clean,template,13,test_codeswitch_all+norm,bongo_1131,1,0.985944
bilstm_finetuned,clean,template,13,test_codeswitch_all+norm,bongo_1134,1,0.020860
bilstm_finetuned,clean,template,13,test_codeswitch_all+norm,bongo_1135,0,0.004074
bilstm_finetuned,clean,template,13,test_codeswitch_all+norm,bongo_1136,1,0.999992
bilstm_finetuned,clean,template,13,test_codeswitch_all+norm,bongo_1138,1,0.997283
bilstm_finetuned,clean,template,13,test_codeswitch_all+norm,bongo_1140,1,0.999981
bilstm_finetuned,clean,template,13,test_codeswitch_all+norm,bongo_1154,1,0.989750
bilstm_finetuned,clean,template,13,test_codeswitch_all+norm,bongo_1155,0,0.000029
bilstm_finetuned,clean,template,13,test_codeswitch_all+norm,bongo_1171,1,0.999983
bilstm_finetuned,clean,template,13,test_codeswitch_all+norm,bongo_1181,1,0.988754
bilstm_finetuned,clean,template,13,test_codeswitch_all+norm,bongo_1185,1,0.007816
bilstm_finetuned,clean,template,13,test_codeswitch_all+norm,bongo_1194,0,0.000523
bilstm_finetuned,clean,template,13,test_codeswitch_all+norm,bongo_1195,1,0.055841
bilstm_finetuned,clean,template,13,test_codeswitch_all+norm,bongo_1198,0,0.000074
bilstm_finetuned,clean,template,13,test_codeswitch_all+norm,bongo_1204,1,0.004640
bilstm_finetuned,clean,template,13,test_codeswitch_all+norm,bongo_1220,1,0.997493
bilstm_finetuned,clean,template,13,test_codeswitch_all+norm,bongo_1233,1,0.994559
bilstm_finetuned,clean,template,13,test_codeswitch_all+norm,bongo_1236,0,0.000046
bilstm_finetuned,clean,template,13,test_codeswitch_all+norm,bongo_1240,1,0.007925
bilstm_finetuned,clean,template,13,test_codeswitch_all+norm,bongo_1244,0,0.000028
bilstm_finetuned,clean,template,13,test_codeswitch_all+norm,bongo_1249,0,0.000010
bilstm_finetuned,clean,template,13,test_codeswitch_all+norm,bongo_1253,0,0.001516
bilstm_finetuned,clean,template,13,test_codeswitch_all+norm,bongo_1260,0,0.000033
bilstm_finetuned,clean,template,13,test_codeswitch_all+norm,bongo_1262,0,0.000053
bilstm_finetuned,clean,template,13,test_codeswitch_all+norm,bongo_1278,1,0.014351
bilstm_finetuned,clean,template,13,test_codeswitch_all+norm,bongo_1285,0,0.000028
bilstm_finetuned,clean,template,13,test_codeswitch_all+norm,bongo_1293,1,0.995191
bilstm_finetuned,clean,template,13,test_codeswitch_all+norm,bongo_1316,0,0.000063
bilstm_finetuned,clean,template,13,test_codeswitch_all+norm,bongo_1327,1,0.004637
bilstm_finetuned,clean,template,13,test_codeswitch_all+norm,bongo_1330,0,0.050357
bilstm_finetuned,clean,template,13,test_codeswitch_all+norm,bongo_1359,0,0.003190
bilstm_finetuned,clean,template,13,test_codeswitch_all+norm,bongo_1375,0,0.000044
bilstm_finetuned,clean,template,13,chichewa+norm,chi_0000,1,0.998765
bilstm_finetuned,clean,template,13,chichewa+norm,chi_0001,1,0.999947
bilstm_finetuned,clean,template,13,chichewa+norm,chi_0002,0,0.000153
bilstm_finetuned,clean,template,13,chichewa+norm,chi_0003,0,0.014434
bilstm_finetuned,clean,template,13,chichewa+norm,chi_0004,1,0.999568
bilstm_finetuned,clean,template,13,chichewa+norm,chi_0005,1,0.999665
bilstm_finetuned,clean,template,13,chichewa+norm,chi_0006,0,0.001521
bilstm_finetuned,clean,template,13,chichewa+norm,chi_0007,0,0.228481
bilstm_finetuned,clean,template,13,chichewa+norm,chi_0008,1,0.007092
bilstm_finetuned,clean,template,13,chichewa+norm,chi_0009,1,0.998683
bilstm_finetuned,clean,template,13,chichewa+norm,chi_0010,0,0.003072
bilstm_finetuned,clean,template,13,chichewa+norm,chi_0011,0,0.001367
bilstm_finetuned,clean,template,13,chichewa+norm,chi_0012,0,0.724257
bilstm_finetuned,clean,template,13,chichewa+norm,chi_0013,1,0.999271
bilstm_finetuned,clean,template,13,chichewa+norm,chi_0014,1,0.999428
bilstm_finetuned,clean,template,13,chichewa+norm,chi_0015,0,0.006591
bilstm_finetuned,clean,template,13,chichewa+norm,chi_0016,0,0.006422
bilstm_finetuned,clean,template,13,chichewa+norm,chi_0017,0,0.082430
bilstm_finetuned,clean,template,13,chichewa+norm,chi_0018,1,0.999945
bilstm_finetuned,clean,template,13,chichewa+norm,chi_0019,1,0.020828
bilstm_finetuned,clean,template,13,chichewa+norm,chi_0020,0,0.006945
bilstm_finetuned,clean,template,13,chichewa+norm,chi_0021,1,0.024177
bilstm_finetuned,clean,template,13,chichewa+norm,chi_0022,0,0.000383
bilstm_finetuned,clean,template,13,chichewa+norm,chi_0023,1,0.999939
bilstm_finetuned,clean,template,13,chichewa+norm,chi_0024,1,0.999037
bilstm_finetuned,clean,template,13,chichewa+norm,chi_0025,0,0.011752
bilstm_finetuned,clean,template,13,chichewa+norm,chi_0026,0,0.003679
bilstm_finetuned,clean,template,13,chichewa+norm,chi_0027,1,0.998716
bilstm_finetuned,clean,template,13,chichewa+norm,chi_0028,1,0.999907
bilstm_finetuned,clean,template,13,chichewa+norm,chi_0029,0,0.904694
bilstm_finetuned,clean,template,13,chichewa+norm,chi_0030,0,0.000293
bilstm_finetuned,clean,template,13,chichewa+norm,chi_0031,1,0.998523
bilstm_finetuned,clean,template,13,chichewa+norm,chi_0032,1,0.999485
bilstm_finetuned,clean,template,13,chichewa+norm,chi_0033,1,0.964475
bilstm_finetuned,clean,template,13,chichewa+norm,chi_0034,1,0.999594
bilstm_finetuned,clean,template,13,chichewa+norm,chi_0035,0,0.033440
bilstm_finetuned,clean,template,13,chichewa+norm,chi_0036,0,0.382052
bilstm_finetuned,clean,template,13,chichewa+norm,chi_0037,0,0.004534
bilstm_finetuned,clean,template,13,chichewa+norm,chi_0038,0,0.999658
bilstm_finetuned,clean,template,13,chichewa+norm,chi_0039,0,0.003068
bilstm_finetuned,clean,template,13,chichewa+norm,chi_0040,1,0.999603
bilstm_finetuned,clean,template,13,chichewa+norm,chi_0041,1,0.999600
bilstm_finetuned,clean,template,13,chichewa+norm,chi_0042,0,0.244593
bilstm_finetuned,clean,template,13,chichewa+norm,chi_0043,0,0.099968
bilstm_finetuned,clean,template,13,chichewa+norm,chi_0044,0,0.005407
bilstm_finetuned,clean,template,13,chichewa+norm,chi_0045,1,0.999708
bilstm_finetuned,clean,template,13,chichewa+norm,chi_0046,1,0.997459
bilstm_finetuned,clean,template,13,chichewa+norm,chi_0047,1,0.989721
bilstm_finetuned,clean,template,13,chichewa+norm,chi_0048,0,0.010573
bilstm_finetuned,clean,template,13,chichewa+norm,chi_0049,0,0.999677
bilstm_finetuned,clean,template,13,chichewa+norm,chi_0050,0,0.996653
bilstm_finetuned,clean,template,13,chichewa+norm,chi_0051,1,0.072857
bilstm_finetuned,clean,template,13,chichewa+norm,chi_0052,0,0.018100
bilstm_finetuned,clean,template,13,chichewa+norm,chi_0053,0,0.163738
bilstm_finetuned,clean,template,13,chichewa+norm,chi_0054,1,0.018083
bilstm_finetuned,clean,template,13,chichewa+norm,chi_0055,1,0.998142
bilstm_finetuned,clean,template,13,chichewa+norm,chi_0056,0,0.000225
bilstm_finetuned,clean,template,13,chichewa+norm,chi_0057,1,0.357638
bilstm_finetuned,clean,template,13,chichewa+norm,chi_0058,1,0.010136
bilstm_finetuned,clean,template,13,chichewa+norm,chi_0059,0,0.017715
bilstm_finetuned,clean,template,13,chichewa+norm,chi_0060,0,0.119010
bilstm_finetuned,clean,template,13,chichewa+norm,chi_0061,1,0.007930
bilstm_finetuned,clean,template,13,chichewa+norm,chi_0062,0,0.034363
bilstm_finetuned,clean,template,13,chichewa+norm,chi_0063,1,0.017346
bilstm_finetuned,clean,template,13,chichewa+norm,chi_0064,1,0.998842
bilstm_finetuned,clean,template,13,chichewa+norm,chi_0065,1,0.002314
bilstm_finetuned,clean,template,13,chichewa+norm,chi_0066,0,0.174407
bilstm_finetuned,clean,template,13,chichewa+norm,chi_0067,0,0.010583
bilstm_finetuned,clean,template,13,chichewa+norm,chi_0068,0,0.007538
bilstm_finetuned,clean,template,13,chichewa+norm,chi_0069,1,0.999679
bilstm_finetuned,clean,template,13,chichewa+norm,chi_0070,1,0.999754
bilstm_finetuned,clean,template,13,chichewa+norm,chi_0071,0,0.052625
bilstm_finetuned,clean,template,13,chichewa+norm,chi_0072,0,0.317553
bilstm_finetuned,clean,template,13,chichewa+norm,chi_0073,1,0.984574
bilstm_finetuned,clean,template,13,chichewa+norm,chi_0074,1,0.999481
bilstm_finetuned,clean,template,13,chichewa+norm,chi_0075,0,0.006033
bilstm_finetuned,clean,template,13,chichewa+norm,chi_0076,0,0.006711
bilstm_finetuned,clean,template,13,chichewa+norm,chi_0077,0,0.006970
bilstm_finetuned,clean,template,13,chichewa+norm,chi_0078,1,0.003838
bilstm_finetuned,clean,template,13,chichewa+norm,chi_0079,1,0.998952
bilstm_finetuned,clean,template,13,chichewa+norm,chi_0080,1,0.999496
bilstm_finetuned,clean,template,13,chichewa+norm,chi_0081,1,0.996392
bilstm_finetuned,clean,template,13,chichewa+norm,chi_0082,0,0.173434
bilstm_finetuned,clean,template,13,chichewa+norm,chi_0083,0,0.342080
bilstm_finetuned,clean,template,13,chichewa+norm,chi_0084,0,0.007066
bilstm_finetuned,clean,template,13,chichewa+norm,chi_0085,1,0.997978
bilstm_finetuned,clean,template,13,chichewa+norm,chi_0086,1,0.999659
bilstm_finetuned,clean,template,13,chichewa+norm,chi_0087,0,0.005686
bilstm_finetuned,clean,template,13,chichewa+norm,chi_0088,0,0.446648
bilstm_finetuned,clean,template,13,chichewa+norm,chi_0089,0,0.445747
bilstm_finetuned,clean,template,13,chichewa+norm,chi_0090,1,0.968942
bilstm_finetuned,clean,template,13,chichewa+norm,chi_0091,0,0.550368
bilstm_finetuned,clean,template,13,chichewa+norm,chi_0092,0,0.442874
bilstm_finetuned,clean,template,13,chichewa+norm,chi_0093,0,0.435862
bilstm_finetuned,clean,template,13,chichewa+norm,chi_0094,1,0.999572
bilstm_finetuned,clean,template,13,chichewa+norm,chi_0095,1,0.986193
bilstm_finetuned,clean,template,13,chichewa+norm,chi_0096,0,0.034001
bilstm_finetuned,clean,template,13,chichewa+norm,chi_0097,0,0.014465
bilstm_finetuned,clean,template,13,chichewa+norm,chi_0098,1,0.999597
bilstm_finetuned,clean,template,13,chichewa+norm,chi_0099,1,0.999959
bilstm_finetuned,clean,template,13,chichewa+norm,chi_0100,0,0.016097
bilstm_finetuned,clean,template,13,chichewa+norm,chi_0101,1,0.999848
bilstm_finetuned,clean,template,13,chichewa+norm,chi_0102,0,0.502350
bilstm_finetuned,clean,template,13,chichewa+norm,chi_0103,0,0.432011
bilstm_finetuned,clean,template,13,chichewa+norm,chi_0104,0,0.001646
bilstm_finetuned,clean,template,13,chichewa+norm,chi_0105,1,0.800526
bilstm_finetuned,clean,template,13,chichewa+norm,chi_0106,1,0.976029
bilstm_finetuned,clean,template,13,chichewa+norm,chi_0107,1,0.997030
bilstm_finetuned,clean,template,13,chichewa+norm,chi_0108,0,0.001652
bilstm_finetuned,clean,template,13,chichewa+norm,chi_0109,0,0.010992
bilstm_finetuned,clean,template,13,chichewa+norm,chi_0110,0,0.013140
bilstm_finetuned,clean,template,13,chichewa+norm,chi_0111,1,0.999795
bilstm_finetuned,clean,template,13,chichewa+norm,chi_0112,1,0.998849
bilstm_finetuned,clean,template,13,chichewa+norm,chi_0113,1,0.999687
bilstm_finetuned,clean,template,13,chichewa+norm,chi_0114,0,0.103216
bilstm_finetuned,clean,template,13,chichewa+norm,chi_0115,0,0.171482
bilstm_finetuned,clean,template,13,chichewa+norm,chi_0116,0,0.320057
bilstm_finetuned,clean,template,13,chichewa+norm,chi_0117,1,0.999646
bilstm_finetuned,clean,template,13,chichewa+norm,chi_0118,1,0.999686
bilstm_finetuned,clean,template,13,chichewa+norm,chi_0119,1,0.003605
bilstm_finetuned,clean,template,13,chichewa+norm,chi_0120,0,0.001225
bilstm_finetuned,clean,template,13,chichewa+norm,chi_0121,0,0.255616
bilstm_finetuned,clean,template,13,chichewa+norm,chi_0122,0,0.331315
bilstm_finetuned,clean,template,13,chichewa+norm,chi_0123,1,0.999731
bilstm_finetuned,clean,template,13,chichewa+norm,chi_0124,1,0.998961
bilstm_finetuned,clean,template,13,chichewa+norm,chi_0125,1,0.993479
bilstm_finetuned,clean,template,13,chichewa+norm,chi_0126,0,0.399635
bilstm_finetuned,clean,template,13,chichewa+norm,chi_0127,0,0.035227
bilstm_finetuned,clean,template,13,chichewa+norm,chi_0128,0,0.078849
bilstm_finetuned,clean,template,13,chichewa+norm,chi_0129,1,0.999805
bilstm_finetuned,clean,template,13,chichewa+norm,chi_0130,1,0.010607
bilstm_finetuned,clean,template,13,chichewa+norm,chi_0131,0,0.052480
bilstm_finetuned,clean,template,13,chichewa+norm,chi_0132,0,0.865884
bilstm_finetuned,clean,template,13,chichewa+norm,chi_0133,0,0.001683
bilstm_finetuned,clean,template,13,chichewa+norm,chi_0134,1,0.999464
bilstm_finetuned,clean,template,13,chichewa+norm,chi_0135,0,0.004919
bilstm_finetuned,clean,template,13,chichewa+norm,chi_0136,1,0.999662
bilstm_finetuned,clean,template,13,chichewa+norm,chi_0137,0,0.000043
bilstm_finetuned,clean,template,13,chichewa+norm,chi_0138,0,0.000603
bilstm_finetuned,clean,template,13,chichewa+norm,chi_0139,0,0.013870
bilstm_finetuned,clean,template,13,chichewa+norm,chi_0140,1,0.999432
bilstm_finetuned,clean,template,13,chichewa+norm,chi_0141,0,0.002404
bilstm_finetuned,clean,template,13,chichewa+norm,chi_0142,0,0.002278
bilstm_finetuned,clean,template,13,chichewa+norm,chi_0143,0,0.010272
bilstm_finetuned,clean,template,13,chichewa+norm,chi_0144,1,0.999155
bilstm_finetuned,clean,template,13,chichewa+norm,chi_0145,0,0.012864
bilstm_finetuned,clean,template,13,chichewa+norm,chi_0146,0,0.207371
bilstm_finetuned,clean,template,13,chichewa+norm,chi_0147,1,0.999783
bilstm_finetuned,clean,template,13,chichewa+norm,chi_0148,1,0.999559
bilstm_finetuned,clean,template,13,chichewa+norm,chi_0149,0,0.004020
bilstm_finetuned,clean,template,13,chichewa+norm,chi_0150,0,0.000311
bilstm_finetuned,clean,template,13,chichewa+norm,chi_0151,1,0.001409
bilstm_finetuned,clean,template,13,chichewa+norm,chi_0152,0,0.118124
bilstm_finetuned,clean,template,13,chichewa+norm,chi_0153,0,0.186944
bilstm_finetuned,clean,template,13,chichewa+norm,chi_0154,0,0.017726
bilstm_finetuned,clean,template,13,chichewa+norm,chi_0155,1,0.998007
bilstm_finetuned,clean,template,13,chichewa+norm,chi_0156,1,0.996774
bilstm_finetuned,clean,template,13,chichewa+norm,chi_0157,1,0.999935
bilstm_finetuned,clean,template,13,chichewa+norm,chi_0158,0,0.014525
bilstm_finetuned,clean,template,13,chichewa+norm,chi_0159,0,0.119108
bilstm_finetuned,clean,template,13,chichewa+norm,chi_0160,0,0.001057
bilstm_finetuned,clean,template,13,chichewa+norm,chi_0161,1,0.996387
bilstm_finetuned,clean,template,13,chichewa+norm,chi_0162,1,0.996348
bilstm_finetuned,clean,template,13,chichewa+norm,chi_0163,1,0.997546
bilstm_finetuned,clean,template,13,chichewa+norm,chi_0164,1,0.997730
bilstm_finetuned,clean,template,13,chichewa+norm,chi_0165,0,0.138028
bilstm_finetuned,clean,template,13,chichewa+norm,chi_0166,0,0.219897
bilstm_finetuned,clean,template,13,chichewa+norm,chi_0167,1,0.996705
bilstm_finetuned,clean,template,13,chichewa+norm,chi_0168,1,0.999089
bilstm_finetuned,clean,template,13,chichewa+norm,chi_0169,0,0.008509
bilstm_finetuned,clean,template,13,chichewa+norm,chi_0170,0,0.326052
bilstm_finetuned,clean,template,13,chichewa+norm,chi_0171,1,0.999539
bilstm_finetuned,clean,template,13,chichewa+norm,chi_0172,1,0.002507
bilstm_finetuned,clean,template,13,chichewa+norm,chi_0173,0,0.131965
bilstm_finetuned,clean,template,13,chichewa+norm,chi_0174,0,0.234408
bilstm_finetuned,clean,template,13,chichewa+norm,chi_0175,0,0.046886
bilstm_finetuned,clean,template,13,chichewa+norm,chi_0176,1,0.999450
bilstm_finetuned,clean,template,13,chichewa+norm,chi_0177,1,0.010412
bilstm_finetuned,clean,template,13,chichewa+norm,chi_0178,0,0.038141
bilstm_finetuned,clean,template,13,chichewa+norm,chi_0179,1,0.008900
bilstm_finetuned,clean,template,13,chichewa+norm,chi_0180,1,0.011492
bilstm_finetuned,clean,template,13,chichewa+norm,chi_0181,1,0.037331
bilstm_finetuned,clean,template,13,chichewa+norm,chi_0182,0,0.001470
bilstm_finetuned,clean,template,13,chichewa+norm,chi_0183,0,0.015402
bilstm_finetuned,clean,template,13,chichewa+norm,chi_0184,0,0.000230
bilstm_finetuned,clean,template,13,chichewa+norm,chi_0185,1,0.999754
bilstm_finetuned,clean,template,13,chichewa+norm,chi_0186,1,0.006613
bilstm_finetuned,clean,template,13,chichewa+norm,chi_0187,1,0.001427
bilstm_finetuned,clean,template,13,chichewa+norm,chi_0188,0,0.002094
bilstm_finetuned,clean,template,13,chichewa+norm,chi_0189,0,0.028204
bilstm_finetuned,clean,template,13,chichewa+norm,chi_0190,1,0.986897
bilstm_finetuned,clean,template,13,chichewa+norm,chi_0191,1,0.996853
bilstm_finetuned,clean,template,13,chichewa+norm,chi_0192,0,0.011933
bilstm_finetuned,clean,template,13,chichewa+norm,chi_0193,0,0.028964
bilstm_finetuned,clean,template,13,chichewa+norm,chi_0194,0,0.000736
bilstm_finetuned,clean,template,13,chichewa+norm,chi_0195,0,0.000094
bilstm_finetuned,clean,template,13,chichewa+norm,chi_0196,1,0.999996
bilstm_finetuned,clean,template,13,chichewa+norm,chi_0197,1,0.999462
bilstm_finetuned,clean,template,13,chichewa+norm,chi_0198,1,0.001442
bilstm_finetuned,clean,template,13,chichewa+norm,chi_0199,1,0.989011
bilstm_finetuned,clean,template,13,chichewa+norm,chi_0200,1,0.013589
bilstm_finetuned,clean,template,13,chichewa+norm,chi_0201,0,0.080488
bilstm_finetuned,clean,template,13,chichewa+norm,chi_0202,1,0.999546
bilstm_finetuned,clean,template,13,chichewa+norm,chi_0203,1,0.006512
bilstm_finetuned,clean,template,13,chichewa+norm,chi_0204,1,0.999868
bilstm_finetuned,clean,template,13,chichewa+norm,chi_0205,0,0.018569
bilstm_finetuned,clean,template,13,chichewa+norm,chi_0206,0,0.688692
bilstm_finetuned,clean,template,13,chichewa+norm,chi_0207,1,0.999854
bilstm_finetuned,clean,template,13,chichewa+norm,chi_0208,1,0.015664
bilstm_finetuned,clean,template,13,chichewa+norm,chi_0209,1,0.000763
bilstm_finetuned,clean,template,13,chichewa+norm,chi_0210,0,0.000128
bilstm_finetuned,clean,template,13,chichewa+norm,chi_0211,0,0.003059
bilstm_finetuned,clean,template,13,chichewa+norm,chi_0212,1,0.999958
bilstm_finetuned,clean,template,13,chichewa+norm,chi_0213,1,0.999468
bilstm_finetuned,clean,template,13,chichewa+norm,chi_0214,1,0.999960
bilstm_finetuned,clean,template,13,chichewa+norm,chi_0215,0,0.002983
bilstm_finetuned,clean,template,13,chichewa+norm,chi_0216,0,0.000282
bilstm_finetuned,clean,template,13,chichewa+norm,chi_0217,1,0.999941
bilstm_finetuned,clean,template,13,chichewa+norm,chi_0218,1,0.999626
bilstm_finetuned,clean,template,13,chichewa+norm,chi_0219,1,0.998909
bilstm_finetuned,clean,template,13,chichewa+norm,chi_0220,0,0.000272
bilstm_finetuned,clean,template,13,chichewa+norm,chi_0221,0,0.081859
bilstm_finetuned,clean,template,13,chichewa+norm,chi_0222,0,0.006075
bilstm_finetuned,clean,template,13,chichewa+norm,chi_0223,1,0.139796
bilstm_finetuned,clean,template,13,chichewa+norm,chi_0224,1,0.999654
bilstm_finetuned,clean,template,13,chichewa+norm,chi_0225,0,0.000613
bilstm_finetuned,clean,template,13,chichewa+norm,chi_0226,0,0.000087
bilstm_finetuned,clean,template,13,chichewa+norm,chi_0227,0,0.000073
bilstm_finetuned,clean,template,13,chichewa+norm,chi_0228,0,0.154715
bilstm_finetuned,clean,template,13,chichewa+norm,chi_0229,1,0.999958
bilstm_finetuned,clean,template,13,chichewa+norm,chi_0230,1,0.258352
bilstm_finetuned,clean,template,13,chichewa+norm,chi_0231,1,0.999662
bilstm_finetuned,clean,template,13,chichewa+norm,chi_0232,0,0.999228
bilstm_finetuned,clean,template,13,chichewa+norm,chi_0233,1,0.999437
bilstm_finetuned,clean,template,13,chichewa+norm,chi_0234,0,0.081893
bilstm_finetuned,clean,template,13,chichewa+norm,chi_0235,0,0.003827
bilstm_finetuned,clean,template,13,chichewa+norm,chi_0236,1,0.013671
bilstm_finetuned,clean,template,13,chichewa+norm,chi_0237,1,0.005514
bilstm_finetuned,clean,template,13,chichewa+norm,chi_0238,0,0.026314
bilstm_finetuned,clean,template,13,chichewa+norm,chi_0239,0,0.000694
bilstm_finetuned,clean,template,13,chichewa+norm,chi_0240,0,0.001791
bilstm_finetuned,clean,template,13,chichewa+norm,chi_0241,0,0.000989
bilstm_finetuned,clean,template,13,chichewa+norm,chi_0242,1,0.999738
bilstm_finetuned,clean,template,13,chichewa+norm,chi_0243,1,0.024256
bilstm_finetuned,clean,template,13,chichewa+norm,chi_0244,0,0.199823
bilstm_finetuned,clean,template,13,chichewa+norm,chi_0245,1,0.999667
bilstm_finetuned,clean,template,13,chichewa+norm,chi_0246,1,0.001101
bilstm_finetuned,clean,template,13,chichewa+norm,chi_0247,1,0.109336
bilstm_finetuned,clean,template,13,chichewa+norm,chi_0248,0,0.002241
bilstm_finetuned,clean,template,13,chichewa+norm,chi_0249,0,0.001002
bilstm_finetuned,clean,template,13,chichewa+norm,chi_0250,0,0.002238
bilstm_finetuned,clean,template,13,chichewa+norm,chi_0251,0,0.995628
bilstm_finetuned,clean,template,13,chichewa+norm,chi_0252,0,0.000763
bilstm_finetuned,clean,template,13,chichewa+norm,chi_0253,0,0.003827
bilstm_finetuned,clean,template,13,chichewa+norm,chi_0254,1,0.998916
bilstm_finetuned,clean,template,13,chichewa+norm,chi_0255,1,0.999669
bilstm_finetuned,clean,template,13,chichewa+norm,chi_0256,0,0.000775
bilstm_finetuned,clean,template,13,chichewa+norm,chi_0257,0,0.001086
bilstm_finetuned,clean,template,13,chichewa+norm,chi_0258,1,0.004872
bilstm_finetuned,clean,template,13,chichewa+norm,chi_0259,0,0.772850
bilstm_finetuned,clean,template,13,chichewa+norm,chi_0260,1,0.999560
bilstm_finetuned,clean,template,13,chichewa+norm,chi_0261,1,0.017067
bilstm_finetuned,clean,template,13,chichewa+norm,chi_0262,1,0.999746
bilstm_finetuned,clean,template,13,chichewa+norm,chi_0263,0,0.014819
bilstm_finetuned,clean,template,13,chichewa+norm,chi_0264,0,0.001395
bilstm_finetuned,clean,template,13,chichewa+norm,chi_0265,0,0.005770
bilstm_finetuned,clean,template,13,chichewa+norm,chi_0266,1,0.999752
bilstm_finetuned,clean,template,13,chichewa+norm,chi_0267,1,0.998501
bilstm_finetuned,clean,template,13,chichewa+norm,chi_0268,1,0.999448
bilstm_finetuned,clean,template,13,chichewa+norm,chi_0269,0,0.000281
bilstm_finetuned,clean,template,13,chichewa+norm,chi_0270,0,0.006602
bilstm_finetuned,clean,template,13,chichewa+norm,chi_0271,0,0.002718
bilstm_finetuned,clean,template,13,chichewa+norm,chi_0272,1,0.004131
bilstm_finetuned,clean,template,13,chichewa+norm,chi_0273,1,0.999577
bilstm_finetuned,clean,template,13,chichewa+norm,chi_0274,1,0.998822
bilstm_finetuned,clean,template,13,chichewa+norm,chi_0275,1,0.999995
bilstm_finetuned,clean,template,13,chichewa+norm,chi_0276,0,0.002352
bilstm_finetuned,clean,template,13,chichewa+norm,chi_0277,1,0.013183
bilstm_finetuned,clean,template,13,chichewa+norm,chi_0278,1,0.002498
bilstm_finetuned,clean,template,13,chichewa+norm,chi_0279,0,0.001237
bilstm_finetuned,clean,template,13,chichewa+norm,chi_0280,0,0.004136
bilstm_finetuned,clean,template,13,chichewa+norm,chi_0281,1,0.999958
bilstm_finetuned,clean,template,13,chichewa+norm,chi_0282,0,0.003791
bilstm_finetuned,clean,template,13,chichewa+norm,chi_0283,0,0.002862
bilstm_finetuned,clean,template,13,chichewa+norm,chi_0284,1,0.999748
bilstm_finetuned,clean,template,13,chichewa+norm,chi_0285,1,0.999726
bilstm_finetuned,clean,template,13,chichewa+norm,chi_0286,1,0.998313
bilstm_finetuned,clean,template,13,chichewa+norm,chi_0287,0,0.006079
bilstm_finetuned,clean,template,13,chichewa+norm,chi_0288,0,0.002856
bilstm_finetuned,clean,template,13,chichewa+norm,chi_0289,0,0.000366
bilstm_finetuned,clean,template,13,chichewa+norm,chi_0290,1,0.999649
bilstm_finetuned,clean,template,13,chichewa+norm,chi_0291,1,0.999260
bilstm_finetuned,clean,template,13,chichewa+norm,chi_0292,0,0.006414
bilstm_finetuned,clean,template,13,chichewa+norm,chi_0293,0,0.981962
bilstm_finetuned,clean,template,13,chichewa+norm,chi_0294,0,0.999960
bilstm_finetuned,clean,template,13,chichewa+norm,chi_0295,1,0.999487
bilstm_finetuned,clean,template,13,chichewa+norm,chi_0296,1,0.024518
bilstm_finetuned,clean,template,13,chichewa+norm,chi_0297,0,0.005786
bilstm_finetuned,clean,template,13,chichewa+norm,chi_0298,0,0.001112
bilstm_finetuned,clean,template,13,chichewa+norm,chi_0299,0,0.015512
bilstm_finetuned,clean,template,13,chichewa+norm,chi_0300,1,0.999781
bilstm_finetuned,clean,template,13,chichewa+norm,chi_0301,1,0.003764
bilstm_finetuned,clean,template,13,chichewa+norm,chi_0302,1,0.022063
bilstm_finetuned,clean,template,13,chichewa+norm,chi_0303,0,0.015121
bilstm_finetuned,clean,template,13,chichewa+norm,chi_0304,0,0.013738
bilstm_finetuned,clean,template,13,chichewa+norm,chi_0305,0,0.014603
bilstm_finetuned,clean,template,13,chichewa+norm,chi_0306,0,0.013269
bilstm_finetuned,clean,template,13,chichewa+norm,chi_0307,1,0.999611
bilstm_finetuned,clean,template,13,chichewa+norm,chi_0308,1,0.999777
bilstm_finetuned,clean,template,13,chichewa+norm,chi_0309,1,0.999826
bilstm_finetuned,clean,template,13,chichewa+norm,chi_0310,1,0.995901
bilstm_finetuned,clean,template,13,chichewa+norm,chi_0311,0,0.004032
bilstm_finetuned,clean,template,13,chichewa+norm,chi_0312,0,0.996575
bilstm_finetuned,clean,template,13,chichewa+norm,chi_0313,0,0.015330
bilstm_finetuned,clean,template,13,chichewa+norm,chi_0314,1,0.999717
bilstm_finetuned,clean,template,13,chichewa+norm,chi_0315,1,0.005429
bilstm_finetuned,clean,template,13,chichewa+norm,chi_0316,0,0.015102
bilstm_finetuned,clean,template,13,chichewa+norm,chi_0317,0,0.001530
bilstm_finetuned,clean,template,13,chichewa+norm,chi_0318,1,0.999145
bilstm_finetuned,clean,template,13,chichewa+norm,chi_0319,1,0.028631
bilstm_finetuned,clean,template,13,chichewa+norm,chi_0320,0,0.000925
bilstm_finetuned,clean,template,13,chichewa+norm,chi_0321,1,0.987238
bilstm_finetuned,clean,template,13,chichewa+norm,chi_0322,0,0.004057
bilstm_finetuned,clean,template,13,chichewa+norm,chi_0323,0,0.007408
bilstm_finetuned,clean,template,13,chichewa+norm,chi_0324,0,0.008272
bilstm_finetuned,clean,template,13,chichewa+norm,chi_0325,0,0.999996
bilstm_finetuned,clean,template,13,chichewa+norm,chi_0326,1,0.999668
bilstm_finetuned,clean,template,13,chichewa+norm,chi_0327,1,0.998946
bilstm_finetuned,clean,template,13,chichewa+norm,chi_0328,0,0.005971
bilstm_finetuned,clean,template,13,chichewa+norm,chi_0329,0,0.011603
bilstm_finetuned,clean,template,13,chichewa+norm,chi_0330,0,0.001367
bilstm_finetuned,clean,template,13,chichewa+norm,chi_0331,1,0.999589
bilstm_finetuned,clean,template,13,chichewa+norm,chi_0332,0,0.107947
bilstm_finetuned,clean,template,13,chichewa+norm,chi_0333,0,0.334471
bilstm_finetuned,clean,template,13,chichewa+norm,chi_0334,0,0.331912
bilstm_finetuned,clean,template,13,chichewa+norm,chi_0335,0,0.000311
bilstm_finetuned,clean,template,13,chichewa+norm,chi_0336,1,0.999846
bilstm_finetuned,clean,template,13,chichewa+norm,chi_0337,1,0.001208
bilstm_finetuned,clean,template,13,chichewa+norm,chi_0338,1,0.019323
bilstm_finetuned,clean,template,13,chichewa+norm,chi_0339,0,0.007697
bilstm_finetuned,clean,template,13,chichewa+norm,chi_0340,0,0.006995
bilstm_finetuned,clean,template,13,chichewa+norm,chi_0341,0,0.002567
bilstm_finetuned,clean,template,13,chichewa+norm,chi_0342,1,0.027951
bilstm_finetuned,clean,template,13,chichewa+norm,chi_0343,1,0.999641
bilstm_finetuned,clean,template,13,chichewa+norm,chi_0344,1,0.017567
bilstm_finetuned,clean,template,13,chichewa+norm,chi_0345,0,0.003997
bilstm_finetuned,clean,template,13,chichewa+norm,chi_0346,0,0.000132
bilstm_finetuned,clean,template,13,chichewa+norm,chi_0347,1,0.999767
bilstm_finetuned,clean,template,13,chichewa+norm,chi_0348,0,0.009502
bilstm_finetuned,clean,template,13,chichewa+norm,chi_0349,0,0.002978
bilstm_finetuned,clean,template,13,chichewa+norm,chi_0350,1,0.999774
bilstm_finetuned,clean,template,13,chichewa+norm,chi_0351,1,0.018423
bilstm_finetuned,clean,template,13,chichewa+norm,chi_0352,1,0.016861
bilstm_finetuned,clean,template,13,chichewa+norm,chi_0353,1,0.000581
bilstm_finetuned,clean,template,13,chichewa+norm,chi_0354,1,0.009973
bilstm_finetuned,clean,template,13,chichewa+norm,chi_0355,0,0.009616
bilstm_finetuned,clean,template,13,chichewa+norm,chi_0356,0,0.001446
bilstm_finetuned,clean,template,13,chichewa+norm,chi_0357,0,0.002857
bilstm_finetuned,clean,template,13,chichewa+norm,chi_0358,0,0.000401
bilstm_finetuned,clean,template,13,chichewa+norm,chi_0359,1,0.991804
bilstm_finetuned,clean,template,13,chichewa+norm,chi_0360,0,0.990402
bilstm_finetuned,clean,template,13,chichewa+norm,chi_0361,1,0.999427
bilstm_finetuned,clean,template,13,chichewa+norm,chi_0362,1,0.999917
bilstm_finetuned,clean,template,13,chichewa+norm,chi_0363,1,0.984640
bilstm_finetuned,clean,template,13,chichewa+norm,chi_0364,0,0.000668
bilstm_finetuned,clean,template,13,chichewa+norm,chi_0365,0,0.001855
bilstm_finetuned,clean,template,13,chichewa+norm,chi_0366,0,0.005332
bilstm_finetuned,clean,template,13,chichewa+norm,chi_0367,1,0.998321
bilstm_finetuned,clean,template,13,chichewa+norm,chi_0368,1,0.990618
bilstm_finetuned,clean,template,13,chichewa+norm,chi_0369,0,0.002649
bilstm_finetuned,clean,template,13,chichewa+norm,chi_0370,0,0.002739
bilstm_finetuned,clean,template,13,chichewa+norm,chi_0371,0,0.006003
bilstm_finetuned,clean,template,13,chichewa+norm,chi_0372,1,0.997322
bilstm_finetuned,clean,template,13,chichewa+norm,chi_0373,1,0.996567
bilstm_finetuned,clean,template,13,chichewa+norm,chi_0374,0,0.000638
bilstm_finetuned,clean,template,13,chichewa+norm,chi_0375,0,0.000613
bilstm_finetuned,clean,template,13,chichewa+norm,chi_0376,1,0.008075
bilstm_finetuned,clean,template,13,chichewa+norm,chi_0377,1,0.000779
bilstm_finetuned,clean,template,13,chichewa+norm,chi_0378,0,0.035570
bilstm_finetuned,clean,template,13,chichewa+norm,chi_0379,0,0.000120
bilstm_finetuned,clean,template,13,chichewa+norm,chi_0380,1,0.001811
bilstm_finetuned,clean,template,13,chichewa+norm,chi_0381,1,0.009488
bilstm_finetuned,clean,template,13,chichewa+norm,chi_0382,0,0.000170
bilstm_finetuned,clean,template,13,chichewa+norm,chi_0383,0,0.001212
bilstm_finetuned,clean,template,13,chichewa+norm,chi_0384,1,0.010112
bilstm_finetuned,clean,template,13,chichewa+norm,chi_0385,1,0.026936
bilstm_finetuned,clean,template,13,chichewa+norm,chi_0386,1,0.001668
bilstm_finetuned,clean,template,13,chichewa+norm,chi_0387,1,0.996781
bilstm_finetuned,clean,template,13,chichewa+norm,chi_0388,0,0.008303
bilstm_finetuned,clean,template,13,chichewa+norm,chi_0389,1,0.003531
bilstm_finetuned,clean,template,13,chichewa+norm,chi_0390,0,0.001485
bilstm_finetuned,clean,template,13,chichewa+norm,chi_0391,0,0.000737
bilstm_finetuned,clean,template,13,chichewa+norm,chi_0392,1,0.115266
bilstm_finetuned,clean,template,13,chichewa+norm,chi_0393,0,0.000435
bilstm_finetuned,clean,template,13,chichewa+norm,chi_0394,0,0.000375
bilstm_finetuned,clean,template,13,chichewa+norm,chi_0395,1,0.027757
bilstm_finetuned,clean,template,13,chichewa+norm,chi_0396,0,0.000790
bilstm_finetuned,clean,template,13,chichewa+norm,chi_0397,0,0.017116
bilstm_finetuned,clean,template,13,chichewa+norm,chi_0398,0,0.013558
bilstm_finetuned,clean,template,13,chichewa+norm,chi_0399,0,0.990121
bilstm_finetuned,clean,template,13,chichewa+norm,chi_0400,0,0.001214
bilstm_finetuned,clean,template,13,chichewa+norm,chi_0401,0,0.001242
bilstm_finetuned,clean,template,13,chichewa+norm,chi_0402,0,0.000875
bilstm_finetuned,clean,template,13,chichewa+norm,chi_0403,0,0.000368
bilstm_finetuned,clean,template,13,chichewa+norm,chi_0404,0,0.000403
bilstm_finetuned,clean,template,13,chichewa+norm,chi_0405,0,0.000441
bilstm_finetuned,clean,template,13,chichewa+norm,chi_0406,0,0.000608
bilstm_finetuned,clean,template,13,chichewa+norm,chi_0407,0,0.000486
bilstm_finetuned,clean,template,13,chichewa+norm,chi_0408,0,0.010534
bilstm_finetuned,clean,template,13,chichewa+norm,chi_0409,0,0.041153
bilstm_finetuned,clean,template,13,chichewa+norm,chi_0410,0,0.000521
bilstm_finetuned,clean,template,13,chichewa+norm,chi_0411,1,0.004387
bilstm_finetuned,clean,template,13,chichewa+norm,chi_0412,1,0.008613
bilstm_finetuned,clean,template,13,chichewa+norm,chi_0413,1,0.999316
bilstm_finetuned,clean,template,13,chichewa+norm,chi_0414,0,0.203129
bilstm_finetuned,clean,template,13,chichewa+norm,chi_0415,0,0.000622
bilstm_finetuned,clean,template,13,chichewa+norm,chi_0416,1,0.021451
bilstm_finetuned,clean,template,13,chichewa+norm,chi_0417,1,0.014343
bilstm_finetuned,clean,template,13,chichewa+norm,chi_0418,1,0.015418
bilstm_finetuned,clean,template,13,chichewa+norm,chi_0419,0,0.048810
bilstm_finetuned,clean,template,13,chichewa+norm,chi_0420,1,0.998406
bilstm_finetuned,clean,template,13,chichewa+norm,chi_0421,0,0.074592
bilstm_finetuned,clean,template,13,chichewa+norm,chi_0422,0,0.027016
bilstm_finetuned,clean,template,13,chichewa+norm,chi_0423,1,0.999708
bilstm_finetuned,clean,template,13,chichewa+norm,chi_0424,1,0.010459
bilstm_finetuned,clean,template,13,chichewa+norm,chi_0425,0,0.153709
bilstm_finetuned,clean,template,13,chichewa+norm,chi_0426,1,0.009759
bilstm_finetuned,clean,template,13,chichewa+norm,chi_0427,1,0.002665
bilstm_finetuned,clean,template,13,chichewa+norm,chi_0428,1,0.999734
bilstm_finetuned,clean,template,13,chichewa+norm,chi_0429,0,0.009877
bilstm_finetuned,clean,template,13,chichewa+norm,chi_0430,0,0.013279
bilstm_finetuned,clean,template,13,chichewa+norm,chi_0431,0,0.014396
bilstm_finetuned,clean,template,13,chichewa+norm,chi_0432,1,0.999910
bilstm_finetuned,clean,template,13,chichewa+norm,chi_0433,1,0.999794
bilstm_finetuned,clean,template,13,chichewa+norm,chi_0434,1,0.999811
bilstm_finetuned,clean,template,13,chichewa+norm,chi_0435,1,0.016862
bilstm_finetuned,clean,template,13,chichewa+norm,chi_0436,1,0.999867
bilstm_finetuned,clean,template,13,chichewa+norm,chi_0437,1,0.999868
bilstm_finetuned,clean,template,13,chichewa+norm,chi_0438,1,0.999628
bilstm_finetuned,clean,template,13,chichewa+norm,chi_0439,1,0.998926
bilstm_finetuned,clean,template,13,chichewa+norm,chi_0440,1,0.999810
bilstm_finetuned,clean,template,13,chichewa+norm,chi_0441,1,0.999583
bilstm_finetuned,clean,template,13,chichewa+norm,chi_0442,1,0.999809
bilstm_finetuned,clean,template,13,chichewa+norm,chi_0443,1,0.006324
bilstm_finetuned,clean,template,13,chichewa+norm,chi_0444,1,0.999656
bilstm_finetuned,clean,template,13,chichewa+norm,chi_0445,1,0.017485
bilstm_finetuned,clean,template,13,chichewa+norm,chi_0446,1,0.033204
bilstm_finetuned,clean,template,13,chichewa+norm,chi_0447,1,0.029736
bilstm_finetuned,clean,template,13,chichewa+norm,chi_0448,1,0.024520
bilstm_finetuned,clean,template,13,chichewa+norm,chi_0449,1,0.999700
bilstm_finetuned,clean,template,13,chichewa+norm,chi_0450,1,0.999581
bilstm_finetuned,clean,template,13,chichewa+norm,chi_0451,0,0.003465
bilstm_finetuned,clean,template,13,chichewa+norm,chi_0452,0,0.001524
bilstm_finetuned,clean,template,13,chichewa+norm,chi_0453,1,0.999416
bilstm_finetuned,clean,template,13,chichewa+norm,chi_0454,1,0.999870
bilstm_finetuned,clean,template,13,chichewa+norm,chi_0455,1,0.999150
bilstm_finetuned,clean,template,13,chichewa+norm,chi_0456,1,0.999673
bilstm_finetuned,clean,template,13,chichewa+norm,chi_0457,1,0.999868
bilstm_finetuned,clean,template,13,chichewa+norm,chi_0458,1,0.999770
bilstm_finetuned,clean,template,13,chichewa+norm,chi_0459,0,0.015543
bilstm_finetuned,clean,template,13,chichewa+norm,chi_0460,1,0.999772
bilstm_finetuned,clean,template,13,chichewa+norm,chi_0461,1,0.999127
bilstm_finetuned,clean,template,13,chichewa+norm,chi_0462,0,0.000478
bilstm_finetuned,clean,template,13,chichewa+norm,chi_0463,0,0.000658
bilstm_finetuned,clean,template,13,chichewa+norm,chi_0464,1,0.999402
bilstm_finetuned,clean,template,13,chichewa+norm,chi_0465,0,0.000480
bilstm_finetuned,clean,template,13,chichewa+norm,chi_0466,0,0.996973
bilstm_finetuned,clean,template,13,chichewa+norm,chi_0467,1,0.999733
bilstm_finetuned,clean,template,13,chichewa+norm,chi_0468,1,0.999519
bilstm_finetuned,clean,template,13,chichewa+norm,chi_0469,0,0.001613
bilstm_finetuned,clean,template,13,chichewa+norm,chi_0470,0,0.031665
bilstm_finetuned,clean,template,13,chichewa+norm,chi_0471,1,0.999607
bilstm_finetuned,clean,template,13,chichewa+norm,chi_0472,1,0.999828
bilstm_finetuned,clean,template,13,chichewa+norm,chi_0473,0,0.001595
bilstm_finetuned,clean,template,13,chichewa+norm,chi_0474,0,0.084461
bilstm_finetuned,clean,template,13,chichewa+norm,chi_0475,1,0.999457
bilstm_finetuned,clean,template,13,chichewa+norm,chi_0476,1,0.998912
bilstm_finetuned,clean,template,13,chichewa+norm,chi_0477,1,0.999494
bilstm_finetuned,clean,template,13,chichewa+norm,chi_0478,0,0.007935
bilstm_finetuned,clean,template,13,chichewa+norm,chi_0479,0,0.494507
bilstm_finetuned,clean,template,13,chichewa+norm,chi_0480,0,0.002964
bilstm_finetuned,clean,template,13,chichewa+norm,chi_0481,1,0.999199
bilstm_finetuned,clean,template,13,chichewa+norm,chi_0482,1,0.998396
bilstm_finetuned,clean,template,13,chichewa+norm,chi_0483,0,0.998641
bilstm_finetuned,clean,template,13,chichewa+norm,chi_0484,0,0.993566
bilstm_finetuned,clean,template,13,chichewa+norm,chi_0485,0,0.001154
bilstm_finetuned,clean,template,13,chichewa+norm,chi_0486,1,0.007633
bilstm_finetuned,clean,template,13,chichewa+norm,chi_0487,1,0.999552
bilstm_finetuned,clean,template,13,chichewa+norm,chi_0488,1,0.004048
bilstm_finetuned,clean,template,13,chichewa+norm,chi_0489,0,0.999376
bilstm_finetuned,clean,template,13,chichewa+norm,chi_0490,0,0.999632
bilstm_finetuned,clean,template,13,chichewa+norm,chi_0491,1,0.999661
bilstm_finetuned,clean,template,13,chichewa+norm,chi_0492,1,0.999639
bilstm_finetuned,clean,template,13,chichewa+norm,chi_0493,1,0.999984
bilstm_finetuned,clean,template,13,chichewa+norm,chi_0494,0,0.030194
bilstm_finetuned,clean,template,13,chichewa+norm,chi_0495,0,0.012327
bilstm_finetuned,clean,template,13,chichewa+norm,chi_0496,0,0.002032
bilstm_finetuned,clean,template,13,chichewa+norm,chi_0497,1,0.999796
bilstm_finetuned,clean,template,13,chichewa+norm,chi_0498,1,0.999577
bilstm_finetuned,clean,template,13,chichewa+norm,chi_0499,0,0.000718
bilstm_finetuned,clean,template,13,chichewa+norm,chi_0500,0,0.000558
bilstm_finetuned,clean,template,13,chichewa+norm,chi_0501,0,0.992430
bilstm_finetuned,clean,template,13,chichewa+norm,chi_0502,1,0.998952
bilstm_finetuned,clean,template,13,chichewa+norm,chi_0503,1,0.998640
bilstm_finetuned,clean,template,13,chichewa+norm,chi_0504,1,0.999691
bilstm_finetuned,clean,template,13,chichewa+norm,chi_0505,0,0.000534
bilstm_finetuned,clean,template,13,chichewa+norm,chi_0506,0,0.000503
bilstm_finetuned,clean,template,13,chichewa+norm,chi_0507,0,0.000388
bilstm_finetuned,clean,template,13,chichewa+norm,chi_0508,1,0.999395
bilstm_finetuned,clean,template,13,chichewa+norm,chi_0509,1,0.997877
bilstm_finetuned,clean,template,13,chichewa+norm,chi_0510,1,0.999597
bilstm_finetuned,clean,template,13,chichewa+norm,chi_0511,0,0.027899
bilstm_finetuned,clean,template,13,chichewa+norm,chi_0512,0,0.001240
bilstm_finetuned,clean,template,13,chichewa+norm,chi_0513,0,0.002095
bilstm_finetuned,clean,template,13,chichewa+norm,chi_0514,1,0.000208
bilstm_finetuned,clean,template,13,chichewa+norm,chi_0515,1,0.999346
bilstm_finetuned,clean,template,13,chichewa+norm,chi_0516,1,0.995018
bilstm_finetuned,clean,template,13,chichewa+norm,chi_0517,0,0.998273
bilstm_finetuned,clean,template,13,chichewa+norm,chi_0518,0,0.002582
bilstm_finetuned,clean,template,13,chichewa+norm,chi_0519,1,0.999932
bilstm_finetuned,clean,template,13,chichewa+norm,chi_0520,1,0.993235
bilstm_finetuned,clean,template,13,chichewa+norm,chi_0521,1,0.000519
bilstm_finetuned,clean,template,13,chichewa+norm,chi_0522,0,0.997283
bilstm_finetuned,clean,template,13,chichewa+norm,chi_0523,0,0.002441
bilstm_finetuned,clean,template,13,chichewa+norm,chi_0524,0,0.015431
bilstm_finetuned,clean,template,13,chichewa+norm,chi_0525,1,0.999596
bilstm_finetuned,clean,template,13,chichewa+norm,chi_0526,1,0.999563
bilstm_finetuned,clean,template,13,chichewa+norm,chi_0527,1,0.996509
bilstm_finetuned,clean,template,13,chichewa+norm,chi_0528,0,0.001780
bilstm_finetuned,clean,template,13,chichewa+norm,chi_0529,0,0.997891
bilstm_finetuned,clean,template,13,chichewa+norm,chi_0530,0,0.000186
bilstm_finetuned,clean,template,13,chichewa+norm,chi_0531,1,0.999617
bilstm_finetuned,clean,template,13,chichewa+norm,chi_0532,1,0.999848
bilstm_finetuned,clean,template,13,chichewa+norm,chi_0533,1,0.998834
bilstm_finetuned,clean,template,13,chichewa+norm,chi_0534,0,0.994442
bilstm_finetuned,clean,template,13,chichewa+norm,chi_0535,0,0.001925
bilstm_finetuned,clean,template,13,chichewa+norm,chi_0536,0,0.006173
bilstm_finetuned,clean,template,13,chichewa+norm,chi_0537,1,0.998422
bilstm_finetuned,clean,template,13,chichewa+norm,chi_0538,1,0.005275
bilstm_finetuned,clean,template,13,chichewa+norm,chi_0539,1,0.999957
bilstm_finetuned,clean,template,13,chichewa+norm,chi_0540,0,0.001381
bilstm_finetuned,clean,template,13,chichewa+norm,chi_0541,0,0.001527
bilstm_finetuned,clean,template,13,chichewa+norm,chi_0542,0,0.002007
bilstm_finetuned,clean,template,13,chichewa+norm,chi_0543,1,0.999679
bilstm_finetuned,clean,template,13,chichewa+norm,chi_0544,1,0.999630
bilstm_finetuned,clean,template,13,chichewa+norm,chi_0545,1,0.999877
bilstm_finetuned,clean,template,13,chichewa+norm,chi_0546,0,0.001709
bilstm_finetuned,clean,template,13,chichewa+norm,chi_0547,0,0.988671
bilstm_finetuned,clean,template,13,chichewa+norm,chi_0548,0,0.002435
bilstm_finetuned,clean,template,13,chichewa+norm,chi_0549,1,0.999515
bilstm_finetuned,clean,template,13,chichewa+norm,chi_0550,1,0.999450
bilstm_finetuned,clean,template,13,chichewa+norm,chi_0551,1,0.999566
bilstm_finetuned,clean,template,13,chichewa+norm,chi_0552,0,0.995313
bilstm_finetuned,clean,template,13,chichewa+norm,chi_0553,0,0.002182
bilstm_finetuned,clean,template,13,chichewa+norm,chi_0554,1,0.991356
bilstm_finetuned,clean,template,13,chichewa+norm,chi_0555,1,0.982625
bilstm_finetuned,clean,template,13,chichewa+norm,chi_0556,1,0.996620
bilstm_finetuned,clean,template,13,chichewa+norm,chi_0557,0,0.996972
bilstm_finetuned,clean,template,13,chichewa+norm,chi_0558,0,0.003294
bilstm_finetuned,clean,template,13,chichewa+norm,chi_0559,0,0.999206
bilstm_finetuned,clean,template,13,chichewa+norm,chi_0560,1,0.997730
bilstm_finetuned,clean,template,13,chichewa+norm,chi_0561,1,0.999380
bilstm_finetuned,clean,template,13,chichewa+norm,chi_0562,1,0.998950
bilstm_finetuned,clean,template,13,chichewa+norm,chi_0563,0,0.009611
bilstm_finetuned,clean,template,13,chichewa+norm,chi_0564,0,0.986906
bilstm_finetuned,clean,template,13,chichewa+norm,chi_0565,0,0.005464
bilstm_finetuned,clean,template,13,chichewa+norm,chi_0566,0,0.003525
bilstm_finetuned,clean,template,13,chichewa+norm,chi_0567,1,0.998992
bilstm_finetuned,clean,template,13,chichewa+norm,chi_0568,1,0.999166
bilstm_finetuned,clean,template,13,chichewa+norm,chi_0569,1,0.999351
bilstm_finetuned,clean,template,13,chichewa+norm,chi_0570,1,0.999557
bilstm_finetuned,clean,template,13,chichewa+norm,chi_0571,0,0.996166
bilstm_finetuned,clean,template,13,chichewa+norm,chi_0572,1,0.999602
bilstm_finetuned,clean,template,13,chichewa+norm,chi_0573,1,0.004253
bilstm_finetuned,clean,template,13,chichewa+norm,chi_0574,1,0.997877
bilstm_finetuned,clean,template,13,chichewa+norm,chi_0575,0,0.990680
bilstm_finetuned,clean,template,13,chichewa+norm,chi_0576,1,0.009217
bilstm_finetuned,clean,template,13,chichewa+norm,chi_0577,1,0.117850
bilstm_finetuned,clean,template,13,chichewa+norm,chi_0578,0,0.020779
bilstm_finetuned,clean,template,13,chichewa+norm,chi_0579,0,0.008596
bilstm_finetuned,clean,template,13,chichewa+norm,chi_0580,0,0.041221
bilstm_finetuned,clean,template,13,chichewa+norm,chi_0581,1,0.035321
bilstm_finetuned,clean,template,13,chichewa+norm,chi_0582,0,0.000163
bilstm_finetuned,clean,template,13,chichewa+norm,chi_0583,0,0.079242
bilstm_finetuned,clean,template,13,chichewa+norm,chi_0584,0,0.042468
bilstm_finetuned,clean,template,13,chichewa+norm,chi_0585,0,0.108868
bilstm_finetuned,clean,template,13,chichewa+norm,chi_0586,0,0.000338
bilstm_finetuned,clean,template,13,chichewa+norm,chi_0587,0,0.012155
bilstm_finetuned,clean,template,13,chichewa+norm,chi_0588,0,0.089945
bilstm_finetuned,clean,template,13,chichewa+norm,chi_0589,1,0.003081
bilstm_finetuned,clean,template,13,chichewa+norm,chi_0590,1,0.999995
bilstm_finetuned,clean,template,13,chichewa+norm,chi_0591,1,0.989306
bilstm_finetuned,clean,template,13,chichewa+norm,chi_0592,0,0.039604
bilstm_finetuned,clean,template,13,chichewa+norm,chi_0593,0,0.997733
bilstm_finetuned,clean,template,13,chichewa+norm,chi_0594,0,0.252663
bilstm_finetuned,clean,template,13,chichewa+norm,chi_0595,1,0.013299
bilstm_finetuned,clean,template,13,chichewa+norm,chi_0596,1,0.990115
bilstm_finetuned,clean,template,13,chichewa+norm,chi_0597,1,0.953024
bilstm_finetuned,clean,template,13,chichewa+norm,chi_0598,1,0.688243
bilstm_finetuned,clean,template,13,chichewa+norm,chi_0599,0,0.001311
bilstm_finetuned,clean,template,13,chichewa+norm,chi_0600,0,0.001576
bilstm_finetuned,clean,template,13,chichewa+norm,chi_0601,0,0.001646
bilstm_finetuned,clean,template,13,chichewa+norm,chi_0602,1,0.997342
bilstm_finetuned,clean,template,13,chichewa+norm,chi_0603,0,0.001489
bilstm_finetuned,clean,template,13,chichewa+norm,chi_0604,0,0.001267
bilstm_finetuned,clean,template,13,chichewa+norm,chi_0605,0,0.995791
bilstm_finetuned,clean,template,13,chichewa+norm,chi_0606,1,0.002156
bilstm_finetuned,clean,template,13,chichewa+norm,chi_0607,0,0.061425
bilstm_finetuned,clean,template,13,chichewa+norm,chi_0608,0,0.052966
bilstm_finetuned,clean,template,13,chichewa+norm,chi_0609,0,0.079635
bilstm_finetuned,clean,template,13,chichewa+norm,chi_0610,1,0.997240
bilstm_finetuned,clean,template,13,chichewa+norm,chi_0611,0,0.007910
bilstm_finetuned,clean,template,13,chichewa+norm,chi_0612,0,0.371874
bilstm_finetuned,clean,template,13,chichewa+norm,chi_0613,0,0.002790
bilstm_finetuned,clean,template,13,chichewa+norm,chi_0614,0,0.000299
bilstm_finetuned,clean,template,13,chichewa+norm,chi_0615,1,0.999643
bilstm_finetuned,clean,template,13,chichewa+norm,chi_0616,0,0.135329
bilstm_finetuned,clean,template,13,chichewa+norm,chi_0617,0,0.113094
bilstm_finetuned,clean,template,13,chichewa+norm,chi_0618,1,0.999977
bilstm_finetuned,clean,template,13,chichewa+norm,chi_0619,1,0.999909
bilstm_finetuned,clean,template,13,chichewa+norm,chi_0620,1,0.997429
bilstm_finetuned,clean,template,13,chichewa+norm,chi_0621,0,0.007215
bilstm_finetuned,clean,template,13,chichewa+norm,chi_0622,0,0.002319
bilstm_finetuned,clean,template,13,chichewa+norm,chi_0623,0,0.005758
bilstm_finetuned,clean,template,13,chichewa+norm,chi_0624,1,0.999597
bilstm_finetuned,clean,template,13,chichewa+norm,chi_0625,0,0.997575
bilstm_finetuned,clean,template,13,chichewa+norm,chi_0626,0,0.243451
bilstm_finetuned,clean,template,13,chichewa+norm,chi_0627,0,0.257367
bilstm_finetuned,clean,template,13,chichewa+norm,chi_0628,0,0.011248
bilstm_finetuned,clean,template,13,chichewa+norm,chi_0629,0,0.013014
bilstm_finetuned,clean,template,13,chichewa+norm,chi_0630,1,0.999602
bilstm_finetuned,clean,template,13,chichewa+norm,chi_0631,1,0.004218
bilstm_finetuned,clean,template,13,chichewa+norm,chi_0632,0,0.994906
bilstm_finetuned,clean,template,13,chichewa+norm,chi_0633,0,0.003992
bilstm_finetuned,clean,template,13,chichewa+norm,chi_0634,1,0.998782
bilstm_finetuned,clean,template,13,chichewa+norm,chi_0635,1,0.998869
bilstm_finetuned,clean,template,13,chichewa+norm,chi_0636,1,0.003446
bilstm_finetuned,clean,template,13,chichewa+norm,chi_0637,0,0.001189
bilstm_finetuned,clean,template,13,chichewa+norm,chi_0638,0,0.001676
bilstm_finetuned,clean,template,13,chichewa+norm,chi_0639,0,0.997378
bilstm_finetuned,clean,template,13,chichewa+norm,chi_0640,0,0.990271
bilstm_finetuned,clean,template,13,chichewa+norm,chi_0641,1,0.997767
bilstm_finetuned,clean,template,13,chichewa+norm,chi_0642,1,0.997992
bilstm_finetuned,clean,template,13,chichewa+norm,chi_0643,1,0.996135
bilstm_finetuned,clean,template,13,chichewa+norm,chi_0644,0,0.999675
bilstm_finetuned,clean,template,13,chichewa+norm,chi_0645,1,0.999894
bilstm_finetuned,clean,template,13,chichewa+norm,chi_0646,1,0.999910
bilstm_finetuned,clean,template,13,chichewa+norm,chi_0647,1,0.998210
bilstm_finetuned,clean,template,13,chichewa+norm,chi_0648,1,0.999784
bilstm_finetuned,clean,template,13,chichewa+norm,chi_0649,1,0.999367
bilstm_finetuned,clean,template,13,chichewa+norm,chi_0650,1,0.999893
bilstm_finetuned,clean,template,13,chichewa+norm,chi_0651,1,0.999356
bilstm_finetuned,clean,template,13,chichewa+norm,chi_0652,1,0.007764
bilstm_finetuned,clean,template,13,chichewa+norm,chi_0653,1,0.999812
bilstm_finetuned,clean,template,13,chichewa+norm,chi_0654,1,0.022086
bilstm_finetuned,clean,template,13,chichewa+norm,chi_0655,1,0.998981
bilstm_finetuned,clean,template,13,chichewa+norm,chi_0656,1,0.002803
bilstm_finetuned,clean,template,13,chichewa+norm,chi_0657,1,0.009256
bilstm_finetuned,clean,template,13,chichewa+norm,chi_0658,1,0.999220
bilstm_finetuned,clean,template,13,chichewa+norm,chi_0659,1,0.999893
bilstm_finetuned,clean,template,13,chichewa+norm,chi_0660,1,0.999757
bilstm_finetuned,clean,template,13,chichewa+norm,chi_0661,1,0.006597
bilstm_finetuned,clean,template,13,chichewa+norm,chi_0662,1,0.009597
bilstm_finetuned,clean,template,13,chichewa+norm,chi_0663,1,0.005355
bilstm_finetuned,clean,template,13,chichewa+norm,chi_0664,1,0.999939
bilstm_finetuned,clean,template,13,chichewa+norm,chi_0665,1,0.982778
bilstm_finetuned,clean,template,13,chichewa+norm,chi_0666,1,0.976866
bilstm_finetuned,clean,template,13,chichewa+norm,chi_0667,1,0.001312
bilstm_finetuned,clean,template,13,chichewa+norm,chi_0668,0,0.010194
bilstm_finetuned,clean,template,13,chichewa+norm,chi_0669,0,0.020784
bilstm_finetuned,clean,template,13,chichewa+norm,chi_0670,0,0.999658
bilstm_finetuned,clean,template,13,chichewa+norm,chi_0671,0,0.003866
bilstm_finetuned,clean,template,13,chichewa+norm,chi_0672,0,0.008990
bilstm_finetuned,clean,template,13,chichewa+norm,chi_0673,0,0.006171
bilstm_finetuned,clean,template,13,chichewa+norm,chi_0674,0,0.999661
bilstm_finetuned,clean,template,13,chichewa+norm,chi_0675,0,0.012459
bilstm_finetuned,clean,template,13,chichewa+norm,chi_0676,0,0.030752
bilstm_finetuned,clean,template,13,chichewa+norm,chi_0677,0,0.026213
bilstm_finetuned,clean,template,13,chichewa+norm,chi_0678,0,0.008037
bilstm_finetuned,clean,template,13,chichewa+norm,chi_0679,0,0.001013
bilstm_finetuned,clean,template,13,chichewa+norm,chi_0680,0,0.007865
bilstm_finetuned,clean,template,13,chichewa+norm,chi_0681,0,0.999912
bilstm_finetuned,clean,template,13,chichewa+norm,chi_0682,0,0.005250
bilstm_finetuned,clean,template,13,chichewa+norm,chi_0683,0,0.010042
bilstm_finetuned,clean,template,13,chichewa+norm,chi_0684,0,0.005674
bilstm_finetuned,clean,template,13,chichewa+norm,chi_0685,0,0.000263
bilstm_finetuned,clean,template,13,chichewa+norm,chi_0686,0,0.007632
bilstm_finetuned,clean,template,13,chichewa+norm,chi_0687,0,0.001410
bilstm_finetuned,clean,template,13,chichewa+norm,chi_0688,0,0.005981
bilstm_finetuned,clean,template,13,chichewa+norm,chi_0689,0,0.008228
bilstm_finetuned,clean,template,13,chichewa+norm,chi_0690,0,0.019917
bilstm_finetuned,clean,template,13,chichewa+norm,chi_0691,0,0.999392
bilstm_finetuned,clean,template,13,chichewa+norm,chi_0692,0,0.002914
bilstm_finetuned,clean,template,13,chichewa+norm,chi_0693,0,0.006082
bilstm_finetuned,clean,template,13,chichewa+norm,chi_0694,0,0.006243
bilstm_finetuned,clean,template,13,chichewa+norm,chi_0695,0,0.011607
bilstm_finetuned,clean,template,13,chichewa+norm,chi_0696,0,0.004085
bilstm_finetuned,clean,template,13,chichewa+norm,chi_0697,0,0.031911
bilstm_finetuned,clean,template,13,chichewa+norm,chi_0698,0,0.004605
bilstm_finetuned,clean,template,13,chichewa+norm,chi_0699,0,0.999881
bilstm_finetuned,clean,template,13,chichewa+norm,chi_0700,0,0.028787
bilstm_finetuned,clean,template,13,chichewa+norm,chi_0701,0,0.998789
bilstm_finetuned,clean,template,13,chichewa+norm,chi_0702,0,0.010687
bilstm_finetuned,clean,template,13,chichewa+norm,chi_0703,0,0.548694
bilstm_finetuned,clean,template,13,chichewa+norm,chi_0704,0,0.994313
bilstm_finetuned,clean,template,13,chichewa+norm,chi_0705,0,0.007818
bilstm_finetuned,clean,template,13,chichewa+norm,chi_0706,0,0.997957
bilstm_finetuned,clean,template,13,chichewa+norm,chi_0707,0,0.001598
bilstm_finetuned,clean,template,13,chichewa+norm,chi_0708,0,0.999631
bilstm_finetuned,clean,template,13,chichewa+norm,chi_0709,0,0.999631
bilstm_finetuned,clean,template,13,chichewa+norm,chi_0710,0,0.000046
bilstm_finetuned,clean,template,13,chichewa+norm,chi_0711,0,0.999630
bilstm_finetuned,clean,template,13,chichewa+norm,chi_0712,0,0.999643
bilstm_finetuned,clean,template,13,chichewa+norm,chi_0713,0,0.006033
bilstm_finetuned,clean,template,13,chichewa+norm,chi_0714,0,0.001818
bilstm_finetuned,clean,template,13,chichewa+norm,chi_0715,0,0.009658
bilstm_finetuned,clean,template,13,chichewa+norm,chi_0716,0,0.008796
bilstm_finetuned,clean,template,13,chichewa+norm,chi_0717,0,0.007154
bilstm_finetuned,clean,template,13,chichewa+norm,chi_0718,0,0.998762
bilstm_finetuned,clean,template,13,chichewa+norm,chi_0719,0,0.001527
bilstm_finetuned,clean,template,13,chichewa+norm,chi_0720,0,0.000687
bilstm_finetuned,clean,template,13,chichewa+norm,chi_0721,0,0.320171
bilstm_finetuned,clean,template,13,chichewa+norm,chi_0722,0,0.001242
bilstm_finetuned,clean,template,13,chichewa+norm,chi_0723,0,0.001635
bilstm_finetuned,clean,template,13,chichewa+norm,chi_0724,0,0.002030
bilstm_finetuned,clean,template,13,chichewa+norm,chi_0725,0,0.543711
bilstm_finetuned,clean,template,13,chichewa+norm,chi_0726,0,0.014336
bilstm_finetuned,clean,template,13,chichewa+norm,chi_0727,0,0.009525
bilstm_finetuned,clean,template,13,chichewa+norm,chi_0728,0,0.010440
bilstm_finetuned,clean,template,13,chichewa+norm,chi_0729,0,0.002100
bilstm_finetuned,clean,template,13,chichewa+norm,chi_0730,0,0.002134
bilstm_finetuned,clean,template,13,chichewa+norm,chi_0731,0,0.015535
bilstm_finetuned,clean,template,13,chichewa+norm,chi_0732,0,0.001290
bilstm_finetuned,clean,template,13,ctrl_lookalike+norm,bongo_0029,0,0.035802
bilstm_finetuned,clean,template,13,ctrl_lookalike+norm,bongo_0053,0,0.000113
bilstm_finetuned,clean,template,13,ctrl_lookalike+norm,bongo_0097,0,0.000291
bilstm_finetuned,clean,template,13,ctrl_lookalike+norm,bongo_0107,0,0.000020
bilstm_finetuned,clean,template,13,ctrl_lookalike+norm,bongo_0110,0,0.000016
bilstm_finetuned,clean,template,13,ctrl_lookalike+norm,bongo_0115,0,0.000232
bilstm_finetuned,clean,template,13,ctrl_lookalike+norm,bongo_0143,0,0.000265
bilstm_finetuned,clean,template,13,ctrl_lookalike+norm,bongo_0160,0,0.000027
bilstm_finetuned,clean,template,13,ctrl_lookalike+norm,bongo_0172,0,0.277720
bilstm_finetuned,clean,template,13,ctrl_lookalike+norm,bongo_0175,0,0.000026
bilstm_finetuned,clean,template,13,ctrl_lookalike+norm,bongo_0182,0,0.000012
bilstm_finetuned,clean,template,13,ctrl_lookalike+norm,bongo_0197,0,0.000040
bilstm_finetuned,clean,template,13,ctrl_lookalike+norm,bongo_0253,0,0.000051
bilstm_finetuned,clean,template,13,ctrl_lookalike+norm,bongo_0271,0,0.000036
bilstm_finetuned,clean,template,13,ctrl_lookalike+norm,bongo_0300,0,0.000035
bilstm_finetuned,clean,template,13,ctrl_lookalike+norm,bongo_0306,0,0.000050
bilstm_finetuned,clean,template,13,ctrl_lookalike+norm,bongo_0363,0,0.000033
bilstm_finetuned,clean,template,13,ctrl_lookalike+norm,bongo_0368,0,0.000159
bilstm_finetuned,clean,template,13,ctrl_lookalike+norm,bongo_0372,0,0.000088
bilstm_finetuned,clean,template,13,ctrl_lookalike+norm,bongo_0389,0,0.000031
bilstm_finetuned,clean,template,13,ctrl_lookalike+norm,bongo_0395,0,0.000339
bilstm_finetuned,clean,template,13,ctrl_lookalike+norm,bongo_0427,0,0.000374
bilstm_finetuned,clean,template,13,ctrl_lookalike+norm,bongo_0463,0,0.000264
bilstm_finetuned,clean,template,13,ctrl_lookalike+norm,bongo_0531,0,0.000109
bilstm_finetuned,clean,template,13,ctrl_lookalike+norm,bongo_0542,0,0.000026
bilstm_finetuned,clean,template,13,ctrl_lookalike+norm,bongo_0545,0,0.000028
bilstm_finetuned,clean,template,13,ctrl_lookalike+norm,bongo_0571,0,0.000027
bilstm_finetuned,clean,template,13,ctrl_lookalike+norm,bongo_0630,0,0.000108
bilstm_finetuned,clean,template,13,ctrl_lookalike+norm,bongo_0648,0,0.009938
bilstm_finetuned,clean,template,13,ctrl_lookalike+norm,bongo_0674,0,0.000020
bilstm_finetuned,clean,template,13,ctrl_lookalike+norm,bongo_0685,0,0.004694
bilstm_finetuned,clean,template,13,ctrl_lookalike+norm,bongo_0701,0,0.000028
bilstm_finetuned,clean,template,13,ctrl_lookalike+norm,bongo_0741,0,0.000029
bilstm_finetuned,clean,template,13,ctrl_lookalike+norm,bongo_0795,0,0.001170
bilstm_finetuned,clean,template,13,ctrl_lookalike+norm,bongo_0818,0,0.002821
bilstm_finetuned,clean,template,13,ctrl_lookalike+norm,bongo_0819,0,0.000108
bilstm_finetuned,clean,template,13,ctrl_lookalike+norm,bongo_0835,0,0.000026
bilstm_finetuned,clean,template,13,ctrl_lookalike+norm,bongo_0856,0,0.000056
bilstm_finetuned,clean,template,13,ctrl_lookalike+norm,bongo_0872,0,0.001564
bilstm_finetuned,clean,template,13,ctrl_lookalike+norm,bongo_0904,0,0.000228
bilstm_finetuned,clean,template,13,ctrl_lookalike+norm,bongo_0950,0,0.000026
bilstm_finetuned,clean,template,13,ctrl_lookalike+norm,bongo_0956,0,0.000026
bilstm_finetuned,clean,template,13,ctrl_lookalike+norm,bongo_0971,0,0.000032
bilstm_finetuned,clean,template,13,ctrl_lookalike+norm,bongo_0983,0,0.000073
bilstm_finetuned,clean,template,13,ctrl_lookalike+norm,bongo_0994,0,0.000246
bilstm_finetuned,clean,template,13,ctrl_lookalike+norm,bongo_1006,0,0.000036
bilstm_finetuned,clean,template,13,ctrl_lookalike+norm,bongo_1015,0,0.000014
bilstm_finetuned,clean,template,13,ctrl_lookalike+norm,bongo_1037,0,0.000044
bilstm_finetuned,clean,template,13,ctrl_lookalike+norm,bongo_1040,0,0.000040
bilstm_finetuned,clean,template,13,ctrl_lookalike+norm,bongo_1050,0,0.000028
bilstm_finetuned,clean,template,13,ctrl_lookalike+norm,bongo_1059,0,0.000026
bilstm_finetuned,clean,template,13,ctrl_lookalike+norm,bongo_1071,0,0.000033
bilstm_finetuned,clean,template,13,ctrl_lookalike+norm,bongo_1090,0,0.000019
bilstm_finetuned,clean,template,13,ctrl_lookalike+norm,bongo_1115,0,0.000009
bilstm_finetuned,clean,template,13,ctrl_lookalike+norm,bongo_1123,0,0.000030
bilstm_finetuned,clean,template,13,ctrl_lookalike+norm,bongo_1125,0,0.002881
bilstm_finetuned,clean,template,13,ctrl_lookalike+norm,bongo_1135,0,0.004074
bilstm_finetuned,clean,template,13,ctrl_lookalike+norm,bongo_1155,0,0.000029
bilstm_finetuned,clean,template,13,ctrl_lookalike+norm,bongo_1194,0,0.001120
bilstm_finetuned,clean,template,13,ctrl_lookalike+norm,bongo_1198,0,0.000074
bilstm_finetuned,clean,template,13,ctrl_lookalike+norm,bongo_1236,0,0.000046
bilstm_finetuned,clean,template,13,ctrl_lookalike+norm,bongo_1244,0,0.000028
bilstm_finetuned,clean,template,13,ctrl_lookalike+norm,bongo_1249,0,0.000010
bilstm_finetuned,clean,template,13,ctrl_lookalike+norm,bongo_1253,0,0.001516
bilstm_finetuned,clean,template,13,ctrl_lookalike+norm,bongo_1260,0,0.000033
bilstm_finetuned,clean,template,13,ctrl_lookalike+norm,bongo_1262,0,0.000053
bilstm_finetuned,clean,template,13,ctrl_lookalike+norm,bongo_1285,0,0.000028
bilstm_finetuned,clean,template,13,ctrl_lookalike+norm,bongo_1316,0,0.000063
bilstm_finetuned,clean,template,13,ctrl_lookalike+norm,bongo_1330,0,0.050357
bilstm_finetuned,clean,template,13,ctrl_lookalike+norm,bongo_1359,0,0.003190
bilstm_finetuned,clean,template,13,ctrl_lookalike+norm,bongo_1375,0,0.000044
bilstm_finetuned,clean,template,13,ctrl_structural+norm,bongo_0029,0,0.315018
bilstm_finetuned,clean,template,13,ctrl_structural+norm,bongo_0053,0,0.000113
bilstm_finetuned,clean,template,13,ctrl_structural+norm,bongo_0097,0,0.000760
bilstm_finetuned,clean,template,13,ctrl_structural+norm,bongo_0107,0,0.000025
bilstm_finetuned,clean,template,13,ctrl_structural+norm,bongo_0110,0,0.000079
bilstm_finetuned,clean,template,13,ctrl_structural+norm,bongo_0115,0,0.000195
bilstm_finetuned,clean,template,13,ctrl_structural+norm,bongo_0143,0,0.000247
bilstm_finetuned,clean,template,13,ctrl_structural+norm,bongo_0160,0,0.000071
bilstm_finetuned,clean,template,13,ctrl_structural+norm,bongo_0172,0,0.090551
bilstm_finetuned,clean,template,13,ctrl_structural+norm,bongo_0175,0,0.000026
bilstm_finetuned,clean,template,13,ctrl_structural+norm,bongo_0182,0,0.000012
bilstm_finetuned,clean,template,13,ctrl_structural+norm,bongo_0197,0,0.000041
bilstm_finetuned,clean,template,13,ctrl_structural+norm,bongo_0253,0,0.000074
bilstm_finetuned,clean,template,13,ctrl_structural+norm,bongo_0271,0,0.000033
bilstm_finetuned,clean,template,13,ctrl_structural+norm,bongo_0300,0,0.000035
bilstm_finetuned,clean,template,13,ctrl_structural+norm,bongo_0306,0,0.000115
bilstm_finetuned,clean,template,13,ctrl_structural+norm,bongo_0363,0,0.000036
bilstm_finetuned,clean,template,13,ctrl_structural+norm,bongo_0368,0,0.000221
bilstm_finetuned,clean,template,13,ctrl_structural+norm,bongo_0372,0,0.000180
bilstm_finetuned,clean,template,13,ctrl_structural+norm,bongo_0389,0,0.000032
bilstm_finetuned,clean,template,13,ctrl_structural+norm,bongo_0395,0,0.000740
bilstm_finetuned,clean,template,13,ctrl_structural+norm,bongo_0427,0,0.000310
bilstm_finetuned,clean,template,13,ctrl_structural+norm,bongo_0463,0,0.001723
bilstm_finetuned,clean,template,13,ctrl_structural+norm,bongo_0531,0,0.000192
bilstm_finetuned,clean,template,13,ctrl_structural+norm,bongo_0542,0,0.000028
bilstm_finetuned,clean,template,13,ctrl_structural+norm,bongo_0545,0,0.000030
bilstm_finetuned,clean,template,13,ctrl_structural+norm,bongo_0571,0,0.000037
bilstm_finetuned,clean,template,13,ctrl_structural+norm,bongo_0630,0,0.000877
bilstm_finetuned,clean,template,13,ctrl_structural+norm,bongo_0648,0,0.336263
bilstm_finetuned,clean,template,13,ctrl_structural+norm,bongo_0674,0,0.000020
bilstm_finetuned,clean,template,13,ctrl_structural+norm,bongo_0685,0,0.000405
bilstm_finetuned,clean,template,13,ctrl_structural+norm,bongo_0701,0,0.000028
bilstm_finetuned,clean,template,13,ctrl_structural+norm,bongo_0741,0,0.000028
bilstm_finetuned,clean,template,13,ctrl_structural+norm,bongo_0795,0,0.002191
bilstm_finetuned,clean,template,13,ctrl_structural+norm,bongo_0818,0,0.309933
bilstm_finetuned,clean,template,13,ctrl_structural+norm,bongo_0819,0,0.000440
bilstm_finetuned,clean,template,13,ctrl_structural+norm,bongo_0835,0,0.000032
bilstm_finetuned,clean,template,13,ctrl_structural+norm,bongo_0856,0,0.000359
bilstm_finetuned,clean,template,13,ctrl_structural+norm,bongo_0872,0,0.000943
bilstm_finetuned,clean,template,13,ctrl_structural+norm,bongo_0904,0,0.000314
bilstm_finetuned,clean,template,13,ctrl_structural+norm,bongo_0950,0,0.000057
bilstm_finetuned,clean,template,13,ctrl_structural+norm,bongo_0956,0,0.000026
bilstm_finetuned,clean,template,13,ctrl_structural+norm,bongo_0971,0,0.000032
bilstm_finetuned,clean,template,13,ctrl_structural+norm,bongo_0983,0,0.000107
bilstm_finetuned,clean,template,13,ctrl_structural+norm,bongo_0994,0,0.000232
bilstm_finetuned,clean,template,13,ctrl_structural+norm,bongo_1006,0,0.000036
bilstm_finetuned,clean,template,13,ctrl_structural+norm,bongo_1015,0,0.000015
bilstm_finetuned,clean,template,13,ctrl_structural+norm,bongo_1037,0,0.000096
bilstm_finetuned,clean,template,13,ctrl_structural+norm,bongo_1040,0,0.000043
bilstm_finetuned,clean,template,13,ctrl_structural+norm,bongo_1050,0,0.000028
bilstm_finetuned,clean,template,13,ctrl_structural+norm,bongo_1059,0,0.000026
bilstm_finetuned,clean,template,13,ctrl_structural+norm,bongo_1071,0,0.000035
bilstm_finetuned,clean,template,13,ctrl_structural+norm,bongo_1090,0,0.000025
bilstm_finetuned,clean,template,13,ctrl_structural+norm,bongo_1115,0,0.000010
bilstm_finetuned,clean,template,13,ctrl_structural+norm,bongo_1123,0,0.000034
bilstm_finetuned,clean,template,13,ctrl_structural+norm,bongo_1125,0,0.029231
bilstm_finetuned,clean,template,13,ctrl_structural+norm,bongo_1135,0,0.004074
bilstm_finetuned,clean,template,13,ctrl_structural+norm,bongo_1155,0,0.000029
bilstm_finetuned,clean,template,13,ctrl_structural+norm,bongo_1194,0,0.005171
bilstm_finetuned,clean,template,13,ctrl_structural+norm,bongo_1198,0,0.000707
bilstm_finetuned,clean,template,13,ctrl_structural+norm,bongo_1236,0,0.000051
bilstm_finetuned,clean,template,13,ctrl_structural+norm,bongo_1244,0,0.000028
bilstm_finetuned,clean,template,13,ctrl_structural+norm,bongo_1249,0,0.000010
bilstm_finetuned,clean,template,13,ctrl_structural+norm,bongo_1253,0,0.001473
bilstm_finetuned,clean,template,13,ctrl_structural+norm,bongo_1260,0,0.000033
bilstm_finetuned,clean,template,13,ctrl_structural+norm,bongo_1262,0,0.000053
bilstm_finetuned,clean,template,13,ctrl_structural+norm,bongo_1285,0,0.000028
bilstm_finetuned,clean,template,13,ctrl_structural+norm,bongo_1316,0,0.001581
bilstm_finetuned,clean,template,13,ctrl_structural+norm,bongo_1330,0,0.331216
bilstm_finetuned,clean,template,13,ctrl_structural+norm,bongo_1359,0,0.002810
bilstm_finetuned,clean,template,13,ctrl_structural+norm,bongo_1375,0,0.000134
bilstm_finetuned,clean,template,13,ctrl_codeswitch+norm,bongo_0029,0,0.035802
bilstm_finetuned,clean,template,13,ctrl_codeswitch+norm,bongo_0053,0,0.000088
bilstm_finetuned,clean,template,13,ctrl_codeswitch+norm,bongo_0097,0,0.000395
bilstm_finetuned,clean,template,13,ctrl_codeswitch+norm,bongo_0107,0,0.000020
bilstm_finetuned,clean,template,13,ctrl_codeswitch+norm,bongo_0110,0,0.000016
bilstm_finetuned,clean,template,13,ctrl_codeswitch+norm,bongo_0115,0,0.000408
bilstm_finetuned,clean,template,13,ctrl_codeswitch+norm,bongo_0143,0,0.000265
bilstm_finetuned,clean,template,13,ctrl_codeswitch+norm,bongo_0160,0,0.000027
bilstm_finetuned,clean,template,13,ctrl_codeswitch+norm,bongo_0172,0,0.608817
bilstm_finetuned,clean,template,13,ctrl_codeswitch+norm,bongo_0175,0,0.000026
bilstm_finetuned,clean,template,13,ctrl_codeswitch+norm,bongo_0182,0,0.000012
bilstm_finetuned,clean,template,13,ctrl_codeswitch+norm,bongo_0197,0,0.000040
bilstm_finetuned,clean,template,13,ctrl_codeswitch+norm,bongo_0253,0,0.000051
bilstm_finetuned,clean,template,13,ctrl_codeswitch+norm,bongo_0271,0,0.000036
bilstm_finetuned,clean,template,13,ctrl_codeswitch+norm,bongo_0300,0,0.000035
bilstm_finetuned,clean,template,13,ctrl_codeswitch+norm,bongo_0306,0,0.000050
bilstm_finetuned,clean,template,13,ctrl_codeswitch+norm,bongo_0363,0,0.000033
bilstm_finetuned,clean,template,13,ctrl_codeswitch+norm,bongo_0368,0,0.000218
bilstm_finetuned,clean,template,13,ctrl_codeswitch+norm,bongo_0372,0,0.000088
bilstm_finetuned,clean,template,13,ctrl_codeswitch+norm,bongo_0389,0,0.000031
bilstm_finetuned,clean,template,13,ctrl_codeswitch+norm,bongo_0395,0,0.000339
bilstm_finetuned,clean,template,13,ctrl_codeswitch+norm,bongo_0427,0,0.001607
bilstm_finetuned,clean,template,13,ctrl_codeswitch+norm,bongo_0463,0,0.000169
bilstm_finetuned,clean,template,13,ctrl_codeswitch+norm,bongo_0531,0,0.000109
bilstm_finetuned,clean,template,13,ctrl_codeswitch+norm,bongo_0542,0,0.000026
bilstm_finetuned,clean,template,13,ctrl_codeswitch+norm,bongo_0545,0,0.000028
bilstm_finetuned,clean,template,13,ctrl_codeswitch+norm,bongo_0571,0,0.000027
bilstm_finetuned,clean,template,13,ctrl_codeswitch+norm,bongo_0630,0,0.000108
bilstm_finetuned,clean,template,13,ctrl_codeswitch+norm,bongo_0648,0,0.009938
bilstm_finetuned,clean,template,13,ctrl_codeswitch+norm,bongo_0674,0,0.000020
bilstm_finetuned,clean,template,13,ctrl_codeswitch+norm,bongo_0685,0,0.120289
bilstm_finetuned,clean,template,13,ctrl_codeswitch+norm,bongo_0701,0,0.000028
bilstm_finetuned,clean,template,13,ctrl_codeswitch+norm,bongo_0741,0,0.000029
bilstm_finetuned,clean,template,13,ctrl_codeswitch+norm,bongo_0795,0,0.000439
bilstm_finetuned,clean,template,13,ctrl_codeswitch+norm,bongo_0818,0,0.002821
bilstm_finetuned,clean,template,13,ctrl_codeswitch+norm,bongo_0819,0,0.000108
bilstm_finetuned,clean,template,13,ctrl_codeswitch+norm,bongo_0835,0,0.000026
bilstm_finetuned,clean,template,13,ctrl_codeswitch+norm,bongo_0856,0,0.000056
bilstm_finetuned,clean,template,13,ctrl_codeswitch+norm,bongo_0872,0,0.002554
bilstm_finetuned,clean,template,13,ctrl_codeswitch+norm,bongo_0904,0,0.000309
bilstm_finetuned,clean,template,13,ctrl_codeswitch+norm,bongo_0950,0,0.000026
bilstm_finetuned,clean,template,13,ctrl_codeswitch+norm,bongo_0956,0,0.000026
bilstm_finetuned,clean,template,13,ctrl_codeswitch+norm,bongo_0971,0,0.000032
bilstm_finetuned,clean,template,13,ctrl_codeswitch+norm,bongo_0983,0,0.000073
bilstm_finetuned,clean,template,13,ctrl_codeswitch+norm,bongo_0994,0,0.000173
bilstm_finetuned,clean,template,13,ctrl_codeswitch+norm,bongo_1006,0,0.000036
bilstm_finetuned,clean,template,13,ctrl_codeswitch+norm,bongo_1015,0,0.000014
bilstm_finetuned,clean,template,13,ctrl_codeswitch+norm,bongo_1037,0,0.000044
bilstm_finetuned,clean,template,13,ctrl_codeswitch+norm,bongo_1040,0,0.000040
bilstm_finetuned,clean,template,13,ctrl_codeswitch+norm,bongo_1050,0,0.000028
bilstm_finetuned,clean,template,13,ctrl_codeswitch+norm,bongo_1059,0,0.000024
bilstm_finetuned,clean,template,13,ctrl_codeswitch+norm,bongo_1071,0,0.000033
bilstm_finetuned,clean,template,13,ctrl_codeswitch+norm,bongo_1090,0,0.000019
bilstm_finetuned,clean,template,13,ctrl_codeswitch+norm,bongo_1115,0,0.000009
bilstm_finetuned,clean,template,13,ctrl_codeswitch+norm,bongo_1123,0,0.000030
bilstm_finetuned,clean,template,13,ctrl_codeswitch+norm,bongo_1125,0,0.002881
bilstm_finetuned,clean,template,13,ctrl_codeswitch+norm,bongo_1135,0,0.004074
bilstm_finetuned,clean,template,13,ctrl_codeswitch+norm,bongo_1155,0,0.000029
bilstm_finetuned,clean,template,13,ctrl_codeswitch+norm,bongo_1194,0,0.000523
bilstm_finetuned,clean,template,13,ctrl_codeswitch+norm,bongo_1198,0,0.000074
bilstm_finetuned,clean,template,13,ctrl_codeswitch+norm,bongo_1236,0,0.000046
bilstm_finetuned,clean,template,13,ctrl_codeswitch+norm,bongo_1244,0,0.000029
bilstm_finetuned,clean,template,13,ctrl_codeswitch+norm,bongo_1249,0,0.000010
bilstm_finetuned,clean,template,13,ctrl_codeswitch+norm,bongo_1253,0,0.001516
bilstm_finetuned,clean,template,13,ctrl_codeswitch+norm,bongo_1260,0,0.000033
bilstm_finetuned,clean,template,13,ctrl_codeswitch+norm,bongo_1262,0,0.000053
bilstm_finetuned,clean,template,13,ctrl_codeswitch+norm,bongo_1285,0,0.000028
bilstm_finetuned,clean,template,13,ctrl_codeswitch+norm,bongo_1316,0,0.000063
bilstm_finetuned,clean,template,13,ctrl_codeswitch+norm,bongo_1330,0,0.050357
bilstm_finetuned,clean,template,13,ctrl_codeswitch+norm,bongo_1359,0,0.003396
bilstm_finetuned,clean,template,13,ctrl_codeswitch+norm,bongo_1375,0,0.000044
bilstm_finetuned,clean,template,13,stress_genuine+phone,bongo_0029,0,0.099649
bilstm_finetuned,clean,template,13,stress_genuine+phone,bongo_0053,0,0.000651
bilstm_finetuned,clean,template,13,stress_genuine+phone,bongo_0097,0,0.397313
bilstm_finetuned,clean,template,13,stress_genuine+phone,bongo_0107,0,0.000068
bilstm_finetuned,clean,template,13,stress_genuine+phone,bongo_0110,0,0.000052
bilstm_finetuned,clean,template,13,stress_genuine+phone,bongo_0115,0,0.000960
bilstm_finetuned,clean,template,13,stress_genuine+phone,bongo_0143,0,0.000931
bilstm_finetuned,clean,template,13,stress_genuine+phone,bongo_0160,0,0.000349
bilstm_finetuned,clean,template,13,stress_genuine+phone,bongo_0172,0,0.948265
bilstm_finetuned,clean,template,13,stress_genuine+phone,bongo_0175,0,0.885805
bilstm_finetuned,clean,template,13,stress_genuine+phone,bongo_0182,0,0.000038
bilstm_finetuned,clean,template,13,stress_genuine+phone,bongo_0197,0,0.929274
bilstm_finetuned,clean,template,13,stress_genuine+phone,bongo_0253,0,0.852479
bilstm_finetuned,clean,template,13,stress_genuine+phone,bongo_0271,0,0.927478
bilstm_finetuned,clean,template,13,stress_genuine+phone,bongo_0300,0,0.000163
bilstm_finetuned,clean,template,13,stress_genuine+phone,bongo_0306,0,0.408344
bilstm_finetuned,clean,template,13,stress_genuine+phone,bongo_0363,0,0.885819
bilstm_finetuned,clean,template,13,stress_genuine+phone,bongo_0368,0,0.015881
bilstm_finetuned,clean,template,13,stress_genuine+phone,bongo_0372,0,0.010659
bilstm_finetuned,clean,template,13,stress_genuine+phone,bongo_0389,0,0.000743
bilstm_finetuned,clean,template,13,stress_genuine+phone,bongo_0395,0,0.000535
bilstm_finetuned,clean,template,13,stress_genuine+phone,bongo_0427,0,0.992468
bilstm_finetuned,clean,template,13,stress_genuine+phone,bongo_0463,0,0.195222
bilstm_finetuned,clean,template,13,stress_genuine+phone,bongo_0531,0,0.071903
bilstm_finetuned,clean,template,13,stress_genuine+phone,bongo_0542,0,0.000063
bilstm_finetuned,clean,template,13,stress_genuine+phone,bongo_0545,0,0.000876
bilstm_finetuned,clean,template,13,stress_genuine+phone,bongo_0571,0,0.000067
bilstm_finetuned,clean,template,13,stress_genuine+phone,bongo_0630,0,0.004364
bilstm_finetuned,clean,template,13,stress_genuine+phone,bongo_0648,0,0.040043
bilstm_finetuned,clean,template,13,stress_genuine+phone,bongo_0674,0,0.000067
bilstm_finetuned,clean,template,13,stress_genuine+phone,bongo_0685,0,0.996613
bilstm_finetuned,clean,template,13,stress_genuine+phone,bongo_0701,0,0.917545
bilstm_finetuned,clean,template,13,stress_genuine+phone,bongo_0741,0,0.926181
bilstm_finetuned,clean,template,13,stress_genuine+phone,bongo_0795,0,0.485128
bilstm_finetuned,clean,template,13,stress_genuine+phone,bongo_0818,0,0.006004
bilstm_finetuned,clean,template,13,stress_genuine+phone,bongo_0819,0,0.017744
bilstm_finetuned,clean,template,13,stress_genuine+phone,bongo_0835,0,0.000070
bilstm_finetuned,clean,template,13,stress_genuine+phone,bongo_0856,0,0.317964
bilstm_finetuned,clean,template,13,stress_genuine+phone,bongo_0872,0,0.977292
bilstm_finetuned,clean,template,13,stress_genuine+phone,bongo_0904,0,0.958329
bilstm_finetuned,clean,template,13,stress_genuine+phone,bongo_0950,0,0.000089
bilstm_finetuned,clean,template,13,stress_genuine+phone,bongo_0956,0,0.918477
bilstm_finetuned,clean,template,13,stress_genuine+phone,bongo_0971,0,0.925593
bilstm_finetuned,clean,template,13,stress_genuine+phone,bongo_0983,0,0.229650
bilstm_finetuned,clean,template,13,stress_genuine+phone,bongo_0994,0,0.001573
bilstm_finetuned,clean,template,13,stress_genuine+phone,bongo_1006,0,0.933438
bilstm_finetuned,clean,template,13,stress_genuine+phone,bongo_1015,0,0.000038
bilstm_finetuned,clean,template,13,stress_genuine+phone,bongo_1037,0,0.000271
bilstm_finetuned,clean,template,13,stress_genuine+phone,bongo_1040,0,0.918856
bilstm_finetuned,clean,template,13,stress_genuine+phone,bongo_1050,0,0.906453
bilstm_finetuned,clean,template,13,stress_genuine+phone,bongo_1059,0,0.000062
bilstm_finetuned,clean,template,13,stress_genuine+phone,bongo_1071,0,0.000242
bilstm_finetuned,clean,template,13,stress_genuine+phone,bongo_1090,0,0.000063
bilstm_finetuned,clean,template,13,stress_genuine+phone,bongo_1115,0,0.000047
bilstm_finetuned,clean,template,13,stress_genuine+phone,bongo_1123,0,0.185701
bilstm_finetuned,clean,template,13,stress_genuine+phone,bongo_1125,0,0.007077
bilstm_finetuned,clean,template,13,stress_genuine+phone,bongo_1135,0,0.999649
bilstm_finetuned,clean,template,13,stress_genuine+phone,bongo_1155,0,0.000070
bilstm_finetuned,clean,template,13,stress_genuine+phone,bongo_1194,0,0.056562
bilstm_finetuned,clean,template,13,stress_genuine+phone,bongo_1198,0,0.008682
bilstm_finetuned,clean,template,13,stress_genuine+phone,bongo_1236,0,0.000277
bilstm_finetuned,clean,template,13,stress_genuine+phone,bongo_1244,0,0.909953
bilstm_finetuned,clean,template,13,stress_genuine+phone,bongo_1249,0,0.000031
bilstm_finetuned,clean,template,13,stress_genuine+phone,bongo_1253,0,0.998199
bilstm_finetuned,clean,template,13,stress_genuine+phone,bongo_1260,0,0.000347
bilstm_finetuned,clean,template,13,stress_genuine+phone,bongo_1262,0,0.942414
bilstm_finetuned,clean,template,13,stress_genuine+phone,bongo_1285,0,0.882321
bilstm_finetuned,clean,template,13,stress_genuine+phone,bongo_1316,0,0.000315
bilstm_finetuned,clean,template,13,stress_genuine+phone,bongo_1330,0,0.047255
bilstm_finetuned,clean,template,13,stress_genuine+phone,bongo_1359,0,0.008587
bilstm_finetuned,clean,template,13,stress_genuine+phone,bongo_1375,0,0.750733
bilstm_finetuned,clean,template,13,stress_genuine+amount,bongo_0029,0,0.027752
bilstm_finetuned,clean,template,13,stress_genuine+amount,bongo_0053,0,0.000247
bilstm_finetuned,clean,template,13,stress_genuine+amount,bongo_0097,0,0.004653
bilstm_finetuned,clean,template,13,stress_genuine+amount,bongo_0107,0,0.000057
bilstm_finetuned,clean,template,13,stress_genuine+amount,bongo_0110,0,0.000044
bilstm_finetuned,clean,template,13,stress_genuine+amount,bongo_0115,0,0.000610
bilstm_finetuned,clean,template,13,stress_genuine+amount,bongo_0143,0,0.000782
bilstm_finetuned,clean,template,13,stress_genuine+amount,bongo_0160,0,0.000056
bilstm_finetuned,clean,template,13,stress_genuine+amount,bongo_0172,0,0.938653
bilstm_finetuned,clean,template,13,stress_genuine+amount,bongo_0175,0,0.000045
bilstm_finetuned,clean,template,13,stress_genuine+amount,bongo_0182,0,0.000032
bilstm_finetuned,clean,template,13,stress_genuine+amount,bongo_0197,0,0.000083
bilstm_finetuned,clean,template,13,stress_genuine+amount,bongo_0253,0,0.000221
bilstm_finetuned,clean,template,13,stress_genuine+amount,bongo_0271,0,0.000117
bilstm_finetuned,clean,template,13,stress_genuine+amount,bongo_0300,0,0.000069
bilstm_finetuned,clean,template,13,stress_genuine+amount,bongo_0306,0,0.000266
bilstm_finetuned,clean,template,13,stress_genuine+amount,bongo_0363,0,0.000083
bilstm_finetuned,clean,template,13,stress_genuine+amount,bongo_0368,0,0.000617
bilstm_finetuned,clean,template,13,stress_genuine+amount,bongo_0372,0,0.000308
bilstm_finetuned,clean,template,13,stress_genuine+amount,bongo_0389,0,0.000056
bilstm_finetuned,clean,template,13,stress_genuine+amount,bongo_0395,0,0.000379
bilstm_finetuned,clean,template,13,stress_genuine+amount,bongo_0427,0,0.000791
bilstm_finetuned,clean,template,13,stress_genuine+amount,bongo_0463,0,0.003273
bilstm_finetuned,clean,template,13,stress_genuine+amount,bongo_0531,0,0.000832
bilstm_finetuned,clean,template,13,stress_genuine+amount,bongo_0542,0,0.000048
bilstm_finetuned,clean,template,13,stress_genuine+amount,bongo_0545,0,0.000052
bilstm_finetuned,clean,template,13,stress_genuine+amount,bongo_0571,0,0.000057
bilstm_finetuned,clean,template,13,stress_genuine+amount,bongo_0630,0,0.000449
bilstm_finetuned,clean,template,13,stress_genuine+amount,bongo_0648,0,0.010320
bilstm_finetuned,clean,template,13,stress_genuine+amount,bongo_0674,0,0.000056
bilstm_finetuned,clean,template,13,stress_genuine+amount,bongo_0685,0,0.153273
bilstm_finetuned,clean,template,13,stress_genuine+amount,bongo_0701,0,0.000054
bilstm_finetuned,clean,template,13,stress_genuine+amount,bongo_0741,0,0.000051
bilstm_finetuned,clean,template,13,stress_genuine+amount,bongo_0795,0,0.017987
bilstm_finetuned,clean,template,13,stress_genuine+amount,bongo_0818,0,0.002203
bilstm_finetuned,clean,template,13,stress_genuine+amount,bongo_0819,0,0.000491
bilstm_finetuned,clean,template,13,stress_genuine+amount,bongo_0835,0,0.000048
bilstm_finetuned,clean,template,13,stress_genuine+amount,bongo_0856,0,0.000248
bilstm_finetuned,clean,template,13,stress_genuine+amount,bongo_0872,0,0.880286
bilstm_finetuned,clean,template,13,stress_genuine+amount,bongo_0904,0,0.014175
bilstm_finetuned,clean,template,13,stress_genuine+amount,bongo_0950,0,0.000072
bilstm_finetuned,clean,template,13,stress_genuine+amount,bongo_0956,0,0.000047
bilstm_finetuned,clean,template,13,stress_genuine+amount,bongo_0971,0,0.000063
bilstm_finetuned,clean,template,13,stress_genuine+amount,bongo_0983,0,0.000416
bilstm_finetuned,clean,template,13,stress_genuine+amount,bongo_0994,0,0.000418
bilstm_finetuned,clean,template,13,stress_genuine+amount,bongo_1006,0,0.000065
bilstm_finetuned,clean,template,13,stress_genuine+amount,bongo_1015,0,0.000026
bilstm_finetuned,clean,template,13,stress_genuine+amount,bongo_1037,0,0.000098
bilstm_finetuned,clean,template,13,stress_genuine+amount,bongo_1040,0,0.000073
bilstm_finetuned,clean,template,13,stress_genuine+amount,bongo_1050,0,0.000050
bilstm_finetuned,clean,template,13,stress_genuine+amount,bongo_1059,0,0.000050
bilstm_finetuned,clean,template,13,stress_genuine+amount,bongo_1071,0,0.000059
bilstm_finetuned,clean,template,13,stress_genuine+amount,bongo_1090,0,0.000053
bilstm_finetuned,clean,template,13,stress_genuine+amount,bongo_1115,0,0.000017
bilstm_finetuned,clean,template,13,stress_genuine+amount,bongo_1123,0,0.000074
bilstm_finetuned,clean,template,13,stress_genuine+amount,bongo_1125,0,0.002572
bilstm_finetuned,clean,template,13,stress_genuine+amount,bongo_1135,0,0.011339
bilstm_finetuned,clean,template,13,stress_genuine+amount,bongo_1155,0,0.000053
bilstm_finetuned,clean,template,13,stress_genuine+amount,bongo_1194,0,0.004026
bilstm_finetuned,clean,template,13,stress_genuine+amount,bongo_1198,0,0.000327
bilstm_finetuned,clean,template,13,stress_genuine+amount,bongo_1236,0,0.000104
bilstm_finetuned,clean,template,13,stress_genuine+amount,bongo_1244,0,0.000798
bilstm_finetuned,clean,template,13,stress_genuine+amount,bongo_1249,0,0.000026
bilstm_finetuned,clean,template,13,stress_genuine+amount,bongo_1253,0,0.997639
bilstm_finetuned,clean,template,13,stress_genuine+amount,bongo_1260,0,0.000060
bilstm_finetuned,clean,template,13,stress_genuine+amount,bongo_1262,0,0.930643
bilstm_finetuned,clean,template,13,stress_genuine+amount,bongo_1285,0,0.000051
bilstm_finetuned,clean,template,13,stress_genuine+amount,bongo_1316,0,0.000147
bilstm_finetuned,clean,template,13,stress_genuine+amount,bongo_1330,0,0.022970
bilstm_finetuned,clean,template,13,stress_genuine+amount,bongo_1359,0,0.007082
bilstm_finetuned,clean,template,13,stress_genuine+amount,bongo_1375,0,0.000094
bilstm_finetuned,clean,template,13,stress_scam-number,bongo_0025,1,0.999989
bilstm_finetuned,clean,template,13,stress_scam-number,bongo_0039,1,0.999997
bilstm_finetuned,clean,template,13,stress_scam-number,bongo_0047,1,0.999993
bilstm_finetuned,clean,template,13,stress_scam-number,bongo_0061,1,0.004467
bilstm_finetuned,clean,template,13,stress_scam-number,bongo_0146,1,0.999988
bilstm_finetuned,clean,template,13,stress_scam-number,bongo_0154,1,0.999986
bilstm_finetuned,clean,template,13,stress_scam-number,bongo_0195,1,0.999959
bilstm_finetuned,clean,template,13,stress_scam-number,bongo_0201,1,0.999995
bilstm_finetuned,clean,template,13,stress_scam-number,bongo_0203,1,0.999989
bilstm_finetuned,clean,template,13,stress_scam-number,bongo_0360,1,0.999985
bilstm_finetuned,clean,template,13,stress_scam-number,bongo_0361,1,0.999988
bilstm_finetuned,clean,template,13,stress_scam-number,bongo_0405,1,0.999775
bilstm_finetuned,clean,template,13,stress_scam-number,bongo_0424,1,0.999995
bilstm_finetuned,clean,template,13,stress_scam-number,bongo_0476,1,0.999977
bilstm_finetuned,clean,template,13,stress_scam-number,bongo_0510,1,0.999991
bilstm_finetuned,clean,template,13,stress_scam-number,bongo_0566,1,0.999997
bilstm_finetuned,clean,template,13,stress_scam-number,bongo_0577,1,0.999806
bilstm_finetuned,clean,template,13,stress_scam-number,bongo_0580,1,0.999531
bilstm_finetuned,clean,template,13,stress_scam-number,bongo_0621,1,0.999410
bilstm_finetuned,clean,template,13,stress_scam-number,bongo_0624,1,0.999992
bilstm_finetuned,clean,template,13,stress_scam-number,bongo_0638,1,0.999994
bilstm_finetuned,clean,template,13,stress_scam-number,bongo_0721,1,0.999948
bilstm_finetuned,clean,template,13,stress_scam-number,bongo_0729,1,0.998898
bilstm_finetuned,clean,template,13,stress_scam-number,bongo_0769,1,0.999977
bilstm_finetuned,clean,template,13,stress_scam-number,bongo_0787,1,0.999985
bilstm_finetuned,clean,template,13,stress_scam-number,bongo_0807,1,0.999991
bilstm_finetuned,clean,template,13,stress_scam-number,bongo_0840,1,0.999985
bilstm_finetuned,clean,template,13,stress_scam-number,bongo_0864,1,0.999997
bilstm_finetuned,clean,template,13,stress_scam-number,bongo_0871,1,0.999992
bilstm_finetuned,clean,template,13,stress_scam-number,bongo_0905,1,0.999997
bilstm_finetuned,clean,template,13,stress_scam-number,bongo_0909,1,0.999510
bilstm_finetuned,clean,template,13,stress_scam-number,bongo_0918,1,0.999839
bilstm_finetuned,clean,template,13,stress_scam-number,bongo_0955,1,0.999994
bilstm_finetuned,clean,template,13,stress_scam-number,bongo_0989,1,0.999992
bilstm_finetuned,clean,template,13,stress_scam-number,bongo_1042,1,0.999812
bilstm_finetuned,clean,template,13,stress_scam-number,bongo_1047,1,0.999997
bilstm_finetuned,clean,template,13,stress_scam-number,bongo_1052,1,0.999991
bilstm_finetuned,clean,template,13,stress_scam-number,bongo_1104,1,0.999994
bilstm_finetuned,clean,template,13,stress_scam-number,bongo_1131,1,0.999991
bilstm_finetuned,clean,template,13,stress_scam-number,bongo_1136,1,0.999991
bilstm_finetuned,clean,template,13,stress_scam-number,bongo_1138,1,0.999997
bilstm_finetuned,clean,template,13,stress_scam-number,bongo_1140,1,0.999722
bilstm_finetuned,clean,template,13,stress_scam-number,bongo_1154,1,0.999989
bilstm_finetuned,clean,template,13,stress_scam-number,bongo_1171,1,0.999994
bilstm_finetuned,clean,template,13,stress_scam-number,bongo_1181,1,0.999726
bilstm_finetuned,clean,template,13,stress_scam-number,bongo_1220,1,0.999997
bilstm_finetuned,clean,template,13,stress_scam-number,bongo_1233,1,0.999997
bilstm_finetuned,clean,template,13,stress_scam-number,bongo_1293,1,0.999994
bilstm_finetuned,clean,template,13,valstress_genuine+phone,bongo_0008,0,0.859164
bilstm_finetuned,clean,template,13,valstress_genuine+phone,bongo_0033,0,0.925248
bilstm_finetuned,clean,template,13,valstress_genuine+phone,bongo_0063,0,0.781918
bilstm_finetuned,clean,template,13,valstress_genuine+phone,bongo_0065,0,0.026293
bilstm_finetuned,clean,template,13,valstress_genuine+phone,bongo_0076,0,0.906957
bilstm_finetuned,clean,template,13,valstress_genuine+phone,bongo_0081,0,0.056108
bilstm_finetuned,clean,template,13,valstress_genuine+phone,bongo_0095,0,0.000067
bilstm_finetuned,clean,template,13,valstress_genuine+phone,bongo_0105,0,0.000085
bilstm_finetuned,clean,template,13,valstress_genuine+phone,bongo_0111,0,0.928634
bilstm_finetuned,clean,template,13,valstress_genuine+phone,bongo_0121,0,0.057530
bilstm_finetuned,clean,template,13,valstress_genuine+phone,bongo_0127,0,0.000046
bilstm_finetuned,clean,template,13,valstress_genuine+phone,bongo_0145,0,0.932109
bilstm_finetuned,clean,template,13,valstress_genuine+phone,bongo_0148,0,0.883963
bilstm_finetuned,clean,template,13,valstress_genuine+phone,bongo_0186,0,0.000070
bilstm_finetuned,clean,template,13,valstress_genuine+phone,bongo_0191,0,0.922548
bilstm_finetuned,clean,template,13,valstress_genuine+phone,bongo_0264,0,0.002330
bilstm_finetuned,clean,template,13,valstress_genuine+phone,bongo_0275,0,0.636856
bilstm_finetuned,clean,template,13,valstress_genuine+phone,bongo_0393,0,0.884286
bilstm_finetuned,clean,template,13,valstress_genuine+phone,bongo_0410,0,0.000058
bilstm_finetuned,clean,template,13,valstress_genuine+phone,bongo_0411,0,0.000177
bilstm_finetuned,clean,template,13,valstress_genuine+phone,bongo_0426,0,0.909137
bilstm_finetuned,clean,template,13,valstress_genuine+phone,bongo_0430,0,0.984180
bilstm_finetuned,clean,template,13,valstress_genuine+phone,bongo_0495,0,0.008108
bilstm_finetuned,clean,template,13,valstress_genuine+phone,bongo_0548,0,0.000105
bilstm_finetuned,clean,template,13,valstress_genuine+phone,bongo_0561,0,0.077588
bilstm_finetuned,clean,template,13,valstress_genuine+phone,bongo_0563,0,0.000098
bilstm_finetuned,clean,template,13,valstress_genuine+phone,bongo_0581,0,0.000063
bilstm_finetuned,clean,template,13,valstress_genuine+phone,bongo_0593,0,0.910487
bilstm_finetuned,clean,template,13,valstress_genuine+phone,bongo_0607,0,0.024218
bilstm_finetuned,clean,template,13,valstress_genuine+phone,bongo_0610,0,0.000033
bilstm_finetuned,clean,template,13,valstress_genuine+phone,bongo_0634,0,0.000295
bilstm_finetuned,clean,template,13,valstress_genuine+phone,bongo_0643,0,0.000593
bilstm_finetuned,clean,template,13,valstress_genuine+phone,bongo_0672,0,0.086311
bilstm_finetuned,clean,template,13,valstress_genuine+phone,bongo_0681,0,0.929011
bilstm_finetuned,clean,template,13,valstress_genuine+phone,bongo_0693,0,0.000065
bilstm_finetuned,clean,template,13,valstress_genuine+phone,bongo_0694,0,0.004483
bilstm_finetuned,clean,template,13,valstress_genuine+phone,bongo_0726,0,0.781099
bilstm_finetuned,clean,template,13,valstress_genuine+phone,bongo_0742,0,0.922373
bilstm_finetuned,clean,template,13,valstress_genuine+phone,bongo_0752,0,0.662767
bilstm_finetuned,clean,template,13,valstress_genuine+phone,bongo_0754,0,0.000032
bilstm_finetuned,clean,template,13,valstress_genuine+phone,bongo_0805,0,0.924372
bilstm_finetuned,clean,template,13,valstress_genuine+phone,bongo_0809,0,0.000065
bilstm_finetuned,clean,template,13,valstress_genuine+phone,bongo_0833,0,0.946107
bilstm_finetuned,clean,template,13,valstress_genuine+phone,bongo_0919,0,0.913604
bilstm_finetuned,clean,template,13,valstress_genuine+phone,bongo_0922,0,0.084078
bilstm_finetuned,clean,template,13,valstress_genuine+phone,bongo_0973,0,0.476135
bilstm_finetuned,clean,template,13,valstress_genuine+phone,bongo_0988,0,0.857943
bilstm_finetuned,clean,template,13,valstress_genuine+phone,bongo_0992,0,0.811867
bilstm_finetuned,clean,template,13,valstress_genuine+phone,bongo_1039,0,0.000068
bilstm_finetuned,clean,template,13,valstress_genuine+phone,bongo_1044,0,0.000079
bilstm_finetuned,clean,template,13,valstress_genuine+phone,bongo_1082,0,0.014403
bilstm_finetuned,clean,template,13,valstress_genuine+phone,bongo_1099,0,0.010819
bilstm_finetuned,clean,template,13,valstress_genuine+phone,bongo_1108,0,0.929304
bilstm_finetuned,clean,template,13,valstress_genuine+phone,bongo_1109,0,0.570873
bilstm_finetuned,clean,template,13,valstress_genuine+phone,bongo_1120,0,0.000049
bilstm_finetuned,clean,template,13,valstress_genuine+phone,bongo_1124,0,0.889241
bilstm_finetuned,clean,template,13,valstress_genuine+phone,bongo_1145,0,0.254584
bilstm_finetuned,clean,template,13,valstress_genuine+phone,bongo_1153,0,0.000457
bilstm_finetuned,clean,template,13,valstress_genuine+phone,bongo_1161,0,0.012040
bilstm_finetuned,clean,template,13,valstress_genuine+phone,bongo_1162,0,0.011994
bilstm_finetuned,clean,template,13,valstress_genuine+phone,bongo_1212,0,0.919535
bilstm_finetuned,clean,template,13,valstress_genuine+phone,bongo_1216,0,0.005847
bilstm_finetuned,clean,template,13,valstress_genuine+phone,bongo_1265,0,0.946835
bilstm_finetuned,clean,template,13,valstress_genuine+phone,bongo_1272,0,0.029330
bilstm_finetuned,clean,template,13,valstress_genuine+phone,bongo_1275,0,0.907248
bilstm_finetuned,clean,template,13,valstress_genuine+phone,bongo_1296,0,0.000078
bilstm_finetuned,clean,template,13,valstress_genuine+phone,bongo_1328,0,0.018144
bilstm_finetuned,clean,template,13,valstress_genuine+phone,bongo_1335,0,0.070961
bilstm_finetuned,clean,template,13,valstress_genuine+phone,bongo_1341,0,0.000973
bilstm_finetuned,clean,template,13,valstress_genuine+phone,bongo_1349,0,0.594274
bilstm_finetuned,clean,template,13,valstress_genuine+phone,bongo_1360,0,0.000129
bilstm_finetuned,clean,template,13,valstress_genuine+amount,bongo_0008,0,0.000186
bilstm_finetuned,clean,template,13,valstress_genuine+amount,bongo_0033,0,0.000063
bilstm_finetuned,clean,template,13,valstress_genuine+amount,bongo_0063,0,0.000087
bilstm_finetuned,clean,template,13,valstress_genuine+amount,bongo_0065,0,0.000166
bilstm_finetuned,clean,template,13,valstress_genuine+amount,bongo_0076,0,0.000049
bilstm_finetuned,clean,template,13,valstress_genuine+amount,bongo_0081,0,0.000080
bilstm_finetuned,clean,template,13,valstress_genuine+amount,bongo_0095,0,0.000056
bilstm_finetuned,clean,template,13,valstress_genuine+amount,bongo_0105,0,0.000058
bilstm_finetuned,clean,template,13,valstress_genuine+amount,bongo_0111,0,0.911575
bilstm_finetuned,clean,template,13,valstress_genuine+amount,bongo_0121,0,0.000265
bilstm_finetuned,clean,template,13,valstress_genuine+amount,bongo_0127,0,0.000039
bilstm_finetuned,clean,template,13,valstress_genuine+amount,bongo_0145,0,0.000068
bilstm_finetuned,clean,template,13,valstress_genuine+amount,bongo_0148,0,0.339291
bilstm_finetuned,clean,template,13,valstress_genuine+amount,bongo_0186,0,0.000054
bilstm_finetuned,clean,template,13,valstress_genuine+amount,bongo_0191,0,0.000075
bilstm_finetuned,clean,template,13,valstress_genuine+amount,bongo_0264,0,0.000602
bilstm_finetuned,clean,template,13,valstress_genuine+amount,bongo_0275,0,0.000111
bilstm_finetuned,clean,template,13,valstress_genuine+amount,bongo_0393,0,0.000198
bilstm_finetuned,clean,template,13,valstress_genuine+amount,bongo_0410,0,0.000047
bilstm_finetuned,clean,template,13,valstress_genuine+amount,bongo_0411,0,0.000082
bilstm_finetuned,clean,template,13,valstress_genuine+amount,bongo_0426,0,0.000033
bilstm_finetuned,clean,template,13,valstress_genuine+amount,bongo_0430,0,0.980300
bilstm_finetuned,clean,template,13,valstress_genuine+amount,bongo_0495,0,0.001092
bilstm_finetuned,clean,template,13,valstress_genuine+amount,bongo_0548,0,0.000077
bilstm_finetuned,clean,template,13,valstress_genuine+amount,bongo_0561,0,0.009300
bilstm_finetuned,clean,template,13,valstress_genuine+amount,bongo_0563,0,0.000072
bilstm_finetuned,clean,template,13,valstress_genuine+amount,bongo_0581,0,0.000052
bilstm_finetuned,clean,template,13,valstress_genuine+amount,bongo_0593,0,0.000048
bilstm_finetuned,clean,template,13,valstress_genuine+amount,bongo_0607,0,0.000118
bilstm_finetuned,clean,template,13,valstress_genuine+amount,bongo_0610,0,0.000028
bilstm_finetuned,clean,template,13,valstress_genuine+amount,bongo_0634,0,0.000111
bilstm_finetuned,clean,template,13,valstress_genuine+amount,bongo_0643,0,0.000090
bilstm_finetuned,clean,template,13,valstress_genuine+amount,bongo_0672,0,0.001153
bilstm_finetuned,clean,template,13,valstress_genuine+amount,bongo_0681,0,0.000650
bilstm_finetuned,clean,template,13,valstress_genuine+amount,bongo_0693,0,0.000053
bilstm_finetuned,clean,template,13,valstress_genuine+amount,bongo_0694,0,0.001212
bilstm_finetuned,clean,template,13,valstress_genuine+amount,bongo_0726,0,0.009993
bilstm_finetuned,clean,template,13,valstress_genuine+amount,bongo_0742,0,0.000062
bilstm_finetuned,clean,template,13,valstress_genuine+amount,bongo_0752,0,0.000511
bilstm_finetuned,clean,template,13,valstress_genuine+amount,bongo_0754,0,0.000027
bilstm_finetuned,clean,template,13,valstress_genuine+amount,bongo_0805,0,0.000052
bilstm_finetuned,clean,template,13,valstress_genuine+amount,bongo_0809,0,0.000055
bilstm_finetuned,clean,template,13,valstress_genuine+amount,bongo_0833,0,0.917291
bilstm_finetuned,clean,template,13,valstress_genuine+amount,bongo_0919,0,0.000056
bilstm_finetuned,clean,template,13,valstress_genuine+amount,bongo_0922,0,0.000069
bilstm_finetuned,clean,template,13,valstress_genuine+amount,bongo_0973,0,0.000077
bilstm_finetuned,clean,template,13,valstress_genuine+amount,bongo_0988,0,0.000338
bilstm_finetuned,clean,template,13,valstress_genuine+amount,bongo_0992,0,0.008502
bilstm_finetuned,clean,template,13,valstress_genuine+amount,bongo_1039,0,0.000054
bilstm_finetuned,clean,template,13,valstress_genuine+amount,bongo_1044,0,0.000046
bilstm_finetuned,clean,template,13,valstress_genuine+amount,bongo_1082,0,0.005902
bilstm_finetuned,clean,template,13,valstress_genuine+amount,bongo_1099,0,0.001342
bilstm_finetuned,clean,template,13,valstress_genuine+amount,bongo_1108,0,0.000067
bilstm_finetuned,clean,template,13,valstress_genuine+amount,bongo_1109,0,0.000117
bilstm_finetuned,clean,template,13,valstress_genuine+amount,bongo_1120,0,0.000040
bilstm_finetuned,clean,template,13,valstress_genuine+amount,bongo_1124,0,0.000050
bilstm_finetuned,clean,template,13,valstress_genuine+amount,bongo_1145,0,0.000205
bilstm_finetuned,clean,template,13,valstress_genuine+amount,bongo_1153,0,0.000384
bilstm_finetuned,clean,template,13,valstress_genuine+amount,bongo_1161,0,0.000696
bilstm_finetuned,clean,template,13,valstress_genuine+amount,bongo_1162,0,0.005973
bilstm_finetuned,clean,template,13,valstress_genuine+amount,bongo_1212,0,0.000080
bilstm_finetuned,clean,template,13,valstress_genuine+amount,bongo_1216,0,0.001531
bilstm_finetuned,clean,template,13,valstress_genuine+amount,bongo_1265,0,0.016995
bilstm_finetuned,clean,template,13,valstress_genuine+amount,bongo_1272,0,0.000313
bilstm_finetuned,clean,template,13,valstress_genuine+amount,bongo_1275,0,0.000040
bilstm_finetuned,clean,template,13,valstress_genuine+amount,bongo_1296,0,0.000063
bilstm_finetuned,clean,template,13,valstress_genuine+amount,bongo_1328,0,0.000078
bilstm_finetuned,clean,template,13,valstress_genuine+amount,bongo_1335,0,0.033809
bilstm_finetuned,clean,template,13,valstress_genuine+amount,bongo_1341,0,0.000134
bilstm_finetuned,clean,template,13,valstress_genuine+amount,bongo_1349,0,0.000224
bilstm_finetuned,clean,template,13,valstress_genuine+amount,bongo_1360,0,0.000052
bilstm_finetuned,clean,template,13,valstress_scam-number,bongo_0004,1,0.999995
bilstm_finetuned,clean,template,13,valstress_scam-number,bongo_0031,1,0.999995
bilstm_finetuned,clean,template,13,valstress_scam-number,bongo_0036,1,0.999991
bilstm_finetuned,clean,template,13,valstress_scam-number,bongo_0046,1,0.999995
bilstm_finetuned,clean,template,13,valstress_scam-number,bongo_0052,1,0.999986
bilstm_finetuned,clean,template,13,valstress_scam-number,bongo_0057,1,0.999951
bilstm_finetuned,clean,template,13,valstress_scam-number,bongo_0088,1,0.999985
bilstm_finetuned,clean,template,13,valstress_scam-number,bongo_0089,1,0.999995
bilstm_finetuned,clean,template,13,valstress_scam-number,bongo_0101,1,0.999823
bilstm_finetuned,clean,template,13,valstress_scam-number,bongo_0102,1,0.999997
bilstm_finetuned,clean,template,13,valstress_scam-number,bongo_0120,1,0.999995
bilstm_finetuned,clean,template,13,valstress_scam-number,bongo_0210,1,0.999986
bilstm_finetuned,clean,template,13,valstress_scam-number,bongo_0226,1,0.999995
bilstm_finetuned,clean,template,13,valstress_scam-number,bongo_0228,1,0.999995
bilstm_finetuned,clean,template,13,valstress_scam-number,bongo_0235,1,0.999995
bilstm_finetuned,clean,template,13,valstress_scam-number,bongo_0243,1,0.999997
bilstm_finetuned,clean,template,13,valstress_scam-number,bongo_0247,1,0.999994
bilstm_finetuned,clean,template,13,valstress_scam-number,bongo_0248,1,0.999997
bilstm_finetuned,clean,template,13,valstress_scam-number,bongo_0278,1,0.999997
bilstm_finetuned,clean,template,13,valstress_scam-number,bongo_0312,1,0.999995
bilstm_finetuned,clean,template,13,valstress_scam-number,bongo_0315,1,0.999991
bilstm_finetuned,clean,template,13,valstress_scam-number,bongo_0319,1,0.999995
bilstm_finetuned,clean,template,13,valstress_scam-number,bongo_0353,1,0.999990
bilstm_finetuned,clean,template,13,valstress_scam-number,bongo_0370,1,0.999969
bilstm_finetuned,clean,template,13,valstress_scam-number,bongo_0377,1,0.999964
bilstm_finetuned,clean,template,13,valstress_scam-number,bongo_0403,1,0.999997
bilstm_finetuned,clean,template,13,valstress_scam-number,bongo_0438,1,0.999654
bilstm_finetuned,clean,template,13,valstress_scam-number,bongo_0451,1,0.999805
bilstm_finetuned,clean,template,13,valstress_scam-number,bongo_0455,1,0.999988
bilstm_finetuned,clean,template,13,valstress_scam-number,bongo_0466,1,0.999985
bilstm_finetuned,clean,template,13,valstress_scam-number,bongo_0499,1,0.999995
bilstm_finetuned,clean,template,13,valstress_scam-number,bongo_0502,1,0.999965
bilstm_finetuned,clean,template,13,valstress_scam-number,bongo_0556,1,0.999973
bilstm_finetuned,clean,template,13,valstress_scam-number,bongo_0557,1,0.999965
bilstm_finetuned,clean,template,13,valstress_scam-number,bongo_0570,1,0.999995
bilstm_finetuned,clean,template,13,valstress_scam-number,bongo_0587,1,0.999965
bilstm_finetuned,clean,template,13,valstress_scam-number,bongo_0632,1,0.999995
bilstm_finetuned,clean,template,13,valstress_scam-number,bongo_0637,1,0.999988
bilstm_finetuned,clean,template,13,valstress_scam-number,bongo_0666,1,0.999985
bilstm_finetuned,clean,template,13,valstress_scam-number,bongo_0680,1,0.999874
bilstm_finetuned,clean,template,13,valstress_scam-number,bongo_0698,1,0.999995
bilstm_finetuned,clean,template,13,valstress_scam-number,bongo_0762,1,0.999755
bilstm_finetuned,clean,template,13,valstress_scam-number,bongo_0764,1,0.999995
bilstm_finetuned,clean,template,13,valstress_scam-number,bongo_0788,1,0.999997
bilstm_finetuned,clean,template,13,valstress_scam-number,bongo_0811,1,0.999996
bilstm_finetuned,clean,template,13,valstress_scam-number,bongo_0823,1,0.999962
bilstm_finetuned,clean,template,13,valstress_scam-number,bongo_0827,1,0.999995
bilstm_finetuned,clean,template,13,valstress_scam-number,bongo_0844,1,0.999995
bilstm_finetuned,clean,template,13,valstress_scam-number,bongo_0869,1,0.999991
bilstm_finetuned,clean,template,13,valstress_scam-number,bongo_0880,1,0.999997
bilstm_finetuned,clean,template,13,valstress_scam-number,bongo_0886,1,0.999967
bilstm_finetuned,clean,template,13,valstress_scam-number,bongo_0911,1,0.999958
bilstm_finetuned,clean,template,13,valstress_scam-number,bongo_0921,1,0.999990
bilstm_finetuned,clean,template,13,valstress_scam-number,bongo_0923,1,0.999987
bilstm_finetuned,clean,template,13,valstress_scam-number,bongo_0943,1,0.999990
bilstm_finetuned,clean,template,13,valstress_scam-number,bongo_0948,1,0.999987
bilstm_finetuned,clean,template,13,valstress_scam-number,bongo_0949,1,0.999802
bilstm_finetuned,clean,template,13,valstress_scam-number,bongo_0959,1,0.999986
bilstm_finetuned,clean,template,13,valstress_scam-number,bongo_0961,1,0.999974
bilstm_finetuned,clean,template,13,valstress_scam-number,bongo_1001,1,0.999993
bilstm_finetuned,clean,template,13,valstress_scam-number,bongo_1028,1,0.999994
bilstm_finetuned,clean,template,13,valstress_scam-number,bongo_1101,1,0.999974
bilstm_finetuned,clean,template,13,valstress_scam-number,bongo_1130,1,0.999995
bilstm_finetuned,clean,template,13,valstress_scam-number,bongo_1132,1,0.999933
bilstm_finetuned,clean,template,13,valstress_scam-number,bongo_1137,1,0.999987
bilstm_finetuned,clean,template,13,valstress_scam-number,bongo_1163,1,0.999989
bilstm_finetuned,clean,template,13,valstress_scam-number,bongo_1166,1,0.999994
bilstm_finetuned,clean,template,13,valstress_scam-number,bongo_1197,1,0.975127
bilstm_finetuned,clean,template,13,valstress_scam-number,bongo_1203,1,0.999992
bilstm_finetuned,clean,template,13,valstress_scam-number,bongo_1213,1,0.999827
bilstm_finetuned,clean,template,13,valstress_scam-number,bongo_1247,1,0.999955
bilstm_finetuned,clean,template,13,valstress_scam-number,bongo_1251,1,0.999995
bilstm_finetuned,clean,template,13,valstress_scam-number,bongo_1257,1,0.999958
bilstm_finetuned,clean,template,13,valstress_scam-number,bongo_1258,1,0.999995
bilstm_finetuned,clean,template,13,valstress_scam-number,bongo_1299,1,0.999933
bilstm_finetuned,clean,template,13,valstress_scam-number,bongo_1307,1,0.999973
bilstm_finetuned,clean,template,13,ctrlall_lookalike,bongo_0029,0,0.001781
bilstm_finetuned,clean,template,13,ctrlall_lookalike,bongo_0053,0,0.009494
bilstm_finetuned,clean,template,13,ctrlall_lookalike,bongo_0097,0,0.000145
bilstm_finetuned,clean,template,13,ctrlall_lookalike,bongo_0107,0,0.009150
bilstm_finetuned,clean,template,13,ctrlall_lookalike,bongo_0110,0,0.000106
bilstm_finetuned,clean,template,13,ctrlall_lookalike,bongo_0115,0,0.004837
bilstm_finetuned,clean,template,13,ctrlall_lookalike,bongo_0143,0,0.005545
bilstm_finetuned,clean,template,13,ctrlall_lookalike,bongo_0160,0,0.347806
bilstm_finetuned,clean,template,13,ctrlall_lookalike,bongo_0172,0,0.999295
bilstm_finetuned,clean,template,13,ctrlall_lookalike,bongo_0175,0,0.791084
bilstm_finetuned,clean,template,13,ctrlall_lookalike,bongo_0182,0,0.003848
bilstm_finetuned,clean,template,13,ctrlall_lookalike,bongo_0197,0,0.182265
bilstm_finetuned,clean,template,13,ctrlall_lookalike,bongo_0253,0,0.020710
bilstm_finetuned,clean,template,13,ctrlall_lookalike,bongo_0271,0,0.010418
bilstm_finetuned,clean,template,13,ctrlall_lookalike,bongo_0300,0,0.001653
bilstm_finetuned,clean,template,13,ctrlall_lookalike,bongo_0306,0,0.003151
bilstm_finetuned,clean,template,13,ctrlall_lookalike,bongo_0363,0,0.004609
bilstm_finetuned,clean,template,13,ctrlall_lookalike,bongo_0368,0,0.002953
bilstm_finetuned,clean,template,13,ctrlall_lookalike,bongo_0372,0,0.001015
bilstm_finetuned,clean,template,13,ctrlall_lookalike,bongo_0389,0,0.012317
bilstm_finetuned,clean,template,13,ctrlall_lookalike,bongo_0395,0,0.000109
bilstm_finetuned,clean,template,13,ctrlall_lookalike,bongo_0427,0,0.010970
bilstm_finetuned,clean,template,13,ctrlall_lookalike,bongo_0463,0,0.020339
bilstm_finetuned,clean,template,13,ctrlall_lookalike,bongo_0531,0,0.001431
bilstm_finetuned,clean,template,13,ctrlall_lookalike,bongo_0542,0,0.025435
bilstm_finetuned,clean,template,13,ctrlall_lookalike,bongo_0545,0,0.008816
bilstm_finetuned,clean,template,13,ctrlall_lookalike,bongo_0571,0,0.348712
bilstm_finetuned,clean,template,13,ctrlall_lookalike,bongo_0630,0,0.001255
bilstm_finetuned,clean,template,13,ctrlall_lookalike,bongo_0648,0,0.011160
bilstm_finetuned,clean,template,13,ctrlall_lookalike,bongo_0674,0,0.008329
bilstm_finetuned,clean,template,13,ctrlall_lookalike,bongo_0685,0,0.001940
bilstm_finetuned,clean,template,13,ctrlall_lookalike,bongo_0701,0,0.006241
bilstm_finetuned,clean,template,13,ctrlall_lookalike,bongo_0741,0,0.009095
bilstm_finetuned,clean,template,13,ctrlall_lookalike,bongo_0795,0,0.999856
bilstm_finetuned,clean,template,13,ctrlall_lookalike,bongo_0818,0,0.001010
bilstm_finetuned,clean,template,13,ctrlall_lookalike,bongo_0819,0,0.002993
bilstm_finetuned,clean,template,13,ctrlall_lookalike,bongo_0835,0,0.006536
bilstm_finetuned,clean,template,13,ctrlall_lookalike,bongo_0856,0,0.008644
bilstm_finetuned,clean,template,13,ctrlall_lookalike,bongo_0872,0,0.000654
bilstm_finetuned,clean,template,13,ctrlall_lookalike,bongo_0904,0,0.003690
bilstm_finetuned,clean,template,13,ctrlall_lookalike,bongo_0950,0,0.001254
bilstm_finetuned,clean,template,13,ctrlall_lookalike,bongo_0956,0,0.020156
bilstm_finetuned,clean,template,13,ctrlall_lookalike,bongo_0971,0,0.015859
bilstm_finetuned,clean,template,13,ctrlall_lookalike,bongo_0983,0,0.003353
bilstm_finetuned,clean,template,13,ctrlall_lookalike,bongo_0994,0,0.001801
bilstm_finetuned,clean,template,13,ctrlall_lookalike,bongo_1006,0,0.025950
bilstm_finetuned,clean,template,13,ctrlall_lookalike,bongo_1015,0,0.495906
bilstm_finetuned,clean,template,13,ctrlall_lookalike,bongo_1037,0,0.003491
bilstm_finetuned,clean,template,13,ctrlall_lookalike,bongo_1040,0,0.067043
bilstm_finetuned,clean,template,13,ctrlall_lookalike,bongo_1050,0,0.010507
bilstm_finetuned,clean,template,13,ctrlall_lookalike,bongo_1059,0,0.447771
bilstm_finetuned,clean,template,13,ctrlall_lookalike,bongo_1071,0,0.009596
bilstm_finetuned,clean,template,13,ctrlall_lookalike,bongo_1090,0,0.001093
bilstm_finetuned,clean,template,13,ctrlall_lookalike,bongo_1115,0,0.359315
bilstm_finetuned,clean,template,13,ctrlall_lookalike,bongo_1123,0,0.000385
bilstm_finetuned,clean,template,13,ctrlall_lookalike,bongo_1125,0,0.046380
bilstm_finetuned,clean,template,13,ctrlall_lookalike,bongo_1135,0,0.006020
bilstm_finetuned,clean,template,13,ctrlall_lookalike,bongo_1155,0,0.009092
bilstm_finetuned,clean,template,13,ctrlall_lookalike,bongo_1194,0,0.000809
bilstm_finetuned,clean,template,13,ctrlall_lookalike,bongo_1198,0,0.001323
bilstm_finetuned,clean,template,13,ctrlall_lookalike,bongo_1236,0,0.001784
bilstm_finetuned,clean,template,13,ctrlall_lookalike,bongo_1244,0,0.064471
bilstm_finetuned,clean,template,13,ctrlall_lookalike,bongo_1249,0,0.006405
bilstm_finetuned,clean,template,13,ctrlall_lookalike,bongo_1253,0,0.096848
bilstm_finetuned,clean,template,13,ctrlall_lookalike,bongo_1260,0,0.011126
bilstm_finetuned,clean,template,13,ctrlall_lookalike,bongo_1262,0,0.999532
bilstm_finetuned,clean,template,13,ctrlall_lookalike,bongo_1285,0,0.008817
bilstm_finetuned,clean,template,13,ctrlall_lookalike,bongo_1316,0,0.000396
bilstm_finetuned,clean,template,13,ctrlall_lookalike,bongo_1330,0,0.014674
bilstm_finetuned,clean,template,13,ctrlall_lookalike,bongo_1359,0,0.009444
bilstm_finetuned,clean,template,13,ctrlall_lookalike,bongo_1375,0,0.003710
bilstm_finetuned,clean,template,13,ctrlall_structural,bongo_0029,0,0.999996
bilstm_finetuned,clean,template,13,ctrlall_structural,bongo_0053,0,0.693887
bilstm_finetuned,clean,template,13,ctrlall_structural,bongo_0097,0,0.648816
bilstm_finetuned,clean,template,13,ctrlall_structural,bongo_0107,0,0.497394
bilstm_finetuned,clean,template,13,ctrlall_structural,bongo_0110,0,0.415749
bilstm_finetuned,clean,template,13,ctrlall_structural,bongo_0115,0,0.724195
bilstm_finetuned,clean,template,13,ctrlall_structural,bongo_0143,0,0.999997
bilstm_finetuned,clean,template,13,ctrlall_structural,bongo_0160,0,0.597977
bilstm_finetuned,clean,template,13,ctrlall_structural,bongo_0172,0,0.999997
bilstm_finetuned,clean,template,13,ctrlall_structural,bongo_0175,0,0.999997
bilstm_finetuned,clean,template,13,ctrlall_structural,bongo_0182,0,0.348916
bilstm_finetuned,clean,template,13,ctrlall_structural,bongo_0197,0,0.426250
bilstm_finetuned,clean,template,13,ctrlall_structural,bongo_0253,0,0.999995
bilstm_finetuned,clean,template,13,ctrlall_structural,bongo_0271,0,0.999991
bilstm_finetuned,clean,template,13,ctrlall_structural,bongo_0300,0,0.999968
bilstm_finetuned,clean,template,13,ctrlall_structural,bongo_0306,0,0.999991
bilstm_finetuned,clean,template,13,ctrlall_structural,bongo_0363,0,0.999995
bilstm_finetuned,clean,template,13,ctrlall_structural,bongo_0368,0,0.674072
bilstm_finetuned,clean,template,13,ctrlall_structural,bongo_0372,0,0.999994
bilstm_finetuned,clean,template,13,ctrlall_structural,bongo_0389,0,0.999994
bilstm_finetuned,clean,template,13,ctrlall_structural,bongo_0395,0,0.520661
bilstm_finetuned,clean,template,13,ctrlall_structural,bongo_0427,0,0.999997
bilstm_finetuned,clean,template,13,ctrlall_structural,bongo_0463,0,0.999883
bilstm_finetuned,clean,template,13,ctrlall_structural,bongo_0531,0,0.971110
bilstm_finetuned,clean,template,13,ctrlall_structural,bongo_0542,0,0.685093
bilstm_finetuned,clean,template,13,ctrlall_structural,bongo_0545,0,0.999995
bilstm_finetuned,clean,template,13,ctrlall_structural,bongo_0571,0,0.496756
bilstm_finetuned,clean,template,13,ctrlall_structural,bongo_0630,0,0.999996
bilstm_finetuned,clean,template,13,ctrlall_structural,bongo_0648,0,0.999990
bilstm_finetuned,clean,template,13,ctrlall_structural,bongo_0674,0,0.529886
bilstm_finetuned,clean,template,13,ctrlall_structural,bongo_0685,0,0.999990
bilstm_finetuned,clean,template,13,ctrlall_structural,bongo_0701,0,0.999914
bilstm_finetuned,clean,template,13,ctrlall_structural,bongo_0741,0,0.999986
bilstm_finetuned,clean,template,13,ctrlall_structural,bongo_0795,0,0.999984
bilstm_finetuned,clean,template,13,ctrlall_structural,bongo_0818,0,0.999997
bilstm_finetuned,clean,template,13,ctrlall_structural,bongo_0819,0,0.999994
bilstm_finetuned,clean,template,13,ctrlall_structural,bongo_0835,0,0.999997
bilstm_finetuned,clean,template,13,ctrlall_structural,bongo_0856,0,0.999996
bilstm_finetuned,clean,template,13,ctrlall_structural,bongo_0872,0,0.565982
bilstm_finetuned,clean,template,13,ctrlall_structural,bongo_0904,0,0.999997
bilstm_finetuned,clean,template,13,ctrlall_structural,bongo_0950,0,0.524025
bilstm_finetuned,clean,template,13,ctrlall_structural,bongo_0956,0,0.999996
bilstm_finetuned,clean,template,13,ctrlall_structural,bongo_0971,0,0.999998
bilstm_finetuned,clean,template,13,ctrlall_structural,bongo_0983,0,0.999996
bilstm_finetuned,clean,template,13,ctrlall_structural,bongo_0994,0,0.999976
bilstm_finetuned,clean,template,13,ctrlall_structural,bongo_1006,0,0.999486
bilstm_finetuned,clean,template,13,ctrlall_structural,bongo_1015,0,0.999997
bilstm_finetuned,clean,template,13,ctrlall_structural,bongo_1037,0,0.701980
bilstm_finetuned,clean,template,13,ctrlall_structural,bongo_1040,0,0.634200
bilstm_finetuned,clean,template,13,ctrlall_structural,bongo_1050,0,0.664996
bilstm_finetuned,clean,template,13,ctrlall_structural,bongo_1059,0,0.571740
bilstm_finetuned,clean,template,13,ctrlall_structural,bongo_1071,0,0.999992
bilstm_finetuned,clean,template,13,ctrlall_structural,bongo_1090,0,0.530680
bilstm_finetuned,clean,template,13,ctrlall_structural,bongo_1115,0,0.999996
bilstm_finetuned,clean,template,13,ctrlall_structural,bongo_1123,0,0.999995
bilstm_finetuned,clean,template,13,ctrlall_structural,bongo_1125,0,0.999997
bilstm_finetuned,clean,template,13,ctrlall_structural,bongo_1135,0,0.999992
bilstm_finetuned,clean,template,13,ctrlall_structural,bongo_1155,0,0.999992
bilstm_finetuned,clean,template,13,ctrlall_structural,bongo_1194,0,0.999992
bilstm_finetuned,clean,template,13,ctrlall_structural,bongo_1198,0,0.999994
bilstm_finetuned,clean,template,13,ctrlall_structural,bongo_1236,0,0.287697
bilstm_finetuned,clean,template,13,ctrlall_structural,bongo_1244,0,0.660782
bilstm_finetuned,clean,template,13,ctrlall_structural,bongo_1249,0,0.999998
bilstm_finetuned,clean,template,13,ctrlall_structural,bongo_1253,0,0.999997
bilstm_finetuned,clean,template,13,ctrlall_structural,bongo_1260,0,0.612485
bilstm_finetuned,clean,template,13,ctrlall_structural,bongo_1262,0,0.999997
bilstm_finetuned,clean,template,13,ctrlall_structural,bongo_1285,0,0.999946
bilstm_finetuned,clean,template,13,ctrlall_structural,bongo_1316,0,0.166321
bilstm_finetuned,clean,template,13,ctrlall_structural,bongo_1330,0,0.709993
bilstm_finetuned,clean,template,13,ctrlall_structural,bongo_1359,0,0.999943
bilstm_finetuned,clean,template,13,ctrlall_structural,bongo_1375,0,0.999988
bilstm_finetuned,clean,template,13,ctrlall_codeswitch,bongo_0029,0,0.035802
bilstm_finetuned,clean,template,13,ctrlall_codeswitch,bongo_0053,0,0.000088
bilstm_finetuned,clean,template,13,ctrlall_codeswitch,bongo_0097,0,0.000395
bilstm_finetuned,clean,template,13,ctrlall_codeswitch,bongo_0107,0,0.000020
bilstm_finetuned,clean,template,13,ctrlall_codeswitch,bongo_0110,0,0.000016
bilstm_finetuned,clean,template,13,ctrlall_codeswitch,bongo_0115,0,0.000408
bilstm_finetuned,clean,template,13,ctrlall_codeswitch,bongo_0143,0,0.000265
bilstm_finetuned,clean,template,13,ctrlall_codeswitch,bongo_0160,0,0.000027
bilstm_finetuned,clean,template,13,ctrlall_codeswitch,bongo_0172,0,0.608817
bilstm_finetuned,clean,template,13,ctrlall_codeswitch,bongo_0175,0,0.000026
bilstm_finetuned,clean,template,13,ctrlall_codeswitch,bongo_0182,0,0.000012
bilstm_finetuned,clean,template,13,ctrlall_codeswitch,bongo_0197,0,0.000040
bilstm_finetuned,clean,template,13,ctrlall_codeswitch,bongo_0253,0,0.000051
bilstm_finetuned,clean,template,13,ctrlall_codeswitch,bongo_0271,0,0.000036
bilstm_finetuned,clean,template,13,ctrlall_codeswitch,bongo_0300,0,0.000035
bilstm_finetuned,clean,template,13,ctrlall_codeswitch,bongo_0306,0,0.000050
bilstm_finetuned,clean,template,13,ctrlall_codeswitch,bongo_0363,0,0.000033
bilstm_finetuned,clean,template,13,ctrlall_codeswitch,bongo_0368,0,0.000218
bilstm_finetuned,clean,template,13,ctrlall_codeswitch,bongo_0372,0,0.000088
bilstm_finetuned,clean,template,13,ctrlall_codeswitch,bongo_0389,0,0.000031
bilstm_finetuned,clean,template,13,ctrlall_codeswitch,bongo_0395,0,0.000339
bilstm_finetuned,clean,template,13,ctrlall_codeswitch,bongo_0427,0,0.001607
bilstm_finetuned,clean,template,13,ctrlall_codeswitch,bongo_0463,0,0.000169
bilstm_finetuned,clean,template,13,ctrlall_codeswitch,bongo_0531,0,0.000109
bilstm_finetuned,clean,template,13,ctrlall_codeswitch,bongo_0542,0,0.000026
bilstm_finetuned,clean,template,13,ctrlall_codeswitch,bongo_0545,0,0.000028
bilstm_finetuned,clean,template,13,ctrlall_codeswitch,bongo_0571,0,0.000027
bilstm_finetuned,clean,template,13,ctrlall_codeswitch,bongo_0630,0,0.000108
bilstm_finetuned,clean,template,13,ctrlall_codeswitch,bongo_0648,0,0.009938
bilstm_finetuned,clean,template,13,ctrlall_codeswitch,bongo_0674,0,0.000020
bilstm_finetuned,clean,template,13,ctrlall_codeswitch,bongo_0685,0,0.120289
bilstm_finetuned,clean,template,13,ctrlall_codeswitch,bongo_0701,0,0.000028
bilstm_finetuned,clean,template,13,ctrlall_codeswitch,bongo_0741,0,0.000029
bilstm_finetuned,clean,template,13,ctrlall_codeswitch,bongo_0795,0,0.000439
bilstm_finetuned,clean,template,13,ctrlall_codeswitch,bongo_0818,0,0.002821
bilstm_finetuned,clean,template,13,ctrlall_codeswitch,bongo_0819,0,0.000108
bilstm_finetuned,clean,template,13,ctrlall_codeswitch,bongo_0835,0,0.000026
bilstm_finetuned,clean,template,13,ctrlall_codeswitch,bongo_0856,0,0.000056
bilstm_finetuned,clean,template,13,ctrlall_codeswitch,bongo_0872,0,0.002554
bilstm_finetuned,clean,template,13,ctrlall_codeswitch,bongo_0904,0,0.000309
bilstm_finetuned,clean,template,13,ctrlall_codeswitch,bongo_0950,0,0.000026
bilstm_finetuned,clean,template,13,ctrlall_codeswitch,bongo_0956,0,0.000026
bilstm_finetuned,clean,template,13,ctrlall_codeswitch,bongo_0971,0,0.000032
bilstm_finetuned,clean,template,13,ctrlall_codeswitch,bongo_0983,0,0.000073
bilstm_finetuned,clean,template,13,ctrlall_codeswitch,bongo_0994,0,0.000173
bilstm_finetuned,clean,template,13,ctrlall_codeswitch,bongo_1006,0,0.000036
bilstm_finetuned,clean,template,13,ctrlall_codeswitch,bongo_1015,0,0.000014
bilstm_finetuned,clean,template,13,ctrlall_codeswitch,bongo_1037,0,0.000044
bilstm_finetuned,clean,template,13,ctrlall_codeswitch,bongo_1040,0,0.000040
bilstm_finetuned,clean,template,13,ctrlall_codeswitch,bongo_1050,0,0.000028
bilstm_finetuned,clean,template,13,ctrlall_codeswitch,bongo_1059,0,0.000024
bilstm_finetuned,clean,template,13,ctrlall_codeswitch,bongo_1071,0,0.000033
bilstm_finetuned,clean,template,13,ctrlall_codeswitch,bongo_1090,0,0.000019
bilstm_finetuned,clean,template,13,ctrlall_codeswitch,bongo_1115,0,0.000009
bilstm_finetuned,clean,template,13,ctrlall_codeswitch,bongo_1123,0,0.000030
bilstm_finetuned,clean,template,13,ctrlall_codeswitch,bongo_1125,0,0.002881
bilstm_finetuned,clean,template,13,ctrlall_codeswitch,bongo_1135,0,0.004074
bilstm_finetuned,clean,template,13,ctrlall_codeswitch,bongo_1155,0,0.000029
bilstm_finetuned,clean,template,13,ctrlall_codeswitch,bongo_1194,0,0.000523
bilstm_finetuned,clean,template,13,ctrlall_codeswitch,bongo_1198,0,0.000074
bilstm_finetuned,clean,template,13,ctrlall_codeswitch,bongo_1236,0,0.000046
bilstm_finetuned,clean,template,13,ctrlall_codeswitch,bongo_1244,0,0.000029
bilstm_finetuned,clean,template,13,ctrlall_codeswitch,bongo_1249,0,0.000010
bilstm_finetuned,clean,template,13,ctrlall_codeswitch,bongo_1253,0,0.001516
bilstm_finetuned,clean,template,13,ctrlall_codeswitch,bongo_1260,0,0.000033
bilstm_finetuned,clean,template,13,ctrlall_codeswitch,bongo_1262,0,0.000053
bilstm_finetuned,clean,template,13,ctrlall_codeswitch,bongo_1285,0,0.000028
bilstm_finetuned,clean,template,13,ctrlall_codeswitch,bongo_1316,0,0.000063
bilstm_finetuned,clean,template,13,ctrlall_codeswitch,bongo_1330,0,0.050357
bilstm_finetuned,clean,template,13,ctrlall_codeswitch,bongo_1359,0,0.003396
bilstm_finetuned,clean,template,13,ctrlall_codeswitch,bongo_1375,0,0.000044
bilstm_finetuned,clean,template,13,test_xatk_lookalike_all,bongo_0025,1,0.999990
bilstm_finetuned,clean,template,13,test_xatk_lookalike_all,bongo_0029,0,0.035802
bilstm_finetuned,clean,template,13,test_xatk_lookalike_all,bongo_0039,1,0.999874
bilstm_finetuned,clean,template,13,test_xatk_lookalike_all,bongo_0047,1,0.999992
bilstm_finetuned,clean,template,13,test_xatk_lookalike_all,bongo_0053,0,0.000113
bilstm_finetuned,clean,template,13,test_xatk_lookalike_all,bongo_0055,1,0.008503
bilstm_finetuned,clean,template,13,test_xatk_lookalike_all,bongo_0061,1,0.999741
bilstm_finetuned,clean,template,13,test_xatk_lookalike_all,bongo_0097,0,0.000291
bilstm_finetuned,clean,template,13,test_xatk_lookalike_all,bongo_0107,0,0.000020
bilstm_finetuned,clean,template,13,test_xatk_lookalike_all,bongo_0110,0,0.000016
bilstm_finetuned,clean,template,13,test_xatk_lookalike_all,bongo_0112,1,0.035953
bilstm_finetuned,clean,template,13,test_xatk_lookalike_all,bongo_0115,0,0.000232
bilstm_finetuned,clean,template,13,test_xatk_lookalike_all,bongo_0143,0,0.000265
bilstm_finetuned,clean,template,13,test_xatk_lookalike_all,bongo_0146,1,0.999990
bilstm_finetuned,clean,template,13,test_xatk_lookalike_all,bongo_0154,1,0.999990
bilstm_finetuned,clean,template,13,test_xatk_lookalike_all,bongo_0159,1,0.008803
bilstm_finetuned,clean,template,13,test_xatk_lookalike_all,bongo_0160,0,0.000027
bilstm_finetuned,clean,template,13,test_xatk_lookalike_all,bongo_0172,0,0.277720
bilstm_finetuned,clean,template,13,test_xatk_lookalike_all,bongo_0173,1,0.026100
bilstm_finetuned,clean,template,13,test_xatk_lookalike_all,bongo_0175,0,0.000026
bilstm_finetuned,clean,template,13,test_xatk_lookalike_all,bongo_0182,0,0.000012
bilstm_finetuned,clean,template,13,test_xatk_lookalike_all,bongo_0195,1,0.040142
bilstm_finetuned,clean,template,13,test_xatk_lookalike_all,bongo_0197,0,0.000040
bilstm_finetuned,clean,template,13,test_xatk_lookalike_all,bongo_0201,1,0.999659
bilstm_finetuned,clean,template,13,test_xatk_lookalike_all,bongo_0203,1,0.381723
bilstm_finetuned,clean,template,13,test_xatk_lookalike_all,bongo_0250,1,0.008742
bilstm_finetuned,clean,template,13,test_xatk_lookalike_all,bongo_0253,0,0.000051
bilstm_finetuned,clean,template,13,test_xatk_lookalike_all,bongo_0255,1,0.013527
bilstm_finetuned,clean,template,13,test_xatk_lookalike_all,bongo_0265,1,0.031244
bilstm_finetuned,clean,template,13,test_xatk_lookalike_all,bongo_0271,0,0.000036
bilstm_finetuned,clean,template,13,test_xatk_lookalike_all,bongo_0300,0,0.000035
bilstm_finetuned,clean,template,13,test_xatk_lookalike_all,bongo_0306,0,0.000050
bilstm_finetuned,clean,template,13,test_xatk_lookalike_all,bongo_0356,1,0.041234
bilstm_finetuned,clean,template,13,test_xatk_lookalike_all,bongo_0360,1,0.999985
bilstm_finetuned,clean,template,13,test_xatk_lookalike_all,bongo_0361,1,0.406339
bilstm_finetuned,clean,template,13,test_xatk_lookalike_all,bongo_0363,0,0.000033
bilstm_finetuned,clean,template,13,test_xatk_lookalike_all,bongo_0368,0,0.000159
bilstm_finetuned,clean,template,13,test_xatk_lookalike_all,bongo_0372,0,0.000088
bilstm_finetuned,clean,template,13,test_xatk_lookalike_all,bongo_0380,1,0.013214
bilstm_finetuned,clean,template,13,test_xatk_lookalike_all,bongo_0389,0,0.000031
bilstm_finetuned,clean,template,13,test_xatk_lookalike_all,bongo_0395,0,0.000339
bilstm_finetuned,clean,template,13,test_xatk_lookalike_all,bongo_0405,1,0.019775
bilstm_finetuned,clean,template,13,test_xatk_lookalike_all,bongo_0424,1,0.999988
bilstm_finetuned,clean,template,13,test_xatk_lookalike_all,bongo_0427,0,0.000374
bilstm_finetuned,clean,template,13,test_xatk_lookalike_all,bongo_0434,1,0.008850
bilstm_finetuned,clean,template,13,test_xatk_lookalike_all,bongo_0463,0,0.000264
bilstm_finetuned,clean,template,13,test_xatk_lookalike_all,bongo_0476,1,0.006345
bilstm_finetuned,clean,template,13,test_xatk_lookalike_all,bongo_0510,1,0.999870
bilstm_finetuned,clean,template,13,test_xatk_lookalike_all,bongo_0531,0,0.000109
bilstm_finetuned,clean,template,13,test_xatk_lookalike_all,bongo_0542,0,0.000026
bilstm_finetuned,clean,template,13,test_xatk_lookalike_all,bongo_0545,0,0.000028
bilstm_finetuned,clean,template,13,test_xatk_lookalike_all,bongo_0560,1,0.999944
bilstm_finetuned,clean,template,13,test_xatk_lookalike_all,bongo_0565,1,0.253779
bilstm_finetuned,clean,template,13,test_xatk_lookalike_all,bongo_0566,1,0.999997
bilstm_finetuned,clean,template,13,test_xatk_lookalike_all,bongo_0571,0,0.000027
bilstm_finetuned,clean,template,13,test_xatk_lookalike_all,bongo_0577,1,0.019676
bilstm_finetuned,clean,template,13,test_xatk_lookalike_all,bongo_0580,1,0.007843
bilstm_finetuned,clean,template,13,test_xatk_lookalike_all,bongo_0621,1,0.011740
bilstm_finetuned,clean,template,13,test_xatk_lookalike_all,bongo_0624,1,0.999994
bilstm_finetuned,clean,template,13,test_xatk_lookalike_all,bongo_0630,0,0.000108
bilstm_finetuned,clean,template,13,test_xatk_lookalike_all,bongo_0638,1,0.999990
bilstm_finetuned,clean,template,13,test_xatk_lookalike_all,bongo_0648,0,0.009938
bilstm_finetuned,clean,template,13,test_xatk_lookalike_all,bongo_0674,0,0.000020
bilstm_finetuned,clean,template,13,test_xatk_lookalike_all,bongo_0685,0,0.004694
bilstm_finetuned,clean,template,13,test_xatk_lookalike_all,bongo_0697,1,0.250961
bilstm_finetuned,clean,template,13,test_xatk_lookalike_all,bongo_0701,0,0.000028
bilstm_finetuned,clean,template,13,test_xatk_lookalike_all,bongo_0706,1,0.035281
bilstm_finetuned,clean,template,13,test_xatk_lookalike_all,bongo_0719,1,0.015341
bilstm_finetuned,clean,template,13,test_xatk_lookalike_all,bongo_0721,1,0.006958
bilstm_finetuned,clean,template,13,test_xatk_lookalike_all,bongo_0724,1,0.254512
bilstm_finetuned,clean,template,13,test_xatk_lookalike_all,bongo_0729,1,0.013076
bilstm_finetuned,clean,template,13,test_xatk_lookalike_all,bongo_0741,0,0.000029
bilstm_finetuned,clean,template,13,test_xatk_lookalike_all,bongo_0749,1,0.029103
bilstm_finetuned,clean,template,13,test_xatk_lookalike_all,bongo_0769,1,0.999988
bilstm_finetuned,clean,template,13,test_xatk_lookalike_all,bongo_0770,1,0.008480
bilstm_finetuned,clean,template,13,test_xatk_lookalike_all,bongo_0778,1,0.024743
bilstm_finetuned,clean,template,13,test_xatk_lookalike_all,bongo_0787,1,0.999985
bilstm_finetuned,clean,template,13,test_xatk_lookalike_all,bongo_0795,0,0.000439
bilstm_finetuned,clean,template,13,test_xatk_lookalike_all,bongo_0806,1,0.253559
bilstm_finetuned,clean,template,13,test_xatk_lookalike_all,bongo_0807,1,0.999798
bilstm_finetuned,clean,template,13,test_xatk_lookalike_all,bongo_0818,0,0.002821
bilstm_finetuned,clean,template,13,test_xatk_lookalike_all,bongo_0819,0,0.000108
bilstm_finetuned,clean,template,13,test_xatk_lookalike_all,bongo_0835,0,0.000026
bilstm_finetuned,clean,template,13,test_xatk_lookalike_all,bongo_0840,1,0.999985
bilstm_finetuned,clean,template,13,test_xatk_lookalike_all,bongo_0855,1,0.250344
bilstm_finetuned,clean,template,13,test_xatk_lookalike_all,bongo_0856,0,0.000056
bilstm_finetuned,clean,template,13,test_xatk_lookalike_all,bongo_0864,1,0.999997
bilstm_finetuned,clean,template,13,test_xatk_lookalike_all,bongo_0871,1,0.999996
bilstm_finetuned,clean,template,13,test_xatk_lookalike_all,bongo_0872,0,0.001564
bilstm_finetuned,clean,template,13,test_xatk_lookalike_all,bongo_0904,0,0.000228
bilstm_finetuned,clean,template,13,test_xatk_lookalike_all,bongo_0905,1,0.999925
bilstm_finetuned,clean,template,13,test_xatk_lookalike_all,bongo_0909,1,0.019937
bilstm_finetuned,clean,template,13,test_xatk_lookalike_all,bongo_0917,1,0.008431
bilstm_finetuned,clean,template,13,test_xatk_lookalike_all,bongo_0918,1,0.019923
bilstm_finetuned,clean,template,13,test_xatk_lookalike_all,bongo_0950,0,0.000026
bilstm_finetuned,clean,template,13,test_xatk_lookalike_all,bongo_0955,1,0.999213
bilstm_finetuned,clean,template,13,test_xatk_lookalike_all,bongo_0956,0,0.000026
bilstm_finetuned,clean,template,13,test_xatk_lookalike_all,bongo_0971,0,0.000032
bilstm_finetuned,clean,template,13,test_xatk_lookalike_all,bongo_0983,0,0.000073
bilstm_finetuned,clean,template,13,test_xatk_lookalike_all,bongo_0989,1,0.999996
bilstm_finetuned,clean,template,13,test_xatk_lookalike_all,bongo_0994,0,0.000127
bilstm_finetuned,clean,template,13,test_xatk_lookalike_all,bongo_1003,1,0.999944
bilstm_finetuned,clean,template,13,test_xatk_lookalike_all,bongo_1006,0,0.000036
bilstm_finetuned,clean,template,13,test_xatk_lookalike_all,bongo_1012,1,0.024928
bilstm_finetuned,clean,template,13,test_xatk_lookalike_all,bongo_1015,0,0.000014
bilstm_finetuned,clean,template,13,test_xatk_lookalike_all,bongo_1022,1,0.015381
bilstm_finetuned,clean,template,13,test_xatk_lookalike_all,bongo_1037,0,0.000044
bilstm_finetuned,clean,template,13,test_xatk_lookalike_all,bongo_1040,0,0.000040
bilstm_finetuned,clean,template,13,test_xatk_lookalike_all,bongo_1042,1,0.997767
bilstm_finetuned,clean,template,13,test_xatk_lookalike_all,bongo_1047,1,0.999877
bilstm_finetuned,clean,template,13,test_xatk_lookalike_all,bongo_1050,0,0.000028
bilstm_finetuned,clean,template,13,test_xatk_lookalike_all,bongo_1052,1,0.999991
bilstm_finetuned,clean,template,13,test_xatk_lookalike_all,bongo_1059,0,0.000024
bilstm_finetuned,clean,template,13,test_xatk_lookalike_all,bongo_1071,0,0.000033
bilstm_finetuned,clean,template,13,test_xatk_lookalike_all,bongo_1090,0,0.000019
bilstm_finetuned,clean,template,13,test_xatk_lookalike_all,bongo_1104,1,0.999996
bilstm_finetuned,clean,template,13,test_xatk_lookalike_all,bongo_1115,0,0.000009
bilstm_finetuned,clean,template,13,test_xatk_lookalike_all,bongo_1123,0,0.000030
bilstm_finetuned,clean,template,13,test_xatk_lookalike_all,bongo_1125,0,0.002881
bilstm_finetuned,clean,template,13,test_xatk_lookalike_all,bongo_1127,1,0.054468
bilstm_finetuned,clean,template,13,test_xatk_lookalike_all,bongo_1131,1,0.999972
bilstm_finetuned,clean,template,13,test_xatk_lookalike_all,bongo_1134,1,0.035438
bilstm_finetuned,clean,template,13,test_xatk_lookalike_all,bongo_1135,0,0.004074
bilstm_finetuned,clean,template,13,test_xatk_lookalike_all,bongo_1136,1,0.999992
bilstm_finetuned,clean,template,13,test_xatk_lookalike_all,bongo_1138,1,0.999970
bilstm_finetuned,clean,template,13,test_xatk_lookalike_all,bongo_1140,1,0.019802
bilstm_finetuned,clean,template,13,test_xatk_lookalike_all,bongo_1154,1,0.613175
bilstm_finetuned,clean,template,13,test_xatk_lookalike_all,bongo_1155,0,0.000029
bilstm_finetuned,clean,template,13,test_xatk_lookalike_all,bongo_1171,1,0.997995
bilstm_finetuned,clean,template,13,test_xatk_lookalike_all,bongo_1181,1,0.014357
bilstm_finetuned,clean,template,13,test_xatk_lookalike_all,bongo_1185,1,0.012998
bilstm_finetuned,clean,template,13,test_xatk_lookalike_all,bongo_1194,0,0.000523
bilstm_finetuned,clean,template,13,test_xatk_lookalike_all,bongo_1195,1,0.253952
bilstm_finetuned,clean,template,13,test_xatk_lookalike_all,bongo_1198,0,0.000074
bilstm_finetuned,clean,template,13,test_xatk_lookalike_all,bongo_1204,1,0.009668
bilstm_finetuned,clean,template,13,test_xatk_lookalike_all,bongo_1220,1,0.999997
bilstm_finetuned,clean,template,13,test_xatk_lookalike_all,bongo_1233,1,0.999997
bilstm_finetuned,clean,template,13,test_xatk_lookalike_all,bongo_1236,0,0.000046
bilstm_finetuned,clean,template,13,test_xatk_lookalike_all,bongo_1240,1,0.013738
bilstm_finetuned,clean,template,13,test_xatk_lookalike_all,bongo_1244,0,0.000028
bilstm_finetuned,clean,template,13,test_xatk_lookalike_all,bongo_1249,0,0.000010
bilstm_finetuned,clean,template,13,test_xatk_lookalike_all,bongo_1253,0,0.001516
bilstm_finetuned,clean,template,13,test_xatk_lookalike_all,bongo_1260,0,0.000033
bilstm_finetuned,clean,template,13,test_xatk_lookalike_all,bongo_1262,0,0.000053
bilstm_finetuned,clean,template,13,test_xatk_lookalike_all,bongo_1278,1,0.024842
bilstm_finetuned,clean,template,13,test_xatk_lookalike_all,bongo_1285,0,0.000028
bilstm_finetuned,clean,template,13,test_xatk_lookalike_all,bongo_1293,1,0.999994
bilstm_finetuned,clean,template,13,test_xatk_lookalike_all,bongo_1316,0,0.000063
bilstm_finetuned,clean,template,13,test_xatk_lookalike_all,bongo_1327,1,0.008520
bilstm_finetuned,clean,template,13,test_xatk_lookalike_all,bongo_1330,0,0.050357
bilstm_finetuned,clean,template,13,test_xatk_lookalike_all,bongo_1359,0,0.003190
bilstm_finetuned,clean,template,13,test_xatk_lookalike_all,bongo_1375,0,0.000044
bilstm_finetuned,clean,template,13,test_xatk_structural_all,bongo_0025,1,0.999990
bilstm_finetuned,clean,template,13,test_xatk_structural_all,bongo_0029,0,0.035802
bilstm_finetuned,clean,template,13,test_xatk_structural_all,bongo_0039,1,0.999997
bilstm_finetuned,clean,template,13,test_xatk_structural_all,bongo_0047,1,0.999992
bilstm_finetuned,clean,template,13,test_xatk_structural_all,bongo_0053,0,0.000113
bilstm_finetuned,clean,template,13,test_xatk_structural_all,bongo_0055,1,0.009893
bilstm_finetuned,clean,template,13,test_xatk_structural_all,bongo_0061,1,0.999933
bilstm_finetuned,clean,template,13,test_xatk_structural_all,bongo_0097,0,0.000291
bilstm_finetuned,clean,template,13,test_xatk_structural_all,bongo_0107,0,0.000020
bilstm_finetuned,clean,template,13,test_xatk_structural_all,bongo_0110,0,0.000016
bilstm_finetuned,clean,template,13,test_xatk_structural_all,bongo_0112,1,0.054136
bilstm_finetuned,clean,template,13,test_xatk_structural_all,bongo_0115,0,0.000232
bilstm_finetuned,clean,template,13,test_xatk_structural_all,bongo_0143,0,0.000265
bilstm_finetuned,clean,template,13,test_xatk_structural_all,bongo_0146,1,0.999990
bilstm_finetuned,clean,template,13,test_xatk_structural_all,bongo_0154,1,0.999990
bilstm_finetuned,clean,template,13,test_xatk_structural_all,bongo_0159,1,0.010412
bilstm_finetuned,clean,template,13,test_xatk_structural_all,bongo_0160,0,0.000027
bilstm_finetuned,clean,template,13,test_xatk_structural_all,bongo_0172,0,0.277720
bilstm_finetuned,clean,template,13,test_xatk_structural_all,bongo_0173,1,0.170200
bilstm_finetuned,clean,template,13,test_xatk_structural_all,bongo_0175,0,0.000026
bilstm_finetuned,clean,template,13,test_xatk_structural_all,bongo_0182,0,0.000012
bilstm_finetuned,clean,template,13,test_xatk_structural_all,bongo_0195,1,0.999989
bilstm_finetuned,clean,template,13,test_xatk_structural_all,bongo_0197,0,0.000040
bilstm_finetuned,clean,template,13,test_xatk_structural_all,bongo_0201,1,0.999997
bilstm_finetuned,clean,template,13,test_xatk_structural_all,bongo_0203,1,0.999997
bilstm_finetuned,clean,template,13,test_xatk_structural_all,bongo_0250,1,0.013000
bilstm_finetuned,clean,template,13,test_xatk_structural_all,bongo_0253,0,0.000051
bilstm_finetuned,clean,template,13,test_xatk_structural_all,bongo_0255,1,0.016966
bilstm_finetuned,clean,template,13,test_xatk_structural_all,bongo_0265,1,0.029550
bilstm_finetuned,clean,template,13,test_xatk_structural_all,bongo_0271,0,0.000036
bilstm_finetuned,clean,template,13,test_xatk_structural_all,bongo_0300,0,0.000035
bilstm_finetuned,clean,template,13,test_xatk_structural_all,bongo_0306,0,0.000050
bilstm_finetuned,clean,template,13,test_xatk_structural_all,bongo_0356,1,0.051379
bilstm_finetuned,clean,template,13,test_xatk_structural_all,bongo_0360,1,0.999985
bilstm_finetuned,clean,template,13,test_xatk_structural_all,bongo_0361,1,0.999995
bilstm_finetuned,clean,template,13,test_xatk_structural_all,bongo_0363,0,0.000033
bilstm_finetuned,clean,template,13,test_xatk_structural_all,bongo_0368,0,0.000159
bilstm_finetuned,clean,template,13,test_xatk_structural_all,bongo_0372,0,0.000088
bilstm_finetuned,clean,template,13,test_xatk_structural_all,bongo_0380,1,0.017359
bilstm_finetuned,clean,template,13,test_xatk_structural_all,bongo_0389,0,0.000031
bilstm_finetuned,clean,template,13,test_xatk_structural_all,bongo_0395,0,0.000339
bilstm_finetuned,clean,template,13,test_xatk_structural_all,bongo_0405,1,0.475668
bilstm_finetuned,clean,template,13,test_xatk_structural_all,bongo_0424,1,0.999995
bilstm_finetuned,clean,template,13,test_xatk_structural_all,bongo_0427,0,0.000374
bilstm_finetuned,clean,template,13,test_xatk_structural_all,bongo_0434,1,0.010336
bilstm_finetuned,clean,template,13,test_xatk_structural_all,bongo_0463,0,0.000264
bilstm_finetuned,clean,template,13,test_xatk_structural_all,bongo_0476,1,0.999992
bilstm_finetuned,clean,template,13,test_xatk_structural_all,bongo_0510,1,0.999997
bilstm_finetuned,clean,template,13,test_xatk_structural_all,bongo_0531,0,0.000109
bilstm_finetuned,clean,template,13,test_xatk_structural_all,bongo_0542,0,0.000026
bilstm_finetuned,clean,template,13,test_xatk_structural_all,bongo_0545,0,0.000028
bilstm_finetuned,clean,template,13,test_xatk_structural_all,bongo_0560,1,0.999944
bilstm_finetuned,clean,template,13,test_xatk_structural_all,bongo_0565,1,0.104371
bilstm_finetuned,clean,template,13,test_xatk_structural_all,bongo_0566,1,0.999997
bilstm_finetuned,clean,template,13,test_xatk_structural_all,bongo_0571,0,0.000027
bilstm_finetuned,clean,template,13,test_xatk_structural_all,bongo_0577,1,0.999994
bilstm_finetuned,clean,template,13,test_xatk_structural_all,bongo_0580,1,0.475032
bilstm_finetuned,clean,template,13,test_xatk_structural_all,bongo_0621,1,0.999989
bilstm_finetuned,clean,template,13,test_xatk_structural_all,bongo_0624,1,0.999997
bilstm_finetuned,clean,template,13,test_xatk_structural_all,bongo_0630,0,0.000108
bilstm_finetuned,clean,template,13,test_xatk_structural_all,bongo_0638,1,0.999994
bilstm_finetuned,clean,template,13,test_xatk_structural_all,bongo_0648,0,0.009938
bilstm_finetuned,clean,template,13,test_xatk_structural_all,bongo_0674,0,0.000020
bilstm_finetuned,clean,template,13,test_xatk_structural_all,bongo_0685,0,0.004694
bilstm_finetuned,clean,template,13,test_xatk_structural_all,bongo_0697,1,0.097878
bilstm_finetuned,clean,template,13,test_xatk_structural_all,bongo_0701,0,0.000028
bilstm_finetuned,clean,template,13,test_xatk_structural_all,bongo_0706,1,0.053697
bilstm_finetuned,clean,template,13,test_xatk_structural_all,bongo_0719,1,0.021001
bilstm_finetuned,clean,template,13,test_xatk_structural_all,bongo_0721,1,0.999988
bilstm_finetuned,clean,template,13,test_xatk_structural_all,bongo_0724,1,0.246191
bilstm_finetuned,clean,template,13,test_xatk_structural_all,bongo_0729,1,0.629157
bilstm_finetuned,clean,template,13,test_xatk_structural_all,bongo_0741,0,0.000029
bilstm_finetuned,clean,template,13,test_xatk_structural_all,bongo_0749,1,0.040052
bilstm_finetuned,clean,template,13,test_xatk_structural_all,bongo_0769,1,0.999997
bilstm_finetuned,clean,template,13,test_xatk_structural_all,bongo_0770,1,0.010970
bilstm_finetuned,clean,template,13,test_xatk_structural_all,bongo_0778,1,0.035655
bilstm_finetuned,clean,template,13,test_xatk_structural_all,bongo_0787,1,0.999985
bilstm_finetuned,clean,template,13,test_xatk_structural_all,bongo_0795,0,0.000439
bilstm_finetuned,clean,template,13,test_xatk_structural_all,bongo_0806,1,0.999979
bilstm_finetuned,clean,template,13,test_xatk_structural_all,bongo_0807,1,0.999997
bilstm_finetuned,clean,template,13,test_xatk_structural_all,bongo_0818,0,0.002821
bilstm_finetuned,clean,template,13,test_xatk_structural_all,bongo_0819,0,0.000108
bilstm_finetuned,clean,template,13,test_xatk_structural_all,bongo_0835,0,0.000026
bilstm_finetuned,clean,template,13,test_xatk_structural_all,bongo_0840,1,0.999985
bilstm_finetuned,clean,template,13,test_xatk_structural_all,bongo_0855,1,0.125915
bilstm_finetuned,clean,template,13,test_xatk_structural_all,bongo_0856,0,0.000056
bilstm_finetuned,clean,template,13,test_xatk_structural_all,bongo_0864,1,0.999997
bilstm_finetuned,clean,template,13,test_xatk_structural_all,bongo_0871,1,0.999997
bilstm_finetuned,clean,template,13,test_xatk_structural_all,bongo_0872,0,0.001564
bilstm_finetuned,clean,template,13,test_xatk_structural_all,bongo_0904,0,0.000228
bilstm_finetuned,clean,template,13,test_xatk_structural_all,bongo_0905,1,0.999998
bilstm_finetuned,clean,template,13,test_xatk_structural_all,bongo_0909,1,0.999996
bilstm_finetuned,clean,template,13,test_xatk_structural_all,bongo_0917,1,0.010461
bilstm_finetuned,clean,template,13,test_xatk_structural_all,bongo_0918,1,0.999996
bilstm_finetuned,clean,template,13,test_xatk_structural_all,bongo_0950,0,0.000026
bilstm_finetuned,clean,template,13,test_xatk_structural_all,bongo_0955,1,0.999997
bilstm_finetuned,clean,template,13,test_xatk_structural_all,bongo_0956,0,0.000026
bilstm_finetuned,clean,template,13,test_xatk_structural_all,bongo_0971,0,0.000032
bilstm_finetuned,clean,template,13,test_xatk_structural_all,bongo_0983,0,0.000073
bilstm_finetuned,clean,template,13,test_xatk_structural_all,bongo_0989,1,0.999997
bilstm_finetuned,clean,template,13,test_xatk_structural_all,bongo_0994,0,0.000127
bilstm_finetuned,clean,template,13,test_xatk_structural_all,bongo_1003,1,0.999944
bilstm_finetuned,clean,template,13,test_xatk_structural_all,bongo_1006,0,0.000036
bilstm_finetuned,clean,template,13,test_xatk_structural_all,bongo_1012,1,0.066457
bilstm_finetuned,clean,template,13,test_xatk_structural_all,bongo_1015,0,0.000014
bilstm_finetuned,clean,template,13,test_xatk_structural_all,bongo_1022,1,0.039760
bilstm_finetuned,clean,template,13,test_xatk_structural_all,bongo_1037,0,0.000044
bilstm_finetuned,clean,template,13,test_xatk_structural_all,bongo_1040,0,0.000040
bilstm_finetuned,clean,template,13,test_xatk_structural_all,bongo_1042,1,0.999996
bilstm_finetuned,clean,template,13,test_xatk_structural_all,bongo_1047,1,0.999996
bilstm_finetuned,clean,template,13,test_xatk_structural_all,bongo_1050,0,0.000028
bilstm_finetuned,clean,template,13,test_xatk_structural_all,bongo_1052,1,0.999997
bilstm_finetuned,clean,template,13,test_xatk_structural_all,bongo_1059,0,0.000024
bilstm_finetuned,clean,template,13,test_xatk_structural_all,bongo_1071,0,0.000033
bilstm_finetuned,clean,template,13,test_xatk_structural_all,bongo_1090,0,0.000019
bilstm_finetuned,clean,template,13,test_xatk_structural_all,bongo_1104,1,0.999997
bilstm_finetuned,clean,template,13,test_xatk_structural_all,bongo_1115,0,0.000009
bilstm_finetuned,clean,template,13,test_xatk_structural_all,bongo_1123,0,0.000030
bilstm_finetuned,clean,template,13,test_xatk_structural_all,bongo_1125,0,0.002881
bilstm_finetuned,clean,template,13,test_xatk_structural_all,bongo_1127,1,0.181892
bilstm_finetuned,clean,template,13,test_xatk_structural_all,bongo_1131,1,0.999994
bilstm_finetuned,clean,template,13,test_xatk_structural_all,bongo_1134,1,0.051284
bilstm_finetuned,clean,template,13,test_xatk_structural_all,bongo_1135,0,0.004074
bilstm_finetuned,clean,template,13,test_xatk_structural_all,bongo_1136,1,0.999992
bilstm_finetuned,clean,template,13,test_xatk_structural_all,bongo_1138,1,0.999998
bilstm_finetuned,clean,template,13,test_xatk_structural_all,bongo_1140,1,0.766406
bilstm_finetuned,clean,template,13,test_xatk_structural_all,bongo_1154,1,0.999990
bilstm_finetuned,clean,template,13,test_xatk_structural_all,bongo_1155,0,0.000029
bilstm_finetuned,clean,template,13,test_xatk_structural_all,bongo_1171,1,0.999997
bilstm_finetuned,clean,template,13,test_xatk_structural_all,bongo_1181,1,0.449335
bilstm_finetuned,clean,template,13,test_xatk_structural_all,bongo_1185,1,0.019748
bilstm_finetuned,clean,template,13,test_xatk_structural_all,bongo_1194,0,0.000523
bilstm_finetuned,clean,template,13,test_xatk_structural_all,bongo_1195,1,0.099048
bilstm_finetuned,clean,template,13,test_xatk_structural_all,bongo_1198,0,0.000074
bilstm_finetuned,clean,template,13,test_xatk_structural_all,bongo_1204,1,0.012295
bilstm_finetuned,clean,template,13,test_xatk_structural_all,bongo_1220,1,0.999997
bilstm_finetuned,clean,template,13,test_xatk_structural_all,bongo_1233,1,0.999997
bilstm_finetuned,clean,template,13,test_xatk_structural_all,bongo_1236,0,0.000046
bilstm_finetuned,clean,template,13,test_xatk_structural_all,bongo_1240,1,0.014655
bilstm_finetuned,clean,template,13,test_xatk_structural_all,bongo_1244,0,0.000028
bilstm_finetuned,clean,template,13,test_xatk_structural_all,bongo_1249,0,0.000010
bilstm_finetuned,clean,template,13,test_xatk_structural_all,bongo_1253,0,0.001516
bilstm_finetuned,clean,template,13,test_xatk_structural_all,bongo_1260,0,0.000033
bilstm_finetuned,clean,template,13,test_xatk_structural_all,bongo_1262,0,0.000053
bilstm_finetuned,clean,template,13,test_xatk_structural_all,bongo_1278,1,0.036680
bilstm_finetuned,clean,template,13,test_xatk_structural_all,bongo_1285,0,0.000028
bilstm_finetuned,clean,template,13,test_xatk_structural_all,bongo_1293,1,0.999994
bilstm_finetuned,clean,template,13,test_xatk_structural_all,bongo_1316,0,0.000063
bilstm_finetuned,clean,template,13,test_xatk_structural_all,bongo_1327,1,0.012667
bilstm_finetuned,clean,template,13,test_xatk_structural_all,bongo_1330,0,0.050357
bilstm_finetuned,clean,template,13,test_xatk_structural_all,bongo_1359,0,0.003190
bilstm_finetuned,clean,template,13,test_xatk_structural_all,bongo_1375,0,0.000044
bilstm_finetuned,clean,template,13,test_xatk_codeswitch_all,bongo_0025,1,0.999988
bilstm_finetuned,clean,template,13,test_xatk_codeswitch_all,bongo_0029,0,0.035802
bilstm_finetuned,clean,template,13,test_xatk_codeswitch_all,bongo_0039,1,0.997296
bilstm_finetuned,clean,template,13,test_xatk_codeswitch_all,bongo_0047,1,0.999992
bilstm_finetuned,clean,template,13,test_xatk_codeswitch_all,bongo_0053,0,0.000113
bilstm_finetuned,clean,template,13,test_xatk_codeswitch_all,bongo_0055,1,0.004640
bilstm_finetuned,clean,template,13,test_xatk_codeswitch_all,bongo_0061,1,0.999337
bilstm_finetuned,clean,template,13,test_xatk_codeswitch_all,bongo_0097,0,0.000291
bilstm_finetuned,clean,template,13,test_xatk_codeswitch_all,bongo_0107,0,0.000020
bilstm_finetuned,clean,template,13,test_xatk_codeswitch_all,bongo_0110,0,0.000016
bilstm_finetuned,clean,template,13,test_xatk_codeswitch_all,bongo_0112,1,0.020687
bilstm_finetuned,clean,template,13,test_xatk_codeswitch_all,bongo_0115,0,0.000232
bilstm_finetuned,clean,template,13,test_xatk_codeswitch_all,bongo_0143,0,0.000265
bilstm_finetuned,clean,template,13,test_xatk_codeswitch_all,bongo_0146,1,0.977144
bilstm_finetuned,clean,template,13,test_xatk_codeswitch_all,bongo_0154,1,0.999990
bilstm_finetuned,clean,template,13,test_xatk_codeswitch_all,bongo_0159,1,0.004640
bilstm_finetuned,clean,template,13,test_xatk_codeswitch_all,bongo_0160,0,0.000027
bilstm_finetuned,clean,template,13,test_xatk_codeswitch_all,bongo_0172,0,0.277720
bilstm_finetuned,clean,template,13,test_xatk_codeswitch_all,bongo_0173,1,0.005830
bilstm_finetuned,clean,template,13,test_xatk_codeswitch_all,bongo_0175,0,0.000026
bilstm_finetuned,clean,template,13,test_xatk_codeswitch_all,bongo_0182,0,0.000012
bilstm_finetuned,clean,template,13,test_xatk_codeswitch_all,bongo_0195,1,0.991584
bilstm_finetuned,clean,template,13,test_xatk_codeswitch_all,bongo_0197,0,0.000040
bilstm_finetuned,clean,template,13,test_xatk_codeswitch_all,bongo_0201,1,0.999991
bilstm_finetuned,clean,template,13,test_xatk_codeswitch_all,bongo_0203,1,0.999982
bilstm_finetuned,clean,template,13,test_xatk_codeswitch_all,bongo_0250,1,0.004640
bilstm_finetuned,clean,template,13,test_xatk_codeswitch_all,bongo_0253,0,0.000051
bilstm_finetuned,clean,template,13,test_xatk_codeswitch_all,bongo_0255,1,0.007925
bilstm_finetuned,clean,template,13,test_xatk_codeswitch_all,bongo_0265,1,0.005890
bilstm_finetuned,clean,template,13,test_xatk_codeswitch_all,bongo_0271,0,0.000036
bilstm_finetuned,clean,template,13,test_xatk_codeswitch_all,bongo_0300,0,0.000035
bilstm_finetuned,clean,template,13,test_xatk_codeswitch_all,bongo_0306,0,0.000050
bilstm_finetuned,clean,template,13,test_xatk_codeswitch_all,bongo_0356,1,0.020680
bilstm_finetuned,clean,template,13,test_xatk_codeswitch_all,bongo_0360,1,0.999022
bilstm_finetuned,clean,template,13,test_xatk_codeswitch_all,bongo_0361,1,0.999982
bilstm_finetuned,clean,template,13,test_xatk_codeswitch_all,bongo_0363,0,0.000033
bilstm_finetuned,clean,template,13,test_xatk_codeswitch_all,bongo_0368,0,0.000159
bilstm_finetuned,clean,template,13,test_xatk_codeswitch_all,bongo_0372,0,0.000088
bilstm_finetuned,clean,template,13,test_xatk_codeswitch_all,bongo_0380,1,0.007819
bilstm_finetuned,clean,template,13,test_xatk_codeswitch_all,bongo_0389,0,0.000031
bilstm_finetuned,clean,template,13,test_xatk_codeswitch_all,bongo_0395,0,0.000339
bilstm_finetuned,clean,template,13,test_xatk_codeswitch_all,bongo_0405,1,0.999987
bilstm_finetuned,clean,template,13,test_xatk_codeswitch_all,bongo_0424,1,0.999991
bilstm_finetuned,clean,template,13,test_xatk_codeswitch_all,bongo_0427,0,0.000374
bilstm_finetuned,clean,template,13,test_xatk_codeswitch_all,bongo_0434,1,0.004640
bilstm_finetuned,clean,template,13,test_xatk_codeswitch_all,bongo_0463,0,0.000264
bilstm_finetuned,clean,template,13,test_xatk_codeswitch_all,bongo_0476,1,0.993799
bilstm_finetuned,clean,template,13,test_xatk_codeswitch_all,bongo_0510,1,0.999997
bilstm_finetuned,clean,template,13,test_xatk_codeswitch_all,bongo_0531,0,0.000109
bilstm_finetuned,clean,template,13,test_xatk_codeswitch_all,bongo_0542,0,0.000026
bilstm_finetuned,clean,template,13,test_xatk_codeswitch_all,bongo_0545,0,0.000028
bilstm_finetuned,clean,template,13,test_xatk_codeswitch_all,bongo_0560,1,0.999945
bilstm_finetuned,clean,template,13,test_xatk_codeswitch_all,bongo_0565,1,0.055835
bilstm_finetuned,clean,template,13,test_xatk_codeswitch_all,bongo_0566,1,0.994045
bilstm_finetuned,clean,template,13,test_xatk_codeswitch_all,bongo_0571,0,0.000027
bilstm_finetuned,clean,template,13,test_xatk_codeswitch_all,bongo_0577,1,0.999985
bilstm_finetuned,clean,template,13,test_xatk_codeswitch_all,bongo_0580,1,0.988349
bilstm_finetuned,clean,template,13,test_xatk_codeswitch_all,bongo_0621,1,0.999754
bilstm_finetuned,clean,template,13,test_xatk_codeswitch_all,bongo_0624,1,0.999401
bilstm_finetuned,clean,template,13,test_xatk_codeswitch_all,bongo_0630,0,0.000108
bilstm_finetuned,clean,template,13,test_xatk_codeswitch_all,bongo_0638,1,0.987344
bilstm_finetuned,clean,template,13,test_xatk_codeswitch_all,bongo_0648,0,0.009938
bilstm_finetuned,clean,template,13,test_xatk_codeswitch_all,bongo_0674,0,0.000020
bilstm_finetuned,clean,template,13,test_xatk_codeswitch_all,bongo_0685,0,0.004694
bilstm_finetuned,clean,template,13,test_xatk_codeswitch_all,bongo_0697,1,0.055835
bilstm_finetuned,clean,template,13,test_xatk_codeswitch_all,bongo_0701,0,0.000028
bilstm_finetuned,clean,template,13,test_xatk_codeswitch_all,bongo_0706,1,0.020681
bilstm_finetuned,clean,template,13,test_xatk_codeswitch_all,bongo_0719,1,0.007796
bilstm_finetuned,clean,template,13,test_xatk_codeswitch_all,bongo_0721,1,0.483249
bilstm_finetuned,clean,template,13,test_xatk_codeswitch_all,bongo_0724,1,0.056305
bilstm_finetuned,clean,template,13,test_xatk_codeswitch_all,bongo_0729,1,0.987152
bilstm_finetuned,clean,template,13,test_xatk_codeswitch_all,bongo_0741,0,0.000029
bilstm_finetuned,clean,template,13,test_xatk_codeswitch_all,bongo_0749,1,0.014222
bilstm_finetuned,clean,template,13,test_xatk_codeswitch_all,bongo_0769,1,0.999886
bilstm_finetuned,clean,template,13,test_xatk_codeswitch_all,bongo_0770,1,0.004640
bilstm_finetuned,clean,template,13,test_xatk_codeswitch_all,bongo_0778,1,0.014223
bilstm_finetuned,clean,template,13,test_xatk_codeswitch_all,bongo_0787,1,0.999024
bilstm_finetuned,clean,template,13,test_xatk_codeswitch_all,bongo_0795,0,0.000439
bilstm_finetuned,clean,template,13,test_xatk_codeswitch_all,bongo_0806,1,0.056305
bilstm_finetuned,clean,template,13,test_xatk_codeswitch_all,bongo_0807,1,0.999996
bilstm_finetuned,clean,template,13,test_xatk_codeswitch_all,bongo_0818,0,0.002821
bilstm_finetuned,clean,template,13,test_xatk_codeswitch_all,bongo_0819,0,0.000108
bilstm_finetuned,clean,template,13,test_xatk_codeswitch_all,bongo_0835,0,0.000026
bilstm_finetuned,clean,template,13,test_xatk_codeswitch_all,bongo_0840,1,0.999017
bilstm_finetuned,clean,template,13,test_xatk_codeswitch_all,bongo_0855,1,0.055808
bilstm_finetuned,clean,template,13,test_xatk_codeswitch_all,bongo_0856,0,0.000056
bilstm_finetuned,clean,template,13,test_xatk_codeswitch_all,bongo_0864,1,0.997304
bilstm_finetuned,clean,template,13,test_xatk_codeswitch_all,bongo_0871,1,0.999425
bilstm_finetuned,clean,template,13,test_xatk_codeswitch_all,bongo_0872,0,0.001564
bilstm_finetuned,clean,template,13,test_xatk_codeswitch_all,bongo_0904,0,0.000228
bilstm_finetuned,clean,template,13,test_xatk_codeswitch_all,bongo_0905,1,0.997325
bilstm_finetuned,clean,template,13,test_xatk_codeswitch_all,bongo_0909,1,0.999983
bilstm_finetuned,clean,template,13,test_xatk_codeswitch_all,bongo_0917,1,0.004687
bilstm_finetuned,clean,template,13,test_xatk_codeswitch_all,bongo_0918,1,0.999986
bilstm_finetuned,clean,template,13,test_xatk_codeswitch_all,bongo_0950,0,0.000026
bilstm_finetuned,clean,template,13,test_xatk_codeswitch_all,bongo_0955,1,0.999983
bilstm_finetuned,clean,template,13,test_xatk_codeswitch_all,bongo_0956,0,0.000026
bilstm_finetuned,clean,template,13,test_xatk_codeswitch_all,bongo_0971,0,0.000032
bilstm_finetuned,clean,template,13,test_xatk_codeswitch_all,bongo_0983,0,0.000073
bilstm_finetuned,clean,template,13,test_xatk_codeswitch_all,bongo_0989,1,0.999411
bilstm_finetuned,clean,template,13,test_xatk_codeswitch_all,bongo_0994,0,0.000127
bilstm_finetuned,clean,template,13,test_xatk_codeswitch_all,bongo_1003,1,0.999945
bilstm_finetuned,clean,template,13,test_xatk_codeswitch_all,bongo_1006,0,0.000036
bilstm_finetuned,clean,template,13,test_xatk_codeswitch_all,bongo_1012,1,0.014219
bilstm_finetuned,clean,template,13,test_xatk_codeswitch_all,bongo_1015,0,0.000014
bilstm_finetuned,clean,template,13,test_xatk_codeswitch_all,bongo_1022,1,0.007809
bilstm_finetuned,clean,template,13,test_xatk_codeswitch_all,bongo_1037,0,0.000044
bilstm_finetuned,clean,template,13,test_xatk_codeswitch_all,bongo_1040,0,0.000040
bilstm_finetuned,clean,template,13,test_xatk_codeswitch_all,bongo_1042,1,0.985992
bilstm_finetuned,clean,template,13,test_xatk_codeswitch_all,bongo_1047,1,0.997315
bilstm_finetuned,clean,template,13,test_xatk_codeswitch_all,bongo_1050,0,0.000028
bilstm_finetuned,clean,template,13,test_xatk_codeswitch_all,bongo_1052,1,0.999908
bilstm_finetuned,clean,template,13,test_xatk_codeswitch_all,bongo_1059,0,0.000024
bilstm_finetuned,clean,template,13,test_xatk_codeswitch_all,bongo_1071,0,0.000033
bilstm_finetuned,clean,template,13,test_xatk_codeswitch_all,bongo_1090,0,0.000019
bilstm_finetuned,clean,template,13,test_xatk_codeswitch_all,bongo_1104,1,0.999983
bilstm_finetuned,clean,template,13,test_xatk_codeswitch_all,bongo_1115,0,0.000009
bilstm_finetuned,clean,template,13,test_xatk_codeswitch_all,bongo_1123,0,0.000030
bilstm_finetuned,clean,template,13,test_xatk_codeswitch_all,bongo_1125,0,0.002881
bilstm_finetuned,clean,template,13,test_xatk_codeswitch_all,bongo_1127,1,0.005831
bilstm_finetuned,clean,template,13,test_xatk_codeswitch_all,bongo_1131,1,0.985944
bilstm_finetuned,clean,template,13,test_xatk_codeswitch_all,bongo_1134,1,0.020860
bilstm_finetuned,clean,template,13,test_xatk_codeswitch_all,bongo_1135,0,0.004074
bilstm_finetuned,clean,template,13,test_xatk_codeswitch_all,bongo_1136,1,0.999992
bilstm_finetuned,clean,template,13,test_xatk_codeswitch_all,bongo_1138,1,0.997283
bilstm_finetuned,clean,template,13,test_xatk_codeswitch_all,bongo_1140,1,0.999981
bilstm_finetuned,clean,template,13,test_xatk_codeswitch_all,bongo_1154,1,0.989750
bilstm_finetuned,clean,template,13,test_xatk_codeswitch_all,bongo_1155,0,0.000029
bilstm_finetuned,clean,template,13,test_xatk_codeswitch_all,bongo_1171,1,0.999983
bilstm_finetuned,clean,template,13,test_xatk_codeswitch_all,bongo_1181,1,0.988754
bilstm_finetuned,clean,template,13,test_xatk_codeswitch_all,bongo_1185,1,0.007816
bilstm_finetuned,clean,template,13,test_xatk_codeswitch_all,bongo_1194,0,0.000523
bilstm_finetuned,clean,template,13,test_xatk_codeswitch_all,bongo_1195,1,0.055841
bilstm_finetuned,clean,template,13,test_xatk_codeswitch_all,bongo_1198,0,0.000074
bilstm_finetuned,clean,template,13,test_xatk_codeswitch_all,bongo_1204,1,0.004640
bilstm_finetuned,clean,template,13,test_xatk_codeswitch_all,bongo_1220,1,0.997493
bilstm_finetuned,clean,template,13,test_xatk_codeswitch_all,bongo_1233,1,0.994559
bilstm_finetuned,clean,template,13,test_xatk_codeswitch_all,bongo_1236,0,0.000046
bilstm_finetuned,clean,template,13,test_xatk_codeswitch_all,bongo_1240,1,0.007925
bilstm_finetuned,clean,template,13,test_xatk_codeswitch_all,bongo_1244,0,0.000028
bilstm_finetuned,clean,template,13,test_xatk_codeswitch_all,bongo_1249,0,0.000010
bilstm_finetuned,clean,template,13,test_xatk_codeswitch_all,bongo_1253,0,0.001516
bilstm_finetuned,clean,template,13,test_xatk_codeswitch_all,bongo_1260,0,0.000033
bilstm_finetuned,clean,template,13,test_xatk_codeswitch_all,bongo_1262,0,0.000053
bilstm_finetuned,clean,template,13,test_xatk_codeswitch_all,bongo_1278,1,0.014351
bilstm_finetuned,clean,template,13,test_xatk_codeswitch_all,bongo_1285,0,0.000028
bilstm_finetuned,clean,template,13,test_xatk_codeswitch_all,bongo_1293,1,0.995191
bilstm_finetuned,clean,template,13,test_xatk_codeswitch_all,bongo_1316,0,0.000063
bilstm_finetuned,clean,template,13,test_xatk_codeswitch_all,bongo_1327,1,0.004637
bilstm_finetuned,clean,template,13,test_xatk_codeswitch_all,bongo_1330,0,0.050357
bilstm_finetuned,clean,template,13,test_xatk_codeswitch_all,bongo_1359,0,0.003190
bilstm_finetuned,clean,template,13,test_xatk_codeswitch_all,bongo_1375,0,0.000044
bilstm_finetuned,clean,template,13,test_unseen_all,bongo_0025,1,0.999651
bilstm_finetuned,clean,template,13,test_unseen_all,bongo_0029,0,0.035802
bilstm_finetuned,clean,template,13,test_unseen_all,bongo_0039,1,0.999511
bilstm_finetuned,clean,template,13,test_unseen_all,bongo_0047,1,0.999918
bilstm_finetuned,clean,template,13,test_unseen_all,bongo_0053,0,0.000113
bilstm_finetuned,clean,template,13,test_unseen_all,bongo_0055,1,0.003178
bilstm_finetuned,clean,template,13,test_unseen_all,bongo_0061,1,0.999623
bilstm_finetuned,clean,template,13,test_unseen_all,bongo_0097,0,0.000291
bilstm_finetuned,clean,template,13,test_unseen_all,bongo_0107,0,0.000020
bilstm_finetuned,clean,template,13,test_unseen_all,bongo_0110,0,0.000016
bilstm_finetuned,clean,template,13,test_unseen_all,bongo_0112,1,0.005721
bilstm_finetuned,clean,template,13,test_unseen_all,bongo_0115,0,0.000232
bilstm_finetuned,clean,template,13,test_unseen_all,bongo_0143,0,0.000265
bilstm_finetuned,clean,template,13,test_unseen_all,bongo_0146,1,0.378536
bilstm_finetuned,clean,template,13,test_unseen_all,bongo_0154,1,0.999734
bilstm_finetuned,clean,template,13,test_unseen_all,bongo_0159,1,0.004537
bilstm_finetuned,clean,template,13,test_unseen_all,bongo_0160,0,0.000027
bilstm_finetuned,clean,template,13,test_unseen_all,bongo_0172,0,0.277720
bilstm_finetuned,clean,template,13,test_unseen_all,bongo_0173,1,0.016731
bilstm_finetuned,clean,template,13,test_unseen_all,bongo_0175,0,0.000026
bilstm_finetuned,clean,template,13,test_unseen_all,bongo_0182,0,0.000012
bilstm_finetuned,clean,template,13,test_unseen_all,bongo_0195,1,0.003176
bilstm_finetuned,clean,template,13,test_unseen_all,bongo_0197,0,0.000040
bilstm_finetuned,clean,template,13,test_unseen_all,bongo_0201,1,0.998614
bilstm_finetuned,clean,template,13,test_unseen_all,bongo_0203,1,0.999993
bilstm_finetuned,clean,template,13,test_unseen_all,bongo_0250,1,0.005087
bilstm_finetuned,clean,template,13,test_unseen_all,bongo_0253,0,0.000051
bilstm_finetuned,clean,template,13,test_unseen_all,bongo_0255,1,0.004735
bilstm_finetuned,clean,template,13,test_unseen_all,bongo_0265,1,0.016784
bilstm_finetuned,clean,template,13,test_unseen_all,bongo_0271,0,0.000036
bilstm_finetuned,clean,template,13,test_unseen_all,bongo_0300,0,0.000035
bilstm_finetuned,clean,template,13,test_unseen_all,bongo_0306,0,0.000050
bilstm_finetuned,clean,template,13,test_unseen_all,bongo_0356,1,0.004955
bilstm_finetuned,clean,template,13,test_unseen_all,bongo_0360,1,0.031782
bilstm_finetuned,clean,template,13,test_unseen_all,bongo_0361,1,0.562254
bilstm_finetuned,clean,template,13,test_unseen_all,bongo_0363,0,0.000033
bilstm_finetuned,clean,template,13,test_unseen_all,bongo_0368,0,0.000159
bilstm_finetuned,clean,template,13,test_unseen_all,bongo_0372,0,0.000088
bilstm_finetuned,clean,template,13,test_unseen_all,bongo_0380,1,0.003552
bilstm_finetuned,clean,template,13,test_unseen_all,bongo_0389,0,0.000031
bilstm_finetuned,clean,template,13,test_unseen_all,bongo_0395,0,0.000339
bilstm_finetuned,clean,template,13,test_unseen_all,bongo_0405,1,0.018561
bilstm_finetuned,clean,template,13,test_unseen_all,bongo_0424,1,0.999545
bilstm_finetuned,clean,template,13,test_unseen_all,bongo_0427,0,0.000374
bilstm_finetuned,clean,template,13,test_unseen_all,bongo_0434,1,0.005480
bilstm_finetuned,clean,template,13,test_unseen_all,bongo_0463,0,0.000264
bilstm_finetuned,clean,template,13,test_unseen_all,bongo_0476,1,0.998374
bilstm_finetuned,clean,template,13,test_unseen_all,bongo_0510,1,0.999987
bilstm_finetuned,clean,template,13,test_unseen_all,bongo_0531,0,0.000109
bilstm_finetuned,clean,template,13,test_unseen_all,bongo_0542,0,0.000026
bilstm_finetuned,clean,template,13,test_unseen_all,bongo_0545,0,0.000028
bilstm_finetuned,clean,template,13,test_unseen_all,bongo_0560,1,0.999527
bilstm_finetuned,clean,template,13,test_unseen_all,bongo_0565,1,0.007058
bilstm_finetuned,clean,template,13,test_unseen_all,bongo_0566,1,0.999994
bilstm_finetuned,clean,template,13,test_unseen_all,bongo_0571,0,0.000027
bilstm_finetuned,clean,template,13,test_unseen_all,bongo_0577,1,0.010156
bilstm_finetuned,clean,template,13,test_unseen_all,bongo_0580,1,0.989443
bilstm_finetuned,clean,template,13,test_unseen_all,bongo_0621,1,0.999053
bilstm_finetuned,clean,template,13,test_unseen_all,bongo_0624,1,0.999992
bilstm_finetuned,clean,template,13,test_unseen_all,bongo_0630,0,0.000108
bilstm_finetuned,clean,template,13,test_unseen_all,bongo_0638,1,0.335489
bilstm_finetuned,clean,template,13,test_unseen_all,bongo_0648,0,0.009938
bilstm_finetuned,clean,template,13,test_unseen_all,bongo_0674,0,0.000020
bilstm_finetuned,clean,template,13,test_unseen_all,bongo_0685,0,0.004694
bilstm_finetuned,clean,template,13,test_unseen_all,bongo_0697,1,0.005977
bilstm_finetuned,clean,template,13,test_unseen_all,bongo_0701,0,0.000028
bilstm_finetuned,clean,template,13,test_unseen_all,bongo_0706,1,0.004948
bilstm_finetuned,clean,template,13,test_unseen_all,bongo_0719,1,0.003473
bilstm_finetuned,clean,template,13,test_unseen_all,bongo_0721,1,0.003012
bilstm_finetuned,clean,template,13,test_unseen_all,bongo_0724,1,0.005497
bilstm_finetuned,clean,template,13,test_unseen_all,bongo_0729,1,0.003143
bilstm_finetuned,clean,template,13,test_unseen_all,bongo_0741,0,0.000029
bilstm_finetuned,clean,template,13,test_unseen_all,bongo_0749,1,0.005025
bilstm_finetuned,clean,template,13,test_unseen_all,bongo_0769,1,0.999982
bilstm_finetuned,clean,template,13,test_unseen_all,bongo_0770,1,0.004928
bilstm_finetuned,clean,template,13,test_unseen_all,bongo_0778,1,0.005898
bilstm_finetuned,clean,template,13,test_unseen_all,bongo_0787,1,0.129836
bilstm_finetuned,clean,template,13,test_unseen_all,bongo_0795,0,0.000439
bilstm_finetuned,clean,template,13,test_unseen_all,bongo_0806,1,0.005105
bilstm_finetuned,clean,template,13,test_unseen_all,bongo_0807,1,0.999921
bilstm_finetuned,clean,template,13,test_unseen_all,bongo_0818,0,0.002821
bilstm_finetuned,clean,template,13,test_unseen_all,bongo_0819,0,0.000108
bilstm_finetuned,clean,template,13,test_unseen_all,bongo_0835,0,0.000026
bilstm_finetuned,clean,template,13,test_unseen_all,bongo_0840,1,0.033054
bilstm_finetuned,clean,template,13,test_unseen_all,bongo_0855,1,0.005254
bilstm_finetuned,clean,template,13,test_unseen_all,bongo_0856,0,0.000056
bilstm_finetuned,clean,template,13,test_unseen_all,bongo_0864,1,0.999577
bilstm_finetuned,clean,template,13,test_unseen_all,bongo_0871,1,0.999991
bilstm_finetuned,clean,template,13,test_unseen_all,bongo_0872,0,0.001564
bilstm_finetuned,clean,template,13,test_unseen_all,bongo_0904,0,0.000228
bilstm_finetuned,clean,template,13,test_unseen_all,bongo_0905,1,0.999554
bilstm_finetuned,clean,template,13,test_unseen_all,bongo_0909,1,0.013717
bilstm_finetuned,clean,template,13,test_unseen_all,bongo_0917,1,0.005412
bilstm_finetuned,clean,template,13,test_unseen_all,bongo_0918,1,0.046132
bilstm_finetuned,clean,template,13,test_unseen_all,bongo_0950,0,0.000026
bilstm_finetuned,clean,template,13,test_unseen_all,bongo_0955,1,0.999385
bilstm_finetuned,clean,template,13,test_unseen_all,bongo_0956,0,0.000026
bilstm_finetuned,clean,template,13,test_unseen_all,bongo_0971,0,0.000032
bilstm_finetuned,clean,template,13,test_unseen_all,bongo_0983,0,0.000073
bilstm_finetuned,clean,template,13,test_unseen_all,bongo_0989,1,0.999930
bilstm_finetuned,clean,template,13,test_unseen_all,bongo_0994,0,0.000127
bilstm_finetuned,clean,template,13,test_unseen_all,bongo_1003,1,0.013358
bilstm_finetuned,clean,template,13,test_unseen_all,bongo_1006,0,0.000036
bilstm_finetuned,clean,template,13,test_unseen_all,bongo_1012,1,0.005239
bilstm_finetuned,clean,template,13,test_unseen_all,bongo_1015,0,0.000014
bilstm_finetuned,clean,template,13,test_unseen_all,bongo_1022,1,0.004751
bilstm_finetuned,clean,template,13,test_unseen_all,bongo_1037,0,0.000044
bilstm_finetuned,clean,template,13,test_unseen_all,bongo_1040,0,0.000040
bilstm_finetuned,clean,template,13,test_unseen_all,bongo_1042,1,0.998407
bilstm_finetuned,clean,template,13,test_unseen_all,bongo_1047,1,0.999699
bilstm_finetuned,clean,template,13,test_unseen_all,bongo_1050,0,0.000028
bilstm_finetuned,clean,template,13,test_unseen_all,bongo_1052,1,0.517900
bilstm_finetuned,clean,template,13,test_unseen_all,bongo_1059,0,0.000024
bilstm_finetuned,clean,template,13,test_unseen_all,bongo_1071,0,0.000033
bilstm_finetuned,clean,template,13,test_unseen_all,bongo_1090,0,0.000019
bilstm_finetuned,clean,template,13,test_unseen_all,bongo_1104,1,0.999540
bilstm_finetuned,clean,template,13,test_unseen_all,bongo_1115,0,0.000009
bilstm_finetuned,clean,template,13,test_unseen_all,bongo_1123,0,0.000030
bilstm_finetuned,clean,template,13,test_unseen_all,bongo_1125,0,0.002881
bilstm_finetuned,clean,template,13,test_unseen_all,bongo_1127,1,0.021595
bilstm_finetuned,clean,template,13,test_unseen_all,bongo_1131,1,0.998309
bilstm_finetuned,clean,template,13,test_unseen_all,bongo_1134,1,0.004951
bilstm_finetuned,clean,template,13,test_unseen_all,bongo_1135,0,0.004074
bilstm_finetuned,clean,template,13,test_unseen_all,bongo_1136,1,0.999751
bilstm_finetuned,clean,template,13,test_unseen_all,bongo_1138,1,0.999460
bilstm_finetuned,clean,template,13,test_unseen_all,bongo_1140,1,0.040234
bilstm_finetuned,clean,template,13,test_unseen_all,bongo_1154,1,0.352956
bilstm_finetuned,clean,template,13,test_unseen_all,bongo_1155,0,0.000029
bilstm_finetuned,clean,template,13,test_unseen_all,bongo_1171,1,0.999540
bilstm_finetuned,clean,template,13,test_unseen_all,bongo_1181,1,0.004213
bilstm_finetuned,clean,template,13,test_unseen_all,bongo_1185,1,0.004918
bilstm_finetuned,clean,template,13,test_unseen_all,bongo_1194,0,0.000523
bilstm_finetuned,clean,template,13,test_unseen_all,bongo_1195,1,0.005205
bilstm_finetuned,clean,template,13,test_unseen_all,bongo_1198,0,0.000074
bilstm_finetuned,clean,template,13,test_unseen_all,bongo_1204,1,0.004774
bilstm_finetuned,clean,template,13,test_unseen_all,bongo_1220,1,0.999432
bilstm_finetuned,clean,template,13,test_unseen_all,bongo_1233,1,0.999995
bilstm_finetuned,clean,template,13,test_unseen_all,bongo_1236,0,0.000046
bilstm_finetuned,clean,template,13,test_unseen_all,bongo_1240,1,0.005157
bilstm_finetuned,clean,template,13,test_unseen_all,bongo_1244,0,0.000028
bilstm_finetuned,clean,template,13,test_unseen_all,bongo_1249,0,0.000010
bilstm_finetuned,clean,template,13,test_unseen_all,bongo_1253,0,0.001516
bilstm_finetuned,clean,template,13,test_unseen_all,bongo_1260,0,0.000033
bilstm_finetuned,clean,template,13,test_unseen_all,bongo_1262,0,0.000053
bilstm_finetuned,clean,template,13,test_unseen_all,bongo_1278,1,0.004626
bilstm_finetuned,clean,template,13,test_unseen_all,bongo_1285,0,0.000028
bilstm_finetuned,clean,template,13,test_unseen_all,bongo_1293,1,0.461000
bilstm_finetuned,clean,template,13,test_unseen_all,bongo_1316,0,0.000063
bilstm_finetuned,clean,template,13,test_unseen_all,bongo_1327,1,0.005019
bilstm_finetuned,clean,template,13,test_unseen_all,bongo_1330,0,0.050357
bilstm_finetuned,clean,template,13,test_unseen_all,bongo_1359,0,0.003190
bilstm_finetuned,clean,template,13,test_unseen_all,bongo_1375,0,0.000044
bilstm_finetuned,clean,template,13,test_unseen_all+norm,bongo_0025,1,0.999651
bilstm_finetuned,clean,template,13,test_unseen_all+norm,bongo_0029,0,0.035802
bilstm_finetuned,clean,template,13,test_unseen_all+norm,bongo_0039,1,0.999511
bilstm_finetuned,clean,template,13,test_unseen_all+norm,bongo_0047,1,0.999918
bilstm_finetuned,clean,template,13,test_unseen_all+norm,bongo_0053,0,0.000113
bilstm_finetuned,clean,template,13,test_unseen_all+norm,bongo_0055,1,0.003178
bilstm_finetuned,clean,template,13,test_unseen_all+norm,bongo_0061,1,0.999623
bilstm_finetuned,clean,template,13,test_unseen_all+norm,bongo_0097,0,0.000291
bilstm_finetuned,clean,template,13,test_unseen_all+norm,bongo_0107,0,0.000020
bilstm_finetuned,clean,template,13,test_unseen_all+norm,bongo_0110,0,0.000016
bilstm_finetuned,clean,template,13,test_unseen_all+norm,bongo_0112,1,0.005721
bilstm_finetuned,clean,template,13,test_unseen_all+norm,bongo_0115,0,0.000232
bilstm_finetuned,clean,template,13,test_unseen_all+norm,bongo_0143,0,0.000265
bilstm_finetuned,clean,template,13,test_unseen_all+norm,bongo_0146,1,0.378536
bilstm_finetuned,clean,template,13,test_unseen_all+norm,bongo_0154,1,0.999734
bilstm_finetuned,clean,template,13,test_unseen_all+norm,bongo_0159,1,0.004537
bilstm_finetuned,clean,template,13,test_unseen_all+norm,bongo_0160,0,0.000027
bilstm_finetuned,clean,template,13,test_unseen_all+norm,bongo_0172,0,0.277720
bilstm_finetuned,clean,template,13,test_unseen_all+norm,bongo_0173,1,0.016731
bilstm_finetuned,clean,template,13,test_unseen_all+norm,bongo_0175,0,0.000026
bilstm_finetuned,clean,template,13,test_unseen_all+norm,bongo_0182,0,0.000012
bilstm_finetuned,clean,template,13,test_unseen_all+norm,bongo_0195,1,0.003176
bilstm_finetuned,clean,template,13,test_unseen_all+norm,bongo_0197,0,0.000040
bilstm_finetuned,clean,template,13,test_unseen_all+norm,bongo_0201,1,0.998614
bilstm_finetuned,clean,template,13,test_unseen_all+norm,bongo_0203,1,0.999993
bilstm_finetuned,clean,template,13,test_unseen_all+norm,bongo_0250,1,0.005087
bilstm_finetuned,clean,template,13,test_unseen_all+norm,bongo_0253,0,0.000051
bilstm_finetuned,clean,template,13,test_unseen_all+norm,bongo_0255,1,0.004735
bilstm_finetuned,clean,template,13,test_unseen_all+norm,bongo_0265,1,0.016784
bilstm_finetuned,clean,template,13,test_unseen_all+norm,bongo_0271,0,0.000036
bilstm_finetuned,clean,template,13,test_unseen_all+norm,bongo_0300,0,0.000035
bilstm_finetuned,clean,template,13,test_unseen_all+norm,bongo_0306,0,0.000050
bilstm_finetuned,clean,template,13,test_unseen_all+norm,bongo_0356,1,0.004955
bilstm_finetuned,clean,template,13,test_unseen_all+norm,bongo_0360,1,0.031782
bilstm_finetuned,clean,template,13,test_unseen_all+norm,bongo_0361,1,0.562254
bilstm_finetuned,clean,template,13,test_unseen_all+norm,bongo_0363,0,0.000033
bilstm_finetuned,clean,template,13,test_unseen_all+norm,bongo_0368,0,0.000159
bilstm_finetuned,clean,template,13,test_unseen_all+norm,bongo_0372,0,0.000088
bilstm_finetuned,clean,template,13,test_unseen_all+norm,bongo_0380,1,0.003552
bilstm_finetuned,clean,template,13,test_unseen_all+norm,bongo_0389,0,0.000031
bilstm_finetuned,clean,template,13,test_unseen_all+norm,bongo_0395,0,0.000339
bilstm_finetuned,clean,template,13,test_unseen_all+norm,bongo_0405,1,0.018561
bilstm_finetuned,clean,template,13,test_unseen_all+norm,bongo_0424,1,0.999545
bilstm_finetuned,clean,template,13,test_unseen_all+norm,bongo_0427,0,0.000374
bilstm_finetuned,clean,template,13,test_unseen_all+norm,bongo_0434,1,0.005480
bilstm_finetuned,clean,template,13,test_unseen_all+norm,bongo_0463,0,0.000264
bilstm_finetuned,clean,template,13,test_unseen_all+norm,bongo_0476,1,0.998374
bilstm_finetuned,clean,template,13,test_unseen_all+norm,bongo_0510,1,0.999987
bilstm_finetuned,clean,template,13,test_unseen_all+norm,bongo_0531,0,0.000109
bilstm_finetuned,clean,template,13,test_unseen_all+norm,bongo_0542,0,0.000026
bilstm_finetuned,clean,template,13,test_unseen_all+norm,bongo_0545,0,0.000028
bilstm_finetuned,clean,template,13,test_unseen_all+norm,bongo_0560,1,0.999527
bilstm_finetuned,clean,template,13,test_unseen_all+norm,bongo_0565,1,0.007058
bilstm_finetuned,clean,template,13,test_unseen_all+norm,bongo_0566,1,0.999994
bilstm_finetuned,clean,template,13,test_unseen_all+norm,bongo_0571,0,0.000027
bilstm_finetuned,clean,template,13,test_unseen_all+norm,bongo_0577,1,0.010156
bilstm_finetuned,clean,template,13,test_unseen_all+norm,bongo_0580,1,0.989443
bilstm_finetuned,clean,template,13,test_unseen_all+norm,bongo_0621,1,0.999053
bilstm_finetuned,clean,template,13,test_unseen_all+norm,bongo_0624,1,0.999992
bilstm_finetuned,clean,template,13,test_unseen_all+norm,bongo_0630,0,0.000108
bilstm_finetuned,clean,template,13,test_unseen_all+norm,bongo_0638,1,0.335489
bilstm_finetuned,clean,template,13,test_unseen_all+norm,bongo_0648,0,0.009938
bilstm_finetuned,clean,template,13,test_unseen_all+norm,bongo_0674,0,0.000020
bilstm_finetuned,clean,template,13,test_unseen_all+norm,bongo_0685,0,0.004694
bilstm_finetuned,clean,template,13,test_unseen_all+norm,bongo_0697,1,0.005977
bilstm_finetuned,clean,template,13,test_unseen_all+norm,bongo_0701,0,0.000028
bilstm_finetuned,clean,template,13,test_unseen_all+norm,bongo_0706,1,0.004948
bilstm_finetuned,clean,template,13,test_unseen_all+norm,bongo_0719,1,0.003473
bilstm_finetuned,clean,template,13,test_unseen_all+norm,bongo_0721,1,0.003012
bilstm_finetuned,clean,template,13,test_unseen_all+norm,bongo_0724,1,0.005497
bilstm_finetuned,clean,template,13,test_unseen_all+norm,bongo_0729,1,0.003143
bilstm_finetuned,clean,template,13,test_unseen_all+norm,bongo_0741,0,0.000029
bilstm_finetuned,clean,template,13,test_unseen_all+norm,bongo_0749,1,0.005025
bilstm_finetuned,clean,template,13,test_unseen_all+norm,bongo_0769,1,0.999982
bilstm_finetuned,clean,template,13,test_unseen_all+norm,bongo_0770,1,0.004928
bilstm_finetuned,clean,template,13,test_unseen_all+norm,bongo_0778,1,0.005898
bilstm_finetuned,clean,template,13,test_unseen_all+norm,bongo_0787,1,0.129836
bilstm_finetuned,clean,template,13,test_unseen_all+norm,bongo_0795,0,0.000439
bilstm_finetuned,clean,template,13,test_unseen_all+norm,bongo_0806,1,0.005105
bilstm_finetuned,clean,template,13,test_unseen_all+norm,bongo_0807,1,0.999921
bilstm_finetuned,clean,template,13,test_unseen_all+norm,bongo_0818,0,0.002821
bilstm_finetuned,clean,template,13,test_unseen_all+norm,bongo_0819,0,0.000108
bilstm_finetuned,clean,template,13,test_unseen_all+norm,bongo_0835,0,0.000026
bilstm_finetuned,clean,template,13,test_unseen_all+norm,bongo_0840,1,0.033054
bilstm_finetuned,clean,template,13,test_unseen_all+norm,bongo_0855,1,0.005254
bilstm_finetuned,clean,template,13,test_unseen_all+norm,bongo_0856,0,0.000056
bilstm_finetuned,clean,template,13,test_unseen_all+norm,bongo_0864,1,0.999577
bilstm_finetuned,clean,template,13,test_unseen_all+norm,bongo_0871,1,0.999991
bilstm_finetuned,clean,template,13,test_unseen_all+norm,bongo_0872,0,0.001564
bilstm_finetuned,clean,template,13,test_unseen_all+norm,bongo_0904,0,0.000228
bilstm_finetuned,clean,template,13,test_unseen_all+norm,bongo_0905,1,0.999554
bilstm_finetuned,clean,template,13,test_unseen_all+norm,bongo_0909,1,0.013717
bilstm_finetuned,clean,template,13,test_unseen_all+norm,bongo_0917,1,0.005412
bilstm_finetuned,clean,template,13,test_unseen_all+norm,bongo_0918,1,0.046132
bilstm_finetuned,clean,template,13,test_unseen_all+norm,bongo_0950,0,0.000026
bilstm_finetuned,clean,template,13,test_unseen_all+norm,bongo_0955,1,0.999385
bilstm_finetuned,clean,template,13,test_unseen_all+norm,bongo_0956,0,0.000026
bilstm_finetuned,clean,template,13,test_unseen_all+norm,bongo_0971,0,0.000032
bilstm_finetuned,clean,template,13,test_unseen_all+norm,bongo_0983,0,0.000073
bilstm_finetuned,clean,template,13,test_unseen_all+norm,bongo_0989,1,0.999930
bilstm_finetuned,clean,template,13,test_unseen_all+norm,bongo_0994,0,0.000127
bilstm_finetuned,clean,template,13,test_unseen_all+norm,bongo_1003,1,0.013358
bilstm_finetuned,clean,template,13,test_unseen_all+norm,bongo_1006,0,0.000036
bilstm_finetuned,clean,template,13,test_unseen_all+norm,bongo_1012,1,0.005239
bilstm_finetuned,clean,template,13,test_unseen_all+norm,bongo_1015,0,0.000014
bilstm_finetuned,clean,template,13,test_unseen_all+norm,bongo_1022,1,0.004751
bilstm_finetuned,clean,template,13,test_unseen_all+norm,bongo_1037,0,0.000044
bilstm_finetuned,clean,template,13,test_unseen_all+norm,bongo_1040,0,0.000040
bilstm_finetuned,clean,template,13,test_unseen_all+norm,bongo_1042,1,0.998407
bilstm_finetuned,clean,template,13,test_unseen_all+norm,bongo_1047,1,0.999699
bilstm_finetuned,clean,template,13,test_unseen_all+norm,bongo_1050,0,0.000028
bilstm_finetuned,clean,template,13,test_unseen_all+norm,bongo_1052,1,0.517900
bilstm_finetuned,clean,template,13,test_unseen_all+norm,bongo_1059,0,0.000024
bilstm_finetuned,clean,template,13,test_unseen_all+norm,bongo_1071,0,0.000033
bilstm_finetuned,clean,template,13,test_unseen_all+norm,bongo_1090,0,0.000019
bilstm_finetuned,clean,template,13,test_unseen_all+norm,bongo_1104,1,0.999540
bilstm_finetuned,clean,template,13,test_unseen_all+norm,bongo_1115,0,0.000009
bilstm_finetuned,clean,template,13,test_unseen_all+norm,bongo_1123,0,0.000030
bilstm_finetuned,clean,template,13,test_unseen_all+norm,bongo_1125,0,0.002881
bilstm_finetuned,clean,template,13,test_unseen_all+norm,bongo_1127,1,0.021595
bilstm_finetuned,clean,template,13,test_unseen_all+norm,bongo_1131,1,0.998309
bilstm_finetuned,clean,template,13,test_unseen_all+norm,bongo_1134,1,0.004951
bilstm_finetuned,clean,template,13,test_unseen_all+norm,bongo_1135,0,0.004074
bilstm_finetuned,clean,template,13,test_unseen_all+norm,bongo_1136,1,0.999751
bilstm_finetuned,clean,template,13,test_unseen_all+norm,bongo_1138,1,0.999460
bilstm_finetuned,clean,template,13,test_unseen_all+norm,bongo_1140,1,0.040234
bilstm_finetuned,clean,template,13,test_unseen_all+norm,bongo_1154,1,0.352956
bilstm_finetuned,clean,template,13,test_unseen_all+norm,bongo_1155,0,0.000029
bilstm_finetuned,clean,template,13,test_unseen_all+norm,bongo_1171,1,0.999540
bilstm_finetuned,clean,template,13,test_unseen_all+norm,bongo_1181,1,0.004213
bilstm_finetuned,clean,template,13,test_unseen_all+norm,bongo_1185,1,0.004918
bilstm_finetuned,clean,template,13,test_unseen_all+norm,bongo_1194,0,0.000523
bilstm_finetuned,clean,template,13,test_unseen_all+norm,bongo_1195,1,0.005205
bilstm_finetuned,clean,template,13,test_unseen_all+norm,bongo_1198,0,0.000074
bilstm_finetuned,clean,template,13,test_unseen_all+norm,bongo_1204,1,0.004774
bilstm_finetuned,clean,template,13,test_unseen_all+norm,bongo_1220,1,0.999432
bilstm_finetuned,clean,template,13,test_unseen_all+norm,bongo_1233,1,0.999995
bilstm_finetuned,clean,template,13,test_unseen_all+norm,bongo_1236,0,0.000046
bilstm_finetuned,clean,template,13,test_unseen_all+norm,bongo_1240,1,0.005157
bilstm_finetuned,clean,template,13,test_unseen_all+norm,bongo_1244,0,0.000028
bilstm_finetuned,clean,template,13,test_unseen_all+norm,bongo_1249,0,0.000010
bilstm_finetuned,clean,template,13,test_unseen_all+norm,bongo_1253,0,0.001516
bilstm_finetuned,clean,template,13,test_unseen_all+norm,bongo_1260,0,0.000033
bilstm_finetuned,clean,template,13,test_unseen_all+norm,bongo_1262,0,0.000053
bilstm_finetuned,clean,template,13,test_unseen_all+norm,bongo_1278,1,0.004626
bilstm_finetuned,clean,template,13,test_unseen_all+norm,bongo_1285,0,0.000028
bilstm_finetuned,clean,template,13,test_unseen_all+norm,bongo_1293,1,0.461000
bilstm_finetuned,clean,template,13,test_unseen_all+norm,bongo_1316,0,0.000063
bilstm_finetuned,clean,template,13,test_unseen_all+norm,bongo_1327,1,0.005019
bilstm_finetuned,clean,template,13,test_unseen_all+norm,bongo_1330,0,0.050357
bilstm_finetuned,clean,template,13,test_unseen_all+norm,bongo_1359,0,0.003190
bilstm_finetuned,clean,template,13,test_unseen_all+norm,bongo_1375,0,0.000044
