model,variant,split,seed,set,id,label,prob
nb_char,clean,template,0,val,bongo_0004,1,0.989275
nb_char,clean,template,0,val,bongo_0007,1,0.955511
nb_char,clean,template,0,val,bongo_0008,0,0.097913
nb_char,clean,template,0,val,bongo_0031,1,0.983098
nb_char,clean,template,0,val,bongo_0033,0,0.113890
nb_char,clean,template,0,val,bongo_0036,1,0.999957
nb_char,clean,template,0,val,bongo_0046,1,0.980557
nb_char,clean,template,0,val,bongo_0052,1,0.999681
nb_char,clean,template,0,val,bongo_0057,1,0.999600
nb_char,clean,template,0,val,bongo_0063,0,0.287228
nb_char,clean,template,0,val,bongo_0065,0,0.285244
nb_char,clean,template,0,val,bongo_0076,0,0.160411
nb_char,clean,template,0,val,bongo_0081,0,0.064611
nb_char,clean,template,0,val,bongo_0088,1,0.999779
nb_char,clean,template,0,val,bongo_0089,1,0.988158
nb_char,clean,template,0,val,bongo_0095,0,0.039015
nb_char,clean,template,0,val,bongo_0101,1,0.999854
nb_char,clean,template,0,val,bongo_0102,1,0.999894
nb_char,clean,template,0,val,bongo_0103,1,0.991491
nb_char,clean,template,0,val,bongo_0105,0,0.079292
nb_char,clean,template,0,val,bongo_0111,0,0.157660
nb_char,clean,template,0,val,bongo_0120,1,0.980989
nb_char,clean,template,0,val,bongo_0121,0,0.482642
nb_char,clean,template,0,val,bongo_0127,0,0.027932
nb_char,clean,template,0,val,bongo_0145,0,0.135592
nb_char,clean,template,0,val,bongo_0148,0,0.449196
nb_char,clean,template,0,val,bongo_0181,1,0.994000
nb_char,clean,template,0,val,bongo_0186,0,0.028505
nb_char,clean,template,0,val,bongo_0191,0,0.124017
nb_char,clean,template,0,val,bongo_0210,1,0.999849
nb_char,clean,template,0,val,bongo_0226,1,0.987804
nb_char,clean,template,0,val,bongo_0228,1,0.988819
nb_char,clean,template,0,val,bongo_0235,1,0.986059
nb_char,clean,template,0,val,bongo_0243,1,0.999956
nb_char,clean,template,0,val,bongo_0247,1,0.999803
nb_char,clean,template,0,val,bongo_0248,1,0.999436
nb_char,clean,template,0,val,bongo_0264,0,0.116169
nb_char,clean,template,0,val,bongo_0275,0,0.145797
nb_char,clean,template,0,val,bongo_0278,1,0.999828
nb_char,clean,template,0,val,bongo_0312,1,0.983943
nb_char,clean,template,0,val,bongo_0315,1,0.967694
nb_char,clean,template,0,val,bongo_0319,1,0.999585
nb_char,clean,template,0,val,bongo_0353,1,0.995040
nb_char,clean,template,0,val,bongo_0370,1,0.998541
nb_char,clean,template,0,val,bongo_0377,1,0.997718
nb_char,clean,template,0,val,bongo_0393,0,0.152835
nb_char,clean,template,0,val,bongo_0403,1,0.999779
nb_char,clean,template,0,val,bongo_0410,0,0.185051
nb_char,clean,template,0,val,bongo_0411,0,0.210692
nb_char,clean,template,0,val,bongo_0426,0,0.132644
nb_char,clean,template,0,val,bongo_0430,0,0.568501
nb_char,clean,template,0,val,bongo_0438,1,0.998970
nb_char,clean,template,0,val,bongo_0451,1,0.999857
nb_char,clean,template,0,val,bongo_0455,1,0.972581
nb_char,clean,template,0,val,bongo_0466,1,0.999660
nb_char,clean,template,0,val,bongo_0495,0,0.141564
nb_char,clean,template,0,val,bongo_0499,1,0.999973
nb_char,clean,template,0,val,bongo_0502,1,0.999955
nb_char,clean,template,0,val,bongo_0548,0,0.216429
nb_char,clean,template,0,val,bongo_0556,1,0.999918
nb_char,clean,template,0,val,bongo_0557,1,0.999950
nb_char,clean,template,0,val,bongo_0561,0,0.373164
nb_char,clean,template,0,val,bongo_0563,0,0.075613
nb_char,clean,template,0,val,bongo_0570,1,0.986914
nb_char,clean,template,0,val,bongo_0581,0,0.123260
nb_char,clean,template,0,val,bongo_0587,1,0.999950
nb_char,clean,template,0,val,bongo_0593,0,0.092423
nb_char,clean,template,0,val,bongo_0607,0,0.077483
nb_char,clean,template,0,val,bongo_0610,0,0.436208
nb_char,clean,template,0,val,bongo_0632,1,0.999573
nb_char,clean,template,0,val,bongo_0634,0,0.077382
nb_char,clean,template,0,val,bongo_0637,1,0.987819
nb_char,clean,template,0,val,bongo_0643,0,0.050680
nb_char,clean,template,0,val,bongo_0666,1,0.999690
nb_char,clean,template,0,val,bongo_0672,0,0.482366
nb_char,clean,template,0,val,bongo_0680,1,0.999940
nb_char,clean,template,0,val,bongo_0681,0,0.089193
nb_char,clean,template,0,val,bongo_0693,0,0.033127
nb_char,clean,template,0,val,bongo_0694,0,0.050328
nb_char,clean,template,0,val,bongo_0698,1,0.979806
nb_char,clean,template,0,val,bongo_0726,0,0.287614
nb_char,clean,template,0,val,bongo_0742,0,0.172660
nb_char,clean,template,0,val,bongo_0752,0,0.074483
nb_char,clean,template,0,val,bongo_0754,0,0.072824
nb_char,clean,template,0,val,bongo_0762,1,0.999698
nb_char,clean,template,0,val,bongo_0764,1,0.999593
nb_char,clean,template,0,val,bongo_0788,1,0.999881
nb_char,clean,template,0,val,bongo_0805,0,0.245507
nb_char,clean,template,0,val,bongo_0809,0,0.064028
nb_char,clean,template,0,val,bongo_0811,1,0.999971
nb_char,clean,template,0,val,bongo_0823,1,0.997580
nb_char,clean,template,0,val,bongo_0827,1,0.999971
nb_char,clean,template,0,val,bongo_0833,0,0.103598
nb_char,clean,template,0,val,bongo_0844,1,0.986927
nb_char,clean,template,0,val,bongo_0869,1,0.994026
nb_char,clean,template,0,val,bongo_0880,1,0.999869
nb_char,clean,template,0,val,bongo_0886,1,0.999379
nb_char,clean,template,0,val,bongo_0911,1,0.996915
nb_char,clean,template,0,val,bongo_0919,0,0.173350
nb_char,clean,template,0,val,bongo_0921,1,0.999667
nb_char,clean,template,0,val,bongo_0922,0,0.201279
nb_char,clean,template,0,val,bongo_0923,1,0.985184
nb_char,clean,template,0,val,bongo_0943,1,0.999917
nb_char,clean,template,0,val,bongo_0948,1,0.982183
nb_char,clean,template,0,val,bongo_0949,1,0.999573
nb_char,clean,template,0,val,bongo_0959,1,0.999814
nb_char,clean,template,0,val,bongo_0961,1,0.998598
nb_char,clean,template,0,val,bongo_0973,0,0.042667
nb_char,clean,template,0,val,bongo_0988,0,0.164075
nb_char,clean,template,0,val,bongo_0992,0,0.296046
nb_char,clean,template,0,val,bongo_1001,1,0.999822
nb_char,clean,template,0,val,bongo_1028,1,0.999582
nb_char,clean,template,0,val,bongo_1039,0,0.068266
nb_char,clean,template,0,val,bongo_1044,0,0.226238
nb_char,clean,template,0,val,bongo_1082,0,0.372473
nb_char,clean,template,0,val,bongo_1086,1,0.949082
nb_char,clean,template,0,val,bongo_1099,0,0.183849
nb_char,clean,template,0,val,bongo_1101,1,0.999955
nb_char,clean,template,0,val,bongo_1108,0,0.040332
nb_char,clean,template,0,val,bongo_1109,0,0.090691
nb_char,clean,template,0,val,bongo_1120,0,0.121515
nb_char,clean,template,0,val,bongo_1124,0,0.101411
nb_char,clean,template,0,val,bongo_1130,1,0.999509
nb_char,clean,template,0,val,bongo_1132,1,0.999304
nb_char,clean,template,0,val,bongo_1137,1,0.983378
nb_char,clean,template,0,val,bongo_1145,0,0.072618
nb_char,clean,template,0,val,bongo_1153,0,0.090239
nb_char,clean,template,0,val,bongo_1161,0,0.543766
nb_char,clean,template,0,val,bongo_1162,0,0.284119
nb_char,clean,template,0,val,bongo_1163,1,0.976387
nb_char,clean,template,0,val,bongo_1166,1,0.999941
nb_char,clean,template,0,val,bongo_1197,1,0.997005
nb_char,clean,template,0,val,bongo_1203,1,0.999725
nb_char,clean,template,0,val,bongo_1212,0,0.402797
nb_char,clean,template,0,val,bongo_1213,1,0.999672
nb_char,clean,template,0,val,bongo_1216,0,0.438901
nb_char,clean,template,0,val,bongo_1224,1,0.991824
nb_char,clean,template,0,val,bongo_1247,1,0.998130
nb_char,clean,template,0,val,bongo_1251,1,0.984724
nb_char,clean,template,0,val,bongo_1257,1,0.998670
nb_char,clean,template,0,val,bongo_1258,1,0.988044
nb_char,clean,template,0,val,bongo_1265,0,0.285476
nb_char,clean,template,0,val,bongo_1272,0,0.193219
nb_char,clean,template,0,val,bongo_1275,0,0.102312
nb_char,clean,template,0,val,bongo_1296,0,0.133055
nb_char,clean,template,0,val,bongo_1299,1,0.999304
nb_char,clean,template,0,val,bongo_1307,1,0.999956
nb_char,clean,template,0,val,bongo_1328,0,0.065280
nb_char,clean,template,0,val,bongo_1335,0,0.253740
nb_char,clean,template,0,val,bongo_1341,0,0.289986
nb_char,clean,template,0,val,bongo_1349,0,0.205466
nb_char,clean,template,0,val,bongo_1360,0,0.111112
nb_char,clean,template,0,test,bongo_0025,1,0.997757
nb_char,clean,template,0,test,bongo_0029,0,0.319824
nb_char,clean,template,0,test,bongo_0039,1,0.999933
nb_char,clean,template,0,test,bongo_0047,1,0.996888
nb_char,clean,template,0,test,bongo_0053,0,0.341656
nb_char,clean,template,0,test,bongo_0055,1,0.804250
nb_char,clean,template,0,test,bongo_0061,1,0.731348
nb_char,clean,template,0,test,bongo_0097,0,0.604636
nb_char,clean,template,0,test,bongo_0107,0,0.114246
nb_char,clean,template,0,test,bongo_0110,0,0.131831
nb_char,clean,template,0,test,bongo_0112,1,0.873258
nb_char,clean,template,0,test,bongo_0115,0,0.648241
nb_char,clean,template,0,test,bongo_0143,0,0.089357
nb_char,clean,template,0,test,bongo_0146,1,0.999843
nb_char,clean,template,0,test,bongo_0154,1,0.983779
nb_char,clean,template,0,test,bongo_0159,1,0.780982
nb_char,clean,template,0,test,bongo_0160,0,0.135545
nb_char,clean,template,0,test,bongo_0172,0,0.382675
nb_char,clean,template,0,test,bongo_0173,1,0.898274
nb_char,clean,template,0,test,bongo_0175,0,0.188965
nb_char,clean,template,0,test,bongo_0182,0,0.075308
nb_char,clean,template,0,test,bongo_0195,1,0.999352
nb_char,clean,template,0,test,bongo_0197,0,0.099532
nb_char,clean,template,0,test,bongo_0201,1,0.999213
nb_char,clean,template,0,test,bongo_0203,1,0.999937
nb_char,clean,template,0,test,bongo_0250,1,0.780982
nb_char,clean,template,0,test,bongo_0253,0,0.226151
nb_char,clean,template,0,test,bongo_0255,1,0.721785
nb_char,clean,template,0,test,bongo_0265,1,0.842595
nb_char,clean,template,0,test,bongo_0271,0,0.089957
nb_char,clean,template,0,test,bongo_0300,0,0.018482
nb_char,clean,template,0,test,bongo_0306,0,0.123608
nb_char,clean,template,0,test,bongo_0356,1,0.866932
nb_char,clean,template,0,test,bongo_0360,1,0.999713
nb_char,clean,template,0,test,bongo_0361,1,0.999936
nb_char,clean,template,0,test,bongo_0363,0,0.098682
nb_char,clean,template,0,test,bongo_0368,0,0.375441
nb_char,clean,template,0,test,bongo_0372,0,0.318321
nb_char,clean,template,0,test,bongo_0380,1,0.798408
nb_char,clean,template,0,test,bongo_0389,0,0.147601
nb_char,clean,template,0,test,bongo_0395,0,0.217050
nb_char,clean,template,0,test,bongo_0405,1,0.999712
nb_char,clean,template,0,test,bongo_0424,1,0.999327
nb_char,clean,template,0,test,bongo_0427,0,0.759447
nb_char,clean,template,0,test,bongo_0434,1,0.804250
nb_char,clean,template,0,test,bongo_0463,0,0.694275
nb_char,clean,template,0,test,bongo_0476,1,0.999436
nb_char,clean,template,0,test,bongo_0510,1,0.999752
nb_char,clean,template,0,test,bongo_0531,0,0.288838
nb_char,clean,template,0,test,bongo_0542,0,0.140608
nb_char,clean,template,0,test,bongo_0545,0,0.141677
nb_char,clean,template,0,test,bongo_0560,1,0.945962
nb_char,clean,template,0,test,bongo_0565,1,0.855307
nb_char,clean,template,0,test,bongo_0566,1,0.999962
nb_char,clean,template,0,test,bongo_0571,0,0.402319
nb_char,clean,template,0,test,bongo_0577,1,0.999742
nb_char,clean,template,0,test,bongo_0580,1,0.999122
nb_char,clean,template,0,test,bongo_0621,1,0.998712
nb_char,clean,template,0,test,bongo_0624,1,0.999807
nb_char,clean,template,0,test,bongo_0630,0,0.168160
nb_char,clean,template,0,test,bongo_0638,1,0.999914
nb_char,clean,template,0,test,bongo_0648,0,0.315901
nb_char,clean,template,0,test,bongo_0674,0,0.115431
nb_char,clean,template,0,test,bongo_0685,0,0.974558
nb_char,clean,template,0,test,bongo_0697,1,0.855307
nb_char,clean,template,0,test,bongo_0701,0,0.127740
nb_char,clean,template,0,test,bongo_0706,1,0.888026
nb_char,clean,template,0,test,bongo_0719,1,0.807464
nb_char,clean,template,0,test,bongo_0721,1,0.999673
nb_char,clean,template,0,test,bongo_0724,1,0.796452
nb_char,clean,template,0,test,bongo_0729,1,0.999456
nb_char,clean,template,0,test,bongo_0741,0,0.054389
nb_char,clean,template,0,test,bongo_0749,1,0.855592
nb_char,clean,template,0,test,bongo_0769,1,0.999831
nb_char,clean,template,0,test,bongo_0770,1,0.804250
nb_char,clean,template,0,test,bongo_0778,1,0.872435
nb_char,clean,template,0,test,bongo_0787,1,0.999803
nb_char,clean,template,0,test,bongo_0795,0,0.229489
nb_char,clean,template,0,test,bongo_0806,1,0.796452
nb_char,clean,template,0,test,bongo_0807,1,0.999501
nb_char,clean,template,0,test,bongo_0818,0,0.145114
nb_char,clean,template,0,test,bongo_0819,0,0.226923
nb_char,clean,template,0,test,bongo_0835,0,0.112382
nb_char,clean,template,0,test,bongo_0840,1,0.999733
nb_char,clean,template,0,test,bongo_0855,1,0.861700
nb_char,clean,template,0,test,bongo_0856,0,0.078330
nb_char,clean,template,0,test,bongo_0864,1,0.999955
nb_char,clean,template,0,test,bongo_0871,1,0.999869
nb_char,clean,template,0,test,bongo_0872,0,0.417833
nb_char,clean,template,0,test,bongo_0904,0,0.731203
nb_char,clean,template,0,test,bongo_0905,1,0.999888
nb_char,clean,template,0,test,bongo_0909,1,0.999765
nb_char,clean,template,0,test,bongo_0917,1,0.689650
nb_char,clean,template,0,test,bongo_0918,1,0.999652
nb_char,clean,template,0,test,bongo_0950,0,0.116249
nb_char,clean,template,0,test,bongo_0955,1,0.999838
nb_char,clean,template,0,test,bongo_0956,0,0.105956
nb_char,clean,template,0,test,bongo_0971,0,0.124698
nb_char,clean,template,0,test,bongo_0983,0,0.284358
nb_char,clean,template,0,test,bongo_0989,1,0.999873
nb_char,clean,template,0,test,bongo_0994,0,0.771988
nb_char,clean,template,0,test,bongo_1003,1,0.937442
nb_char,clean,template,0,test,bongo_1006,0,0.594470
nb_char,clean,template,0,test,bongo_1012,1,0.848431
nb_char,clean,template,0,test,bongo_1015,0,0.150850
nb_char,clean,template,0,test,bongo_1022,1,0.828513
nb_char,clean,template,0,test,bongo_1037,0,0.186122
nb_char,clean,template,0,test,bongo_1040,0,0.305190
nb_char,clean,template,0,test,bongo_1042,1,0.999444
nb_char,clean,template,0,test,bongo_1047,1,0.999952
nb_char,clean,template,0,test,bongo_1050,0,0.058295
nb_char,clean,template,0,test,bongo_1052,1,0.999541
nb_char,clean,template,0,test,bongo_1059,0,0.177674
nb_char,clean,template,0,test,bongo_1071,0,0.252802
nb_char,clean,template,0,test,bongo_1090,0,0.370587
nb_char,clean,template,0,test,bongo_1104,1,0.999596
nb_char,clean,template,0,test,bongo_1115,0,0.063667
nb_char,clean,template,0,test,bongo_1123,0,0.078899
nb_char,clean,template,0,test,bongo_1125,0,0.320429
nb_char,clean,template,0,test,bongo_1127,1,0.910962
nb_char,clean,template,0,test,bongo_1131,1,0.999297
nb_char,clean,template,0,test,bongo_1134,1,0.810843
nb_char,clean,template,0,test,bongo_1135,0,0.337561
nb_char,clean,template,0,test,bongo_1136,1,0.977809
nb_char,clean,template,0,test,bongo_1138,1,0.999925
nb_char,clean,template,0,test,bongo_1140,1,0.999074
nb_char,clean,template,0,test,bongo_1154,1,0.999918
nb_char,clean,template,0,test,bongo_1155,0,0.050153
nb_char,clean,template,0,test,bongo_1171,1,0.999566
nb_char,clean,template,0,test,bongo_1181,1,0.998345
nb_char,clean,template,0,test,bongo_1185,1,0.729122
nb_char,clean,template,0,test,bongo_1194,0,0.278053
nb_char,clean,template,0,test,bongo_1195,1,0.877696
nb_char,clean,template,0,test,bongo_1198,0,0.126311
nb_char,clean,template,0,test,bongo_1204,1,0.770967
nb_char,clean,template,0,test,bongo_1220,1,0.999771
nb_char,clean,template,0,test,bongo_1233,1,0.999945
nb_char,clean,template,0,test,bongo_1236,0,0.086859
nb_char,clean,template,0,test,bongo_1240,1,0.721785
nb_char,clean,template,0,test,bongo_1244,0,0.137100
nb_char,clean,template,0,test,bongo_1249,0,0.180521
nb_char,clean,template,0,test,bongo_1253,0,0.321210
nb_char,clean,template,0,test,bongo_1260,0,0.093479
nb_char,clean,template,0,test,bongo_1262,0,0.303571
nb_char,clean,template,0,test,bongo_1278,1,0.785134
nb_char,clean,template,0,test,bongo_1285,0,0.085798
nb_char,clean,template,0,test,bongo_1293,1,0.999747
nb_char,clean,template,0,test,bongo_1316,0,0.194584
nb_char,clean,template,0,test,bongo_1327,1,0.696533
nb_char,clean,template,0,test,bongo_1330,0,0.358259
nb_char,clean,template,0,test,bongo_1359,0,0.032501
nb_char,clean,template,0,test,bongo_1375,0,0.090813
nb_char,clean,template,0,test_lookalike_1,bongo_0025,1,0.996669
nb_char,clean,template,0,test_lookalike_1,bongo_0029,0,0.319824
nb_char,clean,template,0,test_lookalike_1,bongo_0039,1,0.999877
nb_char,clean,template,0,test_lookalike_1,bongo_0047,1,0.996167
nb_char,clean,template,0,test_lookalike_1,bongo_0053,0,0.341656
nb_char,clean,template,0,test_lookalike_1,bongo_0055,1,0.630603
nb_char,clean,template,0,test_lookalike_1,bongo_0061,1,0.722261
nb_char,clean,template,0,test_lookalike_1,bongo_0097,0,0.604636
nb_char,clean,template,0,test_lookalike_1,bongo_0107,0,0.114246
nb_char,clean,template,0,test_lookalike_1,bongo_0110,0,0.131831
nb_char,clean,template,0,test_lookalike_1,bongo_0112,1,0.778345
nb_char,clean,template,0,test_lookalike_1,bongo_0115,0,0.648241
nb_char,clean,template,0,test_lookalike_1,bongo_0143,0,0.089357
nb_char,clean,template,0,test_lookalike_1,bongo_0146,1,0.999611
nb_char,clean,template,0,test_lookalike_1,bongo_0154,1,0.982147
nb_char,clean,template,0,test_lookalike_1,bongo_0159,1,0.625017
nb_char,clean,template,0,test_lookalike_1,bongo_0160,0,0.135545
nb_char,clean,template,0,test_lookalike_1,bongo_0172,0,0.382675
nb_char,clean,template,0,test_lookalike_1,bongo_0173,1,0.814929
nb_char,clean,template,0,test_lookalike_1,bongo_0175,0,0.188965
nb_char,clean,template,0,test_lookalike_1,bongo_0182,0,0.075308
nb_char,clean,template,0,test_lookalike_1,bongo_0195,1,0.998768
nb_char,clean,template,0,test_lookalike_1,bongo_0197,0,0.099532
nb_char,clean,template,0,test_lookalike_1,bongo_0201,1,0.998663
nb_char,clean,template,0,test_lookalike_1,bongo_0203,1,0.999888
nb_char,clean,template,0,test_lookalike_1,bongo_0250,1,0.661303
nb_char,clean,template,0,test_lookalike_1,bongo_0253,0,0.226151
nb_char,clean,template,0,test_lookalike_1,bongo_0255,1,0.626922
nb_char,clean,template,0,test_lookalike_1,bongo_0265,1,0.772792
nb_char,clean,template,0,test_lookalike_1,bongo_0271,0,0.089957
nb_char,clean,template,0,test_lookalike_1,bongo_0300,0,0.018482
nb_char,clean,template,0,test_lookalike_1,bongo_0306,0,0.123608
nb_char,clean,template,0,test_lookalike_1,bongo_0356,1,0.783777
nb_char,clean,template,0,test_lookalike_1,bongo_0360,1,0.999587
nb_char,clean,template,0,test_lookalike_1,bongo_0361,1,0.999888
nb_char,clean,template,0,test_lookalike_1,bongo_0363,0,0.098682
nb_char,clean,template,0,test_lookalike_1,bongo_0368,0,0.375441
nb_char,clean,template,0,test_lookalike_1,bongo_0372,0,0.318321
nb_char,clean,template,0,test_lookalike_1,bongo_0380,1,0.660526
nb_char,clean,template,0,test_lookalike_1,bongo_0389,0,0.147601
nb_char,clean,template,0,test_lookalike_1,bongo_0395,0,0.217050
nb_char,clean,template,0,test_lookalike_1,bongo_0405,1,0.999421
nb_char,clean,template,0,test_lookalike_1,bongo_0424,1,0.998879
nb_char,clean,template,0,test_lookalike_1,bongo_0427,0,0.759447
nb_char,clean,template,0,test_lookalike_1,bongo_0434,1,0.630603
nb_char,clean,template,0,test_lookalike_1,bongo_0463,0,0.694275
nb_char,clean,template,0,test_lookalike_1,bongo_0476,1,0.998312
nb_char,clean,template,0,test_lookalike_1,bongo_0510,1,0.999620
nb_char,clean,template,0,test_lookalike_1,bongo_0531,0,0.288838
nb_char,clean,template,0,test_lookalike_1,bongo_0542,0,0.140608
nb_char,clean,template,0,test_lookalike_1,bongo_0545,0,0.141677
nb_char,clean,template,0,test_lookalike_1,bongo_0560,1,0.934628
nb_char,clean,template,0,test_lookalike_1,bongo_0565,1,0.754118
nb_char,clean,template,0,test_lookalike_1,bongo_0566,1,0.999929
nb_char,clean,template,0,test_lookalike_1,bongo_0571,0,0.402319
nb_char,clean,template,0,test_lookalike_1,bongo_0577,1,0.999580
nb_char,clean,template,0,test_lookalike_1,bongo_0580,1,0.997859
nb_char,clean,template,0,test_lookalike_1,bongo_0621,1,0.997784
nb_char,clean,template,0,test_lookalike_1,bongo_0624,1,0.999684
nb_char,clean,template,0,test_lookalike_1,bongo_0630,0,0.168160
nb_char,clean,template,0,test_lookalike_1,bongo_0638,1,0.999842
nb_char,clean,template,0,test_lookalike_1,bongo_0648,0,0.315901
nb_char,clean,template,0,test_lookalike_1,bongo_0674,0,0.115431
nb_char,clean,template,0,test_lookalike_1,bongo_0685,0,0.974558
nb_char,clean,template,0,test_lookalike_1,bongo_0697,1,0.771766
nb_char,clean,template,0,test_lookalike_1,bongo_0701,0,0.127740
nb_char,clean,template,0,test_lookalike_1,bongo_0706,1,0.769485
nb_char,clean,template,0,test_lookalike_1,bongo_0719,1,0.685394
nb_char,clean,template,0,test_lookalike_1,bongo_0721,1,0.999248
nb_char,clean,template,0,test_lookalike_1,bongo_0724,1,0.717256
nb_char,clean,template,0,test_lookalike_1,bongo_0729,1,0.998471
nb_char,clean,template,0,test_lookalike_1,bongo_0741,0,0.054389
nb_char,clean,template,0,test_lookalike_1,bongo_0749,1,0.733726
nb_char,clean,template,0,test_lookalike_1,bongo_0769,1,0.999677
nb_char,clean,template,0,test_lookalike_1,bongo_0770,1,0.630675
nb_char,clean,template,0,test_lookalike_1,bongo_0778,1,0.782548
nb_char,clean,template,0,test_lookalike_1,bongo_0787,1,0.999675
nb_char,clean,template,0,test_lookalike_1,bongo_0795,0,0.229489
nb_char,clean,template,0,test_lookalike_1,bongo_0806,1,0.731722
nb_char,clean,template,0,test_lookalike_1,bongo_0807,1,0.999113
nb_char,clean,template,0,test_lookalike_1,bongo_0818,0,0.145114
nb_char,clean,template,0,test_lookalike_1,bongo_0819,0,0.226923
nb_char,clean,template,0,test_lookalike_1,bongo_0835,0,0.112382
nb_char,clean,template,0,test_lookalike_1,bongo_0840,1,0.999619
nb_char,clean,template,0,test_lookalike_1,bongo_0855,1,0.759877
nb_char,clean,template,0,test_lookalike_1,bongo_0856,0,0.078330
nb_char,clean,template,0,test_lookalike_1,bongo_0864,1,0.999915
nb_char,clean,template,0,test_lookalike_1,bongo_0871,1,0.999806
nb_char,clean,template,0,test_lookalike_1,bongo_0872,0,0.417833
nb_char,clean,template,0,test_lookalike_1,bongo_0904,0,0.731203
nb_char,clean,template,0,test_lookalike_1,bongo_0905,1,0.999775
nb_char,clean,template,0,test_lookalike_1,bongo_0909,1,0.999446
nb_char,clean,template,0,test_lookalike_1,bongo_0917,1,0.606818
nb_char,clean,template,0,test_lookalike_1,bongo_0918,1,0.999285
nb_char,clean,template,0,test_lookalike_1,bongo_0950,0,0.116249
nb_char,clean,template,0,test_lookalike_1,bongo_0955,1,0.999702
nb_char,clean,template,0,test_lookalike_1,bongo_0956,0,0.105956
nb_char,clean,template,0,test_lookalike_1,bongo_0971,0,0.124698
nb_char,clean,template,0,test_lookalike_1,bongo_0983,0,0.284358
nb_char,clean,template,0,test_lookalike_1,bongo_0989,1,0.999813
nb_char,clean,template,0,test_lookalike_1,bongo_0994,0,0.771988
nb_char,clean,template,0,test_lookalike_1,bongo_1003,1,0.928548
nb_char,clean,template,0,test_lookalike_1,bongo_1006,0,0.594470
nb_char,clean,template,0,test_lookalike_1,bongo_1012,1,0.733726
nb_char,clean,template,0,test_lookalike_1,bongo_1015,0,0.150850
nb_char,clean,template,0,test_lookalike_1,bongo_1022,1,0.665936
nb_char,clean,template,0,test_lookalike_1,bongo_1037,0,0.186122
nb_char,clean,template,0,test_lookalike_1,bongo_1040,0,0.305190
nb_char,clean,template,0,test_lookalike_1,bongo_1042,1,0.998901
nb_char,clean,template,0,test_lookalike_1,bongo_1047,1,0.999918
nb_char,clean,template,0,test_lookalike_1,bongo_1050,0,0.058295
nb_char,clean,template,0,test_lookalike_1,bongo_1052,1,0.998950
nb_char,clean,template,0,test_lookalike_1,bongo_1059,0,0.177674
nb_char,clean,template,0,test_lookalike_1,bongo_1071,0,0.252802
nb_char,clean,template,0,test_lookalike_1,bongo_1090,0,0.370587
nb_char,clean,template,0,test_lookalike_1,bongo_1104,1,0.999353
nb_char,clean,template,0,test_lookalike_1,bongo_1115,0,0.063667
nb_char,clean,template,0,test_lookalike_1,bongo_1123,0,0.078899
nb_char,clean,template,0,test_lookalike_1,bongo_1125,0,0.320429
nb_char,clean,template,0,test_lookalike_1,bongo_1127,1,0.842079
nb_char,clean,template,0,test_lookalike_1,bongo_1131,1,0.998639
nb_char,clean,template,0,test_lookalike_1,bongo_1134,1,0.734077
nb_char,clean,template,0,test_lookalike_1,bongo_1135,0,0.337561
nb_char,clean,template,0,test_lookalike_1,bongo_1136,1,0.974804
nb_char,clean,template,0,test_lookalike_1,bongo_1138,1,0.999844
nb_char,clean,template,0,test_lookalike_1,bongo_1140,1,0.998452
nb_char,clean,template,0,test_lookalike_1,bongo_1154,1,0.999824
nb_char,clean,template,0,test_lookalike_1,bongo_1155,0,0.050153
nb_char,clean,template,0,test_lookalike_1,bongo_1171,1,0.999303
nb_char,clean,template,0,test_lookalike_1,bongo_1181,1,0.996017
nb_char,clean,template,0,test_lookalike_1,bongo_1185,1,0.650714
nb_char,clean,template,0,test_lookalike_1,bongo_1194,0,0.278053
nb_char,clean,template,0,test_lookalike_1,bongo_1195,1,0.753176
nb_char,clean,template,0,test_lookalike_1,bongo_1198,0,0.126311
nb_char,clean,template,0,test_lookalike_1,bongo_1204,1,0.650305
nb_char,clean,template,0,test_lookalike_1,bongo_1220,1,0.999525
nb_char,clean,template,0,test_lookalike_1,bongo_1233,1,0.999877
nb_char,clean,template,0,test_lookalike_1,bongo_1236,0,0.086859
nb_char,clean,template,0,test_lookalike_1,bongo_1240,1,0.624627
nb_char,clean,template,0,test_lookalike_1,bongo_1244,0,0.137100
nb_char,clean,template,0,test_lookalike_1,bongo_1249,0,0.180521
nb_char,clean,template,0,test_lookalike_1,bongo_1253,0,0.321210
nb_char,clean,template,0,test_lookalike_1,bongo_1260,0,0.093479
nb_char,clean,template,0,test_lookalike_1,bongo_1262,0,0.303571
nb_char,clean,template,0,test_lookalike_1,bongo_1278,1,0.699336
nb_char,clean,template,0,test_lookalike_1,bongo_1285,0,0.085798
nb_char,clean,template,0,test_lookalike_1,bongo_1293,1,0.999422
nb_char,clean,template,0,test_lookalike_1,bongo_1316,0,0.194584
nb_char,clean,template,0,test_lookalike_1,bongo_1327,1,0.596960
nb_char,clean,template,0,test_lookalike_1,bongo_1330,0,0.358259
nb_char,clean,template,0,test_lookalike_1,bongo_1359,0,0.032501
nb_char,clean,template,0,test_lookalike_1,bongo_1375,0,0.090813
nb_char,clean,template,0,test_lookalike_3,bongo_0025,1,0.994319
nb_char,clean,template,0,test_lookalike_3,bongo_0029,0,0.319824
nb_char,clean,template,0,test_lookalike_3,bongo_0039,1,0.999565
nb_char,clean,template,0,test_lookalike_3,bongo_0047,1,0.994888
nb_char,clean,template,0,test_lookalike_3,bongo_0053,0,0.341656
nb_char,clean,template,0,test_lookalike_3,bongo_0055,1,0.448236
nb_char,clean,template,0,test_lookalike_3,bongo_0061,1,0.720224
nb_char,clean,template,0,test_lookalike_3,bongo_0097,0,0.604636
nb_char,clean,template,0,test_lookalike_3,bongo_0107,0,0.114246
nb_char,clean,template,0,test_lookalike_3,bongo_0110,0,0.131831
nb_char,clean,template,0,test_lookalike_3,bongo_0112,1,0.631641
nb_char,clean,template,0,test_lookalike_3,bongo_0115,0,0.648241
nb_char,clean,template,0,test_lookalike_3,bongo_0143,0,0.089357
nb_char,clean,template,0,test_lookalike_3,bongo_0146,1,0.998540
nb_char,clean,template,0,test_lookalike_3,bongo_0154,1,0.977208
nb_char,clean,template,0,test_lookalike_3,bongo_0159,1,0.417009
nb_char,clean,template,0,test_lookalike_3,bongo_0160,0,0.135545
nb_char,clean,template,0,test_lookalike_3,bongo_0172,0,0.382675
nb_char,clean,template,0,test_lookalike_3,bongo_0173,1,0.622833
nb_char,clean,template,0,test_lookalike_3,bongo_0175,0,0.188965
nb_char,clean,template,0,test_lookalike_3,bongo_0182,0,0.075308
nb_char,clean,template,0,test_lookalike_3,bongo_0195,1,0.995516
nb_char,clean,template,0,test_lookalike_3,bongo_0197,0,0.099532
nb_char,clean,template,0,test_lookalike_3,bongo_0201,1,0.996501
nb_char,clean,template,0,test_lookalike_3,bongo_0203,1,0.999478
nb_char,clean,template,0,test_lookalike_3,bongo_0250,1,0.487275
nb_char,clean,template,0,test_lookalike_3,bongo_0253,0,0.226151
nb_char,clean,template,0,test_lookalike_3,bongo_0255,1,0.508982
nb_char,clean,template,0,test_lookalike_3,bongo_0265,1,0.710635
nb_char,clean,template,0,test_lookalike_3,bongo_0271,0,0.089957
nb_char,clean,template,0,test_lookalike_3,bongo_0300,0,0.018482
nb_char,clean,template,0,test_lookalike_3,bongo_0306,0,0.123608
nb_char,clean,template,0,test_lookalike_3,bongo_0356,1,0.640381
nb_char,clean,template,0,test_lookalike_3,bongo_0360,1,0.998945
nb_char,clean,template,0,test_lookalike_3,bongo_0361,1,0.999425
nb_char,clean,template,0,test_lookalike_3,bongo_0363,0,0.098682
nb_char,clean,template,0,test_lookalike_3,bongo_0368,0,0.375441
nb_char,clean,template,0,test_lookalike_3,bongo_0372,0,0.318321
nb_char,clean,template,0,test_lookalike_3,bongo_0380,1,0.492448
nb_char,clean,template,0,test_lookalike_3,bongo_0389,0,0.147601
nb_char,clean,template,0,test_lookalike_3,bongo_0395,0,0.217050
nb_char,clean,template,0,test_lookalike_3,bongo_0405,1,0.996982
nb_char,clean,template,0,test_lookalike_3,bongo_0424,1,0.997344
nb_char,clean,template,0,test_lookalike_3,bongo_0427,0,0.759447
nb_char,clean,template,0,test_lookalike_3,bongo_0434,1,0.419255
nb_char,clean,template,0,test_lookalike_3,bongo_0463,0,0.694275
nb_char,clean,template,0,test_lookalike_3,bongo_0476,1,0.994275
nb_char,clean,template,0,test_lookalike_3,bongo_0510,1,0.998086
nb_char,clean,template,0,test_lookalike_3,bongo_0531,0,0.288838
nb_char,clean,template,0,test_lookalike_3,bongo_0542,0,0.140608
nb_char,clean,template,0,test_lookalike_3,bongo_0545,0,0.141677
nb_char,clean,template,0,test_lookalike_3,bongo_0560,1,0.932103
nb_char,clean,template,0,test_lookalike_3,bongo_0565,1,0.570610
nb_char,clean,template,0,test_lookalike_3,bongo_0566,1,0.999793
nb_char,clean,template,0,test_lookalike_3,bongo_0571,0,0.402319
nb_char,clean,template,0,test_lookalike_3,bongo_0577,1,0.998382
nb_char,clean,template,0,test_lookalike_3,bongo_0580,1,0.989938
nb_char,clean,template,0,test_lookalike_3,bongo_0621,1,0.991539
nb_char,clean,template,0,test_lookalike_3,bongo_0624,1,0.999201
nb_char,clean,template,0,test_lookalike_3,bongo_0630,0,0.168160
nb_char,clean,template,0,test_lookalike_3,bongo_0638,1,0.999290
nb_char,clean,template,0,test_lookalike_3,bongo_0648,0,0.315901
nb_char,clean,template,0,test_lookalike_3,bongo_0674,0,0.115431
nb_char,clean,template,0,test_lookalike_3,bongo_0685,0,0.974558
nb_char,clean,template,0,test_lookalike_3,bongo_0697,1,0.611925
nb_char,clean,template,0,test_lookalike_3,bongo_0701,0,0.127740
nb_char,clean,template,0,test_lookalike_3,bongo_0706,1,0.629883
nb_char,clean,template,0,test_lookalike_3,bongo_0719,1,0.456692
nb_char,clean,template,0,test_lookalike_3,bongo_0721,1,0.997940
nb_char,clean,template,0,test_lookalike_3,bongo_0724,1,0.622355
nb_char,clean,template,0,test_lookalike_3,bongo_0729,1,0.996414
nb_char,clean,template,0,test_lookalike_3,bongo_0741,0,0.054389
nb_char,clean,template,0,test_lookalike_3,bongo_0749,1,0.580329
nb_char,clean,template,0,test_lookalike_3,bongo_0769,1,0.998903
nb_char,clean,template,0,test_lookalike_3,bongo_0770,1,0.442990
nb_char,clean,template,0,test_lookalike_3,bongo_0778,1,0.579773
nb_char,clean,template,0,test_lookalike_3,bongo_0787,1,0.999403
nb_char,clean,template,0,test_lookalike_3,bongo_0795,0,0.229489
nb_char,clean,template,0,test_lookalike_3,bongo_0806,1,0.613807
nb_char,clean,template,0,test_lookalike_3,bongo_0807,1,0.997087
nb_char,clean,template,0,test_lookalike_3,bongo_0818,0,0.145114
nb_char,clean,template,0,test_lookalike_3,bongo_0819,0,0.226923
nb_char,clean,template,0,test_lookalike_3,bongo_0835,0,0.112382
nb_char,clean,template,0,test_lookalike_3,bongo_0840,1,0.999183
nb_char,clean,template,0,test_lookalike_3,bongo_0855,1,0.585295
nb_char,clean,template,0,test_lookalike_3,bongo_0856,0,0.078330
nb_char,clean,template,0,test_lookalike_3,bongo_0864,1,0.999811
nb_char,clean,template,0,test_lookalike_3,bongo_0871,1,0.999400
nb_char,clean,template,0,test_lookalike_3,bongo_0872,0,0.417833
nb_char,clean,template,0,test_lookalike_3,bongo_0904,0,0.731203
nb_char,clean,template,0,test_lookalike_3,bongo_0905,1,0.999253
nb_char,clean,template,0,test_lookalike_3,bongo_0909,1,0.997673
nb_char,clean,template,0,test_lookalike_3,bongo_0917,1,0.452084
nb_char,clean,template,0,test_lookalike_3,bongo_0918,1,0.997777
nb_char,clean,template,0,test_lookalike_3,bongo_0950,0,0.116249
nb_char,clean,template,0,test_lookalike_3,bongo_0955,1,0.999048
nb_char,clean,template,0,test_lookalike_3,bongo_0956,0,0.105956
nb_char,clean,template,0,test_lookalike_3,bongo_0971,0,0.124698
nb_char,clean,template,0,test_lookalike_3,bongo_0983,0,0.284358
nb_char,clean,template,0,test_lookalike_3,bongo_0989,1,0.999547
nb_char,clean,template,0,test_lookalike_3,bongo_0994,0,0.771988
nb_char,clean,template,0,test_lookalike_3,bongo_1003,1,0.906488
nb_char,clean,template,0,test_lookalike_3,bongo_1006,0,0.594470
nb_char,clean,template,0,test_lookalike_3,bongo_1012,1,0.554606
nb_char,clean,template,0,test_lookalike_3,bongo_1015,0,0.150850
nb_char,clean,template,0,test_lookalike_3,bongo_1022,1,0.580244
nb_char,clean,template,0,test_lookalike_3,bongo_1037,0,0.186122
nb_char,clean,template,0,test_lookalike_3,bongo_1040,0,0.305190
nb_char,clean,template,0,test_lookalike_3,bongo_1042,1,0.996836
nb_char,clean,template,0,test_lookalike_3,bongo_1047,1,0.999649
nb_char,clean,template,0,test_lookalike_3,bongo_1050,0,0.058295
nb_char,clean,template,0,test_lookalike_3,bongo_1052,1,0.997106
nb_char,clean,template,0,test_lookalike_3,bongo_1059,0,0.177674
nb_char,clean,template,0,test_lookalike_3,bongo_1071,0,0.252802
nb_char,clean,template,0,test_lookalike_3,bongo_1090,0,0.370587
nb_char,clean,template,0,test_lookalike_3,bongo_1104,1,0.998224
nb_char,clean,template,0,test_lookalike_3,bongo_1115,0,0.063667
nb_char,clean,template,0,test_lookalike_3,bongo_1123,0,0.078899
nb_char,clean,template,0,test_lookalike_3,bongo_1125,0,0.320429
nb_char,clean,template,0,test_lookalike_3,bongo_1127,1,0.711468
nb_char,clean,template,0,test_lookalike_3,bongo_1131,1,0.995019
nb_char,clean,template,0,test_lookalike_3,bongo_1134,1,0.634352
nb_char,clean,template,0,test_lookalike_3,bongo_1135,0,0.337561
nb_char,clean,template,0,test_lookalike_3,bongo_1136,1,0.960113
nb_char,clean,template,0,test_lookalike_3,bongo_1138,1,0.999485
nb_char,clean,template,0,test_lookalike_3,bongo_1140,1,0.993532
nb_char,clean,template,0,test_lookalike_3,bongo_1154,1,0.999599
nb_char,clean,template,0,test_lookalike_3,bongo_1155,0,0.050153
nb_char,clean,template,0,test_lookalike_3,bongo_1171,1,0.998275
nb_char,clean,template,0,test_lookalike_3,bongo_1181,1,0.989063
nb_char,clean,template,0,test_lookalike_3,bongo_1185,1,0.500467
nb_char,clean,template,0,test_lookalike_3,bongo_1194,0,0.278053
nb_char,clean,template,0,test_lookalike_3,bongo_1195,1,0.568346
nb_char,clean,template,0,test_lookalike_3,bongo_1198,0,0.126311
nb_char,clean,template,0,test_lookalike_3,bongo_1204,1,0.427583
nb_char,clean,template,0,test_lookalike_3,bongo_1220,1,0.998978
nb_char,clean,template,0,test_lookalike_3,bongo_1233,1,0.999672
nb_char,clean,template,0,test_lookalike_3,bongo_1236,0,0.086859
nb_char,clean,template,0,test_lookalike_3,bongo_1240,1,0.494181
nb_char,clean,template,0,test_lookalike_3,bongo_1244,0,0.137100
nb_char,clean,template,0,test_lookalike_3,bongo_1249,0,0.180521
nb_char,clean,template,0,test_lookalike_3,bongo_1253,0,0.321210
nb_char,clean,template,0,test_lookalike_3,bongo_1260,0,0.093479
nb_char,clean,template,0,test_lookalike_3,bongo_1262,0,0.303571
nb_char,clean,template,0,test_lookalike_3,bongo_1278,1,0.574966
nb_char,clean,template,0,test_lookalike_3,bongo_1285,0,0.085798
nb_char,clean,template,0,test_lookalike_3,bongo_1293,1,0.998500
nb_char,clean,template,0,test_lookalike_3,bongo_1316,0,0.194584
nb_char,clean,template,0,test_lookalike_3,bongo_1327,1,0.468103
nb_char,clean,template,0,test_lookalike_3,bongo_1330,0,0.358259
nb_char,clean,template,0,test_lookalike_3,bongo_1359,0,0.032501
nb_char,clean,template,0,test_lookalike_3,bongo_1375,0,0.090813
nb_char,clean,template,0,test_lookalike_all,bongo_0025,1,0.981738
nb_char,clean,template,0,test_lookalike_all,bongo_0029,0,0.319824
nb_char,clean,template,0,test_lookalike_all,bongo_0039,1,0.998168
nb_char,clean,template,0,test_lookalike_all,bongo_0047,1,0.987004
nb_char,clean,template,0,test_lookalike_all,bongo_0053,0,0.341656
nb_char,clean,template,0,test_lookalike_all,bongo_0055,1,0.319299
nb_char,clean,template,0,test_lookalike_all,bongo_0061,1,0.712659
nb_char,clean,template,0,test_lookalike_all,bongo_0097,0,0.604636
nb_char,clean,template,0,test_lookalike_all,bongo_0107,0,0.114246
nb_char,clean,template,0,test_lookalike_all,bongo_0110,0,0.131831
nb_char,clean,template,0,test_lookalike_all,bongo_0112,1,0.375437
nb_char,clean,template,0,test_lookalike_all,bongo_0115,0,0.648241
nb_char,clean,template,0,test_lookalike_all,bongo_0143,0,0.089357
nb_char,clean,template,0,test_lookalike_all,bongo_0146,1,0.981290
nb_char,clean,template,0,test_lookalike_all,bongo_0154,1,0.962955
nb_char,clean,template,0,test_lookalike_all,bongo_0159,1,0.249292
nb_char,clean,template,0,test_lookalike_all,bongo_0160,0,0.135545
nb_char,clean,template,0,test_lookalike_all,bongo_0172,0,0.382675
nb_char,clean,template,0,test_lookalike_all,bongo_0173,1,0.355668
nb_char,clean,template,0,test_lookalike_all,bongo_0175,0,0.188965
nb_char,clean,template,0,test_lookalike_all,bongo_0182,0,0.075308
nb_char,clean,template,0,test_lookalike_all,bongo_0195,1,0.995189
nb_char,clean,template,0,test_lookalike_all,bongo_0197,0,0.099532
nb_char,clean,template,0,test_lookalike_all,bongo_0201,1,0.988194
nb_char,clean,template,0,test_lookalike_all,bongo_0203,1,0.998670
nb_char,clean,template,0,test_lookalike_all,bongo_0250,1,0.290282
nb_char,clean,template,0,test_lookalike_all,bongo_0253,0,0.226151
nb_char,clean,template,0,test_lookalike_all,bongo_0255,1,0.206587
nb_char,clean,template,0,test_lookalike_all,bongo_0265,1,0.363268
nb_char,clean,template,0,test_lookalike_all,bongo_0271,0,0.089957
nb_char,clean,template,0,test_lookalike_all,bongo_0300,0,0.018482
nb_char,clean,template,0,test_lookalike_all,bongo_0306,0,0.123608
nb_char,clean,template,0,test_lookalike_all,bongo_0356,1,0.474241
nb_char,clean,template,0,test_lookalike_all,bongo_0360,1,0.982544
nb_char,clean,template,0,test_lookalike_all,bongo_0361,1,0.998153
nb_char,clean,template,0,test_lookalike_all,bongo_0363,0,0.098682
nb_char,clean,template,0,test_lookalike_all,bongo_0368,0,0.375441
nb_char,clean,template,0,test_lookalike_all,bongo_0372,0,0.318321
nb_char,clean,template,0,test_lookalike_all,bongo_0380,1,0.326762
nb_char,clean,template,0,test_lookalike_all,bongo_0389,0,0.147601
nb_char,clean,template,0,test_lookalike_all,bongo_0395,0,0.217050
nb_char,clean,template,0,test_lookalike_all,bongo_0405,1,0.988069
nb_char,clean,template,0,test_lookalike_all,bongo_0424,1,0.992386
nb_char,clean,template,0,test_lookalike_all,bongo_0427,0,0.759447
nb_char,clean,template,0,test_lookalike_all,bongo_0434,1,0.405108
nb_char,clean,template,0,test_lookalike_all,bongo_0463,0,0.694275
nb_char,clean,template,0,test_lookalike_all,bongo_0476,1,0.996391
nb_char,clean,template,0,test_lookalike_all,bongo_0510,1,0.997141
nb_char,clean,template,0,test_lookalike_all,bongo_0531,0,0.288838
nb_char,clean,template,0,test_lookalike_all,bongo_0542,0,0.140608
nb_char,clean,template,0,test_lookalike_all,bongo_0545,0,0.141677
nb_char,clean,template,0,test_lookalike_all,bongo_0560,1,0.801821
nb_char,clean,template,0,test_lookalike_all,bongo_0565,1,0.417803
nb_char,clean,template,0,test_lookalike_all,bongo_0566,1,0.996140
nb_char,clean,template,0,test_lookalike_all,bongo_0571,0,0.402319
nb_char,clean,template,0,test_lookalike_all,bongo_0577,1,0.990296
nb_char,clean,template,0,test_lookalike_all,bongo_0580,1,0.992595
nb_char,clean,template,0,test_lookalike_all,bongo_0621,1,0.982706
nb_char,clean,template,0,test_lookalike_all,bongo_0624,1,0.996272
nb_char,clean,template,0,test_lookalike_all,bongo_0630,0,0.168160
nb_char,clean,template,0,test_lookalike_all,bongo_0638,1,0.987664
nb_char,clean,template,0,test_lookalike_all,bongo_0648,0,0.315901
nb_char,clean,template,0,test_lookalike_all,bongo_0674,0,0.115431
nb_char,clean,template,0,test_lookalike_all,bongo_0685,0,0.974558
nb_char,clean,template,0,test_lookalike_all,bongo_0697,1,0.428861
nb_char,clean,template,0,test_lookalike_all,bongo_0701,0,0.127740
nb_char,clean,template,0,test_lookalike_all,bongo_0706,1,0.421978
nb_char,clean,template,0,test_lookalike_all,bongo_0719,1,0.280916
nb_char,clean,template,0,test_lookalike_all,bongo_0721,1,0.994219
nb_char,clean,template,0,test_lookalike_all,bongo_0724,1,0.383330
nb_char,clean,template,0,test_lookalike_all,bongo_0729,1,0.996619
nb_char,clean,template,0,test_lookalike_all,bongo_0741,0,0.054389
nb_char,clean,template,0,test_lookalike_all,bongo_0749,1,0.415677
nb_char,clean,template,0,test_lookalike_all,bongo_0769,1,0.996556
nb_char,clean,template,0,test_lookalike_all,bongo_0770,1,0.268971
nb_char,clean,template,0,test_lookalike_all,bongo_0778,1,0.420384
nb_char,clean,template,0,test_lookalike_all,bongo_0787,1,0.987591
nb_char,clean,template,0,test_lookalike_all,bongo_0795,0,0.229489
nb_char,clean,template,0,test_lookalike_all,bongo_0806,1,0.437318
nb_char,clean,template,0,test_lookalike_all,bongo_0807,1,0.989398
nb_char,clean,template,0,test_lookalike_all,bongo_0818,0,0.145114
nb_char,clean,template,0,test_lookalike_all,bongo_0819,0,0.226923
nb_char,clean,template,0,test_lookalike_all,bongo_0835,0,0.112382
nb_char,clean,template,0,test_lookalike_all,bongo_0840,1,0.984949
nb_char,clean,template,0,test_lookalike_all,bongo_0855,1,0.424635
nb_char,clean,template,0,test_lookalike_all,bongo_0856,0,0.078330
nb_char,clean,template,0,test_lookalike_all,bongo_0864,1,0.998945
nb_char,clean,template,0,test_lookalike_all,bongo_0871,1,0.997002
nb_char,clean,template,0,test_lookalike_all,bongo_0872,0,0.417833
nb_char,clean,template,0,test_lookalike_all,bongo_0904,0,0.731203
nb_char,clean,template,0,test_lookalike_all,bongo_0905,1,0.997889
nb_char,clean,template,0,test_lookalike_all,bongo_0909,1,0.990055
nb_char,clean,template,0,test_lookalike_all,bongo_0917,1,0.244714
nb_char,clean,template,0,test_lookalike_all,bongo_0918,1,0.987754
nb_char,clean,template,0,test_lookalike_all,bongo_0950,0,0.116249
nb_char,clean,template,0,test_lookalike_all,bongo_0955,1,0.993234
nb_char,clean,template,0,test_lookalike_all,bongo_0956,0,0.105956
nb_char,clean,template,0,test_lookalike_all,bongo_0971,0,0.124698
nb_char,clean,template,0,test_lookalike_all,bongo_0983,0,0.284358
nb_char,clean,template,0,test_lookalike_all,bongo_0989,1,0.995769
nb_char,clean,template,0,test_lookalike_all,bongo_0994,0,0.771988
nb_char,clean,template,0,test_lookalike_all,bongo_1003,1,0.785737
nb_char,clean,template,0,test_lookalike_all,bongo_1006,0,0.594470
nb_char,clean,template,0,test_lookalike_all,bongo_1012,1,0.392454
nb_char,clean,template,0,test_lookalike_all,bongo_1015,0,0.150850
nb_char,clean,template,0,test_lookalike_all,bongo_1022,1,0.351908
nb_char,clean,template,0,test_lookalike_all,bongo_1037,0,0.186122
nb_char,clean,template,0,test_lookalike_all,bongo_1040,0,0.305190
nb_char,clean,template,0,test_lookalike_all,bongo_1042,1,0.987650
nb_char,clean,template,0,test_lookalike_all,bongo_1047,1,0.998609
nb_char,clean,template,0,test_lookalike_all,bongo_1050,0,0.058295
nb_char,clean,template,0,test_lookalike_all,bongo_1052,1,0.982677
nb_char,clean,template,0,test_lookalike_all,bongo_1059,0,0.177674
nb_char,clean,template,0,test_lookalike_all,bongo_1071,0,0.252802
nb_char,clean,template,0,test_lookalike_all,bongo_1090,0,0.370587
nb_char,clean,template,0,test_lookalike_all,bongo_1104,1,0.990732
nb_char,clean,template,0,test_lookalike_all,bongo_1115,0,0.063667
nb_char,clean,template,0,test_lookalike_all,bongo_1123,0,0.078899
nb_char,clean,template,0,test_lookalike_all,bongo_1125,0,0.320429
nb_char,clean,template,0,test_lookalike_all,bongo_1127,1,0.471423
nb_char,clean,template,0,test_lookalike_all,bongo_1131,1,0.980944
nb_char,clean,template,0,test_lookalike_all,bongo_1134,1,0.357658
nb_char,clean,template,0,test_lookalike_all,bongo_1135,0,0.337561
nb_char,clean,template,0,test_lookalike_all,bongo_1136,1,0.807427
nb_char,clean,template,0,test_lookalike_all,bongo_1138,1,0.997604
nb_char,clean,template,0,test_lookalike_all,bongo_1140,1,0.965466
nb_char,clean,template,0,test_lookalike_all,bongo_1154,1,0.994472
nb_char,clean,template,0,test_lookalike_all,bongo_1155,0,0.050153
nb_char,clean,template,0,test_lookalike_all,bongo_1171,1,0.983649
nb_char,clean,template,0,test_lookalike_all,bongo_1181,1,0.993024
nb_char,clean,template,0,test_lookalike_all,bongo_1185,1,0.221257
nb_char,clean,template,0,test_lookalike_all,bongo_1194,0,0.278053
nb_char,clean,template,0,test_lookalike_all,bongo_1195,1,0.422837
nb_char,clean,template,0,test_lookalike_all,bongo_1198,0,0.126311
nb_char,clean,template,0,test_lookalike_all,bongo_1204,1,0.316943
nb_char,clean,template,0,test_lookalike_all,bongo_1220,1,0.993392
nb_char,clean,template,0,test_lookalike_all,bongo_1233,1,0.996266
nb_char,clean,template,0,test_lookalike_all,bongo_1236,0,0.086859
nb_char,clean,template,0,test_lookalike_all,bongo_1240,1,0.247839
nb_char,clean,template,0,test_lookalike_all,bongo_1244,0,0.137100
nb_char,clean,template,0,test_lookalike_all,bongo_1249,0,0.180521
nb_char,clean,template,0,test_lookalike_all,bongo_1253,0,0.321210
nb_char,clean,template,0,test_lookalike_all,bongo_1260,0,0.093479
nb_char,clean,template,0,test_lookalike_all,bongo_1262,0,0.303571
nb_char,clean,template,0,test_lookalike_all,bongo_1278,1,0.303455
nb_char,clean,template,0,test_lookalike_all,bongo_1285,0,0.085798
nb_char,clean,template,0,test_lookalike_all,bongo_1293,1,0.977359
nb_char,clean,template,0,test_lookalike_all,bongo_1316,0,0.194584
nb_char,clean,template,0,test_lookalike_all,bongo_1327,1,0.201070
nb_char,clean,template,0,test_lookalike_all,bongo_1330,0,0.358259
nb_char,clean,template,0,test_lookalike_all,bongo_1359,0,0.032501
nb_char,clean,template,0,test_lookalike_all,bongo_1375,0,0.090813
nb_char,clean,template,0,test_structural_1,bongo_0025,1,0.997135
nb_char,clean,template,0,test_structural_1,bongo_0029,0,0.319824
nb_char,clean,template,0,test_structural_1,bongo_0039,1,0.999922
nb_char,clean,template,0,test_structural_1,bongo_0047,1,0.996019
nb_char,clean,template,0,test_structural_1,bongo_0053,0,0.341656
nb_char,clean,template,0,test_structural_1,bongo_0055,1,0.801366
nb_char,clean,template,0,test_structural_1,bongo_0061,1,0.729895
nb_char,clean,template,0,test_structural_1,bongo_0097,0,0.604636
nb_char,clean,template,0,test_structural_1,bongo_0107,0,0.114246
nb_char,clean,template,0,test_structural_1,bongo_0110,0,0.131831
nb_char,clean,template,0,test_structural_1,bongo_0112,1,0.767505
nb_char,clean,template,0,test_structural_1,bongo_0115,0,0.648241
nb_char,clean,template,0,test_structural_1,bongo_0143,0,0.089357
nb_char,clean,template,0,test_structural_1,bongo_0146,1,0.999402
nb_char,clean,template,0,test_structural_1,bongo_0154,1,0.983569
nb_char,clean,template,0,test_structural_1,bongo_0159,1,0.692684
nb_char,clean,template,0,test_structural_1,bongo_0160,0,0.135545
nb_char,clean,template,0,test_structural_1,bongo_0172,0,0.382675
nb_char,clean,template,0,test_structural_1,bongo_0173,1,0.846736
nb_char,clean,template,0,test_structural_1,bongo_0175,0,0.188965
nb_char,clean,template,0,test_structural_1,bongo_0182,0,0.075308
nb_char,clean,template,0,test_structural_1,bongo_0195,1,0.997892
nb_char,clean,template,0,test_structural_1,bongo_0197,0,0.099532
nb_char,clean,template,0,test_structural_1,bongo_0201,1,0.998847
nb_char,clean,template,0,test_structural_1,bongo_0203,1,0.999886
nb_char,clean,template,0,test_structural_1,bongo_0250,1,0.692684
nb_char,clean,template,0,test_structural_1,bongo_0253,0,0.226151
nb_char,clean,template,0,test_structural_1,bongo_0255,1,0.637271
nb_char,clean,template,0,test_structural_1,bongo_0265,1,0.780074
nb_char,clean,template,0,test_structural_1,bongo_0271,0,0.089957
nb_char,clean,template,0,test_structural_1,bongo_0300,0,0.018482
nb_char,clean,template,0,test_structural_1,bongo_0306,0,0.123608
nb_char,clean,template,0,test_structural_1,bongo_0356,1,0.809027
nb_char,clean,template,0,test_structural_1,bongo_0360,1,0.999495
nb_char,clean,template,0,test_structural_1,bongo_0361,1,0.999886
nb_char,clean,template,0,test_structural_1,bongo_0363,0,0.098682
nb_char,clean,template,0,test_structural_1,bongo_0368,0,0.375441
nb_char,clean,template,0,test_structural_1,bongo_0372,0,0.318321
nb_char,clean,template,0,test_structural_1,bongo_0380,1,0.717696
nb_char,clean,template,0,test_structural_1,bongo_0389,0,0.147601
nb_char,clean,template,0,test_structural_1,bongo_0395,0,0.217050
nb_char,clean,template,0,test_structural_1,bongo_0405,1,0.999445
nb_char,clean,template,0,test_structural_1,bongo_0424,1,0.999034
nb_char,clean,template,0,test_structural_1,bongo_0427,0,0.759447
nb_char,clean,template,0,test_structural_1,bongo_0434,1,0.646396
nb_char,clean,template,0,test_structural_1,bongo_0463,0,0.694275
nb_char,clean,template,0,test_structural_1,bongo_0476,1,0.999397
nb_char,clean,template,0,test_structural_1,bongo_0510,1,0.999610
nb_char,clean,template,0,test_structural_1,bongo_0531,0,0.288838
nb_char,clean,template,0,test_structural_1,bongo_0542,0,0.140608
nb_char,clean,template,0,test_structural_1,bongo_0545,0,0.141677
nb_char,clean,template,0,test_structural_1,bongo_0560,1,0.936654
nb_char,clean,template,0,test_structural_1,bongo_0565,1,0.794255
nb_char,clean,template,0,test_structural_1,bongo_0566,1,0.999931
nb_char,clean,template,0,test_structural_1,bongo_0571,0,0.402319
nb_char,clean,template,0,test_structural_1,bongo_0577,1,0.999644
nb_char,clean,template,0,test_structural_1,bongo_0580,1,0.996906
nb_char,clean,template,0,test_structural_1,bongo_0621,1,0.996905
nb_char,clean,template,0,test_structural_1,bongo_0624,1,0.999679
nb_char,clean,template,0,test_structural_1,bongo_0630,0,0.168160
nb_char,clean,template,0,test_structural_1,bongo_0638,1,0.999848
nb_char,clean,template,0,test_structural_1,bongo_0648,0,0.315901
nb_char,clean,template,0,test_structural_1,bongo_0674,0,0.115431
nb_char,clean,template,0,test_structural_1,bongo_0685,0,0.974558
nb_char,clean,template,0,test_structural_1,bongo_0697,1,0.794255
nb_char,clean,template,0,test_structural_1,bongo_0701,0,0.127740
nb_char,clean,template,0,test_structural_1,bongo_0706,1,0.778965
nb_char,clean,template,0,test_structural_1,bongo_0719,1,0.662794
nb_char,clean,template,0,test_structural_1,bongo_0721,1,0.999130
nb_char,clean,template,0,test_structural_1,bongo_0724,1,0.727507
nb_char,clean,template,0,test_structural_1,bongo_0729,1,0.998086
nb_char,clean,template,0,test_structural_1,bongo_0741,0,0.054389
nb_char,clean,template,0,test_structural_1,bongo_0749,1,0.736034
nb_char,clean,template,0,test_structural_1,bongo_0769,1,0.999684
nb_char,clean,template,0,test_structural_1,bongo_0770,1,0.646396
nb_char,clean,template,0,test_structural_1,bongo_0778,1,0.744191
nb_char,clean,template,0,test_structural_1,bongo_0787,1,0.999742
nb_char,clean,template,0,test_structural_1,bongo_0795,0,0.229489
nb_char,clean,template,0,test_structural_1,bongo_0806,1,0.721717
nb_char,clean,template,0,test_structural_1,bongo_0807,1,0.998990
nb_char,clean,template,0,test_structural_1,bongo_0818,0,0.145114
nb_char,clean,template,0,test_structural_1,bongo_0819,0,0.226923
nb_char,clean,template,0,test_structural_1,bongo_0835,0,0.112382
nb_char,clean,template,0,test_structural_1,bongo_0840,1,0.999539
nb_char,clean,template,0,test_structural_1,bongo_0855,1,0.859933
nb_char,clean,template,0,test_structural_1,bongo_0856,0,0.078330
nb_char,clean,template,0,test_structural_1,bongo_0864,1,0.999909
nb_char,clean,template,0,test_structural_1,bongo_0871,1,0.999806
nb_char,clean,template,0,test_structural_1,bongo_0872,0,0.417833
nb_char,clean,template,0,test_structural_1,bongo_0904,0,0.731203
nb_char,clean,template,0,test_structural_1,bongo_0905,1,0.999751
nb_char,clean,template,0,test_structural_1,bongo_0909,1,0.999459
nb_char,clean,template,0,test_structural_1,bongo_0917,1,0.634743
nb_char,clean,template,0,test_structural_1,bongo_0918,1,0.999538
nb_char,clean,template,0,test_structural_1,bongo_0950,0,0.116249
nb_char,clean,template,0,test_structural_1,bongo_0955,1,0.999690
nb_char,clean,template,0,test_structural_1,bongo_0956,0,0.105956
nb_char,clean,template,0,test_structural_1,bongo_0971,0,0.124698
nb_char,clean,template,0,test_structural_1,bongo_0983,0,0.284358
nb_char,clean,template,0,test_structural_1,bongo_0989,1,0.999785
nb_char,clean,template,0,test_structural_1,bongo_0994,0,0.771988
nb_char,clean,template,0,test_structural_1,bongo_1003,1,0.925660
nb_char,clean,template,0,test_structural_1,bongo_1006,0,0.594470
nb_char,clean,template,0,test_structural_1,bongo_1012,1,0.846399
nb_char,clean,template,0,test_structural_1,bongo_1015,0,0.150850
nb_char,clean,template,0,test_structural_1,bongo_1022,1,0.680825
nb_char,clean,template,0,test_structural_1,bongo_1037,0,0.186122
nb_char,clean,template,0,test_structural_1,bongo_1040,0,0.305190
nb_char,clean,template,0,test_structural_1,bongo_1042,1,0.999041
nb_char,clean,template,0,test_structural_1,bongo_1047,1,0.999899
nb_char,clean,template,0,test_structural_1,bongo_1050,0,0.058295
nb_char,clean,template,0,test_structural_1,bongo_1052,1,0.998950
nb_char,clean,template,0,test_structural_1,bongo_1059,0,0.177674
nb_char,clean,template,0,test_structural_1,bongo_1071,0,0.252802
nb_char,clean,template,0,test_structural_1,bongo_1090,0,0.370587
nb_char,clean,template,0,test_structural_1,bongo_1104,1,0.999405
nb_char,clean,template,0,test_structural_1,bongo_1115,0,0.063667
nb_char,clean,template,0,test_structural_1,bongo_1123,0,0.078899
nb_char,clean,template,0,test_structural_1,bongo_1125,0,0.320429
nb_char,clean,template,0,test_structural_1,bongo_1127,1,0.810469
nb_char,clean,template,0,test_structural_1,bongo_1131,1,0.998566
nb_char,clean,template,0,test_structural_1,bongo_1134,1,0.744025
nb_char,clean,template,0,test_structural_1,bongo_1135,0,0.337561
nb_char,clean,template,0,test_structural_1,bongo_1136,1,0.977116
nb_char,clean,template,0,test_structural_1,bongo_1138,1,0.999840
nb_char,clean,template,0,test_structural_1,bongo_1140,1,0.998361
nb_char,clean,template,0,test_structural_1,bongo_1154,1,0.999875
nb_char,clean,template,0,test_structural_1,bongo_1155,0,0.050153
nb_char,clean,template,0,test_structural_1,bongo_1171,1,0.999082
nb_char,clean,template,0,test_structural_1,bongo_1181,1,0.998205
nb_char,clean,template,0,test_structural_1,bongo_1185,1,0.676823
nb_char,clean,template,0,test_structural_1,bongo_1194,0,0.278053
nb_char,clean,template,0,test_structural_1,bongo_1195,1,0.876233
nb_char,clean,template,0,test_structural_1,bongo_1198,0,0.126311
nb_char,clean,template,0,test_structural_1,bongo_1204,1,0.626340
nb_char,clean,template,0,test_structural_1,bongo_1220,1,0.999734
nb_char,clean,template,0,test_structural_1,bongo_1233,1,0.999903
nb_char,clean,template,0,test_structural_1,bongo_1236,0,0.086859
nb_char,clean,template,0,test_structural_1,bongo_1240,1,0.630112
nb_char,clean,template,0,test_structural_1,bongo_1244,0,0.137100
nb_char,clean,template,0,test_structural_1,bongo_1249,0,0.180521
nb_char,clean,template,0,test_structural_1,bongo_1253,0,0.321210
nb_char,clean,template,0,test_structural_1,bongo_1260,0,0.093479
nb_char,clean,template,0,test_structural_1,bongo_1262,0,0.303571
nb_char,clean,template,0,test_structural_1,bongo_1278,1,0.711055
nb_char,clean,template,0,test_structural_1,bongo_1285,0,0.085798
nb_char,clean,template,0,test_structural_1,bongo_1293,1,0.999440
nb_char,clean,template,0,test_structural_1,bongo_1316,0,0.194584
nb_char,clean,template,0,test_structural_1,bongo_1327,1,0.602559
nb_char,clean,template,0,test_structural_1,bongo_1330,0,0.358259
nb_char,clean,template,0,test_structural_1,bongo_1359,0,0.032501
nb_char,clean,template,0,test_structural_1,bongo_1375,0,0.090813
nb_char,clean,template,0,test_structural_3,bongo_0025,1,0.995568
nb_char,clean,template,0,test_structural_3,bongo_0029,0,0.319824
nb_char,clean,template,0,test_structural_3,bongo_0039,1,0.999100
nb_char,clean,template,0,test_structural_3,bongo_0047,1,0.995548
nb_char,clean,template,0,test_structural_3,bongo_0053,0,0.341656
nb_char,clean,template,0,test_structural_3,bongo_0055,1,0.466419
nb_char,clean,template,0,test_structural_3,bongo_0061,1,0.713319
nb_char,clean,template,0,test_structural_3,bongo_0097,0,0.604636
nb_char,clean,template,0,test_structural_3,bongo_0107,0,0.114246
nb_char,clean,template,0,test_structural_3,bongo_0110,0,0.131831
nb_char,clean,template,0,test_structural_3,bongo_0112,1,0.724947
nb_char,clean,template,0,test_structural_3,bongo_0115,0,0.648241
nb_char,clean,template,0,test_structural_3,bongo_0143,0,0.089357
nb_char,clean,template,0,test_structural_3,bongo_0146,1,0.998419
nb_char,clean,template,0,test_structural_3,bongo_0154,1,0.977544
nb_char,clean,template,0,test_structural_3,bongo_0159,1,0.462189
nb_char,clean,template,0,test_structural_3,bongo_0160,0,0.135545
nb_char,clean,template,0,test_structural_3,bongo_0172,0,0.382675
nb_char,clean,template,0,test_structural_3,bongo_0173,1,0.805062
nb_char,clean,template,0,test_structural_3,bongo_0175,0,0.188965
nb_char,clean,template,0,test_structural_3,bongo_0182,0,0.075308
nb_char,clean,template,0,test_structural_3,bongo_0195,1,0.996495
nb_char,clean,template,0,test_structural_3,bongo_0197,0,0.099532
nb_char,clean,template,0,test_structural_3,bongo_0201,1,0.996930
nb_char,clean,template,0,test_structural_3,bongo_0203,1,0.999653
nb_char,clean,template,0,test_structural_3,bongo_0250,1,0.533164
nb_char,clean,template,0,test_structural_3,bongo_0253,0,0.226151
nb_char,clean,template,0,test_structural_3,bongo_0255,1,0.564101
nb_char,clean,template,0,test_structural_3,bongo_0265,1,0.731740
nb_char,clean,template,0,test_structural_3,bongo_0271,0,0.089957
nb_char,clean,template,0,test_structural_3,bongo_0300,0,0.018482
nb_char,clean,template,0,test_structural_3,bongo_0306,0,0.123608
nb_char,clean,template,0,test_structural_3,bongo_0356,1,0.681399
nb_char,clean,template,0,test_structural_3,bongo_0360,1,0.999039
nb_char,clean,template,0,test_structural_3,bongo_0361,1,0.999388
nb_char,clean,template,0,test_structural_3,bongo_0363,0,0.098682
nb_char,clean,template,0,test_structural_3,bongo_0368,0,0.375441
nb_char,clean,template,0,test_structural_3,bongo_0372,0,0.318321
nb_char,clean,template,0,test_structural_3,bongo_0380,1,0.645279
nb_char,clean,template,0,test_structural_3,bongo_0389,0,0.147601
nb_char,clean,template,0,test_structural_3,bongo_0395,0,0.217050
nb_char,clean,template,0,test_structural_3,bongo_0405,1,0.998413
nb_char,clean,template,0,test_structural_3,bongo_0424,1,0.997864
nb_char,clean,template,0,test_structural_3,bongo_0427,0,0.759447
nb_char,clean,template,0,test_structural_3,bongo_0434,1,0.672467
nb_char,clean,template,0,test_structural_3,bongo_0463,0,0.694275
nb_char,clean,template,0,test_structural_3,bongo_0476,1,0.995726
nb_char,clean,template,0,test_structural_3,bongo_0510,1,0.998203
nb_char,clean,template,0,test_structural_3,bongo_0531,0,0.288838
nb_char,clean,template,0,test_structural_3,bongo_0542,0,0.140608
nb_char,clean,template,0,test_structural_3,bongo_0545,0,0.141677
nb_char,clean,template,0,test_structural_3,bongo_0560,1,0.935633
nb_char,clean,template,0,test_structural_3,bongo_0565,1,0.785040
nb_char,clean,template,0,test_structural_3,bongo_0566,1,0.999756
nb_char,clean,template,0,test_structural_3,bongo_0571,0,0.402319
nb_char,clean,template,0,test_structural_3,bongo_0577,1,0.998519
nb_char,clean,template,0,test_structural_3,bongo_0580,1,0.993114
nb_char,clean,template,0,test_structural_3,bongo_0621,1,0.987775
nb_char,clean,template,0,test_structural_3,bongo_0624,1,0.999390
nb_char,clean,template,0,test_structural_3,bongo_0630,0,0.168160
nb_char,clean,template,0,test_structural_3,bongo_0638,1,0.999514
nb_char,clean,template,0,test_structural_3,bongo_0648,0,0.315901
nb_char,clean,template,0,test_structural_3,bongo_0674,0,0.115431
nb_char,clean,template,0,test_structural_3,bongo_0685,0,0.974558
nb_char,clean,template,0,test_structural_3,bongo_0697,1,0.633194
nb_char,clean,template,0,test_structural_3,bongo_0701,0,0.127740
nb_char,clean,template,0,test_structural_3,bongo_0706,1,0.830316
nb_char,clean,template,0,test_structural_3,bongo_0719,1,0.571227
nb_char,clean,template,0,test_structural_3,bongo_0721,1,0.995701
nb_char,clean,template,0,test_structural_3,bongo_0724,1,0.708274
nb_char,clean,template,0,test_structural_3,bongo_0729,1,0.996166
nb_char,clean,template,0,test_structural_3,bongo_0741,0,0.054389
nb_char,clean,template,0,test_structural_3,bongo_0749,1,0.783630
nb_char,clean,template,0,test_structural_3,bongo_0769,1,0.998294
nb_char,clean,template,0,test_structural_3,bongo_0770,1,0.475798
nb_char,clean,template,0,test_structural_3,bongo_0778,1,0.644375
nb_char,clean,template,0,test_structural_3,bongo_0787,1,0.999480
nb_char,clean,template,0,test_structural_3,bongo_0795,0,0.229489
nb_char,clean,template,0,test_structural_3,bongo_0806,1,0.669389
nb_char,clean,template,0,test_structural_3,bongo_0807,1,0.998289
nb_char,clean,template,0,test_structural_3,bongo_0818,0,0.145114
nb_char,clean,template,0,test_structural_3,bongo_0819,0,0.226923
nb_char,clean,template,0,test_structural_3,bongo_0835,0,0.112382
nb_char,clean,template,0,test_structural_3,bongo_0840,1,0.999114
nb_char,clean,template,0,test_structural_3,bongo_0855,1,0.699076
nb_char,clean,template,0,test_structural_3,bongo_0856,0,0.078330
nb_char,clean,template,0,test_structural_3,bongo_0864,1,0.999648
nb_char,clean,template,0,test_structural_3,bongo_0871,1,0.999363
nb_char,clean,template,0,test_structural_3,bongo_0872,0,0.417833
nb_char,clean,template,0,test_structural_3,bongo_0904,0,0.731203
nb_char,clean,template,0,test_structural_3,bongo_0905,1,0.999384
nb_char,clean,template,0,test_structural_3,bongo_0909,1,0.997418
nb_char,clean,template,0,test_structural_3,bongo_0917,1,0.541226
nb_char,clean,template,0,test_structural_3,bongo_0918,1,0.996741
nb_char,clean,template,0,test_structural_3,bongo_0950,0,0.116249
nb_char,clean,template,0,test_structural_3,bongo_0955,1,0.999126
nb_char,clean,template,0,test_structural_3,bongo_0956,0,0.105956
nb_char,clean,template,0,test_structural_3,bongo_0971,0,0.124698
nb_char,clean,template,0,test_structural_3,bongo_0983,0,0.284358
nb_char,clean,template,0,test_structural_3,bongo_0989,1,0.999301
nb_char,clean,template,0,test_structural_3,bongo_0994,0,0.771988
nb_char,clean,template,0,test_structural_3,bongo_1003,1,0.903321
nb_char,clean,template,0,test_structural_3,bongo_1006,0,0.594470
nb_char,clean,template,0,test_structural_3,bongo_1012,1,0.628312
nb_char,clean,template,0,test_structural_3,bongo_1015,0,0.150850
nb_char,clean,template,0,test_structural_3,bongo_1022,1,0.508027
nb_char,clean,template,0,test_structural_3,bongo_1037,0,0.186122
nb_char,clean,template,0,test_structural_3,bongo_1040,0,0.305190
nb_char,clean,template,0,test_structural_3,bongo_1042,1,0.996034
nb_char,clean,template,0,test_structural_3,bongo_1047,1,0.999511
nb_char,clean,template,0,test_structural_3,bongo_1050,0,0.058295
nb_char,clean,template,0,test_structural_3,bongo_1052,1,0.996704
nb_char,clean,template,0,test_structural_3,bongo_1059,0,0.177674
nb_char,clean,template,0,test_structural_3,bongo_1071,0,0.252802
nb_char,clean,template,0,test_structural_3,bongo_1090,0,0.370587
nb_char,clean,template,0,test_structural_3,bongo_1104,1,0.997544
nb_char,clean,template,0,test_structural_3,bongo_1115,0,0.063667
nb_char,clean,template,0,test_structural_3,bongo_1123,0,0.078899
nb_char,clean,template,0,test_structural_3,bongo_1125,0,0.320429
nb_char,clean,template,0,test_structural_3,bongo_1127,1,0.839573
nb_char,clean,template,0,test_structural_3,bongo_1131,1,0.997636
nb_char,clean,template,0,test_structural_3,bongo_1134,1,0.707145
nb_char,clean,template,0,test_structural_3,bongo_1135,0,0.337561
nb_char,clean,template,0,test_structural_3,bongo_1136,1,0.967778
nb_char,clean,template,0,test_structural_3,bongo_1138,1,0.999803
nb_char,clean,template,0,test_structural_3,bongo_1140,1,0.992521
nb_char,clean,template,0,test_structural_3,bongo_1154,1,0.999515
nb_char,clean,template,0,test_structural_3,bongo_1155,0,0.050153
nb_char,clean,template,0,test_structural_3,bongo_1171,1,0.998026
nb_char,clean,template,0,test_structural_3,bongo_1181,1,0.981544
nb_char,clean,template,0,test_structural_3,bongo_1185,1,0.659339
nb_char,clean,template,0,test_structural_3,bongo_1194,0,0.278053
nb_char,clean,template,0,test_structural_3,bongo_1195,1,0.786111
nb_char,clean,template,0,test_structural_3,bongo_1198,0,0.126311
nb_char,clean,template,0,test_structural_3,bongo_1204,1,0.674155
nb_char,clean,template,0,test_structural_3,bongo_1220,1,0.998782
nb_char,clean,template,0,test_structural_3,bongo_1233,1,0.999656
nb_char,clean,template,0,test_structural_3,bongo_1236,0,0.086859
nb_char,clean,template,0,test_structural_3,bongo_1240,1,0.610119
nb_char,clean,template,0,test_structural_3,bongo_1244,0,0.137100
nb_char,clean,template,0,test_structural_3,bongo_1249,0,0.180521
nb_char,clean,template,0,test_structural_3,bongo_1253,0,0.321210
nb_char,clean,template,0,test_structural_3,bongo_1260,0,0.093479
nb_char,clean,template,0,test_structural_3,bongo_1262,0,0.303571
nb_char,clean,template,0,test_structural_3,bongo_1278,1,0.636454
nb_char,clean,template,0,test_structural_3,bongo_1285,0,0.085798
nb_char,clean,template,0,test_structural_3,bongo_1293,1,0.997920
nb_char,clean,template,0,test_structural_3,bongo_1316,0,0.194584
nb_char,clean,template,0,test_structural_3,bongo_1327,1,0.581124
nb_char,clean,template,0,test_structural_3,bongo_1330,0,0.358259
nb_char,clean,template,0,test_structural_3,bongo_1359,0,0.032501
nb_char,clean,template,0,test_structural_3,bongo_1375,0,0.090813
nb_char,clean,template,0,test_structural_all,bongo_0025,1,0.988455
nb_char,clean,template,0,test_structural_all,bongo_0029,0,0.319824
nb_char,clean,template,0,test_structural_all,bongo_0039,1,0.998791
nb_char,clean,template,0,test_structural_all,bongo_0047,1,0.994162
nb_char,clean,template,0,test_structural_all,bongo_0053,0,0.341656
nb_char,clean,template,0,test_structural_all,bongo_0055,1,0.439146
nb_char,clean,template,0,test_structural_all,bongo_0061,1,0.729581
nb_char,clean,template,0,test_structural_all,bongo_0097,0,0.604636
nb_char,clean,template,0,test_structural_all,bongo_0107,0,0.114246
nb_char,clean,template,0,test_structural_all,bongo_0110,0,0.131831
nb_char,clean,template,0,test_structural_all,bongo_0112,1,0.676338
nb_char,clean,template,0,test_structural_all,bongo_0115,0,0.648241
nb_char,clean,template,0,test_structural_all,bongo_0143,0,0.089357
nb_char,clean,template,0,test_structural_all,bongo_0146,1,0.988122
nb_char,clean,template,0,test_structural_all,bongo_0154,1,0.948886
nb_char,clean,template,0,test_structural_all,bongo_0159,1,0.454344
nb_char,clean,template,0,test_structural_all,bongo_0160,0,0.135545
nb_char,clean,template,0,test_structural_all,bongo_0172,0,0.382675
nb_char,clean,template,0,test_structural_all,bongo_0173,1,0.659308
nb_char,clean,template,0,test_structural_all,bongo_0175,0,0.188965
nb_char,clean,template,0,test_structural_all,bongo_0182,0,0.075308
nb_char,clean,template,0,test_structural_all,bongo_0195,1,0.992557
nb_char,clean,template,0,test_structural_all,bongo_0197,0,0.099532
nb_char,clean,template,0,test_structural_all,bongo_0201,1,0.992661
nb_char,clean,template,0,test_structural_all,bongo_0203,1,0.997726
nb_char,clean,template,0,test_structural_all,bongo_0250,1,0.668102
nb_char,clean,template,0,test_structural_all,bongo_0253,0,0.226151
nb_char,clean,template,0,test_structural_all,bongo_0255,1,0.571309
nb_char,clean,template,0,test_structural_all,bongo_0265,1,0.711949
nb_char,clean,template,0,test_structural_all,bongo_0271,0,0.089957
nb_char,clean,template,0,test_structural_all,bongo_0300,0,0.018482
nb_char,clean,template,0,test_structural_all,bongo_0306,0,0.123608
nb_char,clean,template,0,test_structural_all,bongo_0356,1,0.696636
nb_char,clean,template,0,test_structural_all,bongo_0360,1,0.996707
nb_char,clean,template,0,test_structural_all,bongo_0361,1,0.998225
nb_char,clean,template,0,test_structural_all,bongo_0363,0,0.098682
nb_char,clean,template,0,test_structural_all,bongo_0368,0,0.375441
nb_char,clean,template,0,test_structural_all,bongo_0372,0,0.318321
nb_char,clean,template,0,test_structural_all,bongo_0380,1,0.551849
nb_char,clean,template,0,test_structural_all,bongo_0389,0,0.147601
nb_char,clean,template,0,test_structural_all,bongo_0395,0,0.217050
nb_char,clean,template,0,test_structural_all,bongo_0405,1,0.992934
nb_char,clean,template,0,test_structural_all,bongo_0424,1,0.993185
nb_char,clean,template,0,test_structural_all,bongo_0427,0,0.759447
nb_char,clean,template,0,test_structural_all,bongo_0434,1,0.465846
nb_char,clean,template,0,test_structural_all,bongo_0463,0,0.694275
nb_char,clean,template,0,test_structural_all,bongo_0476,1,0.995258
nb_char,clean,template,0,test_structural_all,bongo_0510,1,0.997608
nb_char,clean,template,0,test_structural_all,bongo_0531,0,0.288838
nb_char,clean,template,0,test_structural_all,bongo_0542,0,0.140608
nb_char,clean,template,0,test_structural_all,bongo_0545,0,0.141677
nb_char,clean,template,0,test_structural_all,bongo_0560,1,0.852010
nb_char,clean,template,0,test_structural_all,bongo_0565,1,0.489788
nb_char,clean,template,0,test_structural_all,bongo_0566,1,0.997706
nb_char,clean,template,0,test_structural_all,bongo_0571,0,0.402319
nb_char,clean,template,0,test_structural_all,bongo_0577,1,0.988614
nb_char,clean,template,0,test_structural_all,bongo_0580,1,0.998520
nb_char,clean,template,0,test_structural_all,bongo_0621,1,0.989723
nb_char,clean,template,0,test_structural_all,bongo_0624,1,0.996052
nb_char,clean,template,0,test_structural_all,bongo_0630,0,0.168160
nb_char,clean,template,0,test_structural_all,bongo_0638,1,0.992297
nb_char,clean,template,0,test_structural_all,bongo_0648,0,0.315901
nb_char,clean,template,0,test_structural_all,bongo_0674,0,0.115431
nb_char,clean,template,0,test_structural_all,bongo_0685,0,0.974558
nb_char,clean,template,0,test_structural_all,bongo_0697,1,0.610536
nb_char,clean,template,0,test_structural_all,bongo_0701,0,0.127740
nb_char,clean,template,0,test_structural_all,bongo_0706,1,0.742023
nb_char,clean,template,0,test_structural_all,bongo_0719,1,0.478290
nb_char,clean,template,0,test_structural_all,bongo_0721,1,0.995890
nb_char,clean,template,0,test_structural_all,bongo_0724,1,0.667551
nb_char,clean,template,0,test_structural_all,bongo_0729,1,0.987784
nb_char,clean,template,0,test_structural_all,bongo_0741,0,0.054389
nb_char,clean,template,0,test_structural_all,bongo_0749,1,0.743805
nb_char,clean,template,0,test_structural_all,bongo_0769,1,0.995796
nb_char,clean,template,0,test_structural_all,bongo_0770,1,0.415632
nb_char,clean,template,0,test_structural_all,bongo_0778,1,0.482661
nb_char,clean,template,0,test_structural_all,bongo_0787,1,0.993632
nb_char,clean,template,0,test_structural_all,bongo_0795,0,0.229489
nb_char,clean,template,0,test_structural_all,bongo_0806,1,0.398213
nb_char,clean,template,0,test_structural_all,bongo_0807,1,0.994373
nb_char,clean,template,0,test_structural_all,bongo_0818,0,0.145114
nb_char,clean,template,0,test_structural_all,bongo_0819,0,0.226923
nb_char,clean,template,0,test_structural_all,bongo_0835,0,0.112382
nb_char,clean,template,0,test_structural_all,bongo_0840,1,0.996048
nb_char,clean,template,0,test_structural_all,bongo_0855,1,0.481327
nb_char,clean,template,0,test_structural_all,bongo_0856,0,0.078330
nb_char,clean,template,0,test_structural_all,bongo_0864,1,0.997822
nb_char,clean,template,0,test_structural_all,bongo_0871,1,0.996239
nb_char,clean,template,0,test_structural_all,bongo_0872,0,0.417833
nb_char,clean,template,0,test_structural_all,bongo_0904,0,0.731203
nb_char,clean,template,0,test_structural_all,bongo_0905,1,0.993463
nb_char,clean,template,0,test_structural_all,bongo_0909,1,0.995240
nb_char,clean,template,0,test_structural_all,bongo_0917,1,0.478407
nb_char,clean,template,0,test_structural_all,bongo_0918,1,0.994609
nb_char,clean,template,0,test_structural_all,bongo_0950,0,0.116249
nb_char,clean,template,0,test_structural_all,bongo_0955,1,0.996992
nb_char,clean,template,0,test_structural_all,bongo_0956,0,0.105956
nb_char,clean,template,0,test_structural_all,bongo_0971,0,0.124698
nb_char,clean,template,0,test_structural_all,bongo_0983,0,0.284358
nb_char,clean,template,0,test_structural_all,bongo_0989,1,0.996631
nb_char,clean,template,0,test_structural_all,bongo_0994,0,0.771988
nb_char,clean,template,0,test_structural_all,bongo_1003,1,0.893002
nb_char,clean,template,0,test_structural_all,bongo_1006,0,0.594470
nb_char,clean,template,0,test_structural_all,bongo_1012,1,0.523300
nb_char,clean,template,0,test_structural_all,bongo_1015,0,0.150850
nb_char,clean,template,0,test_structural_all,bongo_1022,1,0.426917
nb_char,clean,template,0,test_structural_all,bongo_1037,0,0.186122
nb_char,clean,template,0,test_structural_all,bongo_1040,0,0.305190
nb_char,clean,template,0,test_structural_all,bongo_1042,1,0.988661
nb_char,clean,template,0,test_structural_all,bongo_1047,1,0.999570
nb_char,clean,template,0,test_structural_all,bongo_1050,0,0.058295
nb_char,clean,template,0,test_structural_all,bongo_1052,1,0.977532
nb_char,clean,template,0,test_structural_all,bongo_1059,0,0.177674
nb_char,clean,template,0,test_structural_all,bongo_1071,0,0.252802
nb_char,clean,template,0,test_structural_all,bongo_1090,0,0.370587
nb_char,clean,template,0,test_structural_all,bongo_1104,1,0.989161
nb_char,clean,template,0,test_structural_all,bongo_1115,0,0.063667
nb_char,clean,template,0,test_structural_all,bongo_1123,0,0.078899
nb_char,clean,template,0,test_structural_all,bongo_1125,0,0.320429
nb_char,clean,template,0,test_structural_all,bongo_1127,1,0.536429
nb_char,clean,template,0,test_structural_all,bongo_1131,1,0.991939
nb_char,clean,template,0,test_structural_all,bongo_1134,1,0.546252
nb_char,clean,template,0,test_structural_all,bongo_1135,0,0.337561
nb_char,clean,template,0,test_structural_all,bongo_1136,1,0.914847
nb_char,clean,template,0,test_structural_all,bongo_1138,1,0.990924
nb_char,clean,template,0,test_structural_all,bongo_1140,1,0.977561
nb_char,clean,template,0,test_structural_all,bongo_1154,1,0.988984
nb_char,clean,template,0,test_structural_all,bongo_1155,0,0.050153
nb_char,clean,template,0,test_structural_all,bongo_1171,1,0.992508
nb_char,clean,template,0,test_structural_all,bongo_1181,1,0.985838
nb_char,clean,template,0,test_structural_all,bongo_1185,1,0.483863
nb_char,clean,template,0,test_structural_all,bongo_1194,0,0.278053
nb_char,clean,template,0,test_structural_all,bongo_1195,1,0.741105
nb_char,clean,template,0,test_structural_all,bongo_1198,0,0.126311
nb_char,clean,template,0,test_structural_all,bongo_1204,1,0.378061
nb_char,clean,template,0,test_structural_all,bongo_1220,1,0.981785
nb_char,clean,template,0,test_structural_all,bongo_1233,1,0.997769
nb_char,clean,template,0,test_structural_all,bongo_1236,0,0.086859
nb_char,clean,template,0,test_structural_all,bongo_1240,1,0.474085
nb_char,clean,template,0,test_structural_all,bongo_1244,0,0.137100
nb_char,clean,template,0,test_structural_all,bongo_1249,0,0.180521
nb_char,clean,template,0,test_structural_all,bongo_1253,0,0.321210
nb_char,clean,template,0,test_structural_all,bongo_1260,0,0.093479
nb_char,clean,template,0,test_structural_all,bongo_1262,0,0.303571
nb_char,clean,template,0,test_structural_all,bongo_1278,1,0.439133
nb_char,clean,template,0,test_structural_all,bongo_1285,0,0.085798
nb_char,clean,template,0,test_structural_all,bongo_1293,1,0.988344
nb_char,clean,template,0,test_structural_all,bongo_1316,0,0.194584
nb_char,clean,template,0,test_structural_all,bongo_1327,1,0.372464
nb_char,clean,template,0,test_structural_all,bongo_1330,0,0.358259
nb_char,clean,template,0,test_structural_all,bongo_1359,0,0.032501
nb_char,clean,template,0,test_structural_all,bongo_1375,0,0.090813
nb_char,clean,template,0,test_codeswitch_1,bongo_0025,1,0.996615
nb_char,clean,template,0,test_codeswitch_1,bongo_0029,0,0.319824
nb_char,clean,template,0,test_codeswitch_1,bongo_0039,1,0.999708
nb_char,clean,template,0,test_codeswitch_1,bongo_0047,1,0.995941
nb_char,clean,template,0,test_codeswitch_1,bongo_0053,0,0.341656
nb_char,clean,template,0,test_codeswitch_1,bongo_0055,1,0.744104
nb_char,clean,template,0,test_codeswitch_1,bongo_0061,1,0.731348
nb_char,clean,template,0,test_codeswitch_1,bongo_0097,0,0.604636
nb_char,clean,template,0,test_codeswitch_1,bongo_0107,0,0.114246
nb_char,clean,template,0,test_codeswitch_1,bongo_0110,0,0.131831
nb_char,clean,template,0,test_codeswitch_1,bongo_0112,1,0.827197
nb_char,clean,template,0,test_codeswitch_1,bongo_0115,0,0.648241
nb_char,clean,template,0,test_codeswitch_1,bongo_0143,0,0.089357
nb_char,clean,template,0,test_codeswitch_1,bongo_0146,1,0.999728
nb_char,clean,template,0,test_codeswitch_1,bongo_0154,1,0.983976
nb_char,clean,template,0,test_codeswitch_1,bongo_0159,1,0.716450
nb_char,clean,template,0,test_codeswitch_1,bongo_0160,0,0.135545
nb_char,clean,template,0,test_codeswitch_1,bongo_0172,0,0.382675
nb_char,clean,template,0,test_codeswitch_1,bongo_0173,1,0.856239
nb_char,clean,template,0,test_codeswitch_1,bongo_0175,0,0.188965
nb_char,clean,template,0,test_codeswitch_1,bongo_0182,0,0.075308
nb_char,clean,template,0,test_codeswitch_1,bongo_0195,1,0.996497
nb_char,clean,template,0,test_codeswitch_1,bongo_0197,0,0.099532
nb_char,clean,template,0,test_codeswitch_1,bongo_0201,1,0.997677
nb_char,clean,template,0,test_codeswitch_1,bongo_0203,1,0.999874
nb_char,clean,template,0,test_codeswitch_1,bongo_0250,1,0.716450
nb_char,clean,template,0,test_codeswitch_1,bongo_0253,0,0.226151
nb_char,clean,template,0,test_codeswitch_1,bongo_0255,1,0.647304
nb_char,clean,template,0,test_codeswitch_1,bongo_0265,1,0.784398
nb_char,clean,template,0,test_codeswitch_1,bongo_0271,0,0.089957
nb_char,clean,template,0,test_codeswitch_1,bongo_0300,0,0.018482
nb_char,clean,template,0,test_codeswitch_1,bongo_0306,0,0.123608
nb_char,clean,template,0,test_codeswitch_1,bongo_0356,1,0.819243
nb_char,clean,template,0,test_codeswitch_1,bongo_0360,1,0.998886
nb_char,clean,template,0,test_codeswitch_1,bongo_0361,1,0.999874
nb_char,clean,template,0,test_codeswitch_1,bongo_0363,0,0.098682
nb_char,clean,template,0,test_codeswitch_1,bongo_0368,0,0.375441
nb_char,clean,template,0,test_codeswitch_1,bongo_0372,0,0.318321
nb_char,clean,template,0,test_codeswitch_1,bongo_0380,1,0.735881
nb_char,clean,template,0,test_codeswitch_1,bongo_0389,0,0.147601
nb_char,clean,template,0,test_codeswitch_1,bongo_0395,0,0.217050
nb_char,clean,template,0,test_codeswitch_1,bongo_0405,1,0.999366
nb_char,clean,template,0,test_codeswitch_1,bongo_0424,1,0.998125
nb_char,clean,template,0,test_codeswitch_1,bongo_0427,0,0.759447
nb_char,clean,template,0,test_codeswitch_1,bongo_0434,1,0.744104
nb_char,clean,template,0,test_codeswitch_1,bongo_0463,0,0.694275
nb_char,clean,template,0,test_codeswitch_1,bongo_0476,1,0.996061
nb_char,clean,template,0,test_codeswitch_1,bongo_0510,1,0.999533
nb_char,clean,template,0,test_codeswitch_1,bongo_0531,0,0.288838
nb_char,clean,template,0,test_codeswitch_1,bongo_0542,0,0.140608
nb_char,clean,template,0,test_codeswitch_1,bongo_0545,0,0.141677
nb_char,clean,template,0,test_codeswitch_1,bongo_0560,1,0.933872
nb_char,clean,template,0,test_codeswitch_1,bongo_0565,1,0.805727
nb_char,clean,template,0,test_codeswitch_1,bongo_0566,1,0.999918
nb_char,clean,template,0,test_codeswitch_1,bongo_0571,0,0.402319
nb_char,clean,template,0,test_codeswitch_1,bongo_0577,1,0.999502
nb_char,clean,template,0,test_codeswitch_1,bongo_0580,1,0.994655
nb_char,clean,template,0,test_codeswitch_1,bongo_0621,1,0.996505
nb_char,clean,template,0,test_codeswitch_1,bongo_0624,1,0.998704
nb_char,clean,template,0,test_codeswitch_1,bongo_0630,0,0.168160
nb_char,clean,template,0,test_codeswitch_1,bongo_0638,1,0.999830
nb_char,clean,template,0,test_codeswitch_1,bongo_0648,0,0.315901
nb_char,clean,template,0,test_codeswitch_1,bongo_0674,0,0.115431
nb_char,clean,template,0,test_codeswitch_1,bongo_0685,0,0.974558
nb_char,clean,template,0,test_codeswitch_1,bongo_0697,1,0.805727
nb_char,clean,template,0,test_codeswitch_1,bongo_0701,0,0.127740
nb_char,clean,template,0,test_codeswitch_1,bongo_0706,1,0.846254
nb_char,clean,template,0,test_codeswitch_1,bongo_0719,1,0.746597
nb_char,clean,template,0,test_codeswitch_1,bongo_0721,1,0.998059
nb_char,clean,template,0,test_codeswitch_1,bongo_0724,1,0.733995
nb_char,clean,template,0,test_codeswitch_1,bongo_0729,1,0.996860
nb_char,clean,template,0,test_codeswitch_1,bongo_0741,0,0.054389
nb_char,clean,template,0,test_codeswitch_1,bongo_0749,1,0.804114
nb_char,clean,template,0,test_codeswitch_1,bongo_0769,1,0.999637
nb_char,clean,template,0,test_codeswitch_1,bongo_0770,1,0.744104
nb_char,clean,template,0,test_codeswitch_1,bongo_0778,1,0.825564
nb_char,clean,template,0,test_codeswitch_1,bongo_0787,1,0.999234
nb_char,clean,template,0,test_codeswitch_1,bongo_0795,0,0.229489
nb_char,clean,template,0,test_codeswitch_1,bongo_0806,1,0.733995
nb_char,clean,template,0,test_codeswitch_1,bongo_0807,1,0.999107
nb_char,clean,template,0,test_codeswitch_1,bongo_0818,0,0.145114
nb_char,clean,template,0,test_codeswitch_1,bongo_0819,0,0.226923
nb_char,clean,template,0,test_codeswitch_1,bongo_0835,0,0.112382
nb_char,clean,template,0,test_codeswitch_1,bongo_0840,1,0.999013
nb_char,clean,template,0,test_codeswitch_1,bongo_0855,1,0.813648
nb_char,clean,template,0,test_codeswitch_1,bongo_0856,0,0.078330
nb_char,clean,template,0,test_codeswitch_1,bongo_0864,1,0.999801
nb_char,clean,template,0,test_codeswitch_1,bongo_0871,1,0.999052
nb_char,clean,template,0,test_codeswitch_1,bongo_0872,0,0.417833
nb_char,clean,template,0,test_codeswitch_1,bongo_0904,0,0.731203
nb_char,clean,template,0,test_codeswitch_1,bongo_0905,1,0.999479
nb_char,clean,template,0,test_codeswitch_1,bongo_0909,1,0.999547
nb_char,clean,template,0,test_codeswitch_1,bongo_0917,1,0.613166
nb_char,clean,template,0,test_codeswitch_1,bongo_0918,1,0.999250
nb_char,clean,template,0,test_codeswitch_1,bongo_0950,0,0.116249
nb_char,clean,template,0,test_codeswitch_1,bongo_0955,1,0.999173
nb_char,clean,template,0,test_codeswitch_1,bongo_0956,0,0.105956
nb_char,clean,template,0,test_codeswitch_1,bongo_0971,0,0.124698
nb_char,clean,template,0,test_codeswitch_1,bongo_0983,0,0.284358
nb_char,clean,template,0,test_codeswitch_1,bongo_0989,1,0.999092
nb_char,clean,template,0,test_codeswitch_1,bongo_0994,0,0.771988
nb_char,clean,template,0,test_codeswitch_1,bongo_1003,1,0.924085
nb_char,clean,template,0,test_codeswitch_1,bongo_1006,0,0.594470
nb_char,clean,template,0,test_codeswitch_1,bongo_1012,1,0.795234
nb_char,clean,template,0,test_codeswitch_1,bongo_1015,0,0.150850
nb_char,clean,template,0,test_codeswitch_1,bongo_1022,1,0.772229
nb_char,clean,template,0,test_codeswitch_1,bongo_1037,0,0.186122
nb_char,clean,template,0,test_codeswitch_1,bongo_1040,0,0.305190
nb_char,clean,template,0,test_codeswitch_1,bongo_1042,1,0.997098
nb_char,clean,template,0,test_codeswitch_1,bongo_1047,1,0.999769
nb_char,clean,template,0,test_codeswitch_1,bongo_1050,0,0.058295
nb_char,clean,template,0,test_codeswitch_1,bongo_1052,1,0.999250
nb_char,clean,template,0,test_codeswitch_1,bongo_1059,0,0.177674
nb_char,clean,template,0,test_codeswitch_1,bongo_1071,0,0.252802
nb_char,clean,template,0,test_codeswitch_1,bongo_1090,0,0.370587
nb_char,clean,template,0,test_codeswitch_1,bongo_1104,1,0.998771
nb_char,clean,template,0,test_codeswitch_1,bongo_1115,0,0.063667
nb_char,clean,template,0,test_codeswitch_1,bongo_1123,0,0.078899
nb_char,clean,template,0,test_codeswitch_1,bongo_1125,0,0.320429
nb_char,clean,template,0,test_codeswitch_1,bongo_1127,1,0.873309
nb_char,clean,template,0,test_codeswitch_1,bongo_1131,1,0.996379
nb_char,clean,template,0,test_codeswitch_1,bongo_1134,1,0.749866
nb_char,clean,template,0,test_codeswitch_1,bongo_1135,0,0.337561
nb_char,clean,template,0,test_codeswitch_1,bongo_1136,1,0.969089
nb_char,clean,template,0,test_codeswitch_1,bongo_1138,1,0.999687
nb_char,clean,template,0,test_codeswitch_1,bongo_1140,1,0.998204
nb_char,clean,template,0,test_codeswitch_1,bongo_1154,1,0.999844
nb_char,clean,template,0,test_codeswitch_1,bongo_1155,0,0.050153
nb_char,clean,template,0,test_codeswitch_1,bongo_1171,1,0.998671
nb_char,clean,template,0,test_codeswitch_1,bongo_1181,1,0.989487
nb_char,clean,template,0,test_codeswitch_1,bongo_1185,1,0.655649
nb_char,clean,template,0,test_codeswitch_1,bongo_1194,0,0.278053
nb_char,clean,template,0,test_codeswitch_1,bongo_1195,1,0.833979
nb_char,clean,template,0,test_codeswitch_1,bongo_1198,0,0.126311
nb_char,clean,template,0,test_codeswitch_1,bongo_1204,1,0.704899
nb_char,clean,template,0,test_codeswitch_1,bongo_1220,1,0.999244
nb_char,clean,template,0,test_codeswitch_1,bongo_1233,1,0.999878
nb_char,clean,template,0,test_codeswitch_1,bongo_1236,0,0.086859
nb_char,clean,template,0,test_codeswitch_1,bongo_1240,1,0.647304
nb_char,clean,template,0,test_codeswitch_1,bongo_1244,0,0.137100
nb_char,clean,template,0,test_codeswitch_1,bongo_1249,0,0.180521
nb_char,clean,template,0,test_codeswitch_1,bongo_1253,0,0.321210
nb_char,clean,template,0,test_codeswitch_1,bongo_1260,0,0.093479
nb_char,clean,template,0,test_codeswitch_1,bongo_1262,0,0.303571
nb_char,clean,template,0,test_codeswitch_1,bongo_1278,1,0.718264
nb_char,clean,template,0,test_codeswitch_1,bongo_1285,0,0.085798
nb_char,clean,template,0,test_codeswitch_1,bongo_1293,1,0.999545
nb_char,clean,template,0,test_codeswitch_1,bongo_1316,0,0.194584
nb_char,clean,template,0,test_codeswitch_1,bongo_1327,1,0.620773
nb_char,clean,template,0,test_codeswitch_1,bongo_1330,0,0.358259
nb_char,clean,template,0,test_codeswitch_1,bongo_1359,0,0.032501
nb_char,clean,template,0,test_codeswitch_1,bongo_1375,0,0.090813
nb_char,clean,template,0,test_codeswitch_3,bongo_0025,1,0.993923
nb_char,clean,template,0,test_codeswitch_3,bongo_0029,0,0.319824
nb_char,clean,template,0,test_codeswitch_3,bongo_0039,1,0.999051
nb_char,clean,template,0,test_codeswitch_3,bongo_0047,1,0.995941
nb_char,clean,template,0,test_codeswitch_3,bongo_0053,0,0.341656
nb_char,clean,template,0,test_codeswitch_3,bongo_0055,1,0.682150
nb_char,clean,template,0,test_codeswitch_3,bongo_0061,1,0.731348
nb_char,clean,template,0,test_codeswitch_3,bongo_0097,0,0.604636
nb_char,clean,template,0,test_codeswitch_3,bongo_0107,0,0.114246
nb_char,clean,template,0,test_codeswitch_3,bongo_0110,0,0.131831
nb_char,clean,template,0,test_codeswitch_3,bongo_0112,1,0.779054
nb_char,clean,template,0,test_codeswitch_3,bongo_0115,0,0.648241
nb_char,clean,template,0,test_codeswitch_3,bongo_0143,0,0.089357
nb_char,clean,template,0,test_codeswitch_3,bongo_0146,1,0.999033
nb_char,clean,template,0,test_codeswitch_3,bongo_0154,1,0.980024
nb_char,clean,template,0,test_codeswitch_3,bongo_0159,1,0.645394
nb_char,clean,template,0,test_codeswitch_3,bongo_0160,0,0.135545
nb_char,clean,template,0,test_codeswitch_3,bongo_0172,0,0.382675
nb_char,clean,template,0,test_codeswitch_3,bongo_0173,1,0.813596
nb_char,clean,template,0,test_codeswitch_3,bongo_0175,0,0.188965
nb_char,clean,template,0,test_codeswitch_3,bongo_0182,0,0.075308
nb_char,clean,template,0,test_codeswitch_3,bongo_0195,1,0.996497
nb_char,clean,template,0,test_codeswitch_3,bongo_0197,0,0.099532
nb_char,clean,template,0,test_codeswitch_3,bongo_0201,1,0.993725
nb_char,clean,template,0,test_codeswitch_3,bongo_0203,1,0.998992
nb_char,clean,template,0,test_codeswitch_3,bongo_0250,1,0.645394
nb_char,clean,template,0,test_codeswitch_3,bongo_0253,0,0.226151
nb_char,clean,template,0,test_codeswitch_3,bongo_0255,1,0.568750
nb_char,clean,template,0,test_codeswitch_3,bongo_0265,1,0.725667
nb_char,clean,template,0,test_codeswitch_3,bongo_0271,0,0.089957
nb_char,clean,template,0,test_codeswitch_3,bongo_0300,0,0.018482
nb_char,clean,template,0,test_codeswitch_3,bongo_0306,0,0.123608
nb_char,clean,template,0,test_codeswitch_3,bongo_0356,1,0.772269
nb_char,clean,template,0,test_codeswitch_3,bongo_0360,1,0.997292
nb_char,clean,template,0,test_codeswitch_3,bongo_0361,1,0.999003
nb_char,clean,template,0,test_codeswitch_3,bongo_0363,0,0.098682
nb_char,clean,template,0,test_codeswitch_3,bongo_0368,0,0.375441
nb_char,clean,template,0,test_codeswitch_3,bongo_0372,0,0.318321
nb_char,clean,template,0,test_codeswitch_3,bongo_0380,1,0.671643
nb_char,clean,template,0,test_codeswitch_3,bongo_0389,0,0.147601
nb_char,clean,template,0,test_codeswitch_3,bongo_0395,0,0.217050
nb_char,clean,template,0,test_codeswitch_3,bongo_0405,1,0.996857
nb_char,clean,template,0,test_codeswitch_3,bongo_0424,1,0.995228
nb_char,clean,template,0,test_codeswitch_3,bongo_0427,0,0.759447
nb_char,clean,template,0,test_codeswitch_3,bongo_0434,1,0.682150
nb_char,clean,template,0,test_codeswitch_3,bongo_0463,0,0.694275
nb_char,clean,template,0,test_codeswitch_3,bongo_0476,1,0.996061
nb_char,clean,template,0,test_codeswitch_3,bongo_0510,1,0.997472
nb_char,clean,template,0,test_codeswitch_3,bongo_0531,0,0.288838
nb_char,clean,template,0,test_codeswitch_3,bongo_0542,0,0.140608
nb_char,clean,template,0,test_codeswitch_3,bongo_0545,0,0.141677
nb_char,clean,template,0,test_codeswitch_3,bongo_0560,1,0.933872
nb_char,clean,template,0,test_codeswitch_3,bongo_0565,1,0.756365
nb_char,clean,template,0,test_codeswitch_3,bongo_0566,1,0.999554
nb_char,clean,template,0,test_codeswitch_3,bongo_0571,0,0.402319
nb_char,clean,template,0,test_codeswitch_3,bongo_0577,1,0.998103
nb_char,clean,template,0,test_codeswitch_3,bongo_0580,1,0.994655
nb_char,clean,template,0,test_codeswitch_3,bongo_0621,1,0.992653
nb_char,clean,template,0,test_codeswitch_3,bongo_0624,1,0.996756
nb_char,clean,template,0,test_codeswitch_3,bongo_0630,0,0.168160
nb_char,clean,template,0,test_codeswitch_3,bongo_0638,1,0.999271
nb_char,clean,template,0,test_codeswitch_3,bongo_0648,0,0.315901
nb_char,clean,template,0,test_codeswitch_3,bongo_0674,0,0.115431
nb_char,clean,template,0,test_codeswitch_3,bongo_0685,0,0.974558
nb_char,clean,template,0,test_codeswitch_3,bongo_0697,1,0.756365
nb_char,clean,template,0,test_codeswitch_3,bongo_0701,0,0.127740
nb_char,clean,template,0,test_codeswitch_3,bongo_0706,1,0.806125
nb_char,clean,template,0,test_codeswitch_3,bongo_0719,1,0.680561
nb_char,clean,template,0,test_codeswitch_3,bongo_0721,1,0.993153
nb_char,clean,template,0,test_codeswitch_3,bongo_0724,1,0.669401
nb_char,clean,template,0,test_codeswitch_3,bongo_0729,1,0.996860
nb_char,clean,template,0,test_codeswitch_3,bongo_0741,0,0.054389
nb_char,clean,template,0,test_codeswitch_3,bongo_0749,1,0.749448
nb_char,clean,template,0,test_codeswitch_3,bongo_0769,1,0.996691
nb_char,clean,template,0,test_codeswitch_3,bongo_0770,1,0.682150
nb_char,clean,template,0,test_codeswitch_3,bongo_0778,1,0.779666
nb_char,clean,template,0,test_codeswitch_3,bongo_0787,1,0.998135
nb_char,clean,template,0,test_codeswitch_3,bongo_0795,0,0.229489
nb_char,clean,template,0,test_codeswitch_3,bongo_0806,1,0.669401
nb_char,clean,template,0,test_codeswitch_3,bongo_0807,1,0.995610
nb_char,clean,template,0,test_codeswitch_3,bongo_0818,0,0.145114
nb_char,clean,template,0,test_codeswitch_3,bongo_0819,0,0.226923
nb_char,clean,template,0,test_codeswitch_3,bongo_0835,0,0.112382
nb_char,clean,template,0,test_codeswitch_3,bongo_0840,1,0.997667
nb_char,clean,template,0,test_codeswitch_3,bongo_0855,1,0.762924
nb_char,clean,template,0,test_codeswitch_3,bongo_0856,0,0.078330
nb_char,clean,template,0,test_codeswitch_3,bongo_0864,1,0.999322
nb_char,clean,template,0,test_codeswitch_3,bongo_0871,1,0.997589
nb_char,clean,template,0,test_codeswitch_3,bongo_0872,0,0.417833
nb_char,clean,template,0,test_codeswitch_3,bongo_0904,0,0.731203
nb_char,clean,template,0,test_codeswitch_3,bongo_0905,1,0.998239
nb_char,clean,template,0,test_codeswitch_3,bongo_0909,1,0.998215
nb_char,clean,template,0,test_codeswitch_3,bongo_0917,1,0.531657
nb_char,clean,template,0,test_codeswitch_3,bongo_0918,1,0.996791
nb_char,clean,template,0,test_codeswitch_3,bongo_0950,0,0.116249
nb_char,clean,template,0,test_codeswitch_3,bongo_0955,1,0.997278
nb_char,clean,template,0,test_codeswitch_3,bongo_0956,0,0.105956
nb_char,clean,template,0,test_codeswitch_3,bongo_0971,0,0.124698
nb_char,clean,template,0,test_codeswitch_3,bongo_0983,0,0.284358
nb_char,clean,template,0,test_codeswitch_3,bongo_0989,1,0.997631
nb_char,clean,template,0,test_codeswitch_3,bongo_0994,0,0.771988
nb_char,clean,template,0,test_codeswitch_3,bongo_1003,1,0.924085
nb_char,clean,template,0,test_codeswitch_3,bongo_1006,0,0.594470
nb_char,clean,template,0,test_codeswitch_3,bongo_1012,1,0.741913
nb_char,clean,template,0,test_codeswitch_3,bongo_1015,0,0.150850
nb_char,clean,template,0,test_codeswitch_3,bongo_1022,1,0.715394
nb_char,clean,template,0,test_codeswitch_3,bongo_1037,0,0.186122
nb_char,clean,template,0,test_codeswitch_3,bongo_1040,0,0.305190
nb_char,clean,template,0,test_codeswitch_3,bongo_1042,1,0.989745
nb_char,clean,template,0,test_codeswitch_3,bongo_1047,1,0.999195
nb_char,clean,template,0,test_codeswitch_3,bongo_1050,0,0.058295
nb_char,clean,template,0,test_codeswitch_3,bongo_1052,1,0.996273
nb_char,clean,template,0,test_codeswitch_3,bongo_1059,0,0.177674
nb_char,clean,template,0,test_codeswitch_3,bongo_1071,0,0.252802
nb_char,clean,template,0,test_codeswitch_3,bongo_1090,0,0.370587
nb_char,clean,template,0,test_codeswitch_3,bongo_1104,1,0.996777
nb_char,clean,template,0,test_codeswitch_3,bongo_1115,0,0.063667
nb_char,clean,template,0,test_codeswitch_3,bongo_1123,0,0.078899
nb_char,clean,template,0,test_codeswitch_3,bongo_1125,0,0.320429
nb_char,clean,template,0,test_codeswitch_3,bongo_1127,1,0.838563
nb_char,clean,template,0,test_codeswitch_3,bongo_1131,1,0.985740
nb_char,clean,template,0,test_codeswitch_3,bongo_1134,1,0.687184
nb_char,clean,template,0,test_codeswitch_3,bongo_1135,0,0.337561
nb_char,clean,template,0,test_codeswitch_3,bongo_1136,1,0.969089
nb_char,clean,template,0,test_codeswitch_3,bongo_1138,1,0.999020
nb_char,clean,template,0,test_codeswitch_3,bongo_1140,1,0.992859
nb_char,clean,template,0,test_codeswitch_3,bongo_1154,1,0.999343
nb_char,clean,template,0,test_codeswitch_3,bongo_1155,0,0.050153
nb_char,clean,template,0,test_codeswitch_3,bongo_1171,1,0.996777
nb_char,clean,template,0,test_codeswitch_3,bongo_1181,1,0.989487
nb_char,clean,template,0,test_codeswitch_3,bongo_1185,1,0.578300
nb_char,clean,template,0,test_codeswitch_3,bongo_1194,0,0.278053
nb_char,clean,template,0,test_codeswitch_3,bongo_1195,1,0.791428
nb_char,clean,template,0,test_codeswitch_3,bongo_1198,0,0.126311
nb_char,clean,template,0,test_codeswitch_3,bongo_1204,1,0.635881
nb_char,clean,template,0,test_codeswitch_3,bongo_1220,1,0.998006
nb_char,clean,template,0,test_codeswitch_3,bongo_1233,1,0.999297
nb_char,clean,template,0,test_codeswitch_3,bongo_1236,0,0.086859
nb_char,clean,template,0,test_codeswitch_3,bongo_1240,1,0.568750
nb_char,clean,template,0,test_codeswitch_3,bongo_1244,0,0.137100
nb_char,clean,template,0,test_codeswitch_3,bongo_1249,0,0.180521
nb_char,clean,template,0,test_codeswitch_3,bongo_1253,0,0.321210
nb_char,clean,template,0,test_codeswitch_3,bongo_1260,0,0.093479
nb_char,clean,template,0,test_codeswitch_3,bongo_1262,0,0.303571
nb_char,clean,template,0,test_codeswitch_3,bongo_1278,1,0.648631
nb_char,clean,template,0,test_codeswitch_3,bongo_1285,0,0.085798
nb_char,clean,template,0,test_codeswitch_3,bongo_1293,1,0.998265
nb_char,clean,template,0,test_codeswitch_3,bongo_1316,0,0.194584
nb_char,clean,template,0,test_codeswitch_3,bongo_1327,1,0.540132
nb_char,clean,template,0,test_codeswitch_3,bongo_1330,0,0.358259
nb_char,clean,template,0,test_codeswitch_3,bongo_1359,0,0.032501
nb_char,clean,template,0,test_codeswitch_3,bongo_1375,0,0.090813
nb_char,clean,template,0,test_codeswitch_all,bongo_0025,1,0.993923
nb_char,clean,template,0,test_codeswitch_all,bongo_0029,0,0.319824
nb_char,clean,template,0,test_codeswitch_all,bongo_0039,1,0.999051
nb_char,clean,template,0,test_codeswitch_all,bongo_0047,1,0.995941
nb_char,clean,template,0,test_codeswitch_all,bongo_0053,0,0.341656
nb_char,clean,template,0,test_codeswitch_all,bongo_0055,1,0.682150
nb_char,clean,template,0,test_codeswitch_all,bongo_0061,1,0.731348
nb_char,clean,template,0,test_codeswitch_all,bongo_0097,0,0.604636
nb_char,clean,template,0,test_codeswitch_all,bongo_0107,0,0.114246
nb_char,clean,template,0,test_codeswitch_all,bongo_0110,0,0.131831
nb_char,clean,template,0,test_codeswitch_all,bongo_0112,1,0.779054
nb_char,clean,template,0,test_codeswitch_all,bongo_0115,0,0.648241
nb_char,clean,template,0,test_codeswitch_all,bongo_0143,0,0.089357
nb_char,clean,template,0,test_codeswitch_all,bongo_0146,1,0.998080
nb_char,clean,template,0,test_codeswitch_all,bongo_0154,1,0.980024
nb_char,clean,template,0,test_codeswitch_all,bongo_0159,1,0.645394
nb_char,clean,template,0,test_codeswitch_all,bongo_0160,0,0.135545
nb_char,clean,template,0,test_codeswitch_all,bongo_0172,0,0.382675
nb_char,clean,template,0,test_codeswitch_all,bongo_0173,1,0.813596
nb_char,clean,template,0,test_codeswitch_all,bongo_0175,0,0.188965
nb_char,clean,template,0,test_codeswitch_all,bongo_0182,0,0.075308
nb_char,clean,template,0,test_codeswitch_all,bongo_0195,1,0.996497
nb_char,clean,template,0,test_codeswitch_all,bongo_0197,0,0.099532
nb_char,clean,template,0,test_codeswitch_all,bongo_0201,1,0.989626
nb_char,clean,template,0,test_codeswitch_all,bongo_0203,1,0.997899
nb_char,clean,template,0,test_codeswitch_all,bongo_0250,1,0.645394
nb_char,clean,template,0,test_codeswitch_all,bongo_0253,0,0.226151
nb_char,clean,template,0,test_codeswitch_all,bongo_0255,1,0.568750
nb_char,clean,template,0,test_codeswitch_all,bongo_0265,1,0.725667
nb_char,clean,template,0,test_codeswitch_all,bongo_0271,0,0.089957
nb_char,clean,template,0,test_codeswitch_all,bongo_0300,0,0.018482
nb_char,clean,template,0,test_codeswitch_all,bongo_0306,0,0.123608
nb_char,clean,template,0,test_codeswitch_all,bongo_0356,1,0.772269
nb_char,clean,template,0,test_codeswitch_all,bongo_0360,1,0.984244
nb_char,clean,template,0,test_codeswitch_all,bongo_0361,1,0.997936
nb_char,clean,template,0,test_codeswitch_all,bongo_0363,0,0.098682
nb_char,clean,template,0,test_codeswitch_all,bongo_0368,0,0.375441
nb_char,clean,template,0,test_codeswitch_all,bongo_0372,0,0.318321
nb_char,clean,template,0,test_codeswitch_all,bongo_0380,1,0.671643
nb_char,clean,template,0,test_codeswitch_all,bongo_0389,0,0.147601
nb_char,clean,template,0,test_codeswitch_all,bongo_0395,0,0.217050
nb_char,clean,template,0,test_codeswitch_all,bongo_0405,1,0.996857
nb_char,clean,template,0,test_codeswitch_all,bongo_0424,1,0.992186
nb_char,clean,template,0,test_codeswitch_all,bongo_0427,0,0.759447
nb_char,clean,template,0,test_codeswitch_all,bongo_0434,1,0.682150
nb_char,clean,template,0,test_codeswitch_all,bongo_0463,0,0.694275
nb_char,clean,template,0,test_codeswitch_all,bongo_0476,1,0.996061
nb_char,clean,template,0,test_codeswitch_all,bongo_0510,1,0.997472
nb_char,clean,template,0,test_codeswitch_all,bongo_0531,0,0.288838
nb_char,clean,template,0,test_codeswitch_all,bongo_0542,0,0.140608
nb_char,clean,template,0,test_codeswitch_all,bongo_0545,0,0.141677
nb_char,clean,template,0,test_codeswitch_all,bongo_0560,1,0.933872
nb_char,clean,template,0,test_codeswitch_all,bongo_0565,1,0.756365
nb_char,clean,template,0,test_codeswitch_all,bongo_0566,1,0.998905
nb_char,clean,template,0,test_codeswitch_all,bongo_0571,0,0.402319
nb_char,clean,template,0,test_codeswitch_all,bongo_0577,1,0.998103
nb_char,clean,template,0,test_codeswitch_all,bongo_0580,1,0.994655
nb_char,clean,template,0,test_codeswitch_all,bongo_0621,1,0.992653
nb_char,clean,template,0,test_codeswitch_all,bongo_0624,1,0.996756
nb_char,clean,template,0,test_codeswitch_all,bongo_0630,0,0.168160
nb_char,clean,template,0,test_codeswitch_all,bongo_0638,1,0.998345
nb_char,clean,template,0,test_codeswitch_all,bongo_0648,0,0.315901
nb_char,clean,template,0,test_codeswitch_all,bongo_0674,0,0.115431
nb_char,clean,template,0,test_codeswitch_all,bongo_0685,0,0.974558
nb_char,clean,template,0,test_codeswitch_all,bongo_0697,1,0.756365
nb_char,clean,template,0,test_codeswitch_all,bongo_0701,0,0.127740
nb_char,clean,template,0,test_codeswitch_all,bongo_0706,1,0.806125
nb_char,clean,template,0,test_codeswitch_all,bongo_0719,1,0.680561
nb_char,clean,template,0,test_codeswitch_all,bongo_0721,1,0.993153
nb_char,clean,template,0,test_codeswitch_all,bongo_0724,1,0.669401
nb_char,clean,template,0,test_codeswitch_all,bongo_0729,1,0.996860
nb_char,clean,template,0,test_codeswitch_all,bongo_0741,0,0.054389
nb_char,clean,template,0,test_codeswitch_all,bongo_0749,1,0.749448
nb_char,clean,template,0,test_codeswitch_all,bongo_0769,1,0.996691
nb_char,clean,template,0,test_codeswitch_all,bongo_0770,1,0.682150
nb_char,clean,template,0,test_codeswitch_all,bongo_0778,1,0.779666
nb_char,clean,template,0,test_codeswitch_all,bongo_0787,1,0.988944
nb_char,clean,template,0,test_codeswitch_all,bongo_0795,0,0.229489
nb_char,clean,template,0,test_codeswitch_all,bongo_0806,1,0.669401
nb_char,clean,template,0,test_codeswitch_all,bongo_0807,1,0.995610
nb_char,clean,template,0,test_codeswitch_all,bongo_0818,0,0.145114
nb_char,clean,template,0,test_codeswitch_all,bongo_0819,0,0.226923
nb_char,clean,template,0,test_codeswitch_all,bongo_0835,0,0.112382
nb_char,clean,template,0,test_codeswitch_all,bongo_0840,1,0.987236
nb_char,clean,template,0,test_codeswitch_all,bongo_0855,1,0.762924
nb_char,clean,template,0,test_codeswitch_all,bongo_0856,0,0.078330
nb_char,clean,template,0,test_codeswitch_all,bongo_0864,1,0.999322
nb_char,clean,template,0,test_codeswitch_all,bongo_0871,1,0.997589
nb_char,clean,template,0,test_codeswitch_all,bongo_0872,0,0.417833
nb_char,clean,template,0,test_codeswitch_all,bongo_0904,0,0.731203
nb_char,clean,template,0,test_codeswitch_all,bongo_0905,1,0.998239
nb_char,clean,template,0,test_codeswitch_all,bongo_0909,1,0.998215
nb_char,clean,template,0,test_codeswitch_all,bongo_0917,1,0.531657
nb_char,clean,template,0,test_codeswitch_all,bongo_0918,1,0.996791
nb_char,clean,template,0,test_codeswitch_all,bongo_0950,0,0.116249
nb_char,clean,template,0,test_codeswitch_all,bongo_0955,1,0.994899
nb_char,clean,template,0,test_codeswitch_all,bongo_0956,0,0.105956
nb_char,clean,template,0,test_codeswitch_all,bongo_0971,0,0.124698
nb_char,clean,template,0,test_codeswitch_all,bongo_0983,0,0.284358
nb_char,clean,template,0,test_codeswitch_all,bongo_0989,1,0.997631
nb_char,clean,template,0,test_codeswitch_all,bongo_0994,0,0.771988
nb_char,clean,template,0,test_codeswitch_all,bongo_1003,1,0.924085
nb_char,clean,template,0,test_codeswitch_all,bongo_1006,0,0.594470
nb_char,clean,template,0,test_codeswitch_all,bongo_1012,1,0.741913
nb_char,clean,template,0,test_codeswitch_all,bongo_1015,0,0.150850
nb_char,clean,template,0,test_codeswitch_all,bongo_1022,1,0.715394
nb_char,clean,template,0,test_codeswitch_all,bongo_1037,0,0.186122
nb_char,clean,template,0,test_codeswitch_all,bongo_1040,0,0.305190
nb_char,clean,template,0,test_codeswitch_all,bongo_1042,1,0.977554
nb_char,clean,template,0,test_codeswitch_all,bongo_1047,1,0.999195
nb_char,clean,template,0,test_codeswitch_all,bongo_1050,0,0.058295
nb_char,clean,template,0,test_codeswitch_all,bongo_1052,1,0.996273
nb_char,clean,template,0,test_codeswitch_all,bongo_1059,0,0.177674
nb_char,clean,template,0,test_codeswitch_all,bongo_1071,0,0.252802
nb_char,clean,template,0,test_codeswitch_all,bongo_1090,0,0.370587
nb_char,clean,template,0,test_codeswitch_all,bongo_1104,1,0.994662
nb_char,clean,template,0,test_codeswitch_all,bongo_1115,0,0.063667
nb_char,clean,template,0,test_codeswitch_all,bongo_1123,0,0.078899
nb_char,clean,template,0,test_codeswitch_all,bongo_1125,0,0.320429
nb_char,clean,template,0,test_codeswitch_all,bongo_1127,1,0.838563
nb_char,clean,template,0,test_codeswitch_all,bongo_1131,1,0.969069
nb_char,clean,template,0,test_codeswitch_all,bongo_1134,1,0.687184
nb_char,clean,template,0,test_codeswitch_all,bongo_1135,0,0.337561
nb_char,clean,template,0,test_codeswitch_all,bongo_1136,1,0.969089
nb_char,clean,template,0,test_codeswitch_all,bongo_1138,1,0.999020
nb_char,clean,template,0,test_codeswitch_all,bongo_1140,1,0.992859
nb_char,clean,template,0,test_codeswitch_all,bongo_1154,1,0.998678
nb_char,clean,template,0,test_codeswitch_all,bongo_1155,0,0.050153
nb_char,clean,template,0,test_codeswitch_all,bongo_1171,1,0.994662
nb_char,clean,template,0,test_codeswitch_all,bongo_1181,1,0.989487
nb_char,clean,template,0,test_codeswitch_all,bongo_1185,1,0.578300
nb_char,clean,template,0,test_codeswitch_all,bongo_1194,0,0.278053
nb_char,clean,template,0,test_codeswitch_all,bongo_1195,1,0.791428
nb_char,clean,template,0,test_codeswitch_all,bongo_1198,0,0.126311
nb_char,clean,template,0,test_codeswitch_all,bongo_1204,1,0.635881
nb_char,clean,template,0,test_codeswitch_all,bongo_1220,1,0.998006
nb_char,clean,template,0,test_codeswitch_all,bongo_1233,1,0.998249
nb_char,clean,template,0,test_codeswitch_all,bongo_1236,0,0.086859
nb_char,clean,template,0,test_codeswitch_all,bongo_1240,1,0.568750
nb_char,clean,template,0,test_codeswitch_all,bongo_1244,0,0.137100
nb_char,clean,template,0,test_codeswitch_all,bongo_1249,0,0.180521
nb_char,clean,template,0,test_codeswitch_all,bongo_1253,0,0.321210
nb_char,clean,template,0,test_codeswitch_all,bongo_1260,0,0.093479
nb_char,clean,template,0,test_codeswitch_all,bongo_1262,0,0.303571
nb_char,clean,template,0,test_codeswitch_all,bongo_1278,1,0.648631
nb_char,clean,template,0,test_codeswitch_all,bongo_1285,0,0.085798
nb_char,clean,template,0,test_codeswitch_all,bongo_1293,1,0.996992
nb_char,clean,template,0,test_codeswitch_all,bongo_1316,0,0.194584
nb_char,clean,template,0,test_codeswitch_all,bongo_1327,1,0.540132
nb_char,clean,template,0,test_codeswitch_all,bongo_1330,0,0.358259
nb_char,clean,template,0,test_codeswitch_all,bongo_1359,0,0.032501
nb_char,clean,template,0,test_codeswitch_all,bongo_1375,0,0.090813
nb_char,clean,template,0,chichewa,chi_0000,1,0.910561
nb_char,clean,template,0,chichewa,chi_0001,1,0.848973
nb_char,clean,template,0,chichewa,chi_0002,0,0.381153
nb_char,clean,template,0,chichewa,chi_0003,0,0.871899
nb_char,clean,template,0,chichewa,chi_0004,1,0.855788
nb_char,clean,template,0,chichewa,chi_0005,1,0.853720
nb_char,clean,template,0,chichewa,chi_0006,0,0.684838
nb_char,clean,template,0,chichewa,chi_0007,0,0.667791
nb_char,clean,template,0,chichewa,chi_0008,1,0.468867
nb_char,clean,template,0,chichewa,chi_0009,1,0.709089
nb_char,clean,template,0,chichewa,chi_0010,0,0.671503
nb_char,clean,template,0,chichewa,chi_0011,0,0.309006
nb_char,clean,template,0,chichewa,chi_0012,0,0.524658
nb_char,clean,template,0,chichewa,chi_0013,1,0.834673
nb_char,clean,template,0,chichewa,chi_0014,1,0.850055
nb_char,clean,template,0,chichewa,chi_0015,0,0.347092
nb_char,clean,template,0,chichewa,chi_0016,0,0.300182
nb_char,clean,template,0,chichewa,chi_0017,0,0.420772
nb_char,clean,template,0,chichewa,chi_0018,1,0.856137
nb_char,clean,template,0,chichewa,chi_0019,1,0.463971
nb_char,clean,template,0,chichewa,chi_0020,0,0.309581
nb_char,clean,template,0,chichewa,chi_0021,1,0.802789
nb_char,clean,template,0,chichewa,chi_0022,0,0.402386
nb_char,clean,template,0,chichewa,chi_0023,1,0.916773
nb_char,clean,template,0,chichewa,chi_0024,1,0.804613
nb_char,clean,template,0,chichewa,chi_0025,0,0.848579
nb_char,clean,template,0,chichewa,chi_0026,0,0.656388
nb_char,clean,template,0,chichewa,chi_0027,1,0.964470
nb_char,clean,template,0,chichewa,chi_0028,1,0.827265
nb_char,clean,template,0,chichewa,chi_0029,0,0.578760
nb_char,clean,template,0,chichewa,chi_0030,0,0.544720
nb_char,clean,template,0,chichewa,chi_0031,1,0.894826
nb_char,clean,template,0,chichewa,chi_0032,1,0.912600
nb_char,clean,template,0,chichewa,chi_0033,1,0.498774
nb_char,clean,template,0,chichewa,chi_0034,1,0.901210
nb_char,clean,template,0,chichewa,chi_0035,0,0.410296
nb_char,clean,template,0,chichewa,chi_0036,0,0.600247
nb_char,clean,template,0,chichewa,chi_0037,0,0.776222
nb_char,clean,template,0,chichewa,chi_0038,0,0.907052
nb_char,clean,template,0,chichewa,chi_0039,0,0.668963
nb_char,clean,template,0,chichewa,chi_0040,1,0.889377
nb_char,clean,template,0,chichewa,chi_0041,1,0.850084
nb_char,clean,template,0,chichewa,chi_0042,0,0.533664
nb_char,clean,template,0,chichewa,chi_0043,0,0.666729
nb_char,clean,template,0,chichewa,chi_0044,0,0.756017
nb_char,clean,template,0,chichewa,chi_0045,1,0.796172
nb_char,clean,template,0,chichewa,chi_0046,1,0.494258
nb_char,clean,template,0,chichewa,chi_0047,1,0.952530
nb_char,clean,template,0,chichewa,chi_0048,0,0.347056
nb_char,clean,template,0,chichewa,chi_0049,0,0.859075
nb_char,clean,template,0,chichewa,chi_0050,0,0.472360
nb_char,clean,template,0,chichewa,chi_0051,1,0.494150
nb_char,clean,template,0,chichewa,chi_0052,0,0.351442
nb_char,clean,template,0,chichewa,chi_0053,0,0.780027
nb_char,clean,template,0,chichewa,chi_0054,1,0.778362
nb_char,clean,template,0,chichewa,chi_0055,1,0.816735
nb_char,clean,template,0,chichewa,chi_0056,0,0.294355
nb_char,clean,template,0,chichewa,chi_0057,1,0.503623
nb_char,clean,template,0,chichewa,chi_0058,1,0.376564
nb_char,clean,template,0,chichewa,chi_0059,0,0.842467
nb_char,clean,template,0,chichewa,chi_0060,0,0.356291
nb_char,clean,template,0,chichewa,chi_0061,1,0.445173
nb_char,clean,template,0,chichewa,chi_0062,0,0.419449
nb_char,clean,template,0,chichewa,chi_0063,1,0.634094
nb_char,clean,template,0,chichewa,chi_0064,1,0.802503
nb_char,clean,template,0,chichewa,chi_0065,1,0.373554
nb_char,clean,template,0,chichewa,chi_0066,0,0.595253
nb_char,clean,template,0,chichewa,chi_0067,0,0.530120
nb_char,clean,template,0,chichewa,chi_0068,0,0.451579
nb_char,clean,template,0,chichewa,chi_0069,1,0.823479
nb_char,clean,template,0,chichewa,chi_0070,1,0.812527
nb_char,clean,template,0,chichewa,chi_0071,0,0.387263
nb_char,clean,template,0,chichewa,chi_0072,0,0.592671
nb_char,clean,template,0,chichewa,chi_0073,1,0.774312
nb_char,clean,template,0,chichewa,chi_0074,1,0.825560
nb_char,clean,template,0,chichewa,chi_0075,0,0.354924
nb_char,clean,template,0,chichewa,chi_0076,0,0.312490
nb_char,clean,template,0,chichewa,chi_0077,0,0.353549
nb_char,clean,template,0,chichewa,chi_0078,1,0.566497
nb_char,clean,template,0,chichewa,chi_0079,1,0.930454
nb_char,clean,template,0,chichewa,chi_0080,1,0.818584
nb_char,clean,template,0,chichewa,chi_0081,1,0.348173
nb_char,clean,template,0,chichewa,chi_0082,0,0.558280
nb_char,clean,template,0,chichewa,chi_0083,0,0.582071
nb_char,clean,template,0,chichewa,chi_0084,0,0.331486
nb_char,clean,template,0,chichewa,chi_0085,1,0.852441
nb_char,clean,template,0,chichewa,chi_0086,1,0.975938
nb_char,clean,template,0,chichewa,chi_0087,0,0.328032
nb_char,clean,template,0,chichewa,chi_0088,0,0.495584
nb_char,clean,template,0,chichewa,chi_0089,0,0.430300
nb_char,clean,template,0,chichewa,chi_0090,1,0.462165
nb_char,clean,template,0,chichewa,chi_0091,0,0.702679
nb_char,clean,template,0,chichewa,chi_0092,0,0.411892
nb_char,clean,template,0,chichewa,chi_0093,0,0.456739
nb_char,clean,template,0,chichewa,chi_0094,1,0.859150
nb_char,clean,template,0,chichewa,chi_0095,1,0.444102
nb_char,clean,template,0,chichewa,chi_0096,0,0.498643
nb_char,clean,template,0,chichewa,chi_0097,0,0.630077
nb_char,clean,template,0,chichewa,chi_0098,1,0.727381
nb_char,clean,template,0,chichewa,chi_0099,1,0.927122
nb_char,clean,template,0,chichewa,chi_0100,0,0.337434
nb_char,clean,template,0,chichewa,chi_0101,1,0.940737
nb_char,clean,template,0,chichewa,chi_0102,0,0.517859
nb_char,clean,template,0,chichewa,chi_0103,0,0.412328
nb_char,clean,template,0,chichewa,chi_0104,0,0.333757
nb_char,clean,template,0,chichewa,chi_0105,1,0.439990
nb_char,clean,template,0,chichewa,chi_0106,1,0.825512
nb_char,clean,template,0,chichewa,chi_0107,1,0.707010
nb_char,clean,template,0,chichewa,chi_0108,0,0.326039
nb_char,clean,template,0,chichewa,chi_0109,0,0.398943
nb_char,clean,template,0,chichewa,chi_0110,0,0.312843
nb_char,clean,template,0,chichewa,chi_0111,1,0.792811
nb_char,clean,template,0,chichewa,chi_0112,1,0.512125
nb_char,clean,template,0,chichewa,chi_0113,1,0.786779
nb_char,clean,template,0,chichewa,chi_0114,0,0.324021
nb_char,clean,template,0,chichewa,chi_0115,0,0.383880
nb_char,clean,template,0,chichewa,chi_0116,0,0.522501
nb_char,clean,template,0,chichewa,chi_0117,1,0.467654
nb_char,clean,template,0,chichewa,chi_0118,1,0.547981
nb_char,clean,template,0,chichewa,chi_0119,1,0.513609
nb_char,clean,template,0,chichewa,chi_0120,0,0.401530
nb_char,clean,template,0,chichewa,chi_0121,0,0.486710
nb_char,clean,template,0,chichewa,chi_0122,0,0.506718
nb_char,clean,template,0,chichewa,chi_0123,1,0.897117
nb_char,clean,template,0,chichewa,chi_0124,1,0.603502
nb_char,clean,template,0,chichewa,chi_0125,1,0.543426
nb_char,clean,template,0,chichewa,chi_0126,0,0.554947
nb_char,clean,template,0,chichewa,chi_0127,0,0.303812
nb_char,clean,template,0,chichewa,chi_0128,0,0.325335
nb_char,clean,template,0,chichewa,chi_0129,1,0.532702
nb_char,clean,template,0,chichewa,chi_0130,1,0.802373
nb_char,clean,template,0,chichewa,chi_0131,0,0.429515
nb_char,clean,template,0,chichewa,chi_0132,0,0.585350
nb_char,clean,template,0,chichewa,chi_0133,0,0.766877
nb_char,clean,template,0,chichewa,chi_0134,1,0.591706
nb_char,clean,template,0,chichewa,chi_0135,0,0.471706
nb_char,clean,template,0,chichewa,chi_0136,1,0.881488
nb_char,clean,template,0,chichewa,chi_0137,0,0.291299
nb_char,clean,template,0,chichewa,chi_0138,0,0.314135
nb_char,clean,template,0,chichewa,chi_0139,0,0.706397
nb_char,clean,template,0,chichewa,chi_0140,1,0.808987
nb_char,clean,template,0,chichewa,chi_0141,0,0.372138
nb_char,clean,template,0,chichewa,chi_0142,0,0.433498
nb_char,clean,template,0,chichewa,chi_0143,0,0.795400
nb_char,clean,template,0,chichewa,chi_0144,1,0.892022
nb_char,clean,template,0,chichewa,chi_0145,0,0.443835
nb_char,clean,template,0,chichewa,chi_0146,0,0.572326
nb_char,clean,template,0,chichewa,chi_0147,1,0.935768
nb_char,clean,template,0,chichewa,chi_0148,1,0.717521
nb_char,clean,template,0,chichewa,chi_0149,0,0.437781
nb_char,clean,template,0,chichewa,chi_0150,0,0.687430
nb_char,clean,template,0,chichewa,chi_0151,1,0.808511
nb_char,clean,template,0,chichewa,chi_0152,0,0.387869
nb_char,clean,template,0,chichewa,chi_0153,0,0.401782
nb_char,clean,template,0,chichewa,chi_0154,0,0.554415
nb_char,clean,template,0,chichewa,chi_0155,1,0.861536
nb_char,clean,template,0,chichewa,chi_0156,1,0.652502
nb_char,clean,template,0,chichewa,chi_0157,1,0.937630
nb_char,clean,template,0,chichewa,chi_0158,0,0.790699
nb_char,clean,template,0,chichewa,chi_0159,0,0.477508
nb_char,clean,template,0,chichewa,chi_0160,0,0.396927
nb_char,clean,template,0,chichewa,chi_0161,1,0.595322
nb_char,clean,template,0,chichewa,chi_0162,1,0.615234
nb_char,clean,template,0,chichewa,chi_0163,1,0.609537
nb_char,clean,template,0,chichewa,chi_0164,1,0.820631
nb_char,clean,template,0,chichewa,chi_0165,0,0.390756
nb_char,clean,template,0,chichewa,chi_0166,0,0.522531
nb_char,clean,template,0,chichewa,chi_0167,1,0.820253
nb_char,clean,template,0,chichewa,chi_0168,1,0.752951
nb_char,clean,template,0,chichewa,chi_0169,0,0.537500
nb_char,clean,template,0,chichewa,chi_0170,0,0.483655
nb_char,clean,template,0,chichewa,chi_0171,1,0.794636
nb_char,clean,template,0,chichewa,chi_0172,1,0.505201
nb_char,clean,template,0,chichewa,chi_0173,0,0.699682
nb_char,clean,template,0,chichewa,chi_0174,0,0.351345
nb_char,clean,template,0,chichewa,chi_0175,0,0.340823
nb_char,clean,template,0,chichewa,chi_0176,1,0.781185
nb_char,clean,template,0,chichewa,chi_0177,1,0.924095
nb_char,clean,template,0,chichewa,chi_0178,0,0.529819
nb_char,clean,template,0,chichewa,chi_0179,1,0.814517
nb_char,clean,template,0,chichewa,chi_0180,1,0.589291
nb_char,clean,template,0,chichewa,chi_0181,1,0.814897
nb_char,clean,template,0,chichewa,chi_0182,0,0.483146
nb_char,clean,template,0,chichewa,chi_0183,0,0.450927
nb_char,clean,template,0,chichewa,chi_0184,0,0.191999
nb_char,clean,template,0,chichewa,chi_0185,1,0.861924
nb_char,clean,template,0,chichewa,chi_0186,1,0.446069
nb_char,clean,template,0,chichewa,chi_0187,1,0.384235
nb_char,clean,template,0,chichewa,chi_0188,0,0.638355
nb_char,clean,template,0,chichewa,chi_0189,0,0.306052
nb_char,clean,template,0,chichewa,chi_0190,1,0.478425
nb_char,clean,template,0,chichewa,chi_0191,1,0.714887
nb_char,clean,template,0,chichewa,chi_0192,0,0.509257
nb_char,clean,template,0,chichewa,chi_0193,0,0.574635
nb_char,clean,template,0,chichewa,chi_0194,0,0.588474
nb_char,clean,template,0,chichewa,chi_0195,0,0.348355
nb_char,clean,template,0,chichewa,chi_0196,1,0.853019
nb_char,clean,template,0,chichewa,chi_0197,1,0.904533
nb_char,clean,template,0,chichewa,chi_0198,1,0.674924
nb_char,clean,template,0,chichewa,chi_0199,1,0.367331
nb_char,clean,template,0,chichewa,chi_0200,1,0.888931
nb_char,clean,template,0,chichewa,chi_0201,0,0.593762
nb_char,clean,template,0,chichewa,chi_0202,1,0.844836
nb_char,clean,template,0,chichewa,chi_0203,1,0.641758
nb_char,clean,template,0,chichewa,chi_0204,1,0.940677
nb_char,clean,template,0,chichewa,chi_0205,0,0.593916
nb_char,clean,template,0,chichewa,chi_0206,0,0.717015
nb_char,clean,template,0,chichewa,chi_0207,1,0.884966
nb_char,clean,template,0,chichewa,chi_0208,1,0.639997
nb_char,clean,template,0,chichewa,chi_0209,1,0.535463
nb_char,clean,template,0,chichewa,chi_0210,0,0.468510
nb_char,clean,template,0,chichewa,chi_0211,0,0.371594
nb_char,clean,template,0,chichewa,chi_0212,1,0.922029
nb_char,clean,template,0,chichewa,chi_0213,1,0.899515
nb_char,clean,template,0,chichewa,chi_0214,1,0.681390
nb_char,clean,template,0,chichewa,chi_0215,0,0.344085
nb_char,clean,template,0,chichewa,chi_0216,0,0.307789
nb_char,clean,template,0,chichewa,chi_0217,1,0.883741
nb_char,clean,template,0,chichewa,chi_0218,1,0.587735
nb_char,clean,template,0,chichewa,chi_0219,1,0.884278
nb_char,clean,template,0,chichewa,chi_0220,0,0.490371
nb_char,clean,template,0,chichewa,chi_0221,0,0.720974
nb_char,clean,template,0,chichewa,chi_0222,0,0.566220
nb_char,clean,template,0,chichewa,chi_0223,1,0.811479
nb_char,clean,template,0,chichewa,chi_0224,1,0.501477
nb_char,clean,template,0,chichewa,chi_0225,0,0.424769
nb_char,clean,template,0,chichewa,chi_0226,0,0.499621
nb_char,clean,template,0,chichewa,chi_0227,0,0.393424
nb_char,clean,template,0,chichewa,chi_0228,0,0.379835
nb_char,clean,template,0,chichewa,chi_0229,1,0.912243
nb_char,clean,template,0,chichewa,chi_0230,1,0.862724
nb_char,clean,template,0,chichewa,chi_0231,1,0.476699
nb_char,clean,template,0,chichewa,chi_0232,0,0.527218
nb_char,clean,template,0,chichewa,chi_0233,1,0.805337
nb_char,clean,template,0,chichewa,chi_0234,0,0.393432
nb_char,clean,template,0,chichewa,chi_0235,0,0.813391
nb_char,clean,template,0,chichewa,chi_0236,1,0.740427
nb_char,clean,template,0,chichewa,chi_0237,1,0.776993
nb_char,clean,template,0,chichewa,chi_0238,0,0.415746
nb_char,clean,template,0,chichewa,chi_0239,0,0.650624
nb_char,clean,template,0,chichewa,chi_0240,0,0.693469
nb_char,clean,template,0,chichewa,chi_0241,0,0.627715
nb_char,clean,template,0,chichewa,chi_0242,1,0.889154
nb_char,clean,template,0,chichewa,chi_0243,1,0.793444
nb_char,clean,template,0,chichewa,chi_0244,0,0.355889
nb_char,clean,template,0,chichewa,chi_0245,1,0.624435
nb_char,clean,template,0,chichewa,chi_0246,1,0.494909
nb_char,clean,template,0,chichewa,chi_0247,1,0.450457
nb_char,clean,template,0,chichewa,chi_0248,0,0.528010
nb_char,clean,template,0,chichewa,chi_0249,0,0.543900
nb_char,clean,template,0,chichewa,chi_0250,0,0.322949
nb_char,clean,template,0,chichewa,chi_0251,0,0.517535
nb_char,clean,template,0,chichewa,chi_0252,0,0.470734
nb_char,clean,template,0,chichewa,chi_0253,0,0.471302
nb_char,clean,template,0,chichewa,chi_0254,1,0.910561
nb_char,clean,template,0,chichewa,chi_0255,1,0.888683
nb_char,clean,template,0,chichewa,chi_0256,0,0.410891
nb_char,clean,template,0,chichewa,chi_0257,0,0.543108
nb_char,clean,template,0,chichewa,chi_0258,1,0.715692
nb_char,clean,template,0,chichewa,chi_0259,0,0.451264
nb_char,clean,template,0,chichewa,chi_0260,1,0.902650
nb_char,clean,template,0,chichewa,chi_0261,1,0.908715
nb_char,clean,template,0,chichewa,chi_0262,1,0.945849
nb_char,clean,template,0,chichewa,chi_0263,0,0.542144
nb_char,clean,template,0,chichewa,chi_0264,0,0.343935
nb_char,clean,template,0,chichewa,chi_0265,0,0.363968
nb_char,clean,template,0,chichewa,chi_0266,1,0.861786
nb_char,clean,template,0,chichewa,chi_0267,1,0.791070
nb_char,clean,template,0,chichewa,chi_0268,1,0.447859
nb_char,clean,template,0,chichewa,chi_0269,0,0.285853
nb_char,clean,template,0,chichewa,chi_0270,0,0.376522
nb_char,clean,template,0,chichewa,chi_0271,0,0.385680
nb_char,clean,template,0,chichewa,chi_0272,1,0.422655
nb_char,clean,template,0,chichewa,chi_0273,1,0.884859
nb_char,clean,template,0,chichewa,chi_0274,1,0.884465
nb_char,clean,template,0,chichewa,chi_0275,1,0.531475
nb_char,clean,template,0,chichewa,chi_0276,0,0.869821
nb_char,clean,template,0,chichewa,chi_0277,1,0.447379
nb_char,clean,template,0,chichewa,chi_0278,1,0.540328
nb_char,clean,template,0,chichewa,chi_0279,0,0.436315
nb_char,clean,template,0,chichewa,chi_0280,0,0.440546
nb_char,clean,template,0,chichewa,chi_0281,1,0.923911
nb_char,clean,template,0,chichewa,chi_0282,0,0.331151
nb_char,clean,template,0,chichewa,chi_0283,0,0.646684
nb_char,clean,template,0,chichewa,chi_0284,1,0.873248
nb_char,clean,template,0,chichewa,chi_0285,1,0.965610
nb_char,clean,template,0,chichewa,chi_0286,1,0.940048
nb_char,clean,template,0,chichewa,chi_0287,0,0.659825
nb_char,clean,template,0,chichewa,chi_0288,0,0.312288
nb_char,clean,template,0,chichewa,chi_0289,0,0.398742
nb_char,clean,template,0,chichewa,chi_0290,1,0.892191
nb_char,clean,template,0,chichewa,chi_0291,1,0.814872
nb_char,clean,template,0,chichewa,chi_0292,0,0.390739
nb_char,clean,template,0,chichewa,chi_0293,0,0.740179
nb_char,clean,template,0,chichewa,chi_0294,0,0.849399
nb_char,clean,template,0,chichewa,chi_0295,1,0.828082
nb_char,clean,template,0,chichewa,chi_0296,1,0.906025
nb_char,clean,template,0,chichewa,chi_0297,0,0.452294
nb_char,clean,template,0,chichewa,chi_0298,0,0.285110
nb_char,clean,template,0,chichewa,chi_0299,0,0.321140
nb_char,clean,template,0,chichewa,chi_0300,1,0.893853
nb_char,clean,template,0,chichewa,chi_0301,1,0.701184
nb_char,clean,template,0,chichewa,chi_0302,1,0.987034
nb_char,clean,template,0,chichewa,chi_0303,0,0.878625
nb_char,clean,template,0,chichewa,chi_0304,0,0.856309
nb_char,clean,template,0,chichewa,chi_0305,0,0.854545
nb_char,clean,template,0,chichewa,chi_0306,0,0.870719
nb_char,clean,template,0,chichewa,chi_0307,1,0.977317
nb_char,clean,template,0,chichewa,chi_0308,1,0.816727
nb_char,clean,template,0,chichewa,chi_0309,1,0.826633
nb_char,clean,template,0,chichewa,chi_0310,1,0.928872
nb_char,clean,template,0,chichewa,chi_0311,0,0.569863
nb_char,clean,template,0,chichewa,chi_0312,0,0.783825
nb_char,clean,template,0,chichewa,chi_0313,0,0.866765
nb_char,clean,template,0,chichewa,chi_0314,1,0.966689
nb_char,clean,template,0,chichewa,chi_0315,1,0.900234
nb_char,clean,template,0,chichewa,chi_0316,0,0.872412
nb_char,clean,template,0,chichewa,chi_0317,0,0.568726
nb_char,clean,template,0,chichewa,chi_0318,1,0.702416
nb_char,clean,template,0,chichewa,chi_0319,1,0.786923
nb_char,clean,template,0,chichewa,chi_0320,0,0.376543
nb_char,clean,template,0,chichewa,chi_0321,1,0.855658
nb_char,clean,template,0,chichewa,chi_0322,0,0.653407
nb_char,clean,template,0,chichewa,chi_0323,0,0.572351
nb_char,clean,template,0,chichewa,chi_0324,0,0.559345
nb_char,clean,template,0,chichewa,chi_0325,0,0.761525
nb_char,clean,template,0,chichewa,chi_0326,1,0.888987
nb_char,clean,template,0,chichewa,chi_0327,1,0.819652
nb_char,clean,template,0,chichewa,chi_0328,0,0.596869
nb_char,clean,template,0,chichewa,chi_0329,0,0.911491
nb_char,clean,template,0,chichewa,chi_0330,0,0.871892
nb_char,clean,template,0,chichewa,chi_0331,1,0.855944
nb_char,clean,template,0,chichewa,chi_0332,0,0.501755
nb_char,clean,template,0,chichewa,chi_0333,0,0.747236
nb_char,clean,template,0,chichewa,chi_0334,0,0.591751
nb_char,clean,template,0,chichewa,chi_0335,0,0.626469
nb_char,clean,template,0,chichewa,chi_0336,1,0.945505
nb_char,clean,template,0,chichewa,chi_0337,1,0.825269
nb_char,clean,template,0,chichewa,chi_0338,1,0.838941
nb_char,clean,template,0,chichewa,chi_0339,0,0.349370
nb_char,clean,template,0,chichewa,chi_0340,0,0.233660
nb_char,clean,template,0,chichewa,chi_0341,0,0.585111
nb_char,clean,template,0,chichewa,chi_0342,1,0.756236
nb_char,clean,template,0,chichewa,chi_0343,1,0.838322
nb_char,clean,template,0,chichewa,chi_0344,1,0.823646
nb_char,clean,template,0,chichewa,chi_0345,0,0.254925
nb_char,clean,template,0,chichewa,chi_0346,0,0.392132
nb_char,clean,template,0,chichewa,chi_0347,1,0.900812
nb_char,clean,template,0,chichewa,chi_0348,0,0.319809
nb_char,clean,template,0,chichewa,chi_0349,0,0.363451
nb_char,clean,template,0,chichewa,chi_0350,1,0.919460
nb_char,clean,template,0,chichewa,chi_0351,1,0.812384
nb_char,clean,template,0,chichewa,chi_0352,1,0.819809
nb_char,clean,template,0,chichewa,chi_0353,1,0.607193
nb_char,clean,template,0,chichewa,chi_0354,1,0.698644
nb_char,clean,template,0,chichewa,chi_0355,0,0.284747
nb_char,clean,template,0,chichewa,chi_0356,0,0.717650
nb_char,clean,template,0,chichewa,chi_0357,0,0.598532
nb_char,clean,template,0,chichewa,chi_0358,0,0.556232
nb_char,clean,template,0,chichewa,chi_0359,1,0.512831
nb_char,clean,template,0,chichewa,chi_0360,0,0.333577
nb_char,clean,template,0,chichewa,chi_0361,1,0.794651
nb_char,clean,template,0,chichewa,chi_0362,1,0.764313
nb_char,clean,template,0,chichewa,chi_0363,1,0.797817
nb_char,clean,template,0,chichewa,chi_0364,0,0.441223
nb_char,clean,template,0,chichewa,chi_0365,0,0.645368
nb_char,clean,template,0,chichewa,chi_0366,0,0.534765
nb_char,clean,template,0,chichewa,chi_0367,1,0.721294
nb_char,clean,template,0,chichewa,chi_0368,1,0.887288
nb_char,clean,template,0,chichewa,chi_0369,0,0.789517
nb_char,clean,template,0,chichewa,chi_0370,0,0.829868
nb_char,clean,template,0,chichewa,chi_0371,0,0.235059
nb_char,clean,template,0,chichewa,chi_0372,1,0.543563
nb_char,clean,template,0,chichewa,chi_0373,1,0.595949
nb_char,clean,template,0,chichewa,chi_0374,0,0.636846
nb_char,clean,template,0,chichewa,chi_0375,0,0.531863
nb_char,clean,template,0,chichewa,chi_0376,1,0.906835
nb_char,clean,template,0,chichewa,chi_0377,1,0.840135
nb_char,clean,template,0,chichewa,chi_0378,0,0.279999
nb_char,clean,template,0,chichewa,chi_0379,0,0.274981
nb_char,clean,template,0,chichewa,chi_0380,1,0.913839
nb_char,clean,template,0,chichewa,chi_0381,1,0.694157
nb_char,clean,template,0,chichewa,chi_0382,0,0.475350
nb_char,clean,template,0,chichewa,chi_0383,0,0.250356
nb_char,clean,template,0,chichewa,chi_0384,1,0.887949
nb_char,clean,template,0,chichewa,chi_0385,1,0.891484
nb_char,clean,template,0,chichewa,chi_0386,1,0.820219
nb_char,clean,template,0,chichewa,chi_0387,1,0.874059
nb_char,clean,template,0,chichewa,chi_0388,0,0.622311
nb_char,clean,template,0,chichewa,chi_0389,1,0.399740
nb_char,clean,template,0,chichewa,chi_0390,0,0.323347
nb_char,clean,template,0,chichewa,chi_0391,0,0.326083
nb_char,clean,template,0,chichewa,chi_0392,1,0.704266
nb_char,clean,template,0,chichewa,chi_0393,0,0.399832
nb_char,clean,template,0,chichewa,chi_0394,0,0.336965
nb_char,clean,template,0,chichewa,chi_0395,1,0.887564
nb_char,clean,template,0,chichewa,chi_0396,0,0.509812
nb_char,clean,template,0,chichewa,chi_0397,0,0.601913
nb_char,clean,template,0,chichewa,chi_0398,0,0.420335
nb_char,clean,template,0,chichewa,chi_0399,0,0.324261
nb_char,clean,template,0,chichewa,chi_0400,0,0.340503
nb_char,clean,template,0,chichewa,chi_0401,0,0.304576
nb_char,clean,template,0,chichewa,chi_0402,0,0.522742
nb_char,clean,template,0,chichewa,chi_0403,0,0.267548
nb_char,clean,template,0,chichewa,chi_0404,0,0.260609
nb_char,clean,template,0,chichewa,chi_0405,0,0.410288
nb_char,clean,template,0,chichewa,chi_0406,0,0.487385
nb_char,clean,template,0,chichewa,chi_0407,0,0.433390
nb_char,clean,template,0,chichewa,chi_0408,0,0.757540
nb_char,clean,template,0,chichewa,chi_0409,0,0.744892
nb_char,clean,template,0,chichewa,chi_0410,0,0.608676
nb_char,clean,template,0,chichewa,chi_0411,1,0.757761
nb_char,clean,template,0,chichewa,chi_0412,1,0.626705
nb_char,clean,template,0,chichewa,chi_0413,1,0.367920
nb_char,clean,template,0,chichewa,chi_0414,0,0.461581
nb_char,clean,template,0,chichewa,chi_0415,0,0.335849
nb_char,clean,template,0,chichewa,chi_0416,1,0.679807
nb_char,clean,template,0,chichewa,chi_0417,1,0.849388
nb_char,clean,template,0,chichewa,chi_0418,1,0.812372
nb_char,clean,template,0,chichewa,chi_0419,0,0.520934
nb_char,clean,template,0,chichewa,chi_0420,1,0.478804
nb_char,clean,template,0,chichewa,chi_0421,0,0.321319
nb_char,clean,template,0,chichewa,chi_0422,0,0.654818
nb_char,clean,template,0,chichewa,chi_0423,1,0.679277
nb_char,clean,template,0,chichewa,chi_0424,1,0.625988
nb_char,clean,template,0,chichewa,chi_0425,0,0.596615
nb_char,clean,template,0,chichewa,chi_0426,1,0.749021
nb_char,clean,template,0,chichewa,chi_0427,1,0.552296
nb_char,clean,template,0,chichewa,chi_0428,1,0.864601
nb_char,clean,template,0,chichewa,chi_0429,0,0.348306
nb_char,clean,template,0,chichewa,chi_0430,0,0.395123
nb_char,clean,template,0,chichewa,chi_0431,0,0.309590
nb_char,clean,template,0,chichewa,chi_0432,1,0.788707
nb_char,clean,template,0,chichewa,chi_0433,1,0.799137
nb_char,clean,template,0,chichewa,chi_0434,1,0.796678
nb_char,clean,template,0,chichewa,chi_0435,1,0.808647
nb_char,clean,template,0,chichewa,chi_0436,1,0.826558
nb_char,clean,template,0,chichewa,chi_0437,1,0.860696
nb_char,clean,template,0,chichewa,chi_0438,1,0.822370
nb_char,clean,template,0,chichewa,chi_0439,1,0.885828
nb_char,clean,template,0,chichewa,chi_0440,1,0.799698
nb_char,clean,template,0,chichewa,chi_0441,1,0.765125
nb_char,clean,template,0,chichewa,chi_0442,1,0.765688
nb_char,clean,template,0,chichewa,chi_0443,1,0.537608
nb_char,clean,template,0,chichewa,chi_0444,1,0.787233
nb_char,clean,template,0,chichewa,chi_0445,1,0.930932
nb_char,clean,template,0,chichewa,chi_0446,1,0.810749
nb_char,clean,template,0,chichewa,chi_0447,1,0.590139
nb_char,clean,template,0,chichewa,chi_0448,1,0.828722
nb_char,clean,template,0,chichewa,chi_0449,1,0.868627
nb_char,clean,template,0,chichewa,chi_0450,1,0.841775
nb_char,clean,template,0,chichewa,chi_0451,0,0.406713
nb_char,clean,template,0,chichewa,chi_0452,0,0.301844
nb_char,clean,template,0,chichewa,chi_0453,1,0.767938
nb_char,clean,template,0,chichewa,chi_0454,1,0.908464
nb_char,clean,template,0,chichewa,chi_0455,1,0.733017
nb_char,clean,template,0,chichewa,chi_0456,1,0.826074
nb_char,clean,template,0,chichewa,chi_0457,1,0.858602
nb_char,clean,template,0,chichewa,chi_0458,1,0.842080
nb_char,clean,template,0,chichewa,chi_0459,0,0.544793
nb_char,clean,template,0,chichewa,chi_0460,1,0.778222
nb_char,clean,template,0,chichewa,chi_0461,1,0.880342
nb_char,clean,template,0,chichewa,chi_0462,0,0.295083
nb_char,clean,template,0,chichewa,chi_0463,0,0.434482
nb_char,clean,template,0,chichewa,chi_0464,1,0.879838
nb_char,clean,template,0,chichewa,chi_0465,0,0.865492
nb_char,clean,template,0,chichewa,chi_0466,0,0.599185
nb_char,clean,template,0,chichewa,chi_0467,1,0.925668
nb_char,clean,template,0,chichewa,chi_0468,1,0.806630
nb_char,clean,template,0,chichewa,chi_0469,0,0.644150
nb_char,clean,template,0,chichewa,chi_0470,0,0.390075
nb_char,clean,template,0,chichewa,chi_0471,1,0.415493
nb_char,clean,template,0,chichewa,chi_0472,1,0.744717
nb_char,clean,template,0,chichewa,chi_0473,0,0.511507
nb_char,clean,template,0,chichewa,chi_0474,0,0.416207
nb_char,clean,template,0,chichewa,chi_0475,1,0.830007
nb_char,clean,template,0,chichewa,chi_0476,1,0.386371
nb_char,clean,template,0,chichewa,chi_0477,1,0.873792
nb_char,clean,template,0,chichewa,chi_0478,0,0.845245
nb_char,clean,template,0,chichewa,chi_0479,0,0.921162
nb_char,clean,template,0,chichewa,chi_0480,0,0.562947
nb_char,clean,template,0,chichewa,chi_0481,1,0.383121
nb_char,clean,template,0,chichewa,chi_0482,1,0.423761
nb_char,clean,template,0,chichewa,chi_0483,0,0.885861
nb_char,clean,template,0,chichewa,chi_0484,0,0.720196
nb_char,clean,template,0,chichewa,chi_0485,0,0.738179
nb_char,clean,template,0,chichewa,chi_0486,1,0.690833
nb_char,clean,template,0,chichewa,chi_0487,1,0.624289
nb_char,clean,template,0,chichewa,chi_0488,1,0.679278
nb_char,clean,template,0,chichewa,chi_0489,0,0.858821
nb_char,clean,template,0,chichewa,chi_0490,0,0.933479
nb_char,clean,template,0,chichewa,chi_0491,1,0.402784
nb_char,clean,template,0,chichewa,chi_0492,1,0.621034
nb_char,clean,template,0,chichewa,chi_0493,1,0.508755
nb_char,clean,template,0,chichewa,chi_0494,0,0.931540
nb_char,clean,template,0,chichewa,chi_0495,0,0.722905
nb_char,clean,template,0,chichewa,chi_0496,0,0.694278
nb_char,clean,template,0,chichewa,chi_0497,1,0.691728
nb_char,clean,template,0,chichewa,chi_0498,1,0.649926
nb_char,clean,template,0,chichewa,chi_0499,0,0.492479
nb_char,clean,template,0,chichewa,chi_0500,0,0.912070
nb_char,clean,template,0,chichewa,chi_0501,0,0.685646
nb_char,clean,template,0,chichewa,chi_0502,1,0.313596
nb_char,clean,template,0,chichewa,chi_0503,1,0.822531
nb_char,clean,template,0,chichewa,chi_0504,1,0.540372
nb_char,clean,template,0,chichewa,chi_0505,0,0.393093
nb_char,clean,template,0,chichewa,chi_0506,0,0.379904
nb_char,clean,template,0,chichewa,chi_0507,0,0.280767
nb_char,clean,template,0,chichewa,chi_0508,1,0.423241
nb_char,clean,template,0,chichewa,chi_0509,1,0.535896
nb_char,clean,template,0,chichewa,chi_0510,1,0.442530
nb_char,clean,template,0,chichewa,chi_0511,0,0.531894
nb_char,clean,template,0,chichewa,chi_0512,0,0.374048
nb_char,clean,template,0,chichewa,chi_0513,0,0.495715
nb_char,clean,template,0,chichewa,chi_0514,1,0.820800
nb_char,clean,template,0,chichewa,chi_0515,1,0.897497
nb_char,clean,template,0,chichewa,chi_0516,1,0.566894
nb_char,clean,template,0,chichewa,chi_0517,0,0.356294
nb_char,clean,template,0,chichewa,chi_0518,0,0.352800
nb_char,clean,template,0,chichewa,chi_0519,1,0.390962
nb_char,clean,template,0,chichewa,chi_0520,1,0.895600
nb_char,clean,template,0,chichewa,chi_0521,1,0.763595
nb_char,clean,template,0,chichewa,chi_0522,0,0.712260
nb_char,clean,template,0,chichewa,chi_0523,0,0.567075
nb_char,clean,template,0,chichewa,chi_0524,0,0.900885
nb_char,clean,template,0,chichewa,chi_0525,1,0.682366
nb_char,clean,template,0,chichewa,chi_0526,1,0.866874
nb_char,clean,template,0,chichewa,chi_0527,1,0.583666
nb_char,clean,template,0,chichewa,chi_0528,0,0.258049
nb_char,clean,template,0,chichewa,chi_0529,0,0.535148
nb_char,clean,template,0,chichewa,chi_0530,0,0.450756
nb_char,clean,template,0,chichewa,chi_0531,1,0.941431
nb_char,clean,template,0,chichewa,chi_0532,1,0.860136
nb_char,clean,template,0,chichewa,chi_0533,1,0.663630
nb_char,clean,template,0,chichewa,chi_0534,0,0.572700
nb_char,clean,template,0,chichewa,chi_0535,0,0.449249
nb_char,clean,template,0,chichewa,chi_0536,0,0.535908
nb_char,clean,template,0,chichewa,chi_0537,1,0.699980
nb_char,clean,template,0,chichewa,chi_0538,1,0.743416
nb_char,clean,template,0,chichewa,chi_0539,1,0.420303
nb_char,clean,template,0,chichewa,chi_0540,0,0.293012
nb_char,clean,template,0,chichewa,chi_0541,0,0.395653
nb_char,clean,template,0,chichewa,chi_0542,0,0.619570
nb_char,clean,template,0,chichewa,chi_0543,1,0.717772
nb_char,clean,template,0,chichewa,chi_0544,1,0.715833
nb_char,clean,template,0,chichewa,chi_0545,1,0.757155
nb_char,clean,template,0,chichewa,chi_0546,0,0.270864
nb_char,clean,template,0,chichewa,chi_0547,0,0.369434
nb_char,clean,template,0,chichewa,chi_0548,0,0.540396
nb_char,clean,template,0,chichewa,chi_0549,1,0.936466
nb_char,clean,template,0,chichewa,chi_0550,1,0.934255
nb_char,clean,template,0,chichewa,chi_0551,1,0.659713
nb_char,clean,template,0,chichewa,chi_0552,0,0.532064
nb_char,clean,template,0,chichewa,chi_0553,0,0.475328
nb_char,clean,template,0,chichewa,chi_0554,1,0.307131
nb_char,clean,template,0,chichewa,chi_0555,1,0.307507
nb_char,clean,template,0,chichewa,chi_0556,1,0.695014
nb_char,clean,template,0,chichewa,chi_0557,0,0.910715
nb_char,clean,template,0,chichewa,chi_0558,0,0.350867
nb_char,clean,template,0,chichewa,chi_0559,0,0.570975
nb_char,clean,template,0,chichewa,chi_0560,1,0.533168
nb_char,clean,template,0,chichewa,chi_0561,1,0.819602
nb_char,clean,template,0,chichewa,chi_0562,1,0.470465
nb_char,clean,template,0,chichewa,chi_0563,0,0.441769
nb_char,clean,template,0,chichewa,chi_0564,0,0.661472
nb_char,clean,template,0,chichewa,chi_0565,0,0.383417
nb_char,clean,template,0,chichewa,chi_0566,0,0.674166
nb_char,clean,template,0,chichewa,chi_0567,1,0.461453
nb_char,clean,template,0,chichewa,chi_0568,1,0.779445
nb_char,clean,template,0,chichewa,chi_0569,1,0.920417
nb_char,clean,template,0,chichewa,chi_0570,1,0.659254
nb_char,clean,template,0,chichewa,chi_0571,0,0.681833
nb_char,clean,template,0,chichewa,chi_0572,1,0.884639
nb_char,clean,template,0,chichewa,chi_0573,1,0.418385
nb_char,clean,template,0,chichewa,chi_0574,1,0.368440
nb_char,clean,template,0,chichewa,chi_0575,0,0.407808
nb_char,clean,template,0,chichewa,chi_0576,1,0.934078
nb_char,clean,template,0,chichewa,chi_0577,1,0.436256
nb_char,clean,template,0,chichewa,chi_0578,0,0.426161
nb_char,clean,template,0,chichewa,chi_0579,0,0.440077
nb_char,clean,template,0,chichewa,chi_0580,0,0.496969
nb_char,clean,template,0,chichewa,chi_0581,1,0.288584
nb_char,clean,template,0,chichewa,chi_0582,0,0.354292
nb_char,clean,template,0,chichewa,chi_0583,0,0.391229
nb_char,clean,template,0,chichewa,chi_0584,0,0.459833
nb_char,clean,template,0,chichewa,chi_0585,0,0.606762
nb_char,clean,template,0,chichewa,chi_0586,0,0.445015
nb_char,clean,template,0,chichewa,chi_0587,0,0.407519
nb_char,clean,template,0,chichewa,chi_0588,0,0.496276
nb_char,clean,template,0,chichewa,chi_0589,1,0.585661
nb_char,clean,template,0,chichewa,chi_0590,1,0.691196
nb_char,clean,template,0,chichewa,chi_0591,1,0.893490
nb_char,clean,template,0,chichewa,chi_0592,0,0.584887
nb_char,clean,template,0,chichewa,chi_0593,0,0.446494
nb_char,clean,template,0,chichewa,chi_0594,0,0.516255
nb_char,clean,template,0,chichewa,chi_0595,1,0.538336
nb_char,clean,template,0,chichewa,chi_0596,1,0.934400
nb_char,clean,template,0,chichewa,chi_0597,1,0.705311
nb_char,clean,template,0,chichewa,chi_0598,1,0.639273
nb_char,clean,template,0,chichewa,chi_0599,0,0.676711
nb_char,clean,template,0,chichewa,chi_0600,0,0.683288
nb_char,clean,template,0,chichewa,chi_0601,0,0.414754
nb_char,clean,template,0,chichewa,chi_0602,1,0.879310
nb_char,clean,template,0,chichewa,chi_0603,0,0.409719
nb_char,clean,template,0,chichewa,chi_0604,0,0.555601
nb_char,clean,template,0,chichewa,chi_0605,0,0.609162
nb_char,clean,template,0,chichewa,chi_0606,1,0.474557
nb_char,clean,template,0,chichewa,chi_0607,0,0.538221
nb_char,clean,template,0,chichewa,chi_0608,0,0.566929
nb_char,clean,template,0,chichewa,chi_0609,0,0.344986
nb_char,clean,template,0,chichewa,chi_0610,1,0.906961
nb_char,clean,template,0,chichewa,chi_0611,0,0.566134
nb_char,clean,template,0,chichewa,chi_0612,0,0.592873
nb_char,clean,template,0,chichewa,chi_0613,0,0.330314
nb_char,clean,template,0,chichewa,chi_0614,0,0.395045
nb_char,clean,template,0,chichewa,chi_0615,1,0.801180
nb_char,clean,template,0,chichewa,chi_0616,0,0.689567
nb_char,clean,template,0,chichewa,chi_0617,0,0.463783
nb_char,clean,template,0,chichewa,chi_0618,1,0.604719
nb_char,clean,template,0,chichewa,chi_0619,1,0.676646
nb_char,clean,template,0,chichewa,chi_0620,1,0.485335
nb_char,clean,template,0,chichewa,chi_0621,0,0.640395
nb_char,clean,template,0,chichewa,chi_0622,0,0.866143
nb_char,clean,template,0,chichewa,chi_0623,0,0.923226
nb_char,clean,template,0,chichewa,chi_0624,1,0.369510
nb_char,clean,template,0,chichewa,chi_0625,0,0.627055
nb_char,clean,template,0,chichewa,chi_0626,0,0.890424
nb_char,clean,template,0,chichewa,chi_0627,0,0.452630
nb_char,clean,template,0,chichewa,chi_0628,0,0.388324
nb_char,clean,template,0,chichewa,chi_0629,0,0.623765
nb_char,clean,template,0,chichewa,chi_0630,1,0.881920
nb_char,clean,template,0,chichewa,chi_0631,1,0.409727
nb_char,clean,template,0,chichewa,chi_0632,0,0.775369
nb_char,clean,template,0,chichewa,chi_0633,0,0.629659
nb_char,clean,template,0,chichewa,chi_0634,1,0.893861
nb_char,clean,template,0,chichewa,chi_0635,1,0.333425
nb_char,clean,template,0,chichewa,chi_0636,1,0.301950
nb_char,clean,template,0,chichewa,chi_0637,0,0.280504
nb_char,clean,template,0,chichewa,chi_0638,0,0.391240
nb_char,clean,template,0,chichewa,chi_0639,0,0.484721
nb_char,clean,template,0,chichewa,chi_0640,0,0.586833
nb_char,clean,template,0,chichewa,chi_0641,1,0.624445
nb_char,clean,template,0,chichewa,chi_0642,1,0.697360
nb_char,clean,template,0,chichewa,chi_0643,1,0.751953
nb_char,clean,template,0,chichewa,chi_0644,0,0.697342
nb_char,clean,template,0,chichewa,chi_0645,1,0.901306
nb_char,clean,template,0,chichewa,chi_0646,1,0.904561
nb_char,clean,template,0,chichewa,chi_0647,1,0.961835
nb_char,clean,template,0,chichewa,chi_0648,1,0.904568
nb_char,clean,template,0,chichewa,chi_0649,1,0.867066
nb_char,clean,template,0,chichewa,chi_0650,1,0.854855
nb_char,clean,template,0,chichewa,chi_0651,1,0.799812
nb_char,clean,template,0,chichewa,chi_0652,1,0.967496
nb_char,clean,template,0,chichewa,chi_0653,1,0.918875
nb_char,clean,template,0,chichewa,chi_0654,1,0.830633
nb_char,clean,template,0,chichewa,chi_0655,1,0.975773
nb_char,clean,template,0,chichewa,chi_0656,1,0.396164
nb_char,clean,template,0,chichewa,chi_0657,1,0.780388
nb_char,clean,template,0,chichewa,chi_0658,1,0.540742
nb_char,clean,template,0,chichewa,chi_0659,1,0.804855
nb_char,clean,template,0,chichewa,chi_0660,1,0.922728
nb_char,clean,template,0,chichewa,chi_0661,1,0.931387
nb_char,clean,template,0,chichewa,chi_0662,1,0.485822
nb_char,clean,template,0,chichewa,chi_0663,1,0.820106
nb_char,clean,template,0,chichewa,chi_0664,1,0.886438
nb_char,clean,template,0,chichewa,chi_0665,1,0.917273
nb_char,clean,template,0,chichewa,chi_0666,1,0.903507
nb_char,clean,template,0,chichewa,chi_0667,1,0.938206
nb_char,clean,template,0,chichewa,chi_0668,0,0.360058
nb_char,clean,template,0,chichewa,chi_0669,0,0.525673
nb_char,clean,template,0,chichewa,chi_0670,0,0.632677
nb_char,clean,template,0,chichewa,chi_0671,0,0.656323
nb_char,clean,template,0,chichewa,chi_0672,0,0.495874
nb_char,clean,template,0,chichewa,chi_0673,0,0.624756
nb_char,clean,template,0,chichewa,chi_0674,0,0.921337
nb_char,clean,template,0,chichewa,chi_0675,0,0.922633
nb_char,clean,template,0,chichewa,chi_0676,0,0.349585
nb_char,clean,template,0,chichewa,chi_0677,0,0.317007
nb_char,clean,template,0,chichewa,chi_0678,0,0.735885
nb_char,clean,template,0,chichewa,chi_0679,0,0.728999
nb_char,clean,template,0,chichewa,chi_0680,0,0.747323
nb_char,clean,template,0,chichewa,chi_0681,0,0.943014
nb_char,clean,template,0,chichewa,chi_0682,0,0.862142
nb_char,clean,template,0,chichewa,chi_0683,0,0.868098
nb_char,clean,template,0,chichewa,chi_0684,0,0.911332
nb_char,clean,template,0,chichewa,chi_0685,0,0.529567
nb_char,clean,template,0,chichewa,chi_0686,0,0.704362
nb_char,clean,template,0,chichewa,chi_0687,0,0.434245
nb_char,clean,template,0,chichewa,chi_0688,0,0.847050
nb_char,clean,template,0,chichewa,chi_0689,0,0.665498
nb_char,clean,template,0,chichewa,chi_0690,0,0.660774
nb_char,clean,template,0,chichewa,chi_0691,0,0.387566
nb_char,clean,template,0,chichewa,chi_0692,0,0.556302
nb_char,clean,template,0,chichewa,chi_0693,0,0.593704
nb_char,clean,template,0,chichewa,chi_0694,0,0.596676
nb_char,clean,template,0,chichewa,chi_0695,0,0.817341
nb_char,clean,template,0,chichewa,chi_0696,0,0.909013
nb_char,clean,template,0,chichewa,chi_0697,0,0.677332
nb_char,clean,template,0,chichewa,chi_0698,0,0.544789
nb_char,clean,template,0,chichewa,chi_0699,0,0.420676
nb_char,clean,template,0,chichewa,chi_0700,0,0.450242
nb_char,clean,template,0,chichewa,chi_0701,0,0.601403
nb_char,clean,template,0,chichewa,chi_0702,0,0.600933
nb_char,clean,template,0,chichewa,chi_0703,0,0.822372
nb_char,clean,template,0,chichewa,chi_0704,0,0.367363
nb_char,clean,template,0,chichewa,chi_0705,0,0.716336
nb_char,clean,template,0,chichewa,chi_0706,0,0.756248
nb_char,clean,template,0,chichewa,chi_0707,0,0.512410
nb_char,clean,template,0,chichewa,chi_0708,0,0.834043
nb_char,clean,template,0,chichewa,chi_0709,0,0.835026
nb_char,clean,template,0,chichewa,chi_0710,0,0.368500
nb_char,clean,template,0,chichewa,chi_0711,0,0.873639
nb_char,clean,template,0,chichewa,chi_0712,0,0.818928
nb_char,clean,template,0,chichewa,chi_0713,0,0.674037
nb_char,clean,template,0,chichewa,chi_0714,0,0.549372
nb_char,clean,template,0,chichewa,chi_0715,0,0.787648
nb_char,clean,template,0,chichewa,chi_0716,0,0.696371
nb_char,clean,template,0,chichewa,chi_0717,0,0.708113
nb_char,clean,template,0,chichewa,chi_0718,0,0.808552
nb_char,clean,template,0,chichewa,chi_0719,0,0.684576
nb_char,clean,template,0,chichewa,chi_0720,0,0.357489
nb_char,clean,template,0,chichewa,chi_0721,0,0.718317
nb_char,clean,template,0,chichewa,chi_0722,0,0.437555
nb_char,clean,template,0,chichewa,chi_0723,0,0.444276
nb_char,clean,template,0,chichewa,chi_0724,0,0.594232
nb_char,clean,template,0,chichewa,chi_0725,0,0.592941
nb_char,clean,template,0,chichewa,chi_0726,0,0.801586
nb_char,clean,template,0,chichewa,chi_0727,0,0.804491
nb_char,clean,template,0,chichewa,chi_0728,0,0.517678
nb_char,clean,template,0,chichewa,chi_0729,0,0.431199
nb_char,clean,template,0,chichewa,chi_0730,0,0.489707
nb_char,clean,template,0,chichewa,chi_0731,0,0.697142
nb_char,clean,template,0,chichewa,chi_0732,0,0.655601
nb_char,clean,template,0,ctrl_lookalike,bongo_0029,0,0.318902
nb_char,clean,template,0,ctrl_lookalike,bongo_0053,0,0.285479
nb_char,clean,template,0,ctrl_lookalike,bongo_0097,0,0.526407
nb_char,clean,template,0,ctrl_lookalike,bongo_0107,0,0.263979
nb_char,clean,template,0,ctrl_lookalike,bongo_0110,0,0.305807
nb_char,clean,template,0,ctrl_lookalike,bongo_0115,0,0.549177
nb_char,clean,template,0,ctrl_lookalike,bongo_0143,0,0.164657
nb_char,clean,template,0,ctrl_lookalike,bongo_0160,0,0.208399
nb_char,clean,template,0,ctrl_lookalike,bongo_0172,0,0.498335
nb_char,clean,template,0,ctrl_lookalike,bongo_0175,0,0.287668
nb_char,clean,template,0,ctrl_lookalike,bongo_0182,0,0.148467
nb_char,clean,template,0,ctrl_lookalike,bongo_0197,0,0.218635
nb_char,clean,template,0,ctrl_lookalike,bongo_0253,0,0.262009
nb_char,clean,template,0,ctrl_lookalike,bongo_0271,0,0.140204
nb_char,clean,template,0,ctrl_lookalike,bongo_0300,0,0.063084
nb_char,clean,template,0,ctrl_lookalike,bongo_0306,0,0.350897
nb_char,clean,template,0,ctrl_lookalike,bongo_0363,0,0.300184
nb_char,clean,template,0,ctrl_lookalike,bongo_0368,0,0.377205
nb_char,clean,template,0,ctrl_lookalike,bongo_0372,0,0.314204
nb_char,clean,template,0,ctrl_lookalike,bongo_0389,0,0.236054
nb_char,clean,template,0,ctrl_lookalike,bongo_0395,0,0.279257
nb_char,clean,template,0,ctrl_lookalike,bongo_0427,0,0.578786
nb_char,clean,template,0,ctrl_lookalike,bongo_0463,0,0.485895
nb_char,clean,template,0,ctrl_lookalike,bongo_0531,0,0.391273
nb_char,clean,template,0,ctrl_lookalike,bongo_0542,0,0.108333
nb_char,clean,template,0,ctrl_lookalike,bongo_0545,0,0.223615
nb_char,clean,template,0,ctrl_lookalike,bongo_0571,0,0.479548
nb_char,clean,template,0,ctrl_lookalike,bongo_0630,0,0.332495
nb_char,clean,template,0,ctrl_lookalike,bongo_0648,0,0.536540
nb_char,clean,template,0,ctrl_lookalike,bongo_0674,0,0.198104
nb_char,clean,template,0,ctrl_lookalike,bongo_0685,0,0.927804
nb_char,clean,template,0,ctrl_lookalike,bongo_0701,0,0.174936
nb_char,clean,template,0,ctrl_lookalike,bongo_0741,0,0.042629
nb_char,clean,template,0,ctrl_lookalike,bongo_0795,0,0.381061
nb_char,clean,template,0,ctrl_lookalike,bongo_0818,0,0.364378
nb_char,clean,template,0,ctrl_lookalike,bongo_0819,0,0.244638
nb_char,clean,template,0,ctrl_lookalike,bongo_0835,0,0.212753
nb_char,clean,template,0,ctrl_lookalike,bongo_0856,0,0.226470
nb_char,clean,template,0,ctrl_lookalike,bongo_0872,0,0.400308
nb_char,clean,template,0,ctrl_lookalike,bongo_0904,0,0.433120
nb_char,clean,template,0,ctrl_lookalike,bongo_0950,0,0.377453
nb_char,clean,template,0,ctrl_lookalike,bongo_0956,0,0.183368
nb_char,clean,template,0,ctrl_lookalike,bongo_0971,0,0.203758
nb_char,clean,template,0,ctrl_lookalike,bongo_0983,0,0.480847
nb_char,clean,template,0,ctrl_lookalike,bongo_0994,0,0.932251
nb_char,clean,template,0,ctrl_lookalike,bongo_1006,0,0.479495
nb_char,clean,template,0,ctrl_lookalike,bongo_1015,0,0.232370
nb_char,clean,template,0,ctrl_lookalike,bongo_1037,0,0.334228
nb_char,clean,template,0,ctrl_lookalike,bongo_1040,0,0.425936
nb_char,clean,template,0,ctrl_lookalike,bongo_1050,0,0.098832
nb_char,clean,template,0,ctrl_lookalike,bongo_1059,0,0.270677
nb_char,clean,template,0,ctrl_lookalike,bongo_1071,0,0.275319
nb_char,clean,template,0,ctrl_lookalike,bongo_1090,0,0.382892
nb_char,clean,template,0,ctrl_lookalike,bongo_1115,0,0.144103
nb_char,clean,template,0,ctrl_lookalike,bongo_1123,0,0.238390
nb_char,clean,template,0,ctrl_lookalike,bongo_1125,0,0.597746
nb_char,clean,template,0,ctrl_lookalike,bongo_1135,0,0.273271
nb_char,clean,template,0,ctrl_lookalike,bongo_1155,0,0.168265
nb_char,clean,template,0,ctrl_lookalike,bongo_1194,0,0.402645
nb_char,clean,template,0,ctrl_lookalike,bongo_1198,0,0.319359
nb_char,clean,template,0,ctrl_lookalike,bongo_1236,0,0.210134
nb_char,clean,template,0,ctrl_lookalike,bongo_1244,0,0.277263
nb_char,clean,template,0,ctrl_lookalike,bongo_1249,0,0.214391
nb_char,clean,template,0,ctrl_lookalike,bongo_1253,0,0.319881
nb_char,clean,template,0,ctrl_lookalike,bongo_1260,0,0.105303
nb_char,clean,template,0,ctrl_lookalike,bongo_1262,0,0.225855
nb_char,clean,template,0,ctrl_lookalike,bongo_1285,0,0.133605
nb_char,clean,template,0,ctrl_lookalike,bongo_1316,0,0.319409
nb_char,clean,template,0,ctrl_lookalike,bongo_1330,0,0.496328
nb_char,clean,template,0,ctrl_lookalike,bongo_1359,0,0.057029
nb_char,clean,template,0,ctrl_lookalike,bongo_1375,0,0.366423
nb_char,clean,template,0,ctrl_structural,bongo_0029,0,0.696894
nb_char,clean,template,0,ctrl_structural,bongo_0053,0,0.393664
nb_char,clean,template,0,ctrl_structural,bongo_0097,0,0.684919
nb_char,clean,template,0,ctrl_structural,bongo_0107,0,0.483482
nb_char,clean,template,0,ctrl_structural,bongo_0110,0,0.172785
nb_char,clean,template,0,ctrl_structural,bongo_0115,0,0.749508
nb_char,clean,template,0,ctrl_structural,bongo_0143,0,0.219126
nb_char,clean,template,0,ctrl_structural,bongo_0160,0,0.303395
nb_char,clean,template,0,ctrl_structural,bongo_0172,0,0.531688
nb_char,clean,template,0,ctrl_structural,bongo_0175,0,0.328475
nb_char,clean,template,0,ctrl_structural,bongo_0182,0,0.209655
nb_char,clean,template,0,ctrl_structural,bongo_0197,0,0.163467
nb_char,clean,template,0,ctrl_structural,bongo_0253,0,0.365780
nb_char,clean,template,0,ctrl_structural,bongo_0271,0,0.132100
nb_char,clean,template,0,ctrl_structural,bongo_0300,0,0.209215
nb_char,clean,template,0,ctrl_structural,bongo_0306,0,0.613525
nb_char,clean,template,0,ctrl_structural,bongo_0363,0,0.416394
nb_char,clean,template,0,ctrl_structural,bongo_0368,0,0.364976
nb_char,clean,template,0,ctrl_structural,bongo_0372,0,0.622926
nb_char,clean,template,0,ctrl_structural,bongo_0389,0,0.282247
nb_char,clean,template,0,ctrl_structural,bongo_0395,0,0.525019
nb_char,clean,template,0,ctrl_structural,bongo_0427,0,0.651110
nb_char,clean,template,0,ctrl_structural,bongo_0463,0,0.597486
nb_char,clean,template,0,ctrl_structural,bongo_0531,0,0.485129
nb_char,clean,template,0,ctrl_structural,bongo_0542,0,0.221663
nb_char,clean,template,0,ctrl_structural,bongo_0545,0,0.277648
nb_char,clean,template,0,ctrl_structural,bongo_0571,0,0.568514
nb_char,clean,template,0,ctrl_structural,bongo_0630,0,0.683038
nb_char,clean,template,0,ctrl_structural,bongo_0648,0,0.658867
nb_char,clean,template,0,ctrl_structural,bongo_0674,0,0.322592
nb_char,clean,template,0,ctrl_structural,bongo_0685,0,0.902051
nb_char,clean,template,0,ctrl_structural,bongo_0701,0,0.175987
nb_char,clean,template,0,ctrl_structural,bongo_0741,0,0.101453
nb_char,clean,template,0,ctrl_structural,bongo_0795,0,0.500637
nb_char,clean,template,0,ctrl_structural,bongo_0818,0,0.602102
nb_char,clean,template,0,ctrl_structural,bongo_0819,0,0.470866
nb_char,clean,template,0,ctrl_structural,bongo_0835,0,0.268907
nb_char,clean,template,0,ctrl_structural,bongo_0856,0,0.334541
nb_char,clean,template,0,ctrl_structural,bongo_0872,0,0.570333
nb_char,clean,template,0,ctrl_structural,bongo_0904,0,0.646899
nb_char,clean,template,0,ctrl_structural,bongo_0950,0,0.631923
nb_char,clean,template,0,ctrl_structural,bongo_0956,0,0.202279
nb_char,clean,template,0,ctrl_structural,bongo_0971,0,0.205557
nb_char,clean,template,0,ctrl_structural,bongo_0983,0,0.759289
nb_char,clean,template,0,ctrl_structural,bongo_0994,0,0.924977
nb_char,clean,template,0,ctrl_structural,bongo_1006,0,0.638553
nb_char,clean,template,0,ctrl_structural,bongo_1015,0,0.183929
nb_char,clean,template,0,ctrl_structural,bongo_1037,0,0.530587
nb_char,clean,template,0,ctrl_structural,bongo_1040,0,0.411034
nb_char,clean,template,0,ctrl_structural,bongo_1050,0,0.175106
nb_char,clean,template,0,ctrl_structural,bongo_1059,0,0.357446
nb_char,clean,template,0,ctrl_structural,bongo_1071,0,0.301874
nb_char,clean,template,0,ctrl_structural,bongo_1090,0,0.552544
nb_char,clean,template,0,ctrl_structural,bongo_1115,0,0.291017
nb_char,clean,template,0,ctrl_structural,bongo_1123,0,0.419233
nb_char,clean,template,0,ctrl_structural,bongo_1125,0,0.587128
nb_char,clean,template,0,ctrl_structural,bongo_1135,0,0.314128
nb_char,clean,template,0,ctrl_structural,bongo_1155,0,0.210584
nb_char,clean,template,0,ctrl_structural,bongo_1194,0,0.394948
nb_char,clean,template,0,ctrl_structural,bongo_1198,0,0.461472
nb_char,clean,template,0,ctrl_structural,bongo_1236,0,0.534966
nb_char,clean,template,0,ctrl_structural,bongo_1244,0,0.244148
nb_char,clean,template,0,ctrl_structural,bongo_1249,0,0.270156
nb_char,clean,template,0,ctrl_structural,bongo_1253,0,0.340222
nb_char,clean,template,0,ctrl_structural,bongo_1260,0,0.154216
nb_char,clean,template,0,ctrl_structural,bongo_1262,0,0.255276
nb_char,clean,template,0,ctrl_structural,bongo_1285,0,0.184881
nb_char,clean,template,0,ctrl_structural,bongo_1316,0,0.262552
nb_char,clean,template,0,ctrl_structural,bongo_1330,0,0.679824
nb_char,clean,template,0,ctrl_structural,bongo_1359,0,0.043984
nb_char,clean,template,0,ctrl_structural,bongo_1375,0,0.514786
nb_char,clean,template,0,ctrl_codeswitch,bongo_0029,0,0.319824
nb_char,clean,template,0,ctrl_codeswitch,bongo_0053,0,0.228882
nb_char,clean,template,0,ctrl_codeswitch,bongo_0097,0,0.412036
nb_char,clean,template,0,ctrl_codeswitch,bongo_0107,0,0.114246
nb_char,clean,template,0,ctrl_codeswitch,bongo_0110,0,0.131831
nb_char,clean,template,0,ctrl_codeswitch,bongo_0115,0,0.435272
nb_char,clean,template,0,ctrl_codeswitch,bongo_0143,0,0.089357
nb_char,clean,template,0,ctrl_codeswitch,bongo_0160,0,0.135545
nb_char,clean,template,0,ctrl_codeswitch,bongo_0172,0,0.332073
nb_char,clean,template,0,ctrl_codeswitch,bongo_0175,0,0.188965
nb_char,clean,template,0,ctrl_codeswitch,bongo_0182,0,0.075308
nb_char,clean,template,0,ctrl_codeswitch,bongo_0197,0,0.099532
nb_char,clean,template,0,ctrl_codeswitch,bongo_0253,0,0.226151
nb_char,clean,template,0,ctrl_codeswitch,bongo_0271,0,0.089957
nb_char,clean,template,0,ctrl_codeswitch,bongo_0300,0,0.018482
nb_char,clean,template,0,ctrl_codeswitch,bongo_0306,0,0.123608
nb_char,clean,template,0,ctrl_codeswitch,bongo_0363,0,0.098682
nb_char,clean,template,0,ctrl_codeswitch,bongo_0368,0,0.233125
nb_char,clean,template,0,ctrl_codeswitch,bongo_0372,0,0.318321
nb_char,clean,template,0,ctrl_codeswitch,bongo_0389,0,0.127109
nb_char,clean,template,0,ctrl_codeswitch,bongo_0395,0,0.217050
nb_char,clean,template,0,ctrl_codeswitch,bongo_0427,0,0.392772
nb_char,clean,template,0,ctrl_codeswitch,bongo_0463,0,0.520293
nb_char,clean,template,0,ctrl_codeswitch,bongo_0531,0,0.288838
nb_char,clean,template,0,ctrl_codeswitch,bongo_0542,0,0.140608
nb_char,clean,template,0,ctrl_codeswitch,bongo_0545,0,0.141677
nb_char,clean,template,0,ctrl_codeswitch,bongo_0571,0,0.402319
nb_char,clean,template,0,ctrl_codeswitch,bongo_0630,0,0.168160
nb_char,clean,template,0,ctrl_codeswitch,bongo_0648,0,0.315901
nb_char,clean,template,0,ctrl_codeswitch,bongo_0674,0,0.115431
nb_char,clean,template,0,ctrl_codeswitch,bongo_0685,0,0.571200
nb_char,clean,template,0,ctrl_codeswitch,bongo_0701,0,0.127740
nb_char,clean,template,0,ctrl_codeswitch,bongo_0741,0,0.045795
nb_char,clean,template,0,ctrl_codeswitch,bongo_0795,0,0.229489
nb_char,clean,template,0,ctrl_codeswitch,bongo_0818,0,0.145114
nb_char,clean,template,0,ctrl_codeswitch,bongo_0819,0,0.226923
nb_char,clean,template,0,ctrl_codeswitch,bongo_0835,0,0.112382
nb_char,clean,template,0,ctrl_codeswitch,bongo_0856,0,0.078330
nb_char,clean,template,0,ctrl_codeswitch,bongo_0872,0,0.603031
nb_char,clean,template,0,ctrl_codeswitch,bongo_0904,0,0.548308
nb_char,clean,template,0,ctrl_codeswitch,bongo_0950,0,0.116249
nb_char,clean,template,0,ctrl_codeswitch,bongo_0956,0,0.105956
nb_char,clean,template,0,ctrl_codeswitch,bongo_0971,0,0.124698
nb_char,clean,template,0,ctrl_codeswitch,bongo_0983,0,0.284358
nb_char,clean,template,0,ctrl_codeswitch,bongo_0994,0,0.577954
nb_char,clean,template,0,ctrl_codeswitch,bongo_1006,0,0.471731
nb_char,clean,template,0,ctrl_codeswitch,bongo_1015,0,0.150850
nb_char,clean,template,0,ctrl_codeswitch,bongo_1037,0,0.186122
nb_char,clean,template,0,ctrl_codeswitch,bongo_1040,0,0.305190
nb_char,clean,template,0,ctrl_codeswitch,bongo_1050,0,0.058295
nb_char,clean,template,0,ctrl_codeswitch,bongo_1059,0,0.177674
nb_char,clean,template,0,ctrl_codeswitch,bongo_1071,0,0.252802
nb_char,clean,template,0,ctrl_codeswitch,bongo_1090,0,0.370587
nb_char,clean,template,0,ctrl_codeswitch,bongo_1115,0,0.063667
nb_char,clean,template,0,ctrl_codeswitch,bongo_1123,0,0.078899
nb_char,clean,template,0,ctrl_codeswitch,bongo_1125,0,0.320429
nb_char,clean,template,0,ctrl_codeswitch,bongo_1135,0,0.337561
nb_char,clean,template,0,ctrl_codeswitch,bongo_1155,0,0.050153
nb_char,clean,template,0,ctrl_codeswitch,bongo_1194,0,0.278053
nb_char,clean,template,0,ctrl_codeswitch,bongo_1198,0,0.126311
nb_char,clean,template,0,ctrl_codeswitch,bongo_1236,0,0.086859
nb_char,clean,template,0,ctrl_codeswitch,bongo_1244,0,0.231026
nb_char,clean,template,0,ctrl_codeswitch,bongo_1249,0,0.180521
nb_char,clean,template,0,ctrl_codeswitch,bongo_1253,0,0.321210
nb_char,clean,template,0,ctrl_codeswitch,bongo_1260,0,0.093479
nb_char,clean,template,0,ctrl_codeswitch,bongo_1262,0,0.303571
nb_char,clean,template,0,ctrl_codeswitch,bongo_1285,0,0.085798
nb_char,clean,template,0,ctrl_codeswitch,bongo_1316,0,0.194584
nb_char,clean,template,0,ctrl_codeswitch,bongo_1330,0,0.358259
nb_char,clean,template,0,ctrl_codeswitch,bongo_1359,0,0.022541
nb_char,clean,template,0,ctrl_codeswitch,bongo_1375,0,0.090813
nb_char,clean,template,0,val+norm,bongo_0004,1,0.989275
nb_char,clean,template,0,val+norm,bongo_0007,1,0.955511
nb_char,clean,template,0,val+norm,bongo_0008,0,0.097913
nb_char,clean,template,0,val+norm,bongo_0031,1,0.983098
nb_char,clean,template,0,val+norm,bongo_0033,0,0.113890
nb_char,clean,template,0,val+norm,bongo_0036,1,0.999957
nb_char,clean,template,0,val+norm,bongo_0046,1,0.980557
nb_char,clean,template,0,val+norm,bongo_0052,1,0.999681
nb_char,clean,template,0,val+norm,bongo_0057,1,0.999600
nb_char,clean,template,0,val+norm,bongo_0063,0,0.287228
nb_char,clean,template,0,val+norm,bongo_0065,0,0.285244
nb_char,clean,template,0,val+norm,bongo_0076,0,0.160411
nb_char,clean,template,0,val+norm,bongo_0081,0,0.064611
nb_char,clean,template,0,val+norm,bongo_0088,1,0.999779
nb_char,clean,template,0,val+norm,bongo_0089,1,0.988158
nb_char,clean,template,0,val+norm,bongo_0095,0,0.039015
nb_char,clean,template,0,val+norm,bongo_0101,1,0.999854
nb_char,clean,template,0,val+norm,bongo_0102,1,0.999894
nb_char,clean,template,0,val+norm,bongo_0103,1,0.991491
nb_char,clean,template,0,val+norm,bongo_0105,0,0.079292
nb_char,clean,template,0,val+norm,bongo_0111,0,0.157660
nb_char,clean,template,0,val+norm,bongo_0120,1,0.980989
nb_char,clean,template,0,val+norm,bongo_0121,0,0.482642
nb_char,clean,template,0,val+norm,bongo_0127,0,0.027932
nb_char,clean,template,0,val+norm,bongo_0145,0,0.135592
nb_char,clean,template,0,val+norm,bongo_0148,0,0.449196
nb_char,clean,template,0,val+norm,bongo_0181,1,0.994000
nb_char,clean,template,0,val+norm,bongo_0186,0,0.028505
nb_char,clean,template,0,val+norm,bongo_0191,0,0.124017
nb_char,clean,template,0,val+norm,bongo_0210,1,0.999849
nb_char,clean,template,0,val+norm,bongo_0226,1,0.987804
nb_char,clean,template,0,val+norm,bongo_0228,1,0.988819
nb_char,clean,template,0,val+norm,bongo_0235,1,0.986059
nb_char,clean,template,0,val+norm,bongo_0243,1,0.999956
nb_char,clean,template,0,val+norm,bongo_0247,1,0.999803
nb_char,clean,template,0,val+norm,bongo_0248,1,0.999436
nb_char,clean,template,0,val+norm,bongo_0264,0,0.116169
nb_char,clean,template,0,val+norm,bongo_0275,0,0.145797
nb_char,clean,template,0,val+norm,bongo_0278,1,0.999828
nb_char,clean,template,0,val+norm,bongo_0312,1,0.983943
nb_char,clean,template,0,val+norm,bongo_0315,1,0.967694
nb_char,clean,template,0,val+norm,bongo_0319,1,0.999585
nb_char,clean,template,0,val+norm,bongo_0353,1,0.995040
nb_char,clean,template,0,val+norm,bongo_0370,1,0.998560
nb_char,clean,template,0,val+norm,bongo_0377,1,0.997718
nb_char,clean,template,0,val+norm,bongo_0393,0,0.152835
nb_char,clean,template,0,val+norm,bongo_0403,1,0.999779
nb_char,clean,template,0,val+norm,bongo_0410,0,0.185051
nb_char,clean,template,0,val+norm,bongo_0411,0,0.210692
nb_char,clean,template,0,val+norm,bongo_0426,0,0.132644
nb_char,clean,template,0,val+norm,bongo_0430,0,0.568501
nb_char,clean,template,0,val+norm,bongo_0438,1,0.998970
nb_char,clean,template,0,val+norm,bongo_0451,1,0.999857
nb_char,clean,template,0,val+norm,bongo_0455,1,0.972581
nb_char,clean,template,0,val+norm,bongo_0466,1,0.999660
nb_char,clean,template,0,val+norm,bongo_0495,0,0.141564
nb_char,clean,template,0,val+norm,bongo_0499,1,0.999973
nb_char,clean,template,0,val+norm,bongo_0502,1,0.999955
nb_char,clean,template,0,val+norm,bongo_0548,0,0.216429
nb_char,clean,template,0,val+norm,bongo_0556,1,0.999918
nb_char,clean,template,0,val+norm,bongo_0557,1,0.999950
nb_char,clean,template,0,val+norm,bongo_0561,0,0.373164
nb_char,clean,template,0,val+norm,bongo_0563,0,0.075613
nb_char,clean,template,0,val+norm,bongo_0570,1,0.986914
nb_char,clean,template,0,val+norm,bongo_0581,0,0.123260
nb_char,clean,template,0,val+norm,bongo_0587,1,0.999950
nb_char,clean,template,0,val+norm,bongo_0593,0,0.092423
nb_char,clean,template,0,val+norm,bongo_0607,0,0.077483
nb_char,clean,template,0,val+norm,bongo_0610,0,0.436208
nb_char,clean,template,0,val+norm,bongo_0632,1,0.999573
nb_char,clean,template,0,val+norm,bongo_0634,0,0.077382
nb_char,clean,template,0,val+norm,bongo_0637,1,0.987819
nb_char,clean,template,0,val+norm,bongo_0643,0,0.050680
nb_char,clean,template,0,val+norm,bongo_0666,1,0.999690
nb_char,clean,template,0,val+norm,bongo_0672,0,0.482366
nb_char,clean,template,0,val+norm,bongo_0680,1,0.999940
nb_char,clean,template,0,val+norm,bongo_0681,0,0.089193
nb_char,clean,template,0,val+norm,bongo_0693,0,0.033127
nb_char,clean,template,0,val+norm,bongo_0694,0,0.050328
nb_char,clean,template,0,val+norm,bongo_0698,1,0.979806
nb_char,clean,template,0,val+norm,bongo_0726,0,0.287614
nb_char,clean,template,0,val+norm,bongo_0742,0,0.172660
nb_char,clean,template,0,val+norm,bongo_0752,0,0.074483
nb_char,clean,template,0,val+norm,bongo_0754,0,0.072824
nb_char,clean,template,0,val+norm,bongo_0762,1,0.999698
nb_char,clean,template,0,val+norm,bongo_0764,1,0.999593
nb_char,clean,template,0,val+norm,bongo_0788,1,0.999881
nb_char,clean,template,0,val+norm,bongo_0805,0,0.245507
nb_char,clean,template,0,val+norm,bongo_0809,0,0.064028
nb_char,clean,template,0,val+norm,bongo_0811,1,0.999971
nb_char,clean,template,0,val+norm,bongo_0823,1,0.997580
nb_char,clean,template,0,val+norm,bongo_0827,1,0.999971
nb_char,clean,template,0,val+norm,bongo_0833,0,0.103598
nb_char,clean,template,0,val+norm,bongo_0844,1,0.986927
nb_char,clean,template,0,val+norm,bongo_0869,1,0.994026
nb_char,clean,template,0,val+norm,bongo_0880,1,0.999869
nb_char,clean,template,0,val+norm,bongo_0886,1,0.999379
nb_char,clean,template,0,val+norm,bongo_0911,1,0.996915
nb_char,clean,template,0,val+norm,bongo_0919,0,0.173350
nb_char,clean,template,0,val+norm,bongo_0921,1,0.999667
nb_char,clean,template,0,val+norm,bongo_0922,0,0.201279
nb_char,clean,template,0,val+norm,bongo_0923,1,0.985184
nb_char,clean,template,0,val+norm,bongo_0943,1,0.999917
nb_char,clean,template,0,val+norm,bongo_0948,1,0.982183
nb_char,clean,template,0,val+norm,bongo_0949,1,0.999573
nb_char,clean,template,0,val+norm,bongo_0959,1,0.999814
nb_char,clean,template,0,val+norm,bongo_0961,1,0.998539
nb_char,clean,template,0,val+norm,bongo_0973,0,0.042667
nb_char,clean,template,0,val+norm,bongo_0988,0,0.164075
nb_char,clean,template,0,val+norm,bongo_0992,0,0.296046
nb_char,clean,template,0,val+norm,bongo_1001,1,0.999822
nb_char,clean,template,0,val+norm,bongo_1028,1,0.999582
nb_char,clean,template,0,val+norm,bongo_1039,0,0.068266
nb_char,clean,template,0,val+norm,bongo_1044,0,0.226238
nb_char,clean,template,0,val+norm,bongo_1082,0,0.372473
nb_char,clean,template,0,val+norm,bongo_1086,1,0.949082
nb_char,clean,template,0,val+norm,bongo_1099,0,0.183849
nb_char,clean,template,0,val+norm,bongo_1101,1,0.999955
nb_char,clean,template,0,val+norm,bongo_1108,0,0.040332
nb_char,clean,template,0,val+norm,bongo_1109,0,0.090691
nb_char,clean,template,0,val+norm,bongo_1120,0,0.121515
nb_char,clean,template,0,val+norm,bongo_1124,0,0.101411
nb_char,clean,template,0,val+norm,bongo_1130,1,0.999509
nb_char,clean,template,0,val+norm,bongo_1132,1,0.999304
nb_char,clean,template,0,val+norm,bongo_1137,1,0.983378
nb_char,clean,template,0,val+norm,bongo_1145,0,0.072618
nb_char,clean,template,0,val+norm,bongo_1153,0,0.090239
nb_char,clean,template,0,val+norm,bongo_1161,0,0.543766
nb_char,clean,template,0,val+norm,bongo_1162,0,0.284119
nb_char,clean,template,0,val+norm,bongo_1163,1,0.976387
nb_char,clean,template,0,val+norm,bongo_1166,1,0.999941
nb_char,clean,template,0,val+norm,bongo_1197,1,0.997005
nb_char,clean,template,0,val+norm,bongo_1203,1,0.999725
nb_char,clean,template,0,val+norm,bongo_1212,0,0.402797
nb_char,clean,template,0,val+norm,bongo_1213,1,0.999672
nb_char,clean,template,0,val+norm,bongo_1216,0,0.438901
nb_char,clean,template,0,val+norm,bongo_1224,1,0.991824
nb_char,clean,template,0,val+norm,bongo_1247,1,0.998081
nb_char,clean,template,0,val+norm,bongo_1251,1,0.984724
nb_char,clean,template,0,val+norm,bongo_1257,1,0.998670
nb_char,clean,template,0,val+norm,bongo_1258,1,0.988044
nb_char,clean,template,0,val+norm,bongo_1265,0,0.285476
nb_char,clean,template,0,val+norm,bongo_1272,0,0.193219
nb_char,clean,template,0,val+norm,bongo_1275,0,0.102312
nb_char,clean,template,0,val+norm,bongo_1296,0,0.133055
nb_char,clean,template,0,val+norm,bongo_1299,1,0.999304
nb_char,clean,template,0,val+norm,bongo_1307,1,0.999956
nb_char,clean,template,0,val+norm,bongo_1328,0,0.065280
nb_char,clean,template,0,val+norm,bongo_1335,0,0.253740
nb_char,clean,template,0,val+norm,bongo_1341,0,0.289986
nb_char,clean,template,0,val+norm,bongo_1349,0,0.205466
nb_char,clean,template,0,val+norm,bongo_1360,0,0.111112
nb_char,clean,template,0,test+norm,bongo_0025,1,0.997757
nb_char,clean,template,0,test+norm,bongo_0029,0,0.319824
nb_char,clean,template,0,test+norm,bongo_0039,1,0.999933
nb_char,clean,template,0,test+norm,bongo_0047,1,0.996888
nb_char,clean,template,0,test+norm,bongo_0053,0,0.341656
nb_char,clean,template,0,test+norm,bongo_0055,1,0.804250
nb_char,clean,template,0,test+norm,bongo_0061,1,0.731348
nb_char,clean,template,0,test+norm,bongo_0097,0,0.604636
nb_char,clean,template,0,test+norm,bongo_0107,0,0.114246
nb_char,clean,template,0,test+norm,bongo_0110,0,0.131831
nb_char,clean,template,0,test+norm,bongo_0112,1,0.873258
nb_char,clean,template,0,test+norm,bongo_0115,0,0.648241
nb_char,clean,template,0,test+norm,bongo_0143,0,0.089357
nb_char,clean,template,0,test+norm,bongo_0146,1,0.999843
nb_char,clean,template,0,test+norm,bongo_0154,1,0.983779
nb_char,clean,template,0,test+norm,bongo_0159,1,0.780982
nb_char,clean,template,0,test+norm,bongo_0160,0,0.135545
nb_char,clean,template,0,test+norm,bongo_0172,0,0.382675
nb_char,clean,template,0,test+norm,bongo_0173,1,0.898274
nb_char,clean,template,0,test+norm,bongo_0175,0,0.188965
nb_char,clean,template,0,test+norm,bongo_0182,0,0.075308
nb_char,clean,template,0,test+norm,bongo_0195,1,0.999352
nb_char,clean,template,0,test+norm,bongo_0197,0,0.099532
nb_char,clean,template,0,test+norm,bongo_0201,1,0.999213
nb_char,clean,template,0,test+norm,bongo_0203,1,0.999937
nb_char,clean,template,0,test+norm,bongo_0250,1,0.780982
nb_char,clean,template,0,test+norm,bongo_0253,0,0.226151
nb_char,clean,template,0,test+norm,bongo_0255,1,0.721785
nb_char,clean,template,0,test+norm,bongo_0265,1,0.842595
nb_char,clean,template,0,test+norm,bongo_0271,0,0.089957
nb_char,clean,template,0,test+norm,bongo_0300,0,0.018482
nb_char,clean,template,0,test+norm,bongo_0306,0,0.123608
nb_char,clean,template,0,test+norm,bongo_0356,1,0.866932
nb_char,clean,template,0,test+norm,bongo_0360,1,0.999713
nb_char,clean,template,0,test+norm,bongo_0361,1,0.999936
nb_char,clean,template,0,test+norm,bongo_0363,0,0.098682
nb_char,clean,template,0,test+norm,bongo_0368,0,0.375441
nb_char,clean,template,0,test+norm,bongo_0372,0,0.318321
nb_char,clean,template,0,test+norm,bongo_0380,1,0.798408
nb_char,clean,template,0,test+norm,bongo_0389,0,0.147601
nb_char,clean,template,0,test+norm,bongo_0395,0,0.217050
nb_char,clean,template,0,test+norm,bongo_0405,1,0.999712
nb_char,clean,template,0,test+norm,bongo_0424,1,0.999327
nb_char,clean,template,0,test+norm,bongo_0427,0,0.759447
nb_char,clean,template,0,test+norm,bongo_0434,1,0.804250
nb_char,clean,template,0,test+norm,bongo_0463,0,0.694275
nb_char,clean,template,0,test+norm,bongo_0476,1,0.999436
nb_char,clean,template,0,test+norm,bongo_0510,1,0.999752
nb_char,clean,template,0,test+norm,bongo_0531,0,0.288838
nb_char,clean,template,0,test+norm,bongo_0542,0,0.140608
nb_char,clean,template,0,test+norm,bongo_0545,0,0.141677
nb_char,clean,template,0,test+norm,bongo_0560,1,0.945962
nb_char,clean,template,0,test+norm,bongo_0565,1,0.855307
nb_char,clean,template,0,test+norm,bongo_0566,1,0.999962
nb_char,clean,template,0,test+norm,bongo_0571,0,0.402319
nb_char,clean,template,0,test+norm,bongo_0577,1,0.999742
nb_char,clean,template,0,test+norm,bongo_0580,1,0.999122
nb_char,clean,template,0,test+norm,bongo_0621,1,0.998712
nb_char,clean,template,0,test+norm,bongo_0624,1,0.999807
nb_char,clean,template,0,test+norm,bongo_0630,0,0.168160
nb_char,clean,template,0,test+norm,bongo_0638,1,0.999914
nb_char,clean,template,0,test+norm,bongo_0648,0,0.315901
nb_char,clean,template,0,test+norm,bongo_0674,0,0.115431
nb_char,clean,template,0,test+norm,bongo_0685,0,0.974558
nb_char,clean,template,0,test+norm,bongo_0697,1,0.855307
nb_char,clean,template,0,test+norm,bongo_0701,0,0.127740
nb_char,clean,template,0,test+norm,bongo_0706,1,0.888026
nb_char,clean,template,0,test+norm,bongo_0719,1,0.807464
nb_char,clean,template,0,test+norm,bongo_0721,1,0.999673
nb_char,clean,template,0,test+norm,bongo_0724,1,0.796452
nb_char,clean,template,0,test+norm,bongo_0729,1,0.999456
nb_char,clean,template,0,test+norm,bongo_0741,0,0.054389
nb_char,clean,template,0,test+norm,bongo_0749,1,0.855592
nb_char,clean,template,0,test+norm,bongo_0769,1,0.999831
nb_char,clean,template,0,test+norm,bongo_0770,1,0.804250
nb_char,clean,template,0,test+norm,bongo_0778,1,0.872435
nb_char,clean,template,0,test+norm,bongo_0787,1,0.999803
nb_char,clean,template,0,test+norm,bongo_0795,0,0.229489
nb_char,clean,template,0,test+norm,bongo_0806,1,0.796452
nb_char,clean,template,0,test+norm,bongo_0807,1,0.999501
nb_char,clean,template,0,test+norm,bongo_0818,0,0.145114
nb_char,clean,template,0,test+norm,bongo_0819,0,0.226923
nb_char,clean,template,0,test+norm,bongo_0835,0,0.112382
nb_char,clean,template,0,test+norm,bongo_0840,1,0.999733
nb_char,clean,template,0,test+norm,bongo_0855,1,0.861700
nb_char,clean,template,0,test+norm,bongo_0856,0,0.078330
nb_char,clean,template,0,test+norm,bongo_0864,1,0.999955
nb_char,clean,template,0,test+norm,bongo_0871,1,0.999869
nb_char,clean,template,0,test+norm,bongo_0872,0,0.417833
nb_char,clean,template,0,test+norm,bongo_0904,0,0.731203
nb_char,clean,template,0,test+norm,bongo_0905,1,0.999888
nb_char,clean,template,0,test+norm,bongo_0909,1,0.999765
nb_char,clean,template,0,test+norm,bongo_0917,1,0.689650
nb_char,clean,template,0,test+norm,bongo_0918,1,0.999652
nb_char,clean,template,0,test+norm,bongo_0950,0,0.116249
nb_char,clean,template,0,test+norm,bongo_0955,1,0.999838
nb_char,clean,template,0,test+norm,bongo_0956,0,0.105956
nb_char,clean,template,0,test+norm,bongo_0971,0,0.124698
nb_char,clean,template,0,test+norm,bongo_0983,0,0.284358
nb_char,clean,template,0,test+norm,bongo_0989,1,0.999873
nb_char,clean,template,0,test+norm,bongo_0994,0,0.771988
nb_char,clean,template,0,test+norm,bongo_1003,1,0.937442
nb_char,clean,template,0,test+norm,bongo_1006,0,0.594470
nb_char,clean,template,0,test+norm,bongo_1012,1,0.848431
nb_char,clean,template,0,test+norm,bongo_1015,0,0.150850
nb_char,clean,template,0,test+norm,bongo_1022,1,0.828513
nb_char,clean,template,0,test+norm,bongo_1037,0,0.186122
nb_char,clean,template,0,test+norm,bongo_1040,0,0.305190
nb_char,clean,template,0,test+norm,bongo_1042,1,0.999444
nb_char,clean,template,0,test+norm,bongo_1047,1,0.999952
nb_char,clean,template,0,test+norm,bongo_1050,0,0.058295
nb_char,clean,template,0,test+norm,bongo_1052,1,0.999541
nb_char,clean,template,0,test+norm,bongo_1059,0,0.177674
nb_char,clean,template,0,test+norm,bongo_1071,0,0.252802
nb_char,clean,template,0,test+norm,bongo_1090,0,0.370587
nb_char,clean,template,0,test+norm,bongo_1104,1,0.999596
nb_char,clean,template,0,test+norm,bongo_1115,0,0.063667
nb_char,clean,template,0,test+norm,bongo_1123,0,0.078899
nb_char,clean,template,0,test+norm,bongo_1125,0,0.320429
nb_char,clean,template,0,test+norm,bongo_1127,1,0.910962
nb_char,clean,template,0,test+norm,bongo_1131,1,0.999297
nb_char,clean,template,0,test+norm,bongo_1134,1,0.810843
nb_char,clean,template,0,test+norm,bongo_1135,0,0.337561
nb_char,clean,template,0,test+norm,bongo_1136,1,0.977809
nb_char,clean,template,0,test+norm,bongo_1138,1,0.999925
nb_char,clean,template,0,test+norm,bongo_1140,1,0.999074
nb_char,clean,template,0,test+norm,bongo_1154,1,0.999918
nb_char,clean,template,0,test+norm,bongo_1155,0,0.050153
nb_char,clean,template,0,test+norm,bongo_1171,1,0.999566
nb_char,clean,template,0,test+norm,bongo_1181,1,0.998345
nb_char,clean,template,0,test+norm,bongo_1185,1,0.729122
nb_char,clean,template,0,test+norm,bongo_1194,0,0.278053
nb_char,clean,template,0,test+norm,bongo_1195,1,0.877696
nb_char,clean,template,0,test+norm,bongo_1198,0,0.126311
nb_char,clean,template,0,test+norm,bongo_1204,1,0.770967
nb_char,clean,template,0,test+norm,bongo_1220,1,0.999771
nb_char,clean,template,0,test+norm,bongo_1233,1,0.999945
nb_char,clean,template,0,test+norm,bongo_1236,0,0.086859
nb_char,clean,template,0,test+norm,bongo_1240,1,0.721785
nb_char,clean,template,0,test+norm,bongo_1244,0,0.137100
nb_char,clean,template,0,test+norm,bongo_1249,0,0.180521
nb_char,clean,template,0,test+norm,bongo_1253,0,0.321210
nb_char,clean,template,0,test+norm,bongo_1260,0,0.093479
nb_char,clean,template,0,test+norm,bongo_1262,0,0.303571
nb_char,clean,template,0,test+norm,bongo_1278,1,0.785134
nb_char,clean,template,0,test+norm,bongo_1285,0,0.085798
nb_char,clean,template,0,test+norm,bongo_1293,1,0.999747
nb_char,clean,template,0,test+norm,bongo_1316,0,0.194584
nb_char,clean,template,0,test+norm,bongo_1327,1,0.696533
nb_char,clean,template,0,test+norm,bongo_1330,0,0.358259
nb_char,clean,template,0,test+norm,bongo_1359,0,0.032501
nb_char,clean,template,0,test+norm,bongo_1375,0,0.090813
nb_char,clean,template,0,test_lookalike_1+norm,bongo_0025,1,0.997757
nb_char,clean,template,0,test_lookalike_1+norm,bongo_0029,0,0.319824
nb_char,clean,template,0,test_lookalike_1+norm,bongo_0039,1,0.999933
nb_char,clean,template,0,test_lookalike_1+norm,bongo_0047,1,0.996888
nb_char,clean,template,0,test_lookalike_1+norm,bongo_0053,0,0.341656
nb_char,clean,template,0,test_lookalike_1+norm,bongo_0055,1,0.804250
nb_char,clean,template,0,test_lookalike_1+norm,bongo_0061,1,0.731348
nb_char,clean,template,0,test_lookalike_1+norm,bongo_0097,0,0.604636
nb_char,clean,template,0,test_lookalike_1+norm,bongo_0107,0,0.114246
nb_char,clean,template,0,test_lookalike_1+norm,bongo_0110,0,0.131831
nb_char,clean,template,0,test_lookalike_1+norm,bongo_0112,1,0.873258
nb_char,clean,template,0,test_lookalike_1+norm,bongo_0115,0,0.648241
nb_char,clean,template,0,test_lookalike_1+norm,bongo_0143,0,0.089357
nb_char,clean,template,0,test_lookalike_1+norm,bongo_0146,1,0.999843
nb_char,clean,template,0,test_lookalike_1+norm,bongo_0154,1,0.983779
nb_char,clean,template,0,test_lookalike_1+norm,bongo_0159,1,0.780982
nb_char,clean,template,0,test_lookalike_1+norm,bongo_0160,0,0.135545
nb_char,clean,template,0,test_lookalike_1+norm,bongo_0172,0,0.382675
nb_char,clean,template,0,test_lookalike_1+norm,bongo_0173,1,0.898274
nb_char,clean,template,0,test_lookalike_1+norm,bongo_0175,0,0.188965
nb_char,clean,template,0,test_lookalike_1+norm,bongo_0182,0,0.075308
nb_char,clean,template,0,test_lookalike_1+norm,bongo_0195,1,0.999352
nb_char,clean,template,0,test_lookalike_1+norm,bongo_0197,0,0.099532
nb_char,clean,template,0,test_lookalike_1+norm,bongo_0201,1,0.999213
nb_char,clean,template,0,test_lookalike_1+norm,bongo_0203,1,0.999937
nb_char,clean,template,0,test_lookalike_1+norm,bongo_0250,1,0.780982
nb_char,clean,template,0,test_lookalike_1+norm,bongo_0253,0,0.226151
nb_char,clean,template,0,test_lookalike_1+norm,bongo_0255,1,0.721785
nb_char,clean,template,0,test_lookalike_1+norm,bongo_0265,1,0.842595
nb_char,clean,template,0,test_lookalike_1+norm,bongo_0271,0,0.089957
nb_char,clean,template,0,test_lookalike_1+norm,bongo_0300,0,0.018482
nb_char,clean,template,0,test_lookalike_1+norm,bongo_0306,0,0.123608
nb_char,clean,template,0,test_lookalike_1+norm,bongo_0356,1,0.866932
nb_char,clean,template,0,test_lookalike_1+norm,bongo_0360,1,0.999713
nb_char,clean,template,0,test_lookalike_1+norm,bongo_0361,1,0.999936
nb_char,clean,template,0,test_lookalike_1+norm,bongo_0363,0,0.098682
nb_char,clean,template,0,test_lookalike_1+norm,bongo_0368,0,0.375441
nb_char,clean,template,0,test_lookalike_1+norm,bongo_0372,0,0.318321
nb_char,clean,template,0,test_lookalike_1+norm,bongo_0380,1,0.798408
nb_char,clean,template,0,test_lookalike_1+norm,bongo_0389,0,0.147601
nb_char,clean,template,0,test_lookalike_1+norm,bongo_0395,0,0.217050
nb_char,clean,template,0,test_lookalike_1+norm,bongo_0405,1,0.999712
nb_char,clean,template,0,test_lookalike_1+norm,bongo_0424,1,0.999327
nb_char,clean,template,0,test_lookalike_1+norm,bongo_0427,0,0.759447
nb_char,clean,template,0,test_lookalike_1+norm,bongo_0434,1,0.804250
nb_char,clean,template,0,test_lookalike_1+norm,bongo_0463,0,0.694275
nb_char,clean,template,0,test_lookalike_1+norm,bongo_0476,1,0.999436
nb_char,clean,template,0,test_lookalike_1+norm,bongo_0510,1,0.999752
nb_char,clean,template,0,test_lookalike_1+norm,bongo_0531,0,0.288838
nb_char,clean,template,0,test_lookalike_1+norm,bongo_0542,0,0.140608
nb_char,clean,template,0,test_lookalike_1+norm,bongo_0545,0,0.141677
nb_char,clean,template,0,test_lookalike_1+norm,bongo_0560,1,0.945962
nb_char,clean,template,0,test_lookalike_1+norm,bongo_0565,1,0.855307
nb_char,clean,template,0,test_lookalike_1+norm,bongo_0566,1,0.999962
nb_char,clean,template,0,test_lookalike_1+norm,bongo_0571,0,0.402319
nb_char,clean,template,0,test_lookalike_1+norm,bongo_0577,1,0.999742
nb_char,clean,template,0,test_lookalike_1+norm,bongo_0580,1,0.999122
nb_char,clean,template,0,test_lookalike_1+norm,bongo_0621,1,0.998712
nb_char,clean,template,0,test_lookalike_1+norm,bongo_0624,1,0.999807
nb_char,clean,template,0,test_lookalike_1+norm,bongo_0630,0,0.168160
nb_char,clean,template,0,test_lookalike_1+norm,bongo_0638,1,0.999914
nb_char,clean,template,0,test_lookalike_1+norm,bongo_0648,0,0.315901
nb_char,clean,template,0,test_lookalike_1+norm,bongo_0674,0,0.115431
nb_char,clean,template,0,test_lookalike_1+norm,bongo_0685,0,0.974558
nb_char,clean,template,0,test_lookalike_1+norm,bongo_0697,1,0.855307
nb_char,clean,template,0,test_lookalike_1+norm,bongo_0701,0,0.127740
nb_char,clean,template,0,test_lookalike_1+norm,bongo_0706,1,0.888026
nb_char,clean,template,0,test_lookalike_1+norm,bongo_0719,1,0.807464
nb_char,clean,template,0,test_lookalike_1+norm,bongo_0721,1,0.999651
nb_char,clean,template,0,test_lookalike_1+norm,bongo_0724,1,0.796452
nb_char,clean,template,0,test_lookalike_1+norm,bongo_0729,1,0.999456
nb_char,clean,template,0,test_lookalike_1+norm,bongo_0741,0,0.054389
nb_char,clean,template,0,test_lookalike_1+norm,bongo_0749,1,0.855592
nb_char,clean,template,0,test_lookalike_1+norm,bongo_0769,1,0.999831
nb_char,clean,template,0,test_lookalike_1+norm,bongo_0770,1,0.804250
nb_char,clean,template,0,test_lookalike_1+norm,bongo_0778,1,0.872435
nb_char,clean,template,0,test_lookalike_1+norm,bongo_0787,1,0.999803
nb_char,clean,template,0,test_lookalike_1+norm,bongo_0795,0,0.229489
nb_char,clean,template,0,test_lookalike_1+norm,bongo_0806,1,0.796452
nb_char,clean,template,0,test_lookalike_1+norm,bongo_0807,1,0.999501
nb_char,clean,template,0,test_lookalike_1+norm,bongo_0818,0,0.145114
nb_char,clean,template,0,test_lookalike_1+norm,bongo_0819,0,0.226923
nb_char,clean,template,0,test_lookalike_1+norm,bongo_0835,0,0.112382
nb_char,clean,template,0,test_lookalike_1+norm,bongo_0840,1,0.999733
nb_char,clean,template,0,test_lookalike_1+norm,bongo_0855,1,0.861700
nb_char,clean,template,0,test_lookalike_1+norm,bongo_0856,0,0.078330
nb_char,clean,template,0,test_lookalike_1+norm,bongo_0864,1,0.999955
nb_char,clean,template,0,test_lookalike_1+norm,bongo_0871,1,0.999869
nb_char,clean,template,0,test_lookalike_1+norm,bongo_0872,0,0.417833
nb_char,clean,template,0,test_lookalike_1+norm,bongo_0904,0,0.731203
nb_char,clean,template,0,test_lookalike_1+norm,bongo_0905,1,0.999888
nb_char,clean,template,0,test_lookalike_1+norm,bongo_0909,1,0.999765
nb_char,clean,template,0,test_lookalike_1+norm,bongo_0917,1,0.689650
nb_char,clean,template,0,test_lookalike_1+norm,bongo_0918,1,0.999652
nb_char,clean,template,0,test_lookalike_1+norm,bongo_0950,0,0.116249
nb_char,clean,template,0,test_lookalike_1+norm,bongo_0955,1,0.999838
nb_char,clean,template,0,test_lookalike_1+norm,bongo_0956,0,0.105956
nb_char,clean,template,0,test_lookalike_1+norm,bongo_0971,0,0.124698
nb_char,clean,template,0,test_lookalike_1+norm,bongo_0983,0,0.284358
nb_char,clean,template,0,test_lookalike_1+norm,bongo_0989,1,0.999873
nb_char,clean,template,0,test_lookalike_1+norm,bongo_0994,0,0.771988
nb_char,clean,template,0,test_lookalike_1+norm,bongo_1003,1,0.937442
nb_char,clean,template,0,test_lookalike_1+norm,bongo_1006,0,0.594470
nb_char,clean,template,0,test_lookalike_1+norm,bongo_1012,1,0.848431
nb_char,clean,template,0,test_lookalike_1+norm,bongo_1015,0,0.150850
nb_char,clean,template,0,test_lookalike_1+norm,bongo_1022,1,0.828513
nb_char,clean,template,0,test_lookalike_1+norm,bongo_1037,0,0.186122
nb_char,clean,template,0,test_lookalike_1+norm,bongo_1040,0,0.305190
nb_char,clean,template,0,test_lookalike_1+norm,bongo_1042,1,0.999444
nb_char,clean,template,0,test_lookalike_1+norm,bongo_1047,1,0.999952
nb_char,clean,template,0,test_lookalike_1+norm,bongo_1050,0,0.058295
nb_char,clean,template,0,test_lookalike_1+norm,bongo_1052,1,0.999541
nb_char,clean,template,0,test_lookalike_1+norm,bongo_1059,0,0.177674
nb_char,clean,template,0,test_lookalike_1+norm,bongo_1071,0,0.252802
nb_char,clean,template,0,test_lookalike_1+norm,bongo_1090,0,0.370587
nb_char,clean,template,0,test_lookalike_1+norm,bongo_1104,1,0.999596
nb_char,clean,template,0,test_lookalike_1+norm,bongo_1115,0,0.063667
nb_char,clean,template,0,test_lookalike_1+norm,bongo_1123,0,0.078899
nb_char,clean,template,0,test_lookalike_1+norm,bongo_1125,0,0.320429
nb_char,clean,template,0,test_lookalike_1+norm,bongo_1127,1,0.910962
nb_char,clean,template,0,test_lookalike_1+norm,bongo_1131,1,0.999297
nb_char,clean,template,0,test_lookalike_1+norm,bongo_1134,1,0.810843
nb_char,clean,template,0,test_lookalike_1+norm,bongo_1135,0,0.337561
nb_char,clean,template,0,test_lookalike_1+norm,bongo_1136,1,0.977809
nb_char,clean,template,0,test_lookalike_1+norm,bongo_1138,1,0.999925
nb_char,clean,template,0,test_lookalike_1+norm,bongo_1140,1,0.999074
nb_char,clean,template,0,test_lookalike_1+norm,bongo_1154,1,0.999918
nb_char,clean,template,0,test_lookalike_1+norm,bongo_1155,0,0.050153
nb_char,clean,template,0,test_lookalike_1+norm,bongo_1171,1,0.999566
nb_char,clean,template,0,test_lookalike_1+norm,bongo_1181,1,0.998345
nb_char,clean,template,0,test_lookalike_1+norm,bongo_1185,1,0.729122
nb_char,clean,template,0,test_lookalike_1+norm,bongo_1194,0,0.278053
nb_char,clean,template,0,test_lookalike_1+norm,bongo_1195,1,0.877696
nb_char,clean,template,0,test_lookalike_1+norm,bongo_1198,0,0.126311
nb_char,clean,template,0,test_lookalike_1+norm,bongo_1204,1,0.770967
nb_char,clean,template,0,test_lookalike_1+norm,bongo_1220,1,0.999712
nb_char,clean,template,0,test_lookalike_1+norm,bongo_1233,1,0.999945
nb_char,clean,template,0,test_lookalike_1+norm,bongo_1236,0,0.086859
nb_char,clean,template,0,test_lookalike_1+norm,bongo_1240,1,0.721785
nb_char,clean,template,0,test_lookalike_1+norm,bongo_1244,0,0.137100
nb_char,clean,template,0,test_lookalike_1+norm,bongo_1249,0,0.180521
nb_char,clean,template,0,test_lookalike_1+norm,bongo_1253,0,0.321210
nb_char,clean,template,0,test_lookalike_1+norm,bongo_1260,0,0.093479
nb_char,clean,template,0,test_lookalike_1+norm,bongo_1262,0,0.303571
nb_char,clean,template,0,test_lookalike_1+norm,bongo_1278,1,0.785134
nb_char,clean,template,0,test_lookalike_1+norm,bongo_1285,0,0.085798
nb_char,clean,template,0,test_lookalike_1+norm,bongo_1293,1,0.999747
nb_char,clean,template,0,test_lookalike_1+norm,bongo_1316,0,0.194584
nb_char,clean,template,0,test_lookalike_1+norm,bongo_1327,1,0.696533
nb_char,clean,template,0,test_lookalike_1+norm,bongo_1330,0,0.358259
nb_char,clean,template,0,test_lookalike_1+norm,bongo_1359,0,0.032501
nb_char,clean,template,0,test_lookalike_1+norm,bongo_1375,0,0.090813
nb_char,clean,template,0,test_lookalike_3+norm,bongo_0025,1,0.997757
nb_char,clean,template,0,test_lookalike_3+norm,bongo_0029,0,0.319824
nb_char,clean,template,0,test_lookalike_3+norm,bongo_0039,1,0.999933
nb_char,clean,template,0,test_lookalike_3+norm,bongo_0047,1,0.996888
nb_char,clean,template,0,test_lookalike_3+norm,bongo_0053,0,0.341656
nb_char,clean,template,0,test_lookalike_3+norm,bongo_0055,1,0.804250
nb_char,clean,template,0,test_lookalike_3+norm,bongo_0061,1,0.731348
nb_char,clean,template,0,test_lookalike_3+norm,bongo_0097,0,0.604636
nb_char,clean,template,0,test_lookalike_3+norm,bongo_0107,0,0.114246
nb_char,clean,template,0,test_lookalike_3+norm,bongo_0110,0,0.131831
nb_char,clean,template,0,test_lookalike_3+norm,bongo_0112,1,0.873258
nb_char,clean,template,0,test_lookalike_3+norm,bongo_0115,0,0.648241
nb_char,clean,template,0,test_lookalike_3+norm,bongo_0143,0,0.089357
nb_char,clean,template,0,test_lookalike_3+norm,bongo_0146,1,0.999843
nb_char,clean,template,0,test_lookalike_3+norm,bongo_0154,1,0.983779
nb_char,clean,template,0,test_lookalike_3+norm,bongo_0159,1,0.780982
nb_char,clean,template,0,test_lookalike_3+norm,bongo_0160,0,0.135545
nb_char,clean,template,0,test_lookalike_3+norm,bongo_0172,0,0.382675
nb_char,clean,template,0,test_lookalike_3+norm,bongo_0173,1,0.898274
nb_char,clean,template,0,test_lookalike_3+norm,bongo_0175,0,0.188965
nb_char,clean,template,0,test_lookalike_3+norm,bongo_0182,0,0.075308
nb_char,clean,template,0,test_lookalike_3+norm,bongo_0195,1,0.999352
nb_char,clean,template,0,test_lookalike_3+norm,bongo_0197,0,0.099532
nb_char,clean,template,0,test_lookalike_3+norm,bongo_0201,1,0.999213
nb_char,clean,template,0,test_lookalike_3+norm,bongo_0203,1,0.999937
nb_char,clean,template,0,test_lookalike_3+norm,bongo_0250,1,0.780982
nb_char,clean,template,0,test_lookalike_3+norm,bongo_0253,0,0.226151
nb_char,clean,template,0,test_lookalike_3+norm,bongo_0255,1,0.721785
nb_char,clean,template,0,test_lookalike_3+norm,bongo_0265,1,0.842595
nb_char,clean,template,0,test_lookalike_3+norm,bongo_0271,0,0.089957
nb_char,clean,template,0,test_lookalike_3+norm,bongo_0300,0,0.018482
nb_char,clean,template,0,test_lookalike_3+norm,bongo_0306,0,0.123608
nb_char,clean,template,0,test_lookalike_3+norm,bongo_0356,1,0.866932
nb_char,clean,template,0,test_lookalike_3+norm,bongo_0360,1,0.999713
nb_char,clean,template,0,test_lookalike_3+norm,bongo_0361,1,0.999936
nb_char,clean,template,0,test_lookalike_3+norm,bongo_0363,0,0.098682
nb_char,clean,template,0,test_lookalike_3+norm,bongo_0368,0,0.375441
nb_char,clean,template,0,test_lookalike_3+norm,bongo_0372,0,0.318321
nb_char,clean,template,0,test_lookalike_3+norm,bongo_0380,1,0.798408
nb_char,clean,template,0,test_lookalike_3+norm,bongo_0389,0,0.147601
nb_char,clean,template,0,test_lookalike_3+norm,bongo_0395,0,0.217050
nb_char,clean,template,0,test_lookalike_3+norm,bongo_0405,1,0.999712
nb_char,clean,template,0,test_lookalike_3+norm,bongo_0424,1,0.999327
nb_char,clean,template,0,test_lookalike_3+norm,bongo_0427,0,0.759447
nb_char,clean,template,0,test_lookalike_3+norm,bongo_0434,1,0.804250
nb_char,clean,template,0,test_lookalike_3+norm,bongo_0463,0,0.694275
nb_char,clean,template,0,test_lookalike_3+norm,bongo_0476,1,0.999436
nb_char,clean,template,0,test_lookalike_3+norm,bongo_0510,1,0.999752
nb_char,clean,template,0,test_lookalike_3+norm,bongo_0531,0,0.288838
nb_char,clean,template,0,test_lookalike_3+norm,bongo_0542,0,0.140608
nb_char,clean,template,0,test_lookalike_3+norm,bongo_0545,0,0.141677
nb_char,clean,template,0,test_lookalike_3+norm,bongo_0560,1,0.945962
nb_char,clean,template,0,test_lookalike_3+norm,bongo_0565,1,0.855307
nb_char,clean,template,0,test_lookalike_3+norm,bongo_0566,1,0.999962
nb_char,clean,template,0,test_lookalike_3+norm,bongo_0571,0,0.402319
nb_char,clean,template,0,test_lookalike_3+norm,bongo_0577,1,0.999742
nb_char,clean,template,0,test_lookalike_3+norm,bongo_0580,1,0.999122
nb_char,clean,template,0,test_lookalike_3+norm,bongo_0621,1,0.998712
nb_char,clean,template,0,test_lookalike_3+norm,bongo_0624,1,0.999807
nb_char,clean,template,0,test_lookalike_3+norm,bongo_0630,0,0.168160
nb_char,clean,template,0,test_lookalike_3+norm,bongo_0638,1,0.999914
nb_char,clean,template,0,test_lookalike_3+norm,bongo_0648,0,0.315901
nb_char,clean,template,0,test_lookalike_3+norm,bongo_0674,0,0.115431
nb_char,clean,template,0,test_lookalike_3+norm,bongo_0685,0,0.974558
nb_char,clean,template,0,test_lookalike_3+norm,bongo_0697,1,0.855307
nb_char,clean,template,0,test_lookalike_3+norm,bongo_0701,0,0.127740
nb_char,clean,template,0,test_lookalike_3+norm,bongo_0706,1,0.888026
nb_char,clean,template,0,test_lookalike_3+norm,bongo_0719,1,0.807464
nb_char,clean,template,0,test_lookalike_3+norm,bongo_0721,1,0.999673
nb_char,clean,template,0,test_lookalike_3+norm,bongo_0724,1,0.796452
nb_char,clean,template,0,test_lookalike_3+norm,bongo_0729,1,0.999456
nb_char,clean,template,0,test_lookalike_3+norm,bongo_0741,0,0.054389
nb_char,clean,template,0,test_lookalike_3+norm,bongo_0749,1,0.855592
nb_char,clean,template,0,test_lookalike_3+norm,bongo_0769,1,0.999831
nb_char,clean,template,0,test_lookalike_3+norm,bongo_0770,1,0.804250
nb_char,clean,template,0,test_lookalike_3+norm,bongo_0778,1,0.872435
nb_char,clean,template,0,test_lookalike_3+norm,bongo_0787,1,0.999803
nb_char,clean,template,0,test_lookalike_3+norm,bongo_0795,0,0.229489
nb_char,clean,template,0,test_lookalike_3+norm,bongo_0806,1,0.796452
nb_char,clean,template,0,test_lookalike_3+norm,bongo_0807,1,0.999501
nb_char,clean,template,0,test_lookalike_3+norm,bongo_0818,0,0.145114
nb_char,clean,template,0,test_lookalike_3+norm,bongo_0819,0,0.226923
nb_char,clean,template,0,test_lookalike_3+norm,bongo_0835,0,0.112382
nb_char,clean,template,0,test_lookalike_3+norm,bongo_0840,1,0.999733
nb_char,clean,template,0,test_lookalike_3+norm,bongo_0855,1,0.861700
nb_char,clean,template,0,test_lookalike_3+norm,bongo_0856,0,0.078330
nb_char,clean,template,0,test_lookalike_3+norm,bongo_0864,1,0.999955
nb_char,clean,template,0,test_lookalike_3+norm,bongo_0871,1,0.999869
nb_char,clean,template,0,test_lookalike_3+norm,bongo_0872,0,0.417833
nb_char,clean,template,0,test_lookalike_3+norm,bongo_0904,0,0.731203
nb_char,clean,template,0,test_lookalike_3+norm,bongo_0905,1,0.999888
nb_char,clean,template,0,test_lookalike_3+norm,bongo_0909,1,0.999765
nb_char,clean,template,0,test_lookalike_3+norm,bongo_0917,1,0.689650
nb_char,clean,template,0,test_lookalike_3+norm,bongo_0918,1,0.999652
nb_char,clean,template,0,test_lookalike_3+norm,bongo_0950,0,0.116249
nb_char,clean,template,0,test_lookalike_3+norm,bongo_0955,1,0.999838
nb_char,clean,template,0,test_lookalike_3+norm,bongo_0956,0,0.105956
nb_char,clean,template,0,test_lookalike_3+norm,bongo_0971,0,0.124698
nb_char,clean,template,0,test_lookalike_3+norm,bongo_0983,0,0.284358
nb_char,clean,template,0,test_lookalike_3+norm,bongo_0989,1,0.999873
nb_char,clean,template,0,test_lookalike_3+norm,bongo_0994,0,0.771988
nb_char,clean,template,0,test_lookalike_3+norm,bongo_1003,1,0.937442
nb_char,clean,template,0,test_lookalike_3+norm,bongo_1006,0,0.594470
nb_char,clean,template,0,test_lookalike_3+norm,bongo_1012,1,0.848431
nb_char,clean,template,0,test_lookalike_3+norm,bongo_1015,0,0.150850
nb_char,clean,template,0,test_lookalike_3+norm,bongo_1022,1,0.828513
nb_char,clean,template,0,test_lookalike_3+norm,bongo_1037,0,0.186122
nb_char,clean,template,0,test_lookalike_3+norm,bongo_1040,0,0.305190
nb_char,clean,template,0,test_lookalike_3+norm,bongo_1042,1,0.999444
nb_char,clean,template,0,test_lookalike_3+norm,bongo_1047,1,0.999952
nb_char,clean,template,0,test_lookalike_3+norm,bongo_1050,0,0.058295
nb_char,clean,template,0,test_lookalike_3+norm,bongo_1052,1,0.999541
nb_char,clean,template,0,test_lookalike_3+norm,bongo_1059,0,0.177674
nb_char,clean,template,0,test_lookalike_3+norm,bongo_1071,0,0.252802
nb_char,clean,template,0,test_lookalike_3+norm,bongo_1090,0,0.370587
nb_char,clean,template,0,test_lookalike_3+norm,bongo_1104,1,0.999596
nb_char,clean,template,0,test_lookalike_3+norm,bongo_1115,0,0.063667
nb_char,clean,template,0,test_lookalike_3+norm,bongo_1123,0,0.078899
nb_char,clean,template,0,test_lookalike_3+norm,bongo_1125,0,0.320429
nb_char,clean,template,0,test_lookalike_3+norm,bongo_1127,1,0.910962
nb_char,clean,template,0,test_lookalike_3+norm,bongo_1131,1,0.999297
nb_char,clean,template,0,test_lookalike_3+norm,bongo_1134,1,0.810843
nb_char,clean,template,0,test_lookalike_3+norm,bongo_1135,0,0.337561
nb_char,clean,template,0,test_lookalike_3+norm,bongo_1136,1,0.977809
nb_char,clean,template,0,test_lookalike_3+norm,bongo_1138,1,0.999925
nb_char,clean,template,0,test_lookalike_3+norm,bongo_1140,1,0.999074
nb_char,clean,template,0,test_lookalike_3+norm,bongo_1154,1,0.999918
nb_char,clean,template,0,test_lookalike_3+norm,bongo_1155,0,0.050153
nb_char,clean,template,0,test_lookalike_3+norm,bongo_1171,1,0.999566
nb_char,clean,template,0,test_lookalike_3+norm,bongo_1181,1,0.998345
nb_char,clean,template,0,test_lookalike_3+norm,bongo_1185,1,0.729122
nb_char,clean,template,0,test_lookalike_3+norm,bongo_1194,0,0.278053
nb_char,clean,template,0,test_lookalike_3+norm,bongo_1195,1,0.877696
nb_char,clean,template,0,test_lookalike_3+norm,bongo_1198,0,0.126311
nb_char,clean,template,0,test_lookalike_3+norm,bongo_1204,1,0.770967
nb_char,clean,template,0,test_lookalike_3+norm,bongo_1220,1,0.999771
nb_char,clean,template,0,test_lookalike_3+norm,bongo_1233,1,0.999945
nb_char,clean,template,0,test_lookalike_3+norm,bongo_1236,0,0.086859
nb_char,clean,template,0,test_lookalike_3+norm,bongo_1240,1,0.721785
nb_char,clean,template,0,test_lookalike_3+norm,bongo_1244,0,0.137100
nb_char,clean,template,0,test_lookalike_3+norm,bongo_1249,0,0.180521
nb_char,clean,template,0,test_lookalike_3+norm,bongo_1253,0,0.321210
nb_char,clean,template,0,test_lookalike_3+norm,bongo_1260,0,0.093479
nb_char,clean,template,0,test_lookalike_3+norm,bongo_1262,0,0.303571
nb_char,clean,template,0,test_lookalike_3+norm,bongo_1278,1,0.785134
nb_char,clean,template,0,test_lookalike_3+norm,bongo_1285,0,0.085798
nb_char,clean,template,0,test_lookalike_3+norm,bongo_1293,1,0.999747
nb_char,clean,template,0,test_lookalike_3+norm,bongo_1316,0,0.194584
nb_char,clean,template,0,test_lookalike_3+norm,bongo_1327,1,0.696533
nb_char,clean,template,0,test_lookalike_3+norm,bongo_1330,0,0.358259
nb_char,clean,template,0,test_lookalike_3+norm,bongo_1359,0,0.032501
nb_char,clean,template,0,test_lookalike_3+norm,bongo_1375,0,0.090813
nb_char,clean,template,0,test_lookalike_all+norm,bongo_0025,1,0.997757
nb_char,clean,template,0,test_lookalike_all+norm,bongo_0029,0,0.319824
nb_char,clean,template,0,test_lookalike_all+norm,bongo_0039,1,0.999933
nb_char,clean,template,0,test_lookalike_all+norm,bongo_0047,1,0.996888
nb_char,clean,template,0,test_lookalike_all+norm,bongo_0053,0,0.341656
nb_char,clean,template,0,test_lookalike_all+norm,bongo_0055,1,0.889016
nb_char,clean,template,0,test_lookalike_all+norm,bongo_0061,1,0.731348
nb_char,clean,template,0,test_lookalike_all+norm,bongo_0097,0,0.604636
nb_char,clean,template,0,test_lookalike_all+norm,bongo_0107,0,0.114246
nb_char,clean,template,0,test_lookalike_all+norm,bongo_0110,0,0.131831
nb_char,clean,template,0,test_lookalike_all+norm,bongo_0112,1,0.873258
nb_char,clean,template,0,test_lookalike_all+norm,bongo_0115,0,0.648241
nb_char,clean,template,0,test_lookalike_all+norm,bongo_0143,0,0.089357
nb_char,clean,template,0,test_lookalike_all+norm,bongo_0146,1,0.999843
nb_char,clean,template,0,test_lookalike_all+norm,bongo_0154,1,0.988841
nb_char,clean,template,0,test_lookalike_all+norm,bongo_0159,1,0.780982
nb_char,clean,template,0,test_lookalike_all+norm,bongo_0160,0,0.135545
nb_char,clean,template,0,test_lookalike_all+norm,bongo_0172,0,0.382675
nb_char,clean,template,0,test_lookalike_all+norm,bongo_0173,1,0.898274
nb_char,clean,template,0,test_lookalike_all+norm,bongo_0175,0,0.188965
nb_char,clean,template,0,test_lookalike_all+norm,bongo_0182,0,0.075308
nb_char,clean,template,0,test_lookalike_all+norm,bongo_0195,1,0.999325
nb_char,clean,template,0,test_lookalike_all+norm,bongo_0197,0,0.099532
nb_char,clean,template,0,test_lookalike_all+norm,bongo_0201,1,0.999213
nb_char,clean,template,0,test_lookalike_all+norm,bongo_0203,1,0.999937
nb_char,clean,template,0,test_lookalike_all+norm,bongo_0250,1,0.780982
nb_char,clean,template,0,test_lookalike_all+norm,bongo_0253,0,0.226151
nb_char,clean,template,0,test_lookalike_all+norm,bongo_0255,1,0.721785
nb_char,clean,template,0,test_lookalike_all+norm,bongo_0265,1,0.842595
nb_char,clean,template,0,test_lookalike_all+norm,bongo_0271,0,0.089957
nb_char,clean,template,0,test_lookalike_all+norm,bongo_0300,0,0.018482
nb_char,clean,template,0,test_lookalike_all+norm,bongo_0306,0,0.123608
nb_char,clean,template,0,test_lookalike_all+norm,bongo_0356,1,0.866932
nb_char,clean,template,0,test_lookalike_all+norm,bongo_0360,1,0.999683
nb_char,clean,template,0,test_lookalike_all+norm,bongo_0361,1,0.999936
nb_char,clean,template,0,test_lookalike_all+norm,bongo_0363,0,0.098682
nb_char,clean,template,0,test_lookalike_all+norm,bongo_0368,0,0.375441
nb_char,clean,template,0,test_lookalike_all+norm,bongo_0372,0,0.318321
nb_char,clean,template,0,test_lookalike_all+norm,bongo_0380,1,0.798408
nb_char,clean,template,0,test_lookalike_all+norm,bongo_0389,0,0.147601
nb_char,clean,template,0,test_lookalike_all+norm,bongo_0395,0,0.217050
nb_char,clean,template,0,test_lookalike_all+norm,bongo_0405,1,0.999712
nb_char,clean,template,0,test_lookalike_all+norm,bongo_0424,1,0.999327
nb_char,clean,template,0,test_lookalike_all+norm,bongo_0427,0,0.759447
nb_char,clean,template,0,test_lookalike_all+norm,bongo_0434,1,0.804250
nb_char,clean,template,0,test_lookalike_all+norm,bongo_0463,0,0.694275
nb_char,clean,template,0,test_lookalike_all+norm,bongo_0476,1,0.999436
nb_char,clean,template,0,test_lookalike_all+norm,bongo_0510,1,0.999752
nb_char,clean,template,0,test_lookalike_all+norm,bongo_0531,0,0.288838
nb_char,clean,template,0,test_lookalike_all+norm,bongo_0542,0,0.140608
nb_char,clean,template,0,test_lookalike_all+norm,bongo_0545,0,0.141677
nb_char,clean,template,0,test_lookalike_all+norm,bongo_0560,1,0.945962
nb_char,clean,template,0,test_lookalike_all+norm,bongo_0565,1,0.919747
nb_char,clean,template,0,test_lookalike_all+norm,bongo_0566,1,0.999962
nb_char,clean,template,0,test_lookalike_all+norm,bongo_0571,0,0.402319
nb_char,clean,template,0,test_lookalike_all+norm,bongo_0577,1,0.999742
nb_char,clean,template,0,test_lookalike_all+norm,bongo_0580,1,0.999122
nb_char,clean,template,0,test_lookalike_all+norm,bongo_0621,1,0.998712
nb_char,clean,template,0,test_lookalike_all+norm,bongo_0624,1,0.999807
nb_char,clean,template,0,test_lookalike_all+norm,bongo_0630,0,0.168160
nb_char,clean,template,0,test_lookalike_all+norm,bongo_0638,1,0.999914
nb_char,clean,template,0,test_lookalike_all+norm,bongo_0648,0,0.315901
nb_char,clean,template,0,test_lookalike_all+norm,bongo_0674,0,0.115431
nb_char,clean,template,0,test_lookalike_all+norm,bongo_0685,0,0.974558
nb_char,clean,template,0,test_lookalike_all+norm,bongo_0697,1,0.855307
nb_char,clean,template,0,test_lookalike_all+norm,bongo_0701,0,0.127740
nb_char,clean,template,0,test_lookalike_all+norm,bongo_0706,1,0.888026
nb_char,clean,template,0,test_lookalike_all+norm,bongo_0719,1,0.807464
nb_char,clean,template,0,test_lookalike_all+norm,bongo_0721,1,0.999673
nb_char,clean,template,0,test_lookalike_all+norm,bongo_0724,1,0.796452
nb_char,clean,template,0,test_lookalike_all+norm,bongo_0729,1,0.999456
nb_char,clean,template,0,test_lookalike_all+norm,bongo_0741,0,0.054389
nb_char,clean,template,0,test_lookalike_all+norm,bongo_0749,1,0.855592
nb_char,clean,template,0,test_lookalike_all+norm,bongo_0769,1,0.999831
nb_char,clean,template,0,test_lookalike_all+norm,bongo_0770,1,0.804250
nb_char,clean,template,0,test_lookalike_all+norm,bongo_0778,1,0.872435
nb_char,clean,template,0,test_lookalike_all+norm,bongo_0787,1,0.999803
nb_char,clean,template,0,test_lookalike_all+norm,bongo_0795,0,0.229489
nb_char,clean,template,0,test_lookalike_all+norm,bongo_0806,1,0.796452
nb_char,clean,template,0,test_lookalike_all+norm,bongo_0807,1,0.999501
nb_char,clean,template,0,test_lookalike_all+norm,bongo_0818,0,0.145114
nb_char,clean,template,0,test_lookalike_all+norm,bongo_0819,0,0.226923
nb_char,clean,template,0,test_lookalike_all+norm,bongo_0835,0,0.112382
nb_char,clean,template,0,test_lookalike_all+norm,bongo_0840,1,0.999733
nb_char,clean,template,0,test_lookalike_all+norm,bongo_0855,1,0.861700
nb_char,clean,template,0,test_lookalike_all+norm,bongo_0856,0,0.078330
nb_char,clean,template,0,test_lookalike_all+norm,bongo_0864,1,0.999955
nb_char,clean,template,0,test_lookalike_all+norm,bongo_0871,1,0.999869
nb_char,clean,template,0,test_lookalike_all+norm,bongo_0872,0,0.417833
nb_char,clean,template,0,test_lookalike_all+norm,bongo_0904,0,0.731203
nb_char,clean,template,0,test_lookalike_all+norm,bongo_0905,1,0.999888
nb_char,clean,template,0,test_lookalike_all+norm,bongo_0909,1,0.999765
nb_char,clean,template,0,test_lookalike_all+norm,bongo_0917,1,0.815826
nb_char,clean,template,0,test_lookalike_all+norm,bongo_0918,1,0.999652
nb_char,clean,template,0,test_lookalike_all+norm,bongo_0950,0,0.116249
nb_char,clean,template,0,test_lookalike_all+norm,bongo_0955,1,0.999838
nb_char,clean,template,0,test_lookalike_all+norm,bongo_0956,0,0.105956
nb_char,clean,template,0,test_lookalike_all+norm,bongo_0971,0,0.124698
nb_char,clean,template,0,test_lookalike_all+norm,bongo_0983,0,0.284358
nb_char,clean,template,0,test_lookalike_all+norm,bongo_0989,1,0.999873
nb_char,clean,template,0,test_lookalike_all+norm,bongo_0994,0,0.771988
nb_char,clean,template,0,test_lookalike_all+norm,bongo_1003,1,0.937442
nb_char,clean,template,0,test_lookalike_all+norm,bongo_1006,0,0.594470
nb_char,clean,template,0,test_lookalike_all+norm,bongo_1012,1,0.807875
nb_char,clean,template,0,test_lookalike_all+norm,bongo_1015,0,0.150850
nb_char,clean,template,0,test_lookalike_all+norm,bongo_1022,1,0.904537
nb_char,clean,template,0,test_lookalike_all+norm,bongo_1037,0,0.186122
nb_char,clean,template,0,test_lookalike_all+norm,bongo_1040,0,0.305190
nb_char,clean,template,0,test_lookalike_all+norm,bongo_1042,1,0.999444
nb_char,clean,template,0,test_lookalike_all+norm,bongo_1047,1,0.999952
nb_char,clean,template,0,test_lookalike_all+norm,bongo_1050,0,0.058295
nb_char,clean,template,0,test_lookalike_all+norm,bongo_1052,1,0.999541
nb_char,clean,template,0,test_lookalike_all+norm,bongo_1059,0,0.177674
nb_char,clean,template,0,test_lookalike_all+norm,bongo_1071,0,0.252802
nb_char,clean,template,0,test_lookalike_all+norm,bongo_1090,0,0.370587
nb_char,clean,template,0,test_lookalike_all+norm,bongo_1104,1,0.999596
nb_char,clean,template,0,test_lookalike_all+norm,bongo_1115,0,0.063667
nb_char,clean,template,0,test_lookalike_all+norm,bongo_1123,0,0.078899
nb_char,clean,template,0,test_lookalike_all+norm,bongo_1125,0,0.320429
nb_char,clean,template,0,test_lookalike_all+norm,bongo_1127,1,0.953354
nb_char,clean,template,0,test_lookalike_all+norm,bongo_1131,1,0.999297
nb_char,clean,template,0,test_lookalike_all+norm,bongo_1134,1,0.810843
nb_char,clean,template,0,test_lookalike_all+norm,bongo_1135,0,0.337561
nb_char,clean,template,0,test_lookalike_all+norm,bongo_1136,1,0.977809
nb_char,clean,template,0,test_lookalike_all+norm,bongo_1138,1,0.999925
nb_char,clean,template,0,test_lookalike_all+norm,bongo_1140,1,0.999074
nb_char,clean,template,0,test_lookalike_all+norm,bongo_1154,1,0.999918
nb_char,clean,template,0,test_lookalike_all+norm,bongo_1155,0,0.050153
nb_char,clean,template,0,test_lookalike_all+norm,bongo_1171,1,0.999566
nb_char,clean,template,0,test_lookalike_all+norm,bongo_1181,1,0.998345
nb_char,clean,template,0,test_lookalike_all+norm,bongo_1185,1,0.729122
nb_char,clean,template,0,test_lookalike_all+norm,bongo_1194,0,0.278053
nb_char,clean,template,0,test_lookalike_all+norm,bongo_1195,1,0.932523
nb_char,clean,template,0,test_lookalike_all+norm,bongo_1198,0,0.126311
nb_char,clean,template,0,test_lookalike_all+norm,bongo_1204,1,0.770967
nb_char,clean,template,0,test_lookalike_all+norm,bongo_1220,1,0.999771
nb_char,clean,template,0,test_lookalike_all+norm,bongo_1233,1,0.999945
nb_char,clean,template,0,test_lookalike_all+norm,bongo_1236,0,0.086859
nb_char,clean,template,0,test_lookalike_all+norm,bongo_1240,1,0.721785
nb_char,clean,template,0,test_lookalike_all+norm,bongo_1244,0,0.137100
nb_char,clean,template,0,test_lookalike_all+norm,bongo_1249,0,0.180521
nb_char,clean,template,0,test_lookalike_all+norm,bongo_1253,0,0.321210
nb_char,clean,template,0,test_lookalike_all+norm,bongo_1260,0,0.093479
nb_char,clean,template,0,test_lookalike_all+norm,bongo_1262,0,0.303571
nb_char,clean,template,0,test_lookalike_all+norm,bongo_1278,1,0.785134
nb_char,clean,template,0,test_lookalike_all+norm,bongo_1285,0,0.085798
nb_char,clean,template,0,test_lookalike_all+norm,bongo_1293,1,0.999747
nb_char,clean,template,0,test_lookalike_all+norm,bongo_1316,0,0.194584
nb_char,clean,template,0,test_lookalike_all+norm,bongo_1327,1,0.696533
nb_char,clean,template,0,test_lookalike_all+norm,bongo_1330,0,0.358259
nb_char,clean,template,0,test_lookalike_all+norm,bongo_1359,0,0.032501
nb_char,clean,template,0,test_lookalike_all+norm,bongo_1375,0,0.090813
nb_char,clean,template,0,test_structural_1+norm,bongo_0025,1,0.997135
nb_char,clean,template,0,test_structural_1+norm,bongo_0029,0,0.319824
nb_char,clean,template,0,test_structural_1+norm,bongo_0039,1,0.999922
nb_char,clean,template,0,test_structural_1+norm,bongo_0047,1,0.996888
nb_char,clean,template,0,test_structural_1+norm,bongo_0053,0,0.341656
nb_char,clean,template,0,test_structural_1+norm,bongo_0055,1,0.801366
nb_char,clean,template,0,test_structural_1+norm,bongo_0061,1,0.731348
nb_char,clean,template,0,test_structural_1+norm,bongo_0097,0,0.604636
nb_char,clean,template,0,test_structural_1+norm,bongo_0107,0,0.114246
nb_char,clean,template,0,test_structural_1+norm,bongo_0110,0,0.131831
nb_char,clean,template,0,test_structural_1+norm,bongo_0112,1,0.875521
nb_char,clean,template,0,test_structural_1+norm,bongo_0115,0,0.648241
nb_char,clean,template,0,test_structural_1+norm,bongo_0143,0,0.089357
nb_char,clean,template,0,test_structural_1+norm,bongo_0146,1,0.999843
nb_char,clean,template,0,test_structural_1+norm,bongo_0154,1,0.983779
nb_char,clean,template,0,test_structural_1+norm,bongo_0159,1,0.823828
nb_char,clean,template,0,test_structural_1+norm,bongo_0160,0,0.135545
nb_char,clean,template,0,test_structural_1+norm,bongo_0172,0,0.382675
nb_char,clean,template,0,test_structural_1+norm,bongo_0173,1,0.922409
nb_char,clean,template,0,test_structural_1+norm,bongo_0175,0,0.188965
nb_char,clean,template,0,test_structural_1+norm,bongo_0182,0,0.075308
nb_char,clean,template,0,test_structural_1+norm,bongo_0195,1,0.999352
nb_char,clean,template,0,test_structural_1+norm,bongo_0197,0,0.099532
nb_char,clean,template,0,test_structural_1+norm,bongo_0201,1,0.998847
nb_char,clean,template,0,test_structural_1+norm,bongo_0203,1,0.999937
nb_char,clean,template,0,test_structural_1+norm,bongo_0250,1,0.823828
nb_char,clean,template,0,test_structural_1+norm,bongo_0253,0,0.226151
nb_char,clean,template,0,test_structural_1+norm,bongo_0255,1,0.721785
nb_char,clean,template,0,test_structural_1+norm,bongo_0265,1,0.842595
nb_char,clean,template,0,test_structural_1+norm,bongo_0271,0,0.089957
nb_char,clean,template,0,test_structural_1+norm,bongo_0300,0,0.018482
nb_char,clean,template,0,test_structural_1+norm,bongo_0306,0,0.123608
nb_char,clean,template,0,test_structural_1+norm,bongo_0356,1,0.896413
nb_char,clean,template,0,test_structural_1+norm,bongo_0360,1,0.999713
nb_char,clean,template,0,test_structural_1+norm,bongo_0361,1,0.999936
nb_char,clean,template,0,test_structural_1+norm,bongo_0363,0,0.098682
nb_char,clean,template,0,test_structural_1+norm,bongo_0368,0,0.375441
nb_char,clean,template,0,test_structural_1+norm,bongo_0372,0,0.318321
nb_char,clean,template,0,test_structural_1+norm,bongo_0380,1,0.839672
nb_char,clean,template,0,test_structural_1+norm,bongo_0389,0,0.147601
nb_char,clean,template,0,test_structural_1+norm,bongo_0395,0,0.217050
nb_char,clean,template,0,test_structural_1+norm,bongo_0405,1,0.999712
nb_char,clean,template,0,test_structural_1+norm,bongo_0424,1,0.999034
nb_char,clean,template,0,test_structural_1+norm,bongo_0427,0,0.759447
nb_char,clean,template,0,test_structural_1+norm,bongo_0434,1,0.840267
nb_char,clean,template,0,test_structural_1+norm,bongo_0463,0,0.694275
nb_char,clean,template,0,test_structural_1+norm,bongo_0476,1,0.999397
nb_char,clean,template,0,test_structural_1+norm,bongo_0510,1,0.999610
nb_char,clean,template,0,test_structural_1+norm,bongo_0531,0,0.288838
nb_char,clean,template,0,test_structural_1+norm,bongo_0542,0,0.140608
nb_char,clean,template,0,test_structural_1+norm,bongo_0545,0,0.141677
nb_char,clean,template,0,test_structural_1+norm,bongo_0560,1,0.945962
nb_char,clean,template,0,test_structural_1+norm,bongo_0565,1,0.886433
nb_char,clean,template,0,test_structural_1+norm,bongo_0566,1,0.999962
nb_char,clean,template,0,test_structural_1+norm,bongo_0571,0,0.402319
nb_char,clean,template,0,test_structural_1+norm,bongo_0577,1,0.999644
nb_char,clean,template,0,test_structural_1+norm,bongo_0580,1,0.999122
nb_char,clean,template,0,test_structural_1+norm,bongo_0621,1,0.998712
nb_char,clean,template,0,test_structural_1+norm,bongo_0624,1,0.999807
nb_char,clean,template,0,test_structural_1+norm,bongo_0630,0,0.168160
nb_char,clean,template,0,test_structural_1+norm,bongo_0638,1,0.999914
nb_char,clean,template,0,test_structural_1+norm,bongo_0648,0,0.315901
nb_char,clean,template,0,test_structural_1+norm,bongo_0674,0,0.115431
nb_char,clean,template,0,test_structural_1+norm,bongo_0685,0,0.974558
nb_char,clean,template,0,test_structural_1+norm,bongo_0697,1,0.886433
nb_char,clean,template,0,test_structural_1+norm,bongo_0701,0,0.127740
nb_char,clean,template,0,test_structural_1+norm,bongo_0706,1,0.910950
nb_char,clean,template,0,test_structural_1+norm,bongo_0719,1,0.809624
nb_char,clean,template,0,test_structural_1+norm,bongo_0721,1,0.999730
nb_char,clean,template,0,test_structural_1+norm,bongo_0724,1,0.796452
nb_char,clean,template,0,test_structural_1+norm,bongo_0729,1,0.999456
nb_char,clean,template,0,test_structural_1+norm,bongo_0741,0,0.054389
nb_char,clean,template,0,test_structural_1+norm,bongo_0749,1,0.857953
nb_char,clean,template,0,test_structural_1+norm,bongo_0769,1,0.999831
nb_char,clean,template,0,test_structural_1+norm,bongo_0770,1,0.840267
nb_char,clean,template,0,test_structural_1+norm,bongo_0778,1,0.876441
nb_char,clean,template,0,test_structural_1+norm,bongo_0787,1,0.999742
nb_char,clean,template,0,test_structural_1+norm,bongo_0795,0,0.229489
nb_char,clean,template,0,test_structural_1+norm,bongo_0806,1,0.796452
nb_char,clean,template,0,test_structural_1+norm,bongo_0807,1,0.999501
nb_char,clean,template,0,test_structural_1+norm,bongo_0818,0,0.145114
nb_char,clean,template,0,test_structural_1+norm,bongo_0819,0,0.226923
nb_char,clean,template,0,test_structural_1+norm,bongo_0835,0,0.112382
nb_char,clean,template,0,test_structural_1+norm,bongo_0840,1,0.999733
nb_char,clean,template,0,test_structural_1+norm,bongo_0855,1,0.859933
nb_char,clean,template,0,test_structural_1+norm,bongo_0856,0,0.078330
nb_char,clean,template,0,test_structural_1+norm,bongo_0864,1,0.999955
nb_char,clean,template,0,test_structural_1+norm,bongo_0871,1,0.999806
nb_char,clean,template,0,test_structural_1+norm,bongo_0872,0,0.417833
nb_char,clean,template,0,test_structural_1+norm,bongo_0904,0,0.731203
nb_char,clean,template,0,test_structural_1+norm,bongo_0905,1,0.999888
nb_char,clean,template,0,test_structural_1+norm,bongo_0909,1,0.999765
nb_char,clean,template,0,test_structural_1+norm,bongo_0917,1,0.634743
nb_char,clean,template,0,test_structural_1+norm,bongo_0918,1,0.999538
nb_char,clean,template,0,test_structural_1+norm,bongo_0950,0,0.116249
nb_char,clean,template,0,test_structural_1+norm,bongo_0955,1,0.999838
nb_char,clean,template,0,test_structural_1+norm,bongo_0956,0,0.105956
nb_char,clean,template,0,test_structural_1+norm,bongo_0971,0,0.124698
nb_char,clean,template,0,test_structural_1+norm,bongo_0983,0,0.284358
nb_char,clean,template,0,test_structural_1+norm,bongo_0989,1,0.999873
nb_char,clean,template,0,test_structural_1+norm,bongo_0994,0,0.771988
nb_char,clean,template,0,test_structural_1+norm,bongo_1003,1,0.937442
nb_char,clean,template,0,test_structural_1+norm,bongo_1006,0,0.594470
nb_char,clean,template,0,test_structural_1+norm,bongo_1012,1,0.846399
nb_char,clean,template,0,test_structural_1+norm,bongo_1015,0,0.150850
nb_char,clean,template,0,test_structural_1+norm,bongo_1022,1,0.861407
nb_char,clean,template,0,test_structural_1+norm,bongo_1037,0,0.186122
nb_char,clean,template,0,test_structural_1+norm,bongo_1040,0,0.305190
nb_char,clean,template,0,test_structural_1+norm,bongo_1042,1,0.999041
nb_char,clean,template,0,test_structural_1+norm,bongo_1047,1,0.999952
nb_char,clean,template,0,test_structural_1+norm,bongo_1050,0,0.058295
nb_char,clean,template,0,test_structural_1+norm,bongo_1052,1,0.999541
nb_char,clean,template,0,test_structural_1+norm,bongo_1059,0,0.177674
nb_char,clean,template,0,test_structural_1+norm,bongo_1071,0,0.252802
nb_char,clean,template,0,test_structural_1+norm,bongo_1090,0,0.370587
nb_char,clean,template,0,test_structural_1+norm,bongo_1104,1,0.999405
nb_char,clean,template,0,test_structural_1+norm,bongo_1115,0,0.063667
nb_char,clean,template,0,test_structural_1+norm,bongo_1123,0,0.078899
nb_char,clean,template,0,test_structural_1+norm,bongo_1125,0,0.320429
nb_char,clean,template,0,test_structural_1+norm,bongo_1127,1,0.914543
nb_char,clean,template,0,test_structural_1+norm,bongo_1131,1,0.999297
nb_char,clean,template,0,test_structural_1+norm,bongo_1134,1,0.810843
nb_char,clean,template,0,test_structural_1+norm,bongo_1135,0,0.337561
nb_char,clean,template,0,test_structural_1+norm,bongo_1136,1,0.977809
nb_char,clean,template,0,test_structural_1+norm,bongo_1138,1,0.999925
nb_char,clean,template,0,test_structural_1+norm,bongo_1140,1,0.999074
nb_char,clean,template,0,test_structural_1+norm,bongo_1154,1,0.999875
nb_char,clean,template,0,test_structural_1+norm,bongo_1155,0,0.050153
nb_char,clean,template,0,test_structural_1+norm,bongo_1171,1,0.999566
nb_char,clean,template,0,test_structural_1+norm,bongo_1181,1,0.998205
nb_char,clean,template,0,test_structural_1+norm,bongo_1185,1,0.676823
nb_char,clean,template,0,test_structural_1+norm,bongo_1194,0,0.278053
nb_char,clean,template,0,test_structural_1+norm,bongo_1195,1,0.876233
nb_char,clean,template,0,test_structural_1+norm,bongo_1198,0,0.126311
nb_char,clean,template,0,test_structural_1+norm,bongo_1204,1,0.773470
nb_char,clean,template,0,test_structural_1+norm,bongo_1220,1,0.999734
nb_char,clean,template,0,test_structural_1+norm,bongo_1233,1,0.999903
nb_char,clean,template,0,test_structural_1+norm,bongo_1236,0,0.086859
nb_char,clean,template,0,test_structural_1+norm,bongo_1240,1,0.721785
nb_char,clean,template,0,test_structural_1+norm,bongo_1244,0,0.137100
nb_char,clean,template,0,test_structural_1+norm,bongo_1249,0,0.180521
nb_char,clean,template,0,test_structural_1+norm,bongo_1253,0,0.321210
nb_char,clean,template,0,test_structural_1+norm,bongo_1260,0,0.093479
nb_char,clean,template,0,test_structural_1+norm,bongo_1262,0,0.303571
nb_char,clean,template,0,test_structural_1+norm,bongo_1278,1,0.785134
nb_char,clean,template,0,test_structural_1+norm,bongo_1285,0,0.085798
nb_char,clean,template,0,test_structural_1+norm,bongo_1293,1,0.999747
nb_char,clean,template,0,test_structural_1+norm,bongo_1316,0,0.194584
nb_char,clean,template,0,test_structural_1+norm,bongo_1327,1,0.696533
nb_char,clean,template,0,test_structural_1+norm,bongo_1330,0,0.358259
nb_char,clean,template,0,test_structural_1+norm,bongo_1359,0,0.032501
nb_char,clean,template,0,test_structural_1+norm,bongo_1375,0,0.090813
nb_char,clean,template,0,test_structural_3+norm,bongo_0025,1,0.997632
nb_char,clean,template,0,test_structural_3+norm,bongo_0029,0,0.319824
nb_char,clean,template,0,test_structural_3+norm,bongo_0039,1,0.999890
nb_char,clean,template,0,test_structural_3+norm,bongo_0047,1,0.996563
nb_char,clean,template,0,test_structural_3+norm,bongo_0053,0,0.341656
nb_char,clean,template,0,test_structural_3+norm,bongo_0055,1,0.840267
nb_char,clean,template,0,test_structural_3+norm,bongo_0061,1,0.733794
nb_char,clean,template,0,test_structural_3+norm,bongo_0097,0,0.604636
nb_char,clean,template,0,test_structural_3+norm,bongo_0107,0,0.114246
nb_char,clean,template,0,test_structural_3+norm,bongo_0110,0,0.131831
nb_char,clean,template,0,test_structural_3+norm,bongo_0112,1,0.875185
nb_char,clean,template,0,test_structural_3+norm,bongo_0115,0,0.648241
nb_char,clean,template,0,test_structural_3+norm,bongo_0143,0,0.089357
nb_char,clean,template,0,test_structural_3+norm,bongo_0146,1,0.999773
nb_char,clean,template,0,test_structural_3+norm,bongo_0154,1,0.973897
nb_char,clean,template,0,test_structural_3+norm,bongo_0159,1,0.782919
nb_char,clean,template,0,test_structural_3+norm,bongo_0160,0,0.135545
nb_char,clean,template,0,test_structural_3+norm,bongo_0172,0,0.382675
nb_char,clean,template,0,test_structural_3+norm,bongo_0173,1,0.897249
nb_char,clean,template,0,test_structural_3+norm,bongo_0175,0,0.188965
nb_char,clean,template,0,test_structural_3+norm,bongo_0182,0,0.075308
nb_char,clean,template,0,test_structural_3+norm,bongo_0195,1,0.999184
nb_char,clean,template,0,test_structural_3+norm,bongo_0197,0,0.099532
nb_char,clean,template,0,test_structural_3+norm,bongo_0201,1,0.999213
nb_char,clean,template,0,test_structural_3+norm,bongo_0203,1,0.999870
nb_char,clean,template,0,test_structural_3+norm,bongo_0250,1,0.823828
nb_char,clean,template,0,test_structural_3+norm,bongo_0253,0,0.226151
nb_char,clean,template,0,test_structural_3+norm,bongo_0255,1,0.719269
nb_char,clean,template,0,test_structural_3+norm,bongo_0265,1,0.840863
nb_char,clean,template,0,test_structural_3+norm,bongo_0271,0,0.089957
nb_char,clean,template,0,test_structural_3+norm,bongo_0300,0,0.018482
nb_char,clean,template,0,test_structural_3+norm,bongo_0306,0,0.123608
nb_char,clean,template,0,test_structural_3+norm,bongo_0356,1,0.896413
nb_char,clean,template,0,test_structural_3+norm,bongo_0360,1,0.999594
nb_char,clean,template,0,test_structural_3+norm,bongo_0361,1,0.999876
nb_char,clean,template,0,test_structural_3+norm,bongo_0363,0,0.098682
nb_char,clean,template,0,test_structural_3+norm,bongo_0368,0,0.375441
nb_char,clean,template,0,test_structural_3+norm,bongo_0372,0,0.318321
nb_char,clean,template,0,test_structural_3+norm,bongo_0380,1,0.788757
nb_char,clean,template,0,test_structural_3+norm,bongo_0389,0,0.147601
nb_char,clean,template,0,test_structural_3+norm,bongo_0395,0,0.217050
nb_char,clean,template,0,test_structural_3+norm,bongo_0405,1,0.999400
nb_char,clean,template,0,test_structural_3+norm,bongo_0424,1,0.999034
nb_char,clean,template,0,test_structural_3+norm,bongo_0427,0,0.759447
nb_char,clean,template,0,test_structural_3+norm,bongo_0434,1,0.801366
nb_char,clean,template,0,test_structural_3+norm,bongo_0463,0,0.694275
nb_char,clean,template,0,test_structural_3+norm,bongo_0476,1,0.999179
nb_char,clean,template,0,test_structural_3+norm,bongo_0510,1,0.999690
nb_char,clean,template,0,test_structural_3+norm,bongo_0531,0,0.288838
nb_char,clean,template,0,test_structural_3+norm,bongo_0542,0,0.140608
nb_char,clean,template,0,test_structural_3+norm,bongo_0545,0,0.141677
nb_char,clean,template,0,test_structural_3+norm,bongo_0560,1,0.939493
nb_char,clean,template,0,test_structural_3+norm,bongo_0565,1,0.843119
nb_char,clean,template,0,test_structural_3+norm,bongo_0566,1,0.999940
nb_char,clean,template,0,test_structural_3+norm,bongo_0571,0,0.402319
nb_char,clean,template,0,test_structural_3+norm,bongo_0577,1,0.999610
nb_char,clean,template,0,test_structural_3+norm,bongo_0580,1,0.998671
nb_char,clean,template,0,test_structural_3+norm,bongo_0621,1,0.997065
nb_char,clean,template,0,test_structural_3+norm,bongo_0624,1,0.999678
nb_char,clean,template,0,test_structural_3+norm,bongo_0630,0,0.168160
nb_char,clean,template,0,test_structural_3+norm,bongo_0638,1,0.999864
nb_char,clean,template,0,test_structural_3+norm,bongo_0648,0,0.315901
nb_char,clean,template,0,test_structural_3+norm,bongo_0674,0,0.115431
nb_char,clean,template,0,test_structural_3+norm,bongo_0685,0,0.974558
nb_char,clean,template,0,test_structural_3+norm,bongo_0697,1,0.824137
nb_char,clean,template,0,test_structural_3+norm,bongo_0701,0,0.127740
nb_char,clean,template,0,test_structural_3+norm,bongo_0706,1,0.857981
nb_char,clean,template,0,test_structural_3+norm,bongo_0719,1,0.846809
nb_char,clean,template,0,test_structural_3+norm,bongo_0721,1,0.999695
nb_char,clean,template,0,test_structural_3+norm,bongo_0724,1,0.781464
nb_char,clean,template,0,test_structural_3+norm,bongo_0729,1,0.998888
nb_char,clean,template,0,test_structural_3+norm,bongo_0741,0,0.054389
nb_char,clean,template,0,test_structural_3+norm,bongo_0749,1,0.843076
nb_char,clean,template,0,test_structural_3+norm,bongo_0769,1,0.999831
nb_char,clean,template,0,test_structural_3+norm,bongo_0770,1,0.808682
nb_char,clean,template,0,test_structural_3+norm,bongo_0778,1,0.890862
nb_char,clean,template,0,test_structural_3+norm,bongo_0787,1,0.999742
nb_char,clean,template,0,test_structural_3+norm,bongo_0795,0,0.229489
nb_char,clean,template,0,test_structural_3+norm,bongo_0806,1,0.795098
nb_char,clean,template,0,test_structural_3+norm,bongo_0807,1,0.999299
nb_char,clean,template,0,test_structural_3+norm,bongo_0818,0,0.145114
nb_char,clean,template,0,test_structural_3+norm,bongo_0819,0,0.226923
nb_char,clean,template,0,test_structural_3+norm,bongo_0835,0,0.112382
nb_char,clean,template,0,test_structural_3+norm,bongo_0840,1,0.999733
nb_char,clean,template,0,test_structural_3+norm,bongo_0855,1,0.863814
nb_char,clean,template,0,test_structural_3+norm,bongo_0856,0,0.078330
nb_char,clean,template,0,test_structural_3+norm,bongo_0864,1,0.999955
nb_char,clean,template,0,test_structural_3+norm,bongo_0871,1,0.999806
nb_char,clean,template,0,test_structural_3+norm,bongo_0872,0,0.417833
nb_char,clean,template,0,test_structural_3+norm,bongo_0904,0,0.731203
nb_char,clean,template,0,test_structural_3+norm,bongo_0905,1,0.999765
nb_char,clean,template,0,test_structural_3+norm,bongo_0909,1,0.999765
nb_char,clean,template,0,test_structural_3+norm,bongo_0917,1,0.685519
nb_char,clean,template,0,test_structural_3+norm,bongo_0918,1,0.999652
nb_char,clean,template,0,test_structural_3+norm,bongo_0950,0,0.116249
nb_char,clean,template,0,test_structural_3+norm,bongo_0955,1,0.999746
nb_char,clean,template,0,test_structural_3+norm,bongo_0956,0,0.105956
nb_char,clean,template,0,test_structural_3+norm,bongo_0971,0,0.124698
nb_char,clean,template,0,test_structural_3+norm,bongo_0983,0,0.284358
nb_char,clean,template,0,test_structural_3+norm,bongo_0989,1,0.999811
nb_char,clean,template,0,test_structural_3+norm,bongo_0994,0,0.771988
nb_char,clean,template,0,test_structural_3+norm,bongo_1003,1,0.930407
nb_char,clean,template,0,test_structural_3+norm,bongo_1006,0,0.594470
nb_char,clean,template,0,test_structural_3+norm,bongo_1012,1,0.881807
nb_char,clean,template,0,test_structural_3+norm,bongo_1015,0,0.150850
nb_char,clean,template,0,test_structural_3+norm,bongo_1022,1,0.832892
nb_char,clean,template,0,test_structural_3+norm,bongo_1037,0,0.186122
nb_char,clean,template,0,test_structural_3+norm,bongo_1040,0,0.305190
nb_char,clean,template,0,test_structural_3+norm,bongo_1042,1,0.999444
nb_char,clean,template,0,test_structural_3+norm,bongo_1047,1,0.999952
nb_char,clean,template,0,test_structural_3+norm,bongo_1050,0,0.058295
nb_char,clean,template,0,test_structural_3+norm,bongo_1052,1,0.999541
nb_char,clean,template,0,test_structural_3+norm,bongo_1059,0,0.177674
nb_char,clean,template,0,test_structural_3+norm,bongo_1071,0,0.252802
nb_char,clean,template,0,test_structural_3+norm,bongo_1090,0,0.370587
nb_char,clean,template,0,test_structural_3+norm,bongo_1104,1,0.999596
nb_char,clean,template,0,test_structural_3+norm,bongo_1115,0,0.063667
nb_char,clean,template,0,test_structural_3+norm,bongo_1123,0,0.078899
nb_char,clean,template,0,test_structural_3+norm,bongo_1125,0,0.320429
nb_char,clean,template,0,test_structural_3+norm,bongo_1127,1,0.910167
nb_char,clean,template,0,test_structural_3+norm,bongo_1131,1,0.998809
nb_char,clean,template,0,test_structural_3+norm,bongo_1134,1,0.797929
nb_char,clean,template,0,test_structural_3+norm,bongo_1135,0,0.337561
nb_char,clean,template,0,test_structural_3+norm,bongo_1136,1,0.978558
nb_char,clean,template,0,test_structural_3+norm,bongo_1138,1,0.999803
nb_char,clean,template,0,test_structural_3+norm,bongo_1140,1,0.999074
nb_char,clean,template,0,test_structural_3+norm,bongo_1154,1,0.999875
nb_char,clean,template,0,test_structural_3+norm,bongo_1155,0,0.050153
nb_char,clean,template,0,test_structural_3+norm,bongo_1171,1,0.999462
nb_char,clean,template,0,test_structural_3+norm,bongo_1181,1,0.998163
nb_char,clean,template,0,test_structural_3+norm,bongo_1185,1,0.658483
nb_char,clean,template,0,test_structural_3+norm,bongo_1194,0,0.278053
nb_char,clean,template,0,test_structural_3+norm,bongo_1195,1,0.876233
nb_char,clean,template,0,test_structural_3+norm,bongo_1198,0,0.126311
nb_char,clean,template,0,test_structural_3+norm,bongo_1204,1,0.720095
nb_char,clean,template,0,test_structural_3+norm,bongo_1220,1,0.999684
nb_char,clean,template,0,test_structural_3+norm,bongo_1233,1,0.999901
nb_char,clean,template,0,test_structural_3+norm,bongo_1236,0,0.086859
nb_char,clean,template,0,test_structural_3+norm,bongo_1240,1,0.704795
nb_char,clean,template,0,test_structural_3+norm,bongo_1244,0,0.137100
nb_char,clean,template,0,test_structural_3+norm,bongo_1249,0,0.180521
nb_char,clean,template,0,test_structural_3+norm,bongo_1253,0,0.321210
nb_char,clean,template,0,test_structural_3+norm,bongo_1260,0,0.093479
nb_char,clean,template,0,test_structural_3+norm,bongo_1262,0,0.303571
nb_char,clean,template,0,test_structural_3+norm,bongo_1278,1,0.783626
nb_char,clean,template,0,test_structural_3+norm,bongo_1285,0,0.085798
nb_char,clean,template,0,test_structural_3+norm,bongo_1293,1,0.999663
nb_char,clean,template,0,test_structural_3+norm,bongo_1316,0,0.194584
nb_char,clean,template,0,test_structural_3+norm,bongo_1327,1,0.678939
nb_char,clean,template,0,test_structural_3+norm,bongo_1330,0,0.358259
nb_char,clean,template,0,test_structural_3+norm,bongo_1359,0,0.032501
nb_char,clean,template,0,test_structural_3+norm,bongo_1375,0,0.090813
nb_char,clean,template,0,test_structural_all+norm,bongo_0025,1,0.994624
nb_char,clean,template,0,test_structural_all+norm,bongo_0029,0,0.319824
nb_char,clean,template,0,test_structural_all+norm,bongo_0039,1,0.999782
nb_char,clean,template,0,test_structural_all+norm,bongo_0047,1,0.995431
nb_char,clean,template,0,test_structural_all+norm,bongo_0053,0,0.341656
nb_char,clean,template,0,test_structural_all+norm,bongo_0055,1,0.718380
nb_char,clean,template,0,test_structural_all+norm,bongo_0061,1,0.700873
nb_char,clean,template,0,test_structural_all+norm,bongo_0097,0,0.604636
nb_char,clean,template,0,test_structural_all+norm,bongo_0107,0,0.114246
nb_char,clean,template,0,test_structural_all+norm,bongo_0110,0,0.131831
nb_char,clean,template,0,test_structural_all+norm,bongo_0112,1,0.792336
nb_char,clean,template,0,test_structural_all+norm,bongo_0115,0,0.648241
nb_char,clean,template,0,test_structural_all+norm,bongo_0143,0,0.089357
nb_char,clean,template,0,test_structural_all+norm,bongo_0146,1,0.998994
nb_char,clean,template,0,test_structural_all+norm,bongo_0154,1,0.947637
nb_char,clean,template,0,test_structural_all+norm,bongo_0159,1,0.673593
nb_char,clean,template,0,test_structural_all+norm,bongo_0160,0,0.135545
nb_char,clean,template,0,test_structural_all+norm,bongo_0172,0,0.382675
nb_char,clean,template,0,test_structural_all+norm,bongo_0173,1,0.825663
nb_char,clean,template,0,test_structural_all+norm,bongo_0175,0,0.188965
nb_char,clean,template,0,test_structural_all+norm,bongo_0182,0,0.075308
nb_char,clean,template,0,test_structural_all+norm,bongo_0195,1,0.998545
nb_char,clean,template,0,test_structural_all+norm,bongo_0197,0,0.099532
nb_char,clean,template,0,test_structural_all+norm,bongo_0201,1,0.997420
nb_char,clean,template,0,test_structural_all+norm,bongo_0203,1,0.999863
nb_char,clean,template,0,test_structural_all+norm,bongo_0250,1,0.630867
nb_char,clean,template,0,test_structural_all+norm,bongo_0253,0,0.226151
nb_char,clean,template,0,test_structural_all+norm,bongo_0255,1,0.594728
nb_char,clean,template,0,test_structural_all+norm,bongo_0265,1,0.783488
nb_char,clean,template,0,test_structural_all+norm,bongo_0271,0,0.089957
nb_char,clean,template,0,test_structural_all+norm,bongo_0300,0,0.018482
nb_char,clean,template,0,test_structural_all+norm,bongo_0306,0,0.123608
nb_char,clean,template,0,test_structural_all+norm,bongo_0356,1,0.790703
nb_char,clean,template,0,test_structural_all+norm,bongo_0360,1,0.998798
nb_char,clean,template,0,test_structural_all+norm,bongo_0361,1,0.999821
nb_char,clean,template,0,test_structural_all+norm,bongo_0363,0,0.098682
nb_char,clean,template,0,test_structural_all+norm,bongo_0368,0,0.375441
nb_char,clean,template,0,test_structural_all+norm,bongo_0372,0,0.318321
nb_char,clean,template,0,test_structural_all+norm,bongo_0380,1,0.693661
nb_char,clean,template,0,test_structural_all+norm,bongo_0389,0,0.147601
nb_char,clean,template,0,test_structural_all+norm,bongo_0395,0,0.217050
nb_char,clean,template,0,test_structural_all+norm,bongo_0405,1,0.998918
nb_char,clean,template,0,test_structural_all+norm,bongo_0424,1,0.997381
nb_char,clean,template,0,test_structural_all+norm,bongo_0427,0,0.759447
nb_char,clean,template,0,test_structural_all+norm,bongo_0434,1,0.724446
nb_char,clean,template,0,test_structural_all+norm,bongo_0463,0,0.694275
nb_char,clean,template,0,test_structural_all+norm,bongo_0476,1,0.998824
nb_char,clean,template,0,test_structural_all+norm,bongo_0510,1,0.999268
nb_char,clean,template,0,test_structural_all+norm,bongo_0531,0,0.288838
nb_char,clean,template,0,test_structural_all+norm,bongo_0542,0,0.140608
nb_char,clean,template,0,test_structural_all+norm,bongo_0545,0,0.141677
nb_char,clean,template,0,test_structural_all+norm,bongo_0560,1,0.905997
nb_char,clean,template,0,test_structural_all+norm,bongo_0565,1,0.772985
nb_char,clean,template,0,test_structural_all+norm,bongo_0566,1,0.999687
nb_char,clean,template,0,test_structural_all+norm,bongo_0571,0,0.402319
nb_char,clean,template,0,test_structural_all+norm,bongo_0577,1,0.999394
nb_char,clean,template,0,test_structural_all+norm,bongo_0580,1,0.998051
nb_char,clean,template,0,test_structural_all+norm,bongo_0621,1,0.995791
nb_char,clean,template,0,test_structural_all+norm,bongo_0624,1,0.999181
nb_char,clean,template,0,test_structural_all+norm,bongo_0630,0,0.168160
nb_char,clean,template,0,test_structural_all+norm,bongo_0638,1,0.998266
nb_char,clean,template,0,test_structural_all+norm,bongo_0648,0,0.315901
nb_char,clean,template,0,test_structural_all+norm,bongo_0674,0,0.115431
nb_char,clean,template,0,test_structural_all+norm,bongo_0685,0,0.974558
nb_char,clean,template,0,test_structural_all+norm,bongo_0697,1,0.790278
nb_char,clean,template,0,test_structural_all+norm,bongo_0701,0,0.127740
nb_char,clean,template,0,test_structural_all+norm,bongo_0706,1,0.830442
nb_char,clean,template,0,test_structural_all+norm,bongo_0719,1,0.751227
nb_char,clean,template,0,test_structural_all+norm,bongo_0721,1,0.999030
nb_char,clean,template,0,test_structural_all+norm,bongo_0724,1,0.742983
nb_char,clean,template,0,test_structural_all+norm,bongo_0729,1,0.999168
nb_char,clean,template,0,test_structural_all+norm,bongo_0741,0,0.054389
nb_char,clean,template,0,test_structural_all+norm,bongo_0749,1,0.725934
nb_char,clean,template,0,test_structural_all+norm,bongo_0769,1,0.999586
nb_char,clean,template,0,test_structural_all+norm,bongo_0770,1,0.705512
nb_char,clean,template,0,test_structural_all+norm,bongo_0778,1,0.808973
nb_char,clean,template,0,test_structural_all+norm,bongo_0787,1,0.999010
nb_char,clean,template,0,test_structural_all+norm,bongo_0795,0,0.229489
nb_char,clean,template,0,test_structural_all+norm,bongo_0806,1,0.724071
nb_char,clean,template,0,test_structural_all+norm,bongo_0807,1,0.998958
nb_char,clean,template,0,test_structural_all+norm,bongo_0818,0,0.145114
nb_char,clean,template,0,test_structural_all+norm,bongo_0819,0,0.226923
nb_char,clean,template,0,test_structural_all+norm,bongo_0835,0,0.112382
nb_char,clean,template,0,test_structural_all+norm,bongo_0840,1,0.999020
nb_char,clean,template,0,test_structural_all+norm,bongo_0855,1,0.794878
nb_char,clean,template,0,test_structural_all+norm,bongo_0856,0,0.078330
nb_char,clean,template,0,test_structural_all+norm,bongo_0864,1,0.999846
nb_char,clean,template,0,test_structural_all+norm,bongo_0871,1,0.999583
nb_char,clean,template,0,test_structural_all+norm,bongo_0872,0,0.417833
nb_char,clean,template,0,test_structural_all+norm,bongo_0904,0,0.731203
nb_char,clean,template,0,test_structural_all+norm,bongo_0905,1,0.999573
nb_char,clean,template,0,test_structural_all+norm,bongo_0909,1,0.999221
nb_char,clean,template,0,test_structural_all+norm,bongo_0917,1,0.588692
nb_char,clean,template,0,test_structural_all+norm,bongo_0918,1,0.999038
nb_char,clean,template,0,test_structural_all+norm,bongo_0950,0,0.116249
nb_char,clean,template,0,test_structural_all+norm,bongo_0955,1,0.999089
nb_char,clean,template,0,test_structural_all+norm,bongo_0956,0,0.105956
nb_char,clean,template,0,test_structural_all+norm,bongo_0971,0,0.124698
nb_char,clean,template,0,test_structural_all+norm,bongo_0983,0,0.284358
nb_char,clean,template,0,test_structural_all+norm,bongo_0989,1,0.999640
nb_char,clean,template,0,test_structural_all+norm,bongo_0994,0,0.771988
nb_char,clean,template,0,test_structural_all+norm,bongo_1003,1,0.907044
nb_char,clean,template,0,test_structural_all+norm,bongo_1006,0,0.594470
nb_char,clean,template,0,test_structural_all+norm,bongo_1012,1,0.762611
nb_char,clean,template,0,test_structural_all+norm,bongo_1015,0,0.150850
nb_char,clean,template,0,test_structural_all+norm,bongo_1022,1,0.679204
nb_char,clean,template,0,test_structural_all+norm,bongo_1037,0,0.186122
nb_char,clean,template,0,test_structural_all+norm,bongo_1040,0,0.305190
nb_char,clean,template,0,test_structural_all+norm,bongo_1042,1,0.998579
nb_char,clean,template,0,test_structural_all+norm,bongo_1047,1,0.999832
nb_char,clean,template,0,test_structural_all+norm,bongo_1050,0,0.058295
nb_char,clean,template,0,test_structural_all+norm,bongo_1052,1,0.998408
nb_char,clean,template,0,test_structural_all+norm,bongo_1059,0,0.177674
nb_char,clean,template,0,test_structural_all+norm,bongo_1071,0,0.252802
nb_char,clean,template,0,test_structural_all+norm,bongo_1090,0,0.370587
nb_char,clean,template,0,test_structural_all+norm,bongo_1104,1,0.998490
nb_char,clean,template,0,test_structural_all+norm,bongo_1115,0,0.063667
nb_char,clean,template,0,test_structural_all+norm,bongo_1123,0,0.078899
nb_char,clean,template,0,test_structural_all+norm,bongo_1125,0,0.320429
nb_char,clean,template,0,test_structural_all+norm,bongo_1127,1,0.874688
nb_char,clean,template,0,test_structural_all+norm,bongo_1131,1,0.998052
nb_char,clean,template,0,test_structural_all+norm,bongo_1134,1,0.750214
nb_char,clean,template,0,test_structural_all+norm,bongo_1135,0,0.337561
nb_char,clean,template,0,test_structural_all+norm,bongo_1136,1,0.959795
nb_char,clean,template,0,test_structural_all+norm,bongo_1138,1,0.999825
nb_char,clean,template,0,test_structural_all+norm,bongo_1140,1,0.997391
nb_char,clean,template,0,test_structural_all+norm,bongo_1154,1,0.999151
nb_char,clean,template,0,test_structural_all+norm,bongo_1155,0,0.050153
nb_char,clean,template,0,test_structural_all+norm,bongo_1171,1,0.997552
nb_char,clean,template,0,test_structural_all+norm,bongo_1181,1,0.996711
nb_char,clean,template,0,test_structural_all+norm,bongo_1185,1,0.564101
nb_char,clean,template,0,test_structural_all+norm,bongo_1194,0,0.278053
nb_char,clean,template,0,test_structural_all+norm,bongo_1195,1,0.843159
nb_char,clean,template,0,test_structural_all+norm,bongo_1198,0,0.126311
nb_char,clean,template,0,test_structural_all+norm,bongo_1204,1,0.664986
nb_char,clean,template,0,test_structural_all+norm,bongo_1220,1,0.999338
nb_char,clean,template,0,test_structural_all+norm,bongo_1233,1,0.999350
nb_char,clean,template,0,test_structural_all+norm,bongo_1236,0,0.086859
nb_char,clean,template,0,test_structural_all+norm,bongo_1240,1,0.539185
nb_char,clean,template,0,test_structural_all+norm,bongo_1244,0,0.137100
nb_char,clean,template,0,test_structural_all+norm,bongo_1249,0,0.180521
nb_char,clean,template,0,test_structural_all+norm,bongo_1253,0,0.321210
nb_char,clean,template,0,test_structural_all+norm,bongo_1260,0,0.093479
nb_char,clean,template,0,test_structural_all+norm,bongo_1262,0,0.303571
nb_char,clean,template,0,test_structural_all+norm,bongo_1278,1,0.711061
nb_char,clean,template,0,test_structural_all+norm,bongo_1285,0,0.085798
nb_char,clean,template,0,test_structural_all+norm,bongo_1293,1,0.997864
nb_char,clean,template,0,test_structural_all+norm,bongo_1316,0,0.194584
nb_char,clean,template,0,test_structural_all+norm,bongo_1327,1,0.613672
nb_char,clean,template,0,test_structural_all+norm,bongo_1330,0,0.358259
nb_char,clean,template,0,test_structural_all+norm,bongo_1359,0,0.032501
nb_char,clean,template,0,test_structural_all+norm,bongo_1375,0,0.090813
nb_char,clean,template,0,test_codeswitch_1+norm,bongo_0025,1,0.996615
nb_char,clean,template,0,test_codeswitch_1+norm,bongo_0029,0,0.319824
nb_char,clean,template,0,test_codeswitch_1+norm,bongo_0039,1,0.999708
nb_char,clean,template,0,test_codeswitch_1+norm,bongo_0047,1,0.995941
nb_char,clean,template,0,test_codeswitch_1+norm,bongo_0053,0,0.341656
nb_char,clean,template,0,test_codeswitch_1+norm,bongo_0055,1,0.744104
nb_char,clean,template,0,test_codeswitch_1+norm,bongo_0061,1,0.731348
nb_char,clean,template,0,test_codeswitch_1+norm,bongo_0097,0,0.604636
nb_char,clean,template,0,test_codeswitch_1+norm,bongo_0107,0,0.114246
nb_char,clean,template,0,test_codeswitch_1+norm,bongo_0110,0,0.131831
nb_char,clean,template,0,test_codeswitch_1+norm,bongo_0112,1,0.827197
nb_char,clean,template,0,test_codeswitch_1+norm,bongo_0115,0,0.648241
nb_char,clean,template,0,test_codeswitch_1+norm,bongo_0143,0,0.089357
nb_char,clean,template,0,test_codeswitch_1+norm,bongo_0146,1,0.999728
nb_char,clean,template,0,test_codeswitch_1+norm,bongo_0154,1,0.983976
nb_char,clean,template,0,test_codeswitch_1+norm,bongo_0159,1,0.716450
nb_char,clean,template,0,test_codeswitch_1+norm,bongo_0160,0,0.135545
nb_char,clean,template,0,test_codeswitch_1+norm,bongo_0172,0,0.382675
nb_char,clean,template,0,test_codeswitch_1+norm,bongo_0173,1,0.856239
nb_char,clean,template,0,test_codeswitch_1+norm,bongo_0175,0,0.188965
nb_char,clean,template,0,test_codeswitch_1+norm,bongo_0182,0,0.075308
nb_char,clean,template,0,test_codeswitch_1+norm,bongo_0195,1,0.996497
nb_char,clean,template,0,test_codeswitch_1+norm,bongo_0197,0,0.099532
nb_char,clean,template,0,test_codeswitch_1+norm,bongo_0201,1,0.997677
nb_char,clean,template,0,test_codeswitch_1+norm,bongo_0203,1,0.999874
nb_char,clean,template,0,test_codeswitch_1+norm,bongo_0250,1,0.716450
nb_char,clean,template,0,test_codeswitch_1+norm,bongo_0253,0,0.226151
nb_char,clean,template,0,test_codeswitch_1+norm,bongo_0255,1,0.647304
nb_char,clean,template,0,test_codeswitch_1+norm,bongo_0265,1,0.784398
nb_char,clean,template,0,test_codeswitch_1+norm,bongo_0271,0,0.089957
nb_char,clean,template,0,test_codeswitch_1+norm,bongo_0300,0,0.018482
nb_char,clean,template,0,test_codeswitch_1+norm,bongo_0306,0,0.123608
nb_char,clean,template,0,test_codeswitch_1+norm,bongo_0356,1,0.819243
nb_char,clean,template,0,test_codeswitch_1+norm,bongo_0360,1,0.998886
nb_char,clean,template,0,test_codeswitch_1+norm,bongo_0361,1,0.999874
nb_char,clean,template,0,test_codeswitch_1+norm,bongo_0363,0,0.098682
nb_char,clean,template,0,test_codeswitch_1+norm,bongo_0368,0,0.375441
nb_char,clean,template,0,test_codeswitch_1+norm,bongo_0372,0,0.318321
nb_char,clean,template,0,test_codeswitch_1+norm,bongo_0380,1,0.735881
nb_char,clean,template,0,test_codeswitch_1+norm,bongo_0389,0,0.147601
nb_char,clean,template,0,test_codeswitch_1+norm,bongo_0395,0,0.217050
nb_char,clean,template,0,test_codeswitch_1+norm,bongo_0405,1,0.999366
nb_char,clean,template,0,test_codeswitch_1+norm,bongo_0424,1,0.998125
nb_char,clean,template,0,test_codeswitch_1+norm,bongo_0427,0,0.759447
nb_char,clean,template,0,test_codeswitch_1+norm,bongo_0434,1,0.744104
nb_char,clean,template,0,test_codeswitch_1+norm,bongo_0463,0,0.694275
nb_char,clean,template,0,test_codeswitch_1+norm,bongo_0476,1,0.996061
nb_char,clean,template,0,test_codeswitch_1+norm,bongo_0510,1,0.999533
nb_char,clean,template,0,test_codeswitch_1+norm,bongo_0531,0,0.288838
nb_char,clean,template,0,test_codeswitch_1+norm,bongo_0542,0,0.140608
nb_char,clean,template,0,test_codeswitch_1+norm,bongo_0545,0,0.141677
nb_char,clean,template,0,test_codeswitch_1+norm,bongo_0560,1,0.933872
nb_char,clean,template,0,test_codeswitch_1+norm,bongo_0565,1,0.805727
nb_char,clean,template,0,test_codeswitch_1+norm,bongo_0566,1,0.999918
nb_char,clean,template,0,test_codeswitch_1+norm,bongo_0571,0,0.402319
nb_char,clean,template,0,test_codeswitch_1+norm,bongo_0577,1,0.999502
nb_char,clean,template,0,test_codeswitch_1+norm,bongo_0580,1,0.994655
nb_char,clean,template,0,test_codeswitch_1+norm,bongo_0621,1,0.996505
nb_char,clean,template,0,test_codeswitch_1+norm,bongo_0624,1,0.998704
nb_char,clean,template,0,test_codeswitch_1+norm,bongo_0630,0,0.168160
nb_char,clean,template,0,test_codeswitch_1+norm,bongo_0638,1,0.999830
nb_char,clean,template,0,test_codeswitch_1+norm,bongo_0648,0,0.315901
nb_char,clean,template,0,test_codeswitch_1+norm,bongo_0674,0,0.115431
nb_char,clean,template,0,test_codeswitch_1+norm,bongo_0685,0,0.974558
nb_char,clean,template,0,test_codeswitch_1+norm,bongo_0697,1,0.805727
nb_char,clean,template,0,test_codeswitch_1+norm,bongo_0701,0,0.127740
nb_char,clean,template,0,test_codeswitch_1+norm,bongo_0706,1,0.846254
nb_char,clean,template,0,test_codeswitch_1+norm,bongo_0719,1,0.746597
nb_char,clean,template,0,test_codeswitch_1+norm,bongo_0721,1,0.998059
nb_char,clean,template,0,test_codeswitch_1+norm,bongo_0724,1,0.733995
nb_char,clean,template,0,test_codeswitch_1+norm,bongo_0729,1,0.996860
nb_char,clean,template,0,test_codeswitch_1+norm,bongo_0741,0,0.054389
nb_char,clean,template,0,test_codeswitch_1+norm,bongo_0749,1,0.804114
nb_char,clean,template,0,test_codeswitch_1+norm,bongo_0769,1,0.999637
nb_char,clean,template,0,test_codeswitch_1+norm,bongo_0770,1,0.744104
nb_char,clean,template,0,test_codeswitch_1+norm,bongo_0778,1,0.825564
nb_char,clean,template,0,test_codeswitch_1+norm,bongo_0787,1,0.999234
nb_char,clean,template,0,test_codeswitch_1+norm,bongo_0795,0,0.229489
nb_char,clean,template,0,test_codeswitch_1+norm,bongo_0806,1,0.733995
nb_char,clean,template,0,test_codeswitch_1+norm,bongo_0807,1,0.999107
nb_char,clean,template,0,test_codeswitch_1+norm,bongo_0818,0,0.145114
nb_char,clean,template,0,test_codeswitch_1+norm,bongo_0819,0,0.226923
nb_char,clean,template,0,test_codeswitch_1+norm,bongo_0835,0,0.112382
nb_char,clean,template,0,test_codeswitch_1+norm,bongo_0840,1,0.999013
nb_char,clean,template,0,test_codeswitch_1+norm,bongo_0855,1,0.813648
nb_char,clean,template,0,test_codeswitch_1+norm,bongo_0856,0,0.078330
nb_char,clean,template,0,test_codeswitch_1+norm,bongo_0864,1,0.999801
nb_char,clean,template,0,test_codeswitch_1+norm,bongo_0871,1,0.999052
nb_char,clean,template,0,test_codeswitch_1+norm,bongo_0872,0,0.417833
nb_char,clean,template,0,test_codeswitch_1+norm,bongo_0904,0,0.731203
nb_char,clean,template,0,test_codeswitch_1+norm,bongo_0905,1,0.999479
nb_char,clean,template,0,test_codeswitch_1+norm,bongo_0909,1,0.999547
nb_char,clean,template,0,test_codeswitch_1+norm,bongo_0917,1,0.613166
nb_char,clean,template,0,test_codeswitch_1+norm,bongo_0918,1,0.999250
nb_char,clean,template,0,test_codeswitch_1+norm,bongo_0950,0,0.116249
nb_char,clean,template,0,test_codeswitch_1+norm,bongo_0955,1,0.999173
nb_char,clean,template,0,test_codeswitch_1+norm,bongo_0956,0,0.105956
nb_char,clean,template,0,test_codeswitch_1+norm,bongo_0971,0,0.124698
nb_char,clean,template,0,test_codeswitch_1+norm,bongo_0983,0,0.284358
nb_char,clean,template,0,test_codeswitch_1+norm,bongo_0989,1,0.999092
nb_char,clean,template,0,test_codeswitch_1+norm,bongo_0994,0,0.771988
nb_char,clean,template,0,test_codeswitch_1+norm,bongo_1003,1,0.924085
nb_char,clean,template,0,test_codeswitch_1+norm,bongo_1006,0,0.594470
nb_char,clean,template,0,test_codeswitch_1+norm,bongo_1012,1,0.795234
nb_char,clean,template,0,test_codeswitch_1+norm,bongo_1015,0,0.150850
nb_char,clean,template,0,test_codeswitch_1+norm,bongo_1022,1,0.772229
nb_char,clean,template,0,test_codeswitch_1+norm,bongo_1037,0,0.186122
nb_char,clean,template,0,test_codeswitch_1+norm,bongo_1040,0,0.305190
nb_char,clean,template,0,test_codeswitch_1+norm,bongo_1042,1,0.997098
nb_char,clean,template,0,test_codeswitch_1+norm,bongo_1047,1,0.999769
nb_char,clean,template,0,test_codeswitch_1+norm,bongo_1050,0,0.058295
nb_char,clean,template,0,test_codeswitch_1+norm,bongo_1052,1,0.999250
nb_char,clean,template,0,test_codeswitch_1+norm,bongo_1059,0,0.177674
nb_char,clean,template,0,test_codeswitch_1+norm,bongo_1071,0,0.252802
nb_char,clean,template,0,test_codeswitch_1+norm,bongo_1090,0,0.370587
nb_char,clean,template,0,test_codeswitch_1+norm,bongo_1104,1,0.998771
nb_char,clean,template,0,test_codeswitch_1+norm,bongo_1115,0,0.063667
nb_char,clean,template,0,test_codeswitch_1+norm,bongo_1123,0,0.078899
nb_char,clean,template,0,test_codeswitch_1+norm,bongo_1125,0,0.320429
nb_char,clean,template,0,test_codeswitch_1+norm,bongo_1127,1,0.873309
nb_char,clean,template,0,test_codeswitch_1+norm,bongo_1131,1,0.996379
nb_char,clean,template,0,test_codeswitch_1+norm,bongo_1134,1,0.749866
nb_char,clean,template,0,test_codeswitch_1+norm,bongo_1135,0,0.337561
nb_char,clean,template,0,test_codeswitch_1+norm,bongo_1136,1,0.969089
nb_char,clean,template,0,test_codeswitch_1+norm,bongo_1138,1,0.999687
nb_char,clean,template,0,test_codeswitch_1+norm,bongo_1140,1,0.998204
nb_char,clean,template,0,test_codeswitch_1+norm,bongo_1154,1,0.999844
nb_char,clean,template,0,test_codeswitch_1+norm,bongo_1155,0,0.050153
nb_char,clean,template,0,test_codeswitch_1+norm,bongo_1171,1,0.998671
nb_char,clean,template,0,test_codeswitch_1+norm,bongo_1181,1,0.989487
nb_char,clean,template,0,test_codeswitch_1+norm,bongo_1185,1,0.655649
nb_char,clean,template,0,test_codeswitch_1+norm,bongo_1194,0,0.278053
nb_char,clean,template,0,test_codeswitch_1+norm,bongo_1195,1,0.833979
nb_char,clean,template,0,test_codeswitch_1+norm,bongo_1198,0,0.126311
nb_char,clean,template,0,test_codeswitch_1+norm,bongo_1204,1,0.704899
nb_char,clean,template,0,test_codeswitch_1+norm,bongo_1220,1,0.999244
nb_char,clean,template,0,test_codeswitch_1+norm,bongo_1233,1,0.999878
nb_char,clean,template,0,test_codeswitch_1+norm,bongo_1236,0,0.086859
nb_char,clean,template,0,test_codeswitch_1+norm,bongo_1240,1,0.647304
nb_char,clean,template,0,test_codeswitch_1+norm,bongo_1244,0,0.137100
nb_char,clean,template,0,test_codeswitch_1+norm,bongo_1249,0,0.180521
nb_char,clean,template,0,test_codeswitch_1+norm,bongo_1253,0,0.321210
nb_char,clean,template,0,test_codeswitch_1+norm,bongo_1260,0,0.093479
nb_char,clean,template,0,test_codeswitch_1+norm,bongo_1262,0,0.303571
nb_char,clean,template,0,test_codeswitch_1+norm,bongo_1278,1,0.718264
nb_char,clean,template,0,test_codeswitch_1+norm,bongo_1285,0,0.085798
nb_char,clean,template,0,test_codeswitch_1+norm,bongo_1293,1,0.999545
nb_char,clean,template,0,test_codeswitch_1+norm,bongo_1316,0,0.194584
nb_char,clean,template,0,test_codeswitch_1+norm,bongo_1327,1,0.620773
nb_char,clean,template,0,test_codeswitch_1+norm,bongo_1330,0,0.358259
nb_char,clean,template,0,test_codeswitch_1+norm,bongo_1359,0,0.032501
nb_char,clean,template,0,test_codeswitch_1+norm,bongo_1375,0,0.090813
nb_char,clean,template,0,test_codeswitch_3+norm,bongo_0025,1,0.993923
nb_char,clean,template,0,test_codeswitch_3+norm,bongo_0029,0,0.319824
nb_char,clean,template,0,test_codeswitch_3+norm,bongo_0039,1,0.999051
nb_char,clean,template,0,test_codeswitch_3+norm,bongo_0047,1,0.995941
nb_char,clean,template,0,test_codeswitch_3+norm,bongo_0053,0,0.341656
nb_char,clean,template,0,test_codeswitch_3+norm,bongo_0055,1,0.682150
nb_char,clean,template,0,test_codeswitch_3+norm,bongo_0061,1,0.731348
nb_char,clean,template,0,test_codeswitch_3+norm,bongo_0097,0,0.604636
nb_char,clean,template,0,test_codeswitch_3+norm,bongo_0107,0,0.114246
nb_char,clean,template,0,test_codeswitch_3+norm,bongo_0110,0,0.131831
nb_char,clean,template,0,test_codeswitch_3+norm,bongo_0112,1,0.779054
nb_char,clean,template,0,test_codeswitch_3+norm,bongo_0115,0,0.648241
nb_char,clean,template,0,test_codeswitch_3+norm,bongo_0143,0,0.089357
nb_char,clean,template,0,test_codeswitch_3+norm,bongo_0146,1,0.999033
nb_char,clean,template,0,test_codeswitch_3+norm,bongo_0154,1,0.980024
nb_char,clean,template,0,test_codeswitch_3+norm,bongo_0159,1,0.645394
nb_char,clean,template,0,test_codeswitch_3+norm,bongo_0160,0,0.135545
nb_char,clean,template,0,test_codeswitch_3+norm,bongo_0172,0,0.382675
nb_char,clean,template,0,test_codeswitch_3+norm,bongo_0173,1,0.813596
nb_char,clean,template,0,test_codeswitch_3+norm,bongo_0175,0,0.188965
nb_char,clean,template,0,test_codeswitch_3+norm,bongo_0182,0,0.075308
nb_char,clean,template,0,test_codeswitch_3+norm,bongo_0195,1,0.996497
nb_char,clean,template,0,test_codeswitch_3+norm,bongo_0197,0,0.099532
nb_char,clean,template,0,test_codeswitch_3+norm,bongo_0201,1,0.993725
nb_char,clean,template,0,test_codeswitch_3+norm,bongo_0203,1,0.998992
nb_char,clean,template,0,test_codeswitch_3+norm,bongo_0250,1,0.645394
nb_char,clean,template,0,test_codeswitch_3+norm,bongo_0253,0,0.226151
nb_char,clean,template,0,test_codeswitch_3+norm,bongo_0255,1,0.568750
nb_char,clean,template,0,test_codeswitch_3+norm,bongo_0265,1,0.725667
nb_char,clean,template,0,test_codeswitch_3+norm,bongo_0271,0,0.089957
nb_char,clean,template,0,test_codeswitch_3+norm,bongo_0300,0,0.018482
nb_char,clean,template,0,test_codeswitch_3+norm,bongo_0306,0,0.123608
nb_char,clean,template,0,test_codeswitch_3+norm,bongo_0356,1,0.772269
nb_char,clean,template,0,test_codeswitch_3+norm,bongo_0360,1,0.997292
nb_char,clean,template,0,test_codeswitch_3+norm,bongo_0361,1,0.999003
nb_char,clean,template,0,test_codeswitch_3+norm,bongo_0363,0,0.098682
nb_char,clean,template,0,test_codeswitch_3+norm,bongo_0368,0,0.375441
nb_char,clean,template,0,test_codeswitch_3+norm,bongo_0372,0,0.318321
nb_char,clean,template,0,test_codeswitch_3+norm,bongo_0380,1,0.671643
nb_char,clean,template,0,test_codeswitch_3+norm,bongo_0389,0,0.147601
nb_char,clean,template,0,test_codeswitch_3+norm,bongo_0395,0,0.217050
nb_char,clean,template,0,test_codeswitch_3+norm,bongo_0405,1,0.996857
nb_char,clean,template,0,test_codeswitch_3+norm,bongo_0424,1,0.995228
nb_char,clean,template,0,test_codeswitch_3+norm,bongo_0427,0,0.759447
nb_char,clean,template,0,test_codeswitch_3+norm,bongo_0434,1,0.682150
nb_char,clean,template,0,test_codeswitch_3+norm,bongo_0463,0,0.694275
nb_char,clean,template,0,test_codeswitch_3+norm,bongo_0476,1,0.996061
nb_char,clean,template,0,test_codeswitch_3+norm,bongo_0510,1,0.997472
nb_char,clean,template,0,test_codeswitch_3+norm,bongo_0531,0,0.288838
nb_char,clean,template,0,test_codeswitch_3+norm,bongo_0542,0,0.140608
nb_char,clean,template,0,test_codeswitch_3+norm,bongo_0545,0,0.141677
nb_char,clean,template,0,test_codeswitch_3+norm,bongo_0560,1,0.933872
nb_char,clean,template,0,test_codeswitch_3+norm,bongo_0565,1,0.756365
nb_char,clean,template,0,test_codeswitch_3+norm,bongo_0566,1,0.999554
nb_char,clean,template,0,test_codeswitch_3+norm,bongo_0571,0,0.402319
nb_char,clean,template,0,test_codeswitch_3+norm,bongo_0577,1,0.998103
nb_char,clean,template,0,test_codeswitch_3+norm,bongo_0580,1,0.994655
nb_char,clean,template,0,test_codeswitch_3+norm,bongo_0621,1,0.992653
nb_char,clean,template,0,test_codeswitch_3+norm,bongo_0624,1,0.996756
nb_char,clean,template,0,test_codeswitch_3+norm,bongo_0630,0,0.168160
nb_char,clean,template,0,test_codeswitch_3+norm,bongo_0638,1,0.999271
nb_char,clean,template,0,test_codeswitch_3+norm,bongo_0648,0,0.315901
nb_char,clean,template,0,test_codeswitch_3+norm,bongo_0674,0,0.115431
nb_char,clean,template,0,test_codeswitch_3+norm,bongo_0685,0,0.974558
nb_char,clean,template,0,test_codeswitch_3+norm,bongo_0697,1,0.756365
nb_char,clean,template,0,test_codeswitch_3+norm,bongo_0701,0,0.127740
nb_char,clean,template,0,test_codeswitch_3+norm,bongo_0706,1,0.806125
nb_char,clean,template,0,test_codeswitch_3+norm,bongo_0719,1,0.680561
nb_char,clean,template,0,test_codeswitch_3+norm,bongo_0721,1,0.993153
nb_char,clean,template,0,test_codeswitch_3+norm,bongo_0724,1,0.669401
nb_char,clean,template,0,test_codeswitch_3+norm,bongo_0729,1,0.996860
nb_char,clean,template,0,test_codeswitch_3+norm,bongo_0741,0,0.054389
nb_char,clean,template,0,test_codeswitch_3+norm,bongo_0749,1,0.749448
nb_char,clean,template,0,test_codeswitch_3+norm,bongo_0769,1,0.996691
nb_char,clean,template,0,test_codeswitch_3+norm,bongo_0770,1,0.682150
nb_char,clean,template,0,test_codeswitch_3+norm,bongo_0778,1,0.779666
nb_char,clean,template,0,test_codeswitch_3+norm,bongo_0787,1,0.998135
nb_char,clean,template,0,test_codeswitch_3+norm,bongo_0795,0,0.229489
nb_char,clean,template,0,test_codeswitch_3+norm,bongo_0806,1,0.669401
nb_char,clean,template,0,test_codeswitch_3+norm,bongo_0807,1,0.995610
nb_char,clean,template,0,test_codeswitch_3+norm,bongo_0818,0,0.145114
nb_char,clean,template,0,test_codeswitch_3+norm,bongo_0819,0,0.226923
nb_char,clean,template,0,test_codeswitch_3+norm,bongo_0835,0,0.112382
nb_char,clean,template,0,test_codeswitch_3+norm,bongo_0840,1,0.997667
nb_char,clean,template,0,test_codeswitch_3+norm,bongo_0855,1,0.762924
nb_char,clean,template,0,test_codeswitch_3+norm,bongo_0856,0,0.078330
nb_char,clean,template,0,test_codeswitch_3+norm,bongo_0864,1,0.999322
nb_char,clean,template,0,test_codeswitch_3+norm,bongo_0871,1,0.997589
nb_char,clean,template,0,test_codeswitch_3+norm,bongo_0872,0,0.417833
nb_char,clean,template,0,test_codeswitch_3+norm,bongo_0904,0,0.731203
nb_char,clean,template,0,test_codeswitch_3+norm,bongo_0905,1,0.998239
nb_char,clean,template,0,test_codeswitch_3+norm,bongo_0909,1,0.998215
nb_char,clean,template,0,test_codeswitch_3+norm,bongo_0917,1,0.531657
nb_char,clean,template,0,test_codeswitch_3+norm,bongo_0918,1,0.996791
nb_char,clean,template,0,test_codeswitch_3+norm,bongo_0950,0,0.116249
nb_char,clean,template,0,test_codeswitch_3+norm,bongo_0955,1,0.997278
nb_char,clean,template,0,test_codeswitch_3+norm,bongo_0956,0,0.105956
nb_char,clean,template,0,test_codeswitch_3+norm,bongo_0971,0,0.124698
nb_char,clean,template,0,test_codeswitch_3+norm,bongo_0983,0,0.284358
nb_char,clean,template,0,test_codeswitch_3+norm,bongo_0989,1,0.997631
nb_char,clean,template,0,test_codeswitch_3+norm,bongo_0994,0,0.771988
nb_char,clean,template,0,test_codeswitch_3+norm,bongo_1003,1,0.924085
nb_char,clean,template,0,test_codeswitch_3+norm,bongo_1006,0,0.594470
nb_char,clean,template,0,test_codeswitch_3+norm,bongo_1012,1,0.741913
nb_char,clean,template,0,test_codeswitch_3+norm,bongo_1015,0,0.150850
nb_char,clean,template,0,test_codeswitch_3+norm,bongo_1022,1,0.715394
nb_char,clean,template,0,test_codeswitch_3+norm,bongo_1037,0,0.186122
nb_char,clean,template,0,test_codeswitch_3+norm,bongo_1040,0,0.305190
nb_char,clean,template,0,test_codeswitch_3+norm,bongo_1042,1,0.989745
nb_char,clean,template,0,test_codeswitch_3+norm,bongo_1047,1,0.999195
nb_char,clean,template,0,test_codeswitch_3+norm,bongo_1050,0,0.058295
nb_char,clean,template,0,test_codeswitch_3+norm,bongo_1052,1,0.996273
nb_char,clean,template,0,test_codeswitch_3+norm,bongo_1059,0,0.177674
nb_char,clean,template,0,test_codeswitch_3+norm,bongo_1071,0,0.252802
nb_char,clean,template,0,test_codeswitch_3+norm,bongo_1090,0,0.370587
nb_char,clean,template,0,test_codeswitch_3+norm,bongo_1104,1,0.996777
nb_char,clean,template,0,test_codeswitch_3+norm,bongo_1115,0,0.063667
nb_char,clean,template,0,test_codeswitch_3+norm,bongo_1123,0,0.078899
nb_char,clean,template,0,test_codeswitch_3+norm,bongo_1125,0,0.320429
nb_char,clean,template,0,test_codeswitch_3+norm,bongo_1127,1,0.838563
nb_char,clean,template,0,test_codeswitch_3+norm,bongo_1131,1,0.985740
nb_char,clean,template,0,test_codeswitch_3+norm,bongo_1134,1,0.687184
nb_char,clean,template,0,test_codeswitch_3+norm,bongo_1135,0,0.337561
nb_char,clean,template,0,test_codeswitch_3+norm,bongo_1136,1,0.969089
nb_char,clean,template,0,test_codeswitch_3+norm,bongo_1138,1,0.999020
nb_char,clean,template,0,test_codeswitch_3+norm,bongo_1140,1,0.992859
nb_char,clean,template,0,test_codeswitch_3+norm,bongo_1154,1,0.999343
nb_char,clean,template,0,test_codeswitch_3+norm,bongo_1155,0,0.050153
nb_char,clean,template,0,test_codeswitch_3+norm,bongo_1171,1,0.996777
nb_char,clean,template,0,test_codeswitch_3+norm,bongo_1181,1,0.989487
nb_char,clean,template,0,test_codeswitch_3+norm,bongo_1185,1,0.578300
nb_char,clean,template,0,test_codeswitch_3+norm,bongo_1194,0,0.278053
nb_char,clean,template,0,test_codeswitch_3+norm,bongo_1195,1,0.791428
nb_char,clean,template,0,test_codeswitch_3+norm,bongo_1198,0,0.126311
nb_char,clean,template,0,test_codeswitch_3+norm,bongo_1204,1,0.635881
nb_char,clean,template,0,test_codeswitch_3+norm,bongo_1220,1,0.998006
nb_char,clean,template,0,test_codeswitch_3+norm,bongo_1233,1,0.999297
nb_char,clean,template,0,test_codeswitch_3+norm,bongo_1236,0,0.086859
nb_char,clean,template,0,test_codeswitch_3+norm,bongo_1240,1,0.568750
nb_char,clean,template,0,test_codeswitch_3+norm,bongo_1244,0,0.137100
nb_char,clean,template,0,test_codeswitch_3+norm,bongo_1249,0,0.180521
nb_char,clean,template,0,test_codeswitch_3+norm,bongo_1253,0,0.321210
nb_char,clean,template,0,test_codeswitch_3+norm,bongo_1260,0,0.093479
nb_char,clean,template,0,test_codeswitch_3+norm,bongo_1262,0,0.303571
nb_char,clean,template,0,test_codeswitch_3+norm,bongo_1278,1,0.648631
nb_char,clean,template,0,test_codeswitch_3+norm,bongo_1285,0,0.085798
nb_char,clean,template,0,test_codeswitch_3+norm,bongo_1293,1,0.998265
nb_char,clean,template,0,test_codeswitch_3+norm,bongo_1316,0,0.194584
nb_char,clean,template,0,test_codeswitch_3+norm,bongo_1327,1,0.540132
nb_char,clean,template,0,test_codeswitch_3+norm,bongo_1330,0,0.358259
nb_char,clean,template,0,test_codeswitch_3+norm,bongo_1359,0,0.032501
nb_char,clean,template,0,test_codeswitch_3+norm,bongo_1375,0,0.090813
nb_char,clean,template,0,test_codeswitch_all+norm,bongo_0025,1,0.993923
nb_char,clean,template,0,test_codeswitch_all+norm,bongo_0029,0,0.319824
nb_char,clean,template,0,test_codeswitch_all+norm,bongo_0039,1,0.999051
nb_char,clean,template,0,test_codeswitch_all+norm,bongo_0047,1,0.995941
nb_char,clean,template,0,test_codeswitch_all+norm,bongo_0053,0,0.341656
nb_char,clean,template,0,test_codeswitch_all+norm,bongo_0055,1,0.682150
nb_char,clean,template,0,test_codeswitch_all+norm,bongo_0061,1,0.731348
nb_char,clean,template,0,test_codeswitch_all+norm,bongo_0097,0,0.604636
nb_char,clean,template,0,test_codeswitch_all+norm,bongo_0107,0,0.114246
nb_char,clean,template,0,test_codeswitch_all+norm,bongo_0110,0,0.131831
nb_char,clean,template,0,test_codeswitch_all+norm,bongo_0112,1,0.779054
nb_char,clean,template,0,test_codeswitch_all+norm,bongo_0115,0,0.648241
nb_char,clean,template,0,test_codeswitch_all+norm,bongo_0143,0,0.089357
nb_char,clean,template,0,test_codeswitch_all+norm,bongo_0146,1,0.998080
nb_char,clean,template,0,test_codeswitch_all+norm,bongo_0154,1,0.980024
nb_char,clean,template,0,test_codeswitch_all+norm,bongo_0159,1,0.645394
nb_char,clean,template,0,test_codeswitch_all+norm,bongo_0160,0,0.135545
nb_char,clean,template,0,test_codeswitch_all+norm,bongo_0172,0,0.382675
nb_char,clean,template,0,test_codeswitch_all+norm,bongo_0173,1,0.813596
nb_char,clean,template,0,test_codeswitch_all+norm,bongo_0175,0,0.188965
nb_char,clean,template,0,test_codeswitch_all+norm,bongo_0182,0,0.075308
nb_char,clean,template,0,test_codeswitch_all+norm,bongo_0195,1,0.996497
nb_char,clean,template,0,test_codeswitch_all+norm,bongo_0197,0,0.099532
nb_char,clean,template,0,test_codeswitch_all+norm,bongo_0201,1,0.989626
nb_char,clean,template,0,test_codeswitch_all+norm,bongo_0203,1,0.997899
nb_char,clean,template,0,test_codeswitch_all+norm,bongo_0250,1,0.645394
nb_char,clean,template,0,test_codeswitch_all+norm,bongo_0253,0,0.226151
nb_char,clean,template,0,test_codeswitch_all+norm,bongo_0255,1,0.568750
nb_char,clean,template,0,test_codeswitch_all+norm,bongo_0265,1,0.725667
nb_char,clean,template,0,test_codeswitch_all+norm,bongo_0271,0,0.089957
nb_char,clean,template,0,test_codeswitch_all+norm,bongo_0300,0,0.018482
nb_char,clean,template,0,test_codeswitch_all+norm,bongo_0306,0,0.123608
nb_char,clean,template,0,test_codeswitch_all+norm,bongo_0356,1,0.772269
nb_char,clean,template,0,test_codeswitch_all+norm,bongo_0360,1,0.984244
nb_char,clean,template,0,test_codeswitch_all+norm,bongo_0361,1,0.997936
nb_char,clean,template,0,test_codeswitch_all+norm,bongo_0363,0,0.098682
nb_char,clean,template,0,test_codeswitch_all+norm,bongo_0368,0,0.375441
nb_char,clean,template,0,test_codeswitch_all+norm,bongo_0372,0,0.318321
nb_char,clean,template,0,test_codeswitch_all+norm,bongo_0380,1,0.671643
nb_char,clean,template,0,test_codeswitch_all+norm,bongo_0389,0,0.147601
nb_char,clean,template,0,test_codeswitch_all+norm,bongo_0395,0,0.217050
nb_char,clean,template,0,test_codeswitch_all+norm,bongo_0405,1,0.996857
nb_char,clean,template,0,test_codeswitch_all+norm,bongo_0424,1,0.992186
nb_char,clean,template,0,test_codeswitch_all+norm,bongo_0427,0,0.759447
nb_char,clean,template,0,test_codeswitch_all+norm,bongo_0434,1,0.682150
nb_char,clean,template,0,test_codeswitch_all+norm,bongo_0463,0,0.694275
nb_char,clean,template,0,test_codeswitch_all+norm,bongo_0476,1,0.996061
nb_char,clean,template,0,test_codeswitch_all+norm,bongo_0510,1,0.997472
nb_char,clean,template,0,test_codeswitch_all+norm,bongo_0531,0,0.288838
nb_char,clean,template,0,test_codeswitch_all+norm,bongo_0542,0,0.140608
nb_char,clean,template,0,test_codeswitch_all+norm,bongo_0545,0,0.141677
nb_char,clean,template,0,test_codeswitch_all+norm,bongo_0560,1,0.933872
nb_char,clean,template,0,test_codeswitch_all+norm,bongo_0565,1,0.756365
nb_char,clean,template,0,test_codeswitch_all+norm,bongo_0566,1,0.998905
nb_char,clean,template,0,test_codeswitch_all+norm,bongo_0571,0,0.402319
nb_char,clean,template,0,test_codeswitch_all+norm,bongo_0577,1,0.998103
nb_char,clean,template,0,test_codeswitch_all+norm,bongo_0580,1,0.994655
nb_char,clean,template,0,test_codeswitch_all+norm,bongo_0621,1,0.992653
nb_char,clean,template,0,test_codeswitch_all+norm,bongo_0624,1,0.996756
nb_char,clean,template,0,test_codeswitch_all+norm,bongo_0630,0,0.168160
nb_char,clean,template,0,test_codeswitch_all+norm,bongo_0638,1,0.998345
nb_char,clean,template,0,test_codeswitch_all+norm,bongo_0648,0,0.315901
nb_char,clean,template,0,test_codeswitch_all+norm,bongo_0674,0,0.115431
nb_char,clean,template,0,test_codeswitch_all+norm,bongo_0685,0,0.974558
nb_char,clean,template,0,test_codeswitch_all+norm,bongo_0697,1,0.756365
nb_char,clean,template,0,test_codeswitch_all+norm,bongo_0701,0,0.127740
nb_char,clean,template,0,test_codeswitch_all+norm,bongo_0706,1,0.806125
nb_char,clean,template,0,test_codeswitch_all+norm,bongo_0719,1,0.680561
nb_char,clean,template,0,test_codeswitch_all+norm,bongo_0721,1,0.993153
nb_char,clean,template,0,test_codeswitch_all+norm,bongo_0724,1,0.669401
nb_char,clean,template,0,test_codeswitch_all+norm,bongo_0729,1,0.996860
nb_char,clean,template,0,test_codeswitch_all+norm,bongo_0741,0,0.054389
nb_char,clean,template,0,test_codeswitch_all+norm,bongo_0749,1,0.749448
nb_char,clean,template,0,test_codeswitch_all+norm,bongo_0769,1,0.996691
nb_char,clean,template,0,test_codeswitch_all+norm,bongo_0770,1,0.682150
nb_char,clean,template,0,test_codeswitch_all+norm,bongo_0778,1,0.779666
nb_char,clean,template,0,test_codeswitch_all+norm,bongo_0787,1,0.988944
nb_char,clean,template,0,test_codeswitch_all+norm,bongo_0795,0,0.229489
nb_char,clean,template,0,test_codeswitch_all+norm,bongo_0806,1,0.669401
nb_char,clean,template,0,test_codeswitch_all+norm,bongo_0807,1,0.995610
nb_char,clean,template,0,test_codeswitch_all+norm,bongo_0818,0,0.145114
nb_char,clean,template,0,test_codeswitch_all+norm,bongo_0819,0,0.226923
nb_char,clean,template,0,test_codeswitch_all+norm,bongo_0835,0,0.112382
nb_char,clean,template,0,test_codeswitch_all+norm,bongo_0840,1,0.987236
nb_char,clean,template,0,test_codeswitch_all+norm,bongo_0855,1,0.762924
nb_char,clean,template,0,test_codeswitch_all+norm,bongo_0856,0,0.078330
nb_char,clean,template,0,test_codeswitch_all+norm,bongo_0864,1,0.999322
nb_char,clean,template,0,test_codeswitch_all+norm,bongo_0871,1,0.997589
nb_char,clean,template,0,test_codeswitch_all+norm,bongo_0872,0,0.417833
nb_char,clean,template,0,test_codeswitch_all+norm,bongo_0904,0,0.731203
nb_char,clean,template,0,test_codeswitch_all+norm,bongo_0905,1,0.998239
nb_char,clean,template,0,test_codeswitch_all+norm,bongo_0909,1,0.998215
nb_char,clean,template,0,test_codeswitch_all+norm,bongo_0917,1,0.531657
nb_char,clean,template,0,test_codeswitch_all+norm,bongo_0918,1,0.996791
nb_char,clean,template,0,test_codeswitch_all+norm,bongo_0950,0,0.116249
nb_char,clean,template,0,test_codeswitch_all+norm,bongo_0955,1,0.994899
nb_char,clean,template,0,test_codeswitch_all+norm,bongo_0956,0,0.105956
nb_char,clean,template,0,test_codeswitch_all+norm,bongo_0971,0,0.124698
nb_char,clean,template,0,test_codeswitch_all+norm,bongo_0983,0,0.284358
nb_char,clean,template,0,test_codeswitch_all+norm,bongo_0989,1,0.997631
nb_char,clean,template,0,test_codeswitch_all+norm,bongo_0994,0,0.771988
nb_char,clean,template,0,test_codeswitch_all+norm,bongo_1003,1,0.924085
nb_char,clean,template,0,test_codeswitch_all+norm,bongo_1006,0,0.594470
nb_char,clean,template,0,test_codeswitch_all+norm,bongo_1012,1,0.741913
nb_char,clean,template,0,test_codeswitch_all+norm,bongo_1015,0,0.150850
nb_char,clean,template,0,test_codeswitch_all+norm,bongo_1022,1,0.715394
nb_char,clean,template,0,test_codeswitch_all+norm,bongo_1037,0,0.186122
nb_char,clean,template,0,test_codeswitch_all+norm,bongo_1040,0,0.305190
nb_char,clean,template,0,test_codeswitch_all+norm,bongo_1042,1,0.977554
nb_char,clean,template,0,test_codeswitch_all+norm,bongo_1047,1,0.999195
nb_char,clean,template,0,test_codeswitch_all+norm,bongo_1050,0,0.058295
nb_char,clean,template,0,test_codeswitch_all+norm,bongo_1052,1,0.996273
nb_char,clean,template,0,test_codeswitch_all+norm,bongo_1059,0,0.177674
nb_char,clean,template,0,test_codeswitch_all+norm,bongo_1071,0,0.252802
nb_char,clean,template,0,test_codeswitch_all+norm,bongo_1090,0,0.370587
nb_char,clean,template,0,test_codeswitch_all+norm,bongo_1104,1,0.994662
nb_char,clean,template,0,test_codeswitch_all+norm,bongo_1115,0,0.063667
nb_char,clean,template,0,test_codeswitch_all+norm,bongo_1123,0,0.078899
nb_char,clean,template,0,test_codeswitch_all+norm,bongo_1125,0,0.320429
nb_char,clean,template,0,test_codeswitch_all+norm,bongo_1127,1,0.838563
nb_char,clean,template,0,test_codeswitch_all+norm,bongo_1131,1,0.969069
nb_char,clean,template,0,test_codeswitch_all+norm,bongo_1134,1,0.687184
nb_char,clean,template,0,test_codeswitch_all+norm,bongo_1135,0,0.337561
nb_char,clean,template,0,test_codeswitch_all+norm,bongo_1136,1,0.969089
nb_char,clean,template,0,test_codeswitch_all+norm,bongo_1138,1,0.999020
nb_char,clean,template,0,test_codeswitch_all+norm,bongo_1140,1,0.992859
nb_char,clean,template,0,test_codeswitch_all+norm,bongo_1154,1,0.998678
nb_char,clean,template,0,test_codeswitch_all+norm,bongo_1155,0,0.050153
nb_char,clean,template,0,test_codeswitch_all+norm,bongo_1171,1,0.994662
nb_char,clean,template,0,test_codeswitch_all+norm,bongo_1181,1,0.989487
nb_char,clean,template,0,test_codeswitch_all+norm,bongo_1185,1,0.578300
nb_char,clean,template,0,test_codeswitch_all+norm,bongo_1194,0,0.278053
nb_char,clean,template,0,test_codeswitch_all+norm,bongo_1195,1,0.791428
nb_char,clean,template,0,test_codeswitch_all+norm,bongo_1198,0,0.126311
nb_char,clean,template,0,test_codeswitch_all+norm,bongo_1204,1,0.635881
nb_char,clean,template,0,test_codeswitch_all+norm,bongo_1220,1,0.998006
nb_char,clean,template,0,test_codeswitch_all+norm,bongo_1233,1,0.998249
nb_char,clean,template,0,test_codeswitch_all+norm,bongo_1236,0,0.086859
nb_char,clean,template,0,test_codeswitch_all+norm,bongo_1240,1,0.568750
nb_char,clean,template,0,test_codeswitch_all+norm,bongo_1244,0,0.137100
nb_char,clean,template,0,test_codeswitch_all+norm,bongo_1249,0,0.180521
nb_char,clean,template,0,test_codeswitch_all+norm,bongo_1253,0,0.321210
nb_char,clean,template,0,test_codeswitch_all+norm,bongo_1260,0,0.093479
nb_char,clean,template,0,test_codeswitch_all+norm,bongo_1262,0,0.303571
nb_char,clean,template,0,test_codeswitch_all+norm,bongo_1278,1,0.648631
nb_char,clean,template,0,test_codeswitch_all+norm,bongo_1285,0,0.085798
nb_char,clean,template,0,test_codeswitch_all+norm,bongo_1293,1,0.996992
nb_char,clean,template,0,test_codeswitch_all+norm,bongo_1316,0,0.194584
nb_char,clean,template,0,test_codeswitch_all+norm,bongo_1327,1,0.540132
nb_char,clean,template,0,test_codeswitch_all+norm,bongo_1330,0,0.358259
nb_char,clean,template,0,test_codeswitch_all+norm,bongo_1359,0,0.032501
nb_char,clean,template,0,test_codeswitch_all+norm,bongo_1375,0,0.090813
nb_char,clean,template,0,chichewa+norm,chi_0000,1,0.910561
nb_char,clean,template,0,chichewa+norm,chi_0001,1,0.848973
nb_char,clean,template,0,chichewa+norm,chi_0002,0,0.381153
nb_char,clean,template,0,chichewa+norm,chi_0003,0,0.868114
nb_char,clean,template,0,chichewa+norm,chi_0004,1,0.855788
nb_char,clean,template,0,chichewa+norm,chi_0005,1,0.853720
nb_char,clean,template,0,chichewa+norm,chi_0006,0,0.696434
nb_char,clean,template,0,chichewa+norm,chi_0007,0,0.667791
nb_char,clean,template,0,chichewa+norm,chi_0008,1,0.468867
nb_char,clean,template,0,chichewa+norm,chi_0009,1,0.709089
nb_char,clean,template,0,chichewa+norm,chi_0010,0,0.671503
nb_char,clean,template,0,chichewa+norm,chi_0011,0,0.309006
nb_char,clean,template,0,chichewa+norm,chi_0012,0,0.524658
nb_char,clean,template,0,chichewa+norm,chi_0013,1,0.834673
nb_char,clean,template,0,chichewa+norm,chi_0014,1,0.850055
nb_char,clean,template,0,chichewa+norm,chi_0015,0,0.347092
nb_char,clean,template,0,chichewa+norm,chi_0016,0,0.300182
nb_char,clean,template,0,chichewa+norm,chi_0017,0,0.420772
nb_char,clean,template,0,chichewa+norm,chi_0018,1,0.856137
nb_char,clean,template,0,chichewa+norm,chi_0019,1,0.463971
nb_char,clean,template,0,chichewa+norm,chi_0020,0,0.309581
nb_char,clean,template,0,chichewa+norm,chi_0021,1,0.802789
nb_char,clean,template,0,chichewa+norm,chi_0022,0,0.402386
nb_char,clean,template,0,chichewa+norm,chi_0023,1,0.916773
nb_char,clean,template,0,chichewa+norm,chi_0024,1,0.804613
nb_char,clean,template,0,chichewa+norm,chi_0025,0,0.848579
nb_char,clean,template,0,chichewa+norm,chi_0026,0,0.656388
nb_char,clean,template,0,chichewa+norm,chi_0027,1,0.964470
nb_char,clean,template,0,chichewa+norm,chi_0028,1,0.827265
nb_char,clean,template,0,chichewa+norm,chi_0029,0,0.578760
nb_char,clean,template,0,chichewa+norm,chi_0030,0,0.544720
nb_char,clean,template,0,chichewa+norm,chi_0031,1,0.894826
nb_char,clean,template,0,chichewa+norm,chi_0032,1,0.912600
nb_char,clean,template,0,chichewa+norm,chi_0033,1,0.498774
nb_char,clean,template,0,chichewa+norm,chi_0034,1,0.901210
nb_char,clean,template,0,chichewa+norm,chi_0035,0,0.410296
nb_char,clean,template,0,chichewa+norm,chi_0036,0,0.600247
nb_char,clean,template,0,chichewa+norm,chi_0037,0,0.776222
nb_char,clean,template,0,chichewa+norm,chi_0038,0,0.907052
nb_char,clean,template,0,chichewa+norm,chi_0039,0,0.668963
nb_char,clean,template,0,chichewa+norm,chi_0040,1,0.889377
nb_char,clean,template,0,chichewa+norm,chi_0041,1,0.850084
nb_char,clean,template,0,chichewa+norm,chi_0042,0,0.533664
nb_char,clean,template,0,chichewa+norm,chi_0043,0,0.666729
nb_char,clean,template,0,chichewa+norm,chi_0044,0,0.756017
nb_char,clean,template,0,chichewa+norm,chi_0045,1,0.796172
nb_char,clean,template,0,chichewa+norm,chi_0046,1,0.494258
nb_char,clean,template,0,chichewa+norm,chi_0047,1,0.952530
nb_char,clean,template,0,chichewa+norm,chi_0048,0,0.347056
nb_char,clean,template,0,chichewa+norm,chi_0049,0,0.867003
nb_char,clean,template,0,chichewa+norm,chi_0050,0,0.472360
nb_char,clean,template,0,chichewa+norm,chi_0051,1,0.494150
nb_char,clean,template,0,chichewa+norm,chi_0052,0,0.351442
nb_char,clean,template,0,chichewa+norm,chi_0053,0,0.780027
nb_char,clean,template,0,chichewa+norm,chi_0054,1,0.777427
nb_char,clean,template,0,chichewa+norm,chi_0055,1,0.816735
nb_char,clean,template,0,chichewa+norm,chi_0056,0,0.294355
nb_char,clean,template,0,chichewa+norm,chi_0057,1,0.503623
nb_char,clean,template,0,chichewa+norm,chi_0058,1,0.376564
nb_char,clean,template,0,chichewa+norm,chi_0059,0,0.842467
nb_char,clean,template,0,chichewa+norm,chi_0060,0,0.356291
nb_char,clean,template,0,chichewa+norm,chi_0061,1,0.445173
nb_char,clean,template,0,chichewa+norm,chi_0062,0,0.419449
nb_char,clean,template,0,chichewa+norm,chi_0063,1,0.634094
nb_char,clean,template,0,chichewa+norm,chi_0064,1,0.802503
nb_char,clean,template,0,chichewa+norm,chi_0065,1,0.373554
nb_char,clean,template,0,chichewa+norm,chi_0066,0,0.595253
nb_char,clean,template,0,chichewa+norm,chi_0067,0,0.530120
nb_char,clean,template,0,chichewa+norm,chi_0068,0,0.451579
nb_char,clean,template,0,chichewa+norm,chi_0069,1,0.823479
nb_char,clean,template,0,chichewa+norm,chi_0070,1,0.812527
nb_char,clean,template,0,chichewa+norm,chi_0071,0,0.387263
nb_char,clean,template,0,chichewa+norm,chi_0072,0,0.592671
nb_char,clean,template,0,chichewa+norm,chi_0073,1,0.774312
nb_char,clean,template,0,chichewa+norm,chi_0074,1,0.825560
nb_char,clean,template,0,chichewa+norm,chi_0075,0,0.354924
nb_char,clean,template,0,chichewa+norm,chi_0076,0,0.312490
nb_char,clean,template,0,chichewa+norm,chi_0077,0,0.353549
nb_char,clean,template,0,chichewa+norm,chi_0078,1,0.566497
nb_char,clean,template,0,chichewa+norm,chi_0079,1,0.929450
nb_char,clean,template,0,chichewa+norm,chi_0080,1,0.818584
nb_char,clean,template,0,chichewa+norm,chi_0081,1,0.348173
nb_char,clean,template,0,chichewa+norm,chi_0082,0,0.558280
nb_char,clean,template,0,chichewa+norm,chi_0083,0,0.582071
nb_char,clean,template,0,chichewa+norm,chi_0084,0,0.331486
nb_char,clean,template,0,chichewa+norm,chi_0085,1,0.852441
nb_char,clean,template,0,chichewa+norm,chi_0086,1,0.975938
nb_char,clean,template,0,chichewa+norm,chi_0087,0,0.328032
nb_char,clean,template,0,chichewa+norm,chi_0088,0,0.495584
nb_char,clean,template,0,chichewa+norm,chi_0089,0,0.430300
nb_char,clean,template,0,chichewa+norm,chi_0090,1,0.462165
nb_char,clean,template,0,chichewa+norm,chi_0091,0,0.702679
nb_char,clean,template,0,chichewa+norm,chi_0092,0,0.411892
nb_char,clean,template,0,chichewa+norm,chi_0093,0,0.456739
nb_char,clean,template,0,chichewa+norm,chi_0094,1,0.859150
nb_char,clean,template,0,chichewa+norm,chi_0095,1,0.444102
nb_char,clean,template,0,chichewa+norm,chi_0096,0,0.498643
nb_char,clean,template,0,chichewa+norm,chi_0097,0,0.630077
nb_char,clean,template,0,chichewa+norm,chi_0098,1,0.727262
nb_char,clean,template,0,chichewa+norm,chi_0099,1,0.927158
nb_char,clean,template,0,chichewa+norm,chi_0100,0,0.337434
nb_char,clean,template,0,chichewa+norm,chi_0101,1,0.940737
nb_char,clean,template,0,chichewa+norm,chi_0102,0,0.517859
nb_char,clean,template,0,chichewa+norm,chi_0103,0,0.412328
nb_char,clean,template,0,chichewa+norm,chi_0104,0,0.333757
nb_char,clean,template,0,chichewa+norm,chi_0105,1,0.439990
nb_char,clean,template,0,chichewa+norm,chi_0106,1,0.825512
nb_char,clean,template,0,chichewa+norm,chi_0107,1,0.707010
nb_char,clean,template,0,chichewa+norm,chi_0108,0,0.326039
nb_char,clean,template,0,chichewa+norm,chi_0109,0,0.398943
nb_char,clean,template,0,chichewa+norm,chi_0110,0,0.312843
nb_char,clean,template,0,chichewa+norm,chi_0111,1,0.792811
nb_char,clean,template,0,chichewa+norm,chi_0112,1,0.512125
nb_char,clean,template,0,chichewa+norm,chi_0113,1,0.786779
nb_char,clean,template,0,chichewa+norm,chi_0114,0,0.324021
nb_char,clean,template,0,chichewa+norm,chi_0115,0,0.383880
nb_char,clean,template,0,chichewa+norm,chi_0116,0,0.522501
nb_char,clean,template,0,chichewa+norm,chi_0117,1,0.468908
nb_char,clean,template,0,chichewa+norm,chi_0118,1,0.547981
nb_char,clean,template,0,chichewa+norm,chi_0119,1,0.513609
nb_char,clean,template,0,chichewa+norm,chi_0120,0,0.401530
nb_char,clean,template,0,chichewa+norm,chi_0121,0,0.486710
nb_char,clean,template,0,chichewa+norm,chi_0122,0,0.506718
nb_char,clean,template,0,chichewa+norm,chi_0123,1,0.897117
nb_char,clean,template,0,chichewa+norm,chi_0124,1,0.603502
nb_char,clean,template,0,chichewa+norm,chi_0125,1,0.543426
nb_char,clean,template,0,chichewa+norm,chi_0126,0,0.554947
nb_char,clean,template,0,chichewa+norm,chi_0127,0,0.303812
nb_char,clean,template,0,chichewa+norm,chi_0128,0,0.325335
nb_char,clean,template,0,chichewa+norm,chi_0129,1,0.532702
nb_char,clean,template,0,chichewa+norm,chi_0130,1,0.802373
nb_char,clean,template,0,chichewa+norm,chi_0131,0,0.429515
nb_char,clean,template,0,chichewa+norm,chi_0132,0,0.585350
nb_char,clean,template,0,chichewa+norm,chi_0133,0,0.766877
nb_char,clean,template,0,chichewa+norm,chi_0134,1,0.591706
nb_char,clean,template,0,chichewa+norm,chi_0135,0,0.471706
nb_char,clean,template,0,chichewa+norm,chi_0136,1,0.881488
nb_char,clean,template,0,chichewa+norm,chi_0137,0,0.291299
nb_char,clean,template,0,chichewa+norm,chi_0138,0,0.314135
nb_char,clean,template,0,chichewa+norm,chi_0139,0,0.706397
nb_char,clean,template,0,chichewa+norm,chi_0140,1,0.808987
nb_char,clean,template,0,chichewa+norm,chi_0141,0,0.372138
nb_char,clean,template,0,chichewa+norm,chi_0142,0,0.433498
nb_char,clean,template,0,chichewa+norm,chi_0143,0,0.795400
nb_char,clean,template,0,chichewa+norm,chi_0144,1,0.889911
nb_char,clean,template,0,chichewa+norm,chi_0145,0,0.443835
nb_char,clean,template,0,chichewa+norm,chi_0146,0,0.572326
nb_char,clean,template,0,chichewa+norm,chi_0147,1,0.935768
nb_char,clean,template,0,chichewa+norm,chi_0148,1,0.717521
nb_char,clean,template,0,chichewa+norm,chi_0149,0,0.437781
nb_char,clean,template,0,chichewa+norm,chi_0150,0,0.687430
nb_char,clean,template,0,chichewa+norm,chi_0151,1,0.808511
nb_char,clean,template,0,chichewa+norm,chi_0152,0,0.387869
nb_char,clean,template,0,chichewa+norm,chi_0153,0,0.401782
nb_char,clean,template,0,chichewa+norm,chi_0154,0,0.554415
nb_char,clean,template,0,chichewa+norm,chi_0155,1,0.861536
nb_char,clean,template,0,chichewa+norm,chi_0156,1,0.652502
nb_char,clean,template,0,chichewa+norm,chi_0157,1,0.937630
nb_char,clean,template,0,chichewa+norm,chi_0158,0,0.790699
nb_char,clean,template,0,chichewa+norm,chi_0159,0,0.477508
nb_char,clean,template,0,chichewa+norm,chi_0160,0,0.396927
nb_char,clean,template,0,chichewa+norm,chi_0161,1,0.595322
nb_char,clean,template,0,chichewa+norm,chi_0162,1,0.615234
nb_char,clean,template,0,chichewa+norm,chi_0163,1,0.609537
nb_char,clean,template,0,chichewa+norm,chi_0164,1,0.820631
nb_char,clean,template,0,chichewa+norm,chi_0165,0,0.390756
nb_char,clean,template,0,chichewa+norm,chi_0166,0,0.522531
nb_char,clean,template,0,chichewa+norm,chi_0167,1,0.820253
nb_char,clean,template,0,chichewa+norm,chi_0168,1,0.752361
nb_char,clean,template,0,chichewa+norm,chi_0169,0,0.537500
nb_char,clean,template,0,chichewa+norm,chi_0170,0,0.483655
nb_char,clean,template,0,chichewa+norm,chi_0171,1,0.794636
nb_char,clean,template,0,chichewa+norm,chi_0172,1,0.505201
nb_char,clean,template,0,chichewa+norm,chi_0173,0,0.699682
nb_char,clean,template,0,chichewa+norm,chi_0174,0,0.351345
nb_char,clean,template,0,chichewa+norm,chi_0175,0,0.340823
nb_char,clean,template,0,chichewa+norm,chi_0176,1,0.781185
nb_char,clean,template,0,chichewa+norm,chi_0177,1,0.924095
nb_char,clean,template,0,chichewa+norm,chi_0178,0,0.529819
nb_char,clean,template,0,chichewa+norm,chi_0179,1,0.814517
nb_char,clean,template,0,chichewa+norm,chi_0180,1,0.589291
nb_char,clean,template,0,chichewa+norm,chi_0181,1,0.814897
nb_char,clean,template,0,chichewa+norm,chi_0182,0,0.483146
nb_char,clean,template,0,chichewa+norm,chi_0183,0,0.450927
nb_char,clean,template,0,chichewa+norm,chi_0184,0,0.191999
nb_char,clean,template,0,chichewa+norm,chi_0185,1,0.861924
nb_char,clean,template,0,chichewa+norm,chi_0186,1,0.446069
nb_char,clean,template,0,chichewa+norm,chi_0187,1,0.384235
nb_char,clean,template,0,chichewa+norm,chi_0188,0,0.638355
nb_char,clean,template,0,chichewa+norm,chi_0189,0,0.306052
nb_char,clean,template,0,chichewa+norm,chi_0190,1,0.478425
nb_char,clean,template,0,chichewa+norm,chi_0191,1,0.714887
nb_char,clean,template,0,chichewa+norm,chi_0192,0,0.509257
nb_char,clean,template,0,chichewa+norm,chi_0193,0,0.574635
nb_char,clean,template,0,chichewa+norm,chi_0194,0,0.588474
nb_char,clean,template,0,chichewa+norm,chi_0195,0,0.348355
nb_char,clean,template,0,chichewa+norm,chi_0196,1,0.853019
nb_char,clean,template,0,chichewa+norm,chi_0197,1,0.904533
nb_char,clean,template,0,chichewa+norm,chi_0198,1,0.674924
nb_char,clean,template,0,chichewa+norm,chi_0199,1,0.367331
nb_char,clean,template,0,chichewa+norm,chi_0200,1,0.888931
nb_char,clean,template,0,chichewa+norm,chi_0201,0,0.593762
nb_char,clean,template,0,chichewa+norm,chi_0202,1,0.844836
nb_char,clean,template,0,chichewa+norm,chi_0203,1,0.641758
nb_char,clean,template,0,chichewa+norm,chi_0204,1,0.940677
nb_char,clean,template,0,chichewa+norm,chi_0205,0,0.593916
nb_char,clean,template,0,chichewa+norm,chi_0206,0,0.717015
nb_char,clean,template,0,chichewa+norm,chi_0207,1,0.884966
nb_char,clean,template,0,chichewa+norm,chi_0208,1,0.639997
nb_char,clean,template,0,chichewa+norm,chi_0209,1,0.533494
nb_char,clean,template,0,chichewa+norm,chi_0210,0,0.468510
nb_char,clean,template,0,chichewa+norm,chi_0211,0,0.371594
nb_char,clean,template,0,chichewa+norm,chi_0212,1,0.922063
nb_char,clean,template,0,chichewa+norm,chi_0213,1,0.899515
nb_char,clean,template,0,chichewa+norm,chi_0214,1,0.681390
nb_char,clean,template,0,chichewa+norm,chi_0215,0,0.344085
nb_char,clean,template,0,chichewa+norm,chi_0216,0,0.307789
nb_char,clean,template,0,chichewa+norm,chi_0217,1,0.883741
nb_char,clean,template,0,chichewa+norm,chi_0218,1,0.587735
nb_char,clean,template,0,chichewa+norm,chi_0219,1,0.884278
nb_char,clean,template,0,chichewa+norm,chi_0220,0,0.490371
nb_char,clean,template,0,chichewa+norm,chi_0221,0,0.720974
nb_char,clean,template,0,chichewa+norm,chi_0222,0,0.566220
nb_char,clean,template,0,chichewa+norm,chi_0223,1,0.805123
nb_char,clean,template,0,chichewa+norm,chi_0224,1,0.501477
nb_char,clean,template,0,chichewa+norm,chi_0225,0,0.424769
nb_char,clean,template,0,chichewa+norm,chi_0226,0,0.499621
nb_char,clean,template,0,chichewa+norm,chi_0227,0,0.393424
nb_char,clean,template,0,chichewa+norm,chi_0228,0,0.379835
nb_char,clean,template,0,chichewa+norm,chi_0229,1,0.912304
nb_char,clean,template,0,chichewa+norm,chi_0230,1,0.862724
nb_char,clean,template,0,chichewa+norm,chi_0231,1,0.476699
nb_char,clean,template,0,chichewa+norm,chi_0232,0,0.527218
nb_char,clean,template,0,chichewa+norm,chi_0233,1,0.805337
nb_char,clean,template,0,chichewa+norm,chi_0234,0,0.393432
nb_char,clean,template,0,chichewa+norm,chi_0235,0,0.813391
nb_char,clean,template,0,chichewa+norm,chi_0236,1,0.740427
nb_char,clean,template,0,chichewa+norm,chi_0237,1,0.776993
nb_char,clean,template,0,chichewa+norm,chi_0238,0,0.415746
nb_char,clean,template,0,chichewa+norm,chi_0239,0,0.650624
nb_char,clean,template,0,chichewa+norm,chi_0240,0,0.693469
nb_char,clean,template,0,chichewa+norm,chi_0241,0,0.627715
nb_char,clean,template,0,chichewa+norm,chi_0242,1,0.889154
nb_char,clean,template,0,chichewa+norm,chi_0243,1,0.793444
nb_char,clean,template,0,chichewa+norm,chi_0244,0,0.355889
nb_char,clean,template,0,chichewa+norm,chi_0245,1,0.624435
nb_char,clean,template,0,chichewa+norm,chi_0246,1,0.494909
nb_char,clean,template,0,chichewa+norm,chi_0247,1,0.450457
nb_char,clean,template,0,chichewa+norm,chi_0248,0,0.528010
nb_char,clean,template,0,chichewa+norm,chi_0249,0,0.543900
nb_char,clean,template,0,chichewa+norm,chi_0250,0,0.322949
nb_char,clean,template,0,chichewa+norm,chi_0251,0,0.517535
nb_char,clean,template,0,chichewa+norm,chi_0252,0,0.470734
nb_char,clean,template,0,chichewa+norm,chi_0253,0,0.471302
nb_char,clean,template,0,chichewa+norm,chi_0254,1,0.910561
nb_char,clean,template,0,chichewa+norm,chi_0255,1,0.888683
nb_char,clean,template,0,chichewa+norm,chi_0256,0,0.410891
nb_char,clean,template,0,chichewa+norm,chi_0257,0,0.543108
nb_char,clean,template,0,chichewa+norm,chi_0258,1,0.715692
nb_char,clean,template,0,chichewa+norm,chi_0259,0,0.451264
nb_char,clean,template,0,chichewa+norm,chi_0260,1,0.902650
nb_char,clean,template,0,chichewa+norm,chi_0261,1,0.908715
nb_char,clean,template,0,chichewa+norm,chi_0262,1,0.944966
nb_char,clean,template,0,chichewa+norm,chi_0263,0,0.542144
nb_char,clean,template,0,chichewa+norm,chi_0264,0,0.343935
nb_char,clean,template,0,chichewa+norm,chi_0265,0,0.363968
nb_char,clean,template,0,chichewa+norm,chi_0266,1,0.861786
nb_char,clean,template,0,chichewa+norm,chi_0267,1,0.791070
nb_char,clean,template,0,chichewa+norm,chi_0268,1,0.447859
nb_char,clean,template,0,chichewa+norm,chi_0269,0,0.285853
nb_char,clean,template,0,chichewa+norm,chi_0270,0,0.376522
nb_char,clean,template,0,chichewa+norm,chi_0271,0,0.385680
nb_char,clean,template,0,chichewa+norm,chi_0272,1,0.422655
nb_char,clean,template,0,chichewa+norm,chi_0273,1,0.884859
nb_char,clean,template,0,chichewa+norm,chi_0274,1,0.885725
nb_char,clean,template,0,chichewa+norm,chi_0275,1,0.531475
nb_char,clean,template,0,chichewa+norm,chi_0276,0,0.869821
nb_char,clean,template,0,chichewa+norm,chi_0277,1,0.448270
nb_char,clean,template,0,chichewa+norm,chi_0278,1,0.540328
nb_char,clean,template,0,chichewa+norm,chi_0279,0,0.436315
nb_char,clean,template,0,chichewa+norm,chi_0280,0,0.440546
nb_char,clean,template,0,chichewa+norm,chi_0281,1,0.923937
nb_char,clean,template,0,chichewa+norm,chi_0282,0,0.331151
nb_char,clean,template,0,chichewa+norm,chi_0283,0,0.646684
nb_char,clean,template,0,chichewa+norm,chi_0284,1,0.873248
nb_char,clean,template,0,chichewa+norm,chi_0285,1,0.965610
nb_char,clean,template,0,chichewa+norm,chi_0286,1,0.940048
nb_char,clean,template,0,chichewa+norm,chi_0287,0,0.659825
nb_char,clean,template,0,chichewa+norm,chi_0288,0,0.312288
nb_char,clean,template,0,chichewa+norm,chi_0289,0,0.399139
nb_char,clean,template,0,chichewa+norm,chi_0290,1,0.892191
nb_char,clean,template,0,chichewa+norm,chi_0291,1,0.814872
nb_char,clean,template,0,chichewa+norm,chi_0292,0,0.392637
nb_char,clean,template,0,chichewa+norm,chi_0293,0,0.748977
nb_char,clean,template,0,chichewa+norm,chi_0294,0,0.855935
nb_char,clean,template,0,chichewa+norm,chi_0295,1,0.828082
nb_char,clean,template,0,chichewa+norm,chi_0296,1,0.906025
nb_char,clean,template,0,chichewa+norm,chi_0297,0,0.452294
nb_char,clean,template,0,chichewa+norm,chi_0298,0,0.285110
nb_char,clean,template,0,chichewa+norm,chi_0299,0,0.321140
nb_char,clean,template,0,chichewa+norm,chi_0300,1,0.893853
nb_char,clean,template,0,chichewa+norm,chi_0301,1,0.701184
nb_char,clean,template,0,chichewa+norm,chi_0302,1,0.987034
nb_char,clean,template,0,chichewa+norm,chi_0303,0,0.883614
nb_char,clean,template,0,chichewa+norm,chi_0304,0,0.862659
nb_char,clean,template,0,chichewa+norm,chi_0305,0,0.858243
nb_char,clean,template,0,chichewa+norm,chi_0306,0,0.873152
nb_char,clean,template,0,chichewa+norm,chi_0307,1,0.977317
nb_char,clean,template,0,chichewa+norm,chi_0308,1,0.816727
nb_char,clean,template,0,chichewa+norm,chi_0309,1,0.826633
nb_char,clean,template,0,chichewa+norm,chi_0310,1,0.928872
nb_char,clean,template,0,chichewa+norm,chi_0311,0,0.569863
nb_char,clean,template,0,chichewa+norm,chi_0312,0,0.783825
nb_char,clean,template,0,chichewa+norm,chi_0313,0,0.866765
nb_char,clean,template,0,chichewa+norm,chi_0314,1,0.966689
nb_char,clean,template,0,chichewa+norm,chi_0315,1,0.900234
nb_char,clean,template,0,chichewa+norm,chi_0316,0,0.872412
nb_char,clean,template,0,chichewa+norm,chi_0317,0,0.568726
nb_char,clean,template,0,chichewa+norm,chi_0318,1,0.702416
nb_char,clean,template,0,chichewa+norm,chi_0319,1,0.786923
nb_char,clean,template,0,chichewa+norm,chi_0320,0,0.376543
nb_char,clean,template,0,chichewa+norm,chi_0321,1,0.855658
nb_char,clean,template,0,chichewa+norm,chi_0322,0,0.653407
nb_char,clean,template,0,chichewa+norm,chi_0323,0,0.573986
nb_char,clean,template,0,chichewa+norm,chi_0324,0,0.561025
nb_char,clean,template,0,chichewa+norm,chi_0325,0,0.761525
nb_char,clean,template,0,chichewa+norm,chi_0326,1,0.888987
nb_char,clean,template,0,chichewa+norm,chi_0327,1,0.819652
nb_char,clean,template,0,chichewa+norm,chi_0328,0,0.596869
nb_char,clean,template,0,chichewa+norm,chi_0329,0,0.911491
nb_char,clean,template,0,chichewa+norm,chi_0330,0,0.871892
nb_char,clean,template,0,chichewa+norm,chi_0331,1,0.854532
nb_char,clean,template,0,chichewa+norm,chi_0332,0,0.501755
nb_char,clean,template,0,chichewa+norm,chi_0333,0,0.747236
nb_char,clean,template,0,chichewa+norm,chi_0334,0,0.591751
nb_char,clean,template,0,chichewa+norm,chi_0335,0,0.626469
nb_char,clean,template,0,chichewa+norm,chi_0336,1,0.945505
nb_char,clean,template,0,chichewa+norm,chi_0337,1,0.825269
nb_char,clean,template,0,chichewa+norm,chi_0338,1,0.837726
nb_char,clean,template,0,chichewa+norm,chi_0339,0,0.349370
nb_char,clean,template,0,chichewa+norm,chi_0340,0,0.233660
nb_char,clean,template,0,chichewa+norm,chi_0341,0,0.585111
nb_char,clean,template,0,chichewa+norm,chi_0342,1,0.756236
nb_char,clean,template,0,chichewa+norm,chi_0343,1,0.836368
nb_char,clean,template,0,chichewa+norm,chi_0344,1,0.823646
nb_char,clean,template,0,chichewa+norm,chi_0345,0,0.254925
nb_char,clean,template,0,chichewa+norm,chi_0346,0,0.392132
nb_char,clean,template,0,chichewa+norm,chi_0347,1,0.899545
nb_char,clean,template,0,chichewa+norm,chi_0348,0,0.319809
nb_char,clean,template,0,chichewa+norm,chi_0349,0,0.364298
nb_char,clean,template,0,chichewa+norm,chi_0350,1,0.919460
nb_char,clean,template,0,chichewa+norm,chi_0351,1,0.812384
nb_char,clean,template,0,chichewa+norm,chi_0352,1,0.820306
nb_char,clean,template,0,chichewa+norm,chi_0353,1,0.607523
nb_char,clean,template,0,chichewa+norm,chi_0354,1,0.698644
nb_char,clean,template,0,chichewa+norm,chi_0355,0,0.284747
nb_char,clean,template,0,chichewa+norm,chi_0356,0,0.717650
nb_char,clean,template,0,chichewa+norm,chi_0357,0,0.598532
nb_char,clean,template,0,chichewa+norm,chi_0358,0,0.556232
nb_char,clean,template,0,chichewa+norm,chi_0359,1,0.512831
nb_char,clean,template,0,chichewa+norm,chi_0360,0,0.333577
nb_char,clean,template,0,chichewa+norm,chi_0361,1,0.794651
nb_char,clean,template,0,chichewa+norm,chi_0362,1,0.764313
nb_char,clean,template,0,chichewa+norm,chi_0363,1,0.797817
nb_char,clean,template,0,chichewa+norm,chi_0364,0,0.441223
nb_char,clean,template,0,chichewa+norm,chi_0365,0,0.645368
nb_char,clean,template,0,chichewa+norm,chi_0366,0,0.534765
nb_char,clean,template,0,chichewa+norm,chi_0367,1,0.721294
nb_char,clean,template,0,chichewa+norm,chi_0368,1,0.887288
nb_char,clean,template,0,chichewa+norm,chi_0369,0,0.789517
nb_char,clean,template,0,chichewa+norm,chi_0370,0,0.829868
nb_char,clean,template,0,chichewa+norm,chi_0371,0,0.235059
nb_char,clean,template,0,chichewa+norm,chi_0372,1,0.543563
nb_char,clean,template,0,chichewa+norm,chi_0373,1,0.595949
nb_char,clean,template,0,chichewa+norm,chi_0374,0,0.636846
nb_char,clean,template,0,chichewa+norm,chi_0375,0,0.531863
nb_char,clean,template,0,chichewa+norm,chi_0376,1,0.906835
nb_char,clean,template,0,chichewa+norm,chi_0377,1,0.840135
nb_char,clean,template,0,chichewa+norm,chi_0378,0,0.279999
nb_char,clean,template,0,chichewa+norm,chi_0379,0,0.274981
nb_char,clean,template,0,chichewa+norm,chi_0380,1,0.913839
nb_char,clean,template,0,chichewa+norm,chi_0381,1,0.694157
nb_char,clean,template,0,chichewa+norm,chi_0382,0,0.475350
nb_char,clean,template,0,chichewa+norm,chi_0383,0,0.250356
nb_char,clean,template,0,chichewa+norm,chi_0384,1,0.887949
nb_char,clean,template,0,chichewa+norm,chi_0385,1,0.891484
nb_char,clean,template,0,chichewa+norm,chi_0386,1,0.820219
nb_char,clean,template,0,chichewa+norm,chi_0387,1,0.874059
nb_char,clean,template,0,chichewa+norm,chi_0388,0,0.622311
nb_char,clean,template,0,chichewa+norm,chi_0389,1,0.399740
nb_char,clean,template,0,chichewa+norm,chi_0390,0,0.326365
nb_char,clean,template,0,chichewa+norm,chi_0391,0,0.326083
nb_char,clean,template,0,chichewa+norm,chi_0392,1,0.704266
nb_char,clean,template,0,chichewa+norm,chi_0393,0,0.399832
nb_char,clean,template,0,chichewa+norm,chi_0394,0,0.336965
nb_char,clean,template,0,chichewa+norm,chi_0395,1,0.886365
nb_char,clean,template,0,chichewa+norm,chi_0396,0,0.509812
nb_char,clean,template,0,chichewa+norm,chi_0397,0,0.607064
nb_char,clean,template,0,chichewa+norm,chi_0398,0,0.426664
nb_char,clean,template,0,chichewa+norm,chi_0399,0,0.328366
nb_char,clean,template,0,chichewa+norm,chi_0400,0,0.340503
nb_char,clean,template,0,chichewa+norm,chi_0401,0,0.304576
nb_char,clean,template,0,chichewa+norm,chi_0402,0,0.522742
nb_char,clean,template,0,chichewa+norm,chi_0403,0,0.271324
nb_char,clean,template,0,chichewa+norm,chi_0404,0,0.260609
nb_char,clean,template,0,chichewa+norm,chi_0405,0,0.410288
nb_char,clean,template,0,chichewa+norm,chi_0406,0,0.487385
nb_char,clean,template,0,chichewa+norm,chi_0407,0,0.433390
nb_char,clean,template,0,chichewa+norm,chi_0408,0,0.757540
nb_char,clean,template,0,chichewa+norm,chi_0409,0,0.744892
nb_char,clean,template,0,chichewa+norm,chi_0410,0,0.608676
nb_char,clean,template,0,chichewa+norm,chi_0411,1,0.757761
nb_char,clean,template,0,chichewa+norm,chi_0412,1,0.626705
nb_char,clean,template,0,chichewa+norm,chi_0413,1,0.367920
nb_char,clean,template,0,chichewa+norm,chi_0414,0,0.461581
nb_char,clean,template,0,chichewa+norm,chi_0415,0,0.335849
nb_char,clean,template,0,chichewa+norm,chi_0416,1,0.679807
nb_char,clean,template,0,chichewa+norm,chi_0417,1,0.849388
nb_char,clean,template,0,chichewa+norm,chi_0418,1,0.812372
nb_char,clean,template,0,chichewa+norm,chi_0419,0,0.520934
nb_char,clean,template,0,chichewa+norm,chi_0420,1,0.478804
nb_char,clean,template,0,chichewa+norm,chi_0421,0,0.321319
nb_char,clean,template,0,chichewa+norm,chi_0422,0,0.654818
nb_char,clean,template,0,chichewa+norm,chi_0423,1,0.679277
nb_char,clean,template,0,chichewa+norm,chi_0424,1,0.625988
nb_char,clean,template,0,chichewa+norm,chi_0425,0,0.596615
nb_char,clean,template,0,chichewa+norm,chi_0426,1,0.749021
nb_char,clean,template,0,chichewa+norm,chi_0427,1,0.552296
nb_char,clean,template,0,chichewa+norm,chi_0428,1,0.864601
nb_char,clean,template,0,chichewa+norm,chi_0429,0,0.348306
nb_char,clean,template,0,chichewa+norm,chi_0430,0,0.395123
nb_char,clean,template,0,chichewa+norm,chi_0431,0,0.309590
nb_char,clean,template,0,chichewa+norm,chi_0432,1,0.788707
nb_char,clean,template,0,chichewa+norm,chi_0433,1,0.799137
nb_char,clean,template,0,chichewa+norm,chi_0434,1,0.796678
nb_char,clean,template,0,chichewa+norm,chi_0435,1,0.808647
nb_char,clean,template,0,chichewa+norm,chi_0436,1,0.826558
nb_char,clean,template,0,chichewa+norm,chi_0437,1,0.860696
nb_char,clean,template,0,chichewa+norm,chi_0438,1,0.822370
nb_char,clean,template,0,chichewa+norm,chi_0439,1,0.885828
nb_char,clean,template,0,chichewa+norm,chi_0440,1,0.799698
nb_char,clean,template,0,chichewa+norm,chi_0441,1,0.765125
nb_char,clean,template,0,chichewa+norm,chi_0442,1,0.765688
nb_char,clean,template,0,chichewa+norm,chi_0443,1,0.537608
nb_char,clean,template,0,chichewa+norm,chi_0444,1,0.787233
nb_char,clean,template,0,chichewa+norm,chi_0445,1,0.930932
nb_char,clean,template,0,chichewa+norm,chi_0446,1,0.810749
nb_char,clean,template,0,chichewa+norm,chi_0447,1,0.590139
nb_char,clean,template,0,chichewa+norm,chi_0448,1,0.828722
nb_char,clean,template,0,chichewa+norm,chi_0449,1,0.868627
nb_char,clean,template,0,chichewa+norm,chi_0450,1,0.841775
nb_char,clean,template,0,chichewa+norm,chi_0451,0,0.406713
nb_char,clean,template,0,chichewa+norm,chi_0452,0,0.301844
nb_char,clean,template,0,chichewa+norm,chi_0453,1,0.767938
nb_char,clean,template,0,chichewa+norm,chi_0454,1,0.908464
nb_char,clean,template,0,chichewa+norm,chi_0455,1,0.733017
nb_char,clean,template,0,chichewa+norm,chi_0456,1,0.826074
nb_char,clean,template,0,chichewa+norm,chi_0457,1,0.858602
nb_char,clean,template,0,chichewa+norm,chi_0458,1,0.825586
nb_char,clean,template,0,chichewa+norm,chi_0459,0,0.544793
nb_char,clean,template,0,chichewa+norm,chi_0460,1,0.778222
nb_char,clean,template,0,chichewa+norm,chi_0461,1,0.880342
nb_char,clean,template,0,chichewa+norm,chi_0462,0,0.295083
nb_char,clean,template,0,chichewa+norm,chi_0463,0,0.434482
nb_char,clean,template,0,chichewa+norm,chi_0464,1,0.879838
nb_char,clean,template,0,chichewa+norm,chi_0465,0,0.865492
nb_char,clean,template,0,chichewa+norm,chi_0466,0,0.599185
nb_char,clean,template,0,chichewa+norm,chi_0467,1,0.925668
nb_char,clean,template,0,chichewa+norm,chi_0468,1,0.806630
nb_char,clean,template,0,chichewa+norm,chi_0469,0,0.644150
nb_char,clean,template,0,chichewa+norm,chi_0470,0,0.390075
nb_char,clean,template,0,chichewa+norm,chi_0471,1,0.415493
nb_char,clean,template,0,chichewa+norm,chi_0472,1,0.744717
nb_char,clean,template,0,chichewa+norm,chi_0473,0,0.511507
nb_char,clean,template,0,chichewa+norm,chi_0474,0,0.416207
nb_char,clean,template,0,chichewa+norm,chi_0475,1,0.830007
nb_char,clean,template,0,chichewa+norm,chi_0476,1,0.386371
nb_char,clean,template,0,chichewa+norm,chi_0477,1,0.873792
nb_char,clean,template,0,chichewa+norm,chi_0478,0,0.845245
nb_char,clean,template,0,chichewa+norm,chi_0479,0,0.921162
nb_char,clean,template,0,chichewa+norm,chi_0480,0,0.562947
nb_char,clean,template,0,chichewa+norm,chi_0481,1,0.383121
nb_char,clean,template,0,chichewa+norm,chi_0482,1,0.423761
nb_char,clean,template,0,chichewa+norm,chi_0483,0,0.885861
nb_char,clean,template,0,chichewa+norm,chi_0484,0,0.720196
nb_char,clean,template,0,chichewa+norm,chi_0485,0,0.738179
nb_char,clean,template,0,chichewa+norm,chi_0486,1,0.690833
nb_char,clean,template,0,chichewa+norm,chi_0487,1,0.624289
nb_char,clean,template,0,chichewa+norm,chi_0488,1,0.679278
nb_char,clean,template,0,chichewa+norm,chi_0489,0,0.858821
nb_char,clean,template,0,chichewa+norm,chi_0490,0,0.933479
nb_char,clean,template,0,chichewa+norm,chi_0491,1,0.402784
nb_char,clean,template,0,chichewa+norm,chi_0492,1,0.621034
nb_char,clean,template,0,chichewa+norm,chi_0493,1,0.508755
nb_char,clean,template,0,chichewa+norm,chi_0494,0,0.932940
nb_char,clean,template,0,chichewa+norm,chi_0495,0,0.722905
nb_char,clean,template,0,chichewa+norm,chi_0496,0,0.694278
nb_char,clean,template,0,chichewa+norm,chi_0497,1,0.691728
nb_char,clean,template,0,chichewa+norm,chi_0498,1,0.649926
nb_char,clean,template,0,chichewa+norm,chi_0499,0,0.492479
nb_char,clean,template,0,chichewa+norm,chi_0500,0,0.912070
nb_char,clean,template,0,chichewa+norm,chi_0501,0,0.685646
nb_char,clean,template,0,chichewa+norm,chi_0502,1,0.313596
nb_char,clean,template,0,chichewa+norm,chi_0503,1,0.822531
nb_char,clean,template,0,chichewa+norm,chi_0504,1,0.540372
nb_char,clean,template,0,chichewa+norm,chi_0505,0,0.393093
nb_char,clean,template,0,chichewa+norm,chi_0506,0,0.379904
nb_char,clean,template,0,chichewa+norm,chi_0507,0,0.280767
nb_char,clean,template,0,chichewa+norm,chi_0508,1,0.423241
nb_char,clean,template,0,chichewa+norm,chi_0509,1,0.535896
nb_char,clean,template,0,chichewa+norm,chi_0510,1,0.442530
nb_char,clean,template,0,chichewa+norm,chi_0511,0,0.544290
nb_char,clean,template,0,chichewa+norm,chi_0512,0,0.374048
nb_char,clean,template,0,chichewa+norm,chi_0513,0,0.495715
nb_char,clean,template,0,chichewa+norm,chi_0514,1,0.820800
nb_char,clean,template,0,chichewa+norm,chi_0515,1,0.897497
nb_char,clean,template,0,chichewa+norm,chi_0516,1,0.566894
nb_char,clean,template,0,chichewa+norm,chi_0517,0,0.356294
nb_char,clean,template,0,chichewa+norm,chi_0518,0,0.352800
nb_char,clean,template,0,chichewa+norm,chi_0519,1,0.390962
nb_char,clean,template,0,chichewa+norm,chi_0520,1,0.895600
nb_char,clean,template,0,chichewa+norm,chi_0521,1,0.763595
nb_char,clean,template,0,chichewa+norm,chi_0522,0,0.712260
nb_char,clean,template,0,chichewa+norm,chi_0523,0,0.567075
nb_char,clean,template,0,chichewa+norm,chi_0524,0,0.900885
nb_char,clean,template,0,chichewa+norm,chi_0525,1,0.682366
nb_char,clean,template,0,chichewa+norm,chi_0526,1,0.866874
nb_char,clean,template,0,chichewa+norm,chi_0527,1,0.583666
nb_char,clean,template,0,chichewa+norm,chi_0528,0,0.258049
nb_char,clean,template,0,chichewa+norm,chi_0529,0,0.535148
nb_char,clean,template,0,chichewa+norm,chi_0530,0,0.450756
nb_char,clean,template,0,chichewa+norm,chi_0531,1,0.941431
nb_char,clean,template,0,chichewa+norm,chi_0532,1,0.860136
nb_char,clean,template,0,chichewa+norm,chi_0533,1,0.663630
nb_char,clean,template,0,chichewa+norm,chi_0534,0,0.572700
nb_char,clean,template,0,chichewa+norm,chi_0535,0,0.449249
nb_char,clean,template,0,chichewa+norm,chi_0536,0,0.535908
nb_char,clean,template,0,chichewa+norm,chi_0537,1,0.699980
nb_char,clean,template,0,chichewa+norm,chi_0538,1,0.743416
nb_char,clean,template,0,chichewa+norm,chi_0539,1,0.420303
nb_char,clean,template,0,chichewa+norm,chi_0540,0,0.293012
nb_char,clean,template,0,chichewa+norm,chi_0541,0,0.395653
nb_char,clean,template,0,chichewa+norm,chi_0542,0,0.619570
nb_char,clean,template,0,chichewa+norm,chi_0543,1,0.717772
nb_char,clean,template,0,chichewa+norm,chi_0544,1,0.715833
nb_char,clean,template,0,chichewa+norm,chi_0545,1,0.757155
nb_char,clean,template,0,chichewa+norm,chi_0546,0,0.270864
nb_char,clean,template,0,chichewa+norm,chi_0547,0,0.369434
nb_char,clean,template,0,chichewa+norm,chi_0548,0,0.540396
nb_char,clean,template,0,chichewa+norm,chi_0549,1,0.936466
nb_char,clean,template,0,chichewa+norm,chi_0550,1,0.934255
nb_char,clean,template,0,chichewa+norm,chi_0551,1,0.659713
nb_char,clean,template,0,chichewa+norm,chi_0552,0,0.532064
nb_char,clean,template,0,chichewa+norm,chi_0553,0,0.475328
nb_char,clean,template,0,chichewa+norm,chi_0554,1,0.307131
nb_char,clean,template,0,chichewa+norm,chi_0555,1,0.307507
nb_char,clean,template,0,chichewa+norm,chi_0556,1,0.695014
nb_char,clean,template,0,chichewa+norm,chi_0557,0,0.910715
nb_char,clean,template,0,chichewa+norm,chi_0558,0,0.350867
nb_char,clean,template,0,chichewa+norm,chi_0559,0,0.570975
nb_char,clean,template,0,chichewa+norm,chi_0560,1,0.533168
nb_char,clean,template,0,chichewa+norm,chi_0561,1,0.819602
nb_char,clean,template,0,chichewa+norm,chi_0562,1,0.470465
nb_char,clean,template,0,chichewa+norm,chi_0563,0,0.441769
nb_char,clean,template,0,chichewa+norm,chi_0564,0,0.661472
nb_char,clean,template,0,chichewa+norm,chi_0565,0,0.383417
nb_char,clean,template,0,chichewa+norm,chi_0566,0,0.674166
nb_char,clean,template,0,chichewa+norm,chi_0567,1,0.461453
nb_char,clean,template,0,chichewa+norm,chi_0568,1,0.779445
nb_char,clean,template,0,chichewa+norm,chi_0569,1,0.920417
nb_char,clean,template,0,chichewa+norm,chi_0570,1,0.659254
nb_char,clean,template,0,chichewa+norm,chi_0571,0,0.681833
nb_char,clean,template,0,chichewa+norm,chi_0572,1,0.884639
nb_char,clean,template,0,chichewa+norm,chi_0573,1,0.418385
nb_char,clean,template,0,chichewa+norm,chi_0574,1,0.368440
nb_char,clean,template,0,chichewa+norm,chi_0575,0,0.407808
nb_char,clean,template,0,chichewa+norm,chi_0576,1,0.934031
nb_char,clean,template,0,chichewa+norm,chi_0577,1,0.436256
nb_char,clean,template,0,chichewa+norm,chi_0578,0,0.426161
nb_char,clean,template,0,chichewa+norm,chi_0579,0,0.440077
nb_char,clean,template,0,chichewa+norm,chi_0580,0,0.496969
nb_char,clean,template,0,chichewa+norm,chi_0581,1,0.288584
nb_char,clean,template,0,chichewa+norm,chi_0582,0,0.354292
nb_char,clean,template,0,chichewa+norm,chi_0583,0,0.391229
nb_char,clean,template,0,chichewa+norm,chi_0584,0,0.459833
nb_char,clean,template,0,chichewa+norm,chi_0585,0,0.606762
nb_char,clean,template,0,chichewa+norm,chi_0586,0,0.445015
nb_char,clean,template,0,chichewa+norm,chi_0587,0,0.407519
nb_char,clean,template,0,chichewa+norm,chi_0588,0,0.496276
nb_char,clean,template,0,chichewa+norm,chi_0589,1,0.585661
nb_char,clean,template,0,chichewa+norm,chi_0590,1,0.691196
nb_char,clean,template,0,chichewa+norm,chi_0591,1,0.893490
nb_char,clean,template,0,chichewa+norm,chi_0592,0,0.584887
nb_char,clean,template,0,chichewa+norm,chi_0593,0,0.446494
nb_char,clean,template,0,chichewa+norm,chi_0594,0,0.516255
nb_char,clean,template,0,chichewa+norm,chi_0595,1,0.538336
nb_char,clean,template,0,chichewa+norm,chi_0596,1,0.934400
nb_char,clean,template,0,chichewa+norm,chi_0597,1,0.705311
nb_char,clean,template,0,chichewa+norm,chi_0598,1,0.639273
nb_char,clean,template,0,chichewa+norm,chi_0599,0,0.676711
nb_char,clean,template,0,chichewa+norm,chi_0600,0,0.683288
nb_char,clean,template,0,chichewa+norm,chi_0601,0,0.414754
nb_char,clean,template,0,chichewa+norm,chi_0602,1,0.879310
nb_char,clean,template,0,chichewa+norm,chi_0603,0,0.415896
nb_char,clean,template,0,chichewa+norm,chi_0604,0,0.555601
nb_char,clean,template,0,chichewa+norm,chi_0605,0,0.609162
nb_char,clean,template,0,chichewa+norm,chi_0606,1,0.474557
nb_char,clean,template,0,chichewa+norm,chi_0607,0,0.538221
nb_char,clean,template,0,chichewa+norm,chi_0608,0,0.566929
nb_char,clean,template,0,chichewa+norm,chi_0609,0,0.344986
nb_char,clean,template,0,chichewa+norm,chi_0610,1,0.906961
nb_char,clean,template,0,chichewa+norm,chi_0611,0,0.566134
nb_char,clean,template,0,chichewa+norm,chi_0612,0,0.592873
nb_char,clean,template,0,chichewa+norm,chi_0613,0,0.330314
nb_char,clean,template,0,chichewa+norm,chi_0614,0,0.395045
nb_char,clean,template,0,chichewa+norm,chi_0615,1,0.801180
nb_char,clean,template,0,chichewa+norm,chi_0616,0,0.689567
nb_char,clean,template,0,chichewa+norm,chi_0617,0,0.463783
nb_char,clean,template,0,chichewa+norm,chi_0618,1,0.604719
nb_char,clean,template,0,chichewa+norm,chi_0619,1,0.676646
nb_char,clean,template,0,chichewa+norm,chi_0620,1,0.485335
nb_char,clean,template,0,chichewa+norm,chi_0621,0,0.640395
nb_char,clean,template,0,chichewa+norm,chi_0622,0,0.866143
nb_char,clean,template,0,chichewa+norm,chi_0623,0,0.923226
nb_char,clean,template,0,chichewa+norm,chi_0624,1,0.369510
nb_char,clean,template,0,chichewa+norm,chi_0625,0,0.627055
nb_char,clean,template,0,chichewa+norm,chi_0626,0,0.890424
nb_char,clean,template,0,chichewa+norm,chi_0627,0,0.452630
nb_char,clean,template,0,chichewa+norm,chi_0628,0,0.388324
nb_char,clean,template,0,chichewa+norm,chi_0629,0,0.623765
nb_char,clean,template,0,chichewa+norm,chi_0630,1,0.881920
nb_char,clean,template,0,chichewa+norm,chi_0631,1,0.409727
nb_char,clean,template,0,chichewa+norm,chi_0632,0,0.775369
nb_char,clean,template,0,chichewa+norm,chi_0633,0,0.629659
nb_char,clean,template,0,chichewa+norm,chi_0634,1,0.893861
nb_char,clean,template,0,chichewa+norm,chi_0635,1,0.333425
nb_char,clean,template,0,chichewa+norm,chi_0636,1,0.301950
nb_char,clean,template,0,chichewa+norm,chi_0637,0,0.280504
nb_char,clean,template,0,chichewa+norm,chi_0638,0,0.391240
nb_char,clean,template,0,chichewa+norm,chi_0639,0,0.484721
nb_char,clean,template,0,chichewa+norm,chi_0640,0,0.586833
nb_char,clean,template,0,chichewa+norm,chi_0641,1,0.624445
nb_char,clean,template,0,chichewa+norm,chi_0642,1,0.697360
nb_char,clean,template,0,chichewa+norm,chi_0643,1,0.751953
nb_char,clean,template,0,chichewa+norm,chi_0644,0,0.697342
nb_char,clean,template,0,chichewa+norm,chi_0645,1,0.899497
nb_char,clean,template,0,chichewa+norm,chi_0646,1,0.902774
nb_char,clean,template,0,chichewa+norm,chi_0647,1,0.961835
nb_char,clean,template,0,chichewa+norm,chi_0648,1,0.904568
nb_char,clean,template,0,chichewa+norm,chi_0649,1,0.867066
nb_char,clean,template,0,chichewa+norm,chi_0650,1,0.853330
nb_char,clean,template,0,chichewa+norm,chi_0651,1,0.799812
nb_char,clean,template,0,chichewa+norm,chi_0652,1,0.967496
nb_char,clean,template,0,chichewa+norm,chi_0653,1,0.918875
nb_char,clean,template,0,chichewa+norm,chi_0654,1,0.830633
nb_char,clean,template,0,chichewa+norm,chi_0655,1,0.975773
nb_char,clean,template,0,chichewa+norm,chi_0656,1,0.396164
nb_char,clean,template,0,chichewa+norm,chi_0657,1,0.784027
nb_char,clean,template,0,chichewa+norm,chi_0658,1,0.540742
nb_char,clean,template,0,chichewa+norm,chi_0659,1,0.803751
nb_char,clean,template,0,chichewa+norm,chi_0660,1,0.922728
nb_char,clean,template,0,chichewa+norm,chi_0661,1,0.931360
nb_char,clean,template,0,chichewa+norm,chi_0662,1,0.485822
nb_char,clean,template,0,chichewa+norm,chi_0663,1,0.820106
nb_char,clean,template,0,chichewa+norm,chi_0664,1,0.886438
nb_char,clean,template,0,chichewa+norm,chi_0665,1,0.917273
nb_char,clean,template,0,chichewa+norm,chi_0666,1,0.903507
nb_char,clean,template,0,chichewa+norm,chi_0667,1,0.938206
nb_char,clean,template,0,chichewa+norm,chi_0668,0,0.360058
nb_char,clean,template,0,chichewa+norm,chi_0669,0,0.525673
nb_char,clean,template,0,chichewa+norm,chi_0670,0,0.632677
nb_char,clean,template,0,chichewa+norm,chi_0671,0,0.656323
nb_char,clean,template,0,chichewa+norm,chi_0672,0,0.495874
nb_char,clean,template,0,chichewa+norm,chi_0673,0,0.624756
nb_char,clean,template,0,chichewa+norm,chi_0674,0,0.921337
nb_char,clean,template,0,chichewa+norm,chi_0675,0,0.922633
nb_char,clean,template,0,chichewa+norm,chi_0676,0,0.349585
nb_char,clean,template,0,chichewa+norm,chi_0677,0,0.317007
nb_char,clean,template,0,chichewa+norm,chi_0678,0,0.735885
nb_char,clean,template,0,chichewa+norm,chi_0679,0,0.728999
nb_char,clean,template,0,chichewa+norm,chi_0680,0,0.747323
nb_char,clean,template,0,chichewa+norm,chi_0681,0,0.943014
nb_char,clean,template,0,chichewa+norm,chi_0682,0,0.862142
nb_char,clean,template,0,chichewa+norm,chi_0683,0,0.868098
nb_char,clean,template,0,chichewa+norm,chi_0684,0,0.911332
nb_char,clean,template,0,chichewa+norm,chi_0685,0,0.545210
nb_char,clean,template,0,chichewa+norm,chi_0686,0,0.704362
nb_char,clean,template,0,chichewa+norm,chi_0687,0,0.434245
nb_char,clean,template,0,chichewa+norm,chi_0688,0,0.847050
nb_char,clean,template,0,chichewa+norm,chi_0689,0,0.665498
nb_char,clean,template,0,chichewa+norm,chi_0690,0,0.660774
nb_char,clean,template,0,chichewa+norm,chi_0691,0,0.387566
nb_char,clean,template,0,chichewa+norm,chi_0692,0,0.556302
nb_char,clean,template,0,chichewa+norm,chi_0693,0,0.593704
nb_char,clean,template,0,chichewa+norm,chi_0694,0,0.596676
nb_char,clean,template,0,chichewa+norm,chi_0695,0,0.817341
nb_char,clean,template,0,chichewa+norm,chi_0696,0,0.909013
nb_char,clean,template,0,chichewa+norm,chi_0697,0,0.677332
nb_char,clean,template,0,chichewa+norm,chi_0698,0,0.544789
nb_char,clean,template,0,chichewa+norm,chi_0699,0,0.420676
nb_char,clean,template,0,chichewa+norm,chi_0700,0,0.450242
nb_char,clean,template,0,chichewa+norm,chi_0701,0,0.601403
nb_char,clean,template,0,chichewa+norm,chi_0702,0,0.600933
nb_char,clean,template,0,chichewa+norm,chi_0703,0,0.822372
nb_char,clean,template,0,chichewa+norm,chi_0704,0,0.377823
nb_char,clean,template,0,chichewa+norm,chi_0705,0,0.726587
nb_char,clean,template,0,chichewa+norm,chi_0706,0,0.756248
nb_char,clean,template,0,chichewa+norm,chi_0707,0,0.512410
nb_char,clean,template,0,chichewa+norm,chi_0708,0,0.837295
nb_char,clean,template,0,chichewa+norm,chi_0709,0,0.835593
nb_char,clean,template,0,chichewa+norm,chi_0710,0,0.368500
nb_char,clean,template,0,chichewa+norm,chi_0711,0,0.873639
nb_char,clean,template,0,chichewa+norm,chi_0712,0,0.818928
nb_char,clean,template,0,chichewa+norm,chi_0713,0,0.674037
nb_char,clean,template,0,chichewa+norm,chi_0714,0,0.549372
nb_char,clean,template,0,chichewa+norm,chi_0715,0,0.787648
nb_char,clean,template,0,chichewa+norm,chi_0716,0,0.696371
nb_char,clean,template,0,chichewa+norm,chi_0717,0,0.708113
nb_char,clean,template,0,chichewa+norm,chi_0718,0,0.808552
nb_char,clean,template,0,chichewa+norm,chi_0719,0,0.684576
nb_char,clean,template,0,chichewa+norm,chi_0720,0,0.357489
nb_char,clean,template,0,chichewa+norm,chi_0721,0,0.718317
nb_char,clean,template,0,chichewa+norm,chi_0722,0,0.437555
nb_char,clean,template,0,chichewa+norm,chi_0723,0,0.444276
nb_char,clean,template,0,chichewa+norm,chi_0724,0,0.594232
nb_char,clean,template,0,chichewa+norm,chi_0725,0,0.592941
nb_char,clean,template,0,chichewa+norm,chi_0726,0,0.801586
nb_char,clean,template,0,chichewa+norm,chi_0727,0,0.804491
nb_char,clean,template,0,chichewa+norm,chi_0728,0,0.518998
nb_char,clean,template,0,chichewa+norm,chi_0729,0,0.430717
nb_char,clean,template,0,chichewa+norm,chi_0730,0,0.489707
nb_char,clean,template,0,chichewa+norm,chi_0731,0,0.697142
nb_char,clean,template,0,chichewa+norm,chi_0732,0,0.669483
nb_char,clean,template,0,ctrl_lookalike+norm,bongo_0029,0,0.319824
nb_char,clean,template,0,ctrl_lookalike+norm,bongo_0053,0,0.341656
nb_char,clean,template,0,ctrl_lookalike+norm,bongo_0097,0,0.604636
nb_char,clean,template,0,ctrl_lookalike+norm,bongo_0107,0,0.114246
nb_char,clean,template,0,ctrl_lookalike+norm,bongo_0110,0,0.131831
nb_char,clean,template,0,ctrl_lookalike+norm,bongo_0115,0,0.648241
nb_char,clean,template,0,ctrl_lookalike+norm,bongo_0143,0,0.089357
nb_char,clean,template,0,ctrl_lookalike+norm,bongo_0160,0,0.135545
nb_char,clean,template,0,ctrl_lookalike+norm,bongo_0172,0,0.382675
nb_char,clean,template,0,ctrl_lookalike+norm,bongo_0175,0,0.188965
nb_char,clean,template,0,ctrl_lookalike+norm,bongo_0182,0,0.075308
nb_char,clean,template,0,ctrl_lookalike+norm,bongo_0197,0,0.099532
nb_char,clean,template,0,ctrl_lookalike+norm,bongo_0253,0,0.226151
nb_char,clean,template,0,ctrl_lookalike+norm,bongo_0271,0,0.089957
nb_char,clean,template,0,ctrl_lookalike+norm,bongo_0300,0,0.018482
nb_char,clean,template,0,ctrl_lookalike+norm,bongo_0306,0,0.123608
nb_char,clean,template,0,ctrl_lookalike+norm,bongo_0363,0,0.098682
nb_char,clean,template,0,ctrl_lookalike+norm,bongo_0368,0,0.375441
nb_char,clean,template,0,ctrl_lookalike+norm,bongo_0372,0,0.318321
nb_char,clean,template,0,ctrl_lookalike+norm,bongo_0389,0,0.147601
nb_char,clean,template,0,ctrl_lookalike+norm,bongo_0395,0,0.217050
nb_char,clean,template,0,ctrl_lookalike+norm,bongo_0427,0,0.759447
nb_char,clean,template,0,ctrl_lookalike+norm,bongo_0463,0,0.694275
nb_char,clean,template,0,ctrl_lookalike+norm,bongo_0531,0,0.288838
nb_char,clean,template,0,ctrl_lookalike+norm,bongo_0542,0,0.140608
nb_char,clean,template,0,ctrl_lookalike+norm,bongo_0545,0,0.141677
nb_char,clean,template,0,ctrl_lookalike+norm,bongo_0571,0,0.402319
nb_char,clean,template,0,ctrl_lookalike+norm,bongo_0630,0,0.168160
nb_char,clean,template,0,ctrl_lookalike+norm,bongo_0648,0,0.315901
nb_char,clean,template,0,ctrl_lookalike+norm,bongo_0674,0,0.115431
nb_char,clean,template,0,ctrl_lookalike+norm,bongo_0685,0,0.974558
nb_char,clean,template,0,ctrl_lookalike+norm,bongo_0701,0,0.127740
nb_char,clean,template,0,ctrl_lookalike+norm,bongo_0741,0,0.054389
nb_char,clean,template,0,ctrl_lookalike+norm,bongo_0795,0,0.673591
nb_char,clean,template,0,ctrl_lookalike+norm,bongo_0818,0,0.145114
nb_char,clean,template,0,ctrl_lookalike+norm,bongo_0819,0,0.226923
nb_char,clean,template,0,ctrl_lookalike+norm,bongo_0835,0,0.287121
nb_char,clean,template,0,ctrl_lookalike+norm,bongo_0856,0,0.078330
nb_char,clean,template,0,ctrl_lookalike+norm,bongo_0872,0,0.417833
nb_char,clean,template,0,ctrl_lookalike+norm,bongo_0904,0,0.731203
nb_char,clean,template,0,ctrl_lookalike+norm,bongo_0950,0,0.116249
nb_char,clean,template,0,ctrl_lookalike+norm,bongo_0956,0,0.105956
nb_char,clean,template,0,ctrl_lookalike+norm,bongo_0971,0,0.124698
nb_char,clean,template,0,ctrl_lookalike+norm,bongo_0983,0,0.284358
nb_char,clean,template,0,ctrl_lookalike+norm,bongo_0994,0,0.883789
nb_char,clean,template,0,ctrl_lookalike+norm,bongo_1006,0,0.594470
nb_char,clean,template,0,ctrl_lookalike+norm,bongo_1015,0,0.150850
nb_char,clean,template,0,ctrl_lookalike+norm,bongo_1037,0,0.186122
nb_char,clean,template,0,ctrl_lookalike+norm,bongo_1040,0,0.305190
nb_char,clean,template,0,ctrl_lookalike+norm,bongo_1050,0,0.058295
nb_char,clean,template,0,ctrl_lookalike+norm,bongo_1059,0,0.440083
nb_char,clean,template,0,ctrl_lookalike+norm,bongo_1071,0,0.252802
nb_char,clean,template,0,ctrl_lookalike+norm,bongo_1090,0,0.370587
nb_char,clean,template,0,ctrl_lookalike+norm,bongo_1115,0,0.063667
nb_char,clean,template,0,ctrl_lookalike+norm,bongo_1123,0,0.078899
nb_char,clean,template,0,ctrl_lookalike+norm,bongo_1125,0,0.320429
nb_char,clean,template,0,ctrl_lookalike+norm,bongo_1135,0,0.337561
nb_char,clean,template,0,ctrl_lookalike+norm,bongo_1155,0,0.050153
nb_char,clean,template,0,ctrl_lookalike+norm,bongo_1194,0,0.671163
nb_char,clean,template,0,ctrl_lookalike+norm,bongo_1198,0,0.126311
nb_char,clean,template,0,ctrl_lookalike+norm,bongo_1236,0,0.086859
nb_char,clean,template,0,ctrl_lookalike+norm,bongo_1244,0,0.137100
nb_char,clean,template,0,ctrl_lookalike+norm,bongo_1249,0,0.180521
nb_char,clean,template,0,ctrl_lookalike+norm,bongo_1253,0,0.321210
nb_char,clean,template,0,ctrl_lookalike+norm,bongo_1260,0,0.093479
nb_char,clean,template,0,ctrl_lookalike+norm,bongo_1262,0,0.303571
nb_char,clean,template,0,ctrl_lookalike+norm,bongo_1285,0,0.085798
nb_char,clean,template,0,ctrl_lookalike+norm,bongo_1316,0,0.194584
nb_char,clean,template,0,ctrl_lookalike+norm,bongo_1330,0,0.358259
nb_char,clean,template,0,ctrl_lookalike+norm,bongo_1359,0,0.032501
nb_char,clean,template,0,ctrl_lookalike+norm,bongo_1375,0,0.090813
nb_char,clean,template,0,ctrl_structural+norm,bongo_0029,0,0.277639
nb_char,clean,template,0,ctrl_structural+norm,bongo_0053,0,0.367589
nb_char,clean,template,0,ctrl_structural+norm,bongo_0097,0,0.579722
nb_char,clean,template,0,ctrl_structural+norm,bongo_0107,0,0.125899
nb_char,clean,template,0,ctrl_structural+norm,bongo_0110,0,0.156618
nb_char,clean,template,0,ctrl_structural+norm,bongo_0115,0,0.695595
nb_char,clean,template,0,ctrl_structural+norm,bongo_0143,0,0.093586
nb_char,clean,template,0,ctrl_structural+norm,bongo_0160,0,0.174908
nb_char,clean,template,0,ctrl_structural+norm,bongo_0172,0,0.454386
nb_char,clean,template,0,ctrl_structural+norm,bongo_0175,0,0.239358
nb_char,clean,template,0,ctrl_structural+norm,bongo_0182,0,0.085695
nb_char,clean,template,0,ctrl_structural+norm,bongo_0197,0,0.144192
nb_char,clean,template,0,ctrl_structural+norm,bongo_0253,0,0.197250
nb_char,clean,template,0,ctrl_structural+norm,bongo_0271,0,0.098922
nb_char,clean,template,0,ctrl_structural+norm,bongo_0300,0,0.018482
nb_char,clean,template,0,ctrl_structural+norm,bongo_0306,0,0.144816
nb_char,clean,template,0,ctrl_structural+norm,bongo_0363,0,0.105706
nb_char,clean,template,0,ctrl_structural+norm,bongo_0368,0,0.405427
nb_char,clean,template,0,ctrl_structural+norm,bongo_0372,0,0.374403
nb_char,clean,template,0,ctrl_structural+norm,bongo_0389,0,0.151973
nb_char,clean,template,0,ctrl_structural+norm,bongo_0395,0,0.295490
nb_char,clean,template,0,ctrl_structural+norm,bongo_0427,0,0.740462
nb_char,clean,template,0,ctrl_structural+norm,bongo_0463,0,0.632981
nb_char,clean,template,0,ctrl_structural+norm,bongo_0531,0,0.252135
nb_char,clean,template,0,ctrl_structural+norm,bongo_0542,0,0.169067
nb_char,clean,template,0,ctrl_structural+norm,bongo_0545,0,0.168751
nb_char,clean,template,0,ctrl_structural+norm,bongo_0571,0,0.365770
nb_char,clean,template,0,ctrl_structural+norm,bongo_0630,0,0.219860
nb_char,clean,template,0,ctrl_structural+norm,bongo_0648,0,0.306347
nb_char,clean,template,0,ctrl_structural+norm,bongo_0674,0,0.126370
nb_char,clean,template,0,ctrl_structural+norm,bongo_0685,0,0.968771
nb_char,clean,template,0,ctrl_structural+norm,bongo_0701,0,0.150731
nb_char,clean,template,0,ctrl_structural+norm,bongo_0741,0,0.071723
nb_char,clean,template,0,ctrl_structural+norm,bongo_0795,0,0.255613
nb_char,clean,template,0,ctrl_structural+norm,bongo_0818,0,0.235666
nb_char,clean,template,0,ctrl_structural+norm,bongo_0819,0,0.241817
nb_char,clean,template,0,ctrl_structural+norm,bongo_0835,0,0.118102
nb_char,clean,template,0,ctrl_structural+norm,bongo_0856,0,0.085231
nb_char,clean,template,0,ctrl_structural+norm,bongo_0872,0,0.485535
nb_char,clean,template,0,ctrl_structural+norm,bongo_0904,0,0.731755
nb_char,clean,template,0,ctrl_structural+norm,bongo_0950,0,0.131464
nb_char,clean,template,0,ctrl_structural+norm,bongo_0956,0,0.104983
nb_char,clean,template,0,ctrl_structural+norm,bongo_0971,0,0.153230
nb_char,clean,template,0,ctrl_structural+norm,bongo_0983,0,0.339101
nb_char,clean,template,0,ctrl_structural+norm,bongo_0994,0,0.801428
nb_char,clean,template,0,ctrl_structural+norm,bongo_1006,0,0.594470
nb_char,clean,template,0,ctrl_structural+norm,bongo_1015,0,0.146313
nb_char,clean,template,0,ctrl_structural+norm,bongo_1037,0,0.265323
nb_char,clean,template,0,ctrl_structural+norm,bongo_1040,0,0.334198
nb_char,clean,template,0,ctrl_structural+norm,bongo_1050,0,0.067392
nb_char,clean,template,0,ctrl_structural+norm,bongo_1059,0,0.233261
nb_char,clean,template,0,ctrl_structural+norm,bongo_1071,0,0.251422
nb_char,clean,template,0,ctrl_structural+norm,bongo_1090,0,0.438151
nb_char,clean,template,0,ctrl_structural+norm,bongo_1115,0,0.089738
nb_char,clean,template,0,ctrl_structural+norm,bongo_1123,0,0.075580
nb_char,clean,template,0,ctrl_structural+norm,bongo_1125,0,0.422578
nb_char,clean,template,0,ctrl_structural+norm,bongo_1135,0,0.337561
nb_char,clean,template,0,ctrl_structural+norm,bongo_1155,0,0.060409
nb_char,clean,template,0,ctrl_structural+norm,bongo_1194,0,0.402470
nb_char,clean,template,0,ctrl_structural+norm,bongo_1198,0,0.117451
nb_char,clean,template,0,ctrl_structural+norm,bongo_1236,0,0.101165
nb_char,clean,template,0,ctrl_structural+norm,bongo_1244,0,0.176605
nb_char,clean,template,0,ctrl_structural+norm,bongo_1249,0,0.180521
nb_char,clean,template,0,ctrl_structural+norm,bongo_1253,0,0.316717
nb_char,clean,template,0,ctrl_structural+norm,bongo_1260,0,0.093479
nb_char,clean,template,0,ctrl_structural+norm,bongo_1262,0,0.299514
nb_char,clean,template,0,ctrl_structural+norm,bongo_1285,0,0.085798
nb_char,clean,template,0,ctrl_structural+norm,bongo_1316,0,0.193532
nb_char,clean,template,0,ctrl_structural+norm,bongo_1330,0,0.399657
nb_char,clean,template,0,ctrl_structural+norm,bongo_1359,0,0.036301
nb_char,clean,template,0,ctrl_structural+norm,bongo_1375,0,0.120494
nb_char,clean,template,0,ctrl_codeswitch+norm,bongo_0029,0,0.319824
nb_char,clean,template,0,ctrl_codeswitch+norm,bongo_0053,0,0.228882
nb_char,clean,template,0,ctrl_codeswitch+norm,bongo_0097,0,0.412036
nb_char,clean,template,0,ctrl_codeswitch+norm,bongo_0107,0,0.114246
nb_char,clean,template,0,ctrl_codeswitch+norm,bongo_0110,0,0.131831
nb_char,clean,template,0,ctrl_codeswitch+norm,bongo_0115,0,0.435272
nb_char,clean,template,0,ctrl_codeswitch+norm,bongo_0143,0,0.089357
nb_char,clean,template,0,ctrl_codeswitch+norm,bongo_0160,0,0.135545
nb_char,clean,template,0,ctrl_codeswitch+norm,bongo_0172,0,0.332073
nb_char,clean,template,0,ctrl_codeswitch+norm,bongo_0175,0,0.188965
nb_char,clean,template,0,ctrl_codeswitch+norm,bongo_0182,0,0.075308
nb_char,clean,template,0,ctrl_codeswitch+norm,bongo_0197,0,0.099532
nb_char,clean,template,0,ctrl_codeswitch+norm,bongo_0253,0,0.226151
nb_char,clean,template,0,ctrl_codeswitch+norm,bongo_0271,0,0.089957
nb_char,clean,template,0,ctrl_codeswitch+norm,bongo_0300,0,0.018482
nb_char,clean,template,0,ctrl_codeswitch+norm,bongo_0306,0,0.123608
nb_char,clean,template,0,ctrl_codeswitch+norm,bongo_0363,0,0.098682
nb_char,clean,template,0,ctrl_codeswitch+norm,bongo_0368,0,0.233125
nb_char,clean,template,0,ctrl_codeswitch+norm,bongo_0372,0,0.318321
nb_char,clean,template,0,ctrl_codeswitch+norm,bongo_0389,0,0.127109
nb_char,clean,template,0,ctrl_codeswitch+norm,bongo_0395,0,0.217050
nb_char,clean,template,0,ctrl_codeswitch+norm,bongo_0427,0,0.392772
nb_char,clean,template,0,ctrl_codeswitch+norm,bongo_0463,0,0.520293
nb_char,clean,template,0,ctrl_codeswitch+norm,bongo_0531,0,0.288838
nb_char,clean,template,0,ctrl_codeswitch+norm,bongo_0542,0,0.140608
nb_char,clean,template,0,ctrl_codeswitch+norm,bongo_0545,0,0.141677
nb_char,clean,template,0,ctrl_codeswitch+norm,bongo_0571,0,0.402319
nb_char,clean,template,0,ctrl_codeswitch+norm,bongo_0630,0,0.168160
nb_char,clean,template,0,ctrl_codeswitch+norm,bongo_0648,0,0.315901
nb_char,clean,template,0,ctrl_codeswitch+norm,bongo_0674,0,0.115431
nb_char,clean,template,0,ctrl_codeswitch+norm,bongo_0685,0,0.571200
nb_char,clean,template,0,ctrl_codeswitch+norm,bongo_0701,0,0.127740
nb_char,clean,template,0,ctrl_codeswitch+norm,bongo_0741,0,0.045795
nb_char,clean,template,0,ctrl_codeswitch+norm,bongo_0795,0,0.229489
nb_char,clean,template,0,ctrl_codeswitch+norm,bongo_0818,0,0.145114
nb_char,clean,template,0,ctrl_codeswitch+norm,bongo_0819,0,0.226923
nb_char,clean,template,0,ctrl_codeswitch+norm,bongo_0835,0,0.112382
nb_char,clean,template,0,ctrl_codeswitch+norm,bongo_0856,0,0.078330
nb_char,clean,template,0,ctrl_codeswitch+norm,bongo_0872,0,0.603031
nb_char,clean,template,0,ctrl_codeswitch+norm,bongo_0904,0,0.548308
nb_char,clean,template,0,ctrl_codeswitch+norm,bongo_0950,0,0.116249
nb_char,clean,template,0,ctrl_codeswitch+norm,bongo_0956,0,0.105956
nb_char,clean,template,0,ctrl_codeswitch+norm,bongo_0971,0,0.124698
nb_char,clean,template,0,ctrl_codeswitch+norm,bongo_0983,0,0.284358
nb_char,clean,template,0,ctrl_codeswitch+norm,bongo_0994,0,0.577954
nb_char,clean,template,0,ctrl_codeswitch+norm,bongo_1006,0,0.471731
nb_char,clean,template,0,ctrl_codeswitch+norm,bongo_1015,0,0.150850
nb_char,clean,template,0,ctrl_codeswitch+norm,bongo_1037,0,0.186122
nb_char,clean,template,0,ctrl_codeswitch+norm,bongo_1040,0,0.305190
nb_char,clean,template,0,ctrl_codeswitch+norm,bongo_1050,0,0.058295
nb_char,clean,template,0,ctrl_codeswitch+norm,bongo_1059,0,0.177674
nb_char,clean,template,0,ctrl_codeswitch+norm,bongo_1071,0,0.252802
nb_char,clean,template,0,ctrl_codeswitch+norm,bongo_1090,0,0.370587
nb_char,clean,template,0,ctrl_codeswitch+norm,bongo_1115,0,0.063667
nb_char,clean,template,0,ctrl_codeswitch+norm,bongo_1123,0,0.078899
nb_char,clean,template,0,ctrl_codeswitch+norm,bongo_1125,0,0.320429
nb_char,clean,template,0,ctrl_codeswitch+norm,bongo_1135,0,0.337561
nb_char,clean,template,0,ctrl_codeswitch+norm,bongo_1155,0,0.050153
nb_char,clean,template,0,ctrl_codeswitch+norm,bongo_1194,0,0.278053
nb_char,clean,template,0,ctrl_codeswitch+norm,bongo_1198,0,0.126311
nb_char,clean,template,0,ctrl_codeswitch+norm,bongo_1236,0,0.086859
nb_char,clean,template,0,ctrl_codeswitch+norm,bongo_1244,0,0.231026
nb_char,clean,template,0,ctrl_codeswitch+norm,bongo_1249,0,0.180521
nb_char,clean,template,0,ctrl_codeswitch+norm,bongo_1253,0,0.321210
nb_char,clean,template,0,ctrl_codeswitch+norm,bongo_1260,0,0.093479
nb_char,clean,template,0,ctrl_codeswitch+norm,bongo_1262,0,0.303571
nb_char,clean,template,0,ctrl_codeswitch+norm,bongo_1285,0,0.085798
nb_char,clean,template,0,ctrl_codeswitch+norm,bongo_1316,0,0.194584
nb_char,clean,template,0,ctrl_codeswitch+norm,bongo_1330,0,0.358259
nb_char,clean,template,0,ctrl_codeswitch+norm,bongo_1359,0,0.022541
nb_char,clean,template,0,ctrl_codeswitch+norm,bongo_1375,0,0.090813
nb_char,clean,template,0,stress_genuine+phone,bongo_0029,0,0.872682
nb_char,clean,template,0,stress_genuine+phone,bongo_0053,0,0.678742
nb_char,clean,template,0,stress_genuine+phone,bongo_0097,0,0.910740
nb_char,clean,template,0,stress_genuine+phone,bongo_0107,0,0.366988
nb_char,clean,template,0,stress_genuine+phone,bongo_0110,0,0.495071
nb_char,clean,template,0,stress_genuine+phone,bongo_0115,0,0.934891
nb_char,clean,template,0,stress_genuine+phone,bongo_0143,0,0.234307
nb_char,clean,template,0,stress_genuine+phone,bongo_0160,0,0.468575
nb_char,clean,template,0,stress_genuine+phone,bongo_0172,0,0.721932
nb_char,clean,template,0,stress_genuine+phone,bongo_0175,0,0.452197
nb_char,clean,template,0,stress_genuine+phone,bongo_0182,0,0.218576
nb_char,clean,template,0,stress_genuine+phone,bongo_0197,0,0.322044
nb_char,clean,template,0,stress_genuine+phone,bongo_0253,0,0.527023
nb_char,clean,template,0,stress_genuine+phone,bongo_0271,0,0.245734
nb_char,clean,template,0,stress_genuine+phone,bongo_0300,0,0.076888
nb_char,clean,template,0,stress_genuine+phone,bongo_0306,0,0.389986
nb_char,clean,template,0,stress_genuine+phone,bongo_0363,0,0.321539
nb_char,clean,template,0,stress_genuine+phone,bongo_0368,0,0.765308
nb_char,clean,template,0,stress_genuine+phone,bongo_0372,0,0.721493
nb_char,clean,template,0,stress_genuine+phone,bongo_0389,0,0.368476
nb_char,clean,template,0,stress_genuine+phone,bongo_0395,0,0.820947
nb_char,clean,template,0,stress_genuine+phone,bongo_0427,0,0.924922
nb_char,clean,template,0,stress_genuine+phone,bongo_0463,0,0.953180
nb_char,clean,template,0,stress_genuine+phone,bongo_0531,0,0.664295
nb_char,clean,template,0,stress_genuine+phone,bongo_0542,0,0.442442
nb_char,clean,template,0,stress_genuine+phone,bongo_0545,0,0.411568
nb_char,clean,template,0,stress_genuine+phone,bongo_0571,0,0.808673
nb_char,clean,template,0,stress_genuine+phone,bongo_0630,0,0.534785
nb_char,clean,template,0,stress_genuine+phone,bongo_0648,0,0.913328
nb_char,clean,template,0,stress_genuine+phone,bongo_0674,0,0.344205
nb_char,clean,template,0,stress_genuine+phone,bongo_0685,0,0.996733
nb_char,clean,template,0,stress_genuine+phone,bongo_0701,0,0.360675
nb_char,clean,template,0,stress_genuine+phone,bongo_0741,0,0.143792
nb_char,clean,template,0,stress_genuine+phone,bongo_0795,0,0.743478
nb_char,clean,template,0,stress_genuine+phone,bongo_0818,0,0.664504
nb_char,clean,template,0,stress_genuine+phone,bongo_0819,0,0.600211
nb_char,clean,template,0,stress_genuine+phone,bongo_0835,0,0.305653
nb_char,clean,template,0,stress_genuine+phone,bongo_0856,0,0.251341
nb_char,clean,template,0,stress_genuine+phone,bongo_0872,0,0.798898
nb_char,clean,template,0,stress_genuine+phone,bongo_0904,0,0.950240
nb_char,clean,template,0,stress_genuine+phone,bongo_0950,0,0.581784
nb_char,clean,template,0,stress_genuine+phone,bongo_0956,0,0.227787
nb_char,clean,template,0,stress_genuine+phone,bongo_0971,0,0.351049
nb_char,clean,template,0,stress_genuine+phone,bongo_0983,0,0.642791
nb_char,clean,template,0,stress_genuine+phone,bongo_0994,0,0.966825
nb_char,clean,template,0,stress_genuine+phone,bongo_1006,0,0.825339
nb_char,clean,template,0,stress_genuine+phone,bongo_1015,0,0.387528
nb_char,clean,template,0,stress_genuine+phone,bongo_1037,0,0.541088
nb_char,clean,template,0,stress_genuine+phone,bongo_1040,0,0.652828
nb_char,clean,template,0,stress_genuine+phone,bongo_1050,0,0.224907
nb_char,clean,template,0,stress_genuine+phone,bongo_1059,0,0.466186
nb_char,clean,template,0,stress_genuine+phone,bongo_1071,0,0.501724
nb_char,clean,template,0,stress_genuine+phone,bongo_1090,0,0.898923
nb_char,clean,template,0,stress_genuine+phone,bongo_1115,0,0.203609
nb_char,clean,template,0,stress_genuine+phone,bongo_1123,0,0.279200
nb_char,clean,template,0,stress_genuine+phone,bongo_1125,0,0.916215
nb_char,clean,template,0,stress_genuine+phone,bongo_1135,0,0.631108
nb_char,clean,template,0,stress_genuine+phone,bongo_1155,0,0.159952
nb_char,clean,template,0,stress_genuine+phone,bongo_1194,0,0.705172
nb_char,clean,template,0,stress_genuine+phone,bongo_1198,0,0.457022
nb_char,clean,template,0,stress_genuine+phone,bongo_1236,0,0.394395
nb_char,clean,template,0,stress_genuine+phone,bongo_1244,0,0.436425
nb_char,clean,template,0,stress_genuine+phone,bongo_1249,0,0.474850
nb_char,clean,template,0,stress_genuine+phone,bongo_1253,0,0.571881
nb_char,clean,template,0,stress_genuine+phone,bongo_1260,0,0.294657
nb_char,clean,template,0,stress_genuine+phone,bongo_1262,0,0.555745
nb_char,clean,template,0,stress_genuine+phone,bongo_1285,0,0.248461
nb_char,clean,template,0,stress_genuine+phone,bongo_1316,0,0.668232
nb_char,clean,template,0,stress_genuine+phone,bongo_1330,0,0.882010
nb_char,clean,template,0,stress_genuine+phone,bongo_1359,0,0.084839
nb_char,clean,template,0,stress_genuine+phone,bongo_1375,0,0.321775
nb_char,clean,template,0,stress_genuine+amount,bongo_0029,0,0.724773
nb_char,clean,template,0,stress_genuine+amount,bongo_0053,0,0.579918
nb_char,clean,template,0,stress_genuine+amount,bongo_0097,0,0.831212
nb_char,clean,template,0,stress_genuine+amount,bongo_0107,0,0.288760
nb_char,clean,template,0,stress_genuine+amount,bongo_0110,0,0.378994
nb_char,clean,template,0,stress_genuine+amount,bongo_0115,0,0.862365
nb_char,clean,template,0,stress_genuine+amount,bongo_0143,0,0.189786
nb_char,clean,template,0,stress_genuine+amount,bongo_0160,0,0.357967
nb_char,clean,template,0,stress_genuine+amount,bongo_0172,0,0.629099
nb_char,clean,template,0,stress_genuine+amount,bongo_0175,0,0.376899
nb_char,clean,template,0,stress_genuine+amount,bongo_0182,0,0.175884
nb_char,clean,template,0,stress_genuine+amount,bongo_0197,0,0.250981
nb_char,clean,template,0,stress_genuine+amount,bongo_0253,0,0.434926
nb_char,clean,template,0,stress_genuine+amount,bongo_0271,0,0.198973
nb_char,clean,template,0,stress_genuine+amount,bongo_0300,0,0.061619
nb_char,clean,template,0,stress_genuine+amount,bongo_0306,0,0.304302
nb_char,clean,template,0,stress_genuine+amount,bongo_0363,0,0.252749
nb_char,clean,template,0,stress_genuine+amount,bongo_0368,0,0.654530
nb_char,clean,template,0,stress_genuine+amount,bongo_0372,0,0.603652
nb_char,clean,template,0,stress_genuine+amount,bongo_0389,0,0.297705
nb_char,clean,template,0,stress_genuine+amount,bongo_0395,0,0.649612
nb_char,clean,template,0,stress_genuine+amount,bongo_0427,0,0.880927
nb_char,clean,template,0,stress_genuine+amount,bongo_0463,0,0.886388
nb_char,clean,template,0,stress_genuine+amount,bongo_0531,0,0.552271
nb_char,clean,template,0,stress_genuine+amount,bongo_0542,0,0.345213
nb_char,clean,template,0,stress_genuine+amount,bongo_0545,0,0.325497
nb_char,clean,template,0,stress_genuine+amount,bongo_0571,0,0.695809
nb_char,clean,template,0,stress_genuine+amount,bongo_0630,0,0.416471
nb_char,clean,template,0,stress_genuine+amount,bongo_0648,0,0.761994
nb_char,clean,template,0,stress_genuine+amount,bongo_0674,0,0.271880
nb_char,clean,template,0,stress_genuine+amount,bongo_0685,0,0.988096
nb_char,clean,template,0,stress_genuine+amount,bongo_0701,0,0.289047
nb_char,clean,template,0,stress_genuine+amount,bongo_0741,0,0.116709
nb_char,clean,template,0,stress_genuine+amount,bongo_0795,0,0.590368
nb_char,clean,template,0,stress_genuine+amount,bongo_0818,0,0.499464
nb_char,clean,template,0,stress_genuine+amount,bongo_0819,0,0.486243
nb_char,clean,template,0,stress_genuine+amount,bongo_0835,0,0.245646
nb_char,clean,template,0,stress_genuine+amount,bongo_0856,0,0.197902
nb_char,clean,template,0,stress_genuine+amount,bongo_0872,0,0.690976
nb_char,clean,template,0,stress_genuine+amount,bongo_0904,0,0.893023
nb_char,clean,template,0,stress_genuine+amount,bongo_0950,0,0.428035
nb_char,clean,template,0,stress_genuine+amount,bongo_0956,0,0.193798
nb_char,clean,template,0,stress_genuine+amount,bongo_0971,0,0.282101
nb_char,clean,template,0,stress_genuine+amount,bongo_0983,0,0.534067
nb_char,clean,template,0,stress_genuine+amount,bongo_0994,0,0.915934
nb_char,clean,template,0,stress_genuine+amount,bongo_1006,0,0.760369
nb_char,clean,template,0,stress_genuine+amount,bongo_1015,0,0.311738
nb_char,clean,template,0,stress_genuine+amount,bongo_1037,0,0.434418
nb_char,clean,template,0,stress_genuine+amount,bongo_1040,0,0.549303
nb_char,clean,template,0,stress_genuine+amount,bongo_1050,0,0.172563
nb_char,clean,template,0,stress_genuine+amount,bongo_1059,0,0.381620
nb_char,clean,template,0,stress_genuine+amount,bongo_1071,0,0.427594
nb_char,clean,template,0,stress_genuine+amount,bongo_1090,0,0.762644
nb_char,clean,template,0,stress_genuine+amount,bongo_1115,0,0.161460
nb_char,clean,template,0,stress_genuine+amount,bongo_1123,0,0.215940
nb_char,clean,template,0,stress_genuine+amount,bongo_1125,0,0.764533
nb_char,clean,template,0,stress_genuine+amount,bongo_1135,0,0.542315
nb_char,clean,template,0,stress_genuine+amount,bongo_1155,0,0.126917
nb_char,clean,template,0,stress_genuine+amount,bongo_1194,0,0.578516
nb_char,clean,template,0,stress_genuine+amount,bongo_1198,0,0.350815
nb_char,clean,template,0,stress_genuine+amount,bongo_1236,0,0.296626
nb_char,clean,template,0,stress_genuine+amount,bongo_1244,0,0.341197
nb_char,clean,template,0,stress_genuine+amount,bongo_1249,0,0.383729
nb_char,clean,template,0,stress_genuine+amount,bongo_1253,0,0.498677
nb_char,clean,template,0,stress_genuine+amount,bongo_1260,0,0.231665
nb_char,clean,template,0,stress_genuine+amount,bongo_1262,0,0.480534
nb_char,clean,template,0,stress_genuine+amount,bongo_1285,0,0.199657
nb_char,clean,template,0,stress_genuine+amount,bongo_1316,0,0.522095
nb_char,clean,template,0,stress_genuine+amount,bongo_1330,0,0.743932
nb_char,clean,template,0,stress_genuine+amount,bongo_1359,0,0.070067
nb_char,clean,template,0,stress_genuine+amount,bongo_1375,0,0.248771
nb_char,clean,template,0,stress_scam-number,bongo_0025,1,0.990682
nb_char,clean,template,0,stress_scam-number,bongo_0039,1,0.999746
nb_char,clean,template,0,stress_scam-number,bongo_0047,1,0.981508
nb_char,clean,template,0,stress_scam-number,bongo_0061,1,0.506072
nb_char,clean,template,0,stress_scam-number,bongo_0146,1,0.999364
nb_char,clean,template,0,stress_scam-number,bongo_0154,1,0.963600
nb_char,clean,template,0,stress_scam-number,bongo_0195,1,0.997120
nb_char,clean,template,0,stress_scam-number,bongo_0201,1,0.997165
nb_char,clean,template,0,stress_scam-number,bongo_0203,1,0.999232
nb_char,clean,template,0,stress_scam-number,bongo_0360,1,0.999155
nb_char,clean,template,0,stress_scam-number,bongo_0361,1,0.999240
nb_char,clean,template,0,stress_scam-number,bongo_0405,1,0.998231
nb_char,clean,template,0,stress_scam-number,bongo_0424,1,0.997773
nb_char,clean,template,0,stress_scam-number,bongo_0476,1,0.997084
nb_char,clean,template,0,stress_scam-number,bongo_0510,1,0.999045
nb_char,clean,template,0,stress_scam-number,bongo_0566,1,0.999796
nb_char,clean,template,0,stress_scam-number,bongo_0577,1,0.998751
nb_char,clean,template,0,stress_scam-number,bongo_0580,1,0.995782
nb_char,clean,template,0,stress_scam-number,bongo_0621,1,0.992880
nb_char,clean,template,0,stress_scam-number,bongo_0624,1,0.999323
nb_char,clean,template,0,stress_scam-number,bongo_0638,1,0.999586
nb_char,clean,template,0,stress_scam-number,bongo_0721,1,0.998614
nb_char,clean,template,0,stress_scam-number,bongo_0729,1,0.997513
nb_char,clean,template,0,stress_scam-number,bongo_0769,1,0.999040
nb_char,clean,template,0,stress_scam-number,bongo_0787,1,0.999400
nb_char,clean,template,0,stress_scam-number,bongo_0807,1,0.998282
nb_char,clean,template,0,stress_scam-number,bongo_0840,1,0.999210
nb_char,clean,template,0,stress_scam-number,bongo_0864,1,0.999832
nb_char,clean,template,0,stress_scam-number,bongo_0871,1,0.999510
nb_char,clean,template,0,stress_scam-number,bongo_0905,1,0.999555
nb_char,clean,template,0,stress_scam-number,bongo_0909,1,0.998827
nb_char,clean,template,0,stress_scam-number,bongo_0918,1,0.998083
nb_char,clean,template,0,stress_scam-number,bongo_0955,1,0.999191
nb_char,clean,template,0,stress_scam-number,bongo_0989,1,0.999534
nb_char,clean,template,0,stress_scam-number,bongo_1042,1,0.996700
nb_char,clean,template,0,stress_scam-number,bongo_1047,1,0.999812
nb_char,clean,template,0,stress_scam-number,bongo_1052,1,0.998356
nb_char,clean,template,0,stress_scam-number,bongo_1104,1,0.998587
nb_char,clean,template,0,stress_scam-number,bongo_1131,1,0.995732
nb_char,clean,template,0,stress_scam-number,bongo_1136,1,0.947012
nb_char,clean,template,0,stress_scam-number,bongo_1138,1,0.999729
nb_char,clean,template,0,stress_scam-number,bongo_1140,1,0.995191
nb_char,clean,template,0,stress_scam-number,bongo_1154,1,0.999650
nb_char,clean,template,0,stress_scam-number,bongo_1171,1,0.998471
nb_char,clean,template,0,stress_scam-number,bongo_1181,1,0.991417
nb_char,clean,template,0,stress_scam-number,bongo_1220,1,0.999296
nb_char,clean,template,0,stress_scam-number,bongo_1233,1,0.999683
nb_char,clean,template,0,stress_scam-number,bongo_1293,1,0.999010
nb_char,clean,template,0,valstress_genuine+phone,bongo_0008,0,0.314112
nb_char,clean,template,0,valstress_genuine+phone,bongo_0033,0,0.294148
nb_char,clean,template,0,valstress_genuine+phone,bongo_0063,0,0.591680
nb_char,clean,template,0,valstress_genuine+phone,bongo_0065,0,0.698319
nb_char,clean,template,0,valstress_genuine+phone,bongo_0076,0,0.452444
nb_char,clean,template,0,valstress_genuine+phone,bongo_0081,0,0.208963
nb_char,clean,template,0,valstress_genuine+phone,bongo_0095,0,0.198566
nb_char,clean,template,0,valstress_genuine+phone,bongo_0105,0,0.206163
nb_char,clean,template,0,valstress_genuine+phone,bongo_0111,0,0.372865
nb_char,clean,template,0,valstress_genuine+phone,bongo_0121,0,0.832226
nb_char,clean,template,0,valstress_genuine+phone,bongo_0127,0,0.078692
nb_char,clean,template,0,valstress_genuine+phone,bongo_0145,0,0.292190
nb_char,clean,template,0,valstress_genuine+phone,bongo_0148,0,0.843325
nb_char,clean,template,0,valstress_genuine+phone,bongo_0186,0,0.104030
nb_char,clean,template,0,valstress_genuine+phone,bongo_0191,0,0.328529
nb_char,clean,template,0,valstress_genuine+phone,bongo_0264,0,0.535594
nb_char,clean,template,0,valstress_genuine+phone,bongo_0275,0,0.423196
nb_char,clean,template,0,valstress_genuine+phone,bongo_0393,0,0.402755
nb_char,clean,template,0,valstress_genuine+phone,bongo_0410,0,0.475848
nb_char,clean,template,0,valstress_genuine+phone,bongo_0411,0,0.607067
nb_char,clean,template,0,valstress_genuine+phone,bongo_0426,0,0.427126
nb_char,clean,template,0,valstress_genuine+phone,bongo_0430,0,0.893994
nb_char,clean,template,0,valstress_genuine+phone,bongo_0495,0,0.659939
nb_char,clean,template,0,valstress_genuine+phone,bongo_0548,0,0.467724
nb_char,clean,template,0,valstress_genuine+phone,bongo_0561,0,0.844420
nb_char,clean,template,0,valstress_genuine+phone,bongo_0563,0,0.287256
nb_char,clean,template,0,valstress_genuine+phone,bongo_0581,0,0.563833
nb_char,clean,template,0,valstress_genuine+phone,bongo_0593,0,0.266102
nb_char,clean,template,0,valstress_genuine+phone,bongo_0607,0,0.294275
nb_char,clean,template,0,valstress_genuine+phone,bongo_0610,0,0.754356
nb_char,clean,template,0,valstress_genuine+phone,bongo_0634,0,0.333499
nb_char,clean,template,0,valstress_genuine+phone,bongo_0643,0,0.190899
nb_char,clean,template,0,valstress_genuine+phone,bongo_0672,0,0.844988
nb_char,clean,template,0,valstress_genuine+phone,bongo_0681,0,0.287691
nb_char,clean,template,0,valstress_genuine+phone,bongo_0693,0,0.122093
nb_char,clean,template,0,valstress_genuine+phone,bongo_0694,0,0.270435
nb_char,clean,template,0,valstress_genuine+phone,bongo_0726,0,0.758691
nb_char,clean,template,0,valstress_genuine+phone,bongo_0742,0,0.448202
nb_char,clean,template,0,valstress_genuine+phone,bongo_0752,0,0.289543
nb_char,clean,template,0,valstress_genuine+phone,bongo_0754,0,0.310482
nb_char,clean,template,0,valstress_genuine+phone,bongo_0805,0,0.551971
nb_char,clean,template,0,valstress_genuine+phone,bongo_0809,0,0.178839
nb_char,clean,template,0,valstress_genuine+phone,bongo_0833,0,0.275731
nb_char,clean,template,0,valstress_genuine+phone,bongo_0919,0,0.476669
nb_char,clean,template,0,valstress_genuine+phone,bongo_0922,0,0.594377
nb_char,clean,template,0,valstress_genuine+phone,bongo_0973,0,0.150931
nb_char,clean,template,0,valstress_genuine+phone,bongo_0988,0,0.468620
nb_char,clean,template,0,valstress_genuine+phone,bongo_0992,0,0.837790
nb_char,clean,template,0,valstress_genuine+phone,bongo_1039,0,0.236658
nb_char,clean,template,0,valstress_genuine+phone,bongo_1044,0,0.483642
nb_char,clean,template,0,valstress_genuine+phone,bongo_1082,0,0.882617
nb_char,clean,template,0,valstress_genuine+phone,bongo_1099,0,0.652331
nb_char,clean,template,0,valstress_genuine+phone,bongo_1108,0,0.125562
nb_char,clean,template,0,valstress_genuine+phone,bongo_1109,0,0.326409
nb_char,clean,template,0,valstress_genuine+phone,bongo_1120,0,0.322615
nb_char,clean,template,0,valstress_genuine+phone,bongo_1124,0,0.280763
nb_char,clean,template,0,valstress_genuine+phone,bongo_1145,0,0.264600
nb_char,clean,template,0,valstress_genuine+phone,bongo_1153,0,0.283008
nb_char,clean,template,0,valstress_genuine+phone,bongo_1161,0,0.867480
nb_char,clean,template,0,valstress_genuine+phone,bongo_1162,0,0.908927
nb_char,clean,template,0,valstress_genuine+phone,bongo_1212,0,0.769312
nb_char,clean,template,0,valstress_genuine+phone,bongo_1216,0,0.937519
nb_char,clean,template,0,valstress_genuine+phone,bongo_1265,0,0.654449
nb_char,clean,template,0,valstress_genuine+phone,bongo_1272,0,0.548084
nb_char,clean,template,0,valstress_genuine+phone,bongo_1275,0,0.238281
nb_char,clean,template,0,valstress_genuine+phone,bongo_1296,0,0.517678
nb_char,clean,template,0,valstress_genuine+phone,bongo_1328,0,0.222915
nb_char,clean,template,0,valstress_genuine+phone,bongo_1335,0,0.712623
nb_char,clean,template,0,valstress_genuine+phone,bongo_1341,0,0.662829
nb_char,clean,template,0,valstress_genuine+phone,bongo_1349,0,0.608120
nb_char,clean,template,0,valstress_genuine+phone,bongo_1360,0,0.322333
nb_char,clean,template,0,valstress_genuine+amount,bongo_0008,0,0.245695
nb_char,clean,template,0,valstress_genuine+amount,bongo_0033,0,0.236785
nb_char,clean,template,0,valstress_genuine+amount,bongo_0063,0,0.499918
nb_char,clean,template,0,valstress_genuine+amount,bongo_0065,0,0.575856
nb_char,clean,template,0,valstress_genuine+amount,bongo_0076,0,0.359405
nb_char,clean,template,0,valstress_genuine+amount,bongo_0081,0,0.164293
nb_char,clean,template,0,valstress_genuine+amount,bongo_0095,0,0.151192
nb_char,clean,template,0,valstress_genuine+amount,bongo_0105,0,0.167496
nb_char,clean,template,0,valstress_genuine+amount,bongo_0111,0,0.306450
nb_char,clean,template,0,valstress_genuine+amount,bongo_0121,0,0.736256
nb_char,clean,template,0,valstress_genuine+amount,bongo_0127,0,0.065069
nb_char,clean,template,0,valstress_genuine+amount,bongo_0145,0,0.244743
nb_char,clean,template,0,valstress_genuine+amount,bongo_0148,0,0.736170
nb_char,clean,template,0,valstress_genuine+amount,bongo_0186,0,0.083071
nb_char,clean,template,0,valstress_genuine+amount,bongo_0191,0,0.264322
nb_char,clean,template,0,valstress_genuine+amount,bongo_0264,0,0.398792
nb_char,clean,template,0,valstress_genuine+amount,bongo_0275,0,0.337983
nb_char,clean,template,0,valstress_genuine+amount,bongo_0393,0,0.323362
nb_char,clean,template,0,valstress_genuine+amount,bongo_0410,0,0.384556
nb_char,clean,template,0,valstress_genuine+amount,bongo_0411,0,0.487349
nb_char,clean,template,0,valstress_genuine+amount,bongo_0426,0,0.332720
nb_char,clean,template,0,valstress_genuine+amount,bongo_0430,0,0.808051
nb_char,clean,template,0,valstress_genuine+amount,bongo_0495,0,0.494700
nb_char,clean,template,0,valstress_genuine+amount,bongo_0548,0,0.392012
nb_char,clean,template,0,valstress_genuine+amount,bongo_0561,0,0.715880
nb_char,clean,template,0,valstress_genuine+amount,bongo_0563,0,0.221894
nb_char,clean,template,0,valstress_genuine+amount,bongo_0581,0,0.420731
nb_char,clean,template,0,valstress_genuine+amount,bongo_0593,0,0.210988
nb_char,clean,template,0,valstress_genuine+amount,bongo_0607,0,0.223817
nb_char,clean,template,0,valstress_genuine+amount,bongo_0610,0,0.663672
nb_char,clean,template,0,valstress_genuine+amount,bongo_0634,0,0.250939
nb_char,clean,template,0,valstress_genuine+amount,bongo_0643,0,0.148023
nb_char,clean,template,0,valstress_genuine+amount,bongo_0672,0,0.746281
nb_char,clean,template,0,valstress_genuine+amount,bongo_0681,0,0.224389
nb_char,clean,template,0,valstress_genuine+amount,bongo_0693,0,0.096327
nb_char,clean,template,0,valstress_genuine+amount,bongo_0694,0,0.200167
nb_char,clean,template,0,valstress_genuine+amount,bongo_0726,0,0.624450
nb_char,clean,template,0,valstress_genuine+amount,bongo_0742,0,0.363448
nb_char,clean,template,0,valstress_genuine+amount,bongo_0752,0,0.220938
nb_char,clean,template,0,valstress_genuine+amount,bongo_0754,0,0.234877
nb_char,clean,template,0,valstress_genuine+amount,bongo_0805,0,0.457757
nb_char,clean,template,0,valstress_genuine+amount,bongo_0809,0,0.144529
nb_char,clean,template,0,valstress_genuine+amount,bongo_0833,0,0.222408
nb_char,clean,template,0,valstress_genuine+amount,bongo_0919,0,0.388644
nb_char,clean,template,0,valstress_genuine+amount,bongo_0922,0,0.472442
nb_char,clean,template,0,valstress_genuine+amount,bongo_0973,0,0.118654
nb_char,clean,template,0,valstress_genuine+amount,bongo_0988,0,0.372720
nb_char,clean,template,0,valstress_genuine+amount,bongo_0992,0,0.687939
nb_char,clean,template,0,valstress_genuine+amount,bongo_1039,0,0.184960
nb_char,clean,template,0,valstress_genuine+amount,bongo_1044,0,0.403715
nb_char,clean,template,0,valstress_genuine+amount,bongo_1082,0,0.748349
nb_char,clean,template,0,valstress_genuine+amount,bongo_1099,0,0.506632
nb_char,clean,template,0,valstress_genuine+amount,bongo_1108,0,0.100543
nb_char,clean,template,0,valstress_genuine+amount,bongo_1109,0,0.251788
nb_char,clean,template,0,valstress_genuine+amount,bongo_1120,0,0.265126
nb_char,clean,template,0,valstress_genuine+amount,bongo_1124,0,0.223670
nb_char,clean,template,0,valstress_genuine+amount,bongo_1145,0,0.204857
nb_char,clean,template,0,valstress_genuine+amount,bongo_1153,0,0.222374
nb_char,clean,template,0,valstress_genuine+amount,bongo_1161,0,0.779447
nb_char,clean,template,0,valstress_genuine+amount,bongo_1162,0,0.748726
nb_char,clean,template,0,valstress_genuine+amount,bongo_1212,0,0.664361
nb_char,clean,template,0,valstress_genuine+amount,bongo_1216,0,0.816879
nb_char,clean,template,0,valstress_genuine+amount,bongo_1265,0,0.542771
nb_char,clean,template,0,valstress_genuine+amount,bongo_1272,0,0.439884
nb_char,clean,template,0,valstress_genuine+amount,bongo_1275,0,0.197063
nb_char,clean,template,0,valstress_genuine+amount,bongo_1296,0,0.396722
nb_char,clean,template,0,valstress_genuine+amount,bongo_1328,0,0.174426
nb_char,clean,template,0,valstress_genuine+amount,bongo_1335,0,0.575799
nb_char,clean,template,0,valstress_genuine+amount,bongo_1341,0,0.550773
nb_char,clean,template,0,valstress_genuine+amount,bongo_1349,0,0.483574
nb_char,clean,template,0,valstress_genuine+amount,bongo_1360,0,0.224215
nb_char,clean,template,0,valstress_scam-number,bongo_0004,1,0.973642
nb_char,clean,template,0,valstress_scam-number,bongo_0031,1,0.959212
nb_char,clean,template,0,valstress_scam-number,bongo_0036,1,0.999770
nb_char,clean,template,0,valstress_scam-number,bongo_0046,1,0.952757
nb_char,clean,template,0,valstress_scam-number,bongo_0052,1,0.998594
nb_char,clean,template,0,valstress_scam-number,bongo_0057,1,0.998110
nb_char,clean,template,0,valstress_scam-number,bongo_0088,1,0.999334
nb_char,clean,template,0,valstress_scam-number,bongo_0089,1,0.971211
nb_char,clean,template,0,valstress_scam-number,bongo_0101,1,0.999180
nb_char,clean,template,0,valstress_scam-number,bongo_0102,1,0.999490
nb_char,clean,template,0,valstress_scam-number,bongo_0120,1,0.956015
nb_char,clean,template,0,valstress_scam-number,bongo_0210,1,0.999300
nb_char,clean,template,0,valstress_scam-number,bongo_0226,1,0.970252
nb_char,clean,template,0,valstress_scam-number,bongo_0228,1,0.972948
nb_char,clean,template,0,valstress_scam-number,bongo_0235,1,0.965735
nb_char,clean,template,0,valstress_scam-number,bongo_0243,1,0.999829
nb_char,clean,template,0,valstress_scam-number,bongo_0247,1,0.999080
nb_char,clean,template,0,valstress_scam-number,bongo_0248,1,0.997917
nb_char,clean,template,0,valstress_scam-number,bongo_0278,1,0.999391
nb_char,clean,template,0,valstress_scam-number,bongo_0312,1,0.961073
nb_char,clean,template,0,valstress_scam-number,bongo_0315,1,0.926563
nb_char,clean,template,0,valstress_scam-number,bongo_0319,1,0.998543
nb_char,clean,template,0,valstress_scam-number,bongo_0353,1,0.970950
nb_char,clean,template,0,valstress_scam-number,bongo_0370,1,0.994070
nb_char,clean,template,0,valstress_scam-number,bongo_0377,1,0.990343
nb_char,clean,template,0,valstress_scam-number,bongo_0403,1,0.998993
nb_char,clean,template,0,valstress_scam-number,bongo_0438,1,0.994977
nb_char,clean,template,0,valstress_scam-number,bongo_0451,1,0.999189
nb_char,clean,template,0,valstress_scam-number,bongo_0455,1,0.937434
nb_char,clean,template,0,valstress_scam-number,bongo_0466,1,0.998979
nb_char,clean,template,0,valstress_scam-number,bongo_0499,1,0.999871
nb_char,clean,template,0,valstress_scam-number,bongo_0502,1,0.999820
nb_char,clean,template,0,valstress_scam-number,bongo_0556,1,0.999663
nb_char,clean,template,0,valstress_scam-number,bongo_0557,1,0.999806
nb_char,clean,template,0,valstress_scam-number,bongo_0570,1,0.968803
nb_char,clean,template,0,valstress_scam-number,bongo_0587,1,0.999806
nb_char,clean,template,0,valstress_scam-number,bongo_0632,1,0.998437
nb_char,clean,template,0,valstress_scam-number,bongo_0637,1,0.972409
nb_char,clean,template,0,valstress_scam-number,bongo_0666,1,0.999071
nb_char,clean,template,0,valstress_scam-number,bongo_0680,1,0.999658
nb_char,clean,template,0,valstress_scam-number,bongo_0698,1,0.952008
nb_char,clean,template,0,valstress_scam-number,bongo_0762,1,0.998133
nb_char,clean,template,0,valstress_scam-number,bongo_0764,1,0.998531
nb_char,clean,template,0,valstress_scam-number,bongo_0788,1,0.999588
nb_char,clean,template,0,valstress_scam-number,bongo_0811,1,0.999859
nb_char,clean,template,0,valstress_scam-number,bongo_0823,1,0.989280
nb_char,clean,template,0,valstress_scam-number,bongo_0827,1,0.999862
nb_char,clean,template,0,valstress_scam-number,bongo_0844,1,0.968741
nb_char,clean,template,0,valstress_scam-number,bongo_0869,1,0.967296
nb_char,clean,template,0,valstress_scam-number,bongo_0880,1,0.999533
nb_char,clean,template,0,valstress_scam-number,bongo_0886,1,0.997215
nb_char,clean,template,0,valstress_scam-number,bongo_0911,1,0.986790
nb_char,clean,template,0,valstress_scam-number,bongo_0921,1,0.998548
nb_char,clean,template,0,valstress_scam-number,bongo_0923,1,0.966475
nb_char,clean,template,0,valstress_scam-number,bongo_0943,1,0.999581
nb_char,clean,template,0,valstress_scam-number,bongo_0948,1,0.959826
nb_char,clean,template,0,valstress_scam-number,bongo_0949,1,0.998072
nb_char,clean,template,0,valstress_scam-number,bongo_0959,1,0.999112
nb_char,clean,template,0,valstress_scam-number,bongo_0961,1,0.994237
nb_char,clean,template,0,valstress_scam-number,bongo_1001,1,0.999195
nb_char,clean,template,0,valstress_scam-number,bongo_1028,1,0.998155
nb_char,clean,template,0,valstress_scam-number,bongo_1101,1,0.999827
nb_char,clean,template,0,valstress_scam-number,bongo_1130,1,0.998091
nb_char,clean,template,0,valstress_scam-number,bongo_1132,1,0.997213
nb_char,clean,template,0,valstress_scam-number,bongo_1137,1,0.964740
nb_char,clean,template,0,valstress_scam-number,bongo_1163,1,0.944795
nb_char,clean,template,0,valstress_scam-number,bongo_1166,1,0.999711
nb_char,clean,template,0,valstress_scam-number,bongo_1197,1,0.987612
nb_char,clean,template,0,valstress_scam-number,bongo_1203,1,0.998749
nb_char,clean,template,0,valstress_scam-number,bongo_1213,1,0.997897
nb_char,clean,template,0,valstress_scam-number,bongo_1247,1,0.992041
nb_char,clean,template,0,valstress_scam-number,bongo_1251,1,0.962545
nb_char,clean,template,0,valstress_scam-number,bongo_1257,1,0.994457
nb_char,clean,template,0,valstress_scam-number,bongo_1258,1,0.971087
nb_char,clean,template,0,valstress_scam-number,bongo_1299,1,0.997213
nb_char,clean,template,0,valstress_scam-number,bongo_1307,1,0.999819
nb_char,clean,template,0,ctrlall_lookalike,bongo_0029,0,0.343461
nb_char,clean,template,0,ctrlall_lookalike,bongo_0053,0,0.413088
nb_char,clean,template,0,ctrlall_lookalike,bongo_0097,0,0.594814
nb_char,clean,template,0,ctrlall_lookalike,bongo_0107,0,0.242737
nb_char,clean,template,0,ctrlall_lookalike,bongo_0110,0,0.405760
nb_char,clean,template,0,ctrlall_lookalike,bongo_0115,0,0.567582
nb_char,clean,template,0,ctrlall_lookalike,bongo_0143,0,0.313021
nb_char,clean,template,0,ctrlall_lookalike,bongo_0160,0,0.326782
nb_char,clean,template,0,ctrlall_lookalike,bongo_0172,0,0.710323
nb_char,clean,template,0,ctrlall_lookalike,bongo_0175,0,0.339439
nb_char,clean,template,0,ctrlall_lookalike,bongo_0182,0,0.257086
nb_char,clean,template,0,ctrlall_lookalike,bongo_0197,0,0.305753
nb_char,clean,template,0,ctrlall_lookalike,bongo_0253,0,0.299014
nb_char,clean,template,0,ctrlall_lookalike,bongo_0271,0,0.409602
nb_char,clean,template,0,ctrlall_lookalike,bongo_0300,0,0.090848
nb_char,clean,template,0,ctrlall_lookalike,bongo_0306,0,0.404668
nb_char,clean,template,0,ctrlall_lookalike,bongo_0363,0,0.289802
nb_char,clean,template,0,ctrlall_lookalike,bongo_0368,0,0.441362
nb_char,clean,template,0,ctrlall_lookalike,bongo_0372,0,0.476547
nb_char,clean,template,0,ctrlall_lookalike,bongo_0389,0,0.394500
nb_char,clean,template,0,ctrlall_lookalike,bongo_0395,0,0.300334
nb_char,clean,template,0,ctrlall_lookalike,bongo_0427,0,0.545658
nb_char,clean,template,0,ctrlall_lookalike,bongo_0463,0,0.632612
nb_char,clean,template,0,ctrlall_lookalike,bongo_0531,0,0.351865
nb_char,clean,template,0,ctrlall_lookalike,bongo_0542,0,0.323116
nb_char,clean,template,0,ctrlall_lookalike,bongo_0545,0,0.326591
nb_char,clean,template,0,ctrlall_lookalike,bongo_0571,0,0.544455
nb_char,clean,template,0,ctrlall_lookalike,bongo_0630,0,0.330294
nb_char,clean,template,0,ctrlall_lookalike,bongo_0648,0,0.646248
nb_char,clean,template,0,ctrlall_lookalike,bongo_0674,0,0.305180
nb_char,clean,template,0,ctrlall_lookalike,bongo_0685,0,0.765224
nb_char,clean,template,0,ctrlall_lookalike,bongo_0701,0,0.373782
nb_char,clean,template,0,ctrlall_lookalike,bongo_0741,0,0.182156
nb_char,clean,template,0,ctrlall_lookalike,bongo_0795,0,0.493728
nb_char,clean,template,0,ctrlall_lookalike,bongo_0818,0,0.428444
nb_char,clean,template,0,ctrlall_lookalike,bongo_0819,0,0.329374
nb_char,clean,template,0,ctrlall_lookalike,bongo_0835,0,0.285144
nb_char,clean,template,0,ctrlall_lookalike,bongo_0856,0,0.193862
nb_char,clean,template,0,ctrlall_lookalike,bongo_0872,0,0.528250
nb_char,clean,template,0,ctrlall_lookalike,bongo_0904,0,0.501469
nb_char,clean,template,0,ctrlall_lookalike,bongo_0950,0,0.282204
nb_char,clean,template,0,ctrlall_lookalike,bongo_0956,0,0.334438
nb_char,clean,template,0,ctrlall_lookalike,bongo_0971,0,0.473507
nb_char,clean,template,0,ctrlall_lookalike,bongo_0983,0,0.389010
nb_char,clean,template,0,ctrlall_lookalike,bongo_0994,0,0.475949
nb_char,clean,template,0,ctrlall_lookalike,bongo_1006,0,0.641083
nb_char,clean,template,0,ctrlall_lookalike,bongo_1015,0,0.400415
nb_char,clean,template,0,ctrlall_lookalike,bongo_1037,0,0.334448
nb_char,clean,template,0,ctrlall_lookalike,bongo_1040,0,0.574736
nb_char,clean,template,0,ctrlall_lookalike,bongo_1050,0,0.165995
nb_char,clean,template,0,ctrlall_lookalike,bongo_1059,0,0.317712
nb_char,clean,template,0,ctrlall_lookalike,bongo_1071,0,0.379752
nb_char,clean,template,0,ctrlall_lookalike,bongo_1090,0,0.481841
nb_char,clean,template,0,ctrlall_lookalike,bongo_1115,0,0.261295
nb_char,clean,template,0,ctrlall_lookalike,bongo_1123,0,0.279544
nb_char,clean,template,0,ctrlall_lookalike,bongo_1125,0,0.557950
nb_char,clean,template,0,ctrlall_lookalike,bongo_1135,0,0.255026
nb_char,clean,template,0,ctrlall_lookalike,bongo_1155,0,0.220264
nb_char,clean,template,0,ctrlall_lookalike,bongo_1194,0,0.556847
nb_char,clean,template,0,ctrlall_lookalike,bongo_1198,0,0.326893
nb_char,clean,template,0,ctrlall_lookalike,bongo_1236,0,0.258038
nb_char,clean,template,0,ctrlall_lookalike,bongo_1244,0,0.644289
nb_char,clean,template,0,ctrlall_lookalike,bongo_1249,0,0.367524
nb_char,clean,template,0,ctrlall_lookalike,bongo_1253,0,0.459928
nb_char,clean,template,0,ctrlall_lookalike,bongo_1260,0,0.345389
nb_char,clean,template,0,ctrlall_lookalike,bongo_1262,0,0.544779
nb_char,clean,template,0,ctrlall_lookalike,bongo_1285,0,0.282915
nb_char,clean,template,0,ctrlall_lookalike,bongo_1316,0,0.207561
nb_char,clean,template,0,ctrlall_lookalike,bongo_1330,0,0.505617
nb_char,clean,template,0,ctrlall_lookalike,bongo_1359,0,0.134545
nb_char,clean,template,0,ctrlall_lookalike,bongo_1375,0,0.276825
nb_char,clean,template,0,ctrlall_structural,bongo_0029,0,0.642668
nb_char,clean,template,0,ctrlall_structural,bongo_0053,0,0.774645
nb_char,clean,template,0,ctrlall_structural,bongo_0097,0,0.560853
nb_char,clean,template,0,ctrlall_structural,bongo_0107,0,0.339146
nb_char,clean,template,0,ctrlall_structural,bongo_0110,0,0.638503
nb_char,clean,template,0,ctrlall_structural,bongo_0115,0,0.826768
nb_char,clean,template,0,ctrlall_structural,bongo_0143,0,0.597986
nb_char,clean,template,0,ctrlall_structural,bongo_0160,0,0.776490
nb_char,clean,template,0,ctrlall_structural,bongo_0172,0,0.698342
nb_char,clean,template,0,ctrlall_structural,bongo_0175,0,0.475516
nb_char,clean,template,0,ctrlall_structural,bongo_0182,0,0.579962
nb_char,clean,template,0,ctrlall_structural,bongo_0197,0,0.331561
nb_char,clean,template,0,ctrlall_structural,bongo_0253,0,0.613853
nb_char,clean,template,0,ctrlall_structural,bongo_0271,0,0.385647
nb_char,clean,template,0,ctrlall_structural,bongo_0300,0,0.087355
nb_char,clean,template,0,ctrlall_structural,bongo_0306,0,0.673578
nb_char,clean,template,0,ctrlall_structural,bongo_0363,0,0.805905
nb_char,clean,template,0,ctrlall_structural,bongo_0368,0,0.565498
nb_char,clean,template,0,ctrlall_structural,bongo_0372,0,0.472727
nb_char,clean,template,0,ctrlall_structural,bongo_0389,0,0.622243
nb_char,clean,template,0,ctrlall_structural,bongo_0395,0,0.525019
nb_char,clean,template,0,ctrlall_structural,bongo_0427,0,0.780217
nb_char,clean,template,0,ctrlall_structural,bongo_0463,0,0.526908
nb_char,clean,template,0,ctrlall_structural,bongo_0531,0,0.522304
nb_char,clean,template,0,ctrlall_structural,bongo_0542,0,0.551799
nb_char,clean,template,0,ctrlall_structural,bongo_0545,0,0.735036
nb_char,clean,template,0,ctrlall_structural,bongo_0571,0,0.654663
nb_char,clean,template,0,ctrlall_structural,bongo_0630,0,0.760119
nb_char,clean,template,0,ctrlall_structural,bongo_0648,0,0.460539
nb_char,clean,template,0,ctrlall_structural,bongo_0674,0,0.461249
nb_char,clean,template,0,ctrlall_structural,bongo_0685,0,0.877115
nb_char,clean,template,0,ctrlall_structural,bongo_0701,0,0.458066
nb_char,clean,template,0,ctrlall_structural,bongo_0741,0,0.459577
nb_char,clean,template,0,ctrlall_structural,bongo_0795,0,0.512011
nb_char,clean,template,0,ctrlall_structural,bongo_0818,0,0.577667
nb_char,clean,template,0,ctrlall_structural,bongo_0819,0,0.491978
nb_char,clean,template,0,ctrlall_structural,bongo_0835,0,0.527527
nb_char,clean,template,0,ctrlall_structural,bongo_0856,0,0.722595
nb_char,clean,template,0,ctrlall_structural,bongo_0872,0,0.724023
nb_char,clean,template,0,ctrlall_structural,bongo_0904,0,0.706877
nb_char,clean,template,0,ctrlall_structural,bongo_0950,0,0.323741
nb_char,clean,template,0,ctrlall_structural,bongo_0956,0,0.627939
nb_char,clean,template,0,ctrlall_structural,bongo_0971,0,0.699892
nb_char,clean,template,0,ctrlall_structural,bongo_0983,0,0.659680
nb_char,clean,template,0,ctrlall_structural,bongo_0994,0,0.926129
nb_char,clean,template,0,ctrlall_structural,bongo_1006,0,0.698739
nb_char,clean,template,0,ctrlall_structural,bongo_1015,0,0.486403
nb_char,clean,template,0,ctrlall_structural,bongo_1037,0,0.448923
nb_char,clean,template,0,ctrlall_structural,bongo_1040,0,0.727453
nb_char,clean,template,0,ctrlall_structural,bongo_1050,0,0.491795
nb_char,clean,template,0,ctrlall_structural,bongo_1059,0,0.727984
nb_char,clean,template,0,ctrlall_structural,bongo_1071,0,0.690826
nb_char,clean,template,0,ctrlall_structural,bongo_1090,0,0.779421
nb_char,clean,template,0,ctrlall_structural,bongo_1115,0,0.506374
nb_char,clean,template,0,ctrlall_structural,bongo_1123,0,0.810058
nb_char,clean,template,0,ctrlall_structural,bongo_1125,0,0.713418
nb_char,clean,template,0,ctrlall_structural,bongo_1135,0,0.628008
nb_char,clean,template,0,ctrlall_structural,bongo_1155,0,0.626574
nb_char,clean,template,0,ctrlall_structural,bongo_1194,0,0.693778
nb_char,clean,template,0,ctrlall_structural,bongo_1198,0,0.803344
nb_char,clean,template,0,ctrlall_structural,bongo_1236,0,0.220455
nb_char,clean,template,0,ctrlall_structural,bongo_1244,0,0.463931
nb_char,clean,template,0,ctrlall_structural,bongo_1249,0,0.684867
nb_char,clean,template,0,ctrlall_structural,bongo_1253,0,0.640759
nb_char,clean,template,0,ctrlall_structural,bongo_1260,0,0.617769
nb_char,clean,template,0,ctrlall_structural,bongo_1262,0,0.690406
nb_char,clean,template,0,ctrlall_structural,bongo_1285,0,0.722428
nb_char,clean,template,0,ctrlall_structural,bongo_1316,0,0.374604
nb_char,clean,template,0,ctrlall_structural,bongo_1330,0,0.609638
nb_char,clean,template,0,ctrlall_structural,bongo_1359,0,0.273399
nb_char,clean,template,0,ctrlall_structural,bongo_1375,0,0.825489
nb_char,clean,template,0,ctrlall_codeswitch,bongo_0029,0,0.319824
nb_char,clean,template,0,ctrlall_codeswitch,bongo_0053,0,0.228882
nb_char,clean,template,0,ctrlall_codeswitch,bongo_0097,0,0.412036
nb_char,clean,template,0,ctrlall_codeswitch,bongo_0107,0,0.114246
nb_char,clean,template,0,ctrlall_codeswitch,bongo_0110,0,0.131831
nb_char,clean,template,0,ctrlall_codeswitch,bongo_0115,0,0.435272
nb_char,clean,template,0,ctrlall_codeswitch,bongo_0143,0,0.089357
nb_char,clean,template,0,ctrlall_codeswitch,bongo_0160,0,0.135545
nb_char,clean,template,0,ctrlall_codeswitch,bongo_0172,0,0.332073
nb_char,clean,template,0,ctrlall_codeswitch,bongo_0175,0,0.188965
nb_char,clean,template,0,ctrlall_codeswitch,bongo_0182,0,0.075308
nb_char,clean,template,0,ctrlall_codeswitch,bongo_0197,0,0.099532
nb_char,clean,template,0,ctrlall_codeswitch,bongo_0253,0,0.226151
nb_char,clean,template,0,ctrlall_codeswitch,bongo_0271,0,0.089957
nb_char,clean,template,0,ctrlall_codeswitch,bongo_0300,0,0.018482
nb_char,clean,template,0,ctrlall_codeswitch,bongo_0306,0,0.123608
nb_char,clean,template,0,ctrlall_codeswitch,bongo_0363,0,0.098682
nb_char,clean,template,0,ctrlall_codeswitch,bongo_0368,0,0.233125
nb_char,clean,template,0,ctrlall_codeswitch,bongo_0372,0,0.318321
nb_char,clean,template,0,ctrlall_codeswitch,bongo_0389,0,0.127109
nb_char,clean,template,0,ctrlall_codeswitch,bongo_0395,0,0.217050
nb_char,clean,template,0,ctrlall_codeswitch,bongo_0427,0,0.392772
nb_char,clean,template,0,ctrlall_codeswitch,bongo_0463,0,0.520293
nb_char,clean,template,0,ctrlall_codeswitch,bongo_0531,0,0.288838
nb_char,clean,template,0,ctrlall_codeswitch,bongo_0542,0,0.140608
nb_char,clean,template,0,ctrlall_codeswitch,bongo_0545,0,0.141677
nb_char,clean,template,0,ctrlall_codeswitch,bongo_0571,0,0.402319
nb_char,clean,template,0,ctrlall_codeswitch,bongo_0630,0,0.168160
nb_char,clean,template,0,ctrlall_codeswitch,bongo_0648,0,0.315901
nb_char,clean,template,0,ctrlall_codeswitch,bongo_0674,0,0.115431
nb_char,clean,template,0,ctrlall_codeswitch,bongo_0685,0,0.571200
nb_char,clean,template,0,ctrlall_codeswitch,bongo_0701,0,0.127740
nb_char,clean,template,0,ctrlall_codeswitch,bongo_0741,0,0.045795
nb_char,clean,template,0,ctrlall_codeswitch,bongo_0795,0,0.229489
nb_char,clean,template,0,ctrlall_codeswitch,bongo_0818,0,0.145114
nb_char,clean,template,0,ctrlall_codeswitch,bongo_0819,0,0.226923
nb_char,clean,template,0,ctrlall_codeswitch,bongo_0835,0,0.112382
nb_char,clean,template,0,ctrlall_codeswitch,bongo_0856,0,0.078330
nb_char,clean,template,0,ctrlall_codeswitch,bongo_0872,0,0.603031
nb_char,clean,template,0,ctrlall_codeswitch,bongo_0904,0,0.548308
nb_char,clean,template,0,ctrlall_codeswitch,bongo_0950,0,0.116249
nb_char,clean,template,0,ctrlall_codeswitch,bongo_0956,0,0.105956
nb_char,clean,template,0,ctrlall_codeswitch,bongo_0971,0,0.124698
nb_char,clean,template,0,ctrlall_codeswitch,bongo_0983,0,0.284358
nb_char,clean,template,0,ctrlall_codeswitch,bongo_0994,0,0.577954
nb_char,clean,template,0,ctrlall_codeswitch,bongo_1006,0,0.471731
nb_char,clean,template,0,ctrlall_codeswitch,bongo_1015,0,0.150850
nb_char,clean,template,0,ctrlall_codeswitch,bongo_1037,0,0.186122
nb_char,clean,template,0,ctrlall_codeswitch,bongo_1040,0,0.305190
nb_char,clean,template,0,ctrlall_codeswitch,bongo_1050,0,0.058295
nb_char,clean,template,0,ctrlall_codeswitch,bongo_1059,0,0.177674
nb_char,clean,template,0,ctrlall_codeswitch,bongo_1071,0,0.252802
nb_char,clean,template,0,ctrlall_codeswitch,bongo_1090,0,0.370587
nb_char,clean,template,0,ctrlall_codeswitch,bongo_1115,0,0.063667
nb_char,clean,template,0,ctrlall_codeswitch,bongo_1123,0,0.078899
nb_char,clean,template,0,ctrlall_codeswitch,bongo_1125,0,0.320429
nb_char,clean,template,0,ctrlall_codeswitch,bongo_1135,0,0.337561
nb_char,clean,template,0,ctrlall_codeswitch,bongo_1155,0,0.050153
nb_char,clean,template,0,ctrlall_codeswitch,bongo_1194,0,0.278053
nb_char,clean,template,0,ctrlall_codeswitch,bongo_1198,0,0.126311
nb_char,clean,template,0,ctrlall_codeswitch,bongo_1236,0,0.086859
nb_char,clean,template,0,ctrlall_codeswitch,bongo_1244,0,0.231026
nb_char,clean,template,0,ctrlall_codeswitch,bongo_1249,0,0.180521
nb_char,clean,template,0,ctrlall_codeswitch,bongo_1253,0,0.321210
nb_char,clean,template,0,ctrlall_codeswitch,bongo_1260,0,0.093479
nb_char,clean,template,0,ctrlall_codeswitch,bongo_1262,0,0.303571
nb_char,clean,template,0,ctrlall_codeswitch,bongo_1285,0,0.085798
nb_char,clean,template,0,ctrlall_codeswitch,bongo_1316,0,0.194584
nb_char,clean,template,0,ctrlall_codeswitch,bongo_1330,0,0.358259
nb_char,clean,template,0,ctrlall_codeswitch,bongo_1359,0,0.022541
nb_char,clean,template,0,ctrlall_codeswitch,bongo_1375,0,0.090813
nb_char,clean,template,0,test_xatk_lookalike_all,bongo_0025,1,0.997757
nb_char,clean,template,0,test_xatk_lookalike_all,bongo_0029,0,0.319824
nb_char,clean,template,0,test_xatk_lookalike_all,bongo_0039,1,0.999550
nb_char,clean,template,0,test_xatk_lookalike_all,bongo_0047,1,0.996888
nb_char,clean,template,0,test_xatk_lookalike_all,bongo_0053,0,0.341656
nb_char,clean,template,0,test_xatk_lookalike_all,bongo_0055,1,0.288370
nb_char,clean,template,0,test_xatk_lookalike_all,bongo_0061,1,0.766473
nb_char,clean,template,0,test_xatk_lookalike_all,bongo_0097,0,0.604636
nb_char,clean,template,0,test_xatk_lookalike_all,bongo_0107,0,0.114246
nb_char,clean,template,0,test_xatk_lookalike_all,bongo_0110,0,0.131831
nb_char,clean,template,0,test_xatk_lookalike_all,bongo_0112,1,0.455066
nb_char,clean,template,0,test_xatk_lookalike_all,bongo_0115,0,0.648241
nb_char,clean,template,0,test_xatk_lookalike_all,bongo_0143,0,0.089357
nb_char,clean,template,0,test_xatk_lookalike_all,bongo_0146,1,0.999843
nb_char,clean,template,0,test_xatk_lookalike_all,bongo_0154,1,0.983779
nb_char,clean,template,0,test_xatk_lookalike_all,bongo_0159,1,0.225144
nb_char,clean,template,0,test_xatk_lookalike_all,bongo_0160,0,0.135545
nb_char,clean,template,0,test_xatk_lookalike_all,bongo_0172,0,0.382675
nb_char,clean,template,0,test_xatk_lookalike_all,bongo_0173,1,0.396849
nb_char,clean,template,0,test_xatk_lookalike_all,bongo_0175,0,0.188965
nb_char,clean,template,0,test_xatk_lookalike_all,bongo_0182,0,0.075308
nb_char,clean,template,0,test_xatk_lookalike_all,bongo_0195,1,0.998887
nb_char,clean,template,0,test_xatk_lookalike_all,bongo_0197,0,0.099532
nb_char,clean,template,0,test_xatk_lookalike_all,bongo_0201,1,0.986971
nb_char,clean,template,0,test_xatk_lookalike_all,bongo_0203,1,0.999466
nb_char,clean,template,0,test_xatk_lookalike_all,bongo_0250,1,0.212659
nb_char,clean,template,0,test_xatk_lookalike_all,bongo_0253,0,0.226151
nb_char,clean,template,0,test_xatk_lookalike_all,bongo_0255,1,0.227189
nb_char,clean,template,0,test_xatk_lookalike_all,bongo_0265,1,0.399756
nb_char,clean,template,0,test_xatk_lookalike_all,bongo_0271,0,0.089957
nb_char,clean,template,0,test_xatk_lookalike_all,bongo_0300,0,0.018482
nb_char,clean,template,0,test_xatk_lookalike_all,bongo_0306,0,0.123608
nb_char,clean,template,0,test_xatk_lookalike_all,bongo_0356,1,0.407050
nb_char,clean,template,0,test_xatk_lookalike_all,bongo_0360,1,0.999713
nb_char,clean,template,0,test_xatk_lookalike_all,bongo_0361,1,0.999879
nb_char,clean,template,0,test_xatk_lookalike_all,bongo_0363,0,0.098682
nb_char,clean,template,0,test_xatk_lookalike_all,bongo_0368,0,0.375441
nb_char,clean,template,0,test_xatk_lookalike_all,bongo_0372,0,0.318321
nb_char,clean,template,0,test_xatk_lookalike_all,bongo_0380,1,0.272851
nb_char,clean,template,0,test_xatk_lookalike_all,bongo_0389,0,0.147601
nb_char,clean,template,0,test_xatk_lookalike_all,bongo_0395,0,0.217050
nb_char,clean,template,0,test_xatk_lookalike_all,bongo_0405,1,0.997774
nb_char,clean,template,0,test_xatk_lookalike_all,bongo_0424,1,0.997564
nb_char,clean,template,0,test_xatk_lookalike_all,bongo_0427,0,0.759447
nb_char,clean,template,0,test_xatk_lookalike_all,bongo_0434,1,0.364880
nb_char,clean,template,0,test_xatk_lookalike_all,bongo_0463,0,0.694275
nb_char,clean,template,0,test_xatk_lookalike_all,bongo_0476,1,0.998698
nb_char,clean,template,0,test_xatk_lookalike_all,bongo_0510,1,0.998033
nb_char,clean,template,0,test_xatk_lookalike_all,bongo_0531,0,0.288838
nb_char,clean,template,0,test_xatk_lookalike_all,bongo_0542,0,0.140608
nb_char,clean,template,0,test_xatk_lookalike_all,bongo_0545,0,0.141677
nb_char,clean,template,0,test_xatk_lookalike_all,bongo_0560,1,0.945962
nb_char,clean,template,0,test_xatk_lookalike_all,bongo_0565,1,0.400597
nb_char,clean,template,0,test_xatk_lookalike_all,bongo_0566,1,0.999962
nb_char,clean,template,0,test_xatk_lookalike_all,bongo_0571,0,0.402319
nb_char,clean,template,0,test_xatk_lookalike_all,bongo_0577,1,0.998109
nb_char,clean,template,0,test_xatk_lookalike_all,bongo_0580,1,0.998229
nb_char,clean,template,0,test_xatk_lookalike_all,bongo_0621,1,0.974463
nb_char,clean,template,0,test_xatk_lookalike_all,bongo_0624,1,0.997241
nb_char,clean,template,0,test_xatk_lookalike_all,bongo_0630,0,0.168160
nb_char,clean,template,0,test_xatk_lookalike_all,bongo_0638,1,0.999848
nb_char,clean,template,0,test_xatk_lookalike_all,bongo_0648,0,0.315901
nb_char,clean,template,0,test_xatk_lookalike_all,bongo_0674,0,0.115431
nb_char,clean,template,0,test_xatk_lookalike_all,bongo_0685,0,0.974558
nb_char,clean,template,0,test_xatk_lookalike_all,bongo_0697,1,0.403102
nb_char,clean,template,0,test_xatk_lookalike_all,bongo_0701,0,0.127740
nb_char,clean,template,0,test_xatk_lookalike_all,bongo_0706,1,0.365604
nb_char,clean,template,0,test_xatk_lookalike_all,bongo_0719,1,0.255047
nb_char,clean,template,0,test_xatk_lookalike_all,bongo_0721,1,0.999237
nb_char,clean,template,0,test_xatk_lookalike_all,bongo_0724,1,0.337960
nb_char,clean,template,0,test_xatk_lookalike_all,bongo_0729,1,0.995518
nb_char,clean,template,0,test_xatk_lookalike_all,bongo_0741,0,0.054389
nb_char,clean,template,0,test_xatk_lookalike_all,bongo_0749,1,0.324225
nb_char,clean,template,0,test_xatk_lookalike_all,bongo_0769,1,0.996519
nb_char,clean,template,0,test_xatk_lookalike_all,bongo_0770,1,0.262906
nb_char,clean,template,0,test_xatk_lookalike_all,bongo_0778,1,0.381645
nb_char,clean,template,0,test_xatk_lookalike_all,bongo_0787,1,0.999803
nb_char,clean,template,0,test_xatk_lookalike_all,bongo_0795,0,0.229489
nb_char,clean,template,0,test_xatk_lookalike_all,bongo_0806,1,0.376110
nb_char,clean,template,0,test_xatk_lookalike_all,bongo_0807,1,0.996285
nb_char,clean,template,0,test_xatk_lookalike_all,bongo_0818,0,0.145114
nb_char,clean,template,0,test_xatk_lookalike_all,bongo_0819,0,0.226923
nb_char,clean,template,0,test_xatk_lookalike_all,bongo_0835,0,0.112382
nb_char,clean,template,0,test_xatk_lookalike_all,bongo_0840,1,0.999733
nb_char,clean,template,0,test_xatk_lookalike_all,bongo_0855,1,0.394226
nb_char,clean,template,0,test_xatk_lookalike_all,bongo_0856,0,0.078330
nb_char,clean,template,0,test_xatk_lookalike_all,bongo_0864,1,0.999928
nb_char,clean,template,0,test_xatk_lookalike_all,bongo_0871,1,0.999374
nb_char,clean,template,0,test_xatk_lookalike_all,bongo_0872,0,0.417833
nb_char,clean,template,0,test_xatk_lookalike_all,bongo_0904,0,0.731203
nb_char,clean,template,0,test_xatk_lookalike_all,bongo_0905,1,0.999156
nb_char,clean,template,0,test_xatk_lookalike_all,bongo_0909,1,0.995819
nb_char,clean,template,0,test_xatk_lookalike_all,bongo_0917,1,0.197182
nb_char,clean,template,0,test_xatk_lookalike_all,bongo_0918,1,0.992385
nb_char,clean,template,0,test_xatk_lookalike_all,bongo_0950,0,0.116249
nb_char,clean,template,0,test_xatk_lookalike_all,bongo_0955,1,0.994368
nb_char,clean,template,0,test_xatk_lookalike_all,bongo_0956,0,0.105956
nb_char,clean,template,0,test_xatk_lookalike_all,bongo_0971,0,0.124698
nb_char,clean,template,0,test_xatk_lookalike_all,bongo_0983,0,0.284358
nb_char,clean,template,0,test_xatk_lookalike_all,bongo_0989,1,0.999270
nb_char,clean,template,0,test_xatk_lookalike_all,bongo_0994,0,0.771988
nb_char,clean,template,0,test_xatk_lookalike_all,bongo_1003,1,0.937442
nb_char,clean,template,0,test_xatk_lookalike_all,bongo_1006,0,0.594470
nb_char,clean,template,0,test_xatk_lookalike_all,bongo_1012,1,0.352102
nb_char,clean,template,0,test_xatk_lookalike_all,bongo_1015,0,0.150850
nb_char,clean,template,0,test_xatk_lookalike_all,bongo_1022,1,0.315871
nb_char,clean,template,0,test_xatk_lookalike_all,bongo_1037,0,0.186122
nb_char,clean,template,0,test_xatk_lookalike_all,bongo_1040,0,0.305190
nb_char,clean,template,0,test_xatk_lookalike_all,bongo_1042,1,0.996392
nb_char,clean,template,0,test_xatk_lookalike_all,bongo_1047,1,0.999613
nb_char,clean,template,0,test_xatk_lookalike_all,bongo_1050,0,0.058295
nb_char,clean,template,0,test_xatk_lookalike_all,bongo_1052,1,0.995909
nb_char,clean,template,0,test_xatk_lookalike_all,bongo_1059,0,0.177674
nb_char,clean,template,0,test_xatk_lookalike_all,bongo_1071,0,0.252802
nb_char,clean,template,0,test_xatk_lookalike_all,bongo_1090,0,0.370587
nb_char,clean,template,0,test_xatk_lookalike_all,bongo_1104,1,0.987009
nb_char,clean,template,0,test_xatk_lookalike_all,bongo_1115,0,0.063667
nb_char,clean,template,0,test_xatk_lookalike_all,bongo_1123,0,0.078899
nb_char,clean,template,0,test_xatk_lookalike_all,bongo_1125,0,0.320429
nb_char,clean,template,0,test_xatk_lookalike_all,bongo_1127,1,0.565633
nb_char,clean,template,0,test_xatk_lookalike_all,bongo_1131,1,0.997498
nb_char,clean,template,0,test_xatk_lookalike_all,bongo_1134,1,0.372592
nb_char,clean,template,0,test_xatk_lookalike_all,bongo_1135,0,0.337561
nb_char,clean,template,0,test_xatk_lookalike_all,bongo_1136,1,0.977809
nb_char,clean,template,0,test_xatk_lookalike_all,bongo_1138,1,0.999414
nb_char,clean,template,0,test_xatk_lookalike_all,bongo_1140,1,0.992752
nb_char,clean,template,0,test_xatk_lookalike_all,bongo_1154,1,0.999861
nb_char,clean,template,0,test_xatk_lookalike_all,bongo_1155,0,0.050153
nb_char,clean,template,0,test_xatk_lookalike_all,bongo_1171,1,0.992306
nb_char,clean,template,0,test_xatk_lookalike_all,bongo_1181,1,0.996520
nb_char,clean,template,0,test_xatk_lookalike_all,bongo_1185,1,0.245567
nb_char,clean,template,0,test_xatk_lookalike_all,bongo_1194,0,0.278053
nb_char,clean,template,0,test_xatk_lookalike_all,bongo_1195,1,0.381402
nb_char,clean,template,0,test_xatk_lookalike_all,bongo_1198,0,0.126311
nb_char,clean,template,0,test_xatk_lookalike_all,bongo_1204,1,0.224740
nb_char,clean,template,0,test_xatk_lookalike_all,bongo_1220,1,0.999662
nb_char,clean,template,0,test_xatk_lookalike_all,bongo_1233,1,0.999945
nb_char,clean,template,0,test_xatk_lookalike_all,bongo_1236,0,0.086859
nb_char,clean,template,0,test_xatk_lookalike_all,bongo_1240,1,0.248725
nb_char,clean,template,0,test_xatk_lookalike_all,bongo_1244,0,0.137100
nb_char,clean,template,0,test_xatk_lookalike_all,bongo_1249,0,0.180521
nb_char,clean,template,0,test_xatk_lookalike_all,bongo_1253,0,0.321210
nb_char,clean,template,0,test_xatk_lookalike_all,bongo_1260,0,0.093479
nb_char,clean,template,0,test_xatk_lookalike_all,bongo_1262,0,0.303571
nb_char,clean,template,0,test_xatk_lookalike_all,bongo_1278,1,0.263844
nb_char,clean,template,0,test_xatk_lookalike_all,bongo_1285,0,0.085798
nb_char,clean,template,0,test_xatk_lookalike_all,bongo_1293,1,0.999747
nb_char,clean,template,0,test_xatk_lookalike_all,bongo_1316,0,0.194584
nb_char,clean,template,0,test_xatk_lookalike_all,bongo_1327,1,0.200609
nb_char,clean,template,0,test_xatk_lookalike_all,bongo_1330,0,0.358259
nb_char,clean,template,0,test_xatk_lookalike_all,bongo_1359,0,0.032501
nb_char,clean,template,0,test_xatk_lookalike_all,bongo_1375,0,0.090813
nb_char,clean,template,0,test_xatk_structural_all,bongo_0025,1,0.997757
nb_char,clean,template,0,test_xatk_structural_all,bongo_0029,0,0.319824
nb_char,clean,template,0,test_xatk_structural_all,bongo_0039,1,0.999561
nb_char,clean,template,0,test_xatk_structural_all,bongo_0047,1,0.996888
nb_char,clean,template,0,test_xatk_structural_all,bongo_0053,0,0.341656
nb_char,clean,template,0,test_xatk_structural_all,bongo_0055,1,0.391317
nb_char,clean,template,0,test_xatk_structural_all,bongo_0061,1,0.776316
nb_char,clean,template,0,test_xatk_structural_all,bongo_0097,0,0.604636
nb_char,clean,template,0,test_xatk_structural_all,bongo_0107,0,0.114246
nb_char,clean,template,0,test_xatk_structural_all,bongo_0110,0,0.131831
nb_char,clean,template,0,test_xatk_structural_all,bongo_0112,1,0.603105
nb_char,clean,template,0,test_xatk_structural_all,bongo_0115,0,0.648241
nb_char,clean,template,0,test_xatk_structural_all,bongo_0143,0,0.089357
nb_char,clean,template,0,test_xatk_structural_all,bongo_0146,1,0.999843
nb_char,clean,template,0,test_xatk_structural_all,bongo_0154,1,0.983779
nb_char,clean,template,0,test_xatk_structural_all,bongo_0159,1,0.392067
nb_char,clean,template,0,test_xatk_structural_all,bongo_0160,0,0.135545
nb_char,clean,template,0,test_xatk_structural_all,bongo_0172,0,0.382675
nb_char,clean,template,0,test_xatk_structural_all,bongo_0173,1,0.668850
nb_char,clean,template,0,test_xatk_structural_all,bongo_0175,0,0.188965
nb_char,clean,template,0,test_xatk_structural_all,bongo_0182,0,0.075308
nb_char,clean,template,0,test_xatk_structural_all,bongo_0195,1,0.995125
nb_char,clean,template,0,test_xatk_structural_all,bongo_0197,0,0.099532
nb_char,clean,template,0,test_xatk_structural_all,bongo_0201,1,0.992390
nb_char,clean,template,0,test_xatk_structural_all,bongo_0203,1,0.998971
nb_char,clean,template,0,test_xatk_structural_all,bongo_0250,1,0.585639
nb_char,clean,template,0,test_xatk_structural_all,bongo_0253,0,0.226151
nb_char,clean,template,0,test_xatk_structural_all,bongo_0255,1,0.492984
nb_char,clean,template,0,test_xatk_structural_all,bongo_0265,1,0.694092
nb_char,clean,template,0,test_xatk_structural_all,bongo_0271,0,0.089957
nb_char,clean,template,0,test_xatk_structural_all,bongo_0300,0,0.018482
nb_char,clean,template,0,test_xatk_structural_all,bongo_0306,0,0.123608
nb_char,clean,template,0,test_xatk_structural_all,bongo_0356,1,0.669420
nb_char,clean,template,0,test_xatk_structural_all,bongo_0360,1,0.999713
nb_char,clean,template,0,test_xatk_structural_all,bongo_0361,1,0.998631
nb_char,clean,template,0,test_xatk_structural_all,bongo_0363,0,0.098682
nb_char,clean,template,0,test_xatk_structural_all,bongo_0368,0,0.375441
nb_char,clean,template,0,test_xatk_structural_all,bongo_0372,0,0.318321
nb_char,clean,template,0,test_xatk_structural_all,bongo_0380,1,0.510548
nb_char,clean,template,0,test_xatk_structural_all,bongo_0389,0,0.147601
nb_char,clean,template,0,test_xatk_structural_all,bongo_0395,0,0.217050
nb_char,clean,template,0,test_xatk_structural_all,bongo_0405,1,0.996433
nb_char,clean,template,0,test_xatk_structural_all,bongo_0424,1,0.997894
nb_char,clean,template,0,test_xatk_structural_all,bongo_0427,0,0.759447
nb_char,clean,template,0,test_xatk_structural_all,bongo_0434,1,0.411221
nb_char,clean,template,0,test_xatk_structural_all,bongo_0463,0,0.694275
nb_char,clean,template,0,test_xatk_structural_all,bongo_0476,1,0.995833
nb_char,clean,template,0,test_xatk_structural_all,bongo_0510,1,0.993667
nb_char,clean,template,0,test_xatk_structural_all,bongo_0531,0,0.288838
nb_char,clean,template,0,test_xatk_structural_all,bongo_0542,0,0.140608
nb_char,clean,template,0,test_xatk_structural_all,bongo_0545,0,0.141677
nb_char,clean,template,0,test_xatk_structural_all,bongo_0560,1,0.945962
nb_char,clean,template,0,test_xatk_structural_all,bongo_0565,1,0.461246
nb_char,clean,template,0,test_xatk_structural_all,bongo_0566,1,0.999962
nb_char,clean,template,0,test_xatk_structural_all,bongo_0571,0,0.402319
nb_char,clean,template,0,test_xatk_structural_all,bongo_0577,1,0.985629
nb_char,clean,template,0,test_xatk_structural_all,bongo_0580,1,0.999352
nb_char,clean,template,0,test_xatk_structural_all,bongo_0621,1,0.980768
nb_char,clean,template,0,test_xatk_structural_all,bongo_0624,1,0.997927
nb_char,clean,template,0,test_xatk_structural_all,bongo_0630,0,0.168160
nb_char,clean,template,0,test_xatk_structural_all,bongo_0638,1,0.999848
nb_char,clean,template,0,test_xatk_structural_all,bongo_0648,0,0.315901
nb_char,clean,template,0,test_xatk_structural_all,bongo_0674,0,0.115431
nb_char,clean,template,0,test_xatk_structural_all,bongo_0685,0,0.974558
nb_char,clean,template,0,test_xatk_structural_all,bongo_0697,1,0.627749
nb_char,clean,template,0,test_xatk_structural_all,bongo_0701,0,0.127740
nb_char,clean,template,0,test_xatk_structural_all,bongo_0706,1,0.730684
nb_char,clean,template,0,test_xatk_structural_all,bongo_0719,1,0.411124
nb_char,clean,template,0,test_xatk_structural_all,bongo_0721,1,0.999152
nb_char,clean,template,0,test_xatk_structural_all,bongo_0724,1,0.645331
nb_char,clean,template,0,test_xatk_structural_all,bongo_0729,1,0.979049
nb_char,clean,template,0,test_xatk_structural_all,bongo_0741,0,0.054389
nb_char,clean,template,0,test_xatk_structural_all,bongo_0749,1,0.658142
nb_char,clean,template,0,test_xatk_structural_all,bongo_0769,1,0.993840
nb_char,clean,template,0,test_xatk_structural_all,bongo_0770,1,0.366437
nb_char,clean,template,0,test_xatk_structural_all,bongo_0778,1,0.438319
nb_char,clean,template,0,test_xatk_structural_all,bongo_0787,1,0.999803
nb_char,clean,template,0,test_xatk_structural_all,bongo_0795,0,0.229489
nb_char,clean,template,0,test_xatk_structural_all,bongo_0806,1,0.435256
nb_char,clean,template,0,test_xatk_structural_all,bongo_0807,1,0.997144
nb_char,clean,template,0,test_xatk_structural_all,bongo_0818,0,0.145114
nb_char,clean,template,0,test_xatk_structural_all,bongo_0819,0,0.226923
nb_char,clean,template,0,test_xatk_structural_all,bongo_0835,0,0.112382
nb_char,clean,template,0,test_xatk_structural_all,bongo_0840,1,0.999733
nb_char,clean,template,0,test_xatk_structural_all,bongo_0855,1,0.454682
nb_char,clean,template,0,test_xatk_structural_all,bongo_0856,0,0.078330
nb_char,clean,template,0,test_xatk_structural_all,bongo_0864,1,0.999929
nb_char,clean,template,0,test_xatk_structural_all,bongo_0871,1,0.999393
nb_char,clean,template,0,test_xatk_structural_all,bongo_0872,0,0.417833
nb_char,clean,template,0,test_xatk_structural_all,bongo_0904,0,0.731203
nb_char,clean,template,0,test_xatk_structural_all,bongo_0905,1,0.998483
nb_char,clean,template,0,test_xatk_structural_all,bongo_0909,1,0.995316
nb_char,clean,template,0,test_xatk_structural_all,bongo_0917,1,0.323737
nb_char,clean,template,0,test_xatk_structural_all,bongo_0918,1,0.992534
nb_char,clean,template,0,test_xatk_structural_all,bongo_0950,0,0.116249
nb_char,clean,template,0,test_xatk_structural_all,bongo_0955,1,0.989215
nb_char,clean,template,0,test_xatk_structural_all,bongo_0956,0,0.105956
nb_char,clean,template,0,test_xatk_structural_all,bongo_0971,0,0.124698
nb_char,clean,template,0,test_xatk_structural_all,bongo_0983,0,0.284358
nb_char,clean,template,0,test_xatk_structural_all,bongo_0989,1,0.999377
nb_char,clean,template,0,test_xatk_structural_all,bongo_0994,0,0.771988
nb_char,clean,template,0,test_xatk_structural_all,bongo_1003,1,0.937442
nb_char,clean,template,0,test_xatk_structural_all,bongo_1006,0,0.594470
nb_char,clean,template,0,test_xatk_structural_all,bongo_1012,1,0.436284
nb_char,clean,template,0,test_xatk_structural_all,bongo_1015,0,0.150850
nb_char,clean,template,0,test_xatk_structural_all,bongo_1022,1,0.360921
nb_char,clean,template,0,test_xatk_structural_all,bongo_1037,0,0.186122
nb_char,clean,template,0,test_xatk_structural_all,bongo_1040,0,0.305190
nb_char,clean,template,0,test_xatk_structural_all,bongo_1042,1,0.987362
nb_char,clean,template,0,test_xatk_structural_all,bongo_1047,1,0.999829
nb_char,clean,template,0,test_xatk_structural_all,bongo_1050,0,0.058295
nb_char,clean,template,0,test_xatk_structural_all,bongo_1052,1,0.968071
nb_char,clean,template,0,test_xatk_structural_all,bongo_1059,0,0.177674
nb_char,clean,template,0,test_xatk_structural_all,bongo_1071,0,0.252802
nb_char,clean,template,0,test_xatk_structural_all,bongo_1090,0,0.370587
nb_char,clean,template,0,test_xatk_structural_all,bongo_1104,1,0.989981
nb_char,clean,template,0,test_xatk_structural_all,bongo_1115,0,0.063667
nb_char,clean,template,0,test_xatk_structural_all,bongo_1123,0,0.078899
nb_char,clean,template,0,test_xatk_structural_all,bongo_1125,0,0.320429
nb_char,clean,template,0,test_xatk_structural_all,bongo_1127,1,0.554399
nb_char,clean,template,0,test_xatk_structural_all,bongo_1131,1,0.993164
nb_char,clean,template,0,test_xatk_structural_all,bongo_1134,1,0.506890
nb_char,clean,template,0,test_xatk_structural_all,bongo_1135,0,0.337561
nb_char,clean,template,0,test_xatk_structural_all,bongo_1136,1,0.977809
nb_char,clean,template,0,test_xatk_structural_all,bongo_1138,1,0.998833
nb_char,clean,template,0,test_xatk_structural_all,bongo_1140,1,0.987796
nb_char,clean,template,0,test_xatk_structural_all,bongo_1154,1,0.999861
nb_char,clean,template,0,test_xatk_structural_all,bongo_1155,0,0.050153
nb_char,clean,template,0,test_xatk_structural_all,bongo_1171,1,0.995343
nb_char,clean,template,0,test_xatk_structural_all,bongo_1181,1,0.996889
nb_char,clean,template,0,test_xatk_structural_all,bongo_1185,1,0.344209
nb_char,clean,template,0,test_xatk_structural_all,bongo_1194,0,0.278053
nb_char,clean,template,0,test_xatk_structural_all,bongo_1195,1,0.715642
nb_char,clean,template,0,test_xatk_structural_all,bongo_1198,0,0.126311
nb_char,clean,template,0,test_xatk_structural_all,bongo_1204,1,0.337057
nb_char,clean,template,0,test_xatk_structural_all,bongo_1220,1,0.999662
nb_char,clean,template,0,test_xatk_structural_all,bongo_1233,1,0.999945
nb_char,clean,template,0,test_xatk_structural_all,bongo_1236,0,0.086859
nb_char,clean,template,0,test_xatk_structural_all,bongo_1240,1,0.387847
nb_char,clean,template,0,test_xatk_structural_all,bongo_1244,0,0.137100
nb_char,clean,template,0,test_xatk_structural_all,bongo_1249,0,0.180521
nb_char,clean,template,0,test_xatk_structural_all,bongo_1253,0,0.321210
nb_char,clean,template,0,test_xatk_structural_all,bongo_1260,0,0.093479
nb_char,clean,template,0,test_xatk_structural_all,bongo_1262,0,0.303571
nb_char,clean,template,0,test_xatk_structural_all,bongo_1278,1,0.444119
nb_char,clean,template,0,test_xatk_structural_all,bongo_1285,0,0.085798
nb_char,clean,template,0,test_xatk_structural_all,bongo_1293,1,0.999747
nb_char,clean,template,0,test_xatk_structural_all,bongo_1316,0,0.194584
nb_char,clean,template,0,test_xatk_structural_all,bongo_1327,1,0.334923
nb_char,clean,template,0,test_xatk_structural_all,bongo_1330,0,0.358259
nb_char,clean,template,0,test_xatk_structural_all,bongo_1359,0,0.032501
nb_char,clean,template,0,test_xatk_structural_all,bongo_1375,0,0.090813
nb_char,clean,template,0,test_xatk_codeswitch_all,bongo_0025,1,0.993923
nb_char,clean,template,0,test_xatk_codeswitch_all,bongo_0029,0,0.319824
nb_char,clean,template,0,test_xatk_codeswitch_all,bongo_0039,1,0.999051
nb_char,clean,template,0,test_xatk_codeswitch_all,bongo_0047,1,0.995941
nb_char,clean,template,0,test_xatk_codeswitch_all,bongo_0053,0,0.341656
nb_char,clean,template,0,test_xatk_codeswitch_all,bongo_0055,1,0.682150
nb_char,clean,template,0,test_xatk_codeswitch_all,bongo_0061,1,0.731348
nb_char,clean,template,0,test_xatk_codeswitch_all,bongo_0097,0,0.604636
nb_char,clean,template,0,test_xatk_codeswitch_all,bongo_0107,0,0.114246
nb_char,clean,template,0,test_xatk_codeswitch_all,bongo_0110,0,0.131831
nb_char,clean,template,0,test_xatk_codeswitch_all,bongo_0112,1,0.779054
nb_char,clean,template,0,test_xatk_codeswitch_all,bongo_0115,0,0.648241
nb_char,clean,template,0,test_xatk_codeswitch_all,bongo_0143,0,0.089357
nb_char,clean,template,0,test_xatk_codeswitch_all,bongo_0146,1,0.998080
nb_char,clean,template,0,test_xatk_codeswitch_all,bongo_0154,1,0.980024
nb_char,clean,template,0,test_xatk_codeswitch_all,bongo_0159,1,0.645394
nb_char,clean,template,0,test_xatk_codeswitch_all,bongo_0160,0,0.135545
nb_char,clean,template,0,test_xatk_codeswitch_all,bongo_0172,0,0.382675
nb_char,clean,template,0,test_xatk_codeswitch_all,bongo_0173,1,0.813596
nb_char,clean,template,0,test_xatk_codeswitch_all,bongo_0175,0,0.188965
nb_char,clean,template,0,test_xatk_codeswitch_all,bongo_0182,0,0.075308
nb_char,clean,template,0,test_xatk_codeswitch_all,bongo_0195,1,0.996497
nb_char,clean,template,0,test_xatk_codeswitch_all,bongo_0197,0,0.099532
nb_char,clean,template,0,test_xatk_codeswitch_all,bongo_0201,1,0.989626
nb_char,clean,template,0,test_xatk_codeswitch_all,bongo_0203,1,0.997899
nb_char,clean,template,0,test_xatk_codeswitch_all,bongo_0250,1,0.645394
nb_char,clean,template,0,test_xatk_codeswitch_all,bongo_0253,0,0.226151
nb_char,clean,template,0,test_xatk_codeswitch_all,bongo_0255,1,0.568750
nb_char,clean,template,0,test_xatk_codeswitch_all,bongo_0265,1,0.725667
nb_char,clean,template,0,test_xatk_codeswitch_all,bongo_0271,0,0.089957
nb_char,clean,template,0,test_xatk_codeswitch_all,bongo_0300,0,0.018482
nb_char,clean,template,0,test_xatk_codeswitch_all,bongo_0306,0,0.123608
nb_char,clean,template,0,test_xatk_codeswitch_all,bongo_0356,1,0.772269
nb_char,clean,template,0,test_xatk_codeswitch_all,bongo_0360,1,0.984244
nb_char,clean,template,0,test_xatk_codeswitch_all,bongo_0361,1,0.997936
nb_char,clean,template,0,test_xatk_codeswitch_all,bongo_0363,0,0.098682
nb_char,clean,template,0,test_xatk_codeswitch_all,bongo_0368,0,0.375441
nb_char,clean,template,0,test_xatk_codeswitch_all,bongo_0372,0,0.318321
nb_char,clean,template,0,test_xatk_codeswitch_all,bongo_0380,1,0.671643
nb_char,clean,template,0,test_xatk_codeswitch_all,bongo_0389,0,0.147601
nb_char,clean,template,0,test_xatk_codeswitch_all,bongo_0395,0,0.217050
nb_char,clean,template,0,test_xatk_codeswitch_all,bongo_0405,1,0.996857
nb_char,clean,template,0,test_xatk_codeswitch_all,bongo_0424,1,0.992186
nb_char,clean,template,0,test_xatk_codeswitch_all,bongo_0427,0,0.759447
nb_char,clean,template,0,test_xatk_codeswitch_all,bongo_0434,1,0.682150
nb_char,clean,template,0,test_xatk_codeswitch_all,bongo_0463,0,0.694275
nb_char,clean,template,0,test_xatk_codeswitch_all,bongo_0476,1,0.996061
nb_char,clean,template,0,test_xatk_codeswitch_all,bongo_0510,1,0.997472
nb_char,clean,template,0,test_xatk_codeswitch_all,bongo_0531,0,0.288838
nb_char,clean,template,0,test_xatk_codeswitch_all,bongo_0542,0,0.140608
nb_char,clean,template,0,test_xatk_codeswitch_all,bongo_0545,0,0.141677
nb_char,clean,template,0,test_xatk_codeswitch_all,bongo_0560,1,0.933872
nb_char,clean,template,0,test_xatk_codeswitch_all,bongo_0565,1,0.756365
nb_char,clean,template,0,test_xatk_codeswitch_all,bongo_0566,1,0.998905
nb_char,clean,template,0,test_xatk_codeswitch_all,bongo_0571,0,0.402319
nb_char,clean,template,0,test_xatk_codeswitch_all,bongo_0577,1,0.998103
nb_char,clean,template,0,test_xatk_codeswitch_all,bongo_0580,1,0.994655
nb_char,clean,template,0,test_xatk_codeswitch_all,bongo_0621,1,0.992653
nb_char,clean,template,0,test_xatk_codeswitch_all,bongo_0624,1,0.996756
nb_char,clean,template,0,test_xatk_codeswitch_all,bongo_0630,0,0.168160
nb_char,clean,template,0,test_xatk_codeswitch_all,bongo_0638,1,0.998345
nb_char,clean,template,0,test_xatk_codeswitch_all,bongo_0648,0,0.315901
nb_char,clean,template,0,test_xatk_codeswitch_all,bongo_0674,0,0.115431
nb_char,clean,template,0,test_xatk_codeswitch_all,bongo_0685,0,0.974558
nb_char,clean,template,0,test_xatk_codeswitch_all,bongo_0697,1,0.756365
nb_char,clean,template,0,test_xatk_codeswitch_all,bongo_0701,0,0.127740
nb_char,clean,template,0,test_xatk_codeswitch_all,bongo_0706,1,0.806125
nb_char,clean,template,0,test_xatk_codeswitch_all,bongo_0719,1,0.680561
nb_char,clean,template,0,test_xatk_codeswitch_all,bongo_0721,1,0.993153
nb_char,clean,template,0,test_xatk_codeswitch_all,bongo_0724,1,0.669401
nb_char,clean,template,0,test_xatk_codeswitch_all,bongo_0729,1,0.996860
nb_char,clean,template,0,test_xatk_codeswitch_all,bongo_0741,0,0.054389
nb_char,clean,template,0,test_xatk_codeswitch_all,bongo_0749,1,0.749448
nb_char,clean,template,0,test_xatk_codeswitch_all,bongo_0769,1,0.996691
nb_char,clean,template,0,test_xatk_codeswitch_all,bongo_0770,1,0.682150
nb_char,clean,template,0,test_xatk_codeswitch_all,bongo_0778,1,0.779666
nb_char,clean,template,0,test_xatk_codeswitch_all,bongo_0787,1,0.988944
nb_char,clean,template,0,test_xatk_codeswitch_all,bongo_0795,0,0.229489
nb_char,clean,template,0,test_xatk_codeswitch_all,bongo_0806,1,0.669401
nb_char,clean,template,0,test_xatk_codeswitch_all,bongo_0807,1,0.995610
nb_char,clean,template,0,test_xatk_codeswitch_all,bongo_0818,0,0.145114
nb_char,clean,template,0,test_xatk_codeswitch_all,bongo_0819,0,0.226923
nb_char,clean,template,0,test_xatk_codeswitch_all,bongo_0835,0,0.112382
nb_char,clean,template,0,test_xatk_codeswitch_all,bongo_0840,1,0.987236
nb_char,clean,template,0,test_xatk_codeswitch_all,bongo_0855,1,0.762924
nb_char,clean,template,0,test_xatk_codeswitch_all,bongo_0856,0,0.078330
nb_char,clean,template,0,test_xatk_codeswitch_all,bongo_0864,1,0.999322
nb_char,clean,template,0,test_xatk_codeswitch_all,bongo_0871,1,0.997589
nb_char,clean,template,0,test_xatk_codeswitch_all,bongo_0872,0,0.417833
nb_char,clean,template,0,test_xatk_codeswitch_all,bongo_0904,0,0.731203
nb_char,clean,template,0,test_xatk_codeswitch_all,bongo_0905,1,0.998239
nb_char,clean,template,0,test_xatk_codeswitch_all,bongo_0909,1,0.998215
nb_char,clean,template,0,test_xatk_codeswitch_all,bongo_0917,1,0.531657
nb_char,clean,template,0,test_xatk_codeswitch_all,bongo_0918,1,0.996791
nb_char,clean,template,0,test_xatk_codeswitch_all,bongo_0950,0,0.116249
nb_char,clean,template,0,test_xatk_codeswitch_all,bongo_0955,1,0.994899
nb_char,clean,template,0,test_xatk_codeswitch_all,bongo_0956,0,0.105956
nb_char,clean,template,0,test_xatk_codeswitch_all,bongo_0971,0,0.124698
nb_char,clean,template,0,test_xatk_codeswitch_all,bongo_0983,0,0.284358
nb_char,clean,template,0,test_xatk_codeswitch_all,bongo_0989,1,0.997631
nb_char,clean,template,0,test_xatk_codeswitch_all,bongo_0994,0,0.771988
nb_char,clean,template,0,test_xatk_codeswitch_all,bongo_1003,1,0.924085
nb_char,clean,template,0,test_xatk_codeswitch_all,bongo_1006,0,0.594470
nb_char,clean,template,0,test_xatk_codeswitch_all,bongo_1012,1,0.741913
nb_char,clean,template,0,test_xatk_codeswitch_all,bongo_1015,0,0.150850
nb_char,clean,template,0,test_xatk_codeswitch_all,bongo_1022,1,0.715394
nb_char,clean,template,0,test_xatk_codeswitch_all,bongo_1037,0,0.186122
nb_char,clean,template,0,test_xatk_codeswitch_all,bongo_1040,0,0.305190
nb_char,clean,template,0,test_xatk_codeswitch_all,bongo_1042,1,0.977554
nb_char,clean,template,0,test_xatk_codeswitch_all,bongo_1047,1,0.999195
nb_char,clean,template,0,test_xatk_codeswitch_all,bongo_1050,0,0.058295
nb_char,clean,template,0,test_xatk_codeswitch_all,bongo_1052,1,0.996273
nb_char,clean,template,0,test_xatk_codeswitch_all,bongo_1059,0,0.177674
nb_char,clean,template,0,test_xatk_codeswitch_all,bongo_1071,0,0.252802
nb_char,clean,template,0,test_xatk_codeswitch_all,bongo_1090,0,0.370587
nb_char,clean,template,0,test_xatk_codeswitch_all,bongo_1104,1,0.994662
nb_char,clean,template,0,test_xatk_codeswitch_all,bongo_1115,0,0.063667
nb_char,clean,template,0,test_xatk_codeswitch_all,bongo_1123,0,0.078899
nb_char,clean,template,0,test_xatk_codeswitch_all,bongo_1125,0,0.320429
nb_char,clean,template,0,test_xatk_codeswitch_all,bongo_1127,1,0.838563
nb_char,clean,template,0,test_xatk_codeswitch_all,bongo_1131,1,0.969069
nb_char,clean,template,0,test_xatk_codeswitch_all,bongo_1134,1,0.687184
nb_char,clean,template,0,test_xatk_codeswitch_all,bongo_1135,0,0.337561
nb_char,clean,template,0,test_xatk_codeswitch_all,bongo_1136,1,0.969089
nb_char,clean,template,0,test_xatk_codeswitch_all,bongo_1138,1,0.999020
nb_char,clean,template,0,test_xatk_codeswitch_all,bongo_1140,1,0.992859
nb_char,clean,template,0,test_xatk_codeswitch_all,bongo_1154,1,0.998678
nb_char,clean,template,0,test_xatk_codeswitch_all,bongo_1155,0,0.050153
nb_char,clean,template,0,test_xatk_codeswitch_all,bongo_1171,1,0.994662
nb_char,clean,template,0,test_xatk_codeswitch_all,bongo_1181,1,0.989487
nb_char,clean,template,0,test_xatk_codeswitch_all,bongo_1185,1,0.578300
nb_char,clean,template,0,test_xatk_codeswitch_all,bongo_1194,0,0.278053
nb_char,clean,template,0,test_xatk_codeswitch_all,bongo_1195,1,0.791428
nb_char,clean,template,0,test_xatk_codeswitch_all,bongo_1198,0,0.126311
nb_char,clean,template,0,test_xatk_codeswitch_all,bongo_1204,1,0.635881
nb_char,clean,template,0,test_xatk_codeswitch_all,bongo_1220,1,0.998006
nb_char,clean,template,0,test_xatk_codeswitch_all,bongo_1233,1,0.998249
nb_char,clean,template,0,test_xatk_codeswitch_all,bongo_1236,0,0.086859
nb_char,clean,template,0,test_xatk_codeswitch_all,bongo_1240,1,0.568750
nb_char,clean,template,0,test_xatk_codeswitch_all,bongo_1244,0,0.137100
nb_char,clean,template,0,test_xatk_codeswitch_all,bongo_1249,0,0.180521
nb_char,clean,template,0,test_xatk_codeswitch_all,bongo_1253,0,0.321210
nb_char,clean,template,0,test_xatk_codeswitch_all,bongo_1260,0,0.093479
nb_char,clean,template,0,test_xatk_codeswitch_all,bongo_1262,0,0.303571
nb_char,clean,template,0,test_xatk_codeswitch_all,bongo_1278,1,0.648631
nb_char,clean,template,0,test_xatk_codeswitch_all,bongo_1285,0,0.085798
nb_char,clean,template,0,test_xatk_codeswitch_all,bongo_1293,1,0.996992
nb_char,clean,template,0,test_xatk_codeswitch_all,bongo_1316,0,0.194584
nb_char,clean,template,0,test_xatk_codeswitch_all,bongo_1327,1,0.540132
nb_char,clean,template,0,test_xatk_codeswitch_all,bongo_1330,0,0.358259
nb_char,clean,template,0,test_xatk_codeswitch_all,bongo_1359,0,0.032501
nb_char,clean,template,0,test_xatk_codeswitch_all,bongo_1375,0,0.090813
