model,set,id,label,prob,threshold,bucket,local_scheme,text,where
nb_word_counts,test,bongo_0029,0,0.816,0.5,Ambiguous,False,Chukua maua yako,Swahili test
nb_word_counts,test,bongo_0685,0,0.811,0.5,Genuine text flagged,False,Naomba unitumie namba ya huyo fundi.,Swahili test
nb_word_counts,test,bongo_0872,0,0.952,0.5,Ambiguous,False,"Samahani, sikuweza kupokea simu yako.",Swahili test
nb_word_counts,chichewa,chi_0003,0,1.0,0.5,Service-like text flagged,False,Balansi <AMOUNT> ; PaNet MoFaya Weekly 2.60GB itha pa 07-11-2023; Timasuke SMS <AMOUNT> :98 itha pa 02-11-2023; Download My Airtel App here <URL> to view all balances.,Chichewa
nb_word_counts,chichewa,chi_0006,0,0.987,0.5,Service-like text flagged,False,"Okondedwa akasitomala, balansi yanu yatsala <AMOUNT> ; chezani voice bundle 20MB itha pa 20-06-2023.",Chichewa
nb_word_counts,chichewa,chi_0007,0,0.533,0.5,Ambiguous,False,wawa malume,Chichewa
nb_word_counts,chichewa,chi_0008,1,0.096,0.5,Chichewa fraud missed,False,Ndine transporter ndili ndi katundu wa m'bale wanu kuchokela ku south africa. ndiyimbileni kuti ndikafika ku malawiko tilumikizane.,Chichewa
nb_word_counts,chichewa,chi_0010,0,0.999,0.5,Genuine text flagged,False,Bandulo yanu inatha masiku asanu apitawo. Gulani ina. Sangalalani ndima bandulo otchipa komaso netiweki yachangu yokhayo ya Airtel.,Chichewa
nb_word_counts,chichewa,chi_0012,0,0.533,0.5,Genuine text flagged,False,wawa mulamu nambalayi ndiyanga ndine James,Chichewa
nb_word_counts,chichewa,chi_0013,1,0.009,0.5,Chichewa fraud missed,True,ndife ochokela ku bungwe la dodma tikutolela thandizo la ndalama lokathandizila onse okhudzidwa ndi namondwe wa Fredy. Imbani foni ku <PHONE> kuti mumve zambiri,Chichewa
nb_word_counts,chichewa,chi_0014,1,0.025,0.5,Chichewa fraud missed,False,bungwe la Dodoma likutolelra ndalama zodzathandizila anthu okhudzidwa ndi sayikuloni fulede. imbani phone ku nambala iyi <PHONE> kuti mudziwe ndondomeko yake,Chichewa
nb_word_counts,chichewa,chi_0017,0,0.949,0.5,Genuine text flagged,False,kodi chaka chino simutigulirako feteleza achimwene ku towunu ko?,Chichewa
nb_word_counts,chichewa,chi_0019,1,0.194,0.5,Chichewa fraud missed,False,ine transporter ndafika pa border ndikuchokela ku south africa ndatenga katundu wa m'balewanu tandiyimbilani for communication.,Chichewa
nb_word_counts,chichewa,chi_0025,0,0.997,0.5,Service-like text flagged,False,Yankhani mafunso a TNM Supa Ligi kuti mpeze mwayi okhala m'modzi mwa anthu 4 opata <AMOUNT> sabata iliyonse. Tumiza QN ku 451. Mtengo ndi <AMOUNT> .,Chichewa
nb_word_counts,chichewa,chi_0026,0,0.533,0.5,Service-like text flagged,False,Okondedwa akasitomala. Mwalandila 103 mtolo minutes woyimbila manambala a TNM okha. Isiya kugwira ntchito pa 14/06/2023,Chichewa
nb_word_counts,chichewa,chi_0029,0,0.533,0.5,Genuine text flagged,False,tiyeni tikumane madzulo ano kuti timalizitse deal ija,Chichewa
nb_word_counts,chichewa,chi_0030,0,0.533,0.5,Genuine text flagged,False,"sindibwela lelo ndikhala busy, bwanji tiwonane mawa chief?",Chichewa
nb_word_counts,chichewa,chi_0033,1,0.072,0.5,Chichewa fraud missed,False,Social Cash Transfer: banja lanu lakha limodzi mwa maanja opindula ndi social cash transfer. tiyimbileni lamya kuti mulandile ndalama zanu,Chichewa
nb_word_counts,chichewa,chi_0035,0,0.533,0.5,Ambiguous,False,ndanyamuka kale sindingabweleleso panopa,Chichewa
nb_word_counts,chichewa,chi_0036,0,0.533,0.5,Ambiguous,False,ndakwela mini bus apapa,Chichewa
nb_word_counts,chichewa,chi_0037,0,1.0,0.5,Service-like text flagged,False,"Okondedwa akasitomala, mwatsala ndi <AMOUNT> . Imbani *533# kuti mubwereke mayunitsi ndi KUTAPA. Sangalalani ndi macheza osatha ndi network ya Airtel.",Chichewa
nb_word_counts,chichewa,chi_0038,0,1.0,0.5,Service-like text flagged,False,"Mwagula Chezani <AMOUNT> ya sabata imodzi, 100 Mins itha pa <PHONE> :50:55 hrs. Imbani *137# kuti muone balansi yanu kapena pangani pezani My Airtel App ku <URL>",Chichewa
nb_word_counts,chichewa,chi_0039,0,0.999,0.5,Genuine text flagged,False,Bandulo yanu inatha masiku atatu apitawo. Gulani ina. Sangalalani ndima bandulo otchipa komaso netiweki yachangu yokhayo ya Airtel.,Chichewa
nb_word_counts,chichewa,chi_0042,0,0.533,0.5,Ambiguous,False,tisachedwe boss,Chichewa
nb_word_counts,chichewa,chi_0043,0,0.533,0.5,Ambiguous,False,ndatumiza ndalama ija,Chichewa
nb_word_counts,chichewa,chi_0044,0,0.962,0.5,Service-like text flagged,False,"Chepetsani nthawi ndi ndalama! Lipilani ndalama zamayeso za PSLCE, JCE and MSCE mosavuta pogwiritsa ntchito Airtel Money. Imbani *919# kenako lowetsani nambala ya inivoyisi yanu. Ndizophweka!",Chichewa
nb_word_counts,chichewa,chi_0046,1,0.096,0.5,Chichewa fraud missed,False,"Amzanu akulemela ku mpingo wa Bushiri nanga inu mudikila chani, imbani phone ku nambala iyi kuti nanu mulemele",Chichewa
nb_word_counts,chichewa,chi_0049,0,1.0,0.5,Service-like text flagged,False,Mwagula Chezani PaNet MoFaya 3GB itha pa <PHONE> :10:02 hrs. Imbani *137# kuti muone balansi yanu kapena pangani pezani My Airtel App ku <URL>,Chichewa
nb_word_counts,chichewa,chi_0050,0,0.533,0.5,Genuine text flagged,False,"Zosafunanso mayunitsi, mutha ku flasha anzanu ndi achibale kuma netiweki onse mwaulere muno M'Malawi ndipo adzalandila uthenga oti akuimbireni",Chichewa
nb_word_counts,chichewa,chi_0051,1,0.376,0.5,Chichewa fraud missed,False,tutolela ndalama zothandizila anthu okhudzidwa ndi kusefukila kwa madzi,Chichewa
nb_word_counts,chichewa,chi_0053,0,0.533,0.5,Ambiguous,False,nambala yanu sikumapezeka,Chichewa
nb_word_counts,chichewa,chi_0057,1,0.376,0.5,Chichewa fraud missed,False,tikutolela ndalama zothandizila anthu omwe akhudzidwa ndi kusefukila kwa madzi,Chichewa
nb_word_counts,chichewa,chi_0058,1,0.024,0.5,Chichewa fraud missed,False,UNICEF: Ndife ogwira ntchito ku UNICEF tusonkhanitsa ndalama zogulira chokudya cha anthu omwe akhudzidwa ndi kusefukila kwa madzi.,Chichewa
nb_word_counts,chichewa,chi_0059,0,1.0,0.5,Service-like text flagged,False,Airtel Money mogwirizana ndi OLD mutual yakubweretserani Phuka Digital Savings. Njira yodalirika yosungira ndalama zanu kudzera pa Airtel Money. Lembetsani lero ndi ndalama yosachepera <AMOUNT> poimba *211# sankhani 5 kenako 2.,Chichewa
nb_word_counts,chichewa,chi_0061,1,0.024,0.5,Chichewa fraud missed,False,UNICEF: Ndife ochokela ku UNICEF tusonkhanitsa ndalama zogulira chokudya cha anthu omwe akhudzidwa ndi kusefukila kwa madzi.,Chichewa
nb_word_counts,chichewa,chi_0062,0,0.533,0.5,Ambiguous,False,hahaha ndakumva.,Chichewa
nb_word_counts,chichewa,chi_0065,1,0.024,0.5,Chichewa fraud missed,False,Ndife ogwira ntchito ku UNICEF tusonkhanitsa ndalama zogulira chokudya cha anthu omwe akhudzidwa ndi kusefukila kwa madzi.,Chichewa
nb_word_counts,chichewa,chi_0067,0,0.689,0.5,Ambiguous,False,kodi mubwela nthawi zanji man?,Chichewa
nb_word_counts,chichewa,chi_0068,0,0.533,0.5,Ambiguous,False,Hahaha ndaonaso choncho.,Chichewa
nb_word_counts,chichewa,chi_0071,0,0.533,0.5,Ambiguous,False,message ndayiona.,Chichewa
nb_word_counts,chichewa,chi_0072,0,0.968,0.5,Ambiguous,False,ndikuyimbila nthawi ina,Chichewa
nb_word_counts,chichewa,chi_0081,1,0.096,0.5,Chichewa fraud missed,False,ndanyamula katundu wa m'bale wanu ndili mu depot kuchokela ku south africa,Chichewa
nb_word_counts,chichewa,chi_0082,0,0.533,0.5,Ambiguous,False,ndili busy,Chichewa
nb_word_counts,chichewa,chi_0083,0,0.533,0.5,Ambiguous,False,osayimbaso,Chichewa
nb_word_counts,chichewa,chi_0091,0,0.533,0.5,Genuine text flagged,False,kuti tilumikizane imbani foni chifukwa lelo sindibwela,Chichewa
nb_word_counts,chichewa,chi_0095,1,0.036,0.5,Chichewa fraud missed,False,mpikisano wa premierloto ukukudziwitsani kuti mukhala mukuchita mwayi opata ndalama za nkhani nkhani. imbani phone kuti mumve zambiri,Chichewa
nb_word_counts,chichewa,chi_0096,0,0.533,0.5,Ambiguous,False,Kabayitseni katemela.,Chichewa
nb_word_counts,chichewa,chi_0097,0,0.973,0.5,Genuine text flagged,False,dziwani za AIRTEL ZiliMwaife. khalani otsogola ku dela lanu posankha chitukuko chomwe mukufuna.,Chichewa
nb_word_counts,chichewa,chi_0102,0,0.533,0.5,Genuine text flagged,False,ma bungwe mdziko lino akupempha mayiko olemela kuti athandize dziko lino .,Chichewa
nb_word_counts,chichewa,chi_0104,0,0.533,0.5,Genuine text flagged,False,mtsogoleli wadziko lino wapempha onse akufuna kwabwino kuti athandize omwe asautsika ndi madzi osefukila.,Chichewa
nb_word_counts,chichewa,chi_0105,1,0.096,0.5,Chichewa fraud missed,False,"ndine wa police, kuti mulowe mosavuta imbani foni",Chichewa
nb_word_counts,chichewa,chi_0108,0,0.533,0.5,Genuine text flagged,False,mtsogoleli wadziko lino wapempha anthu akufuna kwabwino kuti athandize omwe asautsika ndi madzi osefukila.,Chichewa
nb_word_counts,chichewa,chi_0112,1,0.069,0.5,Chichewa fraud missed,False,ndanyamula katundu wa m’bale wanu ndili pa border ngati mukufuna tilumikizane tumizani ndalama ya transport ku nambala yomweyi,Chichewa
nb_word_counts,chichewa,chi_0114,0,0.533,0.5,Ambiguous,False,tikuwuzani madzulowa bwana,Chichewa
nb_word_counts,chichewa,chi_0115,0,0.533,0.5,Ambiguous,False,undiyimbile ukafika,Chichewa
nb_word_counts,chichewa,chi_0116,0,0.72,0.5,Ambiguous,False,utha kuyimbano apapa ndili free,Chichewa
nb_word_counts,chichewa,chi_0117,1,0.069,0.5,Chichewa fraud missed,False,Ine transpoter ndili ndi katundu wa m’bale wanu ku border ya Mwanza. Kuti tionane ndiyimbileni 4n ku number yomwe,Chichewa
nb_word_counts,chichewa,chi_0118,1,0.069,0.5,Chichewa fraud missed,False,Ine transpoter kuchokela ku joni ndatenga katundu wa m’bale wanu ndili pa border ya Dedza.kuti tithe kulumikizana imbileni foni,Chichewa
nb_word_counts,chichewa,chi_0119,1,0.096,0.5,Chichewa fraud missed,False,Ndine transpoter kuchokela ku South Africa ndili ndi katundu wa m’bale wanu,Chichewa
nb_word_counts,chichewa,chi_0120,0,0.949,0.5,Ambiguous,False,kodi ufika nthawi azanji?,Chichewa
nb_word_counts,chichewa,chi_0121,0,0.533,0.5,Ambiguous,False,ndatsika bus kumene,Chichewa
nb_word_counts,chichewa,chi_0122,0,0.533,0.5,Ambiguous,False,ndukudikila,Chichewa
nb_word_counts,chichewa,chi_0124,1,0.069,0.5,Chichewa fraud missed,False,Ndine transpoter ndatengako katundu wa mzanu panopa ndafika pa border ya Dedza kuti tilumikizane imbani foni ku nambala yomweyi,Chichewa
nb_word_counts,chichewa,chi_0125,1,0.025,0.5,Chichewa fraud missed,False,Ndine wa za mtengatenga kuchokela ku South Africa ndapatsidwa katundu kuti ndikupatsireni pa border ya mchinji. Muyimbe foni ku nambala kuti tilumikizane,Chichewa
nb_word_counts,chichewa,chi_0126,0,0.533,0.5,Ambiguous,False,ok ndikubwela,Chichewa
nb_word_counts,chichewa,chi_0127,0,0.533,0.5,Ambiguous,False,chabwino ndikubwela.,Chichewa
nb_word_counts,chichewa,chi_0128,0,0.533,0.5,Ambiguous,False,ndafika dikila pang'nono,Chichewa
nb_word_counts,chichewa,chi_0129,1,0.069,0.5,Chichewa fraud missed,False,ine transpoter pa border ya mchinji ndi katundu wa m'bale wanu. kuti tithe kulumikizana imbani foni ku number yomweyi masanawa,Chichewa
nb_word_counts,chichewa,chi_0133,0,0.987,0.5,Service-like text flagged,False,Ase ndakutumizila ndalama yokwana <AMOUNT> kuti ukhonzetset njingayo mawa ubwelele ku business.,Chichewa
nb_word_counts,chichewa,chi_0134,1,0.194,0.5,Chichewa fraud missed,False,ine transpoter ndafika pa border kuchokela ku south africa ndatenga katundu wa m’bale wanu ndiyimbileni foni ku nambala imeneyi for communication.,Chichewa
nb_word_counts,chichewa,chi_0138,0,0.533,0.5,Genuine text flagged,False,braz tatumizani kanganyase kuti tiyendele transport kupita mtown.,Chichewa
nb_word_counts,chichewa,chi_0139,0,0.981,0.5,Service-like text flagged,False,katundu wanu wanyamuka ndipo ndalama ya transport mukalipila pokatenga. Ndalama zonse ndi <AMOUNT> .,Chichewa
nb_word_counts,chichewa,chi_0142,0,0.533,0.5,Genuine text flagged,False,mawa mudzanditenge mu depot ndikhala ndikufika kuchokela ku joni.,Chichewa
nb_word_counts,chichewa,chi_0143,0,0.999,0.5,Service-like text flagged,False,ndine Alinafe ndimati mkudziwitseni kut ndalama yomwe munatumiza ya transport ija sikukwanila chonde onjezelani ina. Mutumize ku nambala ya airtel.,Chichewa
nb_word_counts,chichewa,chi_0146,0,0.533,0.5,Ambiguous,False,Ok malume ndekuti zikatheka tionana,Chichewa
nb_word_counts,chichewa,chi_0149,0,0.533,0.5,Genuine text flagged,False,ayi sizimakhala choncho kaya ukumva kaya.,Chichewa
nb_word_counts,chichewa,chi_0150,0,0.533,0.5,Genuine text flagged,False,mose ndayambila kuyimba sukuyankha phone why?,Chichewa
nb_word_counts,chichewa,chi_0152,0,0.533,0.5,Ambiguous,False,ok tione madzulowa zikayenda,Chichewa
nb_word_counts,chichewa,chi_0153,0,0.533,0.5,Ambiguous,False,zikatheka sizisowa,Chichewa
nb_word_counts,chichewa,chi_0154,0,0.533,0.5,Ambiguous,False,Zikomo kwambiri ndalama ija yafika,Chichewa
nb_word_counts,chichewa,chi_0156,1,0.096,0.5,Chichewa fraud missed,False,Ndine agent wa TNM mpamba ndakutumizilani ndalama ku nambala yanu molakwika mukupemphedwa kuti mupange reverse,Chichewa
nb_word_counts,chichewa,chi_0158,0,1.0,0.5,Service-like text flagged,False,Balansi <AMOUNT> ; PaNet MoFaya Weekly 2.67GB itha pa 06-11-2023; Chezani Weekly 1200: 99min itha pa 06-11-2023; Download My Airtel App here <URL> to view all balances.,Chichewa
nb_word_counts,chichewa,chi_0159,0,0.533,0.5,Ambiguous,False,ndine john ndafika,Chichewa
nb_word_counts,chichewa,chi_0160,0,0.533,0.5,Ambiguous,False,bwanji sukuyankha ma message?,Chichewa
nb_word_counts,chichewa,chi_0161,1,0.096,0.5,Chichewa fraud missed,False,Ndine agent wa TNM mpamba ndakutumizilani ndalama ku nambala yanu molakwika chonde bwezani yotsalayo tengani,Chichewa
nb_word_counts,chichewa,chi_0162,1,0.096,0.5,Chichewa fraud missed,False,Ndine agent wa TNM mpamba ndakutumizilani ndalama ku nambala yanu molakwika chonde bwezani hafu yotsalayo ikhale yanu,Chichewa
nb_word_counts,chichewa,chi_0163,1,0.096,0.5,Chichewa fraud missed,False,Ndine agent wa TNM mpamba ndakutumizilani ndalama ku nambala yanu molakwika chonde bwezani half inayo sungani,Chichewa
nb_word_counts,chichewa,chi_0165,0,0.533,0.5,Ambiguous,False,ndine mulamu wanu kumudzi,Chichewa
nb_word_counts,chichewa,chi_0166,0,0.533,0.5,Ambiguous,False,ndagula njinga,Chichewa
nb_word_counts,chichewa,chi_0169,0,0.533,0.5,Ambiguous,False,mvula yayamba kuno.,Chichewa
nb_word_counts,chichewa,chi_0170,0,0.533,0.5,Ambiguous,False,sizitheka,Chichewa
nb_word_counts,chichewa,chi_0173,0,0.533,0.5,Ambiguous,False,ndudikila inu Sir,Chichewa
nb_word_counts,chichewa,chi_0174,0,0.533,0.5,Ambiguous,False,zavuta boss,Chichewa
nb_word_counts,chichewa,chi_0178,0,0.533,0.5,Ambiguous,False,alright ndamva.,Chichewa
nb_word_counts,chichewa,chi_0180,1,0.096,0.5,Chichewa fraud missed,False,Ndine agent ndili pa border ndanyamula katundu wa m'bale wanu nditumizileni ndalama pa nambala iyi kuti akufikeni.,Chichewa
nb_word_counts,chichewa,chi_0182,0,0.533,0.5,Genuine text flagged,False,zikomo a courier logistics katundu wanga ndalandila.,Chichewa
nb_word_counts,chichewa,chi_0183,0,0.949,0.5,Service-like text flagged,False,kodi kuchoka ku Blantyre kupita ku Lilongwe muma charger ndalama zingati?,Chichewa
nb_word_counts,chichewa,chi_0184,0,0.533,0.5,Genuine text flagged,False,katundu wanga wafika ataswekasweka nde pamenepa mundithandiza bwanji?,Chichewa
nb_word_counts,chichewa,chi_0186,1,0.285,0.5,Chichewa fraud missed,False,ndine transporter ndili ku Mwanza border ndi zinthu za m'bale wanu akuti ndikupatseni inu kuchokela ku joni. Chonde ndiyimbileni kuti tilumikizane.,Chichewa
nb_word_counts,chichewa,chi_0187,1,0.096,0.5,Chichewa fraud missed,False,ngati mwatopa ndi umphawi joinani mpingo wathu wa satanic mulemela,Chichewa
nb_word_counts,chichewa,chi_0188,0,0.533,0.5,Ambiguous,False,iiii panopa nde maluzi.,Chichewa
nb_word_counts,chichewa,chi_0189,0,0.533,0.5,Ambiguous,False,mwina ku madzuloku zikayenda bwino,Chichewa
nb_word_counts,chichewa,chi_0190,1,0.096,0.5,Chichewa fraud missed,False,mpingo wathu wa satanic ukufuna anthu ndipo adzalandila ndalama zochuluka akajoina 2 miilion malawi kwacha,Chichewa
nb_word_counts,chichewa,chi_0192,0,0.533,0.5,Ambiguous,False,ayi sindidanene choncho.,Chichewa
nb_word_counts,chichewa,chi_0194,0,0.533,0.5,Genuine text flagged,False,mawa ndikhala ndili mu Blantyre mma 4.,Chichewa
nb_word_counts,chichewa,chi_0195,0,0.533,0.5,Ambiguous,False,ndadzuka bwino kaya inu?,Chichewa
nb_word_counts,chichewa,chi_0198,1,0.007,0.5,Chichewa fraud missed,True,MIRACLE MONEY joyinani mpingo wathu wa satanic ndipo mulemela mwa changu. Kuti mujoine imbani pa nambala iyi.,Chichewa
nb_word_counts,chichewa,chi_0199,1,0.096,0.5,Chichewa fraud missed,False,"SOUTH AFRICA:Mundiyimbile ndili mu bus, ndanyamula katundu wa m'bale wanu kuchokela ku South Africa",Chichewa
nb_word_counts,chichewa,chi_0201,0,0.981,0.5,Ambiguous,False,undikhululukile ndalakwa ndine basi,Chichewa
nb_word_counts,chichewa,chi_0206,0,0.533,0.5,Ambiguous,False,Ok I agree. mawa ndibwela,Chichewa
nb_word_counts,chichewa,chi_0210,0,0.533,0.5,Ambiguous,False,ndakusowa anthu inu koma mulipo?,Chichewa
nb_word_counts,chichewa,chi_0211,0,0.533,0.5,Ambiguous,False,chabwino ndibwela mawa mamawa akulu.,Chichewa
nb_word_counts,chichewa,chi_0215,0,0.533,0.5,Genuine text flagged,False,chonde mudzandichangamile mu Wenela bus depot ndanyamula katundu wochuluka kwambiri.,Chichewa
nb_word_counts,chichewa,chi_0221,0,0.533,0.5,Ambiguous,False,kumapemphela kuti musamayesedwe akulu,Chichewa
nb_word_counts,chichewa,chi_0222,0,0.949,0.5,Genuine text flagged,False,hahaha zatelo kodi ayi ndi nkhani yabwino.,Chichewa
nb_word_counts,chichewa,chi_0227,0,0.533,0.5,Genuine text flagged,False,"hello, ndati ndikupatseni moni azakhali mulibwanji?",Chichewa
nb_word_counts,chichewa,chi_0228,0,0.949,0.5,Genuine text flagged,False,kodi chief mwati zukhala bwanji ku Malawi kuno? hahahaha!,Chichewa
nb_word_counts,chichewa,chi_0231,1,0.121,0.5,Chichewa fraud missed,False,Katundu wanu akhala akufika ku Malawi kuchokela ku Tanzania mawali. Mutiyimbile phone kuti mudziwe katengedwe,Chichewa
nb_word_counts,chichewa,chi_0232,0,0.533,0.5,Genuine text flagged,False,ok bwana ndakumvani koma number yanu simagwira ndikayimba,Chichewa
nb_word_counts,chichewa,chi_0234,0,0.949,0.5,Service-like text flagged,False,amalume kodi mungatithandizeko ndindalama yoti ndionjezele kugula feteleza vula isanayambe? pepanitu malume zangondivuta chabe penapake ndikanatha kugula.,Chichewa
nb_word_counts,chichewa,chi_0235,0,0.975,0.5,Service-like text flagged,False,"Mvelani nkhani zongochitika kumene poyimba * <AMOUNT> *. Zodiak, zikachitika mumvela kwa ife.",Chichewa
nb_word_counts,chichewa,chi_0238,0,0.533,0.5,Ambiguous,False,ndufuna ndibwele kuti ndidzakuoneni makosana,Chichewa
nb_word_counts,chichewa,chi_0239,0,0.533,0.5,Genuine text flagged,False,Hahaha ndinadziwa kuti sungabwela lelo mkona ndinachokapo ase.,Chichewa
nb_word_counts,chichewa,chi_0240,0,0.533,0.5,Ambiguous,False,ase ndalama ija ndatumiza .,Chichewa
nb_word_counts,chichewa,chi_0241,0,0.533,0.5,Service-like text flagged,False,ase ndalama ija ndakutumizila utha kuyiona.,Chichewa
nb_word_counts,chichewa,chi_0244,0,0.533,0.5,Ambiguous,False,chabwino ndakumvani ndiwadziwitsa ma guys,Chichewa
nb_word_counts,chichewa,chi_0246,1,0.096,0.5,Chichewa fraud missed,False,ndine agent wa Mpamba. ndapatsidwa ndalama ndi m'bale wanu kuti ndutumizileni.,Chichewa
nb_word_counts,chichewa,chi_0247,1,0.013,0.5,Chichewa fraud missed,True,JB FOUNDATION MTUKULA PAKHOMO PROJECT: ife a JB Foundation tikugawa ndalama kwa maanja osauka. imbani pa number yomweyi kuti mulembetse.,Chichewa
nb_word_counts,chichewa,chi_0249,0,0.533,0.5,Genuine text flagged,False,boss tudikilatu kuti tiyankhulane nkhani ija.,Chichewa
nb_word_counts,chichewa,chi_0250,0,0.533,0.5,Service-like text flagged,False,bwana mutibweleke ndalama tibweza pompano tufuna tiwombole zinthu pa border.,Chichewa
nb_word_counts,chichewa,chi_0251,0,0.533,0.5,Genuine text flagged,False,ok ok tiona kuti titani week yamawa,Chichewa
nb_word_counts,chichewa,chi_0252,0,0.533,0.5,Genuine text flagged,False,mulungu ndi wamkulu nthawi zonse osamayiwala phiri.,Chichewa
nb_word_counts,chichewa,chi_0256,0,0.533,0.5,Service-like text flagged,False,biggy kandalama kaja bwanji nthawitu yatalikitsa hahaha.,Chichewa
nb_word_counts,chichewa,chi_0257,0,0.533,0.5,Ambiguous,False,big osatiyiwala ka ndalama kaja.,Chichewa
nb_word_counts,chichewa,chi_0268,1,0.096,0.5,Chichewa fraud missed,False,Ine Transporter ndafika pa border kuchokela ku South Africa ndatenga katundu wa m'bale wanu tandiyimbilani 0.,Chichewa
nb_word_counts,chichewa,chi_0275,1,0.121,0.5,Chichewa fraud missed,False,m'bale wanu ali kuno Police wamangidwa. Tiyimbileni phone ku number yomweyi kuti mumve zambiri,Chichewa
nb_word_counts,chichewa,chi_0277,1,0.096,0.5,Chichewa fraud missed,False,Ine transporter ndafika pa border kuchokela ku south africa ndatenga katundu wa m'bale wanu tandiyimbilani 4n kuti tilumikizane.,Chichewa
nb_word_counts,chichewa,chi_0280,0,0.533,0.5,Genuine text flagged,False,Ine nde maluzi andiswa ndivungireniko kenakake braz.,Chichewa
nb_word_counts,chichewa,chi_0283,0,0.533,0.5,Genuine text flagged,False,eya madela ambiri mvula igwa bwino.,Chichewa
nb_word_counts,chichewa,chi_0293,0,0.974,0.5,Genuine text flagged,False,patani 200MB ya ULERE ya sabata imodzi mukapanga dauinilodi My Airtel App. Dziwani ndondomeko yonse pa tsambala ili <URL>,Chichewa
nb_word_counts,chichewa,chi_0294,0,0.997,0.5,Genuine text flagged,False,Dziwani kuti ma bandulo onse a Airtel amene tili nao pa My Airtel App. Patani 200MB ya Ulere yasabata imodzi mukapamga daunilodi apa <URL>,Chichewa
nb_word_counts,chichewa,chi_0301,1,0.352,0.5,Chichewa fraud missed,False,okondedwa akasitomala. Dziwani kuti nambala yanu ya chinsisi ibulokedwa pakadutsa 24 hours choncho sinthani nambala yanu ya chinsisi potsitila ndondomeko izi.,Chichewa
nb_word_counts,chichewa,chi_0303,0,1.0,0.5,Service-like text flagged,False,Balansi <AMOUNT> ; Kutapa <AMOUNT> ; PaNet MoFaya 100MB itha pa 01-04-2023; Download My Airtel App here <URL> to view all balances.,Chichewa
nb_word_counts,chichewa,chi_0304,0,1.0,0.5,Service-like text flagged,False,Balansi <AMOUNT> ; Kutapa <AMOUNT> ; PaNet MoFaya 100MB itha pa 01-04-2023; Chezani Daily 100 2.20min itha pa 08-08-2023; Timasuke Daily <AMOUNT> balansi 190 itha pa 09-02-2023; Download My Airtel App here <URL> to view all balances.,Chichewa
nb_word_counts,chichewa,chi_0305,0,1.0,0.5,Service-like text flagged,False,Balansi <AMOUNT> ; Kutapa <AMOUNT> ; PaNet MoFaya 10KB itha pa 08-04-2023; Chezani Daily 240 0.20min itha pa 08-08-2023; Timasuke Daily <AMOUNT> balansi 190 itha pa 09-02-2023; Download My Airtel App here <URL> to view all balances.,Chichewa
nb_word_counts,chichewa,chi_0306,0,1.0,0.5,Service-like text flagged,False,Balance <AMOUNT> ; Kutapa <AMOUNT> ; Chezani Daily 240 0.20min itha pa 08-08-2023; Timasuke Daily <AMOUNT> balansi 190 itha pa 09-02-2023; Download My Airtel App here <URL> to view all balances.,Chichewa
nb_word_counts,chichewa,chi_0312,0,1.0,0.5,Service-like text flagged,False,"okondedwa akasitomala, mwatsala ndi <AMOUNT> . Imbani *533# kuti mubweleke maunitsi ndi KUTAPA. Sangalalani ndi macheza osatha ndi network ya Airtel",Chichewa
nb_word_counts,chichewa,chi_0313,0,1.0,0.5,Service-like text flagged,False,Balansi <AMOUNT> ; Kutapa <AMOUNT> ; PaNet WhatsApp Bundle 9MB itha pa 02-06-2023; Download My Airtel App here <URL> to view all balances.,Chichewa
nb_word_counts,chichewa,chi_0316,0,1.0,0.5,Service-like text flagged,False,Balansi <AMOUNT> ; Kutapa <AMOUNT> ; PaNet WhatsApp Bundle 9MB itha pa 02-06-2023; Timasuke Daily <AMOUNT> balansi 76 itha pa 02-07-2023; Download My Airtel App here <URL> to view all balances.,Chichewa
nb_word_counts,chichewa,chi_0317,0,0.764,0.5,Service-like text flagged,False,zosangalatsa! Yankhulani ndi ndi abale ndi anansi omwe ali pama netiweki ena kwa mphindi 10 pogula bandulo ya chezani pa <AMOUNT> . Imbani *301# kuti mugule.,Chichewa
nb_word_counts,chichewa,chi_0318,1,0.068,0.5,Chichewa fraud missed,False,Bushiri akugawa ndalama kwa onse okhudzidwa ndi Freddy imbani phone ku nambalayi kuti muyankhulane ndi aku office,Chichewa
nb_word_counts,chichewa,chi_0320,0,0.533,0.5,Ambiguous,False,kkkk ndafika ase osatha mawu.,Chichewa
nb_word_counts,chichewa,chi_0322,0,0.997,0.5,Service-like text flagged,False,Ngozi siyipanganika. Gulani Limodzi inshuwalansiya <AMOUNT> pa mwezi kuti musadzasowe mtengo ogwira polandira ndalama yofika <AMOUNT> . Imbani *200# sankhani 5 kenako 3.,Chichewa
nb_word_counts,chichewa,chi_0323,0,0.99,0.5,Genuine text flagged,False,"Airtel Top8 yafikaso! BLUE EAGLES vs MIGHTY MUKURU WANDERERS pa KAMUZU lelo pa 11 Dec, 2:30PM, Anthu 300 Oyambilira kulowa alandila Ma T-shirt aTop8. #ZaMadolo!",Chichewa
nb_word_counts,chichewa,chi_0324,0,0.99,0.5,Genuine text flagged,False,"Airtel Top8 yafikaso! DEDZA DYNAMOS vs MIGHTY MUKURU WANDERERS pa KAMUZU lelo pa 11 Dec, 2:30PM, Anthu 300 Oyambilira kulowa alandila Ma T-shirt aTop8. #ZaMadolo!",Chichewa
nb_word_counts,chichewa,chi_0325,0,0.533,0.5,Genuine text flagged,False,U-REPORT: kuti mulowe U-Report tumizani mau okuti JOIN ku nambala iyi 1177 ndi kuyankha mafunso otsatira. U-Report ndi yaulele sikudyerani ma units.,Chichewa
nb_word_counts,chichewa,chi_0328,0,0.992,0.5,Service-like text flagged,False,Tetezani geni yanu pamenen mwagonekedwa mchipatala kwa masiku osachepera awiri. Gulani Limodzi inshuwalansi ya <AMOUNT> pa mwezi kuti mudzipatsidwa <AMOUNT> mumasiku amene mwagona mchipatala. Imbani *211# sankhani 5 kenako 3.,Chichewa
nb_word_counts,chichewa,chi_0329,0,0.999,0.5,Service-like text flagged,False,"Mwagula timasuke daily <AMOUNT> , ma SMS 100 ogwiritsa ntchito mpaka <PHONE> :59:20. Imbani *137# kuti muone.",Chichewa
nb_word_counts,chichewa,chi_0330,0,1.0,0.5,Service-like text flagged,False,"Akasitomala, kumbukilani kuti Airtel imagwiritsa ntchito nambala ya + <AMOUNT> pofuna kulumikizana ndi makasitoma ake. chenjelani ndi okuba.",Chichewa
nb_word_counts,chichewa,chi_0332,0,0.533,0.5,Ambiguous,False,Tiwonane madzulo ndikaweluka,Chichewa
nb_word_counts,chichewa,chi_0333,0,0.533,0.5,Ambiguous,False,osadzanditumizilaso message,Chichewa
nb_word_counts,chichewa,chi_0334,0,0.533,0.5,Ambiguous,False,osadzandilembelaso message,Chichewa
nb_word_counts,chichewa,chi_0335,0,0.533,0.5,Ambiguous,False,osadzandiyimbilaso phone wamva?,Chichewa
nb_word_counts,chichewa,chi_0339,0,0.533,0.5,Ambiguous,False,hi mulamu kaya mwadzuka bwanji.,Chichewa
nb_word_counts,chichewa,chi_0341,0,0.949,0.5,Ambiguous,False,kodi mubwela liti kudzationa?,Chichewa
nb_word_counts,chichewa,chi_0345,0,0.533,0.5,Genuine text flagged,False,Chimanga nde chachita bwino chaka chimenechi.,Chichewa
nb_word_counts,chichewa,chi_0346,0,0.533,0.5,Ambiguous,False,kandalama kaja bwanji?,Chichewa
nb_word_counts,chichewa,chi_0354,1,0.376,0.5,Chichewa fraud missed,True,Joyce Banda Foundation ikupeleka ndalama kwa azimayi zoyambila business. Tiyimbileni phone pa nambala iyi kuti mulandile nawo ku dela lanu.,Chichewa
nb_word_counts,chichewa,chi_0356,0,0.533,0.5,Ambiguous,False,ndimakuyimbila sumayankha phone. ndayimba kambirimbiri.,Chichewa
nb_word_counts,chichewa,chi_0357,0,0.533,0.5,Genuine text flagged,False,week yamawa ndibwela nde munditumizile transport.,Chichewa
nb_word_counts,chichewa,chi_0359,1,0.441,0.5,Chichewa fraud missed,False,Mutha kupambana njinga ya moto polowa kumayele athu. imbani ku number iyi kuti muyese mwayi wanu,Chichewa
nb_word_counts,chichewa,chi_0364,0,0.533,0.5,Genuine text flagged,False,Dzitetezi kumatenda opatsilana posamba mmanja ndi sopo kawiri kawiri.,Chichewa
nb_word_counts,chichewa,chi_0365,0,0.533,0.5,Ambiguous,False,maluzitu boss tigayileni ndalama.,Chichewa
nb_word_counts,chichewa,chi_0366,0,0.533,0.5,Ambiguous,False,tayimbaso apapa ndili pa line.,Chichewa
nb_word_counts,chichewa,chi_0369,0,0.816,0.5,Genuine text flagged,False,nambala yako yakhala isakugwira sangapo konse.,Chichewa
nb_word_counts,chichewa,chi_0370,0,0.816,0.5,Genuine text flagged,False,phone yako yakhala isakupezeka kuyambila dzulo.,Chichewa
nb_word_counts,chichewa,chi_0371,0,0.533,0.5,Ambiguous,False,mawa ndikupeza masana.,Chichewa
nb_word_counts,chichewa,chi_0375,0,0.533,0.5,Ambiguous,False,lelo sizitheka kubwela ndili busy.,Chichewa
nb_word_counts,chichewa,chi_0378,0,0.533,0.5,Ambiguous,False,chabwino boss.,Chichewa
nb_word_counts,chichewa,chi_0382,0,0.533,0.5,Ambiguous,False,mvula yayamba kugwa?,Chichewa
nb_word_counts,chichewa,chi_0383,0,0.533,0.5,Ambiguous,False,mbewu zadula chaka chino.,Chichewa
nb_word_counts,chichewa,chi_0387,1,0.443,0.5,Chichewa fraud missed,True,lembani mu kaundula wa thandizo la anthu okhudzidwa ndi cyclone freddy poyimba foni ku <PHONE> .,Chichewa
nb_word_counts,chichewa,chi_0388,0,0.533,0.5,Ambiguous,False,eya ndinayimba kambirimbiri.,Chichewa
nb_word_counts,chichewa,chi_0393,0,0.533,0.5,Genuine text flagged,False,"ngati mukupitilira kukhosomola pafupipafupi, kaonaneni ndi adotolo.",Chichewa
nb_word_counts,chichewa,chi_0396,0,0.533,0.5,Genuine text flagged,False,ngati mwakhala mukumva kutentha thupi nthawi yayitali kayezetseni malungo.,Chichewa
nb_word_counts,chichewa,chi_0397,0,0.533,0.5,Ambiguous,False,ngati mukulephela kupuma kayezetseni covid19,Chichewa
nb_word_counts,chichewa,chi_0398,0,0.533,0.5,Ambiguous,False,ngati mukuvutika kupuma kayezetseni covid19,Chichewa
nb_word_counts,chichewa,chi_0399,0,0.533,0.5,Genuine text flagged,False,ngati mukuvutika kupuma kayezetseni covid19 kuchipatala chomwe muli nacho pafupi,Chichewa
nb_word_counts,chichewa,chi_0402,0,0.533,0.5,Genuine text flagged,False,gwiritsani ntchito njira zakulela kuti musatenge mimba mosakonzekela.,Chichewa
nb_word_counts,chichewa,chi_0408,0,0.533,0.5,Genuine text flagged,False,pewani mimba zosakozekela pomwa ma emergency pills.,Chichewa
nb_word_counts,chichewa,chi_0409,0,0.533,0.5,Genuine text flagged,False,pewani mimba zosakonzekela pogwiritsa ntchito ma emergency pills.,Chichewa
nb_word_counts,chichewa,chi_0410,0,0.533,0.5,Genuine text flagged,False,pewani mimba zosakonzekala pogwiritsa ntchito njira zama pilitsi.,Chichewa
nb_word_counts,chichewa,chi_0412,1,0.096,0.5,Chichewa fraud missed,False,"PREMIERBET: nambala yanu yawina mpikisano wa premierloto, imbani foni kuti mulandile.",Chichewa
nb_word_counts,chichewa,chi_0413,1,0.096,0.5,Chichewa fraud missed,False,"PREMIERBET: mwachita mwayi opata ndalama mu mpikisano wa Loto, tiyimbileni foni kuti mudziwe katengedwe kakwe",Chichewa
nb_word_counts,chichewa,chi_0414,0,0.533,0.5,Ambiguous,False,ndifika madzulowa,Chichewa
nb_word_counts,chichewa,chi_0415,0,0.533,0.5,Ambiguous,False,isadafike ndalamayo?,Chichewa
nb_word_counts,chichewa,chi_0419,0,0.533,0.5,Ambiguous,False,ndakutumizila kandalama uona zochita,Chichewa
nb_word_counts,chichewa,chi_0422,0,0.533,0.5,Ambiguous,False,kkkkk jokes et.,Chichewa
nb_word_counts,chichewa,chi_0425,0,0.981,0.5,Ambiguous,False,yeah mawa basi,Chichewa
nb_word_counts,chichewa,chi_0426,1,0.376,0.5,Chichewa fraud missed,False,ndine agent ndufuna ndikutumizileni ndalama kuchokela kwa abale anu koma nambala yanu asokoneza nde imbani foni titumize.,Chichewa
nb_word_counts,chichewa,chi_0447,1,0.096,0.5,Chichewa fraud missed,False,AGENT:Ndine agent ndili pa border ndanyamula katundu wa m'bale wanu nditumizileni ndalama pa nambala iyi kuti akufikeni.,Chichewa
nb_word_counts,chichewa,chi_0451,0,0.533,0.5,Genuine text flagged,False,chonde mudzandichingamile mu Wenela bus depot ndanyamula katundu wochuluka kwambiri.,Chichewa
nb_word_counts,chichewa,chi_0463,0,0.533,0.5,Genuine text flagged,False,Bwelani ku Maranartha Herbal Healing kuti muzagule mankhwala amatenda osiyanasiyana.,Chichewa
nb_word_counts,chichewa,chi_0465,0,0.982,0.5,Service-like text flagged,False,"Dear akasitomala, Airtel yikupepesa kamba kovuta kwa itaneti dzulo.",Chichewa
nb_word_counts,chichewa,chi_0466,0,0.533,0.5,Service-like text flagged,False,Ndi mpamba mutha kulipila ma bilu anu amagetsi kwanu konko,Chichewa
nb_word_counts,chichewa,chi_0469,0,0.996,0.5,Service-like text flagged,False,Ngozi siyipanganika. Gulani limozi inshulansi ya <AMOUNT> pa mwezi kuti musazasowe mtengo ogwira polandira ndalama yofika <AMOUNT> .,Chichewa
nb_word_counts,chichewa,chi_0471,1,0.285,0.5,Chichewa fraud missed,False,"TRANSPORTER:Ndili m'njira ndatumizidwa zinthu za m'bale wanu, mundiyimbile kuti tilumikizane",Chichewa
nb_word_counts,chichewa,chi_0476,1,0.285,0.5,Chichewa fraud missed,False,"MUTUKULA PA KHOMO:Mwasankhidwa kulandila nawo ndalama za mutukula pakhomo, tiyimbileni kuti muziwe zambiri",Chichewa
nb_word_counts,chichewa,chi_0479,0,0.99,0.5,Service-like text flagged,False,Lipilani ma bilu anu amadzi kuzela ku airtel money.,Chichewa
nb_word_counts,chichewa,chi_0483,0,0.99,0.5,Genuine text flagged,False,Mwalandila bonus yo kwana 5 minutes woyimbila ma nambala airtel okhaokha,Chichewa
nb_word_counts,chichewa,chi_0484,0,0.986,0.5,Service-like text flagged,False,Mwalandila 50 MB ya initaneti yamasiku asanu kuchoka ku airtel,Chichewa
nb_word_counts,chichewa,chi_0485,0,0.987,0.5,Service-like text flagged,False,"Okondedwa akasitomala, mwatsala ndi <AMOUNT> . Imbani *533* kuti mubwereke mayunutsi ndi KUTAPA.",Chichewa
nb_word_counts,chichewa,chi_0486,1,0.096,0.5,Chichewa fraud missed,False,LOTTO:Tumizani ndalama ku nambala iyi kuti mulowe nawo mumupikisano wa lotto,Chichewa
nb_word_counts,chichewa,chi_0488,1,0.376,0.5,Chichewa fraud missed,False,MADALISO:Tumizani ndalama ku nambala iyi kuti mulandile mudaliso kuchokela kwa ambuye Yesu,Chichewa
nb_word_counts,chichewa,chi_0489,0,1.0,0.5,Service-like text flagged,False,mwalandila ndalama kuchokela kwa <AMOUNT> -Eldah Banda on 08/06/2023 15:49:57. Amt: <AMOUNT>,Chichewa
nb_word_counts,chichewa,chi_0490,0,1.0,0.5,Service-like text flagged,False,Trans ID: C <PHONE> .D98854: mwalandila <AMOUNT> kuchokela kwa Jane Andrew,Chichewa
nb_word_counts,chichewa,chi_0491,1,0.285,0.5,Chichewa fraud missed,True,"DODMA:Ndine wogwila ntchito ku DODMA, mwasagwidwa kulandila nawo ndalama za cylone fredy. Tiyimbileni kuti muziwe zambiri",Chichewa
nb_word_counts,chichewa,chi_0492,1,0.285,0.5,Chichewa fraud missed,True,"DODMA:Ndine wogwila ntchito ku DODMA, mwasagwidwa kulandila nawo ndalama za cylone fredy. Tumizani ndalama ku nambala yomweyi kuti tikuthandizeni",Chichewa
nb_word_counts,chichewa,chi_0494,0,1.0,0.5,Service-like text flagged,False,"Ondedwa MR JOHN MHANGO, Acct: <PHONE> yalandila: <AMOUNT> DR Tsiku: <AMOUNT> Desc: ATM, , Ref: FT321376H6VS/BNK, zikomo NBM",Chichewa
nb_word_counts,chichewa,chi_0495,0,0.729,0.5,Service-like text flagged,False,Ndalama zanu ndi <AMOUNT> ndipo mukhoza kugwiritsa ntchito mpaka 06/08/2023,Chichewa
nb_word_counts,chichewa,chi_0496,0,0.533,0.5,Genuine text flagged,False,Muli ndi 100 mtolo minutes woyimbira manambala a TNM okhaokha.,Chichewa
nb_word_counts,chichewa,chi_0497,1,0.096,0.5,Chichewa fraud missed,True,AGENT:Ndine agent wa DODMA kutolera ndalama zothandiza anthu okhuzidwa ndi cyclone freddy. Tumizani ndalama ku nambala yomweyi,Chichewa
nb_word_counts,chichewa,chi_0498,1,0.012,0.5,Chichewa fraud missed,True,DODMA:Ndine wogwila ntchito ku DODMA kutolera thandizo la anthu wokhuzidwa ndi cyclone freddy. Tumizani ndalama kunambala iyi,Chichewa
nb_word_counts,chichewa,chi_0499,0,0.72,0.5,Genuine text flagged,False,"Hello, Ndinakuyimbilani pa 2023-04-24 at 11:23. chonde ndiyimbilensoni, zikomo.",Chichewa
nb_word_counts,chichewa,chi_0500,0,1.0,0.5,Service-like text flagged,False,Balance yanu ndi: <AMOUNT> . Fee: <AMOUNT> .,Chichewa
nb_word_counts,chichewa,chi_0501,0,0.533,0.5,Service-like text flagged,False,Sangalalani popeleka mabilu anu a ESCOM kuzela ku mpamba popanda msonkho,Chichewa
nb_word_counts,chichewa,chi_0502,1,0.285,0.5,Chichewa fraud missed,False,Muli pa mundanda wolandila nawo ndalama za mutukula pakhomo chonde ndiyimbile kuti muziwe zambiri,Chichewa
nb_word_counts,chichewa,chi_0504,1,0.285,0.5,Chichewa fraud missed,False,MUDULIDWE:Nambala yanu yili pa mundanda wolandila ndalama za mudulidwe. Chonde tiyimbireni kuti tilumukizane,Chichewa
nb_word_counts,chichewa,chi_0508,1,0.01,0.5,Chichewa fraud missed,False,"TRANSPORTER:Ndne transporter wa bus kuchoka ku South Africa ndikatundu wa m'bale wanu, chonde ndiyimbileni kuti tikumane",Chichewa
nb_word_counts,chichewa,chi_0510,1,0.096,0.5,Chichewa fraud missed,False,"AGENT:Ndili ndi katundu wa m'bale wanu kuchokela ku Joni, ndine agent, ndiyimbileni kuti tilumikizane",Chichewa
nb_word_counts,chichewa,chi_0513,0,0.533,0.5,Service-like text flagged,False,"Gulani voice bundle lero. Imbani *202#, kenaka 2 kuti musankhe voice bundle yakumtima kwanu.",Chichewa
nb_word_counts,chichewa,chi_0517,0,0.533,0.5,Genuine text flagged,False,Ngati muli ndi abale anu odwala maso mupite nawo kuchipatala chomwe muli nacho pafupi kuti akalandile thandizo,Chichewa
nb_word_counts,chichewa,chi_0521,1,0.389,0.5,Chichewa fraud missed,False,UNDUNA WA ZAUMOYO:Ndife ogwira ntchito ku unduna wa zaumoyo. Mupemphedwa kutumiza ndalama kunambala nambala iyi <PHONE> kuti mmulandile katemera wa kolera,Chichewa
nb_word_counts,chichewa,chi_0522,0,0.986,0.5,Service-like text flagged,False,Sangalalani mwalandila khetekhete bonasi ya mphindi 5 zoyimbira anzanu a Airtel. Imbani *137# kuti muone balance,Chichewa
nb_word_counts,chichewa,chi_0524,0,0.999,0.5,Ambiguous,False,Chonde ndiyimbileni pa <PHONE> .,Chichewa
nb_word_counts,chichewa,chi_0528,0,0.533,0.5,Genuine text flagged,False,Mawu opatulika amati tizikondana. Chonde abale tizichitilana zabwino m'modzi ndi nzake.,Chichewa
nb_word_counts,chichewa,chi_0536,0,0.533,0.5,Genuine text flagged,False,Mukaona munthu aliyense akuchosa ma payipi a Water Board. Chonde kamunenereni ku police yomwe muli nayo pafupi kapena tiziwiseni poyimba nambala iyi.,Chichewa
nb_word_counts,chichewa,chi_0542,0,0.533,0.5,Genuine text flagged,False,Yesu ndi ambuye ndipo mupulumusi wathu. Tiyeni tonse tizimulambira Yesu Khristu,Chichewa
nb_word_counts,chichewa,chi_0547,0,0.533,0.5,Genuine text flagged,False,Unduna waza umoyo utiziwisa kuti tiyeni tiziteteze kumatenda a EDZI pogonana poziteteza,Chichewa
nb_word_counts,chichewa,chi_0548,0,0.533,0.5,Genuine text flagged,False,Boma kuzela ku DODMA likuchenjeza kuti tisamuke mumalo osefukila ndi madzi kuti tipewe ngozi kamba ka madzi osefukila.,Chichewa
nb_word_counts,chichewa,chi_0552,0,0.533,0.5,Genuine text flagged,False,"Tiyeni tikhale aukhondo nthawi zonse kuti tipewe matenda osegula m,mimba ngati kolera",Chichewa
nb_word_counts,chichewa,chi_0553,0,0.533,0.5,Genuine text flagged,False,Mawu opatulika amati pemphero ndi chida chathu. Abale tiyeni tizipemphera nthawi zonse kuti tizalandile chipulumuso.,Chichewa
nb_word_counts,chichewa,chi_0554,1,0.013,0.5,Chichewa fraud missed,False,ndapatsidwa katundu wa m'bale wanu yemwe ali ku south africa,Chichewa
nb_word_counts,chichewa,chi_0555,1,0.013,0.5,Chichewa fraud missed,False,ndanyamula katundu wa bale wanu yemwe ali ku joni,Chichewa
nb_word_counts,chichewa,chi_0556,1,0.096,0.5,Chichewa fraud missed,False,ndili ndi katundu wa m'bale wanu waku South Africa. ndiyimbileni phone ku nambala iyi kuti tilumikizane,Chichewa
nb_word_counts,chichewa,chi_0557,0,1.0,0.5,Service-like text flagged,False,Tiketi imodzi YAULELE ya <AMOUNT> ikudikila inu <PHONE> .Muthakupata pompo. Tumizani YES ku 1515 kuti mulowe,Chichewa
nb_word_counts,chichewa,chi_0562,1,0.441,0.5,Chichewa fraud missed,False,LOTTO:Mwawina mphoto ya LOTTO. Chonde tiyimbilen kuti muziwe katengedwe kake,Chichewa
nb_word_counts,chichewa,chi_0564,0,0.986,0.5,Service-like text flagged,False,Sasangalalani! Mwalandila khetekhete bonasi ya mphindi 5 zoyimbira anzanu a Airtel. Imbani *137# kuti muone balance,Chichewa
nb_word_counts,chichewa,chi_0565,0,0.533,0.5,Service-like text flagged,False,Okondedwa akasitomala. Osataya nthawi! Landilani ndalama pa mpamba kuchokela ku South Africa kuzera ku Mukuru. Uzani abale ndi abwezi ku South Africa kuti akhoza kutumiza ndalama ndi Mukuru.,Chichewa
nb_word_counts,chichewa,chi_0566,0,0.533,0.5,Ambiguous,False,TNM Mpamba yodalilika. Yotetezeka,Chichewa
nb_word_counts,chichewa,chi_0571,0,0.533,0.5,Genuine text flagged,False,Mwalandila 100 Mtolo minutes a bonasi woyimbira manambala a TNM okha,Chichewa
nb_word_counts,chichewa,chi_0573,1,0.036,0.5,Chichewa fraud missed,False,SATANIZIMU: Mukalowa mu mpingu wathu wa satanic muzalandila ndalama za nkhaninkhani,Chichewa
nb_word_counts,chichewa,chi_0574,1,0.028,0.5,Chichewa fraud missed,False,SATANIZIMU: Ngati mufuna kulemela lowani satanizimu. Tiyimbileni kuti muziwe ndondomeko yake,Chichewa
nb_word_counts,chichewa,chi_0578,0,0.533,0.5,Ambiguous,False,nyamuka mawa ndidzakudikilira pa stage,Chichewa
nb_word_counts,chichewa,chi_0579,0,0.533,0.5,Ambiguous,False,mawa utha kubwela.,Chichewa
nb_word_counts,chichewa,chi_0580,0,0.533,0.5,Ambiguous,False,usabwele mawa ndikhala busy,Chichewa
nb_word_counts,chichewa,chi_0581,1,0.096,0.5,Ambiguous,False,ndapatsidwa katundu wa m'bale wanu,Chichewa
nb_word_counts,chichewa,chi_0582,0,0.533,0.5,Ambiguous,False,mwanawanga waswela bwanji?,Chichewa
nb_word_counts,chichewa,chi_0583,0,0.533,0.5,Ambiguous,False,ndakumva mwana wanga,Chichewa
nb_word_counts,chichewa,chi_0584,0,0.533,0.5,Ambiguous,False,ndine Anthony mzako wakale,Chichewa
nb_word_counts,chichewa,chi_0585,0,0.533,0.5,Ambiguous,False,ndine James nambalayi ndiyatsopano,Chichewa
nb_word_counts,chichewa,chi_0588,0,0.533,0.5,Genuine text flagged,False,ndili ku chipatala amupanga adimiti pempho,Chichewa
nb_word_counts,chichewa,chi_0593,0,0.533,0.5,Genuine text flagged,False,ndine azakhali anu ma ndimati ndibwele kunyumba kwanu mdzakuoneni,Chichewa
nb_word_counts,chichewa,chi_0594,0,0.533,0.5,Ambiguous,False,ndine Deliah,Chichewa
nb_word_counts,chichewa,chi_0606,1,0.013,0.5,Chichewa fraud missed,False,ndine agent ndili ndi katundu wa mzanu yemwe ali ku juberg.,Chichewa
nb_word_counts,chichewa,chi_0607,0,0.533,0.5,Ambiguous,False,ndatenga katundu uja,Chichewa
nb_word_counts,chichewa,chi_0608,0,0.533,0.5,Ambiguous,False,ndukatenga katundu uja,Chichewa
nb_word_counts,chichewa,chi_0609,0,0.533,0.5,Ambiguous,False,watumizidwa katundu wanu akufikani posachdwapa,Chichewa
nb_word_counts,chichewa,chi_0612,0,0.533,0.5,Ambiguous,False,ok ase,Chichewa
nb_word_counts,chichewa,chi_0614,0,0.533,0.5,Service-like text flagged,False,eya mwanawe kungoti ndalama ndilibe pakali pano.,Chichewa
nb_word_counts,chichewa,chi_0616,0,0.533,0.5,Ambiguous,False,tumizileni ndalama yatha,Chichewa
nb_word_counts,chichewa,chi_0617,0,0.533,0.5,Ambiguous,False,ndalama yafika zikomo,Chichewa
nb_word_counts,chichewa,chi_0619,1,0.285,0.5,Chichewa fraud missed,True,JB FOUNDATION: nambala yanu yasankhidwa kuti ilandile ndalama za mtukula pakhomo,Chichewa
nb_word_counts,chichewa,chi_0621,0,0.533,0.5,Ambiguous,False,eya ndinyamuka lelo.,Chichewa
nb_word_counts,chichewa,chi_0622,0,0.987,0.5,Ambiguous,False,balansi yanu ndi <AMOUNT> .,Chichewa
nb_word_counts,chichewa,chi_0623,0,0.999,0.5,Service-like text flagged,False,"mwagula timasuke daily <AMOUNT> , ma SMS 100 ogwiritsa ntchito mpaka <PHONE> :59:20.",Chichewa
nb_word_counts,chichewa,chi_0624,1,0.096,0.5,Chichewa fraud missed,False,JONI:Ndanyamula katundu kuchokela ku Joni wa m'bale wanu kuti mutenge mundiyimbile,Chichewa
nb_word_counts,chichewa,chi_0626,0,0.999,0.5,Ambiguous,False,Chonde ndiyimbileni pa <PHONE>,Chichewa
nb_word_counts,chichewa,chi_0628,0,0.533,0.5,Service-like text flagged,False,MPAMBA: Okondedwa akasitomala. Osataya nthawi! Landilani ndalama pa mpamba kuchokela ku South Africa kuzera ku Mukuru. Uzani abale ndi abwezi ku South Africa kuti akhoza kutumiza ndalama ndi Mukuru.,Chichewa
nb_word_counts,chichewa,chi_0629,0,0.533,0.5,Ambiguous,False,"mpamba: TNM Mpamba yodalilika, Yotetezeka",Chichewa
nb_word_counts,chichewa,chi_0631,1,0.036,0.5,Chichewa fraud missed,False,SATANIZIMU: Mukalowa mu mpingu wathu wa satanizimu muzalandila ndalama za nkhaninkhani,Chichewa
nb_word_counts,chichewa,chi_0632,0,0.926,0.5,Service-like text flagged,False,Tsopano mutha kutumiza ndalama ku Tanzania ndi Zambia kuzera pa AIRTEL Money,Chichewa
nb_word_counts,chichewa,chi_0635,1,0.096,0.5,Chichewa fraud missed,False,SATANIZIMU: Anthu olowa mu mpingo wathu wa SATANIKI adzakhala ndi mwayi wopeza ntchito,Chichewa
nb_word_counts,chichewa,chi_0636,1,0.036,0.5,Chichewa fraud missed,False,SATANIZIMU: Lowani mpingo wathu wa SATANIKI kuti muzalandile nawo ndalama za nkhaninkhani,Chichewa
nb_word_counts,chichewa,chi_0638,0,0.533,0.5,Service-like text flagged,False,Okondedwa akasitomala. Osataya nthawi. Landilani ndalama pa mpamba ku choka ku South Africa kudzera ku MUKURU.,Chichewa
nb_word_counts,chichewa,chi_0639,0,0.533,0.5,Service-like text flagged,False,Uzani abale ndi abwezi ku South Africa kuti akhonza kutumiza ndalama ndi MUKURU. TNM mpamba,Chichewa
nb_word_counts,chichewa,chi_0640,0,0.533,0.5,Service-like text flagged,False,"Okondedwa akasitomala, lipilani ma fizi a NRB PA MPAMBA",Chichewa
nb_word_counts,chichewa,chi_0641,1,0.016,0.5,Chichewa fraud missed,False,GOSHEN CITY: Kuli chimanga chogulisa kuno ku Goshen City. Tumiza ndalama ku nambala iyi kuti mugule mosavuta,Chichewa
nb_word_counts,chichewa,chi_0644,0,0.987,0.5,Service-like text flagged,False,Sungani ndalama yosachepela <AMOUNT> ndi Old Mutual Unit Trust pogwirisa ntchito mpamba fesa kuti mulandile chiongola dzanja chochuluka,Chichewa
nb_word_counts,chichewa,chi_0656,1,0.096,0.5,Chichewa fraud missed,False,Ine ndi mike phiri driver wa katoto transport ndapatsidwa katundu ku chokela ku South Africa.,Chichewa
nb_word_counts,chichewa,chi_0662,1,0.096,0.5,Chichewa fraud missed,False,Ndine transporter Ndili Pa Mwanza Pa Border Ndine Ndanyamula katundu wa mbale wanu uja mumndiyimbire chonde kuti tilumikizane pa number yomweyi.,Chichewa
nb_word_counts,chichewa,chi_0668,0,0.533,0.5,Ambiguous,False,"Musiye kuba , sizikupititsani patali",Chichewa
nb_word_counts,chichewa,chi_0669,0,0.533,0.5,Ambiguous,False,Komaso ndi umbuli umenewu,Chichewa
nb_word_counts,chichewa,chi_0671,0,1.0,0.5,Service-like text flagged,False,"Ngongole yanu ya Pasavute yatheka ndipo mwalandila <AMOUNT> , Bwezani pasanafike pa 31/01/2025.Balansi yanu ndi <AMOUNT> .Zikomo pogwiritsa TNM.",Chichewa
nb_word_counts,chichewa,chi_0672,0,0.533,0.5,Service-like text flagged,False,Okondedwa akasitomala mulibe ndalama zokwanira. Onjezerani mayunitsi ndikuyesanso,Chichewa
nb_word_counts,chichewa,chi_0673,0,0.938,0.5,Service-like text flagged,False,Ngozi siipanganika.Gulani Limodzi Inshuwalansi ya <AMOUNT> pa mwezi kuti musazasowe mtengo ogwira mukachita ngozi polandira ndalama yotha kufika <AMOUNT> . Imbani *211# sankhani 5 kenako 3.,Chichewa
nb_word_counts,chichewa,chi_0674,0,0.999,0.5,Telco service text flagged,False,"Mwagula Timasuke Daily <AMOUNT> , ma SMS 100 ogwritsa ntchito mpaka <PHONE> :59. Imbani *137*100# kuti muone otsala",Chichewa
nb_word_counts,chichewa,chi_0675,0,0.999,0.5,Telco service text flagged,False,"Mwagula Timasuke Daily <AMOUNT> , ma SMS 100 ogwritsa ntchito mpaka . <PHONE> :59. Imbani *137*100# kuti muone otsala.",Chichewa
nb_word_counts,chichewa,chi_0678,0,1.0,0.5,Telco service text flagged,False,Macheza osatha ndi Chezani Daily <AMOUNT> yatsopano. Lumikizanani ndi anzanu a Airtel kwa mphindi 5 zogwira ntchito maola 24. Imbani *301# kuti mugule.,Chichewa
nb_word_counts,chichewa,chi_0679,0,0.999,0.5,Telco service text flagged,False,Bandulo ya Chezani Daily ya <AMOUNT> isiya kugwila ntchito kuyambila pa 4 April 2023. Gulani Chezani <AMOUNT> ya maola 24 ya mphindi 5 kuti mupitilize macheza ndi anzanu.,Chichewa
nb_word_counts,chichewa,chi_0680,0,0.926,0.5,Telco service text flagged,False,"Osatha mtunda ndi ndalama! lipirani mayeso a PSLCE, JCE komanso MSCE ndi Airtel Money. Imbani *919# ndikulemba Invoice Number mwapatsidwa polembetsa.",Chichewa
nb_word_counts,chichewa,chi_0681,0,1.0,0.5,Telco service text flagged,False,"Trans ID : CO <PHONE> .I89181. You have sent <AMOUNT> to <AMOUNT> ,CHIKONDI MUKHUMBE. Your balance is <AMOUNT>",Chichewa
nb_word_counts,chichewa,chi_0682,0,0.989,0.5,Telco service text flagged,False,"Osavutika ndi Mizere!! Gwiritsani ntchito Airtel Money polipira magetsi, madzi, misonkho ya MRA, bet komanso TV. Imbani *211# kapena My Airtel App.",Chichewa
nb_word_counts,chichewa,chi_0683,0,1.0,0.5,Telco service text flagged,False,"Athandizeni abwenzi anu kuti akhale ndi akaunti ya Airtel Money. Chofunika kuchita: agule simu khadi la airtel pa mtengo wa <AMOUNT> . Kulembetsa ndi ulele, koma akuyenera kuyikiza ndalama yoyambira yosachepera <AMOUNT> .",Chichewa
nb_word_counts,chichewa,chi_0684,0,1.0,0.5,Telco service text flagged,False,Dziwani kuti mtengo wa simu khadi ya airtel ndi <AMOUNT> . Ndipo tsopano kasitomala azilandira bonasi ya <AMOUNT> akaonjenzera mayunitsi osachepera <AMOUNT> koyamba. Awuzeniko anzanu.,Chichewa
nb_word_counts,chichewa,chi_0687,0,0.533,0.5,Telco service text flagged,False,"Akasitomala, mwabwezeretsedwa ndalama zomwe munadulidwa pogula bandulo yomwe simunapatsidwe pa 14 Nov 2022. Imbani *211# kuti muone balansi yanu.",Chichewa
nb_word_counts,chichewa,chi_0688,0,0.896,0.5,Telco service text flagged,False,Pezani phindu ndi ndalama yanu mu akaunti ya Airtel Money. Gulani mayunitsi amagetsi opanda kudulidwa ndalama iliyonse. Imbani *211#.,Chichewa
nb_word_counts,chichewa,chi_0689,0,0.926,0.5,Telco service text flagged,False,"Tsopano mutha kuyimba foni ku netiweki iliyonse, pa mtengo umodzi ndi ma bandulo atsopano a Chezani! Imbani *301# kapena gwilitsani ntchito My Airtel App kuti mugule lero.",Chichewa
nb_word_counts,chichewa,chi_0693,0,0.992,0.5,Telco service text flagged,False,Tetezani geni yanu pamene mwagonekedwa mchipatala kwa masiku osachepera awiri. Gulani Limodzi inshuwalansi ya <AMOUNT> pa mwezi kuti mudzipatsidwa <AMOUNT> mumasiku amene mwagona mchipatala. Imbani *211# sankhani 5 kenako 3.,Chichewa
nb_word_counts,chichewa,chi_0694,0,0.992,0.5,Telco service text flagged,False,Tetezani geni yanu pamene mwagonekedwa mchipatala. Gulani Limodzi inshuwalansi ya <AMOUNT> pa mwezi kuti mudzipatsidwa <AMOUNT> pa tsiku pamene mwagonekedwa mchipatala kwa masiku osachepera awiri. Imbani *211# sankhani 5 kenako 3.,Chichewa
nb_word_counts,chichewa,chi_0695,0,0.531,0.5,Telco service text flagged,False,Dziwani kuti kugula magetsi kudzera pa Airtel Money sikukutheka kuyambira pa 16/04/2023 kamba ka vuto la makina a ESCOM. Vutoli likuyembekezeka kutha pa 18/04/2023. Tikupepesa kamba ka vutoli.,Chichewa
nb_word_counts,chichewa,chi_0696,0,0.99,0.5,Telco service text flagged,False,Dziwani kuti kugula magetsi pa Airtel Money kwayamba kutheka. Tikupepesa kamba ka vutoli.,Chichewa
nb_word_counts,chichewa,chi_0697,0,0.533,0.5,Telco service text flagged,False,Tikupepesa kamba ka vuto lomwe tinali nalo lokanika kugula ma bandulo pa *301# ndi *211# lero pa 14 April 2023. Vutoli tsopano lakonzedwa.,Chichewa
nb_word_counts,chichewa,chi_0701,0,0.691,0.5,Telco service text flagged,False,Zosangalatsa! Yankhulani ndi abale ndi anansi omwe ali pama netiweki ena kwa mphindi 10 pogula bandulo ya chezani ya <AMOUNT> . Imbani *301*2*1*2# kuti mugule,Chichewa
nb_word_counts,chichewa,chi_0702,0,0.99,0.5,Telco service text flagged,False,Nkhani yabwino kuchokera ku Airtel. Dziwani kuti ma bandulo a Chezani oyimbila ku netiweki zonse mMalawi alipobe. Imbani *301# kuti mugule.,Chichewa
nb_word_counts,chichewa,chi_0703,0,1.0,0.5,Telco service text flagged,False,"Wonjezelani ma units a <AMOUNT> pasanathe masiku atatu ndikupata bonasi ya <AMOUNT> yoimbira, SMS ndi intaneti. Imbani *137*21# kuti muwone bonasiyi. Airtel. The Smart",Chichewa
nb_word_counts,chichewa,chi_0704,0,0.909,0.5,Telco service text flagged,False,Dilu ya mphamvu ya chaka chatsopano ndi imeneyi! Gulani Smart 1GB yapa tsiku ndipo mudzalandira bandulo ina ya bonasi pamwamba pake. Imbani *202# kuti mugule. TNM,Chichewa
nb_word_counts,chichewa,chi_0706,0,0.972,0.5,Telco service text flagged,False,Mayunitsi mwaonjezela adulidwa ndikulipila ngongole yanu ya Pasavute ya <AMOUNT> . Zikomo pogwiritsa ntchito TNM,Chichewa
nb_word_counts,chichewa,chi_0707,0,0.533,0.5,Telco service text flagged,False,Okondedwa akastomala..Imbani *202# kuti mugule ma Bandulo ena.,Chichewa
nb_word_counts,chichewa,chi_0708,0,1.0,0.5,Telco service text flagged,False,Balansi <AMOUNT> ; Kutapa <AMOUNT> ; PaNet WhatsApp Bundle 650 MB itha pa 19-09-2023; Chezani Daily 200 10.0min itha pa 21-08-2023; Download My Airtel App here <URL> to view all balances,Chichewa
nb_word_counts,chichewa,chi_0709,0,1.0,0.5,Telco service text flagged,False,Balansi <AMOUNT> ; Kutapa <AMOUNT> ; PaNet WhatsApp Bundle 470 MB itha pa 19-09-2023; Chezani Daily 200 7.93min itha pa 21-08-2023; Download My Airtel App here <URL> to view all balances,Chichewa
nb_word_counts,chichewa,chi_0711,0,1.0,0.5,Telco service text flagged,False,Balansi <AMOUNT> ; Kutapa <AMOUNT> ; PaNet WhatsApp Bundle 388 MB itha pa 19-09-2023; KhetheKhethe Voice balansi 5.00 Min itha pa 21-08-2023; Download My Airtel App here <URL> to view all balances,Chichewa
nb_word_counts,chichewa,chi_0712,0,1.0,0.5,Telco service text flagged,False,Balansi <AMOUNT> ; PaNet MoFaya 3 GB itha pa 10-08-2023; Chezani Daily 200 5.85min itha pa 04-08-2023; Download My Airtel App here <URL> to view all balances,Chichewa
nb_word_counts,chichewa,chi_0716,0,0.926,0.5,Telco service text flagged,False,"Tsopano mutha kutumiza ndalama ku Tanzania ndi Zambia kudzera pa Airtel Money. Imbani *211#, sankhani 2 kutumiza ndalama, kenako 5 maiko ena, kenako 1 dziko.",Chichewa
nb_word_counts,chichewa,chi_0717,0,0.982,0.5,Telco service text flagged,False,Musachite kukhetsa thukuta potumiza ndalama kwa anzanu ndi abale. Gwiritsani Airtel Money kutenga ndalama ku banki ndi kutumiza muli chikhalire. Imbani *211#.,Chichewa
nb_word_counts,chichewa,chi_0718,0,1.0,0.5,Telco service text flagged,False,"Akasitomala, dziwani kuti ma bonasi onse ofika mpaka 25% omwe mumalandira mukagula maunitsi ndi Airtel Money asiya kuperekedwa pa 31-07-2023. Imbani *211# kapena gwiritsani ntchito My Airtel App kuti mupitilize kusangalala ndi ma selevisi a Airtel Money.",Chichewa
nb_word_counts,chichewa,chi_0719,0,0.896,0.5,Telco service text flagged,False,"Okondedwa akasitomala, Mwapempha kuti tisinthe SIM card yanu ya nambala . Ngati simunapemphe chonde imbani 105. TNM.",Chichewa
nb_word_counts,chichewa,chi_0720,0,0.533,0.5,Telco service text flagged,False,"Okondedwa Akasitomala, ngati mukukanika kugwiritsa ntchito intaneti, chonde zimitsani Foni ndikuyatsanso kenako yesaninso.",Chichewa
nb_word_counts,chichewa,chi_0721,0,1.0,0.5,Telco service text flagged,False,"Wonjezelani ma units a <AMOUNT> pasanathe masiku atatu ndikupata bonasi ya <AMOUNT> yoimbira, SMS ndi intaneti. Imbani *137*21# kuti muwone bonasiyi.",Chichewa
nb_word_counts,chichewa,chi_0722,0,0.533,0.5,Telco service text flagged,False,"Zosafunanso mayunitsi, mutha ku flasha anzanu ndi achibale kuma netiweki onse mwaulere muno MMalawi ndipo adzalandila uthenga oti akuimbireni.",Chichewa
nb_word_counts,chichewa,chi_0723,0,0.533,0.5,Telco service text flagged,False,"Zosafunanso mayunitsi, mutha ku flasha anzanu ndi achibale kuma netiweki onse mwaulere muno M'Malawi ndipo adzalandila uthenga oti akuimbireni.",Chichewa
nb_word_counts,chichewa,chi_0724,0,0.533,0.5,Telco service text flagged,False,ZOSANGALATSATU! Tumizani ma SMS awiri okha ndipo mudzalandira ma SMS 30 AWULERE ochezera ndi anzanu apaAirtel. #AReasonToImagine,Chichewa
nb_word_counts,chichewa,chi_0725,0,0.533,0.5,Telco service text flagged,False,MA SMS MBWEEE! Landirani ma SMS 30 AULERE mukatumiza ma SMS awiri okha. Chezani ndi abale ndi okondedwa anu apaAirtel lero. #AReasonToImagine,Chichewa
nb_word_counts,chichewa,chi_0726,0,0.898,0.5,Telco service text flagged,False,Sungani ndalama zosachepera <AMOUNT> ndi kupeza phindu la tsiku ndi tsiku kudzera pa foni yanu ndi Phuka Digital Savings pa Airtel Money. Imbani *211# sankhani 5 kenako 2 kuti mulembetse.,Chichewa
nb_word_counts,chichewa,chi_0727,0,0.999,0.5,Telco service text flagged,False,Chulukitsani mawini pa ndalama zanu ndi Phuka Digital Savings posunga ndalama zosachepera <AMOUNT> pa Airtel money. Imbani *211# sankhani 5 kenako 2 kuti mulembetse.,Chichewa
nb_word_counts,chichewa,chi_0730,0,0.533,0.5,Telco service text flagged,False,"Okondedwa Akasitomala, dziwani kuti kuyambila pa 5 December 2023, mabandulo a Chezani ndi a intaneti asintha mitengo ndi kachulukidwe.",Chichewa
nb_word_counts,chichewa,chi_0731,0,0.896,0.5,Telco service text flagged,False,Dziwani kuti mitengo ndi kachulukidwe ka ma bandulo ena a Chezani ndi a intaneti zasintha. Imbani *301# kapena My Airtel App kuti mugule bundle yanu ya pa mtima,Chichewa
nb_word_counts,chichewa,chi_0732,0,0.695,0.5,Telco service text flagged,False,300MB yaulele ya Instagram and Facebook mukagula bandulo ya Agulu yapa tsiku pamtengo wa <AMOUNT> .TNM Netiweki yokhayo ya 5G Mmalawi.,Chichewa
nb_word_counts,test_lookalike_all,bongo_0055,1,0.0,0.5,Obfuscation missed,False,Hab​аrі za asubuhi. Мi​mi mwe​nуе nуu​mb4 wako h​iі nа​mba уа​ngu ya Vodа​соm. Mb​оnа k1​my4 na siku zinazidi kwenda...?,Attacked test (all words)
nb_word_counts,test_lookalike_all,bongo_0112,1,0.0,0.5,Obfuscation missed,False,Нab​4ri za siku. Мі​mi mwe​nyе nyu​mbа wako h​іi n4​mbа уa​ngu ya h4lo​tеl. Мb​ona ki​mуа na siku zinazidi kwenda...?,Attacked test (all words)
nb_word_counts,test_lookalike_all,bongo_0159,1,0.0,0.5,Obfuscation missed,False,Нab​аri za asubuhi. Mi​mі mwе​nye nyu​mb4 wako h​іi nа​mbа уа​ngu ya HАLО​ТEL. Мb​оnа kі​mуa na siku zinazidi kwenda...?,Attacked test (all words)
nb_word_counts,test_lookalike_all,bongo_0173,1,0.0,0.5,Obfuscation missed,False,Habari. Мі​m1 mwe​nуe nyu​mbа wako h​іi na​mb4 уa​ngu ya Н4LО​ТEL. Мb​ona kі​mуa na siku zinazidi kwenda...?,Attacked test (all words)
nb_word_counts,test_lookalike_all,bongo_0250,1,0.0,0.5,Obfuscation missed,False,Нab​arі za asubuhi. Мi​mі mwе​nуe nуu​mba wako h​і1 na​mbа уa​ngu ya Н4lo​tel. Mb​onа kі​myа na siku zinazidi kwenda...?,Attacked test (all words)
nb_word_counts,test_lookalike_all,bongo_0255,1,0.0,0.5,Obfuscation missed,False,Нab​аri za mchana. Mі​mi mwe​nу3 nyu​mbа wako h​іі nа​mbа yа​ngu ya Ті​go. Mb​оn4 ki​mуa na siku z1nа​zid1 kwenda...?,Attacked test (all words)
nb_word_counts,test_lookalike_all,bongo_0265,1,0.0,0.5,Obfuscation missed,False,Habari. M1​m1 mw3​nуе nyu​mbа wako h​1i na​mbа уa​ngu ya ti​gо. Мb​ona kі​myа na siku zinazidi kwenda...?,Attacked test (all words)
nb_word_counts,test_lookalike_all,bongo_0356,1,0.0,0.5,Obfuscation missed,False,Наb​arі za siku. Mі​mi mwе​nye nуu​mbа wako h​1і nа​mb4 уa​ngu ya аir​tel. Мb​оnа ki​my4 na siku zinazidi kwenda...?,Attacked test (all words)
nb_word_counts,test_lookalike_all,bongo_0380,1,0.0,0.5,Obfuscation missed,False,Н4b​аri za mchana. Мі​mi mwе​nye nуu​mba wako h​іi nа​mba уa​ngu ya аіr​tеl. Мb​ona ki​myа na siku zinazidi kwenda...?,Attacked test (all words)
nb_word_counts,test_lookalike_all,bongo_0434,1,0.0,0.5,Obfuscation missed,False,Наb​ari za asubuhi. Мi​mi mwе​nye nуu​mbа wako h​іi nа​mba уa​ngu ya VODA​СОМ. Mb​0na kі​mya na siku zinazidi kwenda...?,Attacked test (all words)
nb_word_counts,test_lookalike_all,bongo_0565,1,0.0,0.5,Obfuscation missed,False,Наb​4ri za m​dа huu. Мi​mі mwe​nyе nyu​mb4 wako h​іі na​mbа y4​ngu ya Air​tеl. Мb​оnа k1​mуa na siku zinazidi kwenda...?,Attacked test (all words)
nb_word_counts,test_lookalike_all,bongo_0697,1,0.0,0.5,Obfuscation missed,False,Наb​ari za m​dа huu. Mі​m1 mwe​nyе nуu​mbа wako h​iі nа​mba уa​ngu ya аіr​tel. Мb​onа kі​mуа na siku zinazidi kwenda...?,Attacked test (all words)
nb_word_counts,test_lookalike_all,bongo_0706,1,0.0,0.5,Obfuscation missed,False,Нab​аrі za siku. Мi​mi mwe​nу3 nуu​mba wako h​іi na​mbа у4​ngu ya VОDА​СOМ. Mb​onа ki​mуа na siku zinazidi kwenda...?,Attacked test (all words)
nb_word_counts,test_lookalike_all,bongo_0719,1,0.0,0.5,Obfuscation missed,False,Hаb​ari za mchana. Мi​mі mwе​nуе nуu​mba wako h​1і n4​mbа уа​ngu ya HALО​TЕL. Мb​ona kі​mya na siku zinazidi kwenda...?,Attacked test (all words)
nb_word_counts,test_lookalike_all,bongo_0724,1,0.0,0.5,Obfuscation missed,False,Нab​ari za m​dа huu. Мі​m1 mwe​nуе nуu​mba wako h​іі nа​mbа уа​ngu ya Тi​go. Мb​оna kі​mya na siku zinazidi kwenda...?,Attacked test (all words)
nb_word_counts,test_lookalike_all,bongo_0749,1,0.0,0.5,Obfuscation missed,False,Наb​arі za muda. Мi​mi mwе​nye nуu​mba wako h​іi nа​mbа уa​ngu ya НALО​T3L. Мb​onа kі​mуa na siku zinazidi kwenda...?,Attacked test (all words)
nb_word_counts,test_lookalike_all,bongo_0770,1,0.0,0.5,Obfuscation missed,False,Наb​аrі za asubuhi. Мі​mi mw3​nуe nуu​mbа wako h​іi nа​mba y4​ngu ya vоda​сom. Мb​оnа kі​mya na siku zinazidi kwenda...?,Attacked test (all words)
nb_word_counts,test_lookalike_all,bongo_0778,1,0.0,0.5,Obfuscation missed,False,H4b​4ri za muda. Мі​mi mwe​nуе nуu​mba wako h​iі na​mbа уa​ngu ya Vоd4​com. Мb​0nа kі​mya na siku zinazidi kwenda...?,Attacked test (all words)
nb_word_counts,test_lookalike_all,bongo_0806,1,0.0,0.5,Obfuscation missed,False,Hаb​4ri za m​dа huu. Мi​mi mwе​nуе nуu​mba wako h​iі nа​mba уa​ngu ya T1​GО. Мb​on4 kі​mуа na siku zinazidi kwenda...?,Attacked test (all words)
nb_word_counts,test_lookalike_all,bongo_0855,1,0.0,0.5,Obfuscation missed,False,Нab​arі za m​d4 huu. Мi​mi mw3​nуe nуu​mbа wako h​іi n4​mba уа​ngu ya Halо​t3l. Мb​оna ki​mу4 na siku zinazidi kwenda...?,Attacked test (all words)
nb_word_counts,test_lookalike_all,bongo_0917,1,0.0,0.5,Obfuscation missed,False,Нab​4ri za asubuhi. Мi​mi mwе​nуe nуu​mba wako h​1і nа​mba уа​ngu ya Ті​gо. Mb​оnа k1​mуа na siku z1n4​zidi kwenda...?,Attacked test (all words)
nb_word_counts,test_lookalike_all,bongo_1012,1,0.0,0.5,Obfuscation missed,False,Hаb​arі za muda. Мі​m1 mwе​nуе nуu​mba wako h​11 nа​mb4 у4​ngu ya Аir​tel. Мb​onа ki​mу4 na siku zinazidi kwenda...?,Attacked test (all words)
nb_word_counts,test_lookalike_all,bongo_1022,1,0.001,0.5,Obfuscation missed,False,Hаb​аri za mchana. Mі​mі mwe​nу3 nyu​mb4 wako h​1i nа​mb4 уa​ngu ya Voda​cоm. Мb​оn4 k1​mya na siku zinazidi kwenda...?,Attacked test (all words)
nb_word_counts,test_lookalike_all,bongo_1127,1,0.001,0.5,Obfuscation missed,False,Habari. Mі​m1 mw3​nу3 nyu​mbа wako h​іi na​mbа уa​ngu ya VODA​СOМ. Мb​оn4 k1​mуa na siku zinazidi kwenda...?,Attacked test (all words)
nb_word_counts,test_lookalike_all,bongo_1134,1,0.0,0.5,Obfuscation missed,False,Hаb​arі za siku. Мі​mi mwe​nуе nуu​mbа wako h​iі nа​mb4 уa​ngu ya ТI​GO. Мb​оnа ki​mуа na siku zinazidi kwenda...?,Attacked test (all words)
nb_word_counts,test_lookalike_all,bongo_1185,1,0.0,0.5,Obfuscation missed,False,Hаb​аrі za mchana. Мі​mі mwe​nуе nуu​mb4 wako h​і1 na​mbа уа​ngu ya vо​da. Мb​оna ki​mуа na siku zin4​zidi kwenda...?,Attacked test (all words)
nb_word_counts,test_lookalike_all,bongo_1195,1,0.0,0.5,Obfuscation missed,False,Hаb​аrі za mda huu. Мі​mі mw3​nу3 nуu​mbа wako h​1i nа​mba уa​ngu ya v0da​сom. Мb​оnа k1​mya na siku zinazidi kwenda...?,Attacked test (all words)
nb_word_counts,test_lookalike_all,bongo_1204,1,0.0,0.5,Obfuscation missed,False,Наb​4rі za asubuhi. M1​mi mwе​nye nуu​mba wako h​іі n4​mb4 уа​ngu ya aіr​tel. Mb​оnа ki​myа na siku zinazidi kwenda...?,Attacked test (all words)
nb_word_counts,test_lookalike_all,bongo_1240,1,0.0,0.5,Obfuscation missed,False,Hаb​аri za mchana. Мі​mі mwе​nуе nyu​mbа wako h​1i na​mbа уa​ngu ya ti​gо. Mb​оna kі​my4 na siku zіna​z1d1 kwenda...?,Attacked test (all words)
nb_word_counts,test_lookalike_all,bongo_1278,1,0.0,0.5,Obfuscation missed,False,Наb​arі za muda. М1​mі mw3​nуе nуu​mbа wako h​i1 nа​mb4 yа​ngu ya tі​g0. Mb​оn4 ki​mуa na siku zinazidi kwenda...?,Attacked test (all words)
nb_word_counts,test_lookalike_all,bongo_1327,1,0.0,0.5,Obfuscation missed,False,Hab​4rі za asubuhi. Мі​mі mwе​nyе nуu​mbа wako h​iі nа​mbа yа​ngu ya vо​dа. Мb​ona kі​mу4 na siku zіnа​zіdi kwenda...?,Attacked test (all words)
nb_word_counts,test_structural_all,bongo_0055,1,0.0,0.5,Obfuscation missed,False,H-a-b-a-r-i za asubuhi. Mimim-w-e-n-y-e n-y-u-m-b-a wako h i i nambayanguya V o d a c o m . M-b-o-n-a kimyana siku zinazidi kwenda...?,Attacked test (all words)
nb_word_counts,test_structural_all,bongo_0112,1,0.0,0.5,Obfuscation missed,False,H a b a r i za siku. M i m i mwenyen y u m b a wako hiinambay a n g u ya h-a-l-o-t-e-l-. M b o n a k i m y a na siku zinazidi kwenda...?,Attacked test (all words)
nb_word_counts,test_structural_all,bongo_0159,1,0.0,0.5,Obfuscation missed,False,H a b a r i za asubuhi. Mimim w e n y e n-y-u-m-b-a wako h i i n-a-m-b-a y a n g u ya H A L O T E L . M b o n a kimyana siku zinazidi kwenda...?,Attacked test (all words)
nb_word_counts,test_structural_all,bongo_0173,1,0.0,0.5,Obfuscation missed,False,Habari. M-i-m-i m-w-e-n-y-e n y u m b a wako hiinambay-a-n-g-u ya H A L O T E L . M b o n a k-i-m-y-a na siku zinazidi kwenda...?,Attacked test (all words)
nb_word_counts,test_structural_all,bongo_0250,1,0.001,0.5,Obfuscation missed,False,H a b a r i za asubuhi. Mimimwenyen y u m b a wako hiin a m b a y-a-n-g-u ya Halotel.Mbonak i m y a na siku zinazidi kwenda...?,Attacked test (all words)
nb_word_counts,test_structural_all,bongo_0255,1,0.055,0.5,Obfuscation missed,False,H a b a r i za mchana. M i m i mwenyenyumbawako h i i n a m b a y a n g u ya Tigo.M b o n a kimyana siku z i n a z i d i kwenda...?,Attacked test (all words)
nb_word_counts,test_structural_all,bongo_0265,1,0.18,0.5,Obfuscation missed,False,Habari. M i m i mwenyen y u m b a wako h i i nambay a n g u ya tigo.M-b-o-n-a kimyana siku zinazidi kwenda...?,Attacked test (all words)
nb_word_counts,test_structural_all,bongo_0356,1,0.011,0.5,Obfuscation missed,False,H a b a r i za siku. M i m i m w e n y e nyumbawako h-i-i n a m b a y a n g u ya airtel.M-b-o-n-a k-i-m-y-a na siku zinazidi kwenda...?,Attacked test (all words)
nb_word_counts,test_structural_all,bongo_0380,1,0.0,0.5,Obfuscation missed,False,H-a-b-a-r-i za mchana. M i m i m-w-e-n-y-e n y u m b a wako hiinambay a n g u ya a i r t e l . M b o n a kimyana siku zinazidi kwenda...?,Attacked test (all words)
nb_word_counts,test_structural_all,bongo_0434,1,0.0,0.5,Obfuscation missed,False,H-a-b-a-r-i za asubuhi. Mimim w e n y e n y u m b a wako h i i nambay a n g u ya V O D A C O M . M b o n a kimyana siku zinazidi kwenda...?,Attacked test (all words)
nb_word_counts,test_structural_all,bongo_0565,1,0.0,0.5,Obfuscation missed,False,Habariza mdahuu. M i m i m-w-e-n-y-e n-y-u-m-b-a wako hiin a m b a yanguya A-i-r-t-e-l-. M b o n a k i m y a na siku zinazidi kwenda...?,Attacked test (all words)
nb_word_counts,test_structural_all,bongo_0697,1,0.064,0.5,Obfuscation missed,False,Habariza mdahuu. M-i-m-i m-w-e-n-y-e nyumbawako h-i-i n a m b a y a n g u ya airtel.Mbonak i m y a na siku zinazidi kwenda...?,Attacked test (all words)
nb_word_counts,test_structural_all,bongo_0706,1,0.011,0.5,Obfuscation missed,False,Habariza siku. M i m i mwenyen y u m b a wako h i i n a m b a y a n g u ya VODACOM.Mbonak i m y a na siku zinazidi kwenda...?,Attacked test (all words)
nb_word_counts,test_structural_all,bongo_0719,1,0.0,0.5,Obfuscation missed,False,H a b a r i za mchana. M i m i m-w-e-n-y-e nyumbawako h i i n a m b a yanguya H A L O T E L . M b o n a k i m y a na siku zinazidi kwenda...?,Attacked test (all words)
nb_word_counts,test_structural_all,bongo_0724,1,0.0,0.5,Obfuscation missed,False,H a b a r i za m d a huu. M i m i mwenyen y u m b a wako h i i nambayanguya T i g o . M-b-o-n-a k-i-m-y-a na siku zinazidi kwenda...?,Attacked test (all words)
nb_word_counts,test_structural_all,bongo_0749,1,0.001,0.5,Obfuscation missed,False,H a b a r i za muda. M-i-m-i m w e n y e n y u m b a wako hiin a m b a y-a-n-g-u ya HALOTEL.M b o n a k i m y a na siku zinazidi kwenda...?,Attacked test (all words)
nb_word_counts,test_structural_all,bongo_0770,1,0.0,0.5,Obfuscation missed,False,H a b a r i za asubuhi. M i m i m w e n y e n y u m b a wako hiin a m b a y-a-n-g-u ya v o d a c o m . Mbonakimyana siku zinazidi kwenda...?,Attacked test (all words)
nb_word_counts,test_structural_all,bongo_0778,1,0.0,0.5,Obfuscation missed,False,H a b a r i za muda. M i m i m w e n y e nyumbawako h i i n-a-m-b-a y a n g u ya V-o-d-a-c-o-m-. Mbonak-i-m-y-a na siku zinazidi kwenda...?,Attacked test (all words)
nb_word_counts,test_structural_all,bongo_0806,1,0.0,0.5,Obfuscation missed,False,Habariza mdahuu. M-i-m-i m-w-e-n-y-e n-y-u-m-b-a wako h-i-i n a m b a y a n g u ya T-I-G-O-. M b o n a k i m y a na siku zinazidi kwenda...?,Attacked test (all words)
nb_word_counts,test_structural_all,bongo_0855,1,0.0,0.5,Obfuscation missed,False,Habariza m d a huu. Mimim w e n y e nyumbawako h i i n-a-m-b-a y-a-n-g-u ya H-a-l-o-t-e-l-. M b o n a k i m y a na siku zinazidi kwenda...?,Attacked test (all words)
nb_word_counts,test_structural_all,bongo_0917,1,0.002,0.5,Obfuscation missed,False,H a b a r i za asubuhi. M i m i m w e n y e n y u m b a wako h i i n-a-m-b-a yanguya Tigo.M b o n a k i m y a na siku z i n a z i d i kwenda...?,Attacked test (all words)
nb_word_counts,test_structural_all,bongo_1012,1,0.0,0.5,Obfuscation missed,False,H-a-b-a-r-i za muda. M-i-m-i m-w-e-n-y-e n y u m b a wako h i i n a m b a y-a-n-g-u ya A i r t e l . M b o n a k i m y a na siku zinazidi kwenda...?,Attacked test (all words)
nb_word_counts,test_structural_all,bongo_1022,1,0.0,0.5,Obfuscation missed,False,H a b a r i za mchana. M-i-m-i m-w-e-n-y-e n-y-u-m-b-a wako hiin a m b a y a n g u ya V o d a c o m . M-b-o-n-a k i m y a na siku zinazidi kwenda...?,Attacked test (all words)
nb_word_counts,test_structural_all,bongo_1127,1,0.001,0.5,Obfuscation missed,False,Habari. M-i-m-i m w e n y e nyumbawako h i i n-a-m-b-a yanguya V O D A C O M . M b o n a k i m y a na siku zinazidi kwenda...?,Attacked test (all words)
nb_word_counts,test_structural_all,bongo_1134,1,0.0,0.5,Obfuscation missed,False,H a b a r i za siku. Mimim-w-e-n-y-e n y u m b a wako h i i n-a-m-b-a y a n g u ya T-I-G-O-. M b o n a kimyana siku zinazidi kwenda...?,Attacked test (all words)
nb_word_counts,test_structural_all,bongo_1185,1,0.001,0.5,Obfuscation missed,False,Habariza mchana. M i m i m-w-e-n-y-e n y u m b a wako hiin-a-m-b-a y a n g u ya voda.Mbonak-i-m-y-a na siku z i n a z i d i kwenda...?,Attacked test (all words)
nb_word_counts,test_structural_all,bongo_1195,1,0.053,0.5,Obfuscation missed,False,Habariza mda huu. Mimim-w-e-n-y-e nyumbawako h i i nambayanguya vodacom.Mbonak i m y a na siku zinazidi kwenda...?,Attacked test (all words)
nb_word_counts,test_structural_all,bongo_1204,1,0.0,0.5,Obfuscation missed,False,H-a-b-a-r-i za asubuhi. M i m i m w e n y e n y u m b a wako h-i-i n a m b a y-a-n-g-u ya a i r t e l . M b o n a kimyana siku zinazidi kwenda...?,Attacked test (all words)
nb_word_counts,test_structural_all,bongo_1240,1,0.167,0.5,Obfuscation missed,False,H a b a r i za mchana. Mimim-w-e-n-y-e nyumbawako hiin a m b a y-a-n-g-u ya tigo.Mbonak-i-m-y-a na siku zinazidikwenda...?,Attacked test (all words)
nb_word_counts,test_structural_all,bongo_1278,1,0.0,0.5,Obfuscation missed,False,Habariza muda. Mimim w e n y e n y u m b a wako h i i n-a-m-b-a y a n g u ya t-i-g-o-. M b o n a k i m y a na siku zinazidi kwenda...?,Attacked test (all words)
nb_word_counts,test_structural_all,bongo_1327,1,0.0,0.5,Obfuscation missed,False,H-a-b-a-r-i za asubuhi. M-i-m-i m w e n y e n-y-u-m-b-a wako h-i-i n a m b a yanguya v-o-d-a-. M b o n a kimyana siku z i n a z i d i kwenda...?,Attacked test (all words)
lr_char,test,bongo_0255,1,0.465,0.5,Impersonation missed,False,Habari za mchana. Mimi mwenye nyumba wako hii namba yangu ya Tigo. Mbona kimya na siku zinazidi kwenda...?,Swahili test
lr_char,test,bongo_0917,1,0.482,0.5,Impersonation missed,False,Habari za asubuhi. Mimi mwenye nyumba wako hii namba yangu ya Tigo. Mbona kimya na siku zinazidi kwenda...?,Swahili test
lr_char,test,bongo_1185,1,0.433,0.5,Impersonation missed,False,Habari za mchana. Mimi mwenye nyumba wako hii namba yangu ya voda. Mbona kimya na siku zinazidi kwenda...?,Swahili test
lr_char,test,bongo_1240,1,0.465,0.5,Impersonation missed,False,Habari za mchana. Mimi mwenye nyumba wako hii namba yangu ya tigo. Mbona kimya na siku zinazidi kwenda...?,Swahili test
lr_char,test,bongo_1327,1,0.445,0.5,Impersonation missed,False,Habari za asubuhi. Mimi mwenye nyumba wako hii namba yangu ya voda. Mbona kimya na siku zinazidi kwenda...?,Swahili test
lr_char,chichewa,chi_0003,0,0.899,0.5,Service-like text flagged,False,Balansi <AMOUNT> ; PaNet MoFaya Weekly 2.60GB itha pa 07-11-2023; Timasuke SMS <AMOUNT> :98 itha pa 02-11-2023; Download My Airtel App here <URL> to view all balances.,Chichewa
lr_char,chichewa,chi_0008,1,0.086,0.5,Chichewa fraud missed,False,Ndine transporter ndili ndi katundu wa m'bale wanu kuchokela ku south africa. ndiyimbileni kuti ndikafika ku malawiko tilumikizane.,Chichewa
lr_char,chichewa,chi_0009,1,0.12,0.5,Chichewa fraud missed,False,ndine agent ndakutumizilani ndalama molakwika. tumizani hafu ku nambalayi inayo itsale momo,Chichewa
lr_char,chichewa,chi_0019,1,0.13,0.5,Chichewa fraud missed,False,ine transporter ndafika pa border ndikuchokela ku south africa ndatenga katundu wa m'balewanu tandiyimbilani for communication.,Chichewa
lr_char,chichewa,chi_0025,0,0.85,0.5,Service-like text flagged,False,Yankhani mafunso a TNM Supa Ligi kuti mpeze mwayi okhala m'modzi mwa anthu 4 opata <AMOUNT> sabata iliyonse. Tumiza QN ku 451. Mtengo ndi <AMOUNT> .,Chichewa
lr_char,chichewa,chi_0033,1,0.054,0.5,Chichewa fraud missed,False,Social Cash Transfer: banja lanu lakha limodzi mwa maanja opindula ndi social cash transfer. tiyimbileni lamya kuti mulandile ndalama zanu,Chichewa
lr_char,chichewa,chi_0038,0,0.963,0.5,Service-like text flagged,False,"Mwagula Chezani <AMOUNT> ya sabata imodzi, 100 Mins itha pa <PHONE> :50:55 hrs. Imbani *137# kuti muone balansi yanu kapena pangani pezani My Airtel App ku <URL>",Chichewa
lr_char,chichewa,chi_0046,1,0.075,0.5,Chichewa fraud missed,False,"Amzanu akulemela ku mpingo wa Bushiri nanga inu mudikila chani, imbani phone ku nambala iyi kuti nanu mulemele",Chichewa
lr_char,chichewa,chi_0049,0,0.849,0.5,Service-like text flagged,False,Mwagula Chezani PaNet MoFaya 3GB itha pa <PHONE> :10:02 hrs. Imbani *137# kuti muone balansi yanu kapena pangani pezani My Airtel App ku <URL>,Chichewa
lr_char,chichewa,chi_0051,1,0.035,0.5,Chichewa fraud missed,False,tutolela ndalama zothandizila anthu okhudzidwa ndi kusefukila kwa madzi,Chichewa
lr_char,chichewa,chi_0054,1,0.485,0.5,Chichewa fraud missed,False,UNICEF: Ndife ogwira ntchito ku UNICEF tutolela ndalama zothandizila anthu omwe akhudzidwa ndi kusefukila kwa madzi. Imbani 4n ku nambala iyi <PHONE> kuti muyankhulane ndi aku office.,Chichewa
lr_char,chichewa,chi_0057,1,0.051,0.5,Chichewa fraud missed,False,tikutolela ndalama zothandizila anthu omwe akhudzidwa ndi kusefukila kwa madzi,Chichewa
lr_char,chichewa,chi_0058,1,0.027,0.5,Chichewa fraud missed,False,UNICEF: Ndife ogwira ntchito ku UNICEF tusonkhanitsa ndalama zogulira chokudya cha anthu omwe akhudzidwa ndi kusefukila kwa madzi.,Chichewa
lr_char,chichewa,chi_0059,0,0.674,0.5,Service-like text flagged,False,Airtel Money mogwirizana ndi OLD mutual yakubweretserani Phuka Digital Savings. Njira yodalirika yosungira ndalama zanu kudzera pa Airtel Money. Lembetsani lero ndi ndalama yosachepera <AMOUNT> poimba *211# sankhani 5 kenako 2.,Chichewa
lr_char,chichewa,chi_0061,1,0.035,0.5,Chichewa fraud missed,False,UNICEF: Ndife ochokela ku UNICEF tusonkhanitsa ndalama zogulira chokudya cha anthu omwe akhudzidwa ndi kusefukila kwa madzi.,Chichewa
lr_char,chichewa,chi_0063,1,0.447,0.5,Chichewa fraud missed,False,MINISTRY OF HEALTH: okondedwa number yanu yasankhidwa kuti mulandile nawo ndalama covid 19 zokwana <AMOUNT> kut mudziwe katengedwe imbani.,Chichewa
lr_char,chichewa,chi_0065,1,0.025,0.5,Chichewa fraud missed,False,Ndife ogwira ntchito ku UNICEF tusonkhanitsa ndalama zogulira chokudya cha anthu omwe akhudzidwa ndi kusefukila kwa madzi.,Chichewa
lr_char,chichewa,chi_0073,1,0.391,0.5,Chichewa fraud missed,False,ndine wa POLICE abale anu ali kuno ku police. imbani ku number iyi <PHONE> kuti tilumikizane,Chichewa
lr_char,chichewa,chi_0078,1,0.243,0.5,Chichewa fraud missed,False,ndine transporter ndafika pa border ndikuchokela ku south africa ndinapatsidwa katundu ndi abare anu tandiimbilani tirumikane.,Chichewa
lr_char,chichewa,chi_0081,1,0.024,0.5,Chichewa fraud missed,False,ndanyamula katundu wa m'bale wanu ndili mu depot kuchokela ku south africa,Chichewa
lr_char,chichewa,chi_0090,1,0.079,0.5,Chichewa fraud missed,False,mwapata mphoto ku Tecno phones. tiyimbileni kuti mudziwe katengedwe kake,Chichewa
lr_char,chichewa,chi_0095,1,0.081,0.5,Chichewa fraud missed,False,mpikisano wa premierloto ukukudziwitsani kuti mukhala mukuchita mwayi opata ndalama za nkhani nkhani. imbani phone kuti mumve zambiri,Chichewa
lr_char,chichewa,chi_0098,1,0.445,0.5,Chichewa fraud missed,False,ndife a za umoyo tikupeleka ndalama ku mawanja okhudziwa ndi covid19. Tiyimbileni phone ku <PHONE> kuti mulandile nawo,Chichewa
lr_char,chichewa,chi_0105,1,0.033,0.5,Chichewa fraud missed,False,"ndine wa police, kuti mulowe mosavuta imbani foni",Chichewa
lr_char,chichewa,chi_0107,1,0.221,0.5,Chichewa fraud missed,False,kuno ku POLICE tili ndi wachibale wanu kufusidwa mafuso. imbani phone ku nambala yomweyi kuti tiyankhulane,Chichewa
lr_char,chichewa,chi_0112,1,0.117,0.5,Chichewa fraud missed,False,ndanyamula katundu wa m’bale wanu ndili pa border ngati mukufuna tilumikizane tumizani ndalama ya transport ku nambala yomweyi,Chichewa
lr_char,chichewa,chi_0117,1,0.072,0.5,Chichewa fraud missed,False,Ine transpoter ndili ndi katundu wa m’bale wanu ku border ya Mwanza. Kuti tionane ndiyimbileni 4n ku number yomwe,Chichewa
lr_char,chichewa,chi_0118,1,0.138,0.5,Chichewa fraud missed,False,Ine transpoter kuchokela ku joni ndatenga katundu wa m’bale wanu ndili pa border ya Dedza.kuti tithe kulumikizana imbileni foni,Chichewa
lr_char,chichewa,chi_0119,1,0.066,0.5,Chichewa fraud missed,False,Ndine transpoter kuchokela ku South Africa ndili ndi katundu wa m’bale wanu,Chichewa
lr_char,chichewa,chi_0124,1,0.279,0.5,Chichewa fraud missed,False,Ndine transpoter ndatengako katundu wa mzanu panopa ndafika pa border ya Dedza kuti tilumikizane imbani foni ku nambala yomweyi,Chichewa
lr_char,chichewa,chi_0125,1,0.187,0.5,Chichewa fraud missed,False,Ndine wa za mtengatenga kuchokela ku South Africa ndapatsidwa katundu kuti ndikupatsireni pa border ya mchinji. Muyimbe foni ku nambala kuti tilumikizane,Chichewa
lr_char,chichewa,chi_0129,1,0.155,0.5,Chichewa fraud missed,False,ine transpoter pa border ya mchinji ndi katundu wa m'bale wanu. kuti tithe kulumikizana imbani foni ku number yomweyi masanawa,Chichewa
lr_char,chichewa,chi_0134,1,0.175,0.5,Chichewa fraud missed,False,ine transpoter ndafika pa border kuchokela ku south africa ndatenga katundu wa m’bale wanu ndiyimbileni foni ku nambala imeneyi for communication.,Chichewa
lr_char,chichewa,chi_0140,1,0.483,0.5,Chichewa fraud missed,False,ndine agent kuchokela ku Joni ndanyamula katundu wa m’bale wanu ngati mukufuna kutenga imbani foni ku nambala iyi <PHONE> .,Chichewa
lr_char,chichewa,chi_0148,1,0.48,0.5,Chichewa fraud missed,False,NBM: National Bank ikukonzaso ndondomeko za KYC kuma branch athu mmadela anu. imbani phone ku <AMOUNT> kuti muwuzidwe ndondomeko zake,Chichewa
lr_char,chichewa,chi_0151,1,0.23,0.5,Chichewa fraud missed,False,Ndine agent wa Airtel money. ndatumiza ndalama ku nambala yanu mwangozi chonde bwezani.,Chichewa
lr_char,chichewa,chi_0156,1,0.146,0.5,Chichewa fraud missed,False,Ndine agent wa TNM mpamba ndakutumizilani ndalama ku nambala yanu molakwika mukupemphedwa kuti mupange reverse,Chichewa
lr_char,chichewa,chi_0158,0,0.756,0.5,Service-like text flagged,False,Balansi <AMOUNT> ; PaNet MoFaya Weekly 2.67GB itha pa 06-11-2023; Chezani Weekly 1200: 99min itha pa 06-11-2023; Download My Airtel App here <URL> to view all balances.,Chichewa
lr_char,chichewa,chi_0161,1,0.121,0.5,Chichewa fraud missed,False,Ndine agent wa TNM mpamba ndakutumizilani ndalama ku nambala yanu molakwika chonde bwezani yotsalayo tengani,Chichewa
lr_char,chichewa,chi_0162,1,0.144,0.5,Chichewa fraud missed,False,Ndine agent wa TNM mpamba ndakutumizilani ndalama ku nambala yanu molakwika chonde bwezani hafu yotsalayo ikhale yanu,Chichewa
lr_char,chichewa,chi_0163,1,0.098,0.5,Chichewa fraud missed,False,Ndine agent wa TNM mpamba ndakutumizilani ndalama ku nambala yanu molakwika chonde bwezani half inayo sungani,Chichewa
lr_char,chichewa,chi_0164,1,0.226,0.5,Chichewa fraud missed,False,Ndine agent wa Airtel money ndakutumizilani ndalama ku nambala yanu molakwika chonde bwezani half inayo sungani,Chichewa
lr_char,chichewa,chi_0167,1,0.253,0.5,Chichewa fraud missed,False,Ndine agent wa Airtel money customer wakutumizilani ndalama ku nambala yanu molakwika chonde bwezani,Chichewa
lr_char,chichewa,chi_0168,1,0.496,0.5,Chichewa fraud missed,False,ndanyamula katundu wa m’bale wanu ndili pa border ku mwanza kuti mudziwe katengedwe kake imbani 4n ku nambala iyi <PHONE> .,Chichewa
lr_char,chichewa,chi_0172,1,0.061,0.5,Chichewa fraud missed,False,ndine transporter ndapatsidwa katundu ndi m’bale wanu kuchokela ku South Africa.,Chichewa
lr_char,chichewa,chi_0180,1,0.12,0.5,Chichewa fraud missed,False,Ndine agent ndili pa border ndanyamula katundu wa m'bale wanu nditumizileni ndalama pa nambala iyi kuti akufikeni.,Chichewa
lr_char,chichewa,chi_0185,1,0.497,0.5,Chichewa fraud missed,False,ndanyamula zinthu za m'bale wanu kuchokela ku joni kuti ndikutumizileni mutumize ndalama pa nambala iyi <PHONE> .,Chichewa
lr_char,chichewa,chi_0186,1,0.083,0.5,Chichewa fraud missed,False,ndine transporter ndili ku Mwanza border ndi zinthu za m'bale wanu akuti ndikupatseni inu kuchokela ku joni. Chonde ndiyimbileni kuti tilumikizane.,Chichewa
lr_char,chichewa,chi_0187,1,0.025,0.5,Chichewa fraud missed,False,ngati mwatopa ndi umphawi joinani mpingo wathu wa satanic mulemela,Chichewa
lr_char,chichewa,chi_0190,1,0.062,0.5,Chichewa fraud missed,False,mpingo wathu wa satanic ukufuna anthu ndipo adzalandila ndalama zochuluka akajoina 2 miilion malawi kwacha,Chichewa
lr_char,chichewa,chi_0191,1,0.128,0.5,Chichewa fraud missed,True,MIRACLE MONEY pangani joyini satanic kuti mukhala khumutcha kudela kwanuko. musachedwe imbani ku number yomweyi,Chichewa
lr_char,chichewa,chi_0198,1,0.118,0.5,Chichewa fraud missed,True,MIRACLE MONEY joyinani mpingo wathu wa satanic ndipo mulemela mwa changu. Kuti mujoine imbani pa nambala iyi.,Chichewa
lr_char,chichewa,chi_0199,1,0.027,0.5,Chichewa fraud missed,False,"SOUTH AFRICA:Mundiyimbile ndili mu bus, ndanyamula katundu wa m'bale wanu kuchokela ku South Africa",Chichewa
lr_char,chichewa,chi_0203,1,0.179,0.5,Chichewa fraud missed,True,"MIRACLE MONEY anthu oyamba kujoina mpingo wathu wa satanic adzalandila ndalama zokwana 3 million aliyense, khalani oyambilira poyimba foni kuti mulemele nawo.",Chichewa
lr_char,chichewa,chi_0208,1,0.182,0.5,Chichewa fraud missed,True,MIRACLE MONEY (Satanism) joyinani mpingo wathu ndipo anthu oyambilira adzalandila ndalama zokwana 2.7 Million kwacha.Musachedwe tiyimbileni foni.,Chichewa
lr_char,chichewa,chi_0209,1,0.066,0.5,Chichewa fraud missed,True,MIRACLE MONEY mpingo wathu ukulemeletsa anthu ndipo joyinani kuti mulemele poyimba 4n.,Chichewa
lr_char,chichewa,chi_0218,1,0.192,0.5,Chichewa fraud missed,False,TNM Mpamba ikupanga update ma system ake. chonde imbani phone ku nambala yomweyi mwaulele kuti mulankhulane ndi akatswiri athu,Chichewa
lr_char,chichewa,chi_0224,1,0.28,0.5,Chichewa fraud missed,True,JOYCE BANDA FOUNDATION MTUKULA PAKHOMO PROJECT: mukudziwitsidwa kuti mulandila nawo ndalama zothandiza anthu ovutika zokwana <AMOUNT> kuchokela ku JB Foundation,Chichewa
lr_char,chichewa,chi_0231,1,0.122,0.5,Chichewa fraud missed,False,Katundu wanu akhala akufika ku Malawi kuchokela ku Tanzania mawali. Mutiyimbile phone kuti mudziwe katengedwe,Chichewa
lr_char,chichewa,chi_0235,0,0.525,0.5,Service-like text flagged,False,"Mvelani nkhani zongochitika kumene poyimba * <AMOUNT> *. Zodiak, zikachitika mumvela kwa ife.",Chichewa
lr_char,chichewa,chi_0245,1,0.346,0.5,Chichewa fraud missed,False,"ndine wonyamula katundu ku speed courier, mukudziwitsidwa kuti katundu wanu wayimitsidwa pa road block. imbani ku <AMOUNT> kuti muyankhulane ndiku office",Chichewa
lr_char,chichewa,chi_0246,1,0.037,0.5,Chichewa fraud missed,False,ndine agent wa Mpamba. ndapatsidwa ndalama ndi m'bale wanu kuti ndutumizileni.,Chichewa
lr_char,chichewa,chi_0247,1,0.106,0.5,Chichewa fraud missed,True,JB FOUNDATION MTUKULA PAKHOMO PROJECT: ife a JB Foundation tikugawa ndalama kwa maanja osauka. imbani pa number yomweyi kuti mulembetse.,Chichewa
lr_char,chichewa,chi_0267,1,0.443,0.5,Chichewa fraud missed,False,ndine AGENT ndinapasidwa ndalama kuti ndikutumizileni ndie network imamvuta mundiyimbile fon mamawa <PHONE> .,Chichewa
lr_char,chichewa,chi_0268,1,0.092,0.5,Chichewa fraud missed,False,Ine Transporter ndafika pa border kuchokela ku South Africa ndatenga katundu wa m'bale wanu tandiyimbilani 0.,Chichewa
lr_char,chichewa,chi_0272,1,0.034,0.5,Chichewa fraud missed,False,ndine John James ndatenga katundu wabale wanu kuchokela ku south africa. Imbani kuti mutenge.,Chichewa
lr_char,chichewa,chi_0275,1,0.078,0.5,Chichewa fraud missed,False,m'bale wanu ali kuno Police wamangidwa. Tiyimbileni phone ku number yomweyi kuti mumve zambiri,Chichewa
lr_char,chichewa,chi_0277,1,0.133,0.5,Chichewa fraud missed,False,Ine transporter ndafika pa border kuchokela ku south africa ndatenga katundu wa m'bale wanu tandiyimbilani 4n kuti tilumikizane.,Chichewa
lr_char,chichewa,chi_0278,1,0.079,0.5,Chichewa fraud missed,False,ndiimbileni ndine transporter ndapatsidwa katundu ndi m'bale wanu kuchokela ku south africa.,Chichewa
lr_char,chichewa,chi_0293,0,0.622,0.5,Genuine text flagged,False,patani 200MB ya ULERE ya sabata imodzi mukapanga dauinilodi My Airtel App. Dziwani ndondomeko yonse pa tsambala ili <URL>,Chichewa
lr_char,chichewa,chi_0294,0,0.718,0.5,Genuine text flagged,False,Dziwani kuti ma bandulo onse a Airtel amene tili nao pa My Airtel App. Patani 200MB ya Ulere yasabata imodzi mukapamga daunilodi apa <URL>,Chichewa
lr_char,chichewa,chi_0296,1,0.491,0.5,Chichewa fraud missed,False,AIRTEL MONEY: ndine ogwira ntchito ku Airtel ndipo system yathu ya airtel money tikuyipanga upgrade choncho sinthani nambala yanu ya chinsisi potsatila ndondomeko izi.,Chichewa
lr_char,chichewa,chi_0301,1,0.19,0.5,Chichewa fraud missed,False,okondedwa akasitomala. Dziwani kuti nambala yanu ya chinsisi ibulokedwa pakadutsa 24 hours choncho sinthani nambala yanu ya chinsisi potsitila ndondomeko izi.,Chichewa
lr_char,chichewa,chi_0303,0,0.893,0.5,Service-like text flagged,False,Balansi <AMOUNT> ; Kutapa <AMOUNT> ; PaNet MoFaya 100MB itha pa 01-04-2023; Download My Airtel App here <URL> to view all balances.,Chichewa
lr_char,chichewa,chi_0304,0,0.903,0.5,Service-like text flagged,False,Balansi <AMOUNT> ; Kutapa <AMOUNT> ; PaNet MoFaya 100MB itha pa 01-04-2023; Chezani Daily 100 2.20min itha pa 08-08-2023; Timasuke Daily <AMOUNT> balansi 190 itha pa 09-02-2023; Download My Airtel App here <URL> to view all balances.,Chichewa
lr_char,chichewa,chi_0305,0,0.899,0.5,Service-like text flagged,False,Balansi <AMOUNT> ; Kutapa <AMOUNT> ; PaNet MoFaya 10KB itha pa 08-04-2023; Chezani Daily 240 0.20min itha pa 08-08-2023; Timasuke Daily <AMOUNT> balansi 190 itha pa 09-02-2023; Download My Airtel App here <URL> to view all balances.,Chichewa
lr_char,chichewa,chi_0306,0,0.907,0.5,Service-like text flagged,False,Balance <AMOUNT> ; Kutapa <AMOUNT> ; Chezani Daily 240 0.20min itha pa 08-08-2023; Timasuke Daily <AMOUNT> balansi 190 itha pa 09-02-2023; Download My Airtel App here <URL> to view all balances.,Chichewa
lr_char,chichewa,chi_0312,0,0.503,0.5,Service-like text flagged,False,"okondedwa akasitomala, mwatsala ndi <AMOUNT> . Imbani *533# kuti mubweleke maunitsi ndi KUTAPA. Sangalalani ndi macheza osatha ndi network ya Airtel",Chichewa
lr_char,chichewa,chi_0313,0,0.881,0.5,Service-like text flagged,False,Balansi <AMOUNT> ; Kutapa <AMOUNT> ; PaNet WhatsApp Bundle 9MB itha pa 02-06-2023; Download My Airtel App here <URL> to view all balances.,Chichewa
lr_char,chichewa,chi_0316,0,0.901,0.5,Service-like text flagged,False,Balansi <AMOUNT> ; Kutapa <AMOUNT> ; PaNet WhatsApp Bundle 9MB itha pa 02-06-2023; Timasuke Daily <AMOUNT> balansi 76 itha pa 02-07-2023; Download My Airtel App here <URL> to view all balances.,Chichewa
lr_char,chichewa,chi_0318,1,0.271,0.5,Chichewa fraud missed,False,Bushiri akugawa ndalama kwa onse okhudzidwa ndi Freddy imbani phone ku nambalayi kuti muyankhulane ndi aku office,Chichewa
lr_char,chichewa,chi_0322,0,0.597,0.5,Service-like text flagged,False,Ngozi siyipanganika. Gulani Limodzi inshuwalansiya <AMOUNT> pa mwezi kuti musadzasowe mtengo ogwira polandira ndalama yofika <AMOUNT> . Imbani *200# sankhani 5 kenako 3.,Chichewa
lr_char,chichewa,chi_0329,0,0.922,0.5,Service-like text flagged,False,"Mwagula timasuke daily <AMOUNT> , ma SMS 100 ogwiritsa ntchito mpaka <PHONE> :59:20. Imbani *137# kuti muone.",Chichewa
lr_char,chichewa,chi_0330,0,0.702,0.5,Service-like text flagged,False,"Akasitomala, kumbukilani kuti Airtel imagwiritsa ntchito nambala ya + <AMOUNT> pofuna kulumikizana ndi makasitoma ake. chenjelani ndi okuba.",Chichewa
lr_char,chichewa,chi_0353,1,0.157,0.5,Chichewa fraud missed,True,Mukuyitanidwa ku msonkhano wa tchalitchi chathu cha satanic kuti mudzathese umphawi ndi miracle money.Imbani 4n <PHONE> kuti mulembetse.,Chichewa
lr_char,chichewa,chi_0354,1,0.284,0.5,Chichewa fraud missed,True,Joyce Banda Foundation ikupeleka ndalama kwa azimayi zoyambila business. Tiyimbileni phone pa nambala iyi kuti mulandile nawo ku dela lanu.,Chichewa
lr_char,chichewa,chi_0359,1,0.032,0.5,Chichewa fraud missed,False,Mutha kupambana njinga ya moto polowa kumayele athu. imbani ku number iyi kuti muyese mwayi wanu,Chichewa
lr_char,chichewa,chi_0362,1,0.386,0.5,Chichewa fraud missed,True,Nambala yanu yasankhidwa kupatsidwa ndalama za mtukula pakhomo kuchokela ku JB Foundation. Imbani ku namba yomweyi kuti mumve zambiri,Chichewa
lr_char,chichewa,chi_0363,1,0.488,0.5,Chichewa fraud missed,False,Unduna wa za ulimi ukulembetsa mayina aanthu kuti apindule nawo ndi ndondomeko ya AIP. zisakuphonyeni poyimba ku <PHONE>,Chichewa
lr_char,chichewa,chi_0372,1,0.097,0.5,Chichewa fraud missed,False,ndine transporter kuchokela ku jubegi. katundu wanu wafika pa border imbileni kuti tilumikizane,Chichewa
lr_char,chichewa,chi_0373,1,0.134,0.5,Chichewa fraud missed,False,ndine TRANSPORTER kuchokela ku South Africa ndili ndi katundu wanu kuti ndikupatseni ndatumidwa ndi abale anu,Chichewa
lr_char,chichewa,chi_0381,1,0.329,0.5,Chichewa fraud missed,False,Mukudziwitsidwa kuti dzina lanu lisowa mu kaundula wa NRB ngati simudzakonzetsa chiphaso chanu. Tiyimbileni foni ife a NRB pa <PHONE> kuti mudziwe zambiri.,Chichewa
lr_char,chichewa,chi_0386,1,0.249,0.5,Chichewa fraud missed,False,ndine agent wa Airtel money. ndatumiza ndalama ku nambala yanu mwangozi chonde bwezani inayo ikhale yanu.,Chichewa
lr_char,chichewa,chi_0389,1,0.03,0.5,Chichewa fraud missed,False,ndine JAMES ndatenga katundu wabale wanu kuchokela ku south africa. Imbani kuti mutenge.,Chichewa
lr_char,chichewa,chi_0411,1,0.467,0.5,Chichewa fraud missed,False,"PREMIERBET: mwapata ndalama pa mpikisano wa premier loto, imbani foni ku <PHONE> kuti mutenge.",Chichewa
lr_char,chichewa,chi_0412,1,0.124,0.5,Chichewa fraud missed,False,"PREMIERBET: nambala yanu yawina mpikisano wa premierloto, imbani foni kuti mulandile.",Chichewa
lr_char,chichewa,chi_0413,1,0.052,0.5,Chichewa fraud missed,False,"PREMIERBET: mwachita mwayi opata ndalama mu mpikisano wa Loto, tiyimbileni foni kuti mudziwe katengedwe kakwe",Chichewa
lr_char,chichewa,chi_0416,1,0.343,0.5,Chichewa fraud missed,True,JOYCE BAND FOUNDATION: mwachita mwayi opindula ndi ndondomeko ya amayi takatani. imbani foni ku <PHONE> kuti mudziwe katengedwe kake.,Chichewa
lr_char,chichewa,chi_0418,1,0.471,0.5,Chichewa fraud missed,False,"ndine agent ndapatsidwa ndalama ndi abale anu kuti ndikutumizileni, ndiyimbileni foni ku nambala iyi <PHONE> kuti tilumikizane.",Chichewa
lr_char,chichewa,chi_0420,1,0.036,0.5,Chichewa fraud missed,False,"ndine agent ndapatsidwa ndalama kuti ndikutumizileni, ngati muli inu ndiyimbileni foni",Chichewa
lr_char,chichewa,chi_0423,1,0.142,0.5,Chichewa fraud missed,False,"ndine agent apapa ndapatsidwa ndalama ndi abale anu kuti ndikutumizileni koma nambala yanu ayiwala, imbani foni kuti nditumize",Chichewa
lr_char,chichewa,chi_0424,1,0.206,0.5,Chichewa fraud missed,False,ndine agent apapa ndili ndi abale anu akuti asokoneza nambala yanu nde imbani foni kuti tilumikizane.,Chichewa
lr_char,chichewa,chi_0426,1,0.234,0.5,Chichewa fraud missed,False,ndine agent ndufuna ndikutumizileni ndalama kuchokela kwa abale anu koma nambala yanu asokoneza nde imbani foni titumize.,Chichewa
lr_char,chichewa,chi_0427,1,0.075,0.5,Chichewa fraud missed,False,ndine agent ndatumiza molakwika ndalama ku nambala yanu chonde bwezani.,Chichewa
lr_char,chichewa,chi_0443,1,0.069,0.5,Chichewa fraud missed,False,TRANSPORTER:ndine transporter ndapatsidwa katundu ndi m’bale wanu kuchokela ku South Africa.,Chichewa
lr_char,chichewa,chi_0447,1,0.128,0.5,Chichewa fraud missed,False,AGENT:Ndine agent ndili pa border ndanyamula katundu wa m'bale wanu nditumizileni ndalama pa nambala iyi kuti akufikeni.,Chichewa
lr_char,chichewa,chi_0453,1,0.394,0.5,Chichewa fraud missed,False,AGET:ndine agent ndinapasidwa ndalama kuti ndikutumizileni ndiye network imavuta mundiimbile foni mamawa <PHONE>,Chichewa
lr_char,chichewa,chi_0460,1,0.47,0.5,Chichewa fraud missed,False,TRANSPORTER:Ndine transporter kuchokela ku Joni ndanyamula katundu wa m’bale wanu ndili pa border mundiyimbile pa number iy <PHONE>,Chichewa
lr_char,chichewa,chi_0469,0,0.582,0.5,Service-like text flagged,False,Ngozi siyipanganika. Gulani limozi inshulansi ya <AMOUNT> pa mwezi kuti musazasowe mtengo ogwira polandira ndalama yofika <AMOUNT> .,Chichewa
lr_char,chichewa,chi_0471,1,0.059,0.5,Chichewa fraud missed,False,"TRANSPORTER:Ndili m'njira ndatumizidwa zinthu za m'bale wanu, mundiyimbile kuti tilumikizane",Chichewa
lr_char,chichewa,chi_0472,1,0.179,0.5,Chichewa fraud missed,False,AIRTEL PROMOTION:Mwapata mphoto ya airtel promotion kuti muziwe katengedwe kake ndiyimbileni,Chichewa
lr_char,chichewa,chi_0476,1,0.049,0.5,Chichewa fraud missed,False,"MUTUKULA PA KHOMO:Mwasankhidwa kulandila nawo ndalama za mutukula pakhomo, tiyimbileni kuti muziwe zambiri",Chichewa
lr_char,chichewa,chi_0481,1,0.026,0.5,Chichewa fraud missed,True,"DODMA:DODMA yakusankhani kuti mulandile nawo ndalama ngati m'modzi wokhuzidwa ndi napolo, chonde tiyimbileni",Chichewa
lr_char,chichewa,chi_0482,1,0.038,0.5,Chichewa fraud missed,False,"YABOOKA PROMOTION:Mwachita mwayi wolandila nawo yabooka promotion, tiyimbileni kuti muziwe zambiri",Chichewa
lr_char,chichewa,chi_0486,1,0.118,0.5,Chichewa fraud missed,False,LOTTO:Tumizani ndalama ku nambala iyi kuti mulowe nawo mumupikisano wa lotto,Chichewa
lr_char,chichewa,chi_0487,1,0.31,0.5,Chichewa fraud missed,True,MIRACLE MONEY INTERJNATIONAL: If you are tired with poverty plz join us and contact our agent. MIRACLE MONEY INT: Ngati mukufuna chuma posaphera mu munthu lowani mpingo UNO,Chichewa
lr_char,chichewa,chi_0488,1,0.091,0.5,Chichewa fraud missed,False,MADALISO:Tumizani ndalama ku nambala iyi kuti mulandile mudaliso kuchokela kwa ambuye Yesu,Chichewa
lr_char,chichewa,chi_0489,0,0.696,0.5,Service-like text flagged,False,mwalandila ndalama kuchokela kwa <AMOUNT> -Eldah Banda on 08/06/2023 15:49:57. Amt: <AMOUNT>,Chichewa
lr_char,chichewa,chi_0490,0,0.943,0.5,Service-like text flagged,False,Trans ID: C <PHONE> .D98854: mwalandila <AMOUNT> kuchokela kwa Jane Andrew,Chichewa
lr_char,chichewa,chi_0491,1,0.054,0.5,Chichewa fraud missed,True,"DODMA:Ndine wogwila ntchito ku DODMA, mwasagwidwa kulandila nawo ndalama za cylone fredy. Tiyimbileni kuti muziwe zambiri",Chichewa
lr_char,chichewa,chi_0492,1,0.139,0.5,Chichewa fraud missed,True,"DODMA:Ndine wogwila ntchito ku DODMA, mwasagwidwa kulandila nawo ndalama za cylone fredy. Tumizani ndalama ku nambala yomweyi kuti tikuthandizeni",Chichewa
lr_char,chichewa,chi_0493,1,0.074,0.5,Chichewa fraud missed,True,JB FOUNDATION:Mwachita mwayi wogwila ntchito ku JB Foundation kuti muziwe zambiri tiyimbileni,Chichewa
lr_char,chichewa,chi_0494,0,0.97,0.5,Service-like text flagged,False,"Ondedwa MR JOHN MHANGO, Acct: <PHONE> yalandila: <AMOUNT> DR Tsiku: <AMOUNT> Desc: ATM, , Ref: FT321376H6VS/BNK, zikomo NBM",Chichewa
lr_char,chichewa,chi_0497,1,0.215,0.5,Chichewa fraud missed,True,AGENT:Ndine agent wa DODMA kutolera ndalama zothandiza anthu okhuzidwa ndi cyclone freddy. Tumizani ndalama ku nambala yomweyi,Chichewa
lr_char,chichewa,chi_0498,1,0.12,0.5,Chichewa fraud missed,True,DODMA:Ndine wogwila ntchito ku DODMA kutolera thandizo la anthu wokhuzidwa ndi cyclone freddy. Tumizani ndalama kunambala iyi,Chichewa
lr_char,chichewa,chi_0500,0,0.846,0.5,Service-like text flagged,False,Balance yanu ndi: <AMOUNT> . Fee: <AMOUNT> .,Chichewa
lr_char,chichewa,chi_0502,1,0.038,0.5,Chichewa fraud missed,False,Muli pa mundanda wolandila nawo ndalama za mutukula pakhomo chonde ndiyimbile kuti muziwe zambiri,Chichewa
lr_char,chichewa,chi_0504,1,0.077,0.5,Chichewa fraud missed,False,MUDULIDWE:Nambala yanu yili pa mundanda wolandila ndalama za mudulidwe. Chonde tiyimbireni kuti tilumukizane,Chichewa
lr_char,chichewa,chi_0508,1,0.052,0.5,Chichewa fraud missed,False,"TRANSPORTER:Ndne transporter wa bus kuchoka ku South Africa ndikatundu wa m'bale wanu, chonde ndiyimbileni kuti tikumane",Chichewa
lr_char,chichewa,chi_0509,1,0.061,0.5,Chichewa fraud missed,False,"TRANSPORTER:Ndachoka ku John ndine transporter, ndanyamula katundu wanu, ndiyimbileni kuti tilumikizane",Chichewa
lr_char,chichewa,chi_0510,1,0.054,0.5,Chichewa fraud missed,False,"AGENT:Ndili ndi katundu wa m'bale wanu kuchokela ku Joni, ndine agent, ndiyimbileni kuti tilumikizane",Chichewa
lr_char,chichewa,chi_0516,1,0.048,0.5,Chichewa fraud missed,False,"WESTERN UNION:Mwalandila ndalama ku Western Union, chonde tiyimbileni kuti metenge",Chichewa
lr_char,chichewa,chi_0519,1,0.037,0.5,Chichewa fraud missed,False,UK:Mwalandila mphatso kuchoka ku UK. Chonde tiyimbileni kuti muziwe matengedwe ake,Chichewa
lr_char,chichewa,chi_0521,1,0.353,0.5,Chichewa fraud missed,False,UNDUNA WA ZAUMOYO:Ndife ogwira ntchito ku unduna wa zaumoyo. Mupemphedwa kutumiza ndalama kunambala nambala iyi <PHONE> kuti mmulandile katemera wa kolera,Chichewa
lr_char,chichewa,chi_0524,0,0.643,0.5,Ambiguous,False,Chonde ndiyimbileni pa <PHONE> .,Chichewa
lr_char,chichewa,chi_0525,1,0.376,0.5,Chichewa fraud missed,False,MUKURU:Ndine agent ku Mukuru. Nambala yanu yatumizilidwa ndalama <AMOUNT> . Chonde tiyimbileni kuti muziwe katengedwe kake,Chichewa
lr_char,chichewa,chi_0527,1,0.065,0.5,Chichewa fraud missed,False,WESTERN UNION:Mwatumizilidwa ndalama ku WEST UNION kuchokela ku UK. Chonde tiyimbileni kuti tilumikizane,Chichewa
lr_char,chichewa,chi_0533,1,0.172,0.5,Chichewa fraud missed,False,"MANKHWALA AZISAMBA:Ndife azaumoyo, timathandiza anthu mankhwala azisamba. Chonde timbileni pa namala iyi kuti muthandizidwe",Chichewa
lr_char,chichewa,chi_0537,1,0.148,0.5,Chichewa fraud missed,False,MADZI OYERA:Tikugulisa madzi oyera kapena amachiliso. Chonde tiyimbileni pa nambala iyi kuti mutipeze,Chichewa
lr_char,chichewa,chi_0538,1,0.376,0.5,Chichewa fraud missed,False,MADALISO:Mukatumiza ndalama <AMOUNT> kunambala iyi. Muzalandila madalitso ozaza kuchokera kwa ambuye Yesu,Chichewa
lr_char,chichewa,chi_0539,1,0.049,0.5,Chichewa fraud missed,False,HIV/AIDS:Timapanga mankhwala ochilisa matenda a HIV/AIDS chonde tiyimbileni kuti muziwe zambiri,Chichewa
lr_char,chichewa,chi_0543,1,0.145,0.5,Chichewa fraud missed,False,"MRA:Ndife ogwira ntchito ku MRA, mwawina galimoto. Chonde tumizani ndalama ku nambala yomweyi tikutumizileni galimoto iyo",Chichewa
lr_char,chichewa,chi_0544,1,0.432,0.5,Chichewa fraud missed,False,"TNM:Ndife ogwira ntchito ku TNM, tikugulisa mafoni otchipa kwa amene ayambilila kutumiza ndalama zosachepela <AMOUNT> kunambala iyi. Chonde chitani machawi kuti mulandile foni yanu",Chichewa
lr_char,chichewa,chi_0545,1,0.474,0.5,Chichewa fraud missed,False,ZAMASAMBA:Ndine dotolo wa zamasamba kuchokera ku Mozaque. Ndimachilisa matenda osiyanasiyana ngati EDZI. Chonde ndiyimbile kapea tumzani ndalama ku nambala iyi <PHONE>,Chichewa
lr_char,chichewa,chi_0554,1,0.019,0.5,Chichewa fraud missed,False,ndapatsidwa katundu wa m'bale wanu yemwe ali ku south africa,Chichewa
lr_char,chichewa,chi_0555,1,0.01,0.5,Chichewa fraud missed,False,ndanyamula katundu wa bale wanu yemwe ali ku joni,Chichewa
lr_char,chichewa,chi_0556,1,0.249,0.5,Chichewa fraud missed,False,ndili ndi katundu wa m'bale wanu waku South Africa. ndiyimbileni phone ku nambala iyi kuti tilumikizane,Chichewa
lr_char,chichewa,chi_0557,0,0.92,0.5,Service-like text flagged,False,Tiketi imodzi YAULELE ya <AMOUNT> ikudikila inu <PHONE> .Muthakupata pompo. Tumizani YES ku 1515 kuti mulowe,Chichewa
lr_char,chichewa,chi_0560,1,0.201,0.5,Chichewa fraud missed,False,NATIONAL BANK:Mwachita mwayi wolandiala nawo ndalama <AMOUNT> kuchokela ku National Bank. Chonde tiyimbileni kuti muziwe katengedwe kake,Chichewa
lr_char,chichewa,chi_0562,1,0.039,0.5,Chichewa fraud missed,False,LOTTO:Mwawina mphoto ya LOTTO. Chonde tiyimbilen kuti muziwe katengedwe kake,Chichewa
lr_char,chichewa,chi_0567,1,0.071,0.5,Chichewa fraud missed,False,PREMIER BET: mwapata ndalama ku Premier Bet. Chonde tiyimbileni kuti muziwe matengedwe ake,Chichewa
lr_char,chichewa,chi_0568,1,0.2,0.5,Chichewa fraud missed,False,PREMIER BET: Tumizani ndalama ku nambala iyi kuti muchulukise mwayiwanu wowina Premier Bet,Chichewa
lr_char,chichewa,chi_0570,1,0.369,0.5,Chichewa fraud missed,False,PREMIER BET: Mwachita mwayi wopata ndalama <AMOUNT> ku Premier Bet. Tiyimbileni kuti muziwe katengedwe kake,Chichewa
lr_char,chichewa,chi_0573,1,0.037,0.5,Chichewa fraud missed,False,SATANIZIMU: Mukalowa mu mpingu wathu wa satanic muzalandila ndalama za nkhaninkhani,Chichewa
lr_char,chichewa,chi_0574,1,0.029,0.5,Chichewa fraud missed,False,SATANIZIMU: Ngati mufuna kulemela lowani satanizimu. Tiyimbileni kuti muziwe ndondomeko yake,Chichewa
lr_char,chichewa,chi_0577,1,0.024,0.5,Ambiguous,False,mukuyankhulana ndi agent,Chichewa
lr_char,chichewa,chi_0581,1,0.009,0.5,Ambiguous,False,ndapatsidwa katundu wa m'bale wanu,Chichewa
lr_char,chichewa,chi_0589,1,0.096,0.5,Chichewa fraud missed,False,NDIIMBILENI NDINE TRANSPORTER NDIRI NDI KATUNDU NDI M'BALE WANU KUCHOKELA KU SOUTH AFRICA.,Chichewa
lr_char,chichewa,chi_0590,1,0.267,0.5,Chichewa fraud missed,False,m'bale wanu wachita ngozi tili nayo kuno ku chipatala. tiyimbileni foni ku <PHONE> kuti tilumikizane,Chichewa
lr_char,chichewa,chi_0595,1,0.042,0.5,Ambiguous,False,mwapata mphoto ku premier loto,Chichewa
lr_char,chichewa,chi_0597,1,0.068,0.5,Chichewa fraud missed,False,nambala yanu yachita mwayi olandila ndalama zokwana,Chichewa
lr_char,chichewa,chi_0598,1,0.044,0.5,Chichewa fraud missed,False,nambala yanu yachita mphumi ku mpikisano wathu,Chichewa
lr_char,chichewa,chi_0606,1,0.049,0.5,Chichewa fraud missed,False,ndine agent ndili ndi katundu wa mzanu yemwe ali ku juberg.,Chichewa
lr_char,chichewa,chi_0618,1,0.084,0.5,Chichewa fraud missed,True,JB FOUNDATION: mwachita mwayi olandila ndalama ku JB Foundation,Chichewa
lr_char,chichewa,chi_0619,1,0.202,0.5,Chichewa fraud missed,True,JB FOUNDATION: nambala yanu yasankhidwa kuti ilandile ndalama za mtukula pakhomo,Chichewa
lr_char,chichewa,chi_0620,1,0.074,0.5,Chichewa fraud missed,True,mwasankhidwa kuti mupindule nawo ndi mtukula pakhomo. imbani foni kuti mumve zambiri,Chichewa
lr_char,chichewa,chi_0622,0,0.622,0.5,Ambiguous,False,balansi yanu ndi <AMOUNT> .,Chichewa
lr_char,chichewa,chi_0623,0,0.932,0.5,Service-like text flagged,False,"mwagula timasuke daily <AMOUNT> , ma SMS 100 ogwiritsa ntchito mpaka <PHONE> :59:20.",Chichewa
lr_char,chichewa,chi_0624,1,0.017,0.5,Chichewa fraud missed,False,JONI:Ndanyamula katundu kuchokela ku Joni wa m'bale wanu kuti mutenge mundiyimbile,Chichewa
lr_char,chichewa,chi_0626,0,0.633,0.5,Ambiguous,False,Chonde ndiyimbileni pa <PHONE>,Chichewa
lr_char,chichewa,chi_0631,1,0.034,0.5,Chichewa fraud missed,False,SATANIZIMU: Mukalowa mu mpingu wathu wa satanizimu muzalandila ndalama za nkhaninkhani,Chichewa
lr_char,chichewa,chi_0635,1,0.028,0.5,Chichewa fraud missed,False,SATANIZIMU: Anthu olowa mu mpingo wathu wa SATANIKI adzakhala ndi mwayi wopeza ntchito,Chichewa
lr_char,chichewa,chi_0636,1,0.031,0.5,Chichewa fraud missed,False,SATANIZIMU: Lowani mpingo wathu wa SATANIKI kuti muzalandile nawo ndalama za nkhaninkhani,Chichewa
lr_char,chichewa,chi_0641,1,0.081,0.5,Chichewa fraud missed,False,GOSHEN CITY: Kuli chimanga chogulisa kuno ku Goshen City. Tumiza ndalama ku nambala iyi kuti mugule mosavuta,Chichewa
lr_char,chichewa,chi_0642,1,0.399,0.5,Chichewa fraud missed,False,GOSHEN CITY: Tikulemba anthu ntchito zosiyanasiyana kuno ku Goshen City. Tumizani ndalama zokwana <AMOUNT> ngati mfuna ntchito,Chichewa
lr_char,chichewa,chi_0643,1,0.394,0.5,Chichewa fraud missed,False,GOSHEN CITY: Mwalandila ndalama kuchokela ku Goshen City. Tumizani <AMOUNT> kuti mulandile ndalama zanu,Chichewa
lr_char,chichewa,chi_0656,1,0.047,0.5,Chichewa fraud missed,False,Ine ndi mike phiri driver wa katoto transport ndapatsidwa katundu ku chokela ku South Africa.,Chichewa
lr_char,chichewa,chi_0658,1,0.126,0.5,Chichewa fraud missed,False,NDINE LUKE NDAPASILIDWA KATUNDU KUCHOKELA KU JOHN APA NDIKUFIKA KUMENE PA BORDER NDIMAKUIMBILANI KOMA No SIKUPEZEKA.,Chichewa
lr_char,chichewa,chi_0659,1,0.481,0.5,Chichewa fraud missed,True,MIRACLE MONEY{SATANISM} TIKUITANANI NONSE AMENE MUKUFUNA CHUMA CHANKHANI NKHANI KHOMO NDILOSEGULA BWELANI KUTI MULOWE IMBANI 4N PA { <PHONE> },Chichewa
lr_char,chichewa,chi_0662,1,0.116,0.5,Chichewa fraud missed,False,Ndine transporter Ndili Pa Mwanza Pa Border Ndine Ndanyamula katundu wa mbale wanu uja mumndiyimbire chonde kuti tilumikizane pa number yomweyi.,Chichewa
lr_char,chichewa,chi_0663,1,0.195,0.5,Chichewa fraud missed,False,"Hey, ndine agent wa airtel money, ndapatsidwa ndalama ndi able anu kuti ndikutumizileni. Ndiye mupite pa agent wa mpamba or airtel money kuti ndikutumizileni....",Chichewa
lr_char,chichewa,chi_0671,0,0.525,0.5,Service-like text flagged,False,"Ngongole yanu ya Pasavute yatheka ndipo mwalandila <AMOUNT> , Bwezani pasanafike pa 31/01/2025.Balansi yanu ndi <AMOUNT> .Zikomo pogwiritsa TNM.",Chichewa
lr_char,chichewa,chi_0673,0,0.529,0.5,Service-like text flagged,False,Ngozi siipanganika.Gulani Limodzi Inshuwalansi ya <AMOUNT> pa mwezi kuti musazasowe mtengo ogwira mukachita ngozi polandira ndalama yotha kufika <AMOUNT> . Imbani *211# sankhani 5 kenako 3.,Chichewa
lr_char,chichewa,chi_0674,0,0.938,0.5,Telco service text flagged,False,"Mwagula Timasuke Daily <AMOUNT> , ma SMS 100 ogwritsa ntchito mpaka <PHONE> :59. Imbani *137*100# kuti muone otsala",Chichewa
lr_char,chichewa,chi_0675,0,0.922,0.5,Telco service text flagged,False,"Mwagula Timasuke Daily <AMOUNT> , ma SMS 100 ogwritsa ntchito mpaka . <PHONE> :59. Imbani *137*100# kuti muone otsala.",Chichewa
lr_char,chichewa,chi_0679,0,0.618,0.5,Telco service text flagged,False,Bandulo ya Chezani Daily ya <AMOUNT> isiya kugwila ntchito kuyambila pa 4 April 2023. Gulani Chezani <AMOUNT> ya maola 24 ya mphindi 5 kuti mupitilize macheza ndi anzanu.,Chichewa
lr_char,chichewa,chi_0681,0,0.977,0.5,Telco service text flagged,False,"Trans ID : CO <PHONE> .I89181. You have sent <AMOUNT> to <AMOUNT> ,CHIKONDI MUKHUMBE. Your balance is <AMOUNT>",Chichewa
lr_char,chichewa,chi_0683,0,0.805,0.5,Telco service text flagged,False,"Athandizeni abwenzi anu kuti akhale ndi akaunti ya Airtel Money. Chofunika kuchita: agule simu khadi la airtel pa mtengo wa <AMOUNT> . Kulembetsa ndi ulele, koma akuyenera kuyikiza ndalama yoyambira yosachepera <AMOUNT> .",Chichewa
lr_char,chichewa,chi_0684,0,0.922,0.5,Telco service text flagged,False,Dziwani kuti mtengo wa simu khadi ya airtel ndi <AMOUNT> . Ndipo tsopano kasitomala azilandira bonasi ya <AMOUNT> akaonjenzera mayunitsi osachepera <AMOUNT> koyamba. Awuzeniko anzanu.,Chichewa
lr_char,chichewa,chi_0703,0,0.788,0.5,Telco service text flagged,False,"Wonjezelani ma units a <AMOUNT> pasanathe masiku atatu ndikupata bonasi ya <AMOUNT> yoimbira, SMS ndi intaneti. Imbani *137*21# kuti muwone bonasiyi. Airtel. The Smart",Chichewa
lr_char,chichewa,chi_0708,0,0.883,0.5,Telco service text flagged,False,Balansi <AMOUNT> ; Kutapa <AMOUNT> ; PaNet WhatsApp Bundle 650 MB itha pa 19-09-2023; Chezani Daily 200 10.0min itha pa 21-08-2023; Download My Airtel App here <URL> to view all balances,Chichewa
lr_char,chichewa,chi_0709,0,0.886,0.5,Telco service text flagged,False,Balansi <AMOUNT> ; Kutapa <AMOUNT> ; PaNet WhatsApp Bundle 470 MB itha pa 19-09-2023; Chezani Daily 200 7.93min itha pa 21-08-2023; Download My Airtel App here <URL> to view all balances,Chichewa
lr_char,chichewa,chi_0711,0,0.878,0.5,Telco service text flagged,False,Balansi <AMOUNT> ; Kutapa <AMOUNT> ; PaNet WhatsApp Bundle 388 MB itha pa 19-09-2023; KhetheKhethe Voice balansi 5.00 Min itha pa 21-08-2023; Download My Airtel App here <URL> to view all balances,Chichewa
lr_char,chichewa,chi_0712,0,0.829,0.5,Telco service text flagged,False,Balansi <AMOUNT> ; PaNet MoFaya 3 GB itha pa 10-08-2023; Chezani Daily 200 5.85min itha pa 04-08-2023; Download My Airtel App here <URL> to view all balances,Chichewa
lr_char,chichewa,chi_0721,0,0.685,0.5,Telco service text flagged,False,"Wonjezelani ma units a <AMOUNT> pasanathe masiku atatu ndikupata bonasi ya <AMOUNT> yoimbira, SMS ndi intaneti. Imbani *137*21# kuti muwone bonasiyi.",Chichewa
lr_char,chichewa,chi_0726,0,0.567,0.5,Telco service text flagged,False,Sungani ndalama zosachepera <AMOUNT> ndi kupeza phindu la tsiku ndi tsiku kudzera pa foni yanu ndi Phuka Digital Savings pa Airtel Money. Imbani *211# sankhani 5 kenako 2 kuti mulembetse.,Chichewa
lr_char,chichewa,chi_0727,0,0.562,0.5,Telco service text flagged,False,Chulukitsani mawini pa ndalama zanu ndi Phuka Digital Savings posunga ndalama zosachepera <AMOUNT> pa Airtel money. Imbani *211# sankhani 5 kenako 2 kuti mulembetse.,Chichewa
lr_char,test_lookalike_all,bongo_0055,1,0.022,0.5,Obfuscation missed,False,Hab​аrі za asubuhi. Мi​mi mwe​nуе nуu​mb4 wako h​iі nа​mba уа​ngu ya Vodа​соm. Mb​оnа k1​my4 na siku zinazidi kwenda...?,Attacked test (all words)
lr_char,test_lookalike_all,bongo_0112,1,0.029,0.5,Obfuscation missed,False,Нab​4ri za siku. Мі​mi mwe​nyе nyu​mbа wako h​іi n4​mbа уa​ngu ya h4lo​tеl. Мb​ona ki​mуа na siku zinazidi kwenda...?,Attacked test (all words)
lr_char,test_lookalike_all,bongo_0159,1,0.016,0.5,Obfuscation missed,False,Нab​аri za asubuhi. Mi​mі mwе​nye nyu​mb4 wako h​іi nа​mbа уа​ngu ya HАLО​ТEL. Мb​оnа kі​mуa na siku zinazidi kwenda...?,Attacked test (all words)
lr_char,test_lookalike_all,bongo_0173,1,0.033,0.5,Obfuscation missed,False,Habari. Мі​m1 mwe​nуe nyu​mbа wako h​іi na​mb4 уa​ngu ya Н4LО​ТEL. Мb​ona kі​mуa na siku zinazidi kwenda...?,Attacked test (all words)
lr_char,test_lookalike_all,bongo_0250,1,0.018,0.5,Obfuscation missed,False,Нab​arі za asubuhi. Мi​mі mwе​nуe nуu​mba wako h​і1 na​mbа уa​ngu ya Н4lo​tel. Mb​onа kі​myа na siku zinazidi kwenda...?,Attacked test (all words)
lr_char,test_lookalike_all,bongo_0255,1,0.005,0.5,Other scam missed,False,Нab​аri za mchana. Mі​mi mwe​nу3 nyu​mbа wako h​іі nа​mbа yа​ngu ya Ті​go. Mb​оn4 ki​mуa na siku z1nа​zid1 kwenda...?,Attacked test (all words)
lr_char,test_lookalike_all,bongo_0265,1,0.034,0.5,Obfuscation missed,False,Habari. M1​m1 mw3​nуе nyu​mbа wako h​1i na​mbа уa​ngu ya ti​gо. Мb​ona kі​myа na siku zinazidi kwenda...?,Attacked test (all words)
lr_char,test_lookalike_all,bongo_0356,1,0.033,0.5,Obfuscation missed,False,Наb​arі za siku. Mі​mi mwе​nye nуu​mbа wako h​1і nа​mb4 уa​ngu ya аir​tel. Мb​оnа ki​my4 na siku zinazidi kwenda...?,Attacked test (all words)
lr_char,test_lookalike_all,bongo_0380,1,0.02,0.5,Obfuscation missed,False,Н4b​аri za mchana. Мі​mi mwе​nye nуu​mba wako h​іi nа​mba уa​ngu ya аіr​tеl. Мb​ona ki​myа na siku zinazidi kwenda...?,Attacked test (all words)
lr_char,test_lookalike_all,bongo_0434,1,0.038,0.5,Obfuscation missed,False,Наb​ari za asubuhi. Мi​mi mwе​nye nуu​mbа wako h​іi nа​mba уa​ngu ya VODA​СОМ. Mb​0na kі​mya na siku zinazidi kwenda...?,Attacked test (all words)
lr_char,test_lookalike_all,bongo_0560,1,0.345,0.5,Obfuscation missed,False,"Х0​rry nі​pо хaf​ari ni​nа хh​1da kw​еl naku​ombа uniх​aidіe 5​h еl​fu 9 nitaku​rеfund nikі​fikа р​lx В​у MWANAIDI KHАМ1​SІ,n1 g​rр mеm​bеr",Attacked test (all words)
lr_char,test_lookalike_all,bongo_0565,1,0.032,0.5,Obfuscation missed,False,Наb​4ri za m​dа huu. Мi​mі mwe​nyе nyu​mb4 wako h​іі na​mbа y4​ngu ya Air​tеl. Мb​оnа k1​mуa na siku zinazidi kwenda...?,Attacked test (all words)
lr_char,test_lookalike_all,bongo_0697,1,0.038,0.5,Obfuscation missed,False,Наb​ari za m​dа huu. Mі​m1 mwe​nyе nуu​mbа wako h​iі nа​mba уa​ngu ya аіr​tel. Мb​onа kі​mуа na siku zinazidi kwenda...?,Attacked test (all words)
lr_char,test_lookalike_all,bongo_0706,1,0.031,0.5,Obfuscation missed,False,Нab​аrі za siku. Мi​mi mwe​nу3 nуu​mba wako h​іi na​mbа у4​ngu ya VОDА​СOМ. Mb​onа ki​mуа na siku zinazidi kwenda...?,Attacked test (all words)
lr_char,test_lookalike_all,bongo_0719,1,0.014,0.5,Obfuscation missed,False,Hаb​ari za mchana. Мi​mі mwе​nуе nуu​mba wako h​1і n4​mbа уа​ngu ya HALО​TЕL. Мb​ona kі​mya na siku zinazidi kwenda...?,Attacked test (all words)
lr_char,test_lookalike_all,bongo_0724,1,0.027,0.5,Obfuscation missed,False,Нab​ari za m​dа huu. Мі​m1 mwe​nуе nуu​mba wako h​іі nа​mbа уа​ngu ya Тi​go. Мb​оna kі​mya na siku zinazidi kwenda...?,Attacked test (all words)
lr_char,test_lookalike_all,bongo_0749,1,0.027,0.5,Obfuscation missed,False,Наb​arі za muda. Мi​mi mwе​nye nуu​mba wako h​іi nа​mbа уa​ngu ya НALО​T3L. Мb​onа kі​mуa na siku zinazidi kwenda...?,Attacked test (all words)
lr_char,test_lookalike_all,bongo_0770,1,0.016,0.5,Obfuscation missed,False,Наb​аrі za asubuhi. Мі​mi mw3​nуe nуu​mbа wako h​іi nа​mba y4​ngu ya vоda​сom. Мb​оnа kі​mya na siku zinazidi kwenda...?,Attacked test (all words)
lr_char,test_lookalike_all,bongo_0778,1,0.033,0.5,Obfuscation missed,False,H4b​4ri za muda. Мі​mi mwe​nуе nуu​mba wako h​iі na​mbа уa​ngu ya Vоd4​com. Мb​0nа kі​mya na siku zinazidi kwenda...?,Attacked test (all words)
lr_char,test_lookalike_all,bongo_0806,1,0.036,0.5,Obfuscation missed,False,Hаb​4ri za m​dа huu. Мi​mi mwе​nуе nуu​mba wako h​iі nа​mba уa​ngu ya T1​GО. Мb​on4 kі​mуа na siku zinazidi kwenda...?,Attacked test (all words)
lr_char,test_lookalike_all,bongo_0855,1,0.029,0.5,Obfuscation missed,False,Нab​arі za m​d4 huu. Мi​mi mw3​nуe nуu​mbа wako h​іi n4​mba уа​ngu ya Halо​t3l. Мb​оna ki​mу4 na siku zinazidi kwenda...?,Attacked test (all words)
lr_char,test_lookalike_all,bongo_0917,1,0.011,0.5,Other scam missed,False,Нab​4ri za asubuhi. Мi​mi mwе​nуe nуu​mba wako h​1і nа​mba уа​ngu ya Ті​gо. Mb​оnа k1​mуа na siku z1n4​zidi kwenda...?,Attacked test (all words)
lr_char,test_lookalike_all,bongo_1003,1,0.493,0.5,Obfuscation missed,False,"Xо​rry nі​po х4f​arі nі​nа хh​1da kw​еl naku​0mbа uniх​41diе ѕ​h еl​fu 9 nіtаku​rеfund nіkі​fikа р​lx B​у NAS​НОNI MВIRІ​BІ,nі g​rр m3m​ber",Attacked test (all words)
lr_char,test_lookalike_all,bongo_1012,1,0.023,0.5,Obfuscation missed,False,Hаb​arі za muda. Мі​m1 mwе​nуе nуu​mba wako h​11 nа​mb4 у4​ngu ya Аir​tel. Мb​onа ki​mу4 na siku zinazidi kwenda...?,Attacked test (all words)
lr_char,test_lookalike_all,bongo_1022,1,0.018,0.5,Obfuscation missed,False,Hаb​аri za mchana. Mі​mі mwe​nу3 nyu​mb4 wako h​1i nа​mb4 уa​ngu ya Voda​cоm. Мb​оn4 k1​mya na siku zinazidi kwenda...?,Attacked test (all words)
lr_char,test_lookalike_all,bongo_1127,1,0.043,0.5,Obfuscation missed,False,Habari. Mі​m1 mw3​nу3 nyu​mbа wako h​іi na​mbа уa​ngu ya VODA​СOМ. Мb​оn4 k1​mуa na siku zinazidi kwenda...?,Attacked test (all words)
lr_char,test_lookalike_all,bongo_1134,1,0.018,0.5,Obfuscation missed,False,Hаb​arі za siku. Мі​mi mwe​nуе nуu​mbа wako h​iі nа​mb4 уa​ngu ya ТI​GO. Мb​оnа ki​mуа na siku zinazidi kwenda...?,Attacked test (all words)
lr_char,test_lookalike_all,bongo_1136,1,0.463,0.5,Obfuscation missed,False,МPІ​GIЕ МZ​3Е ЈU​MA ЅIKA​REK0 WA ТІ​В4 АЅI​LІ. MALI. РЕ​TE. NYО​ТА. UZAZI. КUРAN​DІЅНW4 CHEO KAZINI. KULU​DIЅНА MALI 1L1YO​Р0Т3A. NА​МВA <PHONE>,Attacked test (all words)
lr_char,test_lookalike_all,bongo_1185,1,0.005,0.5,Other scam missed,False,Hаb​аrі za mchana. Мі​mі mwe​nуе nуu​mb4 wako h​і1 na​mbа уа​ngu ya vо​da. Мb​оna ki​mуа na siku zin4​zidi kwenda...?,Attacked test (all words)
lr_char,test_lookalike_all,bongo_1195,1,0.033,0.5,Obfuscation missed,False,Hаb​аrі za mda huu. Мі​mі mw3​nу3 nуu​mbа wako h​1i nа​mba уa​ngu ya v0da​сom. Мb​оnа k1​mya na siku zinazidi kwenda...?,Attacked test (all words)
lr_char,test_lookalike_all,bongo_1204,1,0.022,0.5,Obfuscation missed,False,Наb​4rі za asubuhi. M1​mi mwе​nye nуu​mba wako h​іі n4​mb4 уа​ngu ya aіr​tel. Mb​оnа ki​myа na siku zinazidi kwenda...?,Attacked test (all words)
lr_char,test_lookalike_all,bongo_1240,1,0.006,0.5,Other scam missed,False,Hаb​аri za mchana. Мі​mі mwе​nуе nyu​mbа wako h​1i na​mbа уa​ngu ya ti​gо. Mb​оna kі​my4 na siku zіna​z1d1 kwenda...?,Attacked test (all words)
lr_char,test_lookalike_all,bongo_1278,1,0.012,0.5,Obfuscation missed,False,Наb​arі za muda. М1​mі mw3​nуе nуu​mbа wako h​i1 nа​mb4 yа​ngu ya tі​g0. Mb​оn4 ki​mуa na siku zinazidi kwenda...?,Attacked test (all words)
lr_char,test_lookalike_all,bongo_1327,1,0.006,0.5,Other scam missed,False,Hab​4rі za asubuhi. Мі​mі mwе​nyе nуu​mbа wako h​iі nа​mbа yа​ngu ya vо​dа. Мb​ona kі​mу4 na siku zіnа​zіdi kwenda...?,Attacked test (all words)
lr_char,test_structural_all,bongo_0055,1,0.076,0.5,Obfuscation missed,False,H-a-b-a-r-i za asubuhi. Mimim-w-e-n-y-e n-y-u-m-b-a wako h i i nambayanguya V o d a c o m . M-b-o-n-a kimyana siku zinazidi kwenda...?,Attacked test (all words)
lr_char,test_structural_all,bongo_0112,1,0.141,0.5,Obfuscation missed,False,H a b a r i za siku. M i m i mwenyen y u m b a wako hiinambay a n g u ya h-a-l-o-t-e-l-. M b o n a k i m y a na siku zinazidi kwenda...?,Attacked test (all words)
lr_char,test_structural_all,bongo_0159,1,0.088,0.5,Obfuscation missed,False,H a b a r i za asubuhi. Mimim w e n y e n-y-u-m-b-a wako h i i n-a-m-b-a y a n g u ya H A L O T E L . M b o n a kimyana siku zinazidi kwenda...?,Attacked test (all words)
lr_char,test_structural_all,bongo_0173,1,0.114,0.5,Obfuscation missed,False,Habari. M-i-m-i m-w-e-n-y-e n y u m b a wako hiinambay-a-n-g-u ya H A L O T E L . M b o n a k-i-m-y-a na siku zinazidi kwenda...?,Attacked test (all words)
lr_char,test_structural_all,bongo_0250,1,0.181,0.5,Obfuscation missed,False,H a b a r i za asubuhi. Mimimwenyen y u m b a wako hiin a m b a y-a-n-g-u ya Halotel.Mbonak i m y a na siku zinazidi kwenda...?,Attacked test (all words)
lr_char,test_structural_all,bongo_0255,1,0.1,0.5,Other scam missed,False,H a b a r i za mchana. M i m i mwenyenyumbawako h i i n a m b a y a n g u ya Tigo.M b o n a kimyana siku z i n a z i d i kwenda...?,Attacked test (all words)
lr_char,test_structural_all,bongo_0265,1,0.28,0.5,Obfuscation missed,False,Habari. M i m i mwenyen y u m b a wako h i i nambay a n g u ya tigo.M-b-o-n-a kimyana siku zinazidi kwenda...?,Attacked test (all words)
lr_char,test_structural_all,bongo_0356,1,0.141,0.5,Obfuscation missed,False,H a b a r i za siku. M i m i m w e n y e nyumbawako h-i-i n a m b a y a n g u ya airtel.M-b-o-n-a k-i-m-y-a na siku zinazidi kwenda...?,Attacked test (all words)
lr_char,test_structural_all,bongo_0380,1,0.08,0.5,Obfuscation missed,False,H-a-b-a-r-i za mchana. M i m i m-w-e-n-y-e n y u m b a wako hiinambay a n g u ya a i r t e l . M b o n a kimyana siku zinazidi kwenda...?,Attacked test (all words)
lr_char,test_structural_all,bongo_0434,1,0.103,0.5,Obfuscation missed,False,H-a-b-a-r-i za asubuhi. Mimim w e n y e n y u m b a wako h i i nambay a n g u ya V O D A C O M . M b o n a kimyana siku zinazidi kwenda...?,Attacked test (all words)
lr_char,test_structural_all,bongo_0565,1,0.072,0.5,Obfuscation missed,False,Habariza mdahuu. M i m i m-w-e-n-y-e n-y-u-m-b-a wako hiin a m b a yanguya A-i-r-t-e-l-. M b o n a k i m y a na siku zinazidi kwenda...?,Attacked test (all words)
lr_char,test_structural_all,bongo_0697,1,0.144,0.5,Obfuscation missed,False,Habariza mdahuu. M-i-m-i m-w-e-n-y-e nyumbawako h-i-i n a m b a y a n g u ya airtel.Mbonak i m y a na siku zinazidi kwenda...?,Attacked test (all words)
lr_char,test_structural_all,bongo_0706,1,0.24,0.5,Obfuscation missed,False,Habariza siku. M i m i mwenyen y u m b a wako h i i n a m b a y a n g u ya VODACOM.Mbonak i m y a na siku zinazidi kwenda...?,Attacked test (all words)
lr_char,test_structural_all,bongo_0719,1,0.063,0.5,Obfuscation missed,False,H a b a r i za mchana. M i m i m-w-e-n-y-e nyumbawako h i i n a m b a yanguya H A L O T E L . M b o n a k i m y a na siku zinazidi kwenda...?,Attacked test (all words)
lr_char,test_structural_all,bongo_0724,1,0.161,0.5,Obfuscation missed,False,H a b a r i za m d a huu. M i m i mwenyen y u m b a wako h i i nambayanguya T i g o . M-b-o-n-a k-i-m-y-a na siku zinazidi kwenda...?,Attacked test (all words)
lr_char,test_structural_all,bongo_0749,1,0.14,0.5,Obfuscation missed,False,H a b a r i za muda. M-i-m-i m w e n y e n y u m b a wako hiin a m b a y-a-n-g-u ya HALOTEL.M b o n a k i m y a na siku zinazidi kwenda...?,Attacked test (all words)
lr_char,test_structural_all,bongo_0770,1,0.071,0.5,Obfuscation missed,False,H a b a r i za asubuhi. M i m i m w e n y e n y u m b a wako hiin a m b a y-a-n-g-u ya v o d a c o m . Mbonakimyana siku zinazidi kwenda...?,Attacked test (all words)
lr_char,test_structural_all,bongo_0778,1,0.073,0.5,Obfuscation missed,False,H a b a r i za muda. M i m i m w e n y e nyumbawako h i i n-a-m-b-a y a n g u ya V-o-d-a-c-o-m-. Mbonak-i-m-y-a na siku zinazidi kwenda...?,Attacked test (all words)
lr_char,test_structural_all,bongo_0806,1,0.042,0.5,Obfuscation missed,False,Habariza mdahuu. M-i-m-i m-w-e-n-y-e n-y-u-m-b-a wako h-i-i n a m b a y a n g u ya T-I-G-O-. M b o n a k i m y a na siku zinazidi kwenda...?,Attacked test (all words)
lr_char,test_structural_all,bongo_0855,1,0.115,0.5,Obfuscation missed,False,Habariza m d a huu. Mimim w e n y e nyumbawako h i i n-a-m-b-a y-a-n-g-u ya H-a-l-o-t-e-l-. M b o n a k i m y a na siku zinazidi kwenda...?,Attacked test (all words)
lr_char,test_structural_all,bongo_0917,1,0.051,0.5,Other scam missed,False,H a b a r i za asubuhi. M i m i m w e n y e n y u m b a wako h i i n-a-m-b-a yanguya Tigo.M b o n a k i m y a na siku z i n a z i d i kwenda...?,Attacked test (all words)
lr_char,test_structural_all,bongo_1012,1,0.052,0.5,Obfuscation missed,False,H-a-b-a-r-i za muda. M-i-m-i m-w-e-n-y-e n y u m b a wako h i i n a m b a y-a-n-g-u ya A i r t e l . M b o n a k i m y a na siku zinazidi kwenda...?,Attacked test (all words)
lr_char,test_structural_all,bongo_1022,1,0.03,0.5,Obfuscation missed,False,H a b a r i za mchana. M-i-m-i m-w-e-n-y-e n-y-u-m-b-a wako hiin a m b a y a n g u ya V o d a c o m . M-b-o-n-a k i m y a na siku zinazidi kwenda...?,Attacked test (all words)
lr_char,test_structural_all,bongo_1127,1,0.115,0.5,Obfuscation missed,False,Habari. M-i-m-i m w e n y e nyumbawako h i i n-a-m-b-a yanguya V O D A C O M . M b o n a k i m y a na siku zinazidi kwenda...?,Attacked test (all words)
lr_char,test_structural_all,bongo_1134,1,0.103,0.5,Obfuscation missed,False,H a b a r i za siku. Mimim-w-e-n-y-e n y u m b a wako h i i n-a-m-b-a y a n g u ya T-I-G-O-. M b o n a kimyana siku zinazidi kwenda...?,Attacked test (all words)
lr_char,test_structural_all,bongo_1185,1,0.037,0.5,Other scam missed,False,Habariza mchana. M i m i m-w-e-n-y-e n y u m b a wako hiin-a-m-b-a y a n g u ya voda.Mbonak-i-m-y-a na siku z i n a z i d i kwenda...?,Attacked test (all words)
lr_char,test_structural_all,bongo_1195,1,0.352,0.5,Obfuscation missed,False,Habariza mda huu. Mimim-w-e-n-y-e nyumbawako h i i nambayanguya vodacom.Mbonak i m y a na siku zinazidi kwenda...?,Attacked test (all words)
lr_char,test_structural_all,bongo_1204,1,0.049,0.5,Obfuscation missed,False,H-a-b-a-r-i za asubuhi. M i m i m w e n y e n y u m b a wako h-i-i n a m b a y-a-n-g-u ya a i r t e l . M b o n a kimyana siku zinazidi kwenda...?,Attacked test (all words)
lr_char,test_structural_all,bongo_1240,1,0.077,0.5,Other scam missed,False,H a b a r i za mchana. Mimim-w-e-n-y-e nyumbawako hiin a m b a y-a-n-g-u ya tigo.Mbonak-i-m-y-a na siku zinazidikwenda...?,Attacked test (all words)
lr_char,test_structural_all,bongo_1278,1,0.074,0.5,Obfuscation missed,False,Habariza muda. Mimim w e n y e n y u m b a wako h i i n-a-m-b-a y a n g u ya t-i-g-o-. M b o n a k i m y a na siku zinazidi kwenda...?,Attacked test (all words)
lr_char,test_structural_all,bongo_1327,1,0.028,0.5,Other scam missed,False,H-a-b-a-r-i za asubuhi. M-i-m-i m w e n y e n-y-u-m-b-a wako h-i-i n a m b a yanguya v-o-d-a-. M b o n a kimyana siku z i n a z i d i kwenda...?,Attacked test (all words)
lr_char,test_codeswitch_all,bongo_0055,1,0.35,0.5,Obfuscation missed,False,Habari za asubuhi. Mimi landlord wako hii number yangu ya Vodacom. Mbona kimya na siku zinazidi kwenda...?,Attacked test (all words)
lr_char,test_codeswitch_all,bongo_0112,1,0.445,0.5,Obfuscation missed,False,Habari za siku. Mimi landlord wako hii number yangu ya halotel. Mbona kimya na siku zinazidi kwenda...?,Attacked test (all words)
lr_char,test_codeswitch_all,bongo_0159,1,0.312,0.5,Obfuscation missed,False,Habari za asubuhi. Mimi landlord wako hii number yangu ya HALOTEL. Mbona kimya na siku zinazidi kwenda...?,Attacked test (all words)
lr_char,test_codeswitch_all,bongo_0173,1,0.485,0.5,Obfuscation missed,False,Habari. Mimi landlord wako hii number yangu ya HALOTEL. Mbona kimya na siku zinazidi kwenda...?,Attacked test (all words)
lr_char,test_codeswitch_all,bongo_0250,1,0.312,0.5,Obfuscation missed,False,Habari za asubuhi. Mimi landlord wako hii number yangu ya Halotel. Mbona kimya na siku zinazidi kwenda...?,Attacked test (all words)
lr_char,test_codeswitch_all,bongo_0255,1,0.22,0.5,Impersonation missed,False,Habari za mchana. Mimi landlord wako hii number yangu ya Tigo. Mbona kimya na siku zinazidi kwenda...?,Attacked test (all words)
lr_char,test_codeswitch_all,bongo_0265,1,0.385,0.5,Obfuscation missed,False,Habari. Mimi landlord wako hii number yangu ya tigo. Mbona kimya na siku zinazidi kwenda...?,Attacked test (all words)
lr_char,test_codeswitch_all,bongo_0356,1,0.445,0.5,Obfuscation missed,False,Habari za siku. Mimi landlord wako hii number yangu ya airtel. Mbona kimya na siku zinazidi kwenda...?,Attacked test (all words)
lr_char,test_codeswitch_all,bongo_0380,1,0.295,0.5,Obfuscation missed,False,Habari za mchana. Mimi landlord wako hii number yangu ya airtel. Mbona kimya na siku zinazidi kwenda...?,Attacked test (all words)
lr_char,test_codeswitch_all,bongo_0434,1,0.35,0.5,Obfuscation missed,False,Habari za asubuhi. Mimi landlord wako hii number yangu ya VODACOM. Mbona kimya na siku zinazidi kwenda...?,Attacked test (all words)
lr_char,test_codeswitch_all,bongo_0565,1,0.473,0.5,Obfuscation missed,False,Habari za mda huu. Mimi landlord wako hii number yangu ya Airtel. Mbona kimya na siku zinazidi kwenda...?,Attacked test (all words)
lr_char,test_codeswitch_all,bongo_0697,1,0.473,0.5,Obfuscation missed,False,Habari za mda huu. Mimi landlord wako hii number yangu ya airtel. Mbona kimya na siku zinazidi kwenda...?,Attacked test (all words)
lr_char,test_codeswitch_all,bongo_0706,1,0.488,0.5,Obfuscation missed,False,Habari za siku. Mimi landlord wako hii number yangu ya VODACOM. Mbona kimya na siku zinazidi kwenda...?,Attacked test (all words)
lr_char,test_codeswitch_all,bongo_0719,1,0.297,0.5,Obfuscation missed,False,Habari za mchana. Mimi landlord wako hii number yangu ya HALOTEL. Mbona kimya na siku zinazidi kwenda...?,Attacked test (all words)
lr_char,test_codeswitch_all,bongo_0724,1,0.38,0.5,Obfuscation missed,False,Habari za mda huu. Mimi landlord wako hii number yangu ya Tigo. Mbona kimya na siku zinazidi kwenda...?,Attacked test (all words)
lr_char,test_codeswitch_all,bongo_0749,1,0.412,0.5,Obfuscation missed,False,Habari za muda. Mimi landlord wako hii number yangu ya HALOTEL. Mbona kimya na siku zinazidi kwenda...?,Attacked test (all words)
lr_char,test_codeswitch_all,bongo_0770,1,0.35,0.5,Obfuscation missed,False,Habari za asubuhi. Mimi landlord wako hii number yangu ya vodacom. Mbona kimya na siku zinazidi kwenda...?,Attacked test (all words)
lr_char,test_codeswitch_all,bongo_0778,1,0.454,0.5,Obfuscation missed,False,Habari za muda. Mimi landlord wako hii number yangu ya Vodacom. Mbona kimya na siku zinazidi kwenda...?,Attacked test (all words)
lr_char,test_codeswitch_all,bongo_0806,1,0.38,0.5,Obfuscation missed,False,Habari za mda huu. Mimi landlord wako hii number yangu ya TIGO. Mbona kimya na siku zinazidi kwenda...?,Attacked test (all words)
lr_char,test_codeswitch_all,bongo_0855,1,0.472,0.5,Obfuscation missed,False,Habari za mda huu. Mimi landlord wako hii number yangu ya Halotel. Mbona kimya na siku zinazidi kwenda...?,Attacked test (all words)
lr_char,test_codeswitch_all,bongo_0917,1,0.234,0.5,Impersonation missed,False,Habari za asubuhi. Mimi landlord wako hii number yangu ya Tigo. Mbona kimya na siku zinazidi kwenda...?,Attacked test (all words)
lr_char,test_codeswitch_all,bongo_1012,1,0.411,0.5,Obfuscation missed,False,Habari za muda. Mimi landlord wako hii number yangu ya Airtel. Mbona kimya na siku zinazidi kwenda...?,Attacked test (all words)
lr_char,test_codeswitch_all,bongo_1022,1,0.333,0.5,Obfuscation missed,False,Habari za mchana. Mimi landlord wako hii number yangu ya Vodacom. Mbona kimya na siku zinazidi kwenda...?,Attacked test (all words)
lr_char,test_codeswitch_all,bongo_1134,1,0.352,0.5,Obfuscation missed,False,Habari za siku. Mimi landlord wako hii number yangu ya TIGO. Mbona kimya na siku zinazidi kwenda...?,Attacked test (all words)
lr_char,test_codeswitch_all,bongo_1185,1,0.198,0.5,Impersonation missed,False,Habari za mchana. Mimi landlord wako hii number yangu ya voda. Mbona kimya na siku zinazidi kwenda...?,Attacked test (all words)
lr_char,test_codeswitch_all,bongo_1204,1,0.309,0.5,Obfuscation missed,False,Habari za asubuhi. Mimi landlord wako hii number yangu ya airtel. Mbona kimya na siku zinazidi kwenda...?,Attacked test (all words)
lr_char,test_codeswitch_all,bongo_1240,1,0.22,0.5,Impersonation missed,False,Habari za mchana. Mimi landlord wako hii number yangu ya tigo. Mbona kimya na siku zinazidi kwenda...?,Attacked test (all words)
lr_char,test_codeswitch_all,bongo_1278,1,0.32,0.5,Obfuscation missed,False,Habari za muda. Mimi landlord wako hii number yangu ya tigo. Mbona kimya na siku zinazidi kwenda...?,Attacked test (all words)
lr_char,test_codeswitch_all,bongo_1327,1,0.208,0.5,Impersonation missed,False,Habari za asubuhi. Mimi landlord wako hii number yangu ya voda. Mbona kimya na siku zinazidi kwenda...?,Attacked test (all words)
bilstm_finetuned,test,bongo_0173,1,0.258,0.5,Impersonation missed,False,Habari. Mimi mwenye nyumba wako hii namba yangu ya HALOTEL. Mbona kimya na siku zinazidi kwenda...?,Swahili test
bilstm_finetuned,test,bongo_0265,1,0.274,0.5,Impersonation missed,False,Habari. Mimi mwenye nyumba wako hii namba yangu ya tigo. Mbona kimya na siku zinazidi kwenda...?,Swahili test
bilstm_finetuned,test,bongo_1127,1,0.245,0.5,Impersonation missed,False,Habari. Mimi mwenye nyumba wako hii namba yangu ya VODACOM. Mbona kimya na siku zinazidi kwenda...?,Swahili test
bilstm_finetuned,test,bongo_1262,0,0.801,0.5,Genuine text flagged,False,Nakuelewa kaka mwaka juzi nilipata vimawe kwenye urethra but God is awesome nilirecover tuwe tunakunywa sana maji wapendwa na tusibanie mkojo,Swahili test
bilstm_finetuned,chichewa,chi_0002,0,0.882,0.5,Genuine text flagged,False,Unduna wa umoyo ukupempha makolo kuti akabayitse ana awo katemela wa polio m'madela awo kuti akhale akhale otetezeka ku nthendayi.,Chichewa
bilstm_finetuned,chichewa,chi_0003,0,1.0,0.5,Service-like text flagged,False,Balansi <AMOUNT> ; PaNet MoFaya Weekly 2.60GB itha pa 07-11-2023; Timasuke SMS <AMOUNT> :98 itha pa 02-11-2023; Download My Airtel App here <URL> to view all balances.,Chichewa
bilstm_finetuned,chichewa,chi_0006,0,0.732,0.5,Service-like text flagged,False,"Okondedwa akasitomala, balansi yanu yatsala <AMOUNT> ; chezani voice bundle 20MB itha pa 20-06-2023.",Chichewa
bilstm_finetuned,chichewa,chi_0010,0,0.998,0.5,Genuine text flagged,False,Bandulo yanu inatha masiku asanu apitawo. Gulani ina. Sangalalani ndima bandulo otchipa komaso netiweki yachangu yokhayo ya Airtel.,Chichewa
bilstm_finetuned,chichewa,chi_0011,0,0.557,0.5,Genuine text flagged,False,aza umoyo akupitilira kupeleka katemela wa polio kwa ana osaposela zaka zisanu m'madela anu. chonde kawabayitseni.,Chichewa
bilstm_finetuned,chichewa,chi_0015,0,0.915,0.5,Service-like text flagged,False,bungwe la dodma likupempha anthu akufuna kwabwino kuti athandize ndi ndalama zoti zithe kuthandiza anthu okhudzidwa ndi kusefukila kwa madzi.,Chichewa
bilstm_finetuned,chichewa,chi_0016,0,0.916,0.5,Service-like text flagged,False,bungwe la dodma lati anthu akufuna kwabwino athandize bungweli ndi ndalama zoti zithe kuthandiza anthu okhudzidwa ndi kusefukila kwa madzi.,Chichewa
bilstm_finetuned,chichewa,chi_0020,0,0.932,0.5,Service-like text flagged,False,bungwe la dodma likumema anthu akufuna kwabwino kuti athandize bungweli ndi ndalama zoti zithe kuthandiza anthu okhudzidwa ndi kusefukila kwa madzi.,Chichewa
bilstm_finetuned,chichewa,chi_0025,0,1.0,0.5,Service-like text flagged,False,Yankhani mafunso a TNM Supa Ligi kuti mpeze mwayi okhala m'modzi mwa anthu 4 opata <AMOUNT> sabata iliyonse. Tumiza QN ku 451. Mtengo ndi <AMOUNT> .,Chichewa
bilstm_finetuned,chichewa,chi_0026,0,0.911,0.5,Service-like text flagged,False,Okondedwa akasitomala. Mwalandila 103 mtolo minutes woyimbila manambala a TNM okha. Isiya kugwira ntchito pa 14/06/2023,Chichewa
bilstm_finetuned,chichewa,chi_0037,0,1.0,0.5,Service-like text flagged,False,"Okondedwa akasitomala, mwatsala ndi <AMOUNT> . Imbani *533# kuti mubwereke mayunitsi ndi KUTAPA. Sangalalani ndi macheza osatha ndi network ya Airtel.",Chichewa
bilstm_finetuned,chichewa,chi_0038,0,1.0,0.5,Service-like text flagged,False,"Mwagula Chezani <AMOUNT> ya sabata imodzi, 100 Mins itha pa <PHONE> :50:55 hrs. Imbani *137# kuti muone balansi yanu kapena pangani pezani My Airtel App ku <URL>",Chichewa
bilstm_finetuned,chichewa,chi_0039,0,0.995,0.5,Genuine text flagged,False,Bandulo yanu inatha masiku atatu apitawo. Gulani ina. Sangalalani ndima bandulo otchipa komaso netiweki yachangu yokhayo ya Airtel.,Chichewa
bilstm_finetuned,chichewa,chi_0044,0,1.0,0.5,Service-like text flagged,False,"Chepetsani nthawi ndi ndalama! Lipilani ndalama zamayeso za PSLCE, JCE and MSCE mosavuta pogwiritsa ntchito Airtel Money. Imbani *919# kenako lowetsani nambala ya inivoyisi yanu. Ndizophweka!",Chichewa
bilstm_finetuned,chichewa,chi_0048,0,0.915,0.5,Service-like text flagged,False,"Za mawa sizidziwika, gulani Limodzi inshuwalansi ya chipatala kapena Ngozi kuti mudzapeze podalira mukagonekedwa mchipatala kapena mukachita Ngozi. Imbani *211# sankhani 5 kenako 3 kuti mulowe nawo.",Chichewa
bilstm_finetuned,chichewa,chi_0049,0,1.0,0.5,Service-like text flagged,False,Mwagula Chezani PaNet MoFaya 3GB itha pa <PHONE> :10:02 hrs. Imbani *137# kuti muone balansi yanu kapena pangani pezani My Airtel App ku <URL>,Chichewa
bilstm_finetuned,chichewa,chi_0050,0,1.0,0.5,Genuine text flagged,False,"Zosafunanso mayunitsi, mutha ku flasha anzanu ndi achibale kuma netiweki onse mwaulere muno M'Malawi ndipo adzalandila uthenga oti akuimbireni",Chichewa
bilstm_finetuned,chichewa,chi_0051,1,0.14,0.5,Chichewa fraud missed,False,tutolela ndalama zothandizila anthu okhudzidwa ndi kusefukila kwa madzi,Chichewa
bilstm_finetuned,chichewa,chi_0059,0,1.0,0.5,Service-like text flagged,False,Airtel Money mogwirizana ndi OLD mutual yakubweretserani Phuka Digital Savings. Njira yodalirika yosungira ndalama zanu kudzera pa Airtel Money. Lembetsani lero ndi ndalama yosachepera <AMOUNT> poimba *211# sankhani 5 kenako 2.,Chichewa
bilstm_finetuned,chichewa,chi_0075,0,0.945,0.5,Service-like text flagged,False,bungwe la dodma likumema anthu akufuna kwabwino kuti athandize bungweli ndi ndalama zoti zithe kuthandiza anthu okhudzidwa ndi namondwe.,Chichewa
bilstm_finetuned,chichewa,chi_0076,0,0.905,0.5,Service-like text flagged,False,bungwe la dodma likumema anthu akufuna kwabwino kuti athandize bungweli ndi ndalama zoti zithe kuthandiza anthu okhudzidwa ndi namondwe wa fulede.,Chichewa
bilstm_finetuned,chichewa,chi_0077,0,0.913,0.5,Service-like text flagged,False,bungwe la dodma likumema anthu akufuna kwabwino kuti athandize bungweli ndi ndalama zoti zithe kuthandiza anthu okhudzidwa ndi namondwe wa freddy.,Chichewa
bilstm_finetuned,chichewa,chi_0084,0,0.87,0.5,Genuine text flagged,False,bungwe la dodma lamemeza anthu akufuna kwabwino kuti athandize bungweli ndi zomwe angakwanitse zoti zithe kuthandiza anthu okhudzidwa ndi namondwe wa freddy.,Chichewa
bilstm_finetuned,chichewa,chi_0087,0,1.0,0.5,Genuine text flagged,False,dodma ikumemeza anthu akufuna kwabwino kuti athandize bungweli ndi zomwe angakwanitse zoti zithe kuthandiza anthu okhudzidwa ndi namondwe wa freddy.,Chichewa
bilstm_finetuned,chichewa,chi_0088,0,1.0,0.5,Genuine text flagged,False,ma bungwe osiyana siyana akumpha mayiko olemela kuti athandize dziko lino ndi zomwe angakwanitse zoti zithe kuthandiza anthu okhudzidwa ndi namondwe wa freddy.,Chichewa
bilstm_finetuned,chichewa,chi_0089,0,1.0,0.5,Genuine text flagged,False,ma bungwe osiyana siyana akupempha mayiko olemela kuti athandize dziko lino ndi zomwe angakwanitse zoti zithe kuthandiza anthu okhudzidwa ndi kusefukila kwa madzi.,Chichewa
bilstm_finetuned,chichewa,chi_0090,1,0.048,0.5,Chichewa fraud missed,False,mwapata mphoto ku Tecno phones. tiyimbileni kuti mudziwe katengedwe kake,Chichewa
bilstm_finetuned,chichewa,chi_0092,0,1.0,0.5,Service-like text flagged,False,ma bungwe mdziko lino akupempha mayiko olemela kuti athandize dziko lino ndi ndalama zoti zithe kuthandiza anthu okhudzidwa ndi kusefukila kwa madzi.,Chichewa
bilstm_finetuned,chichewa,chi_0093,0,1.0,0.5,Genuine text flagged,False,ma bungwe mdziko lino akupempha mayiko olemela kuti athandize dziko lino ndi katundu osiyana siyana yemwe athe kuthandiza anthu okhudzidwa ndi kusefukila kwa madzi.,Chichewa
bilstm_finetuned,chichewa,chi_0097,0,0.896,0.5,Genuine text flagged,False,dziwani za AIRTEL ZiliMwaife. khalani otsogola ku dela lanu posankha chitukuko chomwe mukufuna.,Chichewa
bilstm_finetuned,chichewa,chi_0102,0,0.976,0.5,Genuine text flagged,False,ma bungwe mdziko lino akupempha mayiko olemela kuti athandize dziko lino .,Chichewa
bilstm_finetuned,chichewa,chi_0103,0,1.0,0.5,Genuine text flagged,False,ma bungwe mdziko lino amemeza mayiko olemela kuti athandize dziko lino ndi katundu osiyana siyana yemwe athe kuthandiza anthu omwe akhudzidwa ndi kusefukila kwa madzi.,Chichewa
bilstm_finetuned,chichewa,chi_0104,0,0.999,0.5,Genuine text flagged,False,mtsogoleli wadziko lino wapempha onse akufuna kwabwino kuti athandize omwe asautsika ndi madzi osefukila.,Chichewa
bilstm_finetuned,chichewa,chi_0105,1,0.02,0.5,Chichewa fraud missed,False,"ndine wa police, kuti mulowe mosavuta imbani foni",Chichewa
bilstm_finetuned,chichewa,chi_0108,0,1.0,0.5,Genuine text flagged,False,mtsogoleli wadziko lino wapempha anthu akufuna kwabwino kuti athandize omwe asautsika ndi madzi osefukila.,Chichewa
bilstm_finetuned,chichewa,chi_0109,0,1.0,0.5,Service-like text flagged,False,bungwe lothandiza anthu pa ngozi zogwa mwadzidzidzi la dodma likupempha boma kuti alipatse ndalama zokwanila kuti lifikile anthu okhudzidwa ndi namondwe wa freddy.,Chichewa
bilstm_finetuned,chichewa,chi_0110,0,1.0,0.5,Service-like text flagged,False,akulu akulu akubungwe la dodma akukumana kuti akambilane momwe angapezele ndalama zothandizila anthu omwe akhudzidwa ndi madzi osefukila mdziko muno.,Chichewa
bilstm_finetuned,chichewa,chi_0118,1,0.221,0.5,Chichewa fraud missed,False,Ine transpoter kuchokela ku joni ndatenga katundu wa m’bale wanu ndili pa border ya Dedza.kuti tithe kulumikizana imbileni foni,Chichewa
bilstm_finetuned,chichewa,chi_0119,1,0.173,0.5,Chichewa fraud missed,False,Ndine transpoter kuchokela ku South Africa ndili ndi katundu wa m’bale wanu,Chichewa
bilstm_finetuned,chichewa,chi_0124,1,0.001,0.5,Chichewa fraud missed,False,Ndine transpoter ndatengako katundu wa mzanu panopa ndafika pa border ya Dedza kuti tilumikizane imbani foni ku nambala yomweyi,Chichewa
bilstm_finetuned,chichewa,chi_0131,0,1.0,0.5,Genuine text flagged,False,bungwe la ma driver mdziko lino likuchenjeza za akambelembele omwe akunamiza anthu kuti iwo ndi ma transporter ndi anenetsa kuti opezeka malawi agwira ntchito.,Chichewa
bilstm_finetuned,chichewa,chi_0133,0,0.901,0.5,Service-like text flagged,False,Ase ndakutumizila ndalama yokwana <AMOUNT> kuti ukhonzetset njingayo mawa ubwelele ku business.,Chichewa
bilstm_finetuned,chichewa,chi_0135,0,0.963,0.5,Service-like text flagged,False,braz tatibwelekeni ndalama titumize katundu kwa customer ku Mzuzu tibweza zikayenda. Mutumize ndalamayo ku number yathuyi.,Chichewa
bilstm_finetuned,chichewa,chi_0143,0,1.0,0.5,Service-like text flagged,False,ndine Alinafe ndimati mkudziwitseni kut ndalama yomwe munatumiza ya transport ija sikukwanila chonde onjezelani ina. Mutumize ku nambala ya airtel.,Chichewa
bilstm_finetuned,chichewa,chi_0145,0,1.0,0.5,Service-like text flagged,False,ndine James ndati ndikudziwitseni kuti ndalama ya transport ikufunika kuti ndikwele bus kuchokela ku Wenela kukafika ku Mandala. yomwe inalipo singakwane.,Chichewa
bilstm_finetuned,chichewa,chi_0151,1,0.005,0.5,Chichewa fraud missed,False,Ndine agent wa Airtel money. ndatumiza ndalama ku nambala yanu mwangozi chonde bwezani.,Chichewa
bilstm_finetuned,chichewa,chi_0158,0,1.0,0.5,Service-like text flagged,False,Balansi <AMOUNT> ; PaNet MoFaya Weekly 2.67GB itha pa 06-11-2023; Chezani Weekly 1200: 99min itha pa 06-11-2023; Download My Airtel App here <URL> to view all balances.,Chichewa
bilstm_finetuned,chichewa,chi_0187,1,0.004,0.5,Chichewa fraud missed,False,ngati mwatopa ndi umphawi joinani mpingo wathu wa satanic mulemela,Chichewa
bilstm_finetuned,chichewa,chi_0191,1,0.044,0.5,Chichewa fraud missed,True,MIRACLE MONEY pangani joyini satanic kuti mukhala khumutcha kudela kwanuko. musachedwe imbani ku number yomweyi,Chichewa
bilstm_finetuned,chichewa,chi_0198,1,0.0,0.5,Chichewa fraud missed,True,MIRACLE MONEY joyinani mpingo wathu wa satanic ndipo mulemela mwa changu. Kuti mujoine imbani pa nambala iyi.,Chichewa
bilstm_finetuned,chichewa,chi_0199,1,0.318,0.5,Chichewa fraud missed,False,"SOUTH AFRICA:Mundiyimbile ndili mu bus, ndanyamula katundu wa m'bale wanu kuchokela ku South Africa",Chichewa
bilstm_finetuned,chichewa,chi_0202,1,0.459,0.5,Chichewa fraud missed,True,MIRACLE MONEY(Satanims). kuti mujowin satanic tiyimbileni foni amzanu akulemela. Musachedwe imbani foni ku <PHONE> .,Chichewa
bilstm_finetuned,chichewa,chi_0205,0,0.99,0.5,Genuine text flagged,False,mubwele koma osalephela man nthawi sikutilola we have missed alot of days without discussions.,Chichewa
bilstm_finetuned,chichewa,chi_0209,1,0.025,0.5,Chichewa fraud missed,True,MIRACLE MONEY mpingo wathu ukulemeletsa anthu ndipo joyinani kuti mulemele poyimba 4n.,Chichewa
bilstm_finetuned,chichewa,chi_0215,0,0.563,0.5,Genuine text flagged,False,chonde mudzandichangamile mu Wenela bus depot ndanyamula katundu wochuluka kwambiri.,Chichewa
bilstm_finetuned,chichewa,chi_0220,0,0.898,0.5,Genuine text flagged,False,Unduna wa za umoyo ukudziwitsa anthu onse kuti kwadza mulili wa kolela ndipo samalani posamba mmanja nthawi zonse ndi soap.,Chichewa
bilstm_finetuned,chichewa,chi_0232,0,0.936,0.5,Genuine text flagged,False,ok bwana ndakumvani koma number yanu simagwira ndikayimba,Chichewa
bilstm_finetuned,chichewa,chi_0251,0,0.569,0.5,Genuine text flagged,False,ok ok tiona kuti titani week yamawa,Chichewa
bilstm_finetuned,chichewa,chi_0263,0,0.519,0.5,Genuine text flagged,False,"mawu oyamba akuchokela mu bukhu lopatulika la mlaliki luka 21:48 ndipo akuti ""ndipo Ambuye wathu atapachikidwa pa mtanda, anthu onse anabwelela mmakwawo.",Chichewa
bilstm_finetuned,chichewa,chi_0265,0,0.997,0.5,Genuine text flagged,False,bungwe la evangelico association of malawi likumemani nonse ku chinsokhano chapa chaka ku area 47 mu mzinda wa Lilongwe.,Chichewa
bilstm_finetuned,chichewa,chi_0270,0,0.663,0.5,Service-like text flagged,False,Ndine Chifuniro ndimati ndibwele ku tawuniko mkasake ganyu koma ndalama ya transport ndilibe mundithandizeko.,Chichewa
bilstm_finetuned,chichewa,chi_0287,0,0.999,0.5,Service-like text flagged,False,Okondedwa akasitomala dziwani kuti nambala yanu ya chinsisi ikhale posamalika nthawi zonse ndipo musauze aliyense nambala yanu ya chinsinsi.,Chichewa
bilstm_finetuned,chichewa,chi_0288,0,0.697,0.5,Genuine text flagged,False,Bungwe lothana ndi katangale likumema aMalawi tonse kuti tizikanena za zakatangale za mtundu uliwonse.,Chichewa
bilstm_finetuned,chichewa,chi_0293,0,0.931,0.5,Genuine text flagged,False,patani 200MB ya ULERE ya sabata imodzi mukapanga dauinilodi My Airtel App. Dziwani ndondomeko yonse pa tsambala ili <URL>,Chichewa
bilstm_finetuned,chichewa,chi_0294,0,1.0,0.5,Genuine text flagged,False,Dziwani kuti ma bandulo onse a Airtel amene tili nao pa My Airtel App. Patani 200MB ya Ulere yasabata imodzi mukapamga daunilodi apa <URL>,Chichewa
bilstm_finetuned,chichewa,chi_0297,0,1.0,0.5,Genuine text flagged,False,Imbani 460 mwa ulele kuti muvotele nkhani yokusangalatsani mu zilimwaife top 5. Muli mwayi oimba ndikuponya voti katatu mpaka pa 4 June 2023.,Chichewa
bilstm_finetuned,chichewa,chi_0298,0,0.91,0.5,Genuine text flagged,False,"katemela wa tayifodi, poliyo, chikuku, ndi lubela ndi vitamini A akupelekedwabe mzipatala zonse pa 21 May kwa ana onse a zaka 14 kutsika musi mdziko muno.",Chichewa
bilstm_finetuned,chichewa,chi_0299,0,0.828,0.5,Genuine text flagged,False,"A zaumoyo apereka katemela wa tayifodi, Poliyo, chikuku ndi lubela ndi vitamini A kwa ana obadwa kumene mpaka azaka 14 pa 15 mpaka 21 May mzipatala zonse.",Chichewa
bilstm_finetuned,chichewa,chi_0301,1,0.34,0.5,Chichewa fraud missed,False,okondedwa akasitomala. Dziwani kuti nambala yanu ya chinsisi ibulokedwa pakadutsa 24 hours choncho sinthani nambala yanu ya chinsisi potsitila ndondomeko izi.,Chichewa
bilstm_finetuned,chichewa,chi_0303,0,1.0,0.5,Service-like text flagged,False,Balansi <AMOUNT> ; Kutapa <AMOUNT> ; PaNet MoFaya 100MB itha pa 01-04-2023; Download My Airtel App here <URL> to view all balances.,Chichewa
bilstm_finetuned,chichewa,chi_0304,0,1.0,0.5,Service-like text flagged,False,Balansi <AMOUNT> ; Kutapa <AMOUNT> ; PaNet MoFaya 100MB itha pa 01-04-2023; Chezani Daily 100 2.20min itha pa 08-08-2023; Timasuke Daily <AMOUNT> balansi 190 itha pa 09-02-2023; Download My Airtel App here <URL> to view all balances.,Chichewa
bilstm_finetuned,chichewa,chi_0305,0,1.0,0.5,Service-like text flagged,False,Balansi <AMOUNT> ; Kutapa <AMOUNT> ; PaNet MoFaya 10KB itha pa 08-04-2023; Chezani Daily 240 0.20min itha pa 08-08-2023; Timasuke Daily <AMOUNT> balansi 190 itha pa 09-02-2023; Download My Airtel App here <URL> to view all balances.,Chichewa
bilstm_finetuned,chichewa,chi_0306,0,1.0,0.5,Service-like text flagged,False,Balance <AMOUNT> ; Kutapa <AMOUNT> ; Chezani Daily 240 0.20min itha pa 08-08-2023; Timasuke Daily <AMOUNT> balansi 190 itha pa 09-02-2023; Download My Airtel App here <URL> to view all balances.,Chichewa
bilstm_finetuned,chichewa,chi_0311,0,0.865,0.5,Service-like text flagged,False,"okondedwa akasitomala, tikupepesa kamba kavuto la kusakhazikika kwa intaneti lomwe tinali nalo mdera lanu pa 03/09/2023. Vutoli tsopano lakonzedwa.",Chichewa
bilstm_finetuned,chichewa,chi_0312,0,1.0,0.5,Service-like text flagged,False,"okondedwa akasitomala, mwatsala ndi <AMOUNT> . Imbani *533# kuti mubweleke maunitsi ndi KUTAPA. Sangalalani ndi macheza osatha ndi network ya Airtel",Chichewa
bilstm_finetuned,chichewa,chi_0313,0,1.0,0.5,Service-like text flagged,False,Balansi <AMOUNT> ; Kutapa <AMOUNT> ; PaNet WhatsApp Bundle 9MB itha pa 02-06-2023; Download My Airtel App here <URL> to view all balances.,Chichewa
bilstm_finetuned,chichewa,chi_0315,1,0.24,0.5,Chichewa fraud missed,False,TNM MPAMBA: akawunti yanu ya Mpamba yatsekedwa. imbani pa <PHONE> kuti itsegulidweso.,Chichewa
bilstm_finetuned,chichewa,chi_0316,0,1.0,0.5,Service-like text flagged,False,Balansi <AMOUNT> ; Kutapa <AMOUNT> ; PaNet WhatsApp Bundle 9MB itha pa 02-06-2023; Timasuke Daily <AMOUNT> balansi 76 itha pa 02-07-2023; Download My Airtel App here <URL> to view all balances.,Chichewa
bilstm_finetuned,chichewa,chi_0321,1,0.357,0.5,Chichewa fraud missed,False,Goshen City ikukuyitanani kumapemphero apadela. imbani ku <PHONE> kuti mulembetse,Chichewa
bilstm_finetuned,chichewa,chi_0322,0,0.905,0.5,Service-like text flagged,False,Ngozi siyipanganika. Gulani Limodzi inshuwalansiya <AMOUNT> pa mwezi kuti musadzasowe mtengo ogwira polandira ndalama yofika <AMOUNT> . Imbani *200# sankhani 5 kenako 3.,Chichewa
bilstm_finetuned,chichewa,chi_0323,0,1.0,0.5,Genuine text flagged,False,"Airtel Top8 yafikaso! BLUE EAGLES vs MIGHTY MUKURU WANDERERS pa KAMUZU lelo pa 11 Dec, 2:30PM, Anthu 300 Oyambilira kulowa alandila Ma T-shirt aTop8. #ZaMadolo!",Chichewa
bilstm_finetuned,chichewa,chi_0324,0,0.962,0.5,Genuine text flagged,False,"Airtel Top8 yafikaso! DEDZA DYNAMOS vs MIGHTY MUKURU WANDERERS pa KAMUZU lelo pa 11 Dec, 2:30PM, Anthu 300 Oyambilira kulowa alandila Ma T-shirt aTop8. #ZaMadolo!",Chichewa
bilstm_finetuned,chichewa,chi_0325,0,1.0,0.5,Genuine text flagged,False,U-REPORT: kuti mulowe U-Report tumizani mau okuti JOIN ku nambala iyi 1177 ndi kuyankha mafunso otsatira. U-Report ndi yaulele sikudyerani ma units.,Chichewa
bilstm_finetuned,chichewa,chi_0328,0,0.887,0.5,Service-like text flagged,False,Tetezani geni yanu pamenen mwagonekedwa mchipatala kwa masiku osachepera awiri. Gulani Limodzi inshuwalansi ya <AMOUNT> pa mwezi kuti mudzipatsidwa <AMOUNT> mumasiku amene mwagona mchipatala. Imbani *211# sankhani 5 kenako 3.,Chichewa
bilstm_finetuned,chichewa,chi_0329,0,1.0,0.5,Service-like text flagged,False,"Mwagula timasuke daily <AMOUNT> , ma SMS 100 ogwiritsa ntchito mpaka <PHONE> :59:20. Imbani *137# kuti muone.",Chichewa
bilstm_finetuned,chichewa,chi_0330,0,0.973,0.5,Service-like text flagged,False,"Akasitomala, kumbukilani kuti Airtel imagwiritsa ntchito nambala ya + <AMOUNT> pofuna kulumikizana ndi makasitoma ake. chenjelani ndi okuba.",Chichewa
bilstm_finetuned,chichewa,chi_0348,0,0.813,0.5,Genuine text flagged,False,Boma kudzela mu unduna wa za umoyo ukupeleka katemela wa chikuku ndi poliyo kwa ana osaposela zaka zisanu kumadela anu. Mukupemphedwa kuti mukawabayitse ana anu.,Chichewa
bilstm_finetuned,chichewa,chi_0349,0,1.0,0.5,Genuine text flagged,False,Ngati mukumva zizindikilo za covid19 musachedwe kaonaneni ndi aza umoyo mukayezetse kuti mudziwe ngati muli ndi kachilomboka kapena ayi.,Chichewa
bilstm_finetuned,chichewa,chi_0351,1,0.405,0.5,Chichewa fraud missed,False,MINISTRY OF AGRICULTURE: kuti mugule feteleza osakhala nawo pa mzere imbani. tiyimbileni foni pa nambala iyi <PHONE> . Tifunako chiphaso cha umzika.,Chichewa
bilstm_finetuned,chichewa,chi_0363,1,0.001,0.5,Chichewa fraud missed,False,Unduna wa za ulimi ukulembetsa mayina aanthu kuti apindule nawo ndi ndondomeko ya AIP. zisakuphonyeni poyimba ku <PHONE>,Chichewa
bilstm_finetuned,chichewa,chi_0367,1,0.324,0.5,Chichewa fraud missed,True,ndife ogwira ku UNICEF tikupeleka thandizo kwa ana omwe akhudzidwa ndi namondwe wa fulede. lembetsani poyimba <PHONE>,Chichewa
bilstm_finetuned,chichewa,chi_0399,0,0.89,0.5,Genuine text flagged,False,ngati mukuvutika kupuma kayezetseni covid19 kuchipatala chomwe muli nacho pafupi,Chichewa
bilstm_finetuned,chichewa,chi_0411,1,0.431,0.5,Chichewa fraud missed,False,"PREMIERBET: mwapata ndalama pa mpikisano wa premier loto, imbani foni ku <PHONE> kuti mutenge.",Chichewa
bilstm_finetuned,chichewa,chi_0412,1,0.222,0.5,Chichewa fraud missed,False,"PREMIERBET: nambala yanu yawina mpikisano wa premierloto, imbani foni kuti mulandile.",Chichewa
bilstm_finetuned,chichewa,chi_0413,1,0.401,0.5,Chichewa fraud missed,False,"PREMIERBET: mwachita mwayi opata ndalama mu mpikisano wa Loto, tiyimbileni foni kuti mudziwe katengedwe kakwe",Chichewa
bilstm_finetuned,chichewa,chi_0420,1,0.102,0.5,Chichewa fraud missed,False,"ndine agent ndapatsidwa ndalama kuti ndikutumizileni, ngati muli inu ndiyimbileni foni",Chichewa
bilstm_finetuned,chichewa,chi_0427,1,0.324,0.5,Chichewa fraud missed,False,ndine agent ndatumiza molakwika ndalama ku nambala yanu chonde bwezani.,Chichewa
bilstm_finetuned,chichewa,chi_0429,0,1.0,0.5,Service-like text flagged,False,DODMA:bungwe la dodma likupempha anthu akufuna kwabwino kuti athandize ndi ndalama zoti zithe kuthandiza anthu okhudzidwa ndi kusefukila ndi madzi.,Chichewa
bilstm_finetuned,chichewa,chi_0430,0,1.0,0.5,Service-like text flagged,False,DODMA:bungwe lothandiza anthu pa ngozi zogwa mwadzidzidzi la dodma likupempha boma kuti alipatse ndalama zokwanila kuti lifikile anthu okhudzidwa ndi namondwe wa freddy.,Chichewa
bilstm_finetuned,chichewa,chi_0431,0,1.0,0.5,Service-like text flagged,False,DODMA:akulu akulu akubungwe la dodma akukumana kuti akambilane momwe angapezele ndalama zothandizila anthu omwe akhudzidwa ndi madzi osefukila mdziko muno.,Chichewa
bilstm_finetuned,chichewa,chi_0451,0,0.774,0.5,Genuine text flagged,False,chonde mudzandichingamile mu Wenela bus depot ndanyamula katundu wochuluka kwambiri.,Chichewa
bilstm_finetuned,chichewa,chi_0459,0,0.83,0.5,Genuine text flagged,False,"mawu oyamba akuchokela mu bukhu lopatulika la mlaliki luka 21:48 ndipo akuti ""ndipo Ambuye wathu atapachikidwa pa mtanda, anthu onse onse anabwelela mmakwawo.",Chichewa
bilstm_finetuned,chichewa,chi_0463,0,0.66,0.5,Genuine text flagged,False,Bwelani ku Maranartha Herbal Healing kuti muzagule mankhwala amatenda osiyanasiyana.,Chichewa
bilstm_finetuned,chichewa,chi_0466,0,0.999,0.5,Service-like text flagged,False,Ndi mpamba mutha kulipila ma bilu anu amagetsi kwanu konko,Chichewa
bilstm_finetuned,chichewa,chi_0469,0,0.934,0.5,Service-like text flagged,False,Ngozi siyipanganika. Gulani limozi inshulansi ya <AMOUNT> pa mwezi kuti musazasowe mtengo ogwira polandira ndalama yofika <AMOUNT> .,Chichewa
bilstm_finetuned,chichewa,chi_0470,0,1.0,0.5,Service-like text flagged,False,A Blantyre Waterboard akuziwisa akasitomala awo kuti akhala akukonza makina awo mawa kuyamba nthawi ya 7:00 mpaka 10:00 okoloko mamawa,Chichewa
bilstm_finetuned,chichewa,chi_0473,0,0.963,0.5,Genuine text flagged,False,Mutha kulandila mawu achilimbikiso ku Nkhoma Synod pogwirisa ntchito foni yanu ya m'manja.,Chichewa
bilstm_finetuned,chichewa,chi_0476,1,0.25,0.5,Chichewa fraud missed,False,"MUTUKULA PA KHOMO:Mwasankhidwa kulandila nawo ndalama za mutukula pakhomo, tiyimbileni kuti muziwe zambiri",Chichewa
bilstm_finetuned,chichewa,chi_0479,0,0.636,0.5,Service-like text flagged,False,Lipilani ma bilu anu amadzi kuzela ku airtel money.,Chichewa
bilstm_finetuned,chichewa,chi_0480,0,0.923,0.5,Service-like text flagged,False,Lilongwe Water Board yikuziwisa akasitomala awo kuti kukhala vuto la madzi pa June 6 .,Chichewa
bilstm_finetuned,chichewa,chi_0483,0,1.0,0.5,Genuine text flagged,False,Mwalandila bonus yo kwana 5 minutes woyimbila ma nambala airtel okhaokha,Chichewa
bilstm_finetuned,chichewa,chi_0485,0,0.989,0.5,Service-like text flagged,False,"Okondedwa akasitomala, mwatsala ndi <AMOUNT> . Imbani *533* kuti mubwereke mayunutsi ndi KUTAPA.",Chichewa
bilstm_finetuned,chichewa,chi_0489,0,0.977,0.5,Service-like text flagged,False,mwalandila ndalama kuchokela kwa <AMOUNT> -Eldah Banda on 08/06/2023 15:49:57. Amt: <AMOUNT>,Chichewa
bilstm_finetuned,chichewa,chi_0490,0,1.0,0.5,Service-like text flagged,False,Trans ID: C <PHONE> .D98854: mwalandila <AMOUNT> kuchokela kwa Jane Andrew,Chichewa
bilstm_finetuned,chichewa,chi_0491,1,0.387,0.5,Chichewa fraud missed,True,"DODMA:Ndine wogwila ntchito ku DODMA, mwasagwidwa kulandila nawo ndalama za cylone fredy. Tiyimbileni kuti muziwe zambiri",Chichewa
bilstm_finetuned,chichewa,chi_0494,0,1.0,0.5,Service-like text flagged,False,"Ondedwa MR JOHN MHANGO, Acct: <PHONE> yalandila: <AMOUNT> DR Tsiku: <AMOUNT> Desc: ATM, , Ref: FT321376H6VS/BNK, zikomo NBM",Chichewa
bilstm_finetuned,chichewa,chi_0495,0,0.973,0.5,Service-like text flagged,False,Ndalama zanu ndi <AMOUNT> ndipo mukhoza kugwiritsa ntchito mpaka 06/08/2023,Chichewa
bilstm_finetuned,chichewa,chi_0496,0,0.997,0.5,Genuine text flagged,False,Muli ndi 100 mtolo minutes woyimbira manambala a TNM okhaokha.,Chichewa
bilstm_finetuned,chichewa,chi_0501,0,0.969,0.5,Service-like text flagged,False,Sangalalani popeleka mabilu anu a ESCOM kuzela ku mpamba popanda msonkho,Chichewa
bilstm_finetuned,chichewa,chi_0503,1,0.101,0.5,Chichewa fraud missed,True,"MIRACLE MONEY.. Satanism tikufuna anthu okwana 500., kuti aTijoyine mpingo wathu,, adzalandila ndalama zokwana 2.8 Million Kwacha. Imbani number iyi <PHONE> .",Chichewa
bilstm_finetuned,chichewa,chi_0504,1,0.266,0.5,Chichewa fraud missed,False,MUDULIDWE:Nambala yanu yili pa mundanda wolandila ndalama za mudulidwe. Chonde tiyimbireni kuti tilumukizane,Chichewa
bilstm_finetuned,chichewa,chi_0508,1,0.002,0.5,Chichewa fraud missed,False,"TRANSPORTER:Ndne transporter wa bus kuchoka ku South Africa ndikatundu wa m'bale wanu, chonde ndiyimbileni kuti tikumane",Chichewa
bilstm_finetuned,chichewa,chi_0517,0,1.0,0.5,Genuine text flagged,False,Ngati muli ndi abale anu odwala maso mupite nawo kuchipatala chomwe muli nacho pafupi kuti akalandile thandizo,Chichewa
bilstm_finetuned,chichewa,chi_0522,0,0.968,0.5,Service-like text flagged,False,Sangalalani mwalandila khetekhete bonasi ya mphindi 5 zoyimbira anzanu a Airtel. Imbani *137# kuti muone balance,Chichewa
bilstm_finetuned,chichewa,chi_0528,0,0.998,0.5,Genuine text flagged,False,Mawu opatulika amati tizikondana. Chonde abale tizichitilana zabwino m'modzi ndi nzake.,Chichewa
bilstm_finetuned,chichewa,chi_0529,0,0.974,0.5,Service-like text flagged,False,"Okondedwa akasitomala, tikhala ndi vuto la madzi lachinayi sabata yino. Izi zili choncho chifukwa tikhala tikukhoza makina athu pa tsiku limenelo",Chichewa
bilstm_finetuned,chichewa,chi_0535,0,0.934,0.5,Genuine text flagged,False,Mukaona munthu aliyense akuchosa zikwangwani za msewu. Chonde kamunenereni ku police yomwe muli nayo pafupi kapena yimbani pa nambala iyi.,Chichewa
bilstm_finetuned,chichewa,chi_0536,0,1.0,0.5,Genuine text flagged,False,Mukaona munthu aliyense akuchosa ma payipi a Water Board. Chonde kamunenereni ku police yomwe muli nayo pafupi kapena tiziwiseni poyimba nambala iyi.,Chichewa
bilstm_finetuned,chichewa,chi_0541,0,0.978,0.5,Service-like text flagged,False,MUKURU ndi njira yimodzi yodalilika potumiza kapena kulandila ndalama kuchokera kunja kwa dziko.,Chichewa
bilstm_finetuned,chichewa,chi_0547,0,0.847,0.5,Genuine text flagged,False,Unduna waza umoyo utiziwisa kuti tiyeni tiziteteze kumatenda a EDZI pogonana poziteteza,Chichewa
bilstm_finetuned,chichewa,chi_0548,0,1.0,0.5,Genuine text flagged,False,Boma kuzela ku DODMA likuchenjeza kuti tisamuke mumalo osefukila ndi madzi kuti tipewe ngozi kamba ka madzi osefukila.,Chichewa
bilstm_finetuned,chichewa,chi_0552,0,0.944,0.5,Genuine text flagged,False,"Tiyeni tikhale aukhondo nthawi zonse kuti tipewe matenda osegula m,mimba ngati kolera",Chichewa
bilstm_finetuned,chichewa,chi_0553,0,1.0,0.5,Genuine text flagged,False,Mawu opatulika amati pemphero ndi chida chathu. Abale tiyeni tizipemphera nthawi zonse kuti tizalandile chipulumuso.,Chichewa
bilstm_finetuned,chichewa,chi_0555,1,0.201,0.5,Chichewa fraud missed,False,ndanyamula katundu wa bale wanu yemwe ali ku joni,Chichewa
bilstm_finetuned,chichewa,chi_0557,0,0.983,0.5,Service-like text flagged,False,Tiketi imodzi YAULELE ya <AMOUNT> ikudikila inu <PHONE> .Muthakupata pompo. Tumizani YES ku 1515 kuti mulowe,Chichewa
bilstm_finetuned,chichewa,chi_0558,0,1.0,0.5,Genuine text flagged,False,Unduna waza maphunziro mu dziko lino walengeza zakuseguilaso kwa sululu zonse mu dziko lino zomwe zinatsekedwa kamba ka covid 19,Chichewa
bilstm_finetuned,chichewa,chi_0559,0,0.951,0.5,Service-like text flagged,False,"Okondedwa akasitomala, tikupepesa kamba kavuto la kusakhazikika kwa intaneti lomwe tinali nalo m'dera lanu lero pa 06/06/2023. Vutoi tsopano lakonzedwa",Chichewa
bilstm_finetuned,chichewa,chi_0563,0,1.0,0.5,Genuine text flagged,False,Imbani 460 mwaulele kuti muvotele nkhani yokusangalasani mu ZiliMwaife Top 5. Muli ndi mwayi woimba ndikuponya voti katatu mpaka pa 4 junu 2023.,Chichewa
bilstm_finetuned,chichewa,chi_0564,0,0.967,0.5,Service-like text flagged,False,Sasangalalani! Mwalandila khetekhete bonasi ya mphindi 5 zoyimbira anzanu a Airtel. Imbani *137# kuti muone balance,Chichewa
bilstm_finetuned,chichewa,chi_0565,0,0.995,0.5,Service-like text flagged,False,Okondedwa akasitomala. Osataya nthawi! Landilani ndalama pa mpamba kuchokela ku South Africa kuzera ku Mukuru. Uzani abale ndi abwezi ku South Africa kuti akhoza kutumiza ndalama ndi Mukuru.,Chichewa
bilstm_finetuned,chichewa,chi_0571,0,1.0,0.5,Genuine text flagged,False,Mwalandila 100 Mtolo minutes a bonasi woyimbira manambala a TNM okha,Chichewa
bilstm_finetuned,chichewa,chi_0573,1,0.205,0.5,Chichewa fraud missed,False,SATANIZIMU: Mukalowa mu mpingu wathu wa satanic muzalandila ndalama za nkhaninkhani,Chichewa
bilstm_finetuned,chichewa,chi_0575,0,0.924,0.5,Service-like text flagged,False,"Mwapata tiketi yaulele. Imbani *1515# kuti mulembese, loselani molondola ma game 13 ndikupata mamiliyoni",Chichewa
bilstm_finetuned,chichewa,chi_0577,1,0.005,0.5,Ambiguous,False,mukuyankhulana ndi agent,Chichewa
bilstm_finetuned,chichewa,chi_0581,1,0.014,0.5,Ambiguous,False,ndapatsidwa katundu wa m'bale wanu,Chichewa
bilstm_finetuned,chichewa,chi_0593,0,0.996,0.5,Genuine text flagged,False,ndine azakhali anu ma ndimati ndibwele kunyumba kwanu mdzakuoneni,Chichewa
bilstm_finetuned,chichewa,chi_0595,1,0.004,0.5,Ambiguous,False,mwapata mphoto ku premier loto,Chichewa
bilstm_finetuned,chichewa,chi_0597,1,0.183,0.5,Chichewa fraud missed,False,nambala yanu yachita mwayi olandila ndalama zokwana,Chichewa
bilstm_finetuned,chichewa,chi_0598,1,0.021,0.5,Chichewa fraud missed,False,nambala yanu yachita mphumi ku mpikisano wathu,Chichewa
bilstm_finetuned,chichewa,chi_0605,0,0.975,0.5,Service-like text flagged,False,tikupepesa akasitomala kaamba kakuonongeka kwa makina athu kotelo akatswiri athu akukonza vutoli,Chichewa
bilstm_finetuned,chichewa,chi_0606,1,0.003,0.5,Chichewa fraud missed,False,ndine agent ndili ndi katundu wa mzanu yemwe ali ku juberg.,Chichewa
bilstm_finetuned,chichewa,chi_0623,0,1.0,0.5,Service-like text flagged,False,"mwagula timasuke daily <AMOUNT> , ma SMS 100 ogwiritsa ntchito mpaka <PHONE> :59:20.",Chichewa
bilstm_finetuned,chichewa,chi_0628,0,1.0,0.5,Service-like text flagged,False,MPAMBA: Okondedwa akasitomala. Osataya nthawi! Landilani ndalama pa mpamba kuchokela ku South Africa kuzera ku Mukuru. Uzani abale ndi abwezi ku South Africa kuti akhoza kutumiza ndalama ndi Mukuru.,Chichewa
bilstm_finetuned,chichewa,chi_0631,1,0.185,0.5,Chichewa fraud missed,False,SATANIZIMU: Mukalowa mu mpingu wathu wa satanizimu muzalandila ndalama za nkhaninkhani,Chichewa
bilstm_finetuned,chichewa,chi_0632,0,0.993,0.5,Service-like text flagged,False,Tsopano mutha kutumiza ndalama ku Tanzania ndi Zambia kuzera pa AIRTEL Money,Chichewa
bilstm_finetuned,chichewa,chi_0636,1,0.073,0.5,Chichewa fraud missed,False,SATANIZIMU: Lowani mpingo wathu wa SATANIKI kuti muzalandile nawo ndalama za nkhaninkhani,Chichewa
bilstm_finetuned,chichewa,chi_0638,0,0.617,0.5,Service-like text flagged,False,Okondedwa akasitomala. Osataya nthawi. Landilani ndalama pa mpamba ku choka ku South Africa kudzera ku MUKURU.,Chichewa
bilstm_finetuned,chichewa,chi_0639,0,1.0,0.5,Service-like text flagged,False,Uzani abale ndi abwezi ku South Africa kuti akhonza kutumiza ndalama ndi MUKURU. TNM mpamba,Chichewa
bilstm_finetuned,chichewa,chi_0640,0,0.873,0.5,Service-like text flagged,False,"Okondedwa akasitomala, lipilani ma fizi a NRB PA MPAMBA",Chichewa
bilstm_finetuned,chichewa,chi_0644,0,1.0,0.5,Service-like text flagged,False,Sungani ndalama yosachepela <AMOUNT> ndi Old Mutual Unit Trust pogwirisa ntchito mpamba fesa kuti mulandile chiongola dzanja chochuluka,Chichewa
bilstm_finetuned,chichewa,chi_0669,0,0.506,0.5,Ambiguous,False,Komaso ndi umbuli umenewu,Chichewa
bilstm_finetuned,chichewa,chi_0670,0,1.0,0.5,Service-like text flagged,False,Muli ndi 22 minutes 13 seconds woyimbira ku TNM ndi manetiweki ena.7 Recharge Bonus minutes woyimbira manambala a TNM okha.271.32 MB ya intaneti.12.00 Smile Points,Chichewa
bilstm_finetuned,chichewa,chi_0673,0,0.887,0.5,Service-like text flagged,False,Ngozi siipanganika.Gulani Limodzi Inshuwalansi ya <AMOUNT> pa mwezi kuti musazasowe mtengo ogwira mukachita ngozi polandira ndalama yotha kufika <AMOUNT> . Imbani *211# sankhani 5 kenako 3.,Chichewa
bilstm_finetuned,chichewa,chi_0674,0,1.0,0.5,Telco service text flagged,False,"Mwagula Timasuke Daily <AMOUNT> , ma SMS 100 ogwritsa ntchito mpaka <PHONE> :59. Imbani *137*100# kuti muone otsala",Chichewa
bilstm_finetuned,chichewa,chi_0675,0,1.0,0.5,Telco service text flagged,False,"Mwagula Timasuke Daily <AMOUNT> , ma SMS 100 ogwritsa ntchito mpaka . <PHONE> :59. Imbani *137*100# kuti muone otsala.",Chichewa
bilstm_finetuned,chichewa,chi_0676,0,0.836,0.5,Telco service text flagged,False,"A TNM azakhala pa Njamba Freedom Park pa TNM Kiosk, lachiwiri pa 13 December, 2022, 09:00 mmawa. Uwu ndi Mwayi wanu oti muzakhale Agent wa Mpamba, Agent Olemba ma SIMcard kapena Customer wa Mpamba. KUMBUKIRANI KUBWERA NDI CHIPHASO CHAUNZIKA CHANU.",Chichewa
bilstm_finetuned,chichewa,chi_0677,0,0.881,0.5,Telco service text flagged,False,"A TNM akhala pa Manja Mpamba Branch Opposite Chipiku, Lachinayi pa 16 February, 2023, kuyambira nthawi ya 11:00 mmawa. Uwu ndi Mwayi wanu oti muzakhale Agent wa Mpamba, Agent Olemba ma SIMcard kapena Customer wa Mpamba. KUMBUKIRANI KUBWERA NDI CHIPHASO CHAUNZIKA CHANU.",Chichewa
bilstm_finetuned,chichewa,chi_0678,0,1.0,0.5,Telco service text flagged,False,Macheza osatha ndi Chezani Daily <AMOUNT> yatsopano. Lumikizanani ndi anzanu a Airtel kwa mphindi 5 zogwira ntchito maola 24. Imbani *301# kuti mugule.,Chichewa
bilstm_finetuned,chichewa,chi_0680,0,1.0,0.5,Telco service text flagged,False,"Osatha mtunda ndi ndalama! lipirani mayeso a PSLCE, JCE komanso MSCE ndi Airtel Money. Imbani *919# ndikulemba Invoice Number mwapatsidwa polembetsa.",Chichewa
bilstm_finetuned,chichewa,chi_0681,0,1.0,0.5,Telco service text flagged,False,"Trans ID : CO <PHONE> .I89181. You have sent <AMOUNT> to <AMOUNT> ,CHIKONDI MUKHUMBE. Your balance is <AMOUNT>",Chichewa
bilstm_finetuned,chichewa,chi_0683,0,1.0,0.5,Telco service text flagged,False,"Athandizeni abwenzi anu kuti akhale ndi akaunti ya Airtel Money. Chofunika kuchita: agule simu khadi la airtel pa mtengo wa <AMOUNT> . Kulembetsa ndi ulele, koma akuyenera kuyikiza ndalama yoyambira yosachepera <AMOUNT> .",Chichewa
bilstm_finetuned,chichewa,chi_0684,0,0.866,0.5,Telco service text flagged,False,Dziwani kuti mtengo wa simu khadi ya airtel ndi <AMOUNT> . Ndipo tsopano kasitomala azilandira bonasi ya <AMOUNT> akaonjenzera mayunitsi osachepera <AMOUNT> koyamba. Awuzeniko anzanu.,Chichewa
bilstm_finetuned,chichewa,chi_0686,0,0.931,0.5,Telco service text flagged,False,"Landirani bonasi yofika mpaka 25% mukazigulira mayunitsi a foni yanu ndi Airtel Money. Imbani *211#, sankhani 1 Kugula mayunitsi kenako 1 Ku nambala yanga, Lowetsani ndalama komaliza lowetsani PIN. Imbani *137*1# kuti muone bonasi.",Chichewa
bilstm_finetuned,chichewa,chi_0688,0,1.0,0.5,Telco service text flagged,False,Pezani phindu ndi ndalama yanu mu akaunti ya Airtel Money. Gulani mayunitsi amagetsi opanda kudulidwa ndalama iliyonse. Imbani *211#.,Chichewa
bilstm_finetuned,chichewa,chi_0689,0,1.0,0.5,Telco service text flagged,False,"Tsopano mutha kuyimba foni ku netiweki iliyonse, pa mtengo umodzi ndi ma bandulo atsopano a Chezani! Imbani *301# kapena gwilitsani ntchito My Airtel App kuti mugule lero.",Chichewa
bilstm_finetuned,chichewa,chi_0690,0,1.0,0.5,Telco service text flagged,False,"A MultiChoice akhala akukonza makina awo pa 07/12/22 nthawi ya 11:00 PM mpaka pa 08/12/22 03:35 AM, kotelo, Kulipira DSTV ndi GOTV pogwiritsa ntchito AirtelMoney sikudzatheka.",Chichewa
bilstm_finetuned,chichewa,chi_0691,0,0.96,0.5,Telco service text flagged,False,"Tikhala tikukonza makina athu kuyambira 12 koloko usiku wa lero mpaka 5 koloko mmawa. Pa nthawiyi kuyimba foni, kutumiza uthenga ndi intaneti kutha kuvutirapo",Chichewa
bilstm_finetuned,chichewa,chi_0692,0,0.833,0.5,Telco service text flagged,False,"Potenga ndalama kwa Agenti, onetsetsani kuti mwatsimikiza dzina lomwe laonetsa kuti ndi Agenti amene mukumutumizira kupewa kutumiza kwa Agenti wolakwika.",Chichewa
bilstm_finetuned,chichewa,chi_0693,0,0.899,0.5,Telco service text flagged,False,Tetezani geni yanu pamene mwagonekedwa mchipatala kwa masiku osachepera awiri. Gulani Limodzi inshuwalansi ya <AMOUNT> pa mwezi kuti mudzipatsidwa <AMOUNT> mumasiku amene mwagona mchipatala. Imbani *211# sankhani 5 kenako 3.,Chichewa
bilstm_finetuned,chichewa,chi_0694,0,0.893,0.5,Telco service text flagged,False,Tetezani geni yanu pamene mwagonekedwa mchipatala. Gulani Limodzi inshuwalansi ya <AMOUNT> pa mwezi kuti mudzipatsidwa <AMOUNT> pa tsiku pamene mwagonekedwa mchipatala kwa masiku osachepera awiri. Imbani *211# sankhani 5 kenako 3.,Chichewa
bilstm_finetuned,chichewa,chi_0695,0,0.808,0.5,Telco service text flagged,False,Dziwani kuti kugula magetsi kudzera pa Airtel Money sikukutheka kuyambira pa 16/04/2023 kamba ka vuto la makina a ESCOM. Vutoli likuyembekezeka kutha pa 18/04/2023. Tikupepesa kamba ka vutoli.,Chichewa
bilstm_finetuned,chichewa,chi_0696,0,0.999,0.5,Telco service text flagged,False,Dziwani kuti kugula magetsi pa Airtel Money kwayamba kutheka. Tikupepesa kamba ka vutoli.,Chichewa
bilstm_finetuned,chichewa,chi_0697,0,1.0,0.5,Telco service text flagged,False,Tikupepesa kamba ka vuto lomwe tinali nalo lokanika kugula ma bandulo pa *301# ndi *211# lero pa 14 April 2023. Vutoli tsopano lakonzedwa.,Chichewa
bilstm_finetuned,chichewa,chi_0698,0,0.852,0.5,Telco service text flagged,False,"Okondedwa Akasitomala, tikupepesa kamba kavuto la kusakhazikika kwa intaneti lomwe tinali nalo mdera lanu lero pa 06/06/2023. Vutoli tsopano lakonzedwa.",Chichewa
bilstm_finetuned,chichewa,chi_0699,0,1.0,0.5,Telco service text flagged,False,"A TNM akhala pa Manje TNM Branch mawa, Lachiwiri pa 09 May, 2023, kuyambira 10:30 mmawa. Uwu ndi mwai kwaonse amene amalakalaka kumalembesa nawo ma SIMCARD a TNM, Achinyamata, amma Shop ndi ma kiosk, chofunika ndikubwera ndi SMARTPHONE. Komaso onse ufuna kukhala Agent wa Mpamba KUMBUKIRANI KUBWERA NDI CHIPHASO CHAUNZIKA CHANU",Chichewa
bilstm_finetuned,chichewa,chi_0700,0,1.0,0.5,Telco service text flagged,False,"A Tnm azakhala pa Majiga Callpoint Shop lachinayi pa 15 June 2023, kuyambira 9 koloko m'mawa. Uwu ndi Mwayi wanu oti muzakhale Agent wa Mpamba, Agent Olemba ma Simcard kapena Customer wa Mpamba. KUMBUKIRANI KUBWERA NDI CHIPHASO CHAUNZIKA CHANU.",Chichewa
bilstm_finetuned,chichewa,chi_0701,0,0.783,0.5,Telco service text flagged,False,Zosangalatsa! Yankhulani ndi abale ndi anansi omwe ali pama netiweki ena kwa mphindi 10 pogula bandulo ya chezani ya <AMOUNT> . Imbani *301*2*1*2# kuti mugule,Chichewa
bilstm_finetuned,chichewa,chi_0702,0,1.0,0.5,Telco service text flagged,False,Nkhani yabwino kuchokera ku Airtel. Dziwani kuti ma bandulo a Chezani oyimbila ku netiweki zonse mMalawi alipobe. Imbani *301# kuti mugule.,Chichewa
bilstm_finetuned,chichewa,chi_0703,0,1.0,0.5,Telco service text flagged,False,"Wonjezelani ma units a <AMOUNT> pasanathe masiku atatu ndikupata bonasi ya <AMOUNT> yoimbira, SMS ndi intaneti. Imbani *137*21# kuti muwone bonasiyi. Airtel. The Smart",Chichewa
bilstm_finetuned,chichewa,chi_0704,0,0.865,0.5,Telco service text flagged,False,Dilu ya mphamvu ya chaka chatsopano ndi imeneyi! Gulani Smart 1GB yapa tsiku ndipo mudzalandira bandulo ina ya bonasi pamwamba pake. Imbani *202# kuti mugule. TNM,Chichewa
bilstm_finetuned,chichewa,chi_0705,0,0.942,0.5,Telco service text flagged,False,"Sangalalani ndi WhatsApp bandulo ya 600MB ya pa mwezi, yosaboola mthumba yochokela ku TNM pa mtengo wa <AMOUNT> . Imbani *202# kapena gwilitsani TNM Smart App kuti mugule.",Chichewa
bilstm_finetuned,chichewa,chi_0706,0,0.886,0.5,Telco service text flagged,False,Mayunitsi mwaonjezela adulidwa ndikulipila ngongole yanu ya Pasavute ya <AMOUNT> . Zikomo pogwiritsa ntchito TNM,Chichewa
bilstm_finetuned,chichewa,chi_0707,0,0.785,0.5,Telco service text flagged,False,Okondedwa akastomala..Imbani *202# kuti mugule ma Bandulo ena.,Chichewa
bilstm_finetuned,chichewa,chi_0708,0,1.0,0.5,Telco service text flagged,False,Balansi <AMOUNT> ; Kutapa <AMOUNT> ; PaNet WhatsApp Bundle 650 MB itha pa 19-09-2023; Chezani Daily 200 10.0min itha pa 21-08-2023; Download My Airtel App here <URL> to view all balances,Chichewa
bilstm_finetuned,chichewa,chi_0709,0,1.0,0.5,Telco service text flagged,False,Balansi <AMOUNT> ; Kutapa <AMOUNT> ; PaNet WhatsApp Bundle 470 MB itha pa 19-09-2023; Chezani Daily 200 7.93min itha pa 21-08-2023; Download My Airtel App here <URL> to view all balances,Chichewa
bilstm_finetuned,chichewa,chi_0711,0,1.0,0.5,Telco service text flagged,False,Balansi <AMOUNT> ; Kutapa <AMOUNT> ; PaNet WhatsApp Bundle 388 MB itha pa 19-09-2023; KhetheKhethe Voice balansi 5.00 Min itha pa 21-08-2023; Download My Airtel App here <URL> to view all balances,Chichewa
bilstm_finetuned,chichewa,chi_0712,0,1.0,0.5,Telco service text flagged,False,Balansi <AMOUNT> ; PaNet MoFaya 3 GB itha pa 10-08-2023; Chezani Daily 200 5.85min itha pa 04-08-2023; Download My Airtel App here <URL> to view all balances,Chichewa
bilstm_finetuned,chichewa,chi_0713,0,1.0,0.5,Telco service text flagged,False,"Okondedwa Akasitomala, tikupepesa kamba ka vuto la netiweki lomwe tinali nalo m'madela ena amu mzinda wa Zomba lero pa 15 October. Vutoli tsopano lakonzedwa.",Chichewa
bilstm_finetuned,chichewa,chi_0714,0,0.999,0.5,Telco service text flagged,False,"Okondedwa Akasitomala, tikupepesa kamba ka vuto la netiweki lomwe tinali nalo muchigawo cha ku Mpoto. Vutoli tsopano lakonzedwa.",Chichewa
bilstm_finetuned,chichewa,chi_0715,0,1.0,0.5,Telco service text flagged,False,Tikupepesa kamba kavuto lomwe tinali nalo la kusakhazikika kwa *211# *301# *121# *136# *137# ndi My Airtel App madzulo alero pa 16/10/2023. Vutoli tsopano lakonzedwa.,Chichewa
bilstm_finetuned,chichewa,chi_0716,0,1.0,0.5,Telco service text flagged,False,"Tsopano mutha kutumiza ndalama ku Tanzania ndi Zambia kudzera pa Airtel Money. Imbani *211#, sankhani 2 kutumiza ndalama, kenako 5 maiko ena, kenako 1 dziko.",Chichewa
bilstm_finetuned,chichewa,chi_0717,0,0.999,0.5,Telco service text flagged,False,Musachite kukhetsa thukuta potumiza ndalama kwa anzanu ndi abale. Gwiritsani Airtel Money kutenga ndalama ku banki ndi kutumiza muli chikhalire. Imbani *211#.,Chichewa
bilstm_finetuned,chichewa,chi_0718,0,1.0,0.5,Telco service text flagged,False,"Akasitomala, dziwani kuti ma bonasi onse ofika mpaka 25% omwe mumalandira mukagula maunitsi ndi Airtel Money asiya kuperekedwa pa 31-07-2023. Imbani *211# kapena gwiritsani ntchito My Airtel App kuti mupitilize kusangalala ndi ma selevisi a Airtel Money.",Chichewa
bilstm_finetuned,chichewa,chi_0719,0,0.531,0.5,Telco service text flagged,False,"Okondedwa akasitomala, Mwapempha kuti tisinthe SIM card yanu ya nambala . Ngati simunapemphe chonde imbani 105. TNM.",Chichewa
bilstm_finetuned,chichewa,chi_0720,0,0.528,0.5,Telco service text flagged,False,"Okondedwa Akasitomala, ngati mukukanika kugwiritsa ntchito intaneti, chonde zimitsani Foni ndikuyatsanso kenako yesaninso.",Chichewa
bilstm_finetuned,chichewa,chi_0721,0,1.0,0.5,Telco service text flagged,False,"Wonjezelani ma units a <AMOUNT> pasanathe masiku atatu ndikupata bonasi ya <AMOUNT> yoimbira, SMS ndi intaneti. Imbani *137*21# kuti muwone bonasiyi.",Chichewa
bilstm_finetuned,chichewa,chi_0722,0,0.866,0.5,Telco service text flagged,False,"Zosafunanso mayunitsi, mutha ku flasha anzanu ndi achibale kuma netiweki onse mwaulere muno MMalawi ndipo adzalandila uthenga oti akuimbireni.",Chichewa
bilstm_finetuned,chichewa,chi_0723,0,1.0,0.5,Telco service text flagged,False,"Zosafunanso mayunitsi, mutha ku flasha anzanu ndi achibale kuma netiweki onse mwaulere muno M'Malawi ndipo adzalandila uthenga oti akuimbireni.",Chichewa
bilstm_finetuned,chichewa,chi_0724,0,1.0,0.5,Telco service text flagged,False,ZOSANGALATSATU! Tumizani ma SMS awiri okha ndipo mudzalandira ma SMS 30 AWULERE ochezera ndi anzanu apaAirtel. #AReasonToImagine,Chichewa
bilstm_finetuned,chichewa,chi_0725,0,1.0,0.5,Telco service text flagged,False,MA SMS MBWEEE! Landirani ma SMS 30 AULERE mukatumiza ma SMS awiri okha. Chezani ndi abale ndi okondedwa anu apaAirtel lero. #AReasonToImagine,Chichewa
bilstm_finetuned,chichewa,chi_0726,0,1.0,0.5,Telco service text flagged,False,Sungani ndalama zosachepera <AMOUNT> ndi kupeza phindu la tsiku ndi tsiku kudzera pa foni yanu ndi Phuka Digital Savings pa Airtel Money. Imbani *211# sankhani 5 kenako 2 kuti mulembetse.,Chichewa
bilstm_finetuned,chichewa,chi_0727,0,1.0,0.5,Telco service text flagged,False,Chulukitsani mawini pa ndalama zanu ndi Phuka Digital Savings posunga ndalama zosachepera <AMOUNT> pa Airtel money. Imbani *211# sankhani 5 kenako 2 kuti mulembetse.,Chichewa
bilstm_finetuned,chichewa,chi_0728,0,0.892,0.5,Telco service text flagged,False,"Kuti mugule mabandulo a Agulu, imbani *202#, sindikizani 2, kenako sankhani bandulo yakumtima kwanu. TNM Netiweki yokhayo ya 5G Mmalawi.",Chichewa
bilstm_finetuned,chichewa,chi_0729,0,0.83,0.5,Telco service text flagged,False,"Lembetsani ku mndandanda wa Mabandulo a Agulu potsindikiza *202#, kenako kusankha 2, kenako 4. TNM Netiweki yokhayo ya 5G Mmalawi.",Chichewa
bilstm_finetuned,chichewa,chi_0730,0,0.875,0.5,Telco service text flagged,False,"Okondedwa Akasitomala, dziwani kuti kuyambila pa 5 December 2023, mabandulo a Chezani ndi a intaneti asintha mitengo ndi kachulukidwe.",Chichewa
bilstm_finetuned,chichewa,chi_0731,0,1.0,0.5,Telco service text flagged,False,Dziwani kuti mitengo ndi kachulukidwe ka ma bandulo ena a Chezani ndi a intaneti zasintha. Imbani *301# kapena My Airtel App kuti mugule bundle yanu ya pa mtima,Chichewa
bilstm_finetuned,test_lookalike_all,bongo_0055,1,0.001,0.5,Obfuscation missed,False,Hab​аrі za asubuhi. Мi​mi mwe​nуе nуu​mb4 wako h​iі nа​mba уа​ngu ya Vodа​соm. Mb​оnа k1​my4 na siku zinazidi kwenda...?,Attacked test (all words)
bilstm_finetuned,test_lookalike_all,bongo_0061,1,0.447,0.5,Obfuscation missed,False,"Dear, No nе​еd to g​о 0​ut work, just а​t hо​mе to еa​rn <AMOUNT> a day, plе​4sе сon​tаct u​ѕ: <URL>",Attacked test (all words)
bilstm_finetuned,test_lookalike_all,bongo_0112,1,0.0,0.5,Obfuscation missed,False,Нab​4ri za siku. Мі​mi mwe​nyе nyu​mbа wako h​іi n4​mbа уa​ngu ya h4lo​tеl. Мb​ona ki​mуа na siku zinazidi kwenda...?,Attacked test (all words)
bilstm_finetuned,test_lookalike_all,bongo_0159,1,0.0,0.5,Obfuscation missed,False,Нab​аri za asubuhi. Mi​mі mwе​nye nyu​mb4 wako h​іi nа​mbа уа​ngu ya HАLО​ТEL. Мb​оnа kі​mуa na siku zinazidi kwenda...?,Attacked test (all words)
bilstm_finetuned,test_lookalike_all,bongo_0173,1,0.0,0.5,Other scam missed,False,Habari. Мі​m1 mwe​nуe nyu​mbа wako h​іi na​mb4 уa​ngu ya Н4LО​ТEL. Мb​ona kі​mуa na siku zinazidi kwenda...?,Attacked test (all words)
bilstm_finetuned,test_lookalike_all,bongo_0250,1,0.0,0.5,Obfuscation missed,False,Нab​arі za asubuhi. Мi​mі mwе​nуe nуu​mba wako h​і1 na​mbа уa​ngu ya Н4lo​tel. Mb​onа kі​myа na siku zinazidi kwenda...?,Attacked test (all words)
bilstm_finetuned,test_lookalike_all,bongo_0255,1,0.0,0.5,Obfuscation missed,False,Нab​аri za mchana. Mі​mi mwe​nу3 nyu​mbа wako h​іі nа​mbа yа​ngu ya Ті​go. Mb​оn4 ki​mуa na siku z1nа​zid1 kwenda...?,Attacked test (all words)
bilstm_finetuned,test_lookalike_all,bongo_0265,1,0.0,0.5,Other scam missed,False,Habari. M1​m1 mw3​nуе nyu​mbа wako h​1i na​mbа уa​ngu ya ti​gо. Мb​ona kі​myа na siku zinazidi kwenda...?,Attacked test (all words)
bilstm_finetuned,test_lookalike_all,bongo_0356,1,0.001,0.5,Obfuscation missed,False,Наb​arі za siku. Mі​mi mwе​nye nуu​mbа wako h​1і nа​mb4 уa​ngu ya аir​tel. Мb​оnа ki​my4 na siku zinazidi kwenda...?,Attacked test (all words)
bilstm_finetuned,test_lookalike_all,bongo_0361,1,0.34,0.5,Obfuscation missed,False,au i​yо е​la nit​umіe kwe​nуe Tigopesa h​іi <PHONE> Jі​na litoke <PHONE> .,Attacked test (all words)
bilstm_finetuned,test_lookalike_all,bongo_0380,1,0.466,0.5,Obfuscation missed,False,Н4b​аri za mchana. Мі​mi mwе​nye nуu​mba wako h​іi nа​mba уa​ngu ya аіr​tеl. Мb​ona ki​myа na siku zinazidi kwenda...?,Attacked test (all words)
bilstm_finetuned,test_lookalike_all,bongo_0434,1,0.001,0.5,Obfuscation missed,False,Наb​ari za asubuhi. Мi​mi mwе​nye nуu​mbа wako h​іi nа​mba уa​ngu ya VODA​СОМ. Mb​0na kі​mya na siku zinazidi kwenda...?,Attacked test (all words)
bilstm_finetuned,test_lookalike_all,bongo_0510,1,0.3,0.5,Obfuscation missed,False,Au nit​umi3 kwe​nyе AirtelMoney Nam​bа. <PHONE> јi​na litа​kuja LUKA КIMВ​4NGU,Attacked test (all words)
bilstm_finetuned,test_lookalike_all,bongo_0560,1,0.015,0.5,Obfuscation missed,False,"Х0​rry nі​pо хaf​ari ni​nа хh​1da kw​еl naku​ombа uniх​aidіe 5​h еl​fu 9 nitaku​rеfund nikі​fikа р​lx В​у MWANAIDI KHАМ1​SІ,n1 g​rр mеm​bеr",Attacked test (all words)
bilstm_finetuned,test_lookalike_all,bongo_0565,1,0.0,0.5,Obfuscation missed,False,Наb​4ri za m​dа huu. Мi​mі mwe​nyе nyu​mb4 wako h​іі na​mbа y4​ngu ya Air​tеl. Мb​оnа k1​mуa na siku zinazidi kwenda...?,Attacked test (all words)
bilstm_finetuned,test_lookalike_all,bongo_0697,1,0.001,0.5,Obfuscation missed,False,Наb​ari za m​dа huu. Mі​m1 mwe​nyе nуu​mbа wako h​iі nа​mba уa​ngu ya аіr​tel. Мb​onа kі​mуа na siku zinazidi kwenda...?,Attacked test (all words)
bilstm_finetuned,test_lookalike_all,bongo_0706,1,0.0,0.5,Obfuscation missed,False,Нab​аrі za siku. Мi​mi mwe​nу3 nуu​mba wako h​іi na​mbа у4​ngu ya VОDА​СOМ. Mb​onа ki​mуа na siku zinazidi kwenda...?,Attacked test (all words)
bilstm_finetuned,test_lookalike_all,bongo_0719,1,0.018,0.5,Obfuscation missed,False,Hаb​ari za mchana. Мi​mі mwе​nуе nуu​mba wako h​1і n4​mbа уа​ngu ya HALО​TЕL. Мb​ona kі​mya na siku zinazidi kwenda...?,Attacked test (all words)
bilstm_finetuned,test_lookalike_all,bongo_0721,1,0.0,0.5,Obfuscation missed,False,Utаnі​tumia. kwе​mуе na​mb4 <PHONE> ya AIR​Т3L јi​na Ester kalobelo.,Attacked test (all words)
bilstm_finetuned,test_lookalike_all,bongo_0724,1,0.005,0.5,Obfuscation missed,False,Нab​ari za m​dа huu. Мі​m1 mwe​nуе nуu​mba wako h​іі nа​mbа уа​ngu ya Тi​go. Мb​оna kі​mya na siku zinazidi kwenda...?,Attacked test (all words)
bilstm_finetuned,test_lookalike_all,bongo_0749,1,0.015,0.5,Obfuscation missed,False,Наb​arі za muda. Мi​mi mwе​nye nуu​mba wako h​іi nа​mbа уa​ngu ya НALО​T3L. Мb​onа kі​mуa na siku zinazidi kwenda...?,Attacked test (all words)
bilstm_finetuned,test_lookalike_all,bongo_0770,1,0.0,0.5,Obfuscation missed,False,Наb​аrі za asubuhi. Мі​mi mw3​nуe nуu​mbа wako h​іi nа​mba y4​ngu ya vоda​сom. Мb​оnа kі​mya na siku zinazidi kwenda...?,Attacked test (all words)
bilstm_finetuned,test_lookalike_all,bongo_0778,1,0.0,0.5,Obfuscation missed,False,H4b​4ri za muda. Мі​mi mwe​nуе nуu​mba wako h​iі na​mbа уa​ngu ya Vоd4​com. Мb​0nа kі​mya na siku zinazidi kwenda...?,Attacked test (all words)
bilstm_finetuned,test_lookalike_all,bongo_0855,1,0.001,0.5,Obfuscation missed,False,Нab​arі za m​d4 huu. Мi​mi mw3​nуe nуu​mbа wako h​іi n4​mba уа​ngu ya Halо​t3l. Мb​оna ki​mу4 na siku zinazidi kwenda...?,Attacked test (all words)
bilstm_finetuned,test_lookalike_all,bongo_0909,1,0.439,0.5,Obfuscation missed,False,N1t​umіе tu kwe​nу3 h​іi A1r​tеl <PHONE> jі​na JOACHIM KAPUFI.,Attacked test (all words)
bilstm_finetuned,test_lookalike_all,bongo_0917,1,0.0,0.5,Obfuscation missed,False,Нab​4ri za asubuhi. Мi​mi mwе​nуe nуu​mba wako h​1і nа​mba уа​ngu ya Ті​gо. Mb​оnа k1​mуа na siku z1n4​zidi kwenda...?,Attacked test (all words)
bilstm_finetuned,test_lookalike_all,bongo_0955,1,0.051,0.5,Obfuscation missed,False,Тu​mia na​mb4 h​і1 ya Ті​gо <PHONE> kutuma hi​уо p3​s4 ji​nа Р3​TER NYANGE,Attacked test (all words)
bilstm_finetuned,test_lookalike_all,bongo_1012,1,0.0,0.5,Obfuscation missed,False,Hаb​arі za muda. Мі​m1 mwе​nуе nуu​mba wako h​11 nа​mb4 у4​ngu ya Аir​tel. Мb​onа ki​mу4 na siku zinazidi kwenda...?,Attacked test (all words)
bilstm_finetuned,test_lookalike_all,bongo_1022,1,0.0,0.5,Obfuscation missed,False,Hаb​аri za mchana. Mі​mі mwe​nу3 nyu​mb4 wako h​1i nа​mb4 уa​ngu ya Voda​cоm. Мb​оn4 k1​mya na siku zinazidi kwenda...?,Attacked test (all words)
bilstm_finetuned,test_lookalike_all,bongo_1042,1,0.001,0.5,Obfuscation missed,False,Рe​sа tu​mа kwa n4​mb4 h​іi <PHONE> јi​na JOACHIM KAPUFI,Attacked test (all words)
bilstm_finetuned,test_lookalike_all,bongo_1127,1,0.0,0.5,Other scam missed,False,Habari. Mі​m1 mw3​nу3 nyu​mbа wako h​іi na​mbа уa​ngu ya VODA​СOМ. Мb​оn4 k1​mуa na siku zinazidi kwenda...?,Attacked test (all words)
bilstm_finetuned,test_lookalike_all,bongo_1131,1,0.025,0.5,Obfuscation missed,False,he​l4 tu​mа kwa na​mb4 h​iі <PHONE> ј1​nа MWANAIDI KHAMISI,Attacked test (all words)
bilstm_finetuned,test_lookalike_all,bongo_1134,1,0.001,0.5,Obfuscation missed,False,Hаb​arі za siku. Мі​mi mwe​nуе nуu​mbа wako h​iі nа​mb4 уa​ngu ya ТI​GO. Мb​оnа ki​mуа na siku zinazidi kwenda...?,Attacked test (all words)
bilstm_finetuned,test_lookalike_all,bongo_1136,1,0.075,0.5,Obfuscation missed,False,МPІ​GIЕ МZ​3Е ЈU​MA ЅIKA​REK0 WA ТІ​В4 АЅI​LІ. MALI. РЕ​TE. NYО​ТА. UZAZI. КUРAN​DІЅНW4 CHEO KAZINI. KULU​DIЅНА MALI 1L1YO​Р0Т3A. NА​МВA <PHONE>,Attacked test (all words)
bilstm_finetuned,test_lookalike_all,bongo_1138,1,0.243,0.5,Obfuscation missed,False,Utani​tum1а kwe​nу3 і​i <PHONE> аir​tel јi​n4 JOACHIM KAPUFI nа​mba уa​ngu inadeni uѕ1i​tumi3,Attacked test (all words)
bilstm_finetuned,test_lookalike_all,bongo_1185,1,0.0,0.5,Obfuscation missed,False,Hаb​аrі za mchana. Мі​mі mwe​nуе nуu​mb4 wako h​і1 na​mbа уа​ngu ya vо​da. Мb​оna ki​mуа na siku zin4​zidi kwenda...?,Attacked test (all words)
bilstm_finetuned,test_lookalike_all,bongo_1195,1,0.001,0.5,Obfuscation missed,False,Hаb​аrі za mda huu. Мі​mі mw3​nу3 nуu​mbа wako h​1i nа​mba уa​ngu ya v0da​сom. Мb​оnа k1​mya na siku zinazidi kwenda...?,Attacked test (all words)
bilstm_finetuned,test_lookalike_all,bongo_1204,1,0.001,0.5,Obfuscation missed,False,Наb​4rі za asubuhi. M1​mi mwе​nye nуu​mba wako h​іі n4​mb4 уа​ngu ya aіr​tel. Mb​оnа ki​myа na siku zinazidi kwenda...?,Attacked test (all words)
bilstm_finetuned,test_lookalike_all,bongo_1220,1,0.499,0.5,Obfuscation missed,False,Utanі​tumia kwe​nуe i​і <PHONE> НАL​0Т3L јі​nа JENEROZA ROCK BENEDICTO nа​mba уa​ngu inadeni uѕii​tumіe,Attacked test (all words)
bilstm_finetuned,test_lookalike_all,bongo_1240,1,0.0,0.5,Obfuscation missed,False,Hаb​аri za mchana. Мі​mі mwе​nуе nyu​mbа wako h​1i na​mbа уa​ngu ya ti​gо. Mb​оna kі​my4 na siku zіna​z1d1 kwenda...?,Attacked test (all words)
bilstm_finetuned,test_lookalike_all,bongo_1278,1,0.0,0.5,Obfuscation missed,False,Наb​arі za muda. М1​mі mw3​nуе nуu​mbа wako h​i1 nа​mb4 yа​ngu ya tі​g0. Mb​оn4 ki​mуa na siku zinazidi kwenda...?,Attacked test (all words)
bilstm_finetuned,test_lookalike_all,bongo_1293,1,0.001,0.5,Obfuscation missed,False,І​уo р3​sa it​umе hu​mu kwe​nyе hаl​оtеl <PHONE> јі​na lі​је FEBU SHADI WILISON.,Attacked test (all words)
bilstm_finetuned,test_lookalike_all,bongo_1327,1,0.0,0.5,Obfuscation missed,False,Hab​4rі za asubuhi. Мі​mі mwе​nyе nуu​mbа wako h​iі nа​mbа yа​ngu ya vо​dа. Мb​ona kі​mу4 na siku zіnа​zіdi kwenda...?,Attacked test (all words)
bilstm_finetuned,test_codeswitch_all,bongo_0055,1,0.053,0.5,Obfuscation missed,False,Habari za asubuhi. Mimi landlord wako hii number yangu ya Vodacom. Mbona kimya na siku zinazidi kwenda...?,Attacked test (all words)
bilstm_finetuned,test_codeswitch_all,bongo_0112,1,0.168,0.5,Obfuscation missed,False,Habari za siku. Mimi landlord wako hii number yangu ya halotel. Mbona kimya na siku zinazidi kwenda...?,Attacked test (all words)
bilstm_finetuned,test_codeswitch_all,bongo_0159,1,0.112,0.5,Obfuscation missed,False,Habari za asubuhi. Mimi landlord wako hii number yangu ya HALOTEL. Mbona kimya na siku zinazidi kwenda...?,Attacked test (all words)
bilstm_finetuned,test_codeswitch_all,bongo_0173,1,0.001,0.5,Impersonation missed,False,Habari. Mimi landlord wako hii number yangu ya HALOTEL. Mbona kimya na siku zinazidi kwenda...?,Attacked test (all words)
bilstm_finetuned,test_codeswitch_all,bongo_0250,1,0.01,0.5,Obfuscation missed,False,Habari za asubuhi. Mimi landlord wako hii number yangu ya Halotel. Mbona kimya na siku zinazidi kwenda...?,Attacked test (all words)
bilstm_finetuned,test_codeswitch_all,bongo_0255,1,0.014,0.5,Obfuscation missed,False,Habari za mchana. Mimi landlord wako hii number yangu ya Tigo. Mbona kimya na siku zinazidi kwenda...?,Attacked test (all words)
bilstm_finetuned,test_codeswitch_all,bongo_0265,1,0.001,0.5,Impersonation missed,False,Habari. Mimi landlord wako hii number yangu ya tigo. Mbona kimya na siku zinazidi kwenda...?,Attacked test (all words)
bilstm_finetuned,test_codeswitch_all,bongo_0356,1,0.004,0.5,Obfuscation missed,False,Habari za siku. Mimi landlord wako hii number yangu ya airtel. Mbona kimya na siku zinazidi kwenda...?,Attacked test (all words)
bilstm_finetuned,test_codeswitch_all,bongo_0380,1,0.002,0.5,Obfuscation missed,False,Habari za mchana. Mimi landlord wako hii number yangu ya airtel. Mbona kimya na siku zinazidi kwenda...?,Attacked test (all words)
bilstm_finetuned,test_codeswitch_all,bongo_0434,1,0.003,0.5,Obfuscation missed,False,Habari za asubuhi. Mimi landlord wako hii number yangu ya VODACOM. Mbona kimya na siku zinazidi kwenda...?,Attacked test (all words)
bilstm_finetuned,test_codeswitch_all,bongo_0565,1,0.024,0.5,Obfuscation missed,False,Habari za mda huu. Mimi landlord wako hii number yangu ya Airtel. Mbona kimya na siku zinazidi kwenda...?,Attacked test (all words)
bilstm_finetuned,test_codeswitch_all,bongo_0697,1,0.024,0.5,Obfuscation missed,False,Habari za mda huu. Mimi landlord wako hii number yangu ya airtel. Mbona kimya na siku zinazidi kwenda...?,Attacked test (all words)
bilstm_finetuned,test_codeswitch_all,bongo_0706,1,0.008,0.5,Obfuscation missed,False,Habari za siku. Mimi landlord wako hii number yangu ya VODACOM. Mbona kimya na siku zinazidi kwenda...?,Attacked test (all words)
bilstm_finetuned,test_codeswitch_all,bongo_0719,1,0.012,0.5,Obfuscation missed,False,Habari za mchana. Mimi landlord wako hii number yangu ya HALOTEL. Mbona kimya na siku zinazidi kwenda...?,Attacked test (all words)
bilstm_finetuned,test_codeswitch_all,bongo_0724,1,0.131,0.5,Obfuscation missed,False,Habari za mda huu. Mimi landlord wako hii number yangu ya Tigo. Mbona kimya na siku zinazidi kwenda...?,Attacked test (all words)
bilstm_finetuned,test_codeswitch_all,bongo_0749,1,0.014,0.5,Obfuscation missed,False,Habari za muda. Mimi landlord wako hii number yangu ya HALOTEL. Mbona kimya na siku zinazidi kwenda...?,Attacked test (all words)
bilstm_finetuned,test_codeswitch_all,bongo_0770,1,0.003,0.5,Obfuscation missed,False,Habari za asubuhi. Mimi landlord wako hii number yangu ya vodacom. Mbona kimya na siku zinazidi kwenda...?,Attacked test (all words)
bilstm_finetuned,test_codeswitch_all,bongo_0778,1,0.004,0.5,Obfuscation missed,False,Habari za muda. Mimi landlord wako hii number yangu ya Vodacom. Mbona kimya na siku zinazidi kwenda...?,Attacked test (all words)
bilstm_finetuned,test_codeswitch_all,bongo_0806,1,0.131,0.5,Obfuscation missed,False,Habari za mda huu. Mimi landlord wako hii number yangu ya TIGO. Mbona kimya na siku zinazidi kwenda...?,Attacked test (all words)
bilstm_finetuned,test_codeswitch_all,bongo_0855,1,0.116,0.5,Obfuscation missed,False,Habari za mda huu. Mimi landlord wako hii number yangu ya Halotel. Mbona kimya na siku zinazidi kwenda...?,Attacked test (all words)
bilstm_finetuned,test_codeswitch_all,bongo_0917,1,0.012,0.5,Obfuscation missed,False,Habari za asubuhi. Mimi landlord wako hii number yangu ya Tigo. Mbona kimya na siku zinazidi kwenda...?,Attacked test (all words)
bilstm_finetuned,test_codeswitch_all,bongo_1012,1,0.002,0.5,Obfuscation missed,False,Habari za muda. Mimi landlord wako hii number yangu ya Airtel. Mbona kimya na siku zinazidi kwenda...?,Attacked test (all words)
bilstm_finetuned,test_codeswitch_all,bongo_1022,1,0.004,0.5,Obfuscation missed,False,Habari za mchana. Mimi landlord wako hii number yangu ya Vodacom. Mbona kimya na siku zinazidi kwenda...?,Attacked test (all words)
bilstm_finetuned,test_codeswitch_all,bongo_1127,1,0.001,0.5,Impersonation missed,False,Habari. Mimi landlord wako hii number yangu ya VODACOM. Mbona kimya na siku zinazidi kwenda...?,Attacked test (all words)
bilstm_finetuned,test_codeswitch_all,bongo_1134,1,0.028,0.5,Obfuscation missed,False,Habari za siku. Mimi landlord wako hii number yangu ya TIGO. Mbona kimya na siku zinazidi kwenda...?,Attacked test (all words)
bilstm_finetuned,test_codeswitch_all,bongo_1185,1,0.0,0.5,Obfuscation missed,False,Habari za mchana. Mimi landlord wako hii number yangu ya voda. Mbona kimya na siku zinazidi kwenda...?,Attacked test (all words)
bilstm_finetuned,test_codeswitch_all,bongo_1195,1,0.045,0.5,Obfuscation missed,False,Habari za mda huu. Mimi landlord wako hii number yangu ya vodacom. Mbona kimya na siku zinazidi kwenda...?,Attacked test (all words)
bilstm_finetuned,test_codeswitch_all,bongo_1204,1,0.001,0.5,Obfuscation missed,False,Habari za asubuhi. Mimi landlord wako hii number yangu ya airtel. Mbona kimya na siku zinazidi kwenda...?,Attacked test (all words)
bilstm_finetuned,test_codeswitch_all,bongo_1240,1,0.014,0.5,Obfuscation missed,False,Habari za mchana. Mimi landlord wako hii number yangu ya tigo. Mbona kimya na siku zinazidi kwenda...?,Attacked test (all words)
bilstm_finetuned,test_codeswitch_all,bongo_1278,1,0.017,0.5,Obfuscation missed,False,Habari za muda. Mimi landlord wako hii number yangu ya tigo. Mbona kimya na siku zinazidi kwenda...?,Attacked test (all words)
bilstm_finetuned,test_codeswitch_all,bongo_1327,1,0.0,0.5,Obfuscation missed,False,Habari za asubuhi. Mimi landlord wako hii number yangu ya voda. Mbona kimya na siku zinazidi kwenda...?,Attacked test (all words)
xlmr,test,bongo_0055,1,0.0,0.5,Impersonation missed,False,Habari za asubuhi. Mimi mwenye nyumba wako hii namba yangu ya Vodacom. Mbona kimya na siku zinazidi kwenda...?,Swahili test
xlmr,test,bongo_0112,1,0.0,0.5,Impersonation missed,False,Habari za siku. Mimi mwenye nyumba wako hii namba yangu ya halotel. Mbona kimya na siku zinazidi kwenda...?,Swahili test
xlmr,test,bongo_0159,1,0.0,0.5,Impersonation missed,False,Habari za asubuhi. Mimi mwenye nyumba wako hii namba yangu ya HALOTEL. Mbona kimya na siku zinazidi kwenda...?,Swahili test
xlmr,test,bongo_0173,1,0.0,0.5,Impersonation missed,False,Habari. Mimi mwenye nyumba wako hii namba yangu ya HALOTEL. Mbona kimya na siku zinazidi kwenda...?,Swahili test
xlmr,test,bongo_0250,1,0.0,0.5,Impersonation missed,False,Habari za asubuhi. Mimi mwenye nyumba wako hii namba yangu ya Halotel. Mbona kimya na siku zinazidi kwenda...?,Swahili test
xlmr,test,bongo_0255,1,0.0,0.5,Impersonation missed,False,Habari za mchana. Mimi mwenye nyumba wako hii namba yangu ya Tigo. Mbona kimya na siku zinazidi kwenda...?,Swahili test
xlmr,test,bongo_0265,1,0.0,0.5,Impersonation missed,False,Habari. Mimi mwenye nyumba wako hii namba yangu ya tigo. Mbona kimya na siku zinazidi kwenda...?,Swahili test
xlmr,test,bongo_0356,1,0.0,0.5,Impersonation missed,False,Habari za siku. Mimi mwenye nyumba wako hii namba yangu ya airtel. Mbona kimya na siku zinazidi kwenda...?,Swahili test
xlmr,test,bongo_0380,1,0.0,0.5,Impersonation missed,False,Habari za mchana. Mimi mwenye nyumba wako hii namba yangu ya airtel. Mbona kimya na siku zinazidi kwenda...?,Swahili test
xlmr,test,bongo_0434,1,0.0,0.5,Impersonation missed,False,Habari za asubuhi. Mimi mwenye nyumba wako hii namba yangu ya VODACOM. Mbona kimya na siku zinazidi kwenda...?,Swahili test
xlmr,test,bongo_0565,1,0.0,0.5,Impersonation missed,False,Habari za mda huu. Mimi mwenye nyumba wako hii namba yangu ya Airtel. Mbona kimya na siku zinazidi kwenda...?,Swahili test
xlmr,test,bongo_0697,1,0.0,0.5,Impersonation missed,False,Habari za mda huu. Mimi mwenye nyumba wako hii namba yangu ya airtel. Mbona kimya na siku zinazidi kwenda...?,Swahili test
xlmr,test,bongo_0706,1,0.0,0.5,Impersonation missed,False,Habari za siku. Mimi mwenye nyumba wako hii namba yangu ya VODACOM. Mbona kimya na siku zinazidi kwenda...?,Swahili test
xlmr,test,bongo_0719,1,0.0,0.5,Impersonation missed,False,Habari za mchana. Mimi mwenye nyumba wako hii namba yangu ya HALOTEL. Mbona kimya na siku zinazidi kwenda...?,Swahili test
xlmr,test,bongo_0724,1,0.0,0.5,Impersonation missed,False,Habari za mda huu. Mimi mwenye nyumba wako hii namba yangu ya Tigo. Mbona kimya na siku zinazidi kwenda...?,Swahili test
xlmr,test,bongo_0749,1,0.0,0.5,Impersonation missed,False,Habari za muda. Mimi mwenye nyumba wako hii namba yangu ya HALOTEL. Mbona kimya na siku zinazidi kwenda...?,Swahili test
xlmr,test,bongo_0770,1,0.0,0.5,Impersonation missed,False,Habari za asubuhi. Mimi mwenye nyumba wako hii namba yangu ya vodacom. Mbona kimya na siku zinazidi kwenda...?,Swahili test
xlmr,test,bongo_0778,1,0.0,0.5,Impersonation missed,False,Habari za muda. Mimi mwenye nyumba wako hii namba yangu ya Vodacom. Mbona kimya na siku zinazidi kwenda...?,Swahili test
xlmr,test,bongo_0806,1,0.0,0.5,Impersonation missed,False,Habari za mda huu. Mimi mwenye nyumba wako hii namba yangu ya TIGO. Mbona kimya na siku zinazidi kwenda...?,Swahili test
xlmr,test,bongo_0855,1,0.0,0.5,Impersonation missed,False,Habari za mda huu. Mimi mwenye nyumba wako hii namba yangu ya Halotel. Mbona kimya na siku zinazidi kwenda...?,Swahili test
xlmr,test,bongo_0917,1,0.0,0.5,Impersonation missed,False,Habari za asubuhi. Mimi mwenye nyumba wako hii namba yangu ya Tigo. Mbona kimya na siku zinazidi kwenda...?,Swahili test
xlmr,test,bongo_1012,1,0.0,0.5,Impersonation missed,False,Habari za muda. Mimi mwenye nyumba wako hii namba yangu ya Airtel. Mbona kimya na siku zinazidi kwenda...?,Swahili test
xlmr,test,bongo_1022,1,0.0,0.5,Impersonation missed,False,Habari za mchana. Mimi mwenye nyumba wako hii namba yangu ya Vodacom. Mbona kimya na siku zinazidi kwenda...?,Swahili test
xlmr,test,bongo_1127,1,0.0,0.5,Impersonation missed,False,Habari. Mimi mwenye nyumba wako hii namba yangu ya VODACOM. Mbona kimya na siku zinazidi kwenda...?,Swahili test
xlmr,test,bongo_1134,1,0.0,0.5,Impersonation missed,False,Habari za siku. Mimi mwenye nyumba wako hii namba yangu ya TIGO. Mbona kimya na siku zinazidi kwenda...?,Swahili test
xlmr,test,bongo_1185,1,0.0,0.5,Impersonation missed,False,Habari za mchana. Mimi mwenye nyumba wako hii namba yangu ya voda. Mbona kimya na siku zinazidi kwenda...?,Swahili test
xlmr,test,bongo_1195,1,0.0,0.5,Impersonation missed,False,Habari za mda huu. Mimi mwenye nyumba wako hii namba yangu ya vodacom. Mbona kimya na siku zinazidi kwenda...?,Swahili test
xlmr,test,bongo_1204,1,0.0,0.5,Impersonation missed,False,Habari za asubuhi. Mimi mwenye nyumba wako hii namba yangu ya airtel. Mbona kimya na siku zinazidi kwenda...?,Swahili test
xlmr,test,bongo_1240,1,0.0,0.5,Impersonation missed,False,Habari za mchana. Mimi mwenye nyumba wako hii namba yangu ya tigo. Mbona kimya na siku zinazidi kwenda...?,Swahili test
xlmr,test,bongo_1278,1,0.0,0.5,Impersonation missed,False,Habari za muda. Mimi mwenye nyumba wako hii namba yangu ya tigo. Mbona kimya na siku zinazidi kwenda...?,Swahili test
xlmr,test,bongo_1327,1,0.0,0.5,Impersonation missed,False,Habari za asubuhi. Mimi mwenye nyumba wako hii namba yangu ya voda. Mbona kimya na siku zinazidi kwenda...?,Swahili test
xlmr,chichewa,chi_0002,0,1.0,0.5,Genuine text flagged,False,Unduna wa umoyo ukupempha makolo kuti akabayitse ana awo katemela wa polio m'madela awo kuti akhale akhale otetezeka ku nthendayi.,Chichewa
xlmr,chichewa,chi_0003,0,1.0,0.5,Service-like text flagged,False,Balansi <AMOUNT> ; PaNet MoFaya Weekly 2.60GB itha pa 07-11-2023; Timasuke SMS <AMOUNT> :98 itha pa 02-11-2023; Download My Airtel App here <URL> to view all balances.,Chichewa
xlmr,chichewa,chi_0006,0,1.0,0.5,Service-like text flagged,False,"Okondedwa akasitomala, balansi yanu yatsala <AMOUNT> ; chezani voice bundle 20MB itha pa 20-06-2023.",Chichewa
xlmr,chichewa,chi_0010,0,1.0,0.5,Genuine text flagged,False,Bandulo yanu inatha masiku asanu apitawo. Gulani ina. Sangalalani ndima bandulo otchipa komaso netiweki yachangu yokhayo ya Airtel.,Chichewa
xlmr,chichewa,chi_0011,0,1.0,0.5,Genuine text flagged,False,aza umoyo akupitilira kupeleka katemela wa polio kwa ana osaposela zaka zisanu m'madela anu. chonde kawabayitseni.,Chichewa
xlmr,chichewa,chi_0015,0,1.0,0.5,Service-like text flagged,False,bungwe la dodma likupempha anthu akufuna kwabwino kuti athandize ndi ndalama zoti zithe kuthandiza anthu okhudzidwa ndi kusefukila kwa madzi.,Chichewa
xlmr,chichewa,chi_0016,0,1.0,0.5,Service-like text flagged,False,bungwe la dodma lati anthu akufuna kwabwino athandize bungweli ndi ndalama zoti zithe kuthandiza anthu okhudzidwa ndi kusefukila kwa madzi.,Chichewa
xlmr,chichewa,chi_0017,0,1.0,0.5,Genuine text flagged,False,kodi chaka chino simutigulirako feteleza achimwene ku towunu ko?,Chichewa
xlmr,chichewa,chi_0020,0,1.0,0.5,Service-like text flagged,False,bungwe la dodma likumema anthu akufuna kwabwino kuti athandize bungweli ndi ndalama zoti zithe kuthandiza anthu okhudzidwa ndi kusefukila kwa madzi.,Chichewa
xlmr,chichewa,chi_0022,0,1.0,0.5,Genuine text flagged,False,Katemela wa chikuku akhala akupelekedwa kumadela anu chonde pitani ndi ana anu kuti mukawabayitse.,Chichewa
xlmr,chichewa,chi_0025,0,1.0,0.5,Service-like text flagged,False,Yankhani mafunso a TNM Supa Ligi kuti mpeze mwayi okhala m'modzi mwa anthu 4 opata <AMOUNT> sabata iliyonse. Tumiza QN ku 451. Mtengo ndi <AMOUNT> .,Chichewa
xlmr,chichewa,chi_0026,0,1.0,0.5,Service-like text flagged,False,Okondedwa akasitomala. Mwalandila 103 mtolo minutes woyimbila manambala a TNM okha. Isiya kugwira ntchito pa 14/06/2023,Chichewa
xlmr,chichewa,chi_0029,0,1.0,0.5,Genuine text flagged,False,tiyeni tikumane madzulo ano kuti timalizitse deal ija,Chichewa
xlmr,chichewa,chi_0037,0,1.0,0.5,Service-like text flagged,False,"Okondedwa akasitomala, mwatsala ndi <AMOUNT> . Imbani *533# kuti mubwereke mayunitsi ndi KUTAPA. Sangalalani ndi macheza osatha ndi network ya Airtel.",Chichewa
xlmr,chichewa,chi_0038,0,1.0,0.5,Service-like text flagged,False,"Mwagula Chezani <AMOUNT> ya sabata imodzi, 100 Mins itha pa <PHONE> :50:55 hrs. Imbani *137# kuti muone balansi yanu kapena pangani pezani My Airtel App ku <URL>",Chichewa
xlmr,chichewa,chi_0039,0,1.0,0.5,Genuine text flagged,False,Bandulo yanu inatha masiku atatu apitawo. Gulani ina. Sangalalani ndima bandulo otchipa komaso netiweki yachangu yokhayo ya Airtel.,Chichewa
xlmr,chichewa,chi_0044,0,1.0,0.5,Service-like text flagged,False,"Chepetsani nthawi ndi ndalama! Lipilani ndalama zamayeso za PSLCE, JCE and MSCE mosavuta pogwiritsa ntchito Airtel Money. Imbani *919# kenako lowetsani nambala ya inivoyisi yanu. Ndizophweka!",Chichewa
xlmr,chichewa,chi_0048,0,1.0,0.5,Service-like text flagged,False,"Za mawa sizidziwika, gulani Limodzi inshuwalansi ya chipatala kapena Ngozi kuti mudzapeze podalira mukagonekedwa mchipatala kapena mukachita Ngozi. Imbani *211# sankhani 5 kenako 3 kuti mulowe nawo.",Chichewa
xlmr,chichewa,chi_0049,0,1.0,0.5,Service-like text flagged,False,Mwagula Chezani PaNet MoFaya 3GB itha pa <PHONE> :10:02 hrs. Imbani *137# kuti muone balansi yanu kapena pangani pezani My Airtel App ku <URL>,Chichewa
xlmr,chichewa,chi_0050,0,1.0,0.5,Genuine text flagged,False,"Zosafunanso mayunitsi, mutha ku flasha anzanu ndi achibale kuma netiweki onse mwaulere muno M'Malawi ndipo adzalandila uthenga oti akuimbireni",Chichewa
xlmr,chichewa,chi_0059,0,1.0,0.5,Service-like text flagged,False,Airtel Money mogwirizana ndi OLD mutual yakubweretserani Phuka Digital Savings. Njira yodalirika yosungira ndalama zanu kudzera pa Airtel Money. Lembetsani lero ndi ndalama yosachepera <AMOUNT> poimba *211# sankhani 5 kenako 2.,Chichewa
xlmr,chichewa,chi_0075,0,1.0,0.5,Service-like text flagged,False,bungwe la dodma likumema anthu akufuna kwabwino kuti athandize bungweli ndi ndalama zoti zithe kuthandiza anthu okhudzidwa ndi namondwe.,Chichewa
xlmr,chichewa,chi_0076,0,1.0,0.5,Service-like text flagged,False,bungwe la dodma likumema anthu akufuna kwabwino kuti athandize bungweli ndi ndalama zoti zithe kuthandiza anthu okhudzidwa ndi namondwe wa fulede.,Chichewa
xlmr,chichewa,chi_0077,0,1.0,0.5,Service-like text flagged,False,bungwe la dodma likumema anthu akufuna kwabwino kuti athandize bungweli ndi ndalama zoti zithe kuthandiza anthu okhudzidwa ndi namondwe wa freddy.,Chichewa
xlmr,chichewa,chi_0081,1,0.0,0.5,Chichewa fraud missed,False,ndanyamula katundu wa m'bale wanu ndili mu depot kuchokela ku south africa,Chichewa
xlmr,chichewa,chi_0084,0,1.0,0.5,Genuine text flagged,False,bungwe la dodma lamemeza anthu akufuna kwabwino kuti athandize bungweli ndi zomwe angakwanitse zoti zithe kuthandiza anthu okhudzidwa ndi namondwe wa freddy.,Chichewa
xlmr,chichewa,chi_0087,0,1.0,0.5,Genuine text flagged,False,dodma ikumemeza anthu akufuna kwabwino kuti athandize bungweli ndi zomwe angakwanitse zoti zithe kuthandiza anthu okhudzidwa ndi namondwe wa freddy.,Chichewa
xlmr,chichewa,chi_0088,0,1.0,0.5,Genuine text flagged,False,ma bungwe osiyana siyana akumpha mayiko olemela kuti athandize dziko lino ndi zomwe angakwanitse zoti zithe kuthandiza anthu okhudzidwa ndi namondwe wa freddy.,Chichewa
xlmr,chichewa,chi_0089,0,1.0,0.5,Genuine text flagged,False,ma bungwe osiyana siyana akupempha mayiko olemela kuti athandize dziko lino ndi zomwe angakwanitse zoti zithe kuthandiza anthu okhudzidwa ndi kusefukila kwa madzi.,Chichewa
xlmr,chichewa,chi_0091,0,1.0,0.5,Genuine text flagged,False,kuti tilumikizane imbani foni chifukwa lelo sindibwela,Chichewa
xlmr,chichewa,chi_0092,0,1.0,0.5,Service-like text flagged,False,ma bungwe mdziko lino akupempha mayiko olemela kuti athandize dziko lino ndi ndalama zoti zithe kuthandiza anthu okhudzidwa ndi kusefukila kwa madzi.,Chichewa
xlmr,chichewa,chi_0093,0,1.0,0.5,Genuine text flagged,False,ma bungwe mdziko lino akupempha mayiko olemela kuti athandize dziko lino ndi katundu osiyana siyana yemwe athe kuthandiza anthu okhudzidwa ndi kusefukila kwa madzi.,Chichewa
xlmr,chichewa,chi_0097,0,1.0,0.5,Genuine text flagged,False,dziwani za AIRTEL ZiliMwaife. khalani otsogola ku dela lanu posankha chitukuko chomwe mukufuna.,Chichewa
xlmr,chichewa,chi_0102,0,1.0,0.5,Genuine text flagged,False,ma bungwe mdziko lino akupempha mayiko olemela kuti athandize dziko lino .,Chichewa
xlmr,chichewa,chi_0103,0,1.0,0.5,Genuine text flagged,False,ma bungwe mdziko lino amemeza mayiko olemela kuti athandize dziko lino ndi katundu osiyana siyana yemwe athe kuthandiza anthu omwe akhudzidwa ndi kusefukila kwa madzi.,Chichewa
xlmr,chichewa,chi_0104,0,1.0,0.5,Genuine text flagged,False,mtsogoleli wadziko lino wapempha onse akufuna kwabwino kuti athandize omwe asautsika ndi madzi osefukila.,Chichewa
xlmr,chichewa,chi_0105,1,0.0,0.5,Chichewa fraud missed,False,"ndine wa police, kuti mulowe mosavuta imbani foni",Chichewa
xlmr,chichewa,chi_0108,0,1.0,0.5,Genuine text flagged,False,mtsogoleli wadziko lino wapempha anthu akufuna kwabwino kuti athandize omwe asautsika ndi madzi osefukila.,Chichewa
xlmr,chichewa,chi_0109,0,1.0,0.5,Service-like text flagged,False,bungwe lothandiza anthu pa ngozi zogwa mwadzidzidzi la dodma likupempha boma kuti alipatse ndalama zokwanila kuti lifikile anthu okhudzidwa ndi namondwe wa freddy.,Chichewa
xlmr,chichewa,chi_0110,0,1.0,0.5,Service-like text flagged,False,akulu akulu akubungwe la dodma akukumana kuti akambilane momwe angapezele ndalama zothandizila anthu omwe akhudzidwa ndi madzi osefukila mdziko muno.,Chichewa
xlmr,chichewa,chi_0119,1,0.0,0.5,Chichewa fraud missed,False,Ndine transpoter kuchokela ku South Africa ndili ndi katundu wa m’bale wanu,Chichewa
xlmr,chichewa,chi_0131,0,1.0,0.5,Genuine text flagged,False,bungwe la ma driver mdziko lino likuchenjeza za akambelembele omwe akunamiza anthu kuti iwo ndi ma transporter ndi anenetsa kuti opezeka malawi agwira ntchito.,Chichewa
xlmr,chichewa,chi_0132,0,1.0,0.5,Genuine text flagged,False,Zikomo man ndalam yafika tsopano tikakhonzetse galimotoli tiyambepo kuthamanga,Chichewa
xlmr,chichewa,chi_0133,0,1.0,0.5,Service-like text flagged,False,Ase ndakutumizila ndalama yokwana <AMOUNT> kuti ukhonzetset njingayo mawa ubwelele ku business.,Chichewa
xlmr,chichewa,chi_0135,0,1.0,0.5,Service-like text flagged,False,braz tatibwelekeni ndalama titumize katundu kwa customer ku Mzuzu tibweza zikayenda. Mutumize ndalamayo ku number yathuyi.,Chichewa
xlmr,chichewa,chi_0137,0,1.0,0.5,Genuine text flagged,False,bro! mawa ndikhala ndikufika kuchokela ku joni nde ukandichangamile mu depot yama bus mmawa.,Chichewa
xlmr,chichewa,chi_0138,0,1.0,0.5,Genuine text flagged,False,braz tatumizani kanganyase kuti tiyendele transport kupita mtown.,Chichewa
xlmr,chichewa,chi_0139,0,1.0,0.5,Service-like text flagged,False,katundu wanu wanyamuka ndipo ndalama ya transport mukalipila pokatenga. Ndalama zonse ndi <AMOUNT> .,Chichewa
xlmr,chichewa,chi_0141,0,0.998,0.5,Genuine text flagged,False,ndayandikila pa mwanza border kuchoke ku South Africa chonde! dzanditenge ndilibe ya transport.,Chichewa
xlmr,chichewa,chi_0143,0,1.0,0.5,Service-like text flagged,False,ndine Alinafe ndimati mkudziwitseni kut ndalama yomwe munatumiza ya transport ija sikukwanila chonde onjezelani ina. Mutumize ku nambala ya airtel.,Chichewa
xlmr,chichewa,chi_0145,0,1.0,0.5,Service-like text flagged,False,ndine James ndati ndikudziwitseni kuti ndalama ya transport ikufunika kuti ndikwele bus kuchokela ku Wenela kukafika ku Mandala. yomwe inalipo singakwane.,Chichewa
xlmr,chichewa,chi_0151,1,0.0,0.5,Chichewa fraud missed,False,Ndine agent wa Airtel money. ndatumiza ndalama ku nambala yanu mwangozi chonde bwezani.,Chichewa
xlmr,chichewa,chi_0152,0,0.844,0.5,Ambiguous,False,ok tione madzulowa zikayenda,Chichewa
xlmr,chichewa,chi_0158,0,1.0,0.5,Service-like text flagged,False,Balansi <AMOUNT> ; PaNet MoFaya Weekly 2.67GB itha pa 06-11-2023; Chezani Weekly 1200: 99min itha pa 06-11-2023; Download My Airtel App here <URL> to view all balances.,Chichewa
xlmr,chichewa,chi_0172,1,0.0,0.5,Chichewa fraud missed,False,ndine transporter ndapatsidwa katundu ndi m’bale wanu kuchokela ku South Africa.,Chichewa
xlmr,chichewa,chi_0187,1,0.0,0.5,Chichewa fraud missed,False,ngati mwatopa ndi umphawi joinani mpingo wathu wa satanic mulemela,Chichewa
xlmr,chichewa,chi_0205,0,1.0,0.5,Genuine text flagged,False,mubwele koma osalephela man nthawi sikutilola we have missed alot of days without discussions.,Chichewa
xlmr,chichewa,chi_0215,0,1.0,0.5,Genuine text flagged,False,chonde mudzandichangamile mu Wenela bus depot ndanyamula katundu wochuluka kwambiri.,Chichewa
xlmr,chichewa,chi_0220,0,1.0,0.5,Genuine text flagged,False,Unduna wa za umoyo ukudziwitsa anthu onse kuti kwadza mulili wa kolela ndipo samalani posamba mmanja nthawi zonse ndi soap.,Chichewa
xlmr,chichewa,chi_0225,0,1.0,0.5,Genuine text flagged,False,Polio ndi nthenda yoopsa zedi. Tetezani ana anu pokawabayitsa katemela mmadela anu,Chichewa
xlmr,chichewa,chi_0234,0,1.0,0.5,Service-like text flagged,False,amalume kodi mungatithandizeko ndindalama yoti ndionjezele kugula feteleza vula isanayambe? pepanitu malume zangondivuta chabe penapake ndikanatha kugula.,Chichewa
xlmr,chichewa,chi_0235,0,1.0,0.5,Service-like text flagged,False,"Mvelani nkhani zongochitika kumene poyimba * <AMOUNT> *. Zodiak, zikachitika mumvela kwa ife.",Chichewa
xlmr,chichewa,chi_0246,1,0.0,0.5,Chichewa fraud missed,False,ndine agent wa Mpamba. ndapatsidwa ndalama ndi m'bale wanu kuti ndutumizileni.,Chichewa
xlmr,chichewa,chi_0248,0,1.0,0.5,Service-like text flagged,False,bwana tithandizeni ndalama ngati mungapezeke nayo tigulire bundle ya internet. kkkkk,Chichewa
xlmr,chichewa,chi_0250,0,1.0,0.5,Service-like text flagged,False,bwana mutibweleke ndalama tibweza pompano tufuna tiwombole zinthu pa border.,Chichewa
xlmr,chichewa,chi_0263,0,1.0,0.5,Genuine text flagged,False,"mawu oyamba akuchokela mu bukhu lopatulika la mlaliki luka 21:48 ndipo akuti ""ndipo Ambuye wathu atapachikidwa pa mtanda, anthu onse anabwelela mmakwawo.",Chichewa
xlmr,chichewa,chi_0264,0,1.0,0.5,Genuine text flagged,False,mawu opatulika amati lolani ana adze kwa ine. chonde makolo muziwalimbikitsa ana anu kutamanda Yehova.,Chichewa
xlmr,chichewa,chi_0265,0,1.0,0.5,Genuine text flagged,False,bungwe la evangelico association of malawi likumemani nonse ku chinsokhano chapa chaka ku area 47 mu mzinda wa Lilongwe.,Chichewa
xlmr,chichewa,chi_0269,0,1.0,0.5,Service-like text flagged,False,Ndine mayi wako wang'ono kuno kumudzi Kukasiya. Chonde mwanawe tithandizeko ndalama tigule nawo feteleza wa AIP.,Chichewa
xlmr,chichewa,chi_0270,0,1.0,0.5,Service-like text flagged,False,Ndine Chifuniro ndimati ndibwele ku tawuniko mkasake ganyu koma ndalama ya transport ndilibe mundithandizeko.,Chichewa
xlmr,chichewa,chi_0271,0,1.0,0.5,Service-like text flagged,False,Malume kuno kumudzi chimanga cha tchipa tumizani ndalama kuti mugule nawo chisanakwele mitengo.,Chichewa
xlmr,chichewa,chi_0272,1,0.0,0.5,Chichewa fraud missed,False,ndine John James ndatenga katundu wabale wanu kuchokela ku south africa. Imbani kuti mutenge.,Chichewa
xlmr,chichewa,chi_0278,1,0.006,0.5,Chichewa fraud missed,False,ndiimbileni ndine transporter ndapatsidwa katundu ndi m'bale wanu kuchokela ku south africa.,Chichewa
xlmr,chichewa,chi_0282,0,1.0,0.5,Service-like text flagged,False,Ndine Rajab ku Blantyre ndimafuna ndibwele kwanu mwezi wa mawa koma ndalama ya transport siyokwanila,Chichewa
xlmr,chichewa,chi_0287,0,1.0,0.5,Service-like text flagged,False,Okondedwa akasitomala dziwani kuti nambala yanu ya chinsisi ikhale posamalika nthawi zonse ndipo musauze aliyense nambala yanu ya chinsinsi.,Chichewa
xlmr,chichewa,chi_0288,0,0.754,0.5,Genuine text flagged,False,Bungwe lothana ndi katangale likumema aMalawi tonse kuti tizikanena za zakatangale za mtundu uliwonse.,Chichewa
xlmr,chichewa,chi_0289,0,1.0,0.5,Genuine text flagged,False,kwa nonse omwe munalandila katemera woyamba wa COVID19 kalandileni wachiwiri kuti mukhale wotetezeka mokwanila. Katemera ndiwa bwino ndipo amateteza.,Chichewa
xlmr,chichewa,chi_0292,0,1.0,0.5,Genuine text flagged,False,"Sabata ino, azaumoyo akhala akuyendela khomo ndi khomo kupeleka katemera wa COVID19, komanso akhala akugawa kolorini, ORS komanso uthenga wa kapewedwe ka kolera.",Chichewa
xlmr,chichewa,chi_0293,0,1.0,0.5,Genuine text flagged,False,patani 200MB ya ULERE ya sabata imodzi mukapanga dauinilodi My Airtel App. Dziwani ndondomeko yonse pa tsambala ili <URL>,Chichewa
xlmr,chichewa,chi_0294,0,1.0,0.5,Genuine text flagged,False,Dziwani kuti ma bandulo onse a Airtel amene tili nao pa My Airtel App. Patani 200MB ya Ulere yasabata imodzi mukapamga daunilodi apa <URL>,Chichewa
xlmr,chichewa,chi_0297,0,1.0,0.5,Genuine text flagged,False,Imbani 460 mwa ulele kuti muvotele nkhani yokusangalatsani mu zilimwaife top 5. Muli mwayi oimba ndikuponya voti katatu mpaka pa 4 June 2023.,Chichewa
xlmr,chichewa,chi_0298,0,1.0,0.5,Genuine text flagged,False,"katemela wa tayifodi, poliyo, chikuku, ndi lubela ndi vitamini A akupelekedwabe mzipatala zonse pa 21 May kwa ana onse a zaka 14 kutsika musi mdziko muno.",Chichewa
xlmr,chichewa,chi_0299,0,1.0,0.5,Genuine text flagged,False,"A zaumoyo apereka katemela wa tayifodi, Poliyo, chikuku ndi lubela ndi vitamini A kwa ana obadwa kumene mpaka azaka 14 pa 15 mpaka 21 May mzipatala zonse.",Chichewa
xlmr,chichewa,chi_0303,0,1.0,0.5,Service-like text flagged,False,Balansi <AMOUNT> ; Kutapa <AMOUNT> ; PaNet MoFaya 100MB itha pa 01-04-2023; Download My Airtel App here <URL> to view all balances.,Chichewa
xlmr,chichewa,chi_0304,0,1.0,0.5,Service-like text flagged,False,Balansi <AMOUNT> ; Kutapa <AMOUNT> ; PaNet MoFaya 100MB itha pa 01-04-2023; Chezani Daily 100 2.20min itha pa 08-08-2023; Timasuke Daily <AMOUNT> balansi 190 itha pa 09-02-2023; Download My Airtel App here <URL> to view all balances.,Chichewa
xlmr,chichewa,chi_0305,0,1.0,0.5,Service-like text flagged,False,Balansi <AMOUNT> ; Kutapa <AMOUNT> ; PaNet MoFaya 10KB itha pa 08-04-2023; Chezani Daily 240 0.20min itha pa 08-08-2023; Timasuke Daily <AMOUNT> balansi 190 itha pa 09-02-2023; Download My Airtel App here <URL> to view all balances.,Chichewa
xlmr,chichewa,chi_0306,0,1.0,0.5,Service-like text flagged,False,Balance <AMOUNT> ; Kutapa <AMOUNT> ; Chezani Daily 240 0.20min itha pa 08-08-2023; Timasuke Daily <AMOUNT> balansi 190 itha pa 09-02-2023; Download My Airtel App here <URL> to view all balances.,Chichewa
xlmr,chichewa,chi_0311,0,1.0,0.5,Service-like text flagged,False,"okondedwa akasitomala, tikupepesa kamba kavuto la kusakhazikika kwa intaneti lomwe tinali nalo mdera lanu pa 03/09/2023. Vutoli tsopano lakonzedwa.",Chichewa
xlmr,chichewa,chi_0312,0,1.0,0.5,Service-like text flagged,False,"okondedwa akasitomala, mwatsala ndi <AMOUNT> . Imbani *533# kuti mubweleke maunitsi ndi KUTAPA. Sangalalani ndi macheza osatha ndi network ya Airtel",Chichewa
xlmr,chichewa,chi_0313,0,1.0,0.5,Service-like text flagged,False,Balansi <AMOUNT> ; Kutapa <AMOUNT> ; PaNet WhatsApp Bundle 9MB itha pa 02-06-2023; Download My Airtel App here <URL> to view all balances.,Chichewa
xlmr,chichewa,chi_0316,0,1.0,0.5,Service-like text flagged,False,Balansi <AMOUNT> ; Kutapa <AMOUNT> ; PaNet WhatsApp Bundle 9MB itha pa 02-06-2023; Timasuke Daily <AMOUNT> balansi 76 itha pa 02-07-2023; Download My Airtel App here <URL> to view all balances.,Chichewa
xlmr,chichewa,chi_0317,0,1.0,0.5,Service-like text flagged,False,zosangalatsa! Yankhulani ndi ndi abale ndi anansi omwe ali pama netiweki ena kwa mphindi 10 pogula bandulo ya chezani pa <AMOUNT> . Imbani *301# kuti mugule.,Chichewa
xlmr,chichewa,chi_0322,0,1.0,0.5,Service-like text flagged,False,Ngozi siyipanganika. Gulani Limodzi inshuwalansiya <AMOUNT> pa mwezi kuti musadzasowe mtengo ogwira polandira ndalama yofika <AMOUNT> . Imbani *200# sankhani 5 kenako 3.,Chichewa
xlmr,chichewa,chi_0323,0,1.0,0.5,Genuine text flagged,False,"Airtel Top8 yafikaso! BLUE EAGLES vs MIGHTY MUKURU WANDERERS pa KAMUZU lelo pa 11 Dec, 2:30PM, Anthu 300 Oyambilira kulowa alandila Ma T-shirt aTop8. #ZaMadolo!",Chichewa
xlmr,chichewa,chi_0324,0,1.0,0.5,Genuine text flagged,False,"Airtel Top8 yafikaso! DEDZA DYNAMOS vs MIGHTY MUKURU WANDERERS pa KAMUZU lelo pa 11 Dec, 2:30PM, Anthu 300 Oyambilira kulowa alandila Ma T-shirt aTop8. #ZaMadolo!",Chichewa
xlmr,chichewa,chi_0325,0,1.0,0.5,Genuine text flagged,False,U-REPORT: kuti mulowe U-Report tumizani mau okuti JOIN ku nambala iyi 1177 ndi kuyankha mafunso otsatira. U-Report ndi yaulele sikudyerani ma units.,Chichewa
xlmr,chichewa,chi_0328,0,1.0,0.5,Service-like text flagged,False,Tetezani geni yanu pamenen mwagonekedwa mchipatala kwa masiku osachepera awiri. Gulani Limodzi inshuwalansi ya <AMOUNT> pa mwezi kuti mudzipatsidwa <AMOUNT> mumasiku amene mwagona mchipatala. Imbani *211# sankhani 5 kenako 3.,Chichewa
xlmr,chichewa,chi_0329,0,1.0,0.5,Service-like text flagged,False,"Mwagula timasuke daily <AMOUNT> , ma SMS 100 ogwiritsa ntchito mpaka <PHONE> :59:20. Imbani *137# kuti muone.",Chichewa
xlmr,chichewa,chi_0330,0,1.0,0.5,Service-like text flagged,False,"Akasitomala, kumbukilani kuti Airtel imagwiritsa ntchito nambala ya + <AMOUNT> pofuna kulumikizana ndi makasitoma ake. chenjelani ndi okuba.",Chichewa
xlmr,chichewa,chi_0348,0,1.0,0.5,Genuine text flagged,False,Boma kudzela mu unduna wa za umoyo ukupeleka katemela wa chikuku ndi poliyo kwa ana osaposela zaka zisanu kumadela anu. Mukupemphedwa kuti mukawabayitse ana anu.,Chichewa
xlmr,chichewa,chi_0349,0,1.0,0.5,Genuine text flagged,False,Ngati mukumva zizindikilo za covid19 musachedwe kaonaneni ndi aza umoyo mukayezetse kuti mudziwe ngati muli ndi kachilomboka kapena ayi.,Chichewa
xlmr,chichewa,chi_0355,0,1.0,0.5,Genuine text flagged,False,MINISTRY OF HEALTH: Unduna wa za umoyo wati ukhala ukulengeza zama company omwe akhale akupeleka feteleza wa API kumadela osiyanasiyana.,Chichewa
xlmr,chichewa,chi_0360,0,1.0,0.5,Service-like text flagged,False,WordStarBet yakubweletselani mpikisano wa aviator ndipo yesani mwayi osewela ndikupata ndalama phwamwamwa,Chichewa
xlmr,chichewa,chi_0364,0,1.0,0.5,Genuine text flagged,False,Dzitetezi kumatenda opatsilana posamba mmanja ndi sopo kawiri kawiri.,Chichewa
xlmr,chichewa,chi_0372,1,0.004,0.5,Chichewa fraud missed,False,ndine transporter kuchokela ku jubegi. katundu wanu wafika pa border imbileni kuti tilumikizane,Chichewa
xlmr,chichewa,chi_0389,1,0.0,0.5,Chichewa fraud missed,False,ndine JAMES ndatenga katundu wabale wanu kuchokela ku south africa. Imbani kuti mutenge.,Chichewa
xlmr,chichewa,chi_0390,0,1.0,0.5,Genuine text flagged,False,ngati mukumvala zizindikilo za covid19 kayezetseni ku chipatala kuti mudziwe za mthupi mwanu.,Chichewa
xlmr,chichewa,chi_0391,0,1.0,0.5,Genuine text flagged,False,ngati mukumva zizindikilo za chifuwa chachikulu kaonaneni ndi adotolo .,Chichewa
xlmr,chichewa,chi_0393,0,1.0,0.5,Genuine text flagged,False,"ngati mukupitilira kukhosomola pafupipafupi, kaonaneni ndi adotolo.",Chichewa
xlmr,chichewa,chi_0394,0,1.0,0.5,Genuine text flagged,False,ngati mwakhosomola kwa sabata zoposela ziwiri kayezetseni chifuwa cha TB.,Chichewa
xlmr,chichewa,chi_0396,0,1.0,0.5,Genuine text flagged,False,ngati mwakhala mukumva kutentha thupi nthawi yayitali kayezetseni malungo.,Chichewa
xlmr,chichewa,chi_0397,0,1.0,0.5,Ambiguous,False,ngati mukulephela kupuma kayezetseni covid19,Chichewa
xlmr,chichewa,chi_0398,0,1.0,0.5,Ambiguous,False,ngati mukuvutika kupuma kayezetseni covid19,Chichewa
xlmr,chichewa,chi_0399,0,1.0,0.5,Genuine text flagged,False,ngati mukuvutika kupuma kayezetseni covid19 kuchipatala chomwe muli nacho pafupi,Chichewa
xlmr,chichewa,chi_0400,0,1.0,0.5,Genuine text flagged,False,pitani kuchipatala chomwe muli nacho pafupi kuti mudziwe zambiri za njira za kulela.,Chichewa
xlmr,chichewa,chi_0401,0,1.0,0.5,Genuine text flagged,False,pitani kuchipatala chomwe muli nacho pafupi kuti mudziwe njira zambiri za kulela wa amayi.,Chichewa
xlmr,chichewa,chi_0402,0,1.0,0.5,Genuine text flagged,False,gwiritsani ntchito njira zakulela kuti musatenge mimba mosakonzekela.,Chichewa
xlmr,chichewa,chi_0403,0,0.999,0.5,Genuine text flagged,False,kaonaneni ndi adotolo ngati mukudzikayikila za nthenda ya covid19.,Chichewa
xlmr,chichewa,chi_0406,0,1.0,0.5,Genuine text flagged,False,abanja la mtsogolo akupeleka njira za kulela kumadela anu kwa achinyamata onse.,Chichewa
xlmr,chichewa,chi_0407,0,0.996,0.5,Genuine text flagged,False,abanja la mtsogolo amathandiza achinyamata ndi njira za kulela zapafupi.,Chichewa
xlmr,chichewa,chi_0409,0,1.0,0.5,Genuine text flagged,False,pewani mimba zosakonzekela pogwiritsa ntchito ma emergency pills.,Chichewa
xlmr,chichewa,chi_0410,0,1.0,0.5,Genuine text flagged,False,pewani mimba zosakonzekala pogwiritsa ntchito njira zama pilitsi.,Chichewa
xlmr,chichewa,chi_0429,0,1.0,0.5,Service-like text flagged,False,DODMA:bungwe la dodma likupempha anthu akufuna kwabwino kuti athandize ndi ndalama zoti zithe kuthandiza anthu okhudzidwa ndi kusefukila ndi madzi.,Chichewa
xlmr,chichewa,chi_0430,0,1.0,0.5,Service-like text flagged,False,DODMA:bungwe lothandiza anthu pa ngozi zogwa mwadzidzidzi la dodma likupempha boma kuti alipatse ndalama zokwanila kuti lifikile anthu okhudzidwa ndi namondwe wa freddy.,Chichewa
xlmr,chichewa,chi_0431,0,1.0,0.5,Service-like text flagged,False,DODMA:akulu akulu akubungwe la dodma akukumana kuti akambilane momwe angapezele ndalama zothandizila anthu omwe akhudzidwa ndi madzi osefukila mdziko muno.,Chichewa
xlmr,chichewa,chi_0443,1,0.001,0.5,Chichewa fraud missed,False,TRANSPORTER:ndine transporter ndapatsidwa katundu ndi m’bale wanu kuchokela ku South Africa.,Chichewa
xlmr,chichewa,chi_0451,0,1.0,0.5,Genuine text flagged,False,chonde mudzandichingamile mu Wenela bus depot ndanyamula katundu wochuluka kwambiri.,Chichewa
xlmr,chichewa,chi_0459,0,1.0,0.5,Genuine text flagged,False,"mawu oyamba akuchokela mu bukhu lopatulika la mlaliki luka 21:48 ndipo akuti ""ndipo Ambuye wathu atapachikidwa pa mtanda, anthu onse onse anabwelela mmakwawo.",Chichewa
xlmr,chichewa,chi_0462,0,1.0,0.5,Genuine text flagged,False,Unduna waza umoyo kuzela muzipatala zosiyanasiyana uzigawa katemera wa covid 19,Chichewa
xlmr,chichewa,chi_0465,0,1.0,0.5,Service-like text flagged,False,"Dear akasitomala, Airtel yikupepesa kamba kovuta kwa itaneti dzulo.",Chichewa
xlmr,chichewa,chi_0466,0,0.999,0.5,Service-like text flagged,False,Ndi mpamba mutha kulipila ma bilu anu amagetsi kwanu konko,Chichewa
xlmr,chichewa,chi_0469,0,1.0,0.5,Service-like text flagged,False,Ngozi siyipanganika. Gulani limozi inshulansi ya <AMOUNT> pa mwezi kuti musazasowe mtengo ogwira polandira ndalama yofika <AMOUNT> .,Chichewa
xlmr,chichewa,chi_0470,0,1.0,0.5,Service-like text flagged,False,A Blantyre Waterboard akuziwisa akasitomala awo kuti akhala akukonza makina awo mawa kuyamba nthawi ya 7:00 mpaka 10:00 okoloko mamawa,Chichewa
xlmr,chichewa,chi_0473,0,1.0,0.5,Genuine text flagged,False,Mutha kulandila mawu achilimbikiso ku Nkhoma Synod pogwirisa ntchito foni yanu ya m'manja.,Chichewa
xlmr,chichewa,chi_0478,0,1.0,0.5,Genuine text flagged,False,A ESCOM akupepesa kamba kavuto lothimathima kwa magesi dzulo.,Chichewa
xlmr,chichewa,chi_0480,0,1.0,0.5,Service-like text flagged,False,Lilongwe Water Board yikuziwisa akasitomala awo kuti kukhala vuto la madzi pa June 6 .,Chichewa
xlmr,chichewa,chi_0483,0,1.0,0.5,Genuine text flagged,False,Mwalandila bonus yo kwana 5 minutes woyimbila ma nambala airtel okhaokha,Chichewa
xlmr,chichewa,chi_0484,0,1.0,0.5,Service-like text flagged,False,Mwalandila 50 MB ya initaneti yamasiku asanu kuchoka ku airtel,Chichewa
xlmr,chichewa,chi_0485,0,1.0,0.5,Service-like text flagged,False,"Okondedwa akasitomala, mwatsala ndi <AMOUNT> . Imbani *533* kuti mubwereke mayunutsi ndi KUTAPA.",Chichewa
xlmr,chichewa,chi_0489,0,1.0,0.5,Service-like text flagged,False,mwalandila ndalama kuchokela kwa <AMOUNT> -Eldah Banda on 08/06/2023 15:49:57. Amt: <AMOUNT>,Chichewa
xlmr,chichewa,chi_0490,0,1.0,0.5,Service-like text flagged,False,Trans ID: C <PHONE> .D98854: mwalandila <AMOUNT> kuchokela kwa Jane Andrew,Chichewa
xlmr,chichewa,chi_0494,0,1.0,0.5,Service-like text flagged,False,"Ondedwa MR JOHN MHANGO, Acct: <PHONE> yalandila: <AMOUNT> DR Tsiku: <AMOUNT> Desc: ATM, , Ref: FT321376H6VS/BNK, zikomo NBM",Chichewa
xlmr,chichewa,chi_0495,0,1.0,0.5,Service-like text flagged,False,Ndalama zanu ndi <AMOUNT> ndipo mukhoza kugwiritsa ntchito mpaka 06/08/2023,Chichewa
xlmr,chichewa,chi_0496,0,1.0,0.5,Genuine text flagged,False,Muli ndi 100 mtolo minutes woyimbira manambala a TNM okhaokha.,Chichewa
xlmr,chichewa,chi_0499,0,1.0,0.5,Genuine text flagged,False,"Hello, Ndinakuyimbilani pa 2023-04-24 at 11:23. chonde ndiyimbilensoni, zikomo.",Chichewa
xlmr,chichewa,chi_0500,0,1.0,0.5,Service-like text flagged,False,Balance yanu ndi: <AMOUNT> . Fee: <AMOUNT> .,Chichewa
xlmr,chichewa,chi_0501,0,1.0,0.5,Service-like text flagged,False,Sangalalani popeleka mabilu anu a ESCOM kuzela ku mpamba popanda msonkho,Chichewa
xlmr,chichewa,chi_0511,0,1.0,0.5,Genuine text flagged,False,Sangalalani ndi intaneti yopambana ya 4G pa TNM,Chichewa
xlmr,chichewa,chi_0512,0,1.0,0.5,Service-like text flagged,False,"Gulani mtolo wa intaneti lero. Imbani *202#, kenaka 2 kuti musankhe mtolo wanuwanu wa pa intaneti.",Chichewa
xlmr,chichewa,chi_0513,0,1.0,0.5,Service-like text flagged,False,"Gulani voice bundle lero. Imbani *202#, kenaka 2 kuti musankhe voice bundle yakumtima kwanu.",Chichewa
xlmr,chichewa,chi_0517,0,1.0,0.5,Genuine text flagged,False,Ngati muli ndi abale anu odwala maso mupite nawo kuchipatala chomwe muli nacho pafupi kuti akalandile thandizo,Chichewa
xlmr,chichewa,chi_0518,0,1.0,0.5,Genuine text flagged,False,Nonse mukuitanidwa kuchimusonkhano cha ambuye Yesu chomwe chichitikile mu mzinda wa Lilongwe. Kukakhala machiliso ndi ulaliki wa chipulumuso,Chichewa
xlmr,chichewa,chi_0522,0,1.0,0.5,Service-like text flagged,False,Sangalalani mwalandila khetekhete bonasi ya mphindi 5 zoyimbira anzanu a Airtel. Imbani *137# kuti muone balance,Chichewa
xlmr,chichewa,chi_0523,0,1.0,0.5,Service-like text flagged,False,Mwagwilisa ntchito paNet MoFaya bandulo ya 50. Imbani *301# kuti muguleso bunddulo yina.,Chichewa
xlmr,chichewa,chi_0524,0,1.0,0.5,Ambiguous,False,Chonde ndiyimbileni pa <PHONE> .,Chichewa
xlmr,chichewa,chi_0528,0,1.0,0.5,Genuine text flagged,False,Mawu opatulika amati tizikondana. Chonde abale tizichitilana zabwino m'modzi ndi nzake.,Chichewa
xlmr,chichewa,chi_0529,0,1.0,0.5,Service-like text flagged,False,"Okondedwa akasitomala, tikhala ndi vuto la madzi lachinayi sabata yino. Izi zili choncho chifukwa tikhala tikukhoza makina athu pa tsiku limenelo",Chichewa
xlmr,chichewa,chi_0534,0,1.0,0.5,Genuine text flagged,False,"Ngati pali vuto la magetsi, chonde yimbani kunambala iyi 2020 kuti tikuthandizeni",Chichewa
xlmr,chichewa,chi_0535,0,1.0,0.5,Genuine text flagged,False,Mukaona munthu aliyense akuchosa zikwangwani za msewu. Chonde kamunenereni ku police yomwe muli nayo pafupi kapena yimbani pa nambala iyi.,Chichewa
xlmr,chichewa,chi_0536,0,1.0,0.5,Genuine text flagged,False,Mukaona munthu aliyense akuchosa ma payipi a Water Board. Chonde kamunenereni ku police yomwe muli nayo pafupi kapena tiziwiseni poyimba nambala iyi.,Chichewa
xlmr,chichewa,chi_0540,0,1.0,0.5,Service-like text flagged,False,Gwirisani ntchito MUKURU ngati mfuna kutumiza ndalama kwa abale anu akunja.,Chichewa
xlmr,chichewa,chi_0541,0,1.0,0.5,Service-like text flagged,False,MUKURU ndi njira yimodzi yodalilika potumiza kapena kulandila ndalama kuchokera kunja kwa dziko.,Chichewa
xlmr,chichewa,chi_0542,0,0.996,0.5,Genuine text flagged,False,Yesu ndi ambuye ndipo mupulumusi wathu. Tiyeni tonse tizimulambira Yesu Khristu,Chichewa
xlmr,chichewa,chi_0546,0,1.0,0.5,Genuine text flagged,False,Bwelesani agalu anu ku sukulu za pulayimale la Chisanu kuti azathe kulandila nawo katemela woteteza kuchiwewe.,Chichewa
xlmr,chichewa,chi_0547,0,1.0,0.5,Genuine text flagged,False,Unduna waza umoyo utiziwisa kuti tiyeni tiziteteze kumatenda a EDZI pogonana poziteteza,Chichewa
xlmr,chichewa,chi_0548,0,1.0,0.5,Genuine text flagged,False,Boma kuzela ku DODMA likuchenjeza kuti tisamuke mumalo osefukila ndi madzi kuti tipewe ngozi kamba ka madzi osefukila.,Chichewa
xlmr,chichewa,chi_0552,0,1.0,0.5,Genuine text flagged,False,"Tiyeni tikhale aukhondo nthawi zonse kuti tipewe matenda osegula m,mimba ngati kolera",Chichewa
xlmr,chichewa,chi_0553,0,1.0,0.5,Genuine text flagged,False,Mawu opatulika amati pemphero ndi chida chathu. Abale tiyeni tizipemphera nthawi zonse kuti tizalandile chipulumuso.,Chichewa
xlmr,chichewa,chi_0554,1,0.0,0.5,Chichewa fraud missed,False,ndapatsidwa katundu wa m'bale wanu yemwe ali ku south africa,Chichewa
xlmr,chichewa,chi_0555,1,0.0,0.5,Chichewa fraud missed,False,ndanyamula katundu wa bale wanu yemwe ali ku joni,Chichewa
xlmr,chichewa,chi_0557,0,1.0,0.5,Service-like text flagged,False,Tiketi imodzi YAULELE ya <AMOUNT> ikudikila inu <PHONE> .Muthakupata pompo. Tumizani YES ku 1515 kuti mulowe,Chichewa
xlmr,chichewa,chi_0558,0,1.0,0.5,Genuine text flagged,False,Unduna waza maphunziro mu dziko lino walengeza zakuseguilaso kwa sululu zonse mu dziko lino zomwe zinatsekedwa kamba ka covid 19,Chichewa
xlmr,chichewa,chi_0559,0,1.0,0.5,Service-like text flagged,False,"Okondedwa akasitomala, tikupepesa kamba kavuto la kusakhazikika kwa intaneti lomwe tinali nalo m'dera lanu lero pa 06/06/2023. Vutoi tsopano lakonzedwa",Chichewa
xlmr,chichewa,chi_0563,0,1.0,0.5,Genuine text flagged,False,Imbani 460 mwaulele kuti muvotele nkhani yokusangalasani mu ZiliMwaife Top 5. Muli ndi mwayi woimba ndikuponya voti katatu mpaka pa 4 junu 2023.,Chichewa
xlmr,chichewa,chi_0564,0,1.0,0.5,Service-like text flagged,False,Sasangalalani! Mwalandila khetekhete bonasi ya mphindi 5 zoyimbira anzanu a Airtel. Imbani *137# kuti muone balance,Chichewa
xlmr,chichewa,chi_0565,0,1.0,0.5,Service-like text flagged,False,Okondedwa akasitomala. Osataya nthawi! Landilani ndalama pa mpamba kuchokela ku South Africa kuzera ku Mukuru. Uzani abale ndi abwezi ku South Africa kuti akhoza kutumiza ndalama ndi Mukuru.,Chichewa
xlmr,chichewa,chi_0566,0,1.0,0.5,Ambiguous,False,TNM Mpamba yodalilika. Yotetezeka,Chichewa
xlmr,chichewa,chi_0571,0,1.0,0.5,Genuine text flagged,False,Mwalandila 100 Mtolo minutes a bonasi woyimbira manambala a TNM okha,Chichewa
xlmr,chichewa,chi_0575,0,1.0,0.5,Service-like text flagged,False,"Mwapata tiketi yaulele. Imbani *1515# kuti mulembese, loselani molondola ma game 13 ndikupata mamiliyoni",Chichewa
xlmr,chichewa,chi_0577,1,0.0,0.5,Ambiguous,False,mukuyankhulana ndi agent,Chichewa
xlmr,chichewa,chi_0581,1,0.0,0.5,Ambiguous,False,ndapatsidwa katundu wa m'bale wanu,Chichewa
xlmr,chichewa,chi_0593,0,0.675,0.5,Genuine text flagged,False,ndine azakhali anu ma ndimati ndibwele kunyumba kwanu mdzakuoneni,Chichewa
xlmr,chichewa,chi_0595,1,0.0,0.5,Ambiguous,False,mwapata mphoto ku premier loto,Chichewa
xlmr,chichewa,chi_0597,1,0.01,0.5,Chichewa fraud missed,False,nambala yanu yachita mwayi olandila ndalama zokwana,Chichewa
xlmr,chichewa,chi_0601,0,1.0,0.5,Genuine text flagged,False,mukudziwitsidwa kuti netiweki yathu ikhala ikukonzedwa kuyambila 22:00 mpaka 00:00 usiku.,Chichewa
xlmr,chichewa,chi_0603,0,1.0,0.5,Genuine text flagged,False,mukudziwitsidwa kuti tikhala tikukonza makina athu usiku kuyambila 22:00PM mpaka 01:00 AM.,Chichewa
xlmr,chichewa,chi_0604,0,1.0,0.5,Genuine text flagged,False,tikupepesa kaamba kakuvutavuta kwa netiweki yathu masana atsiku lalelo. tsopano vutoli latha.,Chichewa
xlmr,chichewa,chi_0605,0,1.0,0.5,Service-like text flagged,False,tikupepesa akasitomala kaamba kakuonongeka kwa makina athu kotelo akatswiri athu akukonza vutoli,Chichewa
xlmr,chichewa,chi_0606,1,0.0,0.5,Chichewa fraud missed,False,ndine agent ndili ndi katundu wa mzanu yemwe ali ku juberg.,Chichewa
xlmr,chichewa,chi_0611,0,1.0,0.5,Genuine text flagged,False,ndafikako mwa mkulu uja koma simnamupezeko,Chichewa
xlmr,chichewa,chi_0622,0,1.0,0.5,Ambiguous,False,balansi yanu ndi <AMOUNT> .,Chichewa
xlmr,chichewa,chi_0623,0,1.0,0.5,Service-like text flagged,False,"mwagula timasuke daily <AMOUNT> , ma SMS 100 ogwiritsa ntchito mpaka <PHONE> :59:20.",Chichewa
xlmr,chichewa,chi_0625,0,1.0,0.5,Service-like text flagged,False,Mwagwilisa ntchito paNet MoFaya bandulo ya 50. Imbani *301# kuti muguleso bunddulo yina,Chichewa
xlmr,chichewa,chi_0626,0,1.0,0.5,Ambiguous,False,Chonde ndiyimbileni pa <PHONE>,Chichewa
xlmr,chichewa,chi_0628,0,1.0,0.5,Service-like text flagged,False,MPAMBA: Okondedwa akasitomala. Osataya nthawi! Landilani ndalama pa mpamba kuchokela ku South Africa kuzera ku Mukuru. Uzani abale ndi abwezi ku South Africa kuti akhoza kutumiza ndalama ndi Mukuru.,Chichewa
xlmr,chichewa,chi_0629,0,1.0,0.5,Ambiguous,False,"mpamba: TNM Mpamba yodalilika, Yotetezeka",Chichewa
xlmr,chichewa,chi_0632,0,1.0,0.5,Service-like text flagged,False,Tsopano mutha kutumiza ndalama ku Tanzania ndi Zambia kuzera pa AIRTEL Money,Chichewa
xlmr,chichewa,chi_0633,0,1.0,0.5,Service-like text flagged,False,Sanglalani ndikukhala olumikizidwa ndi bandula ya WhatsApp ya TNM ya 1.4 GB ya pa mwezi pa mtengo wa <AMOUNT>,Chichewa
xlmr,chichewa,chi_0637,0,1.0,0.5,Genuine text flagged,False,Pasavute bwelekani mayunisi ndi mabandulo mpaka pa mulingo wa ngongole yanu,Chichewa
xlmr,chichewa,chi_0638,0,1.0,0.5,Service-like text flagged,False,Okondedwa akasitomala. Osataya nthawi. Landilani ndalama pa mpamba ku choka ku South Africa kudzera ku MUKURU.,Chichewa
xlmr,chichewa,chi_0639,0,1.0,0.5,Service-like text flagged,False,Uzani abale ndi abwezi ku South Africa kuti akhonza kutumiza ndalama ndi MUKURU. TNM mpamba,Chichewa
xlmr,chichewa,chi_0640,0,1.0,0.5,Service-like text flagged,False,"Okondedwa akasitomala, lipilani ma fizi a NRB PA MPAMBA",Chichewa
xlmr,chichewa,chi_0644,0,1.0,0.5,Service-like text flagged,False,Sungani ndalama yosachepela <AMOUNT> ndi Old Mutual Unit Trust pogwirisa ntchito mpamba fesa kuti mulandile chiongola dzanja chochuluka,Chichewa
xlmr,chichewa,chi_0670,0,1.0,0.5,Service-like text flagged,False,Muli ndi 22 minutes 13 seconds woyimbira ku TNM ndi manetiweki ena.7 Recharge Bonus minutes woyimbira manambala a TNM okha.271.32 MB ya intaneti.12.00 Smile Points,Chichewa
xlmr,chichewa,chi_0671,0,1.0,0.5,Service-like text flagged,False,"Ngongole yanu ya Pasavute yatheka ndipo mwalandila <AMOUNT> , Bwezani pasanafike pa 31/01/2025.Balansi yanu ndi <AMOUNT> .Zikomo pogwiritsa TNM.",Chichewa
xlmr,chichewa,chi_0672,0,1.0,0.5,Service-like text flagged,False,Okondedwa akasitomala mulibe ndalama zokwanira. Onjezerani mayunitsi ndikuyesanso,Chichewa
xlmr,chichewa,chi_0673,0,1.0,0.5,Service-like text flagged,False,Ngozi siipanganika.Gulani Limodzi Inshuwalansi ya <AMOUNT> pa mwezi kuti musazasowe mtengo ogwira mukachita ngozi polandira ndalama yotha kufika <AMOUNT> . Imbani *211# sankhani 5 kenako 3.,Chichewa
xlmr,chichewa,chi_0674,0,1.0,0.5,Telco service text flagged,False,"Mwagula Timasuke Daily <AMOUNT> , ma SMS 100 ogwritsa ntchito mpaka <PHONE> :59. Imbani *137*100# kuti muone otsala",Chichewa
xlmr,chichewa,chi_0675,0,1.0,0.5,Telco service text flagged,False,"Mwagula Timasuke Daily <AMOUNT> , ma SMS 100 ogwritsa ntchito mpaka . <PHONE> :59. Imbani *137*100# kuti muone otsala.",Chichewa
xlmr,chichewa,chi_0676,0,1.0,0.5,Telco service text flagged,False,"A TNM azakhala pa Njamba Freedom Park pa TNM Kiosk, lachiwiri pa 13 December, 2022, 09:00 mmawa. Uwu ndi Mwayi wanu oti muzakhale Agent wa Mpamba, Agent Olemba ma SIMcard kapena Customer wa Mpamba. KUMBUKIRANI KUBWERA NDI CHIPHASO CHAUNZIKA CHANU.",Chichewa
xlmr,chichewa,chi_0677,0,1.0,0.5,Telco service text flagged,False,"A TNM akhala pa Manja Mpamba Branch Opposite Chipiku, Lachinayi pa 16 February, 2023, kuyambira nthawi ya 11:00 mmawa. Uwu ndi Mwayi wanu oti muzakhale Agent wa Mpamba, Agent Olemba ma SIMcard kapena Customer wa Mpamba. KUMBUKIRANI KUBWERA NDI CHIPHASO CHAUNZIKA CHANU.",Chichewa
xlmr,chichewa,chi_0678,0,1.0,0.5,Telco service text flagged,False,Macheza osatha ndi Chezani Daily <AMOUNT> yatsopano. Lumikizanani ndi anzanu a Airtel kwa mphindi 5 zogwira ntchito maola 24. Imbani *301# kuti mugule.,Chichewa
xlmr,chichewa,chi_0679,0,1.0,0.5,Telco service text flagged,False,Bandulo ya Chezani Daily ya <AMOUNT> isiya kugwila ntchito kuyambila pa 4 April 2023. Gulani Chezani <AMOUNT> ya maola 24 ya mphindi 5 kuti mupitilize macheza ndi anzanu.,Chichewa
xlmr,chichewa,chi_0680,0,1.0,0.5,Telco service text flagged,False,"Osatha mtunda ndi ndalama! lipirani mayeso a PSLCE, JCE komanso MSCE ndi Airtel Money. Imbani *919# ndikulemba Invoice Number mwapatsidwa polembetsa.",Chichewa
xlmr,chichewa,chi_0681,0,1.0,0.5,Telco service text flagged,False,"Trans ID : CO <PHONE> .I89181. You have sent <AMOUNT> to <AMOUNT> ,CHIKONDI MUKHUMBE. Your balance is <AMOUNT>",Chichewa
xlmr,chichewa,chi_0682,0,1.0,0.5,Telco service text flagged,False,"Osavutika ndi Mizere!! Gwiritsani ntchito Airtel Money polipira magetsi, madzi, misonkho ya MRA, bet komanso TV. Imbani *211# kapena My Airtel App.",Chichewa
xlmr,chichewa,chi_0683,0,1.0,0.5,Telco service text flagged,False,"Athandizeni abwenzi anu kuti akhale ndi akaunti ya Airtel Money. Chofunika kuchita: agule simu khadi la airtel pa mtengo wa <AMOUNT> . Kulembetsa ndi ulele, koma akuyenera kuyikiza ndalama yoyambira yosachepera <AMOUNT> .",Chichewa
xlmr,chichewa,chi_0684,0,1.0,0.5,Telco service text flagged,False,Dziwani kuti mtengo wa simu khadi ya airtel ndi <AMOUNT> . Ndipo tsopano kasitomala azilandira bonasi ya <AMOUNT> akaonjenzera mayunitsi osachepera <AMOUNT> koyamba. Awuzeniko anzanu.,Chichewa
xlmr,chichewa,chi_0685,0,1.0,0.5,Telco service text flagged,False,SANGALALANI! mwalandira Khethekhethe 120MB bonasi ya intaneti . Imbani *137# kuti muone balansi.,Chichewa
xlmr,chichewa,chi_0686,0,1.0,0.5,Telco service text flagged,False,"Landirani bonasi yofika mpaka 25% mukazigulira mayunitsi a foni yanu ndi Airtel Money. Imbani *211#, sankhani 1 Kugula mayunitsi kenako 1 Ku nambala yanga, Lowetsani ndalama komaliza lowetsani PIN. Imbani *137*1# kuti muone bonasi.",Chichewa
xlmr,chichewa,chi_0687,0,1.0,0.5,Telco service text flagged,False,"Akasitomala, mwabwezeretsedwa ndalama zomwe munadulidwa pogula bandulo yomwe simunapatsidwe pa 14 Nov 2022. Imbani *211# kuti muone balansi yanu.",Chichewa
xlmr,chichewa,chi_0688,0,1.0,0.5,Telco service text flagged,False,Pezani phindu ndi ndalama yanu mu akaunti ya Airtel Money. Gulani mayunitsi amagetsi opanda kudulidwa ndalama iliyonse. Imbani *211#.,Chichewa
xlmr,chichewa,chi_0689,0,1.0,0.5,Telco service text flagged,False,"Tsopano mutha kuyimba foni ku netiweki iliyonse, pa mtengo umodzi ndi ma bandulo atsopano a Chezani! Imbani *301# kapena gwilitsani ntchito My Airtel App kuti mugule lero.",Chichewa
xlmr,chichewa,chi_0690,0,1.0,0.5,Telco service text flagged,False,"A MultiChoice akhala akukonza makina awo pa 07/12/22 nthawi ya 11:00 PM mpaka pa 08/12/22 03:35 AM, kotelo, Kulipira DSTV ndi GOTV pogwiritsa ntchito AirtelMoney sikudzatheka.",Chichewa
xlmr,chichewa,chi_0691,0,1.0,0.5,Telco service text flagged,False,"Tikhala tikukonza makina athu kuyambira 12 koloko usiku wa lero mpaka 5 koloko mmawa. Pa nthawiyi kuyimba foni, kutumiza uthenga ndi intaneti kutha kuvutirapo",Chichewa
xlmr,chichewa,chi_0692,0,1.0,0.5,Telco service text flagged,False,"Potenga ndalama kwa Agenti, onetsetsani kuti mwatsimikiza dzina lomwe laonetsa kuti ndi Agenti amene mukumutumizira kupewa kutumiza kwa Agenti wolakwika.",Chichewa
xlmr,chichewa,chi_0693,0,1.0,0.5,Telco service text flagged,False,Tetezani geni yanu pamene mwagonekedwa mchipatala kwa masiku osachepera awiri. Gulani Limodzi inshuwalansi ya <AMOUNT> pa mwezi kuti mudzipatsidwa <AMOUNT> mumasiku amene mwagona mchipatala. Imbani *211# sankhani 5 kenako 3.,Chichewa
xlmr,chichewa,chi_0694,0,1.0,0.5,Telco service text flagged,False,Tetezani geni yanu pamene mwagonekedwa mchipatala. Gulani Limodzi inshuwalansi ya <AMOUNT> pa mwezi kuti mudzipatsidwa <AMOUNT> pa tsiku pamene mwagonekedwa mchipatala kwa masiku osachepera awiri. Imbani *211# sankhani 5 kenako 3.,Chichewa
xlmr,chichewa,chi_0695,0,1.0,0.5,Telco service text flagged,False,Dziwani kuti kugula magetsi kudzera pa Airtel Money sikukutheka kuyambira pa 16/04/2023 kamba ka vuto la makina a ESCOM. Vutoli likuyembekezeka kutha pa 18/04/2023. Tikupepesa kamba ka vutoli.,Chichewa
xlmr,chichewa,chi_0696,0,1.0,0.5,Telco service text flagged,False,Dziwani kuti kugula magetsi pa Airtel Money kwayamba kutheka. Tikupepesa kamba ka vutoli.,Chichewa
xlmr,chichewa,chi_0697,0,1.0,0.5,Telco service text flagged,False,Tikupepesa kamba ka vuto lomwe tinali nalo lokanika kugula ma bandulo pa *301# ndi *211# lero pa 14 April 2023. Vutoli tsopano lakonzedwa.,Chichewa
xlmr,chichewa,chi_0698,0,1.0,0.5,Telco service text flagged,False,"Okondedwa Akasitomala, tikupepesa kamba kavuto la kusakhazikika kwa intaneti lomwe tinali nalo mdera lanu lero pa 06/06/2023. Vutoli tsopano lakonzedwa.",Chichewa
xlmr,chichewa,chi_0699,0,1.0,0.5,Telco service text flagged,False,"A TNM akhala pa Manje TNM Branch mawa, Lachiwiri pa 09 May, 2023, kuyambira 10:30 mmawa. Uwu ndi mwai kwaonse amene amalakalaka kumalembesa nawo ma SIMCARD a TNM, Achinyamata, amma Shop ndi ma kiosk, chofunika ndikubwera ndi SMARTPHONE. Komaso onse ufuna kukhala Agent wa Mpamba KUMBUKIRANI KUBWERA NDI CHIPHASO CHAUNZIKA CHANU",Chichewa
xlmr,chichewa,chi_0700,0,1.0,0.5,Telco service text flagged,False,"A Tnm azakhala pa Majiga Callpoint Shop lachinayi pa 15 June 2023, kuyambira 9 koloko m'mawa. Uwu ndi Mwayi wanu oti muzakhale Agent wa Mpamba, Agent Olemba ma Simcard kapena Customer wa Mpamba. KUMBUKIRANI KUBWERA NDI CHIPHASO CHAUNZIKA CHANU.",Chichewa
xlmr,chichewa,chi_0701,0,1.0,0.5,Telco service text flagged,False,Zosangalatsa! Yankhulani ndi abale ndi anansi omwe ali pama netiweki ena kwa mphindi 10 pogula bandulo ya chezani ya <AMOUNT> . Imbani *301*2*1*2# kuti mugule,Chichewa
xlmr,chichewa,chi_0702,0,1.0,0.5,Telco service text flagged,False,Nkhani yabwino kuchokera ku Airtel. Dziwani kuti ma bandulo a Chezani oyimbila ku netiweki zonse mMalawi alipobe. Imbani *301# kuti mugule.,Chichewa
xlmr,chichewa,chi_0703,0,1.0,0.5,Telco service text flagged,False,"Wonjezelani ma units a <AMOUNT> pasanathe masiku atatu ndikupata bonasi ya <AMOUNT> yoimbira, SMS ndi intaneti. Imbani *137*21# kuti muwone bonasiyi. Airtel. The Smart",Chichewa
xlmr,chichewa,chi_0704,0,1.0,0.5,Telco service text flagged,False,Dilu ya mphamvu ya chaka chatsopano ndi imeneyi! Gulani Smart 1GB yapa tsiku ndipo mudzalandira bandulo ina ya bonasi pamwamba pake. Imbani *202# kuti mugule. TNM,Chichewa
xlmr,chichewa,chi_0705,0,1.0,0.5,Telco service text flagged,False,"Sangalalani ndi WhatsApp bandulo ya 600MB ya pa mwezi, yosaboola mthumba yochokela ku TNM pa mtengo wa <AMOUNT> . Imbani *202# kapena gwilitsani TNM Smart App kuti mugule.",Chichewa
xlmr,chichewa,chi_0706,0,1.0,0.5,Telco service text flagged,False,Mayunitsi mwaonjezela adulidwa ndikulipila ngongole yanu ya Pasavute ya <AMOUNT> . Zikomo pogwiritsa ntchito TNM,Chichewa
xlmr,chichewa,chi_0707,0,1.0,0.5,Telco service text flagged,False,Okondedwa akastomala..Imbani *202# kuti mugule ma Bandulo ena.,Chichewa
xlmr,chichewa,chi_0708,0,1.0,0.5,Telco service text flagged,False,Balansi <AMOUNT> ; Kutapa <AMOUNT> ; PaNet WhatsApp Bundle 650 MB itha pa 19-09-2023; Chezani Daily 200 10.0min itha pa 21-08-2023; Download My Airtel App here <URL> to view all balances,Chichewa
xlmr,chichewa,chi_0709,0,1.0,0.5,Telco service text flagged,False,Balansi <AMOUNT> ; Kutapa <AMOUNT> ; PaNet WhatsApp Bundle 470 MB itha pa 19-09-2023; Chezani Daily 200 7.93min itha pa 21-08-2023; Download My Airtel App here <URL> to view all balances,Chichewa
xlmr,chichewa,chi_0710,0,1.0,0.5,Telco service text flagged,False,"Katemera wa Polio akupelekedwabe kwa ana onse osakwana zaka 15. Akupelekedwa khomo ndi khomo, ku zipatala, ku sikelo ndi malo ena mpaka pa 16 September.",Chichewa
xlmr,chichewa,chi_0711,0,1.0,0.5,Telco service text flagged,False,Balansi <AMOUNT> ; Kutapa <AMOUNT> ; PaNet WhatsApp Bundle 388 MB itha pa 19-09-2023; KhetheKhethe Voice balansi 5.00 Min itha pa 21-08-2023; Download My Airtel App here <URL> to view all balances,Chichewa
xlmr,chichewa,chi_0712,0,1.0,0.5,Telco service text flagged,False,Balansi <AMOUNT> ; PaNet MoFaya 3 GB itha pa 10-08-2023; Chezani Daily 200 5.85min itha pa 04-08-2023; Download My Airtel App here <URL> to view all balances,Chichewa
xlmr,chichewa,chi_0713,0,1.0,0.5,Telco service text flagged,False,"Okondedwa Akasitomala, tikupepesa kamba ka vuto la netiweki lomwe tinali nalo m'madela ena amu mzinda wa Zomba lero pa 15 October. Vutoli tsopano lakonzedwa.",Chichewa
xlmr,chichewa,chi_0714,0,1.0,0.5,Telco service text flagged,False,"Okondedwa Akasitomala, tikupepesa kamba ka vuto la netiweki lomwe tinali nalo muchigawo cha ku Mpoto. Vutoli tsopano lakonzedwa.",Chichewa
xlmr,chichewa,chi_0715,0,1.0,0.5,Telco service text flagged,False,Tikupepesa kamba kavuto lomwe tinali nalo la kusakhazikika kwa *211# *301# *121# *136# *137# ndi My Airtel App madzulo alero pa 16/10/2023. Vutoli tsopano lakonzedwa.,Chichewa
xlmr,chichewa,chi_0716,0,1.0,0.5,Telco service text flagged,False,"Tsopano mutha kutumiza ndalama ku Tanzania ndi Zambia kudzera pa Airtel Money. Imbani *211#, sankhani 2 kutumiza ndalama, kenako 5 maiko ena, kenako 1 dziko.",Chichewa
xlmr,chichewa,chi_0717,0,1.0,0.5,Telco service text flagged,False,Musachite kukhetsa thukuta potumiza ndalama kwa anzanu ndi abale. Gwiritsani Airtel Money kutenga ndalama ku banki ndi kutumiza muli chikhalire. Imbani *211#.,Chichewa
xlmr,chichewa,chi_0718,0,1.0,0.5,Telco service text flagged,False,"Akasitomala, dziwani kuti ma bonasi onse ofika mpaka 25% omwe mumalandira mukagula maunitsi ndi Airtel Money asiya kuperekedwa pa 31-07-2023. Imbani *211# kapena gwiritsani ntchito My Airtel App kuti mupitilize kusangalala ndi ma selevisi a Airtel Money.",Chichewa
xlmr,chichewa,chi_0719,0,1.0,0.5,Telco service text flagged,False,"Okondedwa akasitomala, Mwapempha kuti tisinthe SIM card yanu ya nambala . Ngati simunapemphe chonde imbani 105. TNM.",Chichewa
xlmr,chichewa,chi_0720,0,1.0,0.5,Telco service text flagged,False,"Okondedwa Akasitomala, ngati mukukanika kugwiritsa ntchito intaneti, chonde zimitsani Foni ndikuyatsanso kenako yesaninso.",Chichewa
xlmr,chichewa,chi_0721,0,1.0,0.5,Telco service text flagged,False,"Wonjezelani ma units a <AMOUNT> pasanathe masiku atatu ndikupata bonasi ya <AMOUNT> yoimbira, SMS ndi intaneti. Imbani *137*21# kuti muwone bonasiyi.",Chichewa
xlmr,chichewa,chi_0722,0,1.0,0.5,Telco service text flagged,False,"Zosafunanso mayunitsi, mutha ku flasha anzanu ndi achibale kuma netiweki onse mwaulere muno MMalawi ndipo adzalandila uthenga oti akuimbireni.",Chichewa
xlmr,chichewa,chi_0723,0,1.0,0.5,Telco service text flagged,False,"Zosafunanso mayunitsi, mutha ku flasha anzanu ndi achibale kuma netiweki onse mwaulere muno M'Malawi ndipo adzalandila uthenga oti akuimbireni.",Chichewa
xlmr,chichewa,chi_0724,0,1.0,0.5,Telco service text flagged,False,ZOSANGALATSATU! Tumizani ma SMS awiri okha ndipo mudzalandira ma SMS 30 AWULERE ochezera ndi anzanu apaAirtel. #AReasonToImagine,Chichewa
xlmr,chichewa,chi_0725,0,1.0,0.5,Telco service text flagged,False,MA SMS MBWEEE! Landirani ma SMS 30 AULERE mukatumiza ma SMS awiri okha. Chezani ndi abale ndi okondedwa anu apaAirtel lero. #AReasonToImagine,Chichewa
xlmr,chichewa,chi_0726,0,1.0,0.5,Telco service text flagged,False,Sungani ndalama zosachepera <AMOUNT> ndi kupeza phindu la tsiku ndi tsiku kudzera pa foni yanu ndi Phuka Digital Savings pa Airtel Money. Imbani *211# sankhani 5 kenako 2 kuti mulembetse.,Chichewa
xlmr,chichewa,chi_0727,0,1.0,0.5,Telco service text flagged,False,Chulukitsani mawini pa ndalama zanu ndi Phuka Digital Savings posunga ndalama zosachepera <AMOUNT> pa Airtel money. Imbani *211# sankhani 5 kenako 2 kuti mulembetse.,Chichewa
xlmr,chichewa,chi_0728,0,1.0,0.5,Telco service text flagged,False,"Kuti mugule mabandulo a Agulu, imbani *202#, sindikizani 2, kenako sankhani bandulo yakumtima kwanu. TNM Netiweki yokhayo ya 5G Mmalawi.",Chichewa
xlmr,chichewa,chi_0729,0,1.0,0.5,Telco service text flagged,False,"Lembetsani ku mndandanda wa Mabandulo a Agulu potsindikiza *202#, kenako kusankha 2, kenako 4. TNM Netiweki yokhayo ya 5G Mmalawi.",Chichewa
xlmr,chichewa,chi_0730,0,1.0,0.5,Telco service text flagged,False,"Okondedwa Akasitomala, dziwani kuti kuyambila pa 5 December 2023, mabandulo a Chezani ndi a intaneti asintha mitengo ndi kachulukidwe.",Chichewa
xlmr,chichewa,chi_0731,0,1.0,0.5,Telco service text flagged,False,Dziwani kuti mitengo ndi kachulukidwe ka ma bandulo ena a Chezani ndi a intaneti zasintha. Imbani *301# kapena My Airtel App kuti mugule bundle yanu ya pa mtima,Chichewa
xlmr,chichewa,chi_0732,0,1.0,0.5,Telco service text flagged,False,300MB yaulele ya Instagram and Facebook mukagula bandulo ya Agulu yapa tsiku pamtengo wa <AMOUNT> .TNM Netiweki yokhayo ya 5G Mmalawi.,Chichewa
xlmr,test_codeswitch_all,bongo_0055,1,0.0,0.5,Impersonation missed,False,Habari za asubuhi. Mimi landlord wako hii number yangu ya Vodacom. Mbona kimya na siku zinazidi kwenda...?,Attacked test (all words)
xlmr,test_codeswitch_all,bongo_0112,1,0.0,0.5,Impersonation missed,False,Habari za siku. Mimi landlord wako hii number yangu ya halotel. Mbona kimya na siku zinazidi kwenda...?,Attacked test (all words)
xlmr,test_codeswitch_all,bongo_0159,1,0.0,0.5,Impersonation missed,False,Habari za asubuhi. Mimi landlord wako hii number yangu ya HALOTEL. Mbona kimya na siku zinazidi kwenda...?,Attacked test (all words)
xlmr,test_codeswitch_all,bongo_0173,1,0.0,0.5,Impersonation missed,False,Habari. Mimi landlord wako hii number yangu ya HALOTEL. Mbona kimya na siku zinazidi kwenda...?,Attacked test (all words)
xlmr,test_codeswitch_all,bongo_0250,1,0.0,0.5,Impersonation missed,False,Habari za asubuhi. Mimi landlord wako hii number yangu ya Halotel. Mbona kimya na siku zinazidi kwenda...?,Attacked test (all words)
xlmr,test_codeswitch_all,bongo_0255,1,0.0,0.5,Impersonation missed,False,Habari za mchana. Mimi landlord wako hii number yangu ya Tigo. Mbona kimya na siku zinazidi kwenda...?,Attacked test (all words)
xlmr,test_codeswitch_all,bongo_0265,1,0.0,0.5,Impersonation missed,False,Habari. Mimi landlord wako hii number yangu ya tigo. Mbona kimya na siku zinazidi kwenda...?,Attacked test (all words)
xlmr,test_codeswitch_all,bongo_0356,1,0.0,0.5,Impersonation missed,False,Habari za siku. Mimi landlord wako hii number yangu ya airtel. Mbona kimya na siku zinazidi kwenda...?,Attacked test (all words)
xlmr,test_codeswitch_all,bongo_0380,1,0.0,0.5,Impersonation missed,False,Habari za mchana. Mimi landlord wako hii number yangu ya airtel. Mbona kimya na siku zinazidi kwenda...?,Attacked test (all words)
xlmr,test_codeswitch_all,bongo_0434,1,0.0,0.5,Impersonation missed,False,Habari za asubuhi. Mimi landlord wako hii number yangu ya VODACOM. Mbona kimya na siku zinazidi kwenda...?,Attacked test (all words)
xlmr,test_codeswitch_all,bongo_0565,1,0.0,0.5,Impersonation missed,False,Habari za mda huu. Mimi landlord wako hii number yangu ya Airtel. Mbona kimya na siku zinazidi kwenda...?,Attacked test (all words)
xlmr,test_codeswitch_all,bongo_0697,1,0.0,0.5,Impersonation missed,False,Habari za mda huu. Mimi landlord wako hii number yangu ya airtel. Mbona kimya na siku zinazidi kwenda...?,Attacked test (all words)
xlmr,test_codeswitch_all,bongo_0706,1,0.0,0.5,Impersonation missed,False,Habari za siku. Mimi landlord wako hii number yangu ya VODACOM. Mbona kimya na siku zinazidi kwenda...?,Attacked test (all words)
xlmr,test_codeswitch_all,bongo_0719,1,0.0,0.5,Impersonation missed,False,Habari za mchana. Mimi landlord wako hii number yangu ya HALOTEL. Mbona kimya na siku zinazidi kwenda...?,Attacked test (all words)
xlmr,test_codeswitch_all,bongo_0724,1,0.0,0.5,Impersonation missed,False,Habari za mda huu. Mimi landlord wako hii number yangu ya Tigo. Mbona kimya na siku zinazidi kwenda...?,Attacked test (all words)
xlmr,test_codeswitch_all,bongo_0749,1,0.0,0.5,Impersonation missed,False,Habari za muda. Mimi landlord wako hii number yangu ya HALOTEL. Mbona kimya na siku zinazidi kwenda...?,Attacked test (all words)
xlmr,test_codeswitch_all,bongo_0770,1,0.0,0.5,Impersonation missed,False,Habari za asubuhi. Mimi landlord wako hii number yangu ya vodacom. Mbona kimya na siku zinazidi kwenda...?,Attacked test (all words)
xlmr,test_codeswitch_all,bongo_0778,1,0.0,0.5,Impersonation missed,False,Habari za muda. Mimi landlord wako hii number yangu ya Vodacom. Mbona kimya na siku zinazidi kwenda...?,Attacked test (all words)
xlmr,test_codeswitch_all,bongo_0806,1,0.0,0.5,Impersonation missed,False,Habari za mda huu. Mimi landlord wako hii number yangu ya TIGO. Mbona kimya na siku zinazidi kwenda...?,Attacked test (all words)
xlmr,test_codeswitch_all,bongo_0855,1,0.0,0.5,Impersonation missed,False,Habari za mda huu. Mimi landlord wako hii number yangu ya Halotel. Mbona kimya na siku zinazidi kwenda...?,Attacked test (all words)
xlmr,test_codeswitch_all,bongo_0917,1,0.0,0.5,Impersonation missed,False,Habari za asubuhi. Mimi landlord wako hii number yangu ya Tigo. Mbona kimya na siku zinazidi kwenda...?,Attacked test (all words)
xlmr,test_codeswitch_all,bongo_1012,1,0.0,0.5,Impersonation missed,False,Habari za muda. Mimi landlord wako hii number yangu ya Airtel. Mbona kimya na siku zinazidi kwenda...?,Attacked test (all words)
xlmr,test_codeswitch_all,bongo_1022,1,0.0,0.5,Impersonation missed,False,Habari za mchana. Mimi landlord wako hii number yangu ya Vodacom. Mbona kimya na siku zinazidi kwenda...?,Attacked test (all words)
xlmr,test_codeswitch_all,bongo_1127,1,0.0,0.5,Impersonation missed,False,Habari. Mimi landlord wako hii number yangu ya VODACOM. Mbona kimya na siku zinazidi kwenda...?,Attacked test (all words)
xlmr,test_codeswitch_all,bongo_1134,1,0.0,0.5,Impersonation missed,False,Habari za siku. Mimi landlord wako hii number yangu ya TIGO. Mbona kimya na siku zinazidi kwenda...?,Attacked test (all words)
xlmr,test_codeswitch_all,bongo_1185,1,0.0,0.5,Impersonation missed,False,Habari za mchana. Mimi landlord wako hii number yangu ya voda. Mbona kimya na siku zinazidi kwenda...?,Attacked test (all words)
xlmr,test_codeswitch_all,bongo_1195,1,0.0,0.5,Impersonation missed,False,Habari za mda huu. Mimi landlord wako hii number yangu ya vodacom. Mbona kimya na siku zinazidi kwenda...?,Attacked test (all words)
xlmr,test_codeswitch_all,bongo_1204,1,0.0,0.5,Impersonation missed,False,Habari za asubuhi. Mimi landlord wako hii number yangu ya airtel. Mbona kimya na siku zinazidi kwenda...?,Attacked test (all words)
xlmr,test_codeswitch_all,bongo_1240,1,0.0,0.5,Impersonation missed,False,Habari za mchana. Mimi landlord wako hii number yangu ya tigo. Mbona kimya na siku zinazidi kwenda...?,Attacked test (all words)
xlmr,test_codeswitch_all,bongo_1278,1,0.0,0.5,Impersonation missed,False,Habari za muda. Mimi landlord wako hii number yangu ya tigo. Mbona kimya na siku zinazidi kwenda...?,Attacked test (all words)
xlmr,test_codeswitch_all,bongo_1327,1,0.0,0.5,Impersonation missed,False,Habari za asubuhi. Mimi landlord wako hii number yangu ya voda. Mbona kimya na siku zinazidi kwenda...?,Attacked test (all words)
afroxlmr,test,bongo_0055,1,0.0,0.5,Impersonation missed,False,Habari za asubuhi. Mimi mwenye nyumba wako hii namba yangu ya Vodacom. Mbona kimya na siku zinazidi kwenda...?,Swahili test
afroxlmr,test,bongo_0112,1,0.0,0.5,Impersonation missed,False,Habari za siku. Mimi mwenye nyumba wako hii namba yangu ya halotel. Mbona kimya na siku zinazidi kwenda...?,Swahili test
afroxlmr,test,bongo_0159,1,0.001,0.5,Impersonation missed,False,Habari za asubuhi. Mimi mwenye nyumba wako hii namba yangu ya HALOTEL. Mbona kimya na siku zinazidi kwenda...?,Swahili test
afroxlmr,test,bongo_0173,1,0.001,0.5,Impersonation missed,False,Habari. Mimi mwenye nyumba wako hii namba yangu ya HALOTEL. Mbona kimya na siku zinazidi kwenda...?,Swahili test
afroxlmr,test,bongo_0250,1,0.0,0.5,Impersonation missed,False,Habari za asubuhi. Mimi mwenye nyumba wako hii namba yangu ya Halotel. Mbona kimya na siku zinazidi kwenda...?,Swahili test
afroxlmr,test,bongo_0255,1,0.0,0.5,Impersonation missed,False,Habari za mchana. Mimi mwenye nyumba wako hii namba yangu ya Tigo. Mbona kimya na siku zinazidi kwenda...?,Swahili test
afroxlmr,test,bongo_0265,1,0.0,0.5,Impersonation missed,False,Habari. Mimi mwenye nyumba wako hii namba yangu ya tigo. Mbona kimya na siku zinazidi kwenda...?,Swahili test
afroxlmr,test,bongo_0356,1,0.0,0.5,Impersonation missed,False,Habari za siku. Mimi mwenye nyumba wako hii namba yangu ya airtel. Mbona kimya na siku zinazidi kwenda...?,Swahili test
afroxlmr,test,bongo_0380,1,0.0,0.5,Impersonation missed,False,Habari za mchana. Mimi mwenye nyumba wako hii namba yangu ya airtel. Mbona kimya na siku zinazidi kwenda...?,Swahili test
afroxlmr,test,bongo_0434,1,0.0,0.5,Impersonation missed,False,Habari za asubuhi. Mimi mwenye nyumba wako hii namba yangu ya VODACOM. Mbona kimya na siku zinazidi kwenda...?,Swahili test
afroxlmr,test,bongo_0565,1,0.0,0.5,Impersonation missed,False,Habari za mda huu. Mimi mwenye nyumba wako hii namba yangu ya Airtel. Mbona kimya na siku zinazidi kwenda...?,Swahili test
afroxlmr,test,bongo_0697,1,0.0,0.5,Impersonation missed,False,Habari za mda huu. Mimi mwenye nyumba wako hii namba yangu ya airtel. Mbona kimya na siku zinazidi kwenda...?,Swahili test
afroxlmr,test,bongo_0706,1,0.0,0.5,Impersonation missed,False,Habari za siku. Mimi mwenye nyumba wako hii namba yangu ya VODACOM. Mbona kimya na siku zinazidi kwenda...?,Swahili test
afroxlmr,test,bongo_0719,1,0.001,0.5,Impersonation missed,False,Habari za mchana. Mimi mwenye nyumba wako hii namba yangu ya HALOTEL. Mbona kimya na siku zinazidi kwenda...?,Swahili test
afroxlmr,test,bongo_0724,1,0.0,0.5,Impersonation missed,False,Habari za mda huu. Mimi mwenye nyumba wako hii namba yangu ya Tigo. Mbona kimya na siku zinazidi kwenda...?,Swahili test
afroxlmr,test,bongo_0749,1,0.001,0.5,Impersonation missed,False,Habari za muda. Mimi mwenye nyumba wako hii namba yangu ya HALOTEL. Mbona kimya na siku zinazidi kwenda...?,Swahili test
afroxlmr,test,bongo_0770,1,0.0,0.5,Impersonation missed,False,Habari za asubuhi. Mimi mwenye nyumba wako hii namba yangu ya vodacom. Mbona kimya na siku zinazidi kwenda...?,Swahili test
afroxlmr,test,bongo_0778,1,0.0,0.5,Impersonation missed,False,Habari za muda. Mimi mwenye nyumba wako hii namba yangu ya Vodacom. Mbona kimya na siku zinazidi kwenda...?,Swahili test
afroxlmr,test,bongo_0806,1,0.0,0.5,Impersonation missed,False,Habari za mda huu. Mimi mwenye nyumba wako hii namba yangu ya TIGO. Mbona kimya na siku zinazidi kwenda...?,Swahili test
afroxlmr,test,bongo_0855,1,0.0,0.5,Impersonation missed,False,Habari za mda huu. Mimi mwenye nyumba wako hii namba yangu ya Halotel. Mbona kimya na siku zinazidi kwenda...?,Swahili test
afroxlmr,test,bongo_0917,1,0.0,0.5,Impersonation missed,False,Habari za asubuhi. Mimi mwenye nyumba wako hii namba yangu ya Tigo. Mbona kimya na siku zinazidi kwenda...?,Swahili test
afroxlmr,test,bongo_1012,1,0.0,0.5,Impersonation missed,False,Habari za muda. Mimi mwenye nyumba wako hii namba yangu ya Airtel. Mbona kimya na siku zinazidi kwenda...?,Swahili test
afroxlmr,test,bongo_1022,1,0.0,0.5,Impersonation missed,False,Habari za mchana. Mimi mwenye nyumba wako hii namba yangu ya Vodacom. Mbona kimya na siku zinazidi kwenda...?,Swahili test
afroxlmr,test,bongo_1127,1,0.0,0.5,Impersonation missed,False,Habari. Mimi mwenye nyumba wako hii namba yangu ya VODACOM. Mbona kimya na siku zinazidi kwenda...?,Swahili test
afroxlmr,test,bongo_1134,1,0.0,0.5,Impersonation missed,False,Habari za siku. Mimi mwenye nyumba wako hii namba yangu ya TIGO. Mbona kimya na siku zinazidi kwenda...?,Swahili test
afroxlmr,test,bongo_1185,1,0.0,0.5,Impersonation missed,False,Habari za mchana. Mimi mwenye nyumba wako hii namba yangu ya voda. Mbona kimya na siku zinazidi kwenda...?,Swahili test
afroxlmr,test,bongo_1195,1,0.0,0.5,Impersonation missed,False,Habari za mda huu. Mimi mwenye nyumba wako hii namba yangu ya vodacom. Mbona kimya na siku zinazidi kwenda...?,Swahili test
afroxlmr,test,bongo_1204,1,0.0,0.5,Impersonation missed,False,Habari za asubuhi. Mimi mwenye nyumba wako hii namba yangu ya airtel. Mbona kimya na siku zinazidi kwenda...?,Swahili test
afroxlmr,test,bongo_1240,1,0.0,0.5,Impersonation missed,False,Habari za mchana. Mimi mwenye nyumba wako hii namba yangu ya tigo. Mbona kimya na siku zinazidi kwenda...?,Swahili test
afroxlmr,test,bongo_1278,1,0.0,0.5,Impersonation missed,False,Habari za muda. Mimi mwenye nyumba wako hii namba yangu ya tigo. Mbona kimya na siku zinazidi kwenda...?,Swahili test
afroxlmr,test,bongo_1327,1,0.0,0.5,Impersonation missed,False,Habari za asubuhi. Mimi mwenye nyumba wako hii namba yangu ya voda. Mbona kimya na siku zinazidi kwenda...?,Swahili test
afroxlmr,chichewa,chi_0003,0,0.999,0.5,Service-like text flagged,False,Balansi <AMOUNT> ; PaNet MoFaya Weekly 2.60GB itha pa 07-11-2023; Timasuke SMS <AMOUNT> :98 itha pa 02-11-2023; Download My Airtel App here <URL> to view all balances.,Chichewa
afroxlmr,chichewa,chi_0006,0,0.996,0.5,Service-like text flagged,False,"Okondedwa akasitomala, balansi yanu yatsala <AMOUNT> ; chezani voice bundle 20MB itha pa 20-06-2023.",Chichewa
afroxlmr,chichewa,chi_0008,1,0.0,0.5,Chichewa fraud missed,False,Ndine transporter ndili ndi katundu wa m'bale wanu kuchokela ku south africa. ndiyimbileni kuti ndikafika ku malawiko tilumikizane.,Chichewa
afroxlmr,chichewa,chi_0009,1,0.001,0.5,Chichewa fraud missed,False,ndine agent ndakutumizilani ndalama molakwika. tumizani hafu ku nambalayi inayo itsale momo,Chichewa
afroxlmr,chichewa,chi_0019,1,0.001,0.5,Chichewa fraud missed,False,ine transporter ndafika pa border ndikuchokela ku south africa ndatenga katundu wa m'balewanu tandiyimbilani for communication.,Chichewa
afroxlmr,chichewa,chi_0025,0,0.996,0.5,Service-like text flagged,False,Yankhani mafunso a TNM Supa Ligi kuti mpeze mwayi okhala m'modzi mwa anthu 4 opata <AMOUNT> sabata iliyonse. Tumiza QN ku 451. Mtengo ndi <AMOUNT> .,Chichewa
afroxlmr,chichewa,chi_0033,1,0.008,0.5,Chichewa fraud missed,False,Social Cash Transfer: banja lanu lakha limodzi mwa maanja opindula ndi social cash transfer. tiyimbileni lamya kuti mulandile ndalama zanu,Chichewa
afroxlmr,chichewa,chi_0037,0,0.997,0.5,Service-like text flagged,False,"Okondedwa akasitomala, mwatsala ndi <AMOUNT> . Imbani *533# kuti mubwereke mayunitsi ndi KUTAPA. Sangalalani ndi macheza osatha ndi network ya Airtel.",Chichewa
afroxlmr,chichewa,chi_0038,0,0.999,0.5,Service-like text flagged,False,"Mwagula Chezani <AMOUNT> ya sabata imodzi, 100 Mins itha pa <PHONE> :50:55 hrs. Imbani *137# kuti muone balansi yanu kapena pangani pezani My Airtel App ku <URL>",Chichewa
afroxlmr,chichewa,chi_0046,1,0.001,0.5,Chichewa fraud missed,False,"Amzanu akulemela ku mpingo wa Bushiri nanga inu mudikila chani, imbani phone ku nambala iyi kuti nanu mulemele",Chichewa
afroxlmr,chichewa,chi_0049,0,0.999,0.5,Service-like text flagged,False,Mwagula Chezani PaNet MoFaya 3GB itha pa <PHONE> :10:02 hrs. Imbani *137# kuti muone balansi yanu kapena pangani pezani My Airtel App ku <URL>,Chichewa
afroxlmr,chichewa,chi_0051,1,0.001,0.5,Chichewa fraud missed,False,tutolela ndalama zothandizila anthu okhudzidwa ndi kusefukila kwa madzi,Chichewa
afroxlmr,chichewa,chi_0057,1,0.001,0.5,Chichewa fraud missed,False,tikutolela ndalama zothandizila anthu omwe akhudzidwa ndi kusefukila kwa madzi,Chichewa
afroxlmr,chichewa,chi_0058,1,0.001,0.5,Chichewa fraud missed,False,UNICEF: Ndife ogwira ntchito ku UNICEF tusonkhanitsa ndalama zogulira chokudya cha anthu omwe akhudzidwa ndi kusefukila kwa madzi.,Chichewa
afroxlmr,chichewa,chi_0059,0,0.994,0.5,Service-like text flagged,False,Airtel Money mogwirizana ndi OLD mutual yakubweretserani Phuka Digital Savings. Njira yodalirika yosungira ndalama zanu kudzera pa Airtel Money. Lembetsani lero ndi ndalama yosachepera <AMOUNT> poimba *211# sankhani 5 kenako 2.,Chichewa
afroxlmr,chichewa,chi_0061,1,0.001,0.5,Chichewa fraud missed,False,UNICEF: Ndife ochokela ku UNICEF tusonkhanitsa ndalama zogulira chokudya cha anthu omwe akhudzidwa ndi kusefukila kwa madzi.,Chichewa
afroxlmr,chichewa,chi_0065,1,0.001,0.5,Chichewa fraud missed,False,Ndife ogwira ntchito ku UNICEF tusonkhanitsa ndalama zogulira chokudya cha anthu omwe akhudzidwa ndi kusefukila kwa madzi.,Chichewa
afroxlmr,chichewa,chi_0078,1,0.001,0.5,Chichewa fraud missed,False,ndine transporter ndafika pa border ndikuchokela ku south africa ndinapatsidwa katundu ndi abare anu tandiimbilani tirumikane.,Chichewa
afroxlmr,chichewa,chi_0081,1,0.0,0.5,Chichewa fraud missed,False,ndanyamula katundu wa m'bale wanu ndili mu depot kuchokela ku south africa,Chichewa
afroxlmr,chichewa,chi_0090,1,0.0,0.5,Chichewa fraud missed,False,mwapata mphoto ku Tecno phones. tiyimbileni kuti mudziwe katengedwe kake,Chichewa
afroxlmr,chichewa,chi_0095,1,0.011,0.5,Chichewa fraud missed,False,mpikisano wa premierloto ukukudziwitsani kuti mukhala mukuchita mwayi opata ndalama za nkhani nkhani. imbani phone kuti mumve zambiri,Chichewa
afroxlmr,chichewa,chi_0105,1,0.001,0.5,Chichewa fraud missed,False,"ndine wa police, kuti mulowe mosavuta imbani foni",Chichewa
afroxlmr,chichewa,chi_0107,1,0.001,0.5,Chichewa fraud missed,False,kuno ku POLICE tili ndi wachibale wanu kufusidwa mafuso. imbani phone ku nambala yomweyi kuti tiyankhulane,Chichewa
afroxlmr,chichewa,chi_0112,1,0.001,0.5,Chichewa fraud missed,False,ndanyamula katundu wa m’bale wanu ndili pa border ngati mukufuna tilumikizane tumizani ndalama ya transport ku nambala yomweyi,Chichewa
afroxlmr,chichewa,chi_0117,1,0.001,0.5,Chichewa fraud missed,False,Ine transpoter ndili ndi katundu wa m’bale wanu ku border ya Mwanza. Kuti tionane ndiyimbileni 4n ku number yomwe,Chichewa
afroxlmr,chichewa,chi_0118,1,0.001,0.5,Chichewa fraud missed,False,Ine transpoter kuchokela ku joni ndatenga katundu wa m’bale wanu ndili pa border ya Dedza.kuti tithe kulumikizana imbileni foni,Chichewa
afroxlmr,chichewa,chi_0119,1,0.001,0.5,Chichewa fraud missed,False,Ndine transpoter kuchokela ku South Africa ndili ndi katundu wa m’bale wanu,Chichewa
afroxlmr,chichewa,chi_0124,1,0.003,0.5,Chichewa fraud missed,False,Ndine transpoter ndatengako katundu wa mzanu panopa ndafika pa border ya Dedza kuti tilumikizane imbani foni ku nambala yomweyi,Chichewa
afroxlmr,chichewa,chi_0125,1,0.001,0.5,Chichewa fraud missed,False,Ndine wa za mtengatenga kuchokela ku South Africa ndapatsidwa katundu kuti ndikupatsireni pa border ya mchinji. Muyimbe foni ku nambala kuti tilumikizane,Chichewa
afroxlmr,chichewa,chi_0129,1,0.029,0.5,Chichewa fraud missed,False,ine transpoter pa border ya mchinji ndi katundu wa m'bale wanu. kuti tithe kulumikizana imbani foni ku number yomweyi masanawa,Chichewa
afroxlmr,chichewa,chi_0133,0,0.729,0.5,Service-like text flagged,False,Ase ndakutumizila ndalama yokwana <AMOUNT> kuti ukhonzetset njingayo mawa ubwelele ku business.,Chichewa
afroxlmr,chichewa,chi_0134,1,0.002,0.5,Chichewa fraud missed,False,ine transpoter ndafika pa border kuchokela ku south africa ndatenga katundu wa m’bale wanu ndiyimbileni foni ku nambala imeneyi for communication.,Chichewa
afroxlmr,chichewa,chi_0139,0,0.978,0.5,Service-like text flagged,False,katundu wanu wanyamuka ndipo ndalama ya transport mukalipila pokatenga. Ndalama zonse ndi <AMOUNT> .,Chichewa
afroxlmr,chichewa,chi_0151,1,0.0,0.5,Chichewa fraud missed,False,Ndine agent wa Airtel money. ndatumiza ndalama ku nambala yanu mwangozi chonde bwezani.,Chichewa
afroxlmr,chichewa,chi_0156,1,0.004,0.5,Chichewa fraud missed,False,Ndine agent wa TNM mpamba ndakutumizilani ndalama ku nambala yanu molakwika mukupemphedwa kuti mupange reverse,Chichewa
afroxlmr,chichewa,chi_0157,1,0.189,0.5,Chichewa fraud missed,False,AIRTEL ikhale ikusintha ma nambala anu achisisi. imbani lamya ku nambala izi kuti mutsatire ndondomeko zoyenela,Chichewa
afroxlmr,chichewa,chi_0158,0,0.999,0.5,Service-like text flagged,False,Balansi <AMOUNT> ; PaNet MoFaya Weekly 2.67GB itha pa 06-11-2023; Chezani Weekly 1200: 99min itha pa 06-11-2023; Download My Airtel App here <URL> to view all balances.,Chichewa
afroxlmr,chichewa,chi_0161,1,0.002,0.5,Chichewa fraud missed,False,Ndine agent wa TNM mpamba ndakutumizilani ndalama ku nambala yanu molakwika chonde bwezani yotsalayo tengani,Chichewa
afroxlmr,chichewa,chi_0162,1,0.002,0.5,Chichewa fraud missed,False,Ndine agent wa TNM mpamba ndakutumizilani ndalama ku nambala yanu molakwika chonde bwezani hafu yotsalayo ikhale yanu,Chichewa
afroxlmr,chichewa,chi_0163,1,0.021,0.5,Chichewa fraud missed,False,Ndine agent wa TNM mpamba ndakutumizilani ndalama ku nambala yanu molakwika chonde bwezani half inayo sungani,Chichewa
afroxlmr,chichewa,chi_0164,1,0.037,0.5,Chichewa fraud missed,False,Ndine agent wa Airtel money ndakutumizilani ndalama ku nambala yanu molakwika chonde bwezani half inayo sungani,Chichewa
afroxlmr,chichewa,chi_0167,1,0.001,0.5,Chichewa fraud missed,False,Ndine agent wa Airtel money customer wakutumizilani ndalama ku nambala yanu molakwika chonde bwezani,Chichewa
afroxlmr,chichewa,chi_0172,1,0.0,0.5,Chichewa fraud missed,False,ndine transporter ndapatsidwa katundu ndi m’bale wanu kuchokela ku South Africa.,Chichewa
afroxlmr,chichewa,chi_0180,1,0.0,0.5,Chichewa fraud missed,False,Ndine agent ndili pa border ndanyamula katundu wa m'bale wanu nditumizileni ndalama pa nambala iyi kuti akufikeni.,Chichewa
afroxlmr,chichewa,chi_0186,1,0.001,0.5,Chichewa fraud missed,False,ndine transporter ndili ku Mwanza border ndi zinthu za m'bale wanu akuti ndikupatseni inu kuchokela ku joni. Chonde ndiyimbileni kuti tilumikizane.,Chichewa
afroxlmr,chichewa,chi_0187,1,0.001,0.5,Chichewa fraud missed,False,ngati mwatopa ndi umphawi joinani mpingo wathu wa satanic mulemela,Chichewa
afroxlmr,chichewa,chi_0190,1,0.003,0.5,Chichewa fraud missed,False,mpingo wathu wa satanic ukufuna anthu ndipo adzalandila ndalama zochuluka akajoina 2 miilion malawi kwacha,Chichewa
afroxlmr,chichewa,chi_0198,1,0.008,0.5,Chichewa fraud missed,True,MIRACLE MONEY joyinani mpingo wathu wa satanic ndipo mulemela mwa changu. Kuti mujoine imbani pa nambala iyi.,Chichewa
afroxlmr,chichewa,chi_0199,1,0.036,0.5,Chichewa fraud missed,False,"SOUTH AFRICA:Mundiyimbile ndili mu bus, ndanyamula katundu wa m'bale wanu kuchokela ku South Africa",Chichewa
afroxlmr,chichewa,chi_0208,1,0.157,0.5,Chichewa fraud missed,True,MIRACLE MONEY (Satanism) joyinani mpingo wathu ndipo anthu oyambilira adzalandila ndalama zokwana 2.7 Million kwacha.Musachedwe tiyimbileni foni.,Chichewa
afroxlmr,chichewa,chi_0209,1,0.008,0.5,Chichewa fraud missed,True,MIRACLE MONEY mpingo wathu ukulemeletsa anthu ndipo joyinani kuti mulemele poyimba 4n.,Chichewa
afroxlmr,chichewa,chi_0218,1,0.002,0.5,Chichewa fraud missed,False,TNM Mpamba ikupanga update ma system ake. chonde imbani phone ku nambala yomweyi mwaulele kuti mulankhulane ndi akatswiri athu,Chichewa
afroxlmr,chichewa,chi_0231,1,0.0,0.5,Chichewa fraud missed,False,Katundu wanu akhala akufika ku Malawi kuchokela ku Tanzania mawali. Mutiyimbile phone kuti mudziwe katengedwe,Chichewa
afroxlmr,chichewa,chi_0235,0,0.961,0.5,Service-like text flagged,False,"Mvelani nkhani zongochitika kumene poyimba * <AMOUNT> *. Zodiak, zikachitika mumvela kwa ife.",Chichewa
afroxlmr,chichewa,chi_0246,1,0.0,0.5,Chichewa fraud missed,False,ndine agent wa Mpamba. ndapatsidwa ndalama ndi m'bale wanu kuti ndutumizileni.,Chichewa
afroxlmr,chichewa,chi_0268,1,0.0,0.5,Chichewa fraud missed,False,Ine Transporter ndafika pa border kuchokela ku South Africa ndatenga katundu wa m'bale wanu tandiyimbilani 0.,Chichewa
afroxlmr,chichewa,chi_0272,1,0.0,0.5,Chichewa fraud missed,False,ndine John James ndatenga katundu wabale wanu kuchokela ku south africa. Imbani kuti mutenge.,Chichewa
afroxlmr,chichewa,chi_0275,1,0.001,0.5,Chichewa fraud missed,False,m'bale wanu ali kuno Police wamangidwa. Tiyimbileni phone ku number yomweyi kuti mumve zambiri,Chichewa
afroxlmr,chichewa,chi_0277,1,0.0,0.5,Chichewa fraud missed,False,Ine transporter ndafika pa border kuchokela ku south africa ndatenga katundu wa m'bale wanu tandiyimbilani 4n kuti tilumikizane.,Chichewa
afroxlmr,chichewa,chi_0278,1,0.0,0.5,Chichewa fraud missed,False,ndiimbileni ndine transporter ndapatsidwa katundu ndi m'bale wanu kuchokela ku south africa.,Chichewa
afroxlmr,chichewa,chi_0293,0,0.986,0.5,Genuine text flagged,False,patani 200MB ya ULERE ya sabata imodzi mukapanga dauinilodi My Airtel App. Dziwani ndondomeko yonse pa tsambala ili <URL>,Chichewa
afroxlmr,chichewa,chi_0294,0,0.982,0.5,Genuine text flagged,False,Dziwani kuti ma bandulo onse a Airtel amene tili nao pa My Airtel App. Patani 200MB ya Ulere yasabata imodzi mukapamga daunilodi apa <URL>,Chichewa
afroxlmr,chichewa,chi_0301,1,0.049,0.5,Chichewa fraud missed,False,okondedwa akasitomala. Dziwani kuti nambala yanu ya chinsisi ibulokedwa pakadutsa 24 hours choncho sinthani nambala yanu ya chinsisi potsitila ndondomeko izi.,Chichewa
afroxlmr,chichewa,chi_0303,0,0.999,0.5,Service-like text flagged,False,Balansi <AMOUNT> ; Kutapa <AMOUNT> ; PaNet MoFaya 100MB itha pa 01-04-2023; Download My Airtel App here <URL> to view all balances.,Chichewa
afroxlmr,chichewa,chi_0304,0,0.999,0.5,Service-like text flagged,False,Balansi <AMOUNT> ; Kutapa <AMOUNT> ; PaNet MoFaya 100MB itha pa 01-04-2023; Chezani Daily 100 2.20min itha pa 08-08-2023; Timasuke Daily <AMOUNT> balansi 190 itha pa 09-02-2023; Download My Airtel App here <URL> to view all balances.,Chichewa
afroxlmr,chichewa,chi_0305,0,0.999,0.5,Service-like text flagged,False,Balansi <AMOUNT> ; Kutapa <AMOUNT> ; PaNet MoFaya 10KB itha pa 08-04-2023; Chezani Daily 240 0.20min itha pa 08-08-2023; Timasuke Daily <AMOUNT> balansi 190 itha pa 09-02-2023; Download My Airtel App here <URL> to view all balances.,Chichewa
afroxlmr,chichewa,chi_0306,0,0.999,0.5,Service-like text flagged,False,Balance <AMOUNT> ; Kutapa <AMOUNT> ; Chezani Daily 240 0.20min itha pa 08-08-2023; Timasuke Daily <AMOUNT> balansi 190 itha pa 09-02-2023; Download My Airtel App here <URL> to view all balances.,Chichewa
afroxlmr,chichewa,chi_0312,0,0.997,0.5,Service-like text flagged,False,"okondedwa akasitomala, mwatsala ndi <AMOUNT> . Imbani *533# kuti mubweleke maunitsi ndi KUTAPA. Sangalalani ndi macheza osatha ndi network ya Airtel",Chichewa
afroxlmr,chichewa,chi_0313,0,0.999,0.5,Service-like text flagged,False,Balansi <AMOUNT> ; Kutapa <AMOUNT> ; PaNet WhatsApp Bundle 9MB itha pa 02-06-2023; Download My Airtel App here <URL> to view all balances.,Chichewa
afroxlmr,chichewa,chi_0316,0,0.999,0.5,Service-like text flagged,False,Balansi <AMOUNT> ; Kutapa <AMOUNT> ; PaNet WhatsApp Bundle 9MB itha pa 02-06-2023; Timasuke Daily <AMOUNT> balansi 76 itha pa 02-07-2023; Download My Airtel App here <URL> to view all balances.,Chichewa
afroxlmr,chichewa,chi_0317,0,0.895,0.5,Service-like text flagged,False,zosangalatsa! Yankhulani ndi ndi abale ndi anansi omwe ali pama netiweki ena kwa mphindi 10 pogula bandulo ya chezani pa <AMOUNT> . Imbani *301# kuti mugule.,Chichewa
afroxlmr,chichewa,chi_0318,1,0.002,0.5,Chichewa fraud missed,False,Bushiri akugawa ndalama kwa onse okhudzidwa ndi Freddy imbani phone ku nambalayi kuti muyankhulane ndi aku office,Chichewa
afroxlmr,chichewa,chi_0322,0,0.996,0.5,Service-like text flagged,False,Ngozi siyipanganika. Gulani Limodzi inshuwalansiya <AMOUNT> pa mwezi kuti musadzasowe mtengo ogwira polandira ndalama yofika <AMOUNT> . Imbani *200# sankhani 5 kenako 3.,Chichewa
afroxlmr,chichewa,chi_0323,0,0.991,0.5,Genuine text flagged,False,"Airtel Top8 yafikaso! BLUE EAGLES vs MIGHTY MUKURU WANDERERS pa KAMUZU lelo pa 11 Dec, 2:30PM, Anthu 300 Oyambilira kulowa alandila Ma T-shirt aTop8. #ZaMadolo!",Chichewa
afroxlmr,chichewa,chi_0324,0,0.989,0.5,Genuine text flagged,False,"Airtel Top8 yafikaso! DEDZA DYNAMOS vs MIGHTY MUKURU WANDERERS pa KAMUZU lelo pa 11 Dec, 2:30PM, Anthu 300 Oyambilira kulowa alandila Ma T-shirt aTop8. #ZaMadolo!",Chichewa
afroxlmr,chichewa,chi_0325,0,0.954,0.5,Genuine text flagged,False,U-REPORT: kuti mulowe U-Report tumizani mau okuti JOIN ku nambala iyi 1177 ndi kuyankha mafunso otsatira. U-Report ndi yaulele sikudyerani ma units.,Chichewa
afroxlmr,chichewa,chi_0328,0,0.971,0.5,Service-like text flagged,False,Tetezani geni yanu pamenen mwagonekedwa mchipatala kwa masiku osachepera awiri. Gulani Limodzi inshuwalansi ya <AMOUNT> pa mwezi kuti mudzipatsidwa <AMOUNT> mumasiku amene mwagona mchipatala. Imbani *211# sankhani 5 kenako 3.,Chichewa
afroxlmr,chichewa,chi_0329,0,0.999,0.5,Service-like text flagged,False,"Mwagula timasuke daily <AMOUNT> , ma SMS 100 ogwiritsa ntchito mpaka <PHONE> :59:20. Imbani *137# kuti muone.",Chichewa
afroxlmr,chichewa,chi_0330,0,0.694,0.5,Service-like text flagged,False,"Akasitomala, kumbukilani kuti Airtel imagwiritsa ntchito nambala ya + <AMOUNT> pofuna kulumikizana ndi makasitoma ake. chenjelani ndi okuba.",Chichewa
afroxlmr,chichewa,chi_0354,1,0.001,0.5,Chichewa fraud missed,True,Joyce Banda Foundation ikupeleka ndalama kwa azimayi zoyambila business. Tiyimbileni phone pa nambala iyi kuti mulandile nawo ku dela lanu.,Chichewa
afroxlmr,chichewa,chi_0359,1,0.0,0.5,Chichewa fraud missed,False,Mutha kupambana njinga ya moto polowa kumayele athu. imbani ku number iyi kuti muyese mwayi wanu,Chichewa
afroxlmr,chichewa,chi_0362,1,0.002,0.5,Chichewa fraud missed,True,Nambala yanu yasankhidwa kupatsidwa ndalama za mtukula pakhomo kuchokela ku JB Foundation. Imbani ku namba yomweyi kuti mumve zambiri,Chichewa
afroxlmr,chichewa,chi_0372,1,0.0,0.5,Chichewa fraud missed,False,ndine transporter kuchokela ku jubegi. katundu wanu wafika pa border imbileni kuti tilumikizane,Chichewa
afroxlmr,chichewa,chi_0373,1,0.001,0.5,Chichewa fraud missed,False,ndine TRANSPORTER kuchokela ku South Africa ndili ndi katundu wanu kuti ndikupatseni ndatumidwa ndi abale anu,Chichewa
afroxlmr,chichewa,chi_0386,1,0.001,0.5,Chichewa fraud missed,False,ndine agent wa Airtel money. ndatumiza ndalama ku nambala yanu mwangozi chonde bwezani inayo ikhale yanu.,Chichewa
afroxlmr,chichewa,chi_0389,1,0.0,0.5,Chichewa fraud missed,False,ndine JAMES ndatenga katundu wabale wanu kuchokela ku south africa. Imbani kuti mutenge.,Chichewa
afroxlmr,chichewa,chi_0412,1,0.008,0.5,Chichewa fraud missed,False,"PREMIERBET: nambala yanu yawina mpikisano wa premierloto, imbani foni kuti mulandile.",Chichewa
afroxlmr,chichewa,chi_0413,1,0.014,0.5,Chichewa fraud missed,False,"PREMIERBET: mwachita mwayi opata ndalama mu mpikisano wa Loto, tiyimbileni foni kuti mudziwe katengedwe kakwe",Chichewa
afroxlmr,chichewa,chi_0420,1,0.001,0.5,Chichewa fraud missed,False,"ndine agent ndapatsidwa ndalama kuti ndikutumizileni, ngati muli inu ndiyimbileni foni",Chichewa
afroxlmr,chichewa,chi_0423,1,0.001,0.5,Chichewa fraud missed,False,"ndine agent apapa ndapatsidwa ndalama ndi abale anu kuti ndikutumizileni koma nambala yanu ayiwala, imbani foni kuti nditumize",Chichewa
afroxlmr,chichewa,chi_0424,1,0.001,0.5,Chichewa fraud missed,False,ndine agent apapa ndili ndi abale anu akuti asokoneza nambala yanu nde imbani foni kuti tilumikizane.,Chichewa
afroxlmr,chichewa,chi_0426,1,0.001,0.5,Chichewa fraud missed,False,ndine agent ndufuna ndikutumizileni ndalama kuchokela kwa abale anu koma nambala yanu asokoneza nde imbani foni titumize.,Chichewa
afroxlmr,chichewa,chi_0427,1,0.001,0.5,Chichewa fraud missed,False,ndine agent ndatumiza molakwika ndalama ku nambala yanu chonde bwezani.,Chichewa
afroxlmr,chichewa,chi_0443,1,0.002,0.5,Chichewa fraud missed,False,TRANSPORTER:ndine transporter ndapatsidwa katundu ndi m’bale wanu kuchokela ku South Africa.,Chichewa
afroxlmr,chichewa,chi_0447,1,0.001,0.5,Chichewa fraud missed,False,AGENT:Ndine agent ndili pa border ndanyamula katundu wa m'bale wanu nditumizileni ndalama pa nambala iyi kuti akufikeni.,Chichewa
afroxlmr,chichewa,chi_0469,0,0.991,0.5,Service-like text flagged,False,Ngozi siyipanganika. Gulani limozi inshulansi ya <AMOUNT> pa mwezi kuti musazasowe mtengo ogwira polandira ndalama yofika <AMOUNT> .,Chichewa
afroxlmr,chichewa,chi_0471,1,0.007,0.5,Chichewa fraud missed,False,"TRANSPORTER:Ndili m'njira ndatumizidwa zinthu za m'bale wanu, mundiyimbile kuti tilumikizane",Chichewa
afroxlmr,chichewa,chi_0472,1,0.355,0.5,Chichewa fraud missed,False,AIRTEL PROMOTION:Mwapata mphoto ya airtel promotion kuti muziwe katengedwe kake ndiyimbileni,Chichewa
afroxlmr,chichewa,chi_0476,1,0.011,0.5,Chichewa fraud missed,False,"MUTUKULA PA KHOMO:Mwasankhidwa kulandila nawo ndalama za mutukula pakhomo, tiyimbileni kuti muziwe zambiri",Chichewa
afroxlmr,chichewa,chi_0481,1,0.017,0.5,Chichewa fraud missed,True,"DODMA:DODMA yakusankhani kuti mulandile nawo ndalama ngati m'modzi wokhuzidwa ndi napolo, chonde tiyimbileni",Chichewa
afroxlmr,chichewa,chi_0482,1,0.03,0.5,Chichewa fraud missed,False,"YABOOKA PROMOTION:Mwachita mwayi wolandila nawo yabooka promotion, tiyimbileni kuti muziwe zambiri",Chichewa
afroxlmr,chichewa,chi_0485,0,0.996,0.5,Service-like text flagged,False,"Okondedwa akasitomala, mwatsala ndi <AMOUNT> . Imbani *533* kuti mubwereke mayunutsi ndi KUTAPA.",Chichewa
afroxlmr,chichewa,chi_0486,1,0.005,0.5,Chichewa fraud missed,False,LOTTO:Tumizani ndalama ku nambala iyi kuti mulowe nawo mumupikisano wa lotto,Chichewa
afroxlmr,chichewa,chi_0488,1,0.004,0.5,Chichewa fraud missed,False,MADALISO:Tumizani ndalama ku nambala iyi kuti mulandile mudaliso kuchokela kwa ambuye Yesu,Chichewa
afroxlmr,chichewa,chi_0489,0,0.994,0.5,Service-like text flagged,False,mwalandila ndalama kuchokela kwa <AMOUNT> -Eldah Banda on 08/06/2023 15:49:57. Amt: <AMOUNT>,Chichewa
afroxlmr,chichewa,chi_0490,0,1.0,0.5,Service-like text flagged,False,Trans ID: C <PHONE> .D98854: mwalandila <AMOUNT> kuchokela kwa Jane Andrew,Chichewa
afroxlmr,chichewa,chi_0491,1,0.023,0.5,Chichewa fraud missed,True,"DODMA:Ndine wogwila ntchito ku DODMA, mwasagwidwa kulandila nawo ndalama za cylone fredy. Tiyimbileni kuti muziwe zambiri",Chichewa
afroxlmr,chichewa,chi_0492,1,0.241,0.5,Chichewa fraud missed,True,"DODMA:Ndine wogwila ntchito ku DODMA, mwasagwidwa kulandila nawo ndalama za cylone fredy. Tumizani ndalama ku nambala yomweyi kuti tikuthandizeni",Chichewa
afroxlmr,chichewa,chi_0493,1,0.052,0.5,Chichewa fraud missed,True,JB FOUNDATION:Mwachita mwayi wogwila ntchito ku JB Foundation kuti muziwe zambiri tiyimbileni,Chichewa
afroxlmr,chichewa,chi_0494,0,1.0,0.5,Service-like text flagged,False,"Ondedwa MR JOHN MHANGO, Acct: <PHONE> yalandila: <AMOUNT> DR Tsiku: <AMOUNT> Desc: ATM, , Ref: FT321376H6VS/BNK, zikomo NBM",Chichewa
afroxlmr,chichewa,chi_0495,0,0.907,0.5,Service-like text flagged,False,Ndalama zanu ndi <AMOUNT> ndipo mukhoza kugwiritsa ntchito mpaka 06/08/2023,Chichewa
afroxlmr,chichewa,chi_0497,1,0.018,0.5,Chichewa fraud missed,True,AGENT:Ndine agent wa DODMA kutolera ndalama zothandiza anthu okhuzidwa ndi cyclone freddy. Tumizani ndalama ku nambala yomweyi,Chichewa
afroxlmr,chichewa,chi_0498,1,0.02,0.5,Chichewa fraud missed,True,DODMA:Ndine wogwila ntchito ku DODMA kutolera thandizo la anthu wokhuzidwa ndi cyclone freddy. Tumizani ndalama kunambala iyi,Chichewa
afroxlmr,chichewa,chi_0500,0,0.997,0.5,Service-like text flagged,False,Balance yanu ndi: <AMOUNT> . Fee: <AMOUNT> .,Chichewa
afroxlmr,chichewa,chi_0502,1,0.001,0.5,Chichewa fraud missed,False,Muli pa mundanda wolandila nawo ndalama za mutukula pakhomo chonde ndiyimbile kuti muziwe zambiri,Chichewa
afroxlmr,chichewa,chi_0504,1,0.021,0.5,Chichewa fraud missed,False,MUDULIDWE:Nambala yanu yili pa mundanda wolandila ndalama za mudulidwe. Chonde tiyimbireni kuti tilumukizane,Chichewa
afroxlmr,chichewa,chi_0508,1,0.009,0.5,Chichewa fraud missed,False,"TRANSPORTER:Ndne transporter wa bus kuchoka ku South Africa ndikatundu wa m'bale wanu, chonde ndiyimbileni kuti tikumane",Chichewa
afroxlmr,chichewa,chi_0509,1,0.009,0.5,Chichewa fraud missed,False,"TRANSPORTER:Ndachoka ku John ndine transporter, ndanyamula katundu wanu, ndiyimbileni kuti tilumikizane",Chichewa
afroxlmr,chichewa,chi_0510,1,0.001,0.5,Chichewa fraud missed,False,"AGENT:Ndili ndi katundu wa m'bale wanu kuchokela ku Joni, ndine agent, ndiyimbileni kuti tilumikizane",Chichewa
afroxlmr,chichewa,chi_0516,1,0.012,0.5,Chichewa fraud missed,False,"WESTERN UNION:Mwalandila ndalama ku Western Union, chonde tiyimbileni kuti metenge",Chichewa
afroxlmr,chichewa,chi_0519,1,0.001,0.5,Chichewa fraud missed,False,UK:Mwalandila mphatso kuchoka ku UK. Chonde tiyimbileni kuti muziwe matengedwe ake,Chichewa
afroxlmr,chichewa,chi_0524,0,0.995,0.5,Ambiguous,False,Chonde ndiyimbileni pa <PHONE> .,Chichewa
afroxlmr,chichewa,chi_0527,1,0.176,0.5,Chichewa fraud missed,False,WESTERN UNION:Mwatumizilidwa ndalama ku WEST UNION kuchokela ku UK. Chonde tiyimbileni kuti tilumikizane,Chichewa
afroxlmr,chichewa,chi_0533,1,0.019,0.5,Chichewa fraud missed,False,"MANKHWALA AZISAMBA:Ndife azaumoyo, timathandiza anthu mankhwala azisamba. Chonde timbileni pa namala iyi kuti muthandizidwe",Chichewa
afroxlmr,chichewa,chi_0537,1,0.044,0.5,Chichewa fraud missed,False,MADZI OYERA:Tikugulisa madzi oyera kapena amachiliso. Chonde tiyimbileni pa nambala iyi kuti mutipeze,Chichewa
afroxlmr,chichewa,chi_0539,1,0.011,0.5,Chichewa fraud missed,False,HIV/AIDS:Timapanga mankhwala ochilisa matenda a HIV/AIDS chonde tiyimbileni kuti muziwe zambiri,Chichewa
afroxlmr,chichewa,chi_0543,1,0.003,0.5,Chichewa fraud missed,False,"MRA:Ndife ogwira ntchito ku MRA, mwawina galimoto. Chonde tumizani ndalama ku nambala yomweyi tikutumizileni galimoto iyo",Chichewa
afroxlmr,chichewa,chi_0554,1,0.0,0.5,Chichewa fraud missed,False,ndapatsidwa katundu wa m'bale wanu yemwe ali ku south africa,Chichewa
afroxlmr,chichewa,chi_0555,1,0.001,0.5,Chichewa fraud missed,False,ndanyamula katundu wa bale wanu yemwe ali ku joni,Chichewa
afroxlmr,chichewa,chi_0556,1,0.0,0.5,Chichewa fraud missed,False,ndili ndi katundu wa m'bale wanu waku South Africa. ndiyimbileni phone ku nambala iyi kuti tilumikizane,Chichewa
afroxlmr,chichewa,chi_0557,0,0.999,0.5,Service-like text flagged,False,Tiketi imodzi YAULELE ya <AMOUNT> ikudikila inu <PHONE> .Muthakupata pompo. Tumizani YES ku 1515 kuti mulowe,Chichewa
afroxlmr,chichewa,chi_0562,1,0.011,0.5,Chichewa fraud missed,False,LOTTO:Mwawina mphoto ya LOTTO. Chonde tiyimbilen kuti muziwe katengedwe kake,Chichewa
afroxlmr,chichewa,chi_0567,1,0.001,0.5,Chichewa fraud missed,False,PREMIER BET: mwapata ndalama ku Premier Bet. Chonde tiyimbileni kuti muziwe matengedwe ake,Chichewa
afroxlmr,chichewa,chi_0568,1,0.015,0.5,Chichewa fraud missed,False,PREMIER BET: Tumizani ndalama ku nambala iyi kuti muchulukise mwayiwanu wowina Premier Bet,Chichewa
afroxlmr,chichewa,chi_0573,1,0.007,0.5,Chichewa fraud missed,False,SATANIZIMU: Mukalowa mu mpingu wathu wa satanic muzalandila ndalama za nkhaninkhani,Chichewa
afroxlmr,chichewa,chi_0574,1,0.023,0.5,Chichewa fraud missed,False,SATANIZIMU: Ngati mufuna kulemela lowani satanizimu. Tiyimbileni kuti muziwe ndondomeko yake,Chichewa
afroxlmr,chichewa,chi_0577,1,0.001,0.5,Ambiguous,False,mukuyankhulana ndi agent,Chichewa
afroxlmr,chichewa,chi_0581,1,0.001,0.5,Ambiguous,False,ndapatsidwa katundu wa m'bale wanu,Chichewa
afroxlmr,chichewa,chi_0595,1,0.001,0.5,Ambiguous,False,mwapata mphoto ku premier loto,Chichewa
afroxlmr,chichewa,chi_0597,1,0.001,0.5,Chichewa fraud missed,False,nambala yanu yachita mwayi olandila ndalama zokwana,Chichewa
afroxlmr,chichewa,chi_0598,1,0.0,0.5,Chichewa fraud missed,False,nambala yanu yachita mphumi ku mpikisano wathu,Chichewa
afroxlmr,chichewa,chi_0606,1,0.0,0.5,Chichewa fraud missed,False,ndine agent ndili ndi katundu wa mzanu yemwe ali ku juberg.,Chichewa
afroxlmr,chichewa,chi_0618,1,0.006,0.5,Chichewa fraud missed,True,JB FOUNDATION: mwachita mwayi olandila ndalama ku JB Foundation,Chichewa
afroxlmr,chichewa,chi_0619,1,0.002,0.5,Chichewa fraud missed,True,JB FOUNDATION: nambala yanu yasankhidwa kuti ilandile ndalama za mtukula pakhomo,Chichewa
afroxlmr,chichewa,chi_0620,1,0.001,0.5,Chichewa fraud missed,True,mwasankhidwa kuti mupindule nawo ndi mtukula pakhomo. imbani foni kuti mumve zambiri,Chichewa
afroxlmr,chichewa,chi_0622,0,0.752,0.5,Ambiguous,False,balansi yanu ndi <AMOUNT> .,Chichewa
afroxlmr,chichewa,chi_0623,0,0.999,0.5,Service-like text flagged,False,"mwagula timasuke daily <AMOUNT> , ma SMS 100 ogwiritsa ntchito mpaka <PHONE> :59:20.",Chichewa
afroxlmr,chichewa,chi_0624,1,0.002,0.5,Chichewa fraud missed,False,JONI:Ndanyamula katundu kuchokela ku Joni wa m'bale wanu kuti mutenge mundiyimbile,Chichewa
afroxlmr,chichewa,chi_0626,0,0.995,0.5,Ambiguous,False,Chonde ndiyimbileni pa <PHONE>,Chichewa
afroxlmr,chichewa,chi_0631,1,0.017,0.5,Chichewa fraud missed,False,SATANIZIMU: Mukalowa mu mpingu wathu wa satanizimu muzalandila ndalama za nkhaninkhani,Chichewa
afroxlmr,chichewa,chi_0633,0,0.986,0.5,Service-like text flagged,False,Sanglalani ndikukhala olumikizidwa ndi bandula ya WhatsApp ya TNM ya 1.4 GB ya pa mwezi pa mtengo wa <AMOUNT>,Chichewa
afroxlmr,chichewa,chi_0635,1,0.071,0.5,Chichewa fraud missed,False,SATANIZIMU: Anthu olowa mu mpingo wathu wa SATANIKI adzakhala ndi mwayi wopeza ntchito,Chichewa
afroxlmr,chichewa,chi_0636,1,0.031,0.5,Chichewa fraud missed,False,SATANIZIMU: Lowani mpingo wathu wa SATANIKI kuti muzalandile nawo ndalama za nkhaninkhani,Chichewa
afroxlmr,chichewa,chi_0641,1,0.034,0.5,Chichewa fraud missed,False,GOSHEN CITY: Kuli chimanga chogulisa kuno ku Goshen City. Tumiza ndalama ku nambala iyi kuti mugule mosavuta,Chichewa
afroxlmr,chichewa,chi_0644,0,0.994,0.5,Service-like text flagged,False,Sungani ndalama yosachepela <AMOUNT> ndi Old Mutual Unit Trust pogwirisa ntchito mpamba fesa kuti mulandile chiongola dzanja chochuluka,Chichewa
afroxlmr,chichewa,chi_0656,1,0.0,0.5,Chichewa fraud missed,False,Ine ndi mike phiri driver wa katoto transport ndapatsidwa katundu ku chokela ku South Africa.,Chichewa
afroxlmr,chichewa,chi_0662,1,0.011,0.5,Chichewa fraud missed,False,Ndine transporter Ndili Pa Mwanza Pa Border Ndine Ndanyamula katundu wa mbale wanu uja mumndiyimbire chonde kuti tilumikizane pa number yomweyi.,Chichewa
afroxlmr,chichewa,chi_0663,1,0.001,0.5,Chichewa fraud missed,False,"Hey, ndine agent wa airtel money, ndapatsidwa ndalama ndi able anu kuti ndikutumizileni. Ndiye mupite pa agent wa mpamba or airtel money kuti ndikutumizileni....",Chichewa
afroxlmr,chichewa,chi_0670,0,0.763,0.5,Service-like text flagged,False,Muli ndi 22 minutes 13 seconds woyimbira ku TNM ndi manetiweki ena.7 Recharge Bonus minutes woyimbira manambala a TNM okha.271.32 MB ya intaneti.12.00 Smile Points,Chichewa
afroxlmr,chichewa,chi_0671,0,0.995,0.5,Service-like text flagged,False,"Ngongole yanu ya Pasavute yatheka ndipo mwalandila <AMOUNT> , Bwezani pasanafike pa 31/01/2025.Balansi yanu ndi <AMOUNT> .Zikomo pogwiritsa TNM.",Chichewa
afroxlmr,chichewa,chi_0673,0,0.995,0.5,Service-like text flagged,False,Ngozi siipanganika.Gulani Limodzi Inshuwalansi ya <AMOUNT> pa mwezi kuti musazasowe mtengo ogwira mukachita ngozi polandira ndalama yotha kufika <AMOUNT> . Imbani *211# sankhani 5 kenako 3.,Chichewa
afroxlmr,chichewa,chi_0674,0,0.999,0.5,Telco service text flagged,False,"Mwagula Timasuke Daily <AMOUNT> , ma SMS 100 ogwritsa ntchito mpaka <PHONE> :59. Imbani *137*100# kuti muone otsala",Chichewa
afroxlmr,chichewa,chi_0675,0,0.999,0.5,Telco service text flagged,False,"Mwagula Timasuke Daily <AMOUNT> , ma SMS 100 ogwritsa ntchito mpaka . <PHONE> :59. Imbani *137*100# kuti muone otsala.",Chichewa
afroxlmr,chichewa,chi_0678,0,0.962,0.5,Telco service text flagged,False,Macheza osatha ndi Chezani Daily <AMOUNT> yatsopano. Lumikizanani ndi anzanu a Airtel kwa mphindi 5 zogwira ntchito maola 24. Imbani *301# kuti mugule.,Chichewa
afroxlmr,chichewa,chi_0679,0,0.983,0.5,Telco service text flagged,False,Bandulo ya Chezani Daily ya <AMOUNT> isiya kugwila ntchito kuyambila pa 4 April 2023. Gulani Chezani <AMOUNT> ya maola 24 ya mphindi 5 kuti mupitilize macheza ndi anzanu.,Chichewa
afroxlmr,chichewa,chi_0681,0,1.0,0.5,Telco service text flagged,False,"Trans ID : CO <PHONE> .I89181. You have sent <AMOUNT> to <AMOUNT> ,CHIKONDI MUKHUMBE. Your balance is <AMOUNT>",Chichewa
afroxlmr,chichewa,chi_0683,0,0.986,0.5,Telco service text flagged,False,"Athandizeni abwenzi anu kuti akhale ndi akaunti ya Airtel Money. Chofunika kuchita: agule simu khadi la airtel pa mtengo wa <AMOUNT> . Kulembetsa ndi ulele, koma akuyenera kuyikiza ndalama yoyambira yosachepera <AMOUNT> .",Chichewa
afroxlmr,chichewa,chi_0684,0,0.995,0.5,Telco service text flagged,False,Dziwani kuti mtengo wa simu khadi ya airtel ndi <AMOUNT> . Ndipo tsopano kasitomala azilandira bonasi ya <AMOUNT> akaonjenzera mayunitsi osachepera <AMOUNT> koyamba. Awuzeniko anzanu.,Chichewa
afroxlmr,chichewa,chi_0685,0,0.629,0.5,Telco service text flagged,False,SANGALALANI! mwalandira Khethekhethe 120MB bonasi ya intaneti . Imbani *137# kuti muone balansi.,Chichewa
afroxlmr,chichewa,chi_0686,0,0.749,0.5,Telco service text flagged,False,"Landirani bonasi yofika mpaka 25% mukazigulira mayunitsi a foni yanu ndi Airtel Money. Imbani *211#, sankhani 1 Kugula mayunitsi kenako 1 Ku nambala yanga, Lowetsani ndalama komaliza lowetsani PIN. Imbani *137*1# kuti muone bonasi.",Chichewa
afroxlmr,chichewa,chi_0693,0,0.97,0.5,Telco service text flagged,False,Tetezani geni yanu pamene mwagonekedwa mchipatala kwa masiku osachepera awiri. Gulani Limodzi inshuwalansi ya <AMOUNT> pa mwezi kuti mudzipatsidwa <AMOUNT> mumasiku amene mwagona mchipatala. Imbani *211# sankhani 5 kenako 3.,Chichewa
afroxlmr,chichewa,chi_0694,0,0.979,0.5,Telco service text flagged,False,Tetezani geni yanu pamene mwagonekedwa mchipatala. Gulani Limodzi inshuwalansi ya <AMOUNT> pa mwezi kuti mudzipatsidwa <AMOUNT> pa tsiku pamene mwagonekedwa mchipatala kwa masiku osachepera awiri. Imbani *211# sankhani 5 kenako 3.,Chichewa
afroxlmr,chichewa,chi_0699,0,0.772,0.5,Telco service text flagged,False,"A TNM akhala pa Manje TNM Branch mawa, Lachiwiri pa 09 May, 2023, kuyambira 10:30 mmawa. Uwu ndi mwai kwaonse amene amalakalaka kumalembesa nawo ma SIMCARD a TNM, Achinyamata, amma Shop ndi ma kiosk, chofunika ndikubwera ndi SMARTPHONE. Komaso onse ufuna kukhala Agent wa Mpamba KUMBUKIRANI KUBWERA NDI CHIPHASO CHAUNZIKA CHANU",Chichewa
afroxlmr,chichewa,chi_0701,0,0.885,0.5,Telco service text flagged,False,Zosangalatsa! Yankhulani ndi abale ndi anansi omwe ali pama netiweki ena kwa mphindi 10 pogula bandulo ya chezani ya <AMOUNT> . Imbani *301*2*1*2# kuti mugule,Chichewa
afroxlmr,chichewa,chi_0703,0,0.998,0.5,Telco service text flagged,False,"Wonjezelani ma units a <AMOUNT> pasanathe masiku atatu ndikupata bonasi ya <AMOUNT> yoimbira, SMS ndi intaneti. Imbani *137*21# kuti muwone bonasiyi. Airtel. The Smart",Chichewa
afroxlmr,chichewa,chi_0705,0,0.985,0.5,Telco service text flagged,False,"Sangalalani ndi WhatsApp bandulo ya 600MB ya pa mwezi, yosaboola mthumba yochokela ku TNM pa mtengo wa <AMOUNT> . Imbani *202# kapena gwilitsani TNM Smart App kuti mugule.",Chichewa
afroxlmr,chichewa,chi_0706,0,0.995,0.5,Telco service text flagged,False,Mayunitsi mwaonjezela adulidwa ndikulipila ngongole yanu ya Pasavute ya <AMOUNT> . Zikomo pogwiritsa ntchito TNM,Chichewa
afroxlmr,chichewa,chi_0708,0,0.999,0.5,Telco service text flagged,False,Balansi <AMOUNT> ; Kutapa <AMOUNT> ; PaNet WhatsApp Bundle 650 MB itha pa 19-09-2023; Chezani Daily 200 10.0min itha pa 21-08-2023; Download My Airtel App here <URL> to view all balances,Chichewa
afroxlmr,chichewa,chi_0709,0,0.999,0.5,Telco service text flagged,False,Balansi <AMOUNT> ; Kutapa <AMOUNT> ; PaNet WhatsApp Bundle 470 MB itha pa 19-09-2023; Chezani Daily 200 7.93min itha pa 21-08-2023; Download My Airtel App here <URL> to view all balances,Chichewa
afroxlmr,chichewa,chi_0711,0,0.999,0.5,Telco service text flagged,False,Balansi <AMOUNT> ; Kutapa <AMOUNT> ; PaNet WhatsApp Bundle 388 MB itha pa 19-09-2023; KhetheKhethe Voice balansi 5.00 Min itha pa 21-08-2023; Download My Airtel App here <URL> to view all balances,Chichewa
afroxlmr,chichewa,chi_0712,0,0.999,0.5,Telco service text flagged,False,Balansi <AMOUNT> ; PaNet MoFaya 3 GB itha pa 10-08-2023; Chezani Daily 200 5.85min itha pa 04-08-2023; Download My Airtel App here <URL> to view all balances,Chichewa
afroxlmr,chichewa,chi_0721,0,0.997,0.5,Telco service text flagged,False,"Wonjezelani ma units a <AMOUNT> pasanathe masiku atatu ndikupata bonasi ya <AMOUNT> yoimbira, SMS ndi intaneti. Imbani *137*21# kuti muwone bonasiyi.",Chichewa
afroxlmr,chichewa,chi_0726,0,0.995,0.5,Telco service text flagged,False,Sungani ndalama zosachepera <AMOUNT> ndi kupeza phindu la tsiku ndi tsiku kudzera pa foni yanu ndi Phuka Digital Savings pa Airtel Money. Imbani *211# sankhani 5 kenako 2 kuti mulembetse.,Chichewa
afroxlmr,chichewa,chi_0727,0,0.995,0.5,Telco service text flagged,False,Chulukitsani mawini pa ndalama zanu ndi Phuka Digital Savings posunga ndalama zosachepera <AMOUNT> pa Airtel money. Imbani *211# sankhani 5 kenako 2 kuti mulembetse.,Chichewa
afroxlmr,chichewa,chi_0728,0,0.878,0.5,Telco service text flagged,False,"Kuti mugule mabandulo a Agulu, imbani *202#, sindikizani 2, kenako sankhani bandulo yakumtima kwanu. TNM Netiweki yokhayo ya 5G Mmalawi.",Chichewa
afroxlmr,chichewa,chi_0729,0,0.924,0.5,Telco service text flagged,False,"Lembetsani ku mndandanda wa Mabandulo a Agulu potsindikiza *202#, kenako kusankha 2, kenako 4. TNM Netiweki yokhayo ya 5G Mmalawi.",Chichewa
afroxlmr,chichewa,chi_0732,0,0.999,0.5,Telco service text flagged,False,300MB yaulele ya Instagram and Facebook mukagula bandulo ya Agulu yapa tsiku pamtengo wa <AMOUNT> .TNM Netiweki yokhayo ya 5G Mmalawi.,Chichewa
afroxlmr,test_lookalike_all,bongo_0250,1,0.5,0.5,Other scam missed,False,Нab​arі za asubuhi. Мi​mі mwе​nуe nуu​mba wako h​і1 na​mbа уa​ngu ya Н4lo​tel. Mb​onа kі​myа na siku zinazidi kwenda...?,Attacked test (all words)
afroxlmr,test_lookalike_all,bongo_0380,1,0.119,0.5,Other scam missed,False,Н4b​аri za mchana. Мі​mi mwе​nye nуu​mba wako h​іi nа​mba уa​ngu ya аіr​tеl. Мb​ona ki​myа na siku zinazidi kwenda...?,Attacked test (all words)
afroxlmr,test_lookalike_all,bongo_1185,1,0.427,0.5,Other scam missed,False,Hаb​аrі za mchana. Мі​mі mwe​nуе nуu​mb4 wako h​і1 na​mbа уа​ngu ya vо​da. Мb​оna ki​mуа na siku zin4​zidi kwenda...?,Attacked test (all words)
afroxlmr,test_lookalike_all,bongo_1240,1,0.447,0.5,Other scam missed,False,Hаb​аri za mchana. Мі​mі mwе​nуе nyu​mbа wako h​1i na​mbа уa​ngu ya ti​gо. Mb​оna kі​my4 na siku zіna​z1d1 kwenda...?,Attacked test (all words)
afroxlmr,test_lookalike_all,bongo_1327,1,0.383,0.5,Other scam missed,False,Hab​4rі za asubuhi. Мі​mі mwе​nyе nуu​mbа wako h​iі nа​mbа yа​ngu ya vо​dа. Мb​ona kі​mу4 na siku zіnа​zіdi kwenda...?,Attacked test (all words)
afroxlmr,test_structural_all,bongo_0055,1,0.24,0.5,Other scam missed,False,H-a-b-a-r-i za asubuhi. Mimim-w-e-n-y-e n-y-u-m-b-a wako h i i nambayanguya V o d a c o m . M-b-o-n-a kimyana siku zinazidi kwenda...?,Attacked test (all words)
afroxlmr,test_structural_all,bongo_0112,1,0.176,0.5,Other scam missed,False,H a b a r i za siku. M i m i mwenyen y u m b a wako hiinambay a n g u ya h-a-l-o-t-e-l-. M b o n a k i m y a na siku zinazidi kwenda...?,Attacked test (all words)
afroxlmr,test_structural_all,bongo_0159,1,0.215,0.5,Other scam missed,False,H a b a r i za asubuhi. Mimim w e n y e n-y-u-m-b-a wako h i i n-a-m-b-a y a n g u ya H A L O T E L . M b o n a kimyana siku zinazidi kwenda...?,Attacked test (all words)
afroxlmr,test_structural_all,bongo_0255,1,0.085,0.5,Other scam missed,False,H a b a r i za mchana. M i m i mwenyenyumbawako h i i n a m b a y a n g u ya Tigo.M b o n a kimyana siku z i n a z i d i kwenda...?,Attacked test (all words)
afroxlmr,test_structural_all,bongo_0380,1,0.137,0.5,Other scam missed,False,H-a-b-a-r-i za mchana. M i m i m-w-e-n-y-e n y u m b a wako hiinambay a n g u ya a i r t e l . M b o n a kimyana siku zinazidi kwenda...?,Attacked test (all words)
afroxlmr,test_structural_all,bongo_0724,1,0.348,0.5,Other scam missed,False,H a b a r i za m d a huu. M i m i mwenyen y u m b a wako h i i nambayanguya T i g o . M-b-o-n-a k-i-m-y-a na siku zinazidi kwenda...?,Attacked test (all words)
afroxlmr,test_structural_all,bongo_0770,1,0.051,0.5,Other scam missed,False,H a b a r i za asubuhi. M i m i m w e n y e n y u m b a wako hiin a m b a y-a-n-g-u ya v o d a c o m . Mbonakimyana siku zinazidi kwenda...?,Attacked test (all words)
afroxlmr,test_structural_all,bongo_0778,1,0.209,0.5,Other scam missed,False,H a b a r i za muda. M i m i m w e n y e nyumbawako h i i n-a-m-b-a y a n g u ya V-o-d-a-c-o-m-. Mbonak-i-m-y-a na siku zinazidi kwenda...?,Attacked test (all words)
afroxlmr,test_structural_all,bongo_0855,1,0.273,0.5,Other scam missed,False,Habariza m d a huu. Mimim w e n y e nyumbawako h i i n-a-m-b-a y-a-n-g-u ya H-a-l-o-t-e-l-. M b o n a k i m y a na siku zinazidi kwenda...?,Attacked test (all words)
afroxlmr,test_structural_all,bongo_0917,1,0.291,0.5,Other scam missed,False,H a b a r i za asubuhi. M i m i m w e n y e n y u m b a wako h i i n-a-m-b-a yanguya Tigo.M b o n a k i m y a na siku z i n a z i d i kwenda...?,Attacked test (all words)
afroxlmr,test_structural_all,bongo_1012,1,0.216,0.5,Other scam missed,False,H-a-b-a-r-i za muda. M-i-m-i m-w-e-n-y-e n y u m b a wako h i i n a m b a y-a-n-g-u ya A i r t e l . M b o n a k i m y a na siku zinazidi kwenda...?,Attacked test (all words)
afroxlmr,test_structural_all,bongo_1022,1,0.216,0.5,Other scam missed,False,H a b a r i za mchana. M-i-m-i m-w-e-n-y-e n-y-u-m-b-a wako hiin a m b a y a n g u ya V o d a c o m . M-b-o-n-a k i m y a na siku zinazidi kwenda...?,Attacked test (all words)
afroxlmr,test_structural_all,bongo_1134,1,0.263,0.5,Other scam missed,False,H a b a r i za siku. Mimim-w-e-n-y-e n y u m b a wako h i i n-a-m-b-a y a n g u ya T-I-G-O-. M b o n a kimyana siku zinazidi kwenda...?,Attacked test (all words)
afroxlmr,test_structural_all,bongo_1204,1,0.151,0.5,Other scam missed,False,H-a-b-a-r-i za asubuhi. M i m i m w e n y e n y u m b a wako h-i-i n a m b a y-a-n-g-u ya a i r t e l . M b o n a kimyana siku zinazidi kwenda...?,Attacked test (all words)
afroxlmr,test_structural_all,bongo_1240,1,0.488,0.5,Other scam missed,False,H a b a r i za mchana. Mimim-w-e-n-y-e nyumbawako hiin a m b a y-a-n-g-u ya tigo.Mbonak-i-m-y-a na siku zinazidikwenda...?,Attacked test (all words)
afroxlmr,test_structural_all,bongo_1278,1,0.186,0.5,Other scam missed,False,Habariza muda. Mimim w e n y e n y u m b a wako h i i n-a-m-b-a y a n g u ya t-i-g-o-. M b o n a k i m y a na siku zinazidi kwenda...?,Attacked test (all words)
afroxlmr,test_structural_all,bongo_1327,1,0.363,0.5,Other scam missed,False,H-a-b-a-r-i za asubuhi. M-i-m-i m w e n y e n-y-u-m-b-a wako h-i-i n a m b a yanguya v-o-d-a-. M b o n a kimyana siku z i n a z i d i kwenda...?,Attacked test (all words)
afroxlmr,test_codeswitch_all,bongo_0055,1,0.0,0.5,Impersonation missed,False,Habari za asubuhi. Mimi landlord wako hii number yangu ya Vodacom. Mbona kimya na siku zinazidi kwenda...?,Attacked test (all words)
afroxlmr,test_codeswitch_all,bongo_0112,1,0.0,0.5,Impersonation missed,False,Habari za siku. Mimi landlord wako hii number yangu ya halotel. Mbona kimya na siku zinazidi kwenda...?,Attacked test (all words)
afroxlmr,test_codeswitch_all,bongo_0159,1,0.001,0.5,Impersonation missed,False,Habari za asubuhi. Mimi landlord wako hii number yangu ya HALOTEL. Mbona kimya na siku zinazidi kwenda...?,Attacked test (all words)
afroxlmr,test_codeswitch_all,bongo_0173,1,0.001,0.5,Impersonation missed,False,Habari. Mimi landlord wako hii number yangu ya HALOTEL. Mbona kimya na siku zinazidi kwenda...?,Attacked test (all words)
afroxlmr,test_codeswitch_all,bongo_0250,1,0.0,0.5,Impersonation missed,False,Habari za asubuhi. Mimi landlord wako hii number yangu ya Halotel. Mbona kimya na siku zinazidi kwenda...?,Attacked test (all words)
afroxlmr,test_codeswitch_all,bongo_0255,1,0.0,0.5,Impersonation missed,False,Habari za mchana. Mimi landlord wako hii number yangu ya Tigo. Mbona kimya na siku zinazidi kwenda...?,Attacked test (all words)
afroxlmr,test_codeswitch_all,bongo_0265,1,0.0,0.5,Impersonation missed,False,Habari. Mimi landlord wako hii number yangu ya tigo. Mbona kimya na siku zinazidi kwenda...?,Attacked test (all words)
afroxlmr,test_codeswitch_all,bongo_0356,1,0.0,0.5,Impersonation missed,False,Habari za siku. Mimi landlord wako hii number yangu ya airtel. Mbona kimya na siku zinazidi kwenda...?,Attacked test (all words)
afroxlmr,test_codeswitch_all,bongo_0380,1,0.0,0.5,Impersonation missed,False,Habari za mchana. Mimi landlord wako hii number yangu ya airtel. Mbona kimya na siku zinazidi kwenda...?,Attacked test (all words)
afroxlmr,test_codeswitch_all,bongo_0434,1,0.0,0.5,Impersonation missed,False,Habari za asubuhi. Mimi landlord wako hii number yangu ya VODACOM. Mbona kimya na siku zinazidi kwenda...?,Attacked test (all words)
afroxlmr,test_codeswitch_all,bongo_0565,1,0.0,0.5,Impersonation missed,False,Habari za mda huu. Mimi landlord wako hii number yangu ya Airtel. Mbona kimya na siku zinazidi kwenda...?,Attacked test (all words)
afroxlmr,test_codeswitch_all,bongo_0697,1,0.0,0.5,Impersonation missed,False,Habari za mda huu. Mimi landlord wako hii number yangu ya airtel. Mbona kimya na siku zinazidi kwenda...?,Attacked test (all words)
afroxlmr,test_codeswitch_all,bongo_0706,1,0.0,0.5,Impersonation missed,False,Habari za siku. Mimi landlord wako hii number yangu ya VODACOM. Mbona kimya na siku zinazidi kwenda...?,Attacked test (all words)
afroxlmr,test_codeswitch_all,bongo_0719,1,0.001,0.5,Impersonation missed,False,Habari za mchana. Mimi landlord wako hii number yangu ya HALOTEL. Mbona kimya na siku zinazidi kwenda...?,Attacked test (all words)
afroxlmr,test_codeswitch_all,bongo_0724,1,0.0,0.5,Impersonation missed,False,Habari za mda huu. Mimi landlord wako hii number yangu ya Tigo. Mbona kimya na siku zinazidi kwenda...?,Attacked test (all words)
afroxlmr,test_codeswitch_all,bongo_0749,1,0.001,0.5,Impersonation missed,False,Habari za muda. Mimi landlord wako hii number yangu ya HALOTEL. Mbona kimya na siku zinazidi kwenda...?,Attacked test (all words)
afroxlmr,test_codeswitch_all,bongo_0770,1,0.0,0.5,Impersonation missed,False,Habari za asubuhi. Mimi landlord wako hii number yangu ya vodacom. Mbona kimya na siku zinazidi kwenda...?,Attacked test (all words)
afroxlmr,test_codeswitch_all,bongo_0778,1,0.0,0.5,Impersonation missed,False,Habari za muda. Mimi landlord wako hii number yangu ya Vodacom. Mbona kimya na siku zinazidi kwenda...?,Attacked test (all words)
afroxlmr,test_codeswitch_all,bongo_0806,1,0.0,0.5,Impersonation missed,False,Habari za mda huu. Mimi landlord wako hii number yangu ya TIGO. Mbona kimya na siku zinazidi kwenda...?,Attacked test (all words)
afroxlmr,test_codeswitch_all,bongo_0855,1,0.0,0.5,Impersonation missed,False,Habari za mda huu. Mimi landlord wako hii number yangu ya Halotel. Mbona kimya na siku zinazidi kwenda...?,Attacked test (all words)
afroxlmr,test_codeswitch_all,bongo_0917,1,0.0,0.5,Impersonation missed,False,Habari za asubuhi. Mimi landlord wako hii number yangu ya Tigo. Mbona kimya na siku zinazidi kwenda...?,Attacked test (all words)
afroxlmr,test_codeswitch_all,bongo_1012,1,0.0,0.5,Impersonation missed,False,Habari za muda. Mimi landlord wako hii number yangu ya Airtel. Mbona kimya na siku zinazidi kwenda...?,Attacked test (all words)
afroxlmr,test_codeswitch_all,bongo_1022,1,0.0,0.5,Impersonation missed,False,Habari za mchana. Mimi landlord wako hii number yangu ya Vodacom. Mbona kimya na siku zinazidi kwenda...?,Attacked test (all words)
afroxlmr,test_codeswitch_all,bongo_1127,1,0.0,0.5,Impersonation missed,False,Habari. Mimi landlord wako hii number yangu ya VODACOM. Mbona kimya na siku zinazidi kwenda...?,Attacked test (all words)
afroxlmr,test_codeswitch_all,bongo_1134,1,0.0,0.5,Impersonation missed,False,Habari za siku. Mimi landlord wako hii number yangu ya TIGO. Mbona kimya na siku zinazidi kwenda...?,Attacked test (all words)
afroxlmr,test_codeswitch_all,bongo_1185,1,0.0,0.5,Impersonation missed,False,Habari za mchana. Mimi landlord wako hii number yangu ya voda. Mbona kimya na siku zinazidi kwenda...?,Attacked test (all words)
afroxlmr,test_codeswitch_all,bongo_1195,1,0.0,0.5,Impersonation missed,False,Habari za mda huu. Mimi landlord wako hii number yangu ya vodacom. Mbona kimya na siku zinazidi kwenda...?,Attacked test (all words)
afroxlmr,test_codeswitch_all,bongo_1204,1,0.0,0.5,Impersonation missed,False,Habari za asubuhi. Mimi landlord wako hii number yangu ya airtel. Mbona kimya na siku zinazidi kwenda...?,Attacked test (all words)
afroxlmr,test_codeswitch_all,bongo_1240,1,0.0,0.5,Impersonation missed,False,Habari za mchana. Mimi landlord wako hii number yangu ya tigo. Mbona kimya na siku zinazidi kwenda...?,Attacked test (all words)
afroxlmr,test_codeswitch_all,bongo_1278,1,0.0,0.5,Impersonation missed,False,Habari za muda. Mimi landlord wako hii number yangu ya tigo. Mbona kimya na siku zinazidi kwenda...?,Attacked test (all words)
afroxlmr,test_codeswitch_all,bongo_1327,1,0.0,0.5,Impersonation missed,False,Habari za asubuhi. Mimi landlord wako hii number yangu ya voda. Mbona kimya na siku zinazidi kwenda...?,Attacked test (all words)
